GraphSize,CVcalc,AvgOptsPerMin
r1.5k18n12,1500,145.6656552333401
r1.5k24n16,1500,353.52293804536566
r1.5k30n20,1500,288.18718703184953
r1.5k36n24,1500,161.5239763881452
r1.5k24n16,2750,6.65872837871743
