GraphSize,CVcalc,AvgOptsPerMin
r1.5k24n16,1500,234.35637013028753
r1.5k36n24,1500,157.59469459234063
r1.5k30n20,1750,189.59288842743823
