GraphSize,CVcalc,AvgOptsPerMin
r1.5k24n16,2500,355.8303726944748
r1.5k24n16,8250,5.585361110611991
r1.5k30n20,2750,170.44201168063984
r1.5k30n20,16125,0.9978031454938681
r1.5k42n28,8250,22.403513502211045
r1.5k18n12,5437,1.0991706440288498
r1.5k36n24,16125,6.410479351208127
