GraphSize,CVcalc,AvgOptsPerMin
r1.5k18n12,1234,231.3816507785591
r1.5k24n16,2202,24.687961855854432
r1.5k18n12,2197,17.123332128269336
r1.5k30n20,2960,7.0818131297038995
r1.5k24n16,2837,3.0064065961957027
r1.5k18n12,1814,48.07843124693812
r1.5k24n16,2124,33.158251136409476
r1.5k30n20,2160,67.05046135263295
r1.5k30n20,1095,422.45582644447904
r1.5k36n24,1963,137.86892021378347
r1.5k36n24,2313,60.68191775459931
r1.5k42n28,1296,120.69833942092008
r1.5k42n28,1633,102.3574256384101
