Index,File,CVcalc,OptTime,CrFinal,Cr1,T1,Cr2,T2...
0,random graphs/triangle/r1.5k30n20/graph0.lgbin,3000,55.69505214691162,2257,3838,0,3680,4.178371429443359,3539,14.063332796096802,3404,15.41052794456482,3404,22.76065182685852,3260,23.380183696746826,3252,29.69201159477234,3173,31.287320137023926,3052,32.91506791114807,2893,34.36436653137207,2826,34.973986864089966,2730,43.86848974227905,2693,44.52207708358765,2622,45.20899677276611,2562,45.83042502403259,2536,47.17402195930481,2487,47.80661487579346,2435,49.20597434043884,2420,49.805100440979004,2409,50.50455069541931,2370,51.159666538238525,2344,51.880287170410156,2306,52.60940647125244,2298,53.26677894592285,2266,53.989349126815796,2257,60.22676730155945
1,random graphs/triangle/r1.5k30n20/graph1.lgbin,3000,59.67274069786072,3111,3435,0,3327,1.192199468612671,3196,20.498167037963867,3111,60.23128533363342
