Index,File,CVcalc,OptTime,CrFinal,Cr1,T1,Cr2,T2...
0,random graphs/triangle/r1.5k24n16/graph0.lgbin,2430,59.40465044975281,1309,1739,0,1627,47.028090476989746,1605,49.63282871246338,1494,50.658365964889526,1425,51.55780076980591,1417,54.27368974685669,1325,55.58361268043518,1309,60.131685733795166
1,random graphs/triangle/r1.5k24n16/graph1.lgbin,2430,50.89647555351257,712,1622,0,1524,0.4629855155944824,1425,6.122198820114136,1319,7.08319091796875,1234,7.9167633056640625,1209,8.915379285812378,1182,14.443536043167114,1138,15.299583673477173,1082,16.60671067237854,1077,17.010605096817017,1000,18.170557498931885,961,18.561755895614624,952,19.6227285861969,924,20.086085557937622,871,20.441290378570557,851,20.819172143936157,848,21.157753944396973,843,21.787302017211914,838,22.160715579986572,828,24.070322513580322,827,24.501421213150024,824,25.1450936794281,824,25.510684490203857,822,26.64590573310852,816,27.545004844665527,815,27.88394069671631,812,28.73575234413147,812,30.110583543777466,807,30.461345195770264,806,30.823608875274658,806,31.65517520904541,806,31.930895805358887,806,32.32087826728821,806,32.58919835090637,805,32.9348349571228,803,33.36645030975342,802,33.63862490653992,802,33.9733247756958,778,34.321064472198486,778,34.618942737579346,765,34.97312116622925,765,35.25151824951172,761,35.561302185058594,752,35.88824915885925,745,36.22468185424805,742,36.556230783462524,742,36.82363677024841,740,37.539509534835815,728,37.834964752197266,725,38.158567667007446,725,38.43928623199463,725,38.745338678359985,723,39.04031419754028,722,40.07082223892212,716,40.38890767097473,716,40.68844127655029,716,41.56258988380432,716,42.42711591720581,714,42.76915383338928,712,43.080650806427,712,43.332982778549194,712,43.6094856262207,712,43.89335107803345,712,44.197375535964966,712,44.47314381599426,712,44.75144577026367,712,45.02057409286499,712,45.90719556808472,712,46.2466881275177,712,46.50716733932495,712,47.34568428993225,712,47.616010665893555,712,47.89286208152771,712,48.608906269073486,712,48.858498334884644,712,49.133471965789795,712,49.42777681350708,712,49.70012164115906,712,50.02166700363159,712,50.31558656692505,712,51.20095944404602,712,52.09425640106201,712,52.3606493473053,712,52.62226128578186,712,52.890098094940186,712,53.18450403213501,712,53.48634648323059,712,57.49486303329468,712,58.28684329986572,712,58.584065437316895,712,58.89025354385376,712,59.70936942100525,712,59.97876739501953,712,60.105334758758545
