Index,File,CVcalc,OptTime,CrFinal,Cr1,T1,Cr2,T2...
0,random graphs/ratio_d3/r1.5k18n12/graph0.lgbin,2909,299.52505826950073,237,502,0,361,16.54778242111206,242,53.312952756881714,237,62.51825666427612,237,95.90384197235107,237,105.5649106502533,237,114.70996379852295,237,129.68307733535767,237,163.1841049194336,237,188.56378388404846,237,203.09984827041626,237,212.27838397026062,237,245.7799711227417,237,254.9565989971161,237,269.56990361213684,237,300.0499391555786
1,random graphs/ratio_d3/r1.5k18n12/graph1.lgbin,2909,299.58087062835693,233,483,0,383,31.31357431411743,255,104.8669421672821,233,114.50223755836487,233,140.74812150001526,233,159.7309913635254,233,164.39649891853333,233,179.16497564315796,233,211.4573676586151,233,230.4230351448059,233,262.7526021003723,233,277.5075798034668,233,280.3408558368683,233,300.0507650375366
2,random graphs/ratio_d3/r1.5k18n12/graph2.lgbin,2909,299.29445219039917,205,503,0,346,35.76608157157898,212,38.15782690048218,205,41.09025502204895,205,42.99041032791138,205,80.23525166511536,205,83.21508145332336,205,85.12138748168945,205,122.53654050827026,205,126.03487825393677,205,127.92198657989502,205,165.18175983428955,205,168.75872325897217,205,171.73559165000916,205,209.24007987976074,205,211.17947936058044,205,245.51417660713196,205,247.79359889030457,205,249.7299361228943,205,287.21323823928833,205,289.12781977653503,205,292.73092555999756,205,300.0406994819641
3,random graphs/ratio_d3/r1.5k18n12/graph3.lgbin,2909,299.43061923980713,248,519,0,382,9.508334875106812,290,59.37441110610962,265,91.5374984741211,251,106.33639359474182,248,117.72104692459106,248,142.77898120880127,248,157.2508761882782,248,164.70130944252014,248,178.98087811470032,248,203.87975239753723,248,211.3945791721344,248,218.99711728096008,248,233.5367078781128,248,241.16810369491577,248,255.75908255577087,248,281.02071380615234,248,288.66335463523865,248,300.06127643585205
4,random graphs/ratio_d3/r1.5k18n12/graph4.lgbin,2909,299.8511884212494,212,489,0,353,28.745867013931274,259,56.61796975135803,242,157.87475872039795,212,166.74487900733948,212,174.719628572464,212,237.27392029762268,212,242.07954835891724,212,249.95705580711365,212,300.176696062088
