Index,Data,combo_idx,Nodes,Edges,TotalNodes,TotalEdges,ObjVal,Crossings,EdgeLength,Runtime,Status
1,graficon13nodi/grafo2567.13,12,13,13,13,13,0.0,0,6,0.005018472671508789,2
2,graficon11nodi/grafo685.11,12,11,11,13,13,0.0,0,14,0.0045528411865234375,2
3,graficon10nodi/grafo2511.10,12,10,10,12,12,0.0,0,6,0.0023605823516845703,2
4,graficon12nodi/grafo957.12,12,12,11,13,12,0.0,0,10,0.002554655075073242,2
5,graficon14nodi/grafo769.14,12,14,13,14,13,0.0,0,10,0.0025136470794677734,2
6,graficon10nodi/grafo1070.10,12,10,10,12,12,0.0,0,6,0.0016367435455322266,2
7,graficon10nodi/grafo473.10,12,10,10,12,12,0.0,0,6,0.001283407211303711,2
8,graficon14nodi/grafo371.14,12,14,13,14,13,0.0,0,6,0.003123044967651367,2
9,graficon12nodi/grafo906.12,12,12,11,12,11,0.0,0,3,0.0015077590942382812,2
10,graficon11nodi/grafo927.11,12,11,10,11,10,0.0,0,6,0.0016636848449707031,2
11,graficon10nodi/grafo758.10,12,10,10,12,12,0.0,0,6,0.0046994686126708984,2
12,graficon12nodi/grafo122.12,12,12,11,12,11,0.0,0,5,0.0012459754943847656,2
13,graficon12nodi/grafo1843.12,12,12,15,14,17,1.0,2,14,0.005565166473388672,2
14,graficon10nodi/grafo898.10,12,10,9,10,9,0.0,0,2,0.0016179084777832031,2
15,graficon11nodi/grafo2433.11,12,11,11,13,13,0.0,0,3,0.0022258758544921875,2
16,graficon11nodi/grafo749.11,12,11,10,13,12,0.0,0,5,0.0023131370544433594,2
17,graficon10nodi/grafo961.10,12,10,10,12,12,0.0,0,6,0.0016112327575683594,2
18,graficon10nodi/grafo1857.10,12,10,12,12,14,0.0,0,10,0.002517223358154297,2
19,graficon11nodi/grafo1004.11,12,11,12,12,13,0.0,0,15,0.0032465457916259766,2
20,graficon11nodi/grafo675.11,12,11,11,13,13,0.0,0,4,0.0022568702697753906,2
21,graficon10nodi/grafo633.10,12,10,9,10,9,0.0,0,2,0.0012805461883544922,2
22,graficon13nodi/grafo2908.13,12,13,12,13,12,0.0,0,8,0.0016021728515625,2
23,graficon11nodi/grafo441.11,12,11,11,13,13,0.0,0,14,0.0036003589630126953,2
24,graficon11nodi/grafo2812.11,12,11,11,13,13,0.0,0,3,0.0020024776458740234,2
25,graficon10nodi/grafo881.10,12,10,9,10,9,0.0,0,2,0.0015330314636230469,2
26,graficon10nodi/grafo455.10,12,10,10,13,13,0.0,0,4,0.0020453929901123047,2
27,graficon12nodi/grafo933.12,12,12,11,12,11,0.0,0,5,0.0012271404266357422,2
28,graficon12nodi/grafo256.12,12,12,11,12,11,0.0,0,2,0.0011026859283447266,2
29,graficon10nodi/grafo1098.10,12,10,9,10,9,0.0,0,2,0.0010428428649902344,2
30,graficon11nodi/grafo246.11,12,11,10,11,10,0.0,0,3,0.0016627311706542969,2
31,graficon12nodi/grafo2668.12,12,12,13,14,15,1.0,1,7,0.0027136802673339844,2
32,graficon12nodi/grafo667.12,12,12,12,13,13,0.0,0,15,0.003007173538208008,2
33,graficon12nodi/grafo986.12,12,12,11,12,11,0.0,0,5,0.0008933544158935547,2
34,graficon10nodi/grafo782.10,12,10,9,10,9,0.0,0,2,0.0015807151794433594,2
35,graficon12nodi/grafo756.12,12,12,11,12,11,0.0,0,3,0.0013628005981445312,2
36,graficon11nodi/grafo1629.11,12,11,11,14,14,0.0,0,10,0.0017094612121582031,2
37,graficon12nodi/grafo888.12,12,12,13,14,15,0.0,0,17,0.004822254180908203,2
38,graficon11nodi/grafo1162.11,12,11,11,12,12,0.0,0,6,0.0014407634735107422,2
39,graficon11nodi/grafo3101.11,12,11,11,13,13,0.0,0,3,0.0021543502807617188,2
40,graficon10nodi/grafo910.10,12,10,9,10,9,0.0,0,2,0.0011272430419921875,2
41,graficon13nodi/grafo514.13,12,13,12,13,12,0.0,0,4,0.0015659332275390625,2
42,graficon10nodi/grafo718.10,12,10,10,12,12,0.0,0,6,0.0019156932830810547,2
43,graficon10nodi/grafo1123.10,12,10,10,12,12,0.0,0,6,0.0021893978118896484,2
44,graficon10nodi/grafo474.10,12,10,10,12,12,0.0,0,6,0.0019257068634033203,2
45,graficon14nodi/grafo272.14,12,14,13,14,13,0.0,0,9,0.002871274948120117,2
46,graficon11nodi/grafo1084.11,12,11,10,11,10,0.0,0,2,0.001543283462524414,2
47,graficon11nodi/grafo2971.11,12,11,11,13,13,0.0,0,3,0.0020732879638671875,2
48,graficon11nodi/grafo313.11,12,11,10,13,12,0.0,0,12,0.0029325485229492188,2
49,graficon11nodi/grafo532.11,12,11,11,13,13,0.0,0,9,0.002771139144897461,2
50,graficon11nodi/grafo857.11,12,11,11,12,12,0.0,0,12,0.004056215286254883,2
51,graficon10nodi/grafo978.10,12,10,10,12,12,0.0,0,6,0.0016145706176757812,2
52,graficon13nodi/grafo1067.13,12,13,13,13,13,0.0,0,6,0.0029587745666503906,2
53,graficon12nodi/grafo2949.12,12,12,11,12,11,0.0,0,4,0.0012335777282714844,2
54,graficon10nodi/grafo962.10,12,10,10,12,12,0.0,0,6,0.0017199516296386719,2
55,graficon10nodi/grafo460.10,12,10,9,10,9,0.0,0,2,0.0013096332550048828,2
56,graficon11nodi/grafo3073.11,12,11,11,13,13,0.0,0,3,0.0018401145935058594,2
57,graficon11nodi/grafo316.11,12,11,13,14,16,0.0,0,22,0.004724979400634766,2
58,graficon13nodi/grafo2415.13,12,13,13,14,14,0.0,0,5,0.0020110607147216797,2
59,graficon12nodi/grafo861.12,12,12,12,14,14,0.0,0,21,0.005133867263793945,2
60,graficon11nodi/grafo612.11,12,11,11,13,13,0.0,0,7,0.0015332698822021484,2
61,graficon10nodi/grafo513.10,12,10,10,12,12,0.0,0,6,0.0019087791442871094,2
62,graficon12nodi/grafo352.12,12,12,12,14,14,1.0,1,5,0.003225088119506836,2
63,graficon11nodi/grafo3113.11,12,11,11,13,13,0.0,0,3,0.0021066665649414062,2
64,graficon12nodi/grafo2651.12,12,12,13,12,13,1.0,2,13,0.004365682601928711,2
65,graficon13nodi/grafo2595.13,12,13,12,13,12,0.0,0,5,0.0026373863220214844,2
66,graficon14nodi/grafo345.14,12,14,13,14,13,0.0,0,9,0.002523183822631836,2
67,graficon10nodi/grafo209.10,12,10,10,12,12,0.0,0,6,0.0015211105346679688,2
68,graficon11nodi/grafo1005.11,12,11,11,12,12,0.0,0,9,0.0017576217651367188,2
69,graficon10nodi/grafo1032.10,12,10,9,10,9,0.0,0,2,0.0010495185852050781,2
70,graficon10nodi/grafo210.10,12,10,10,12,12,0.0,0,6,0.0019927024841308594,2
71,graficon11nodi/grafo759.11,12,11,12,12,13,1.0,1,8,0.00393986701965332,2
72,graficon10nodi/grafo265.10,12,10,12,12,14,1.0,1,16,0.0034329891204833984,2
73,graficon12nodi/grafo2439.12,12,12,12,13,13,0.0,0,10,0.0021567344665527344,2
74,graficon11nodi/grafo748.11,12,11,11,13,13,0.0,0,8,0.0021445751190185547,2
75,graficon11nodi/grafo2714.11,12,11,11,13,13,0.0,0,5,0.002073526382446289,2
76,graficon15nodi/grafo886.15,12,15,15,18,18,0.0,0,19,0.006515026092529297,2
77,graficon12nodi/grafo2359.12,12,12,17,16,21,2.0,3,64,0.018758058547973633,2
78,graficon17nodi/grafo565.17,12,17,17,19,19,0.0,0,7,0.0018818378448486328,2
79,graficon14nodi/grafo642.14,12,14,15,16,17,1.0,1,14,0.005857944488525391,2
80,graficon15nodi/grafo2783.15,12,15,17,19,21,1.0,1,21,0.007393836975097656,2
81,graficon12nodi/grafo2707.12,12,12,14,16,18,1.0,1,10,0.00632166862487793,2
82,graficon16nodi/grafo2861.16,12,16,15,18,17,1.0,1,22,0.011158466339111328,2
83,graficon16nodi/grafo853.16,12,16,16,16,16,0.0,0,11,0.0037429332733154297,2
84,graficon17nodi/grafo1122.17,12,17,17,19,19,0.0,0,7,0.0019676685333251953,2
85,graficon11nodi/grafo2384.11,12,11,12,15,16,0.0,0,9,0.0018618106842041016,2
86,graficon15nodi/grafo1618.15,12,15,16,19,20,0.0,0,29,0.009668588638305664,2
87,graficon13nodi/grafo325.13,12,13,14,15,16,1.0,1,11,0.003696441650390625,2
88,graficon17nodi/grafo1161.17,12,17,18,19,20,0.0,0,23,0.0044596195220947266,2
89,graficon13nodi/grafo510.13,12,13,16,18,21,1.0,1,21,0.012315511703491211,2
90,graficon14nodi/grafo367.14,12,14,14,15,15,0.0,0,11,0.0051000118255615234,2
91,graficon13nodi/grafo477.13,12,13,13,15,15,0.0,0,4,0.0021872520446777344,2
92,graficon13nodi/grafo951.13,12,13,17,19,23,0.0,0,45,0.009771108627319336,2
93,graficon11nodi/grafo1734.11,12,11,14,17,20,1.0,1,34,0.005965709686279297,2
94,graficon15nodi/grafo2797.15,12,15,17,15,17,1.0,1,19,0.0050351619720458984,2
95,graficon12nodi/grafo2335.12,12,12,14,19,21,0.0,0,14,0.0045948028564453125,2
96,graficon10nodi/grafo1740.10,12,10,13,17,20,1.0,1,36,0.011009454727172852,2
97,graficon13nodi/grafo1853.13,12,13,15,17,19,2.0,3,46,0.0358576774597168,2
98,graficon16nodi/grafo2142.16,12,16,16,17,17,0.0,0,14,0.004193544387817383,2
99,graficon14nodi/grafo956.14,12,14,15,15,16,1.0,1,12,0.007546424865722656,2
100,graficon15nodi/grafo585.15,12,15,16,19,20,0.0,0,31,0.007920265197753906,2
101,graficon14nodi/grafo2291.14,12,14,14,16,16,1.0,1,24,0.008713245391845703,2
102,graficon14nodi/grafo1658.14,12,14,15,19,20,0.0,0,16,0.004465341567993164,2
103,graficon13nodi/grafo559.13,12,13,15,19,21,0.0,0,17,0.003118753433227539,2
104,graficon15nodi/grafo2377.15,12,15,15,16,16,0.0,0,11,0.002618551254272461,2
105,graficon14nodi/grafo2189.14,12,14,16,17,19,1.0,1,26,0.00822901725769043,2
106,graficon16nodi/grafo322.16,12,16,15,17,16,0.0,0,9,0.00525975227355957,2
107,graficon14nodi/grafo2460.14,12,14,14,15,15,0.0,0,9,0.0047855377197265625,2
108,graficon16nodi/grafo1177.16,12,16,15,17,16,0.0,0,15,0.003719806671142578,2
109,graficon13nodi/grafo203.13,12,13,14,15,16,1.0,1,9,0.006839275360107422,2
110,graficon13nodi/grafo387.13,12,13,15,19,21,1.0,1,20,0.0093841552734375,2
111,graficon15nodi/grafo1107.15,12,15,19,19,23,0.0,0,28,0.008481740951538086,2
112,graficon12nodi/grafo576.12,12,12,14,17,19,0.0,0,9,0.0017342567443847656,2
113,graficon12nodi/grafo542.12,12,12,14,17,19,0.0,0,14,0.0029096603393554688,2
114,graficon10nodi/grafo1898.10,12,10,15,16,21,1.0,1,34,0.008567571640014648,2
115,graficon12nodi/grafo543.12,12,12,12,15,15,1.0,1,8,0.0055065155029296875,2
116,graficon14nodi/grafo843.14,12,14,14,15,15,0.0,0,24,0.0052149295806884766,2
117,graficon14nodi/grafo1620.14,12,14,15,17,18,0.0,0,16,0.0033617019653320312,2
118,graficon14nodi/grafo255.14,12,14,16,16,18,2.0,2,35,0.012695789337158203,2
119,graficon14nodi/grafo899.14,12,14,15,15,16,1.0,1,28,0.009566545486450195,2
120,graficon17nodi/grafo422.17,12,17,17,18,18,0.0,0,29,0.00971841812133789,2
121,graficon13nodi/grafo440.13,12,13,14,18,19,0.0,0,18,0.004224300384521484,2
122,graficon11nodi/grafo280.11,12,11,12,15,16,0.0,0,21,0.003818035125732422,2
123,graficon15nodi/grafo2331.15,12,15,17,17,19,0.0,0,19,0.003902435302734375,2
124,graficon11nodi/grafo1006.11,12,11,12,15,16,0.0,0,8,0.0028564929962158203,2
125,graficon13nodi/grafo2218.13,12,13,13,16,16,1.0,1,13,0.005648612976074219,2
126,graficon14nodi/grafo3087.14,12,14,14,16,16,0.0,0,13,0.006453990936279297,2
127,graficon16nodi/grafo1069.16,12,16,15,17,16,0.0,0,14,0.002688884735107422,2
128,graficon14nodi/grafo524.14,12,14,15,15,16,0.0,0,13,0.003920555114746094,2
129,graficon11nodi/grafo1913.11,12,11,14,15,18,0.0,0,15,0.004918098449707031,2
130,graficon14nodi/grafo2919.14,12,14,15,17,18,0.0,0,18,0.0040280818939208984,2
131,graficon16nodi/grafo418.16,12,16,18,19,21,0.0,0,34,0.008759260177612305,2
132,graficon13nodi/grafo1935.13,12,13,18,17,22,1.0,1,30,0.008455038070678711,2
133,graficon17nodi/grafo774.17,12,17,18,19,20,1.0,2,51,0.03779959678649902,2
134,graficon16nodi/grafo1029.16,12,16,16,18,18,0.0,0,8,0.0022535324096679688,2
135,graficon12nodi/grafo2663.12,12,12,13,15,16,0.0,0,11,0.0029578208923339844,2
136,graficon14nodi/grafo2634.14,12,14,13,15,14,0.0,0,12,0.003222227096557617,2
137,graficon12nodi/grafo2380.12,12,12,12,16,16,0.0,0,9,0.0042498111724853516,2
138,graficon17nodi/grafo2146.17,12,17,17,19,19,0.0,0,17,0.003583669662475586,2
139,graficon14nodi/grafo2900.14,12,14,14,18,18,0.0,0,10,0.0040628910064697266,2
140,graficon13nodi/grafo430.13,12,13,14,16,17,0.0,0,10,0.003039121627807617,2
141,graficon10nodi/grafo938.10,12,10,14,19,23,1.0,3,57,0.01996898651123047,2
142,graficon14nodi/grafo1063.14,12,14,15,18,19,0.0,0,11,0.002541780471801758,2
143,graficon11nodi/grafo2964.11,12,11,12,19,20,0.0,0,12,0.002842426300048828,2
144,graficon13nodi/grafo989.13,12,13,14,18,19,0.0,0,12,0.0036623477935791016,2
145,graficon11nodi/grafo822.11,12,11,13,18,20,1.0,1,13,0.00441288948059082,2
146,graficon10nodi/grafo1774.10,12,10,15,16,21,1.0,1,34,0.009256124496459961,2
147,graficon11nodi/grafo900.11,12,11,13,18,20,0.0,0,9,0.0030922889709472656,2
148,graficon13nodi/grafo2927.13,12,13,14,19,20,1.0,1,23,1.142096996307373,2
149,graficon13nodi/grafo2354.13,12,13,16,19,22,1.0,1,25,0.010482549667358398,2
150,graficon13nodi/grafo791.13,12,13,15,19,21,1.0,1,16,0.009947538375854492,2
151,graficon16nodi/grafo1945.16,12,16,17,23,24,2.0,2,38,0.06389188766479492,2
152,graficon17nodi/grafo2644.17,12,17,19,23,25,0.0,0,21,0.007103919982910156,2
153,graficon17nodi/grafo2882.17,12,17,18,24,25,0.0,0,27,0.0076427459716796875,2
154,graficon19nodi/grafo794.19,12,19,21,22,24,1.0,1,23,0.00839686393737793,2
155,graficon14nodi/grafo489.14,12,14,15,22,23,1.0,1,16,0.006650209426879883,2
156,graficon18nodi/grafo1865.18,12,18,20,23,25,0.0,0,30,0.010306358337402344,2
157,graficon15nodi/grafo1970.15,12,15,17,22,24,0.0,0,18,0.003976345062255859,2
158,graficon14nodi/grafo2419.14,12,14,17,24,27,1.0,1,25,0.013198137283325195,2
159,graficon12nodi/grafo2855.12,12,12,17,24,29,1.0,1,21,0.009380578994750977,2
160,graficon13nodi/grafo1729.13,12,13,19,22,28,2.0,5,79,0.05721735954284668,2
161,graficon13nodi/grafo2832.13,12,13,14,23,24,0.0,0,20,0.006104707717895508,2
162,graficon18nodi/grafo1893.18,12,18,18,21,21,0.0,0,15,0.004181861877441406,2
163,graficon18nodi/grafo1059.18,12,18,18,22,22,0.0,0,10,0.0023298263549804688,2
164,graficon12nodi/grafo2890.12,12,12,14,20,22,0.0,0,18,0.00545501708984375,2
165,graficon16nodi/grafo2231.16,12,16,20,22,26,1.0,1,30,0.009806632995605469,2
166,graficon20nodi/grafo2767.20,12,20,22,24,26,1.0,1,33,0.012343883514404297,2
167,graficon20nodi/grafo3051.20,12,20,23,24,27,0.0,0,21,0.005143165588378906,2
168,graficon12nodi/grafo638.12,12,12,17,22,27,0.0,0,31,0.0066394805908203125,2
169,graficon15nodi/grafo2233.15,12,15,20,23,28,0.0,0,42,0.012645483016967773,2
170,graficon16nodi/grafo275.16,12,16,18,24,26,1.0,1,27,0.00900721549987793,2
171,graficon22nodi/grafo2137.22,12,22,21,24,23,0.0,0,29,0.004838228225708008,2
172,graficon18nodi/grafo314.18,12,18,18,22,22,0.0,0,10,0.0027854442596435547,2
173,graficon15nodi/grafo2225.15,12,15,18,23,26,0.0,0,16,0.004726886749267578,2
174,graficon11nodi/grafo1876.11,12,11,19,24,32,3.0,6,43,0.1271357536315918,2
175,graficon13nodi/grafo891.13,12,13,13,20,20,0.0,0,14,0.00419926643371582,2
176,graficon12nodi/grafo2675.12,12,12,14,20,22,0.0,0,18,0.005418300628662109,2
177,graficon11nodi/grafo1835.11,12,11,15,21,25,0.0,0,18,0.005622148513793945,2
178,graficon23nodi/grafo2357.23,12,23,22,24,23,0.0,0,38,0.011889219284057617,2
179,graficon15nodi/grafo1982.15,12,15,17,24,26,1.0,1,34,0.010854482650756836,2
180,graficon14nodi/grafo378.14,12,14,17,22,25,0.0,0,43,0.011507034301757812,2
181,graficon17nodi/grafo2324.17,12,17,21,23,27,1.0,2,27,0.00879812240600586,2
182,graficon13nodi/grafo964.13,12,13,16,23,26,0.0,0,27,0.007881402969360352,2
183,graficon19nodi/grafo423.19,12,19,21,23,25,0.0,0,29,0.008921384811401367,2
184,graficon13nodi/grafo2204.13,12,13,13,20,20,0.0,0,14,0.005990505218505859,2
185,graficon13nodi/grafo443.13,12,13,15,20,22,1.0,2,15,0.02907276153564453,2
186,graficon20nodi/grafo215.20,12,20,22,24,26,1.0,1,33,0.011423110961914062,2
187,graficon14nodi/grafo1662.14,12,14,20,24,30,1.0,2,41,0.16792702674865723,2
188,graficon20nodi/grafo495.20,12,20,20,24,24,0.0,0,11,0.0027222633361816406,2
189,graficon16nodi/grafo2281.16,12,16,21,24,29,1.0,1,53,0.016047954559326172,2
190,graficon11nodi/grafo1054.11,12,11,15,23,27,0.0,0,42,0.009821414947509766,2
191,graficon16nodi/grafo661.16,12,16,17,21,22,1.0,1,11,0.008663415908813477,2
192,graficon12nodi/grafo844.12,12,12,18,20,26,1.0,2,40,0.01420283317565918,2
193,graficon19nodi/grafo1661.19,12,19,21,21,23,1.0,2,17,0.013247489929199219,2
194,graficon18nodi/grafo2186.18,12,18,23,23,28,3.0,3,22,0.009777545928955078,2
195,graficon12nodi/grafo2867.12,12,12,16,22,26,0.0,0,38,0.008089303970336914,2
196,graficon15nodi/grafo1136.15,12,15,17,24,26,0.0,0,19,0.005834817886352539,2
197,graficon20nodi/grafo1651.20,12,20,21,23,24,1.0,1,61,0.01871943473815918,2
198,graficon15nodi/grafo2157.15,12,15,15,20,20,0.0,0,13,0.0035254955291748047,2
199,graficon17nodi/grafo1634.17,12,17,18,20,21,1.0,1,49,0.02151036262512207,2
200,graficon16nodi/grafo2440.16,12,16,20,22,26,3.0,4,27,0.0979299545288086,2
201,graficon18nodi/grafo953.18,12,18,18,22,22,0.0,0,10,0.002449512481689453,2
202,graficon23nodi/grafo1485.23,12,23,22,23,22,0.0,0,21,0.007014274597167969,2
203,graficon13nodi/grafo2620.13,12,13,16,20,23,0.0,0,19,0.006450176239013672,2
204,graficon17nodi/grafo2680.17,12,17,22,22,27,2.0,2,58,0.04459571838378906,2
205,graficon20nodi/grafo1649.20,12,20,22,24,26,2.0,2,45,0.07160449028015137,2
206,graficon19nodi/grafo1897.19,12,19,20,24,25,0.0,0,65,0.016015052795410156,2
207,graficon13nodi/grafo2645.13,12,13,17,23,27,0.0,0,28,0.008682489395141602,2
208,graficon18nodi/grafo2480.18,12,18,21,22,25,0.0,0,41,0.010496139526367188,2
209,graficon13nodi/grafo2298.13,12,13,14,21,22,0.0,0,14,0.004014492034912109,2
210,graficon15nodi/grafo739.15,12,15,18,23,26,0.0,0,34,0.010535478591918945,2
211,graficon17nodi/grafo2679.17,12,17,19,21,23,1.0,1,24,0.010497570037841797,2
212,graficon14nodi/grafo2430.14,12,14,15,21,22,0.0,0,14,0.004460573196411133,2
213,graficon15nodi/grafo582.15,12,15,16,22,23,0.0,0,14,0.005022287368774414,2
214,graficon11nodi/grafo1619.11,12,11,15,21,25,1.0,3,28,0.04738974571228027,2
215,graficon15nodi/grafo1124.15,12,15,16,23,24,0.0,0,20,0.0072286128997802734,2
216,graficon12nodi/grafo1763.12,12,12,21,22,31,1.0,2,63,0.01905035972595215,2
217,graficon17nodi/grafo1094.17,12,17,19,21,23,0.0,0,14,0.004694700241088867,2
218,graficon15nodi/grafo2903.15,12,15,16,20,21,1.0,1,21,0.008052587509155273,2
219,graficon11nodi/grafo1088.11,12,11,17,22,28,0.0,0,47,0.013204813003540039,2
220,graficon17nodi/grafo645.17,12,17,19,21,23,0.0,0,35,0.011999368667602539,2
221,graficon16nodi/grafo2537.16,12,16,19,21,24,0.0,0,21,0.0035986900329589844,2
222,graficon15nodi/grafo1030.15,12,15,16,23,24,0.0,0,20,0.007100820541381836,2
223,graficon14nodi/grafo242.14,12,14,16,21,23,0.0,0,20,0.0042607784271240234,2
224,graficon17nodi/grafo1009.17,12,17,17,24,24,0.0,0,13,0.004512310028076172,2
225,graficon13nodi/grafo3112.13,12,13,14,20,21,0.0,0,12,0.004218578338623047,2
226,graficon16nodi/grafo1731.16,12,16,19,25,28,0.0,0,20,0.009385108947753906,2
227,graficon16nodi/grafo967.16,12,16,17,26,27,0.0,0,9,0.006101131439208984,2
228,graficon17nodi/grafo1732.17,12,17,20,27,30,0.0,0,32,0.012792825698852539,2
229,graficon20nodi/grafo2272.20,12,20,23,27,30,0.0,0,42,0.015282869338989258,2
230,graficon18nodi/grafo1146.18,12,18,29,29,40,3.0,6,78,0.18033671379089355,2
231,graficon18nodi/grafo2289.18,12,18,20,25,27,0.0,0,32,0.0070264339447021484,2
232,graficon16nodi/grafo2420.16,12,16,18,28,30,1.0,1,18,0.012012004852294922,2
233,graficon12nodi/grafo574.12,12,12,19,27,34,1.0,2,35,0.05423378944396973,2
234,graficon21nodi/grafo804.21,12,21,22,28,29,0.0,0,42,0.013457536697387695,2
235,graficon22nodi/grafo694.22,12,22,23,27,28,0.0,0,23,0.007546901702880859,2
236,graficon17nodi/grafo479.17,12,17,23,25,31,2.0,7,95,0.08491086959838867,2
237,graficon18nodi/grafo538.18,12,18,19,25,26,0.0,0,20,0.007295131683349609,2
238,graficon21nodi/grafo2416.21,12,21,24,29,32,1.0,1,24,0.010778665542602539,2
239,graficon17nodi/grafo2418.17,12,17,20,26,29,1.0,2,40,0.041815757751464844,2
240,graficon24nodi/grafo1463.24,12,24,25,25,26,0.0,0,30,0.006053447723388672,2
241,graficon13nodi/grafo1885.13,12,13,16,25,28,0.0,0,21,0.007015705108642578,2
242,graficon11nodi/grafo1697.11,12,11,17,28,34,2.0,2,21,0.07158875465393066,2
243,graficon15nodi/grafo583.15,12,15,19,25,29,2.0,2,45,0.10857295989990234,2
244,graficon19nodi/grafo2951.19,12,19,24,27,32,1.0,1,35,0.019947052001953125,2
245,graficon14nodi/grafo520.14,12,14,22,29,37,0.0,0,53,0.01195383071899414,2
246,graficon17nodi/grafo2594.17,12,17,21,25,29,2.0,2,56,0.06129789352416992,2
247,graficon18nodi/grafo993.18,12,18,23,28,33,1.0,3,45,0.045073747634887695,2
248,graficon21nodi/grafo127.21,12,21,21,26,26,0.0,0,23,0.007757425308227539,2
249,graficon16nodi/grafo400.16,12,16,17,26,27,0.0,0,9,0.006664752960205078,2
250,graficon17nodi/grafo302.17,12,17,19,28,30,0.0,0,18,0.005807638168334961,2
251,graficon21nodi/grafo158.21,12,21,24,29,32,1.0,1,42,0.01942157745361328,2
252,graficon16nodi/grafo540.16,12,16,17,26,27,0.0,0,9,0.006241559982299805,2
253,graficon13nodi/grafo2303.13,12,13,19,28,34,0.0,0,49,0.01169443130493164,2
254,graficon21nodi/grafo1937.21,12,21,24,26,29,2.0,4,36,0.036800384521484375,2
255,graficon15nodi/grafo778.15,12,15,17,26,28,0.0,0,16,0.006077766418457031,2
256,graficon15nodi/grafo855.15,12,15,17,25,27,0.0,0,16,0.004572391510009766,2
257,graficon18nodi/grafo1652.18,12,18,20,25,27,0.0,0,24,0.011233091354370117,2
258,graficon13nodi/grafo2659.13,12,13,16,25,28,0.0,0,31,0.011338949203491211,2
259,graficon17nodi/grafo2682.17,12,17,19,26,28,1.0,2,31,0.04848027229309082,2
260,graficon16nodi/grafo1119.16,12,16,22,28,34,1.0,3,51,0.05431032180786133,2
261,graficon14nodi/grafo1870.14,12,14,21,28,35,2.0,3,41,0.0575261116027832,2
262,graficon19nodi/grafo1172.19,12,19,23,26,30,1.0,1,36,0.013509035110473633,2
263,graficon13nodi/grafo511.13,12,13,14,25,26,0.0,0,6,0.0032584667205810547,2
264,graficon18nodi/grafo1648.18,12,18,24,26,32,3.0,5,69,0.031022310256958008,2
265,graficon17nodi/grafo893.17,12,17,21,26,30,0.0,0,78,0.02358555793762207,2
266,graficon17nodi/grafo917.17,12,17,20,28,31,0.0,0,42,0.013467788696289062,2
267,graficon23nodi/grafo2256.23,12,23,26,29,32,0.0,0,31,0.017722606658935547,2
268,graficon18nodi/grafo2556.18,12,18,22,28,32,0.0,0,40,0.016645193099975586,2
269,graficon15nodi/grafo2921.15,12,15,17,27,29,0.0,0,17,0.006365537643432617,2
270,graficon21nodi/grafo1762.21,12,21,25,25,29,2.0,5,72,0.18464994430541992,2
271,graficon21nodi/grafo1064.21,12,21,26,25,30,4.0,9,42,0.17152714729309082,2
272,graficon18nodi/grafo784.18,12,18,23,25,30,2.0,3,53,0.07959413528442383,2
273,graficon16nodi/grafo2236.16,12,16,20,28,32,1.0,1,44,0.01767134666442871,2
274,graficon17nodi/grafo2345.17,12,17,20,26,29,1.0,1,24,0.009631872177124023,2
275,graficon18nodi/grafo2307.18,12,18,23,26,31,1.0,3,46,0.04746508598327637,2
276,graficon17nodi/grafo1056.17,12,17,22,29,34,1.0,1,33,0.01509857177734375,2
277,graficon18nodi/grafo1152.18,12,18,24,28,34,1.0,1,45,0.023228883743286133,2
278,graficon24nodi/grafo3100.24,12,24,28,26,30,2.0,2,57,0.06621360778808594,2
279,graficon16nodi/grafo279.16,12,16,19,27,30,0.0,0,26,0.009198188781738281,2
280,graficon17nodi/grafo2401.17,12,17,31,28,42,7.0,34,234,0.8136727809906006,2
281,graficon16nodi/grafo2302.16,12,16,20,25,29,1.0,1,25,0.011738300323486328,2
282,graficon16nodi/grafo2525.16,12,16,19,26,29,1.0,1,28,0.011809825897216797,2
283,graficon17nodi/grafo2924.17,12,17,22,28,33,1.0,1,70,0.018323421478271484,2
284,graficon22nodi/grafo167.22,12,22,24,29,31,1.0,1,41,0.022418737411499023,2
285,graficon16nodi/grafo2542.16,12,16,21,26,31,1.0,1,42,0.013874292373657227,2
286,graficon16nodi/grafo2636.16,12,16,22,26,32,3.0,5,34,0.06662368774414062,2
287,graficon17nodi/grafo2758.17,12,17,20,26,29,1.0,1,19,0.009386062622070312,2
288,graficon20nodi/grafo2554.20,12,20,22,25,27,1.0,1,32,0.01137542724609375,2
289,graficon25nodi/grafo2775.25,12,25,26,25,26,1.0,2,64,0.04987621307373047,2
290,graficon19nodi/grafo409.19,12,19,22,25,28,2.0,2,64,0.09873533248901367,2
291,graficon16nodi/grafo2326.16,12,16,21,25,30,1.0,1,56,0.018179655075073242,2
292,graficon14nodi/grafo596.14,12,14,16,27,29,0.0,0,13,0.0057353973388671875,2
293,graficon20nodi/grafo679.20,12,20,25,29,34,1.0,2,46,0.07154560089111328,2
294,graficon23nodi/grafo188.23,12,23,24,27,28,0.0,0,31,0.008222103118896484,2
295,graficon19nodi/grafo2449.19,12,19,24,25,30,2.0,4,57,0.07427644729614258,2
296,graficon23nodi/grafo1038.23,12,23,24,27,28,1.0,1,17,0.0077745914459228516,2
297,graficon17nodi/grafo2177.17,12,17,22,26,31,0.0,0,46,0.01573014259338379,2
298,graficon20nodi/grafo786.20,12,20,23,26,29,1.0,2,58,0.05356645584106445,2
299,graficon17nodi/grafo1875.17,12,17,21,28,32,1.0,1,73,0.046384572982788086,2
300,graficon14nodi/grafo796.14,12,14,19,27,32,1.0,3,51,0.04330945014953613,2
301,graficon21nodi/grafo2119.21,12,21,27,32,38,3.0,7,110,0.2208240032196045,2
302,graficon15nodi/grafo1013.15,12,15,23,31,39,2.0,2,70,0.10269308090209961,2
303,graficon17nodi/grafo415.17,12,17,24,33,40,2.0,5,91,0.14847350120544434,2
304,graficon26nodi/grafo578.26,12,26,27,30,31,1.0,1,63,0.031618595123291016,2
305,graficon25nodi/grafo2077.25,12,25,29,31,35,3.0,7,89,0.20865678787231445,2
306,graficon29nodi/grafo2085.29,12,29,30,33,34,0.0,0,30,0.010809183120727539,2
307,graficon19nodi/grafo1834.19,12,19,23,32,36,0.0,0,28,0.010742664337158203,2
308,graficon24nodi/grafo1830.24,12,24,29,34,39,1.0,1,45,0.027839183807373047,2
309,graficon21nodi/grafo245.21,12,21,22,30,31,1.0,1,26,0.0158388614654541,2
310,graficon21nodi/grafo1645.21,12,21,23,30,32,0.0,0,69,0.019757986068725586,2
311,graficon20nodi/grafo1761.20,12,20,26,31,37,0.0,0,52,0.013854742050170898,2
312,graficon26nodi/grafo1805.26,12,26,31,33,38,3.0,5,39,0.13577795028686523,2
313,graficon18nodi/grafo2744.18,12,18,24,34,40,1.0,3,66,0.07829570770263672,2
314,graficon20nodi/grafo2268.20,12,20,24,32,36,1.0,3,44,0.046515703201293945,2
315,graficon25nodi/grafo2837.25,12,25,27,32,34,0.0,0,47,0.014763832092285156,2
316,graficon21nodi/grafo2833.21,12,21,24,30,33,1.0,1,32,0.016947269439697266,2
317,graficon20nodi/grafo3049.20,12,20,24,33,37,1.0,2,45,0.05280923843383789,2
318,graficon26nodi/grafo1799.26,12,26,30,32,36,2.0,3,65,0.06334710121154785,2
319,graficon17nodi/grafo1403.17,12,17,23,30,36,1.0,1,45,0.026331186294555664,2
320,graficon27nodi/grafo2498.27,12,27,32,34,39,2.0,3,68,0.0935678482055664,2
321,graficon22nodi/grafo2819.22,12,22,25,33,36,0.0,0,21,0.008292198181152344,2
322,graficon16nodi/grafo421.16,12,16,22,33,39,1.0,1,86,0.030362367630004883,2
323,graficon14nodi/grafo1074.14,12,14,19,32,37,1.0,2,40,0.0432896614074707,2
324,graficon24nodi/grafo918.24,12,24,24,32,32,0.0,0,37,0.009677886962890625,2
325,graficon18nodi/grafo1780.18,12,18,24,30,36,1.0,1,43,0.0174868106842041,2
326,graficon29nodi/grafo1198.29,12,29,29,31,31,1.0,1,32,0.01583719253540039,2
327,graficon15nodi/grafo2591.15,12,15,23,31,39,1.0,2,56,0.06396269798278809,2
328,graficon19nodi/grafo924.19,12,19,21,32,34,0.0,0,34,0.012906789779663086,2
329,graficon23nodi/grafo835.23,12,23,27,31,35,2.0,6,53,0.14629316329956055,2
330,graficon17nodi/grafo829.17,12,17,21,33,37,0.0,0,51,0.02239704132080078,2
331,graficon16nodi/grafo1635.16,12,16,25,34,43,1.0,1,73,1.1873340606689453,2
332,graficon14nodi/grafo649.14,12,14,24,32,42,3.0,5,91,0.13601064682006836,2
333,graficon18nodi/grafo1824.18,12,18,23,32,37,1.0,1,22,0.018537044525146484,2
334,graficon26nodi/grafo1629.26,12,26,29,30,33,1.0,1,37,0.035657405853271484,2
335,graficon15nodi/grafo1142.15,12,15,24,32,41,1.0,1,91,0.06279468536376953,2
336,graficon22nodi/grafo2410.22,12,22,24,30,32,1.0,1,23,0.011309623718261719,2
337,graficon23nodi/grafo2028.23,12,23,32,32,41,5.0,12,120,0.3061699867248535,2
338,graficon25nodi/grafo1040.25,12,25,32,34,41,5.0,11,109,0.1359100341796875,2
339,graficon17nodi/grafo2494.17,12,17,20,30,33,1.0,1,32,0.009592056274414062,2
340,graficon21nodi/grafo381.21,12,21,23,31,33,1.0,1,40,0.01864337921142578,2
341,graficon19nodi/grafo2425.19,12,19,23,30,34,1.0,2,48,0.057448625564575195,2
342,graficon26nodi/grafo1230.26,12,26,29,30,33,2.0,2,30,0.01958918571472168,2
343,graficon17nodi/grafo1861.17,12,17,21,34,38,2.0,2,24,0.07985353469848633,2
344,graficon27nodi/grafo1232.27,12,27,31,33,37,3.0,7,120,0.316495418548584,2
345,graficon27nodi/grafo2582.27,12,27,27,34,34,0.0,0,35,0.009896993637084961,2
346,graficon24nodi/grafo2017.24,12,24,28,32,36,2.0,2,54,0.09938311576843262,2
347,graficon32nodi/grafo11636.32,12,32,32,33,33,0.0,0,38,0.005671262741088867,2
348,graficon19nodi/grafo621.19,12,19,27,30,38,1.0,3,78,0.07704854011535645,2
349,graficon16nodi/grafo2023.16,12,16,20,34,38,1.0,2,25,0.05833745002746582,2
350,graficon23nodi/grafo622.23,12,23,25,33,35,1.0,1,39,0.01742076873779297,2
351,graficon19nodi/grafo2135.19,12,19,23,33,37,1.0,2,41,0.0795750617980957,2
352,graficon15nodi/grafo879.15,12,15,20,30,35,0.0,0,46,0.019643545150756836,2
353,graficon22nodi/grafo1012.22,12,22,24,31,33,0.0,0,46,0.01745915412902832,2
354,graficon20nodi/grafo429.20,12,20,28,34,42,3.0,6,75,0.09157299995422363,2
355,graficon26nodi/grafo1269.26,12,26,28,31,33,0.0,0,82,0.030713796615600586,2
356,graficon17nodi/grafo2520.17,12,17,24,32,39,4.0,7,77,0.16975164413452148,2
357,graficon32nodi/grafo10052.32,12,32,33,34,35,0.0,0,36,0.006654500961303711,2
358,graficon20nodi/grafo874.20,12,20,25,34,39,1.0,1,39,0.02401423454284668,2
359,graficon20nodi/grafo1901.20,12,20,26,33,39,1.0,2,106,0.11403203010559082,2
360,graficon22nodi/grafo2456.22,12,22,26,33,37,0.0,0,43,0.018953800201416016,2
361,graficon17nodi/grafo276.17,12,17,20,31,34,1.0,1,28,0.014716625213623047,2
362,graficon25nodi/grafo575.25,12,25,29,34,38,2.0,2,52,0.0933687686920166,2
363,graficon17nodi/grafo517.17,12,17,23,33,39,1.0,1,52,0.020387649536132812,2
364,graficon19nodi/grafo1900.19,12,19,22,31,34,0.0,0,34,0.008783102035522461,2
365,graficon22nodi/grafo1422.22,12,22,22,30,30,0.0,0,36,0.013392448425292969,2
366,graficon25nodi/grafo862.25,12,25,28,33,36,1.0,1,73,0.031432151794433594,2
367,graficon23nodi/grafo545.23,12,23,28,32,37,1.0,1,31,0.012662172317504883,2
368,graficon24nodi/grafo2341.24,12,24,29,34,39,1.0,1,70,0.023923397064208984,2
369,graficon26nodi/grafo1512.26,12,26,30,34,38,2.0,2,63,0.1221921443939209,2
370,graficon18nodi/grafo1626.18,12,18,27,32,41,3.0,8,76,0.15669870376586914,2
371,graficon21nodi/grafo2378.21,12,21,25,31,35,1.0,2,51,0.04509377479553223,2
372,graficon25nodi/grafo2051.25,12,25,26,33,34,0.0,0,17,0.0070247650146484375,2
373,graficon32nodi/grafo9919.32,12,32,32,33,33,0.0,0,38,0.0062580108642578125,2
374,graficon18nodi/grafo1940.18,12,18,24,31,37,1.0,1,31,0.018003463745117188,2
375,graficon25nodi/grafo1338.25,12,25,26,34,35,0.0,0,32,0.01956033706665039,2
376,graficon33nodi/grafo11170.33,12,33,42,39,48,2.0,2,70,0.09092497825622559,2
377,graficon23nodi/grafo2966.23,12,23,26,36,39,0.0,0,33,0.011348724365234375,2
378,graficon29nodi/grafo1102.29,12,29,29,37,37,0.0,0,29,0.010954141616821289,2
379,graficon26nodi/grafo1340.26,12,26,31,38,43,2.0,4,67,0.09423446655273438,2
380,graficon22nodi/grafo1850.22,12,22,28,38,44,1.0,1,45,0.02882242202758789,2
381,graficon28nodi/grafo2572.28,12,28,34,38,44,1.0,3,72,0.10499191284179688,2
382,graficon17nodi/grafo420.17,12,17,25,37,45,2.0,3,69,0.05385923385620117,2
383,graficon20nodi/grafo2670.20,12,20,28,36,44,2.0,3,61,0.060343027114868164,2
384,graficon26nodi/grafo2766.26,12,26,32,38,44,2.0,2,45,0.06012749671936035,2
385,graficon29nodi/grafo1333.29,12,29,31,38,40,0.0,0,56,0.028668880462646484,2
386,graficon21nodi/grafo1863.21,12,21,26,35,40,2.0,4,72,0.14029860496520996,2
387,graficon27nodi/grafo1623.27,12,27,30,37,40,1.0,1,29,0.010450124740600586,2
388,graficon33nodi/grafo2828.33,12,33,37,38,42,2.0,3,50,0.047270774841308594,2
389,graficon26nodi/grafo2606.26,12,26,32,36,42,3.0,5,114,0.15681791305541992,2
390,graficon19nodi/grafo2371.19,12,19,24,35,40,0.0,0,63,0.02390599250793457,2
391,graficon25nodi/grafo2700.25,12,25,28,36,39,1.0,2,54,0.02108168601989746,2
392,graficon24nodi/grafo2587.24,12,24,28,36,40,2.0,5,66,0.17484354972839355,2
393,graficon15nodi/grafo947.15,12,15,24,39,48,2.0,3,54,0.14803028106689453,2
394,graficon19nodi/grafo2562.19,12,19,28,36,45,2.0,4,55,0.1430037021636963,2
395,graficon32nodi/grafo11456.32,12,32,33,35,36,1.0,1,39,0.01062774658203125,2
396,graficon27nodi/grafo248.27,12,27,33,38,44,3.0,4,84,0.4725639820098877,2
397,graficon22nodi/grafo2676.22,12,22,26,38,42,0.0,0,39,0.016372203826904297,2
398,graficon32nodi/grafo11607.32,12,32,38,39,45,3.0,4,70,0.1159062385559082,2
399,graficon19nodi/grafo2171.19,12,19,23,35,39,1.0,1,43,0.02031683921813965,2
400,graficon19nodi/grafo1666.19,12,19,28,37,46,1.0,1,94,0.036863088607788086,2
401,graficon33nodi/grafo11210.33,12,33,42,39,48,2.0,2,70,0.08889055252075195,2
402,graficon26nodi/grafo2123.26,12,26,28,35,37,1.0,1,76,0.0338900089263916,2
403,graficon26nodi/grafo3056.26,12,26,36,35,45,4.0,15,124,0.11983489990234375,2
404,graficon30nodi/grafo1582.30,12,30,34,35,39,2.0,2,97,0.0922248363494873,2
405,graficon24nodi/grafo1440.24,12,24,32,37,45,4.0,6,120,0.3685183525085449,2
406,graficon33nodi/grafo9903.33,12,33,42,39,48,2.0,2,70,0.0892641544342041,2
407,graficon23nodi/grafo1557.23,12,23,29,37,43,2.0,2,101,0.14730215072631836,2
408,graficon21nodi/grafo1941.21,12,21,26,37,42,1.0,1,36,0.025938749313354492,2
409,graficon13nodi/grafo317.13,12,13,21,38,46,1.0,2,53,0.06845903396606445,2
410,graficon33nodi/grafo154.33,12,33,34,36,37,0.0,0,62,0.013406991958618164,2
411,graficon31nodi/grafo10007.31,12,31,34,35,38,3.0,4,73,0.14739441871643066,2
412,graficon20nodi/grafo1764.20,12,20,25,37,42,1.0,2,40,0.0483553409576416,2
413,graficon31nodi/grafo5484.31,12,31,32,38,39,1.0,2,42,0.10549354553222656,2
414,graficon27nodi/grafo1286.27,12,27,31,36,40,2.0,2,44,0.04826188087463379,2
415,graficon23nodi/grafo2200.23,12,23,29,38,44,1.0,2,61,0.08972334861755371,2
416,graficon24nodi/grafo872.24,12,24,28,37,41,1.0,2,46,0.022211551666259766,2
417,graficon22nodi/grafo605.22,12,22,26,39,43,0.0,0,58,0.035752058029174805,2
418,graficon29nodi/grafo1034.29,12,29,32,38,41,1.0,1,73,0.03536176681518555,2
419,graficon21nodi/grafo2356.21,12,21,27,35,41,1.0,2,34,0.017270803451538086,2
420,graficon33nodi/grafo10134.33,12,33,34,37,38,1.0,1,35,0.020524024963378906,2
421,graficon32nodi/grafo9867.32,12,32,33,35,36,1.0,1,39,0.009477853775024414,2
422,graficon26nodi/grafo753.26,12,26,28,36,38,2.0,2,19,0.07836794853210449,2
423,graficon21nodi/grafo123.21,12,21,25,38,42,1.0,1,43,0.02129960060119629,2
424,graficon25nodi/grafo1360.25,12,25,30,35,40,3.0,5,70,0.07384657859802246,2
425,graficon27nodi/grafo174.27,12,27,28,36,37,1.0,1,64,0.03160500526428223,2
426,graficon20nodi/grafo251.20,12,20,23,36,39,1.0,1,35,0.02475285530090332,2
427,graficon18nodi/grafo2768.18,12,18,23,35,40,2.0,2,29,0.05608391761779785,2
428,graficon36nodi/grafo2402.36,12,36,38,39,41,0.0,0,67,0.028937101364135742,2
429,graficon30nodi/grafo1237.30,12,30,35,39,44,1.0,1,66,0.021699190139770508,2
430,graficon20nodi/grafo2284.20,12,20,30,37,47,4.0,6,67,0.2111203670501709,2
431,graficon17nodi/grafo1160.17,12,17,23,39,45,1.0,1,66,0.02394390106201172,2
432,graficon27nodi/grafo2721.27,12,27,27,37,37,1.0,1,29,0.01818060874938965,2
433,graficon23nodi/grafo2691.23,12,23,31,39,47,2.0,5,99,0.2492532730102539,2
434,graficon22nodi/grafo2875.22,12,22,27,38,43,2.0,2,54,0.11456418037414551,2
435,graficon33nodi/grafo11130.33,12,33,42,39,48,2.0,2,70,0.09013247489929199,2
436,graficon18nodi/grafo2805.18,12,18,25,36,43,1.0,3,86,0.07136750221252441,2
437,graficon16nodi/grafo2584.16,12,16,22,39,45,1.0,2,28,0.01885366439819336,2
438,graficon17nodi/grafo597.17,12,17,24,36,43,0.0,0,70,0.022297382354736328,2
439,graficon24nodi/grafo1950.24,12,24,27,39,42,1.0,1,50,0.06869268417358398,2
440,graficon25nodi/grafo2067.25,12,25,28,38,41,1.0,1,31,0.02562093734741211,2
441,graficon15nodi/grafo2448.15,12,15,23,38,46,1.0,2,62,0.03159952163696289,2
442,graficon26nodi/grafo1273.26,12,26,27,36,37,0.0,0,61,0.024134397506713867,2
443,graficon32nodi/grafo11397.32,12,32,33,37,38,0.0,0,34,0.011694669723510742,2
444,graficon33nodi/grafo11023.33,12,33,33,36,36,0.0,0,31,0.006140947341918945,2
445,graficon33nodi/grafo11026.33,12,33,36,39,42,2.0,3,61,0.061507463455200195,2
446,graficon17nodi/grafo945.17,12,17,22,36,41,0.0,0,56,0.02014303207397461,2
447,graficon25nodi/grafo584.25,12,25,29,35,39,2.0,4,104,0.15131139755249023,2
448,graficon12nodi/grafo2426.12,12,12,18,38,44,0.0,0,41,0.020078659057617188,2
449,graficon18nodi/grafo2731.18,12,18,23,35,40,0.0,0,42,0.011125564575195312,2
450,graficon23nodi/grafo2217.23,12,23,29,35,41,3.0,9,51,0.22057199478149414,2
451,graficon26nodi/grafo2108.26,12,26,35,41,50,4.0,10,81,0.22244977951049805,2
452,graficon31nodi/grafo11581.31,12,31,36,42,47,2.0,4,110,0.2659637928009033,2
453,graficon25nodi/grafo1271.25,12,25,30,40,45,2.0,3,77,0.08828163146972656,2
454,graficon31nodi/grafo11454.31,12,31,36,42,47,2.0,4,110,0.27408385276794434,2
455,graficon25nodi/grafo163.25,12,25,37,44,56,10.0,26,199,2.1777091026306152,2
456,graficon19nodi/grafo950.19,12,19,23,43,47,0.0,0,37,0.01884603500366211,2
457,graficon30nodi/grafo1252.30,12,30,34,43,47,0.0,0,59,0.02048969268798828,2
458,graficon27nodi/grafo1217.27,12,27,29,42,44,0.0,0,62,0.019946813583374023,2
459,graficon34nodi/grafo11331.34,12,34,41,43,50,2.0,3,61,0.07633209228515625,2
460,graficon20nodi/grafo1873.20,12,20,27,40,47,3.0,6,76,0.21431517601013184,2
461,graficon34nodi/grafo5197.34,12,34,36,43,45,0.0,0,40,0.01463627815246582,2
462,graficon28nodi/grafo1615.28,12,28,35,43,50,3.0,8,119,0.26287841796875,2
463,graficon27nodi/grafo3039.27,12,27,31,44,48,1.0,1,55,0.02147674560546875,2
464,graficon37nodi/grafo2519.37,12,37,39,44,46,0.0,0,95,0.0428318977355957,2
465,graficon27nodi/grafo2037.27,12,27,31,42,46,2.0,2,80,0.258450984954834,2
466,graficon20nodi/grafo1757.20,12,20,25,41,46,1.0,1,43,0.028858184814453125,2
467,graficon23nodi/grafo551.23,12,23,29,43,49,0.0,0,56,0.024736881256103516,2
468,graficon32nodi/grafo10795.32,12,32,35,43,46,1.0,1,98,0.050342559814453125,2
469,graficon33nodi/grafo5994.33,12,33,36,42,45,0.0,0,56,0.0200960636138916,2
470,graficon23nodi/grafo2712.23,12,23,30,40,47,1.0,1,64,0.028642654418945312,2
471,graficon22nodi/grafo1894.22,12,22,30,40,48,3.0,5,81,0.08281588554382324,2
472,graficon28nodi/grafo1190.28,12,28,31,43,46,2.0,3,65,0.15616416931152344,2
473,graficon32nodi/grafo1455.32,12,32,38,43,49,1.0,2,101,0.1139366626739502,2
474,graficon18nodi/grafo1086.18,12,18,26,41,49,1.0,1,67,0.04251813888549805,2
475,graficon34nodi/grafo9918.34,12,34,34,43,43,0.0,0,20,0.005385160446166992,2
476,graficon32nodi/grafo1226.32,12,32,34,43,45,1.0,1,47,0.027011632919311523,2
477,graficon35nodi/grafo7133.35,12,35,38,43,46,1.0,3,62,0.08597612380981445,2
478,graficon34nodi/grafo11544.34,12,34,34,43,43,0.0,0,20,0.005905628204345703,2
479,graficon14nodi/grafo2738.14,12,14,23,40,49,1.0,1,65,0.031221866607666016,2
480,graficon27nodi/grafo2958.27,12,27,32,42,47,0.0,0,48,0.016681194305419922,2
481,graficon31nodi/grafo3686.31,12,31,36,42,47,2.0,4,110,0.24319696426391602,2
482,graficon14nodi/grafo701.14,12,14,20,42,48,1.0,1,43,0.021818876266479492,2
483,graficon33nodi/grafo9921.33,12,33,36,43,46,1.0,1,48,0.03340601921081543,2
484,graficon27nodi/grafo2876.27,12,27,32,41,46,2.0,2,76,0.03007030487060547,2
485,graficon25nodi/grafo1234.25,12,25,33,42,50,1.0,2,105,0.18748831748962402,2
486,graficon26nodi/grafo1285.26,12,26,30,42,46,2.0,2,36,0.08204054832458496,2
487,graficon30nodi/grafo2365.30,12,30,34,40,44,2.0,4,85,0.2376267910003662,2
488,graficon26nodi/grafo798.26,12,26,32,41,47,2.0,5,71,0.2154550552368164,2
489,graficon21nodi/grafo1682.21,12,21,41,43,63,8.0,33,178,0.9289226531982422,2
490,graficon32nodi/grafo5244.32,12,32,38,42,48,0.0,0,36,0.01745891571044922,2
491,graficon23nodi/grafo2854.23,12,23,29,44,50,1.0,2,57,0.10584115982055664,2
492,graficon32nodi/grafo1053.32,12,32,41,43,52,3.0,6,154,0.2706301212310791,2
493,graficon21nodi/grafo2756.21,12,21,26,40,45,1.0,2,45,0.06489109992980957,2
494,graficon22nodi/grafo1503.22,12,22,26,44,48,0.0,0,35,0.01746845245361328,2
495,graficon22nodi/grafo2370.22,12,22,28,41,47,1.0,1,37,0.020758628845214844,2
496,graficon23nodi/grafo2769.23,12,23,27,44,48,2.0,2,55,0.10042738914489746,2
497,graficon28nodi/grafo124.28,12,28,29,41,42,1.0,1,33,0.016262531280517578,2
498,graficon31nodi/grafo9916.31,12,31,36,42,47,2.0,4,110,0.249922513961792,2
499,graficon33nodi/grafo11631.33,12,33,43,41,51,3.0,3,73,0.09102678298950195,2
500,graficon30nodi/grafo1256.30,12,30,33,40,43,0.0,0,52,0.015788555145263672,2
501,graficon32nodi/grafo10231.32,12,32,35,43,46,0.0,0,49,0.01299595832824707,2
502,graficon34nodi/grafo11277.34,12,34,35,41,42,0.0,0,44,0.008405208587646484,2
503,graficon34nodi/grafo2464.34,12,34,38,44,48,2.0,5,106,0.33007144927978516,2
504,graficon27nodi/grafo1199.27,12,27,30,40,43,0.0,0,22,0.006772518157958984,2
505,graficon25nodi/grafo1614.25,12,25,27,41,43,1.0,1,72,0.02695488929748535,2
506,graficon29nodi/grafo1376.29,12,29,34,42,47,2.0,3,77,0.1491403579711914,2
507,graficon35nodi/grafo3480.35,12,35,35,44,44,0.0,0,79,0.022533893585205078,2
508,graficon29nodi/grafo1587.29,12,29,35,42,48,1.0,1,108,0.06020712852478027,2
509,graficon34nodi/grafo6050.34,12,34,41,43,50,2.0,3,55,0.05846261978149414,2
510,graficon25nodi/grafo2755.25,12,25,32,42,49,3.0,5,57,1.6634488105773926,2
511,graficon23nodi/grafo2853.23,12,23,34,40,51,8.0,15,116,0.4456315040588379,2
512,graficon34nodi/grafo10281.34,12,34,41,42,49,1.0,1,63,0.03679251670837402,2
513,graficon34nodi/grafo11630.34,12,34,40,44,50,1.0,1,92,0.04335474967956543,2
514,graficon28nodi/grafo2436.28,12,28,37,44,53,5.0,8,133,0.5577151775360107,2
515,graficon34nodi/grafo9878.34,12,34,39,41,46,1.0,2,65,0.08930683135986328,2
516,graficon32nodi/grafo3901.32,12,32,38,42,48,1.0,3,91,0.07357382774353027,2
517,graficon35nodi/grafo11455.35,12,35,35,42,42,0.0,0,44,0.01467275619506836,2
518,graficon28nodi/grafo296.28,12,28,36,43,51,4.0,11,110,0.24927401542663574,2
519,graficon25nodi/grafo1251.25,12,25,26,40,41,0.0,0,28,0.011652946472167969,2
520,graficon34nodi/grafo11319.34,12,34,40,42,48,1.0,3,84,0.11488914489746094,2
521,graficon34nodi/grafo11660.34,12,34,36,43,45,1.0,1,94,0.047899723052978516,2
522,graficon31nodi/grafo2394.31,12,31,36,43,48,2.0,5,110,0.2442185878753662,2
523,graficon26nodi/grafo1218.26,12,26,28,42,44,0.0,0,51,0.028053760528564453,2
524,graficon37nodi/grafo6342.37,12,37,42,44,49,4.0,7,105,0.3908820152282715,2
525,graficon28nodi/grafo1311.28,12,28,34,42,48,3.0,5,75,0.19206523895263672,2
526,graficon19nodi/grafo1826.19,12,19,27,46,54,1.0,2,72,0.1181790828704834,2
527,graficon14nodi/grafo1951.14,12,14,25,46,57,2.0,3,79,0.18909549713134766,2
528,graficon37nodi/grafo3547.37,12,37,38,49,50,0.0,0,35,0.02001810073852539,2
529,graficon34nodi/grafo11207.34,12,34,38,48,52,2.0,4,52,0.10955238342285156,2
530,graficon31nodi/grafo10887.31,12,31,36,46,51,0.0,0,50,0.02064824104309082,2
531,graficon32nodi/grafo1255.32,12,32,37,46,51,1.0,1,57,0.025851964950561523,2
532,graficon28nodi/grafo1840.28,12,28,34,48,54,3.0,4,52,0.14676833152770996,2
533,graficon21nodi/grafo630.21,12,21,28,45,52,1.0,1,47,0.03542923927307129,2
534,graficon26nodi/grafo3044.26,12,26,34,48,56,2.0,3,74,0.1980438232421875,2
535,graficon23nodi/grafo1806.23,12,23,28,48,53,0.0,0,45,0.030491352081298828,2
536,graficon31nodi/grafo10458.31,12,31,36,46,51,0.0,0,50,0.025348424911499023,2
537,graficon35nodi/grafo10620.35,12,35,41,46,52,2.0,3,102,0.24424505233764648,2
538,graficon22nodi/grafo249.22,12,22,31,46,55,3.0,4,97,0.3408238887786865,2
539,graficon32nodi/grafo745.32,12,32,36,45,49,0.0,0,86,0.03392648696899414,2
540,graficon35nodi/grafo5759.35,12,35,39,45,49,1.0,1,32,0.011866569519042969,2
541,graficon33nodi/grafo11516.33,12,33,42,45,54,2.0,4,60,0.19405341148376465,2
542,graficon25nodi/grafo2437.25,12,25,30,48,53,1.0,1,37,0.021641016006469727,2
543,graficon31nodi/grafo1301.31,12,31,40,47,56,4.0,7,126,0.5126118659973145,2
544,graficon38nodi/grafo3332.38,12,38,43,45,50,1.0,2,158,0.1864309310913086,2
545,graficon22nodi/grafo2748.22,12,22,29,45,52,0.0,0,87,0.03426003456115723,2
546,graficon27nodi/grafo1253.27,12,27,32,45,50,1.0,2,119,0.2564511299133301,2
547,graficon36nodi/grafo3862.36,12,36,41,46,51,4.0,4,74,0.1488635540008545,2
548,graficon28nodi/grafo1202.28,12,28,36,45,53,3.0,4,85,0.16930365562438965,2
549,graficon37nodi/grafo5957.37,12,37,39,48,50,0.0,0,142,0.051193952560424805,2
550,graficon38nodi/grafo6734.38,12,38,41,45,48,1.0,1,97,0.06042003631591797,2
551,graficon36nodi/grafo5561.36,12,36,38,47,49,0.0,0,36,0.01055145263671875,2
552,graficon31nodi/grafo10011.31,12,31,36,46,51,0.0,0,50,0.021283864974975586,2
553,graficon36nodi/grafo6066.36,12,36,39,48,51,0.0,0,80,0.040344953536987305,2
554,graficon31nodi/grafo1362.31,12,31,37,45,51,1.0,1,78,0.06009626388549805,2
555,graficon27nodi/grafo1200.27,12,27,36,46,55,0.0,0,113,0.0536344051361084,2
556,graficon39nodi/grafo6087.39,12,39,46,48,55,4.0,9,78,0.3177454471588135,2
557,graficon33nodi/grafo5247.33,12,33,38,46,51,0.0,0,33,0.010399818420410156,2
558,graficon36nodi/grafo6811.36,12,36,44,48,56,1.0,2,63,0.07284283638000488,2
559,graficon23nodi/grafo1798.23,12,23,31,48,56,2.0,3,91,0.08246135711669922,2
560,graficon27nodi/grafo2275.27,12,27,32,46,51,2.0,2,77,0.15832972526550293,2
561,graficon26nodi/grafo2981.26,12,26,36,45,55,5.0,10,137,0.4834175109863281,2
562,graficon36nodi/grafo3414.36,12,36,39,46,49,2.0,2,49,0.16715025901794434,2
563,graficon19nodi/grafo2428.19,12,19,23,45,49,1.0,1,31,0.016788244247436523,2
564,graficon35nodi/grafo10085.35,12,35,41,46,52,4.0,8,98,0.40858888626098633,2
565,graficon32nodi/grafo1379.32,12,32,39,48,55,1.0,3,83,0.10588955879211426,2
566,graficon26nodi/grafo173.26,12,26,31,46,51,2.0,3,82,0.08481597900390625,2
567,graficon38nodi/grafo5236.38,12,38,43,49,54,2.0,2,50,0.07822489738464355,2
568,graficon26nodi/grafo2399.26,12,26,31,46,51,1.0,2,79,0.06277608871459961,2
569,graficon31nodi/grafo11421.31,12,31,37,46,52,2.0,4,103,0.20769882202148438,2
570,graficon40nodi/grafo7698.40,12,40,47,49,56,1.0,1,116,0.05454897880554199,2
571,graficon35nodi/grafo1925.35,12,35,36,48,49,0.0,0,71,0.034755706787109375,2
572,graficon25nodi/grafo1319.25,12,25,31,47,53,3.0,3,93,0.20655488967895508,2
573,graficon26nodi/grafo2999.26,12,26,30,45,49,1.0,2,43,0.107818603515625,2
574,graficon21nodi/grafo1632.21,12,21,26,48,53,0.0,0,35,0.015938282012939453,2
575,graficon32nodi/grafo9975.32,12,32,39,48,55,2.0,4,104,0.29688525199890137,2
576,graficon33nodi/grafo5182.33,12,33,38,49,54,0.0,0,67,0.036351919174194336,2
577,graficon32nodi/grafo11121.32,12,32,40,47,55,2.0,4,85,0.24558067321777344,2
578,graficon35nodi/grafo6642.35,12,35,42,49,56,2.0,5,92,0.22059321403503418,2
579,graficon28nodi/grafo932.28,12,28,35,45,52,1.0,2,77,0.21973800659179688,2
580,graficon34nodi/grafo2578.34,12,34,36,48,50,1.0,1,55,0.038651227951049805,2
581,graficon33nodi/grafo11538.33,12,33,38,47,52,1.0,3,83,0.2252485752105713,2
582,graficon33nodi/grafo10562.33,12,33,39,48,54,2.0,4,109,0.27588486671447754,2
583,graficon35nodi/grafo2815.35,12,35,43,47,55,2.0,9,98,0.25477170944213867,2
584,graficon18nodi/grafo374.18,12,18,25,46,53,0.0,0,59,0.030316829681396484,2
585,graficon34nodi/grafo5148.34,12,34,37,47,50,1.0,1,74,0.040148019790649414,2
586,graficon35nodi/grafo11567.35,12,35,43,45,53,1.0,1,82,0.0318753719329834,2
587,graficon31nodi/grafo1115.31,12,31,43,45,57,6.0,12,239,0.7384061813354492,2
588,graficon34nodi/grafo2363.34,12,34,39,48,53,2.0,3,83,0.14202618598937988,2
589,graficon33nodi/grafo11375.33,12,33,39,48,54,1.0,3,91,0.12733101844787598,2
590,graficon36nodi/grafo5879.36,12,36,42,46,52,2.0,4,99,0.09818077087402344,2
591,graficon35nodi/grafo5820.35,12,35,38,45,48,1.0,1,57,0.030267715454101562,2
592,graficon17nodi/grafo678.17,12,17,25,48,56,1.0,1,56,0.02652883529663086,2
593,graficon32nodi/grafo9954.32,12,32,34,46,48,1.0,1,40,0.013234853744506836,2
594,graficon35nodi/grafo5966.35,12,35,45,47,57,4.0,10,86,0.1178886890411377,2
595,graficon35nodi/grafo5522.35,12,35,40,46,51,4.0,6,97,0.3024930953979492,2
596,graficon22nodi/grafo2807.22,12,22,27,46,51,2.0,2,34,0.08045268058776855,2
597,graficon32nodi/grafo3106.32,12,32,38,48,54,2.0,3,89,0.19348549842834473,2
598,graficon36nodi/grafo5667.36,12,36,40,46,50,0.0,0,47,0.01803112030029297,2
599,graficon31nodi/grafo2262.31,12,31,40,47,56,1.0,3,110,0.14549827575683594,2
600,graficon33nodi/grafo10456.33,12,33,38,48,53,3.0,4,57,0.18035268783569336,2
601,graficon33nodi/grafo1915.33,12,33,44,54,65,2.0,2,157,0.4953274726867676,2
602,graficon36nodi/grafo3304.36,12,36,47,53,64,5.0,15,148,0.6755051612854004,2
603,graficon36nodi/grafo11296.36,12,36,44,50,58,4.0,18,133,1.1486496925354004,2
604,graficon37nodi/grafo3729.37,12,37,45,54,62,2.0,3,108,0.12587594985961914,2
605,graficon36nodi/grafo2212.36,12,36,41,54,59,2.0,2,93,0.1287367343902588,2
606,graficon31nodi/grafo1989.31,12,31,33,54,56,0.0,0,48,0.0270998477935791,2
607,graficon35nodi/grafo10658.35,12,35,41,50,56,2.0,3,82,0.18719935417175293,2
608,graficon39nodi/grafo5309.39,12,39,46,54,61,3.0,5,161,0.35738706588745117,2
609,graficon34nodi/grafo5495.34,12,34,43,53,62,4.0,7,69,0.477100133895874,2
610,graficon37nodi/grafo3433.37,12,37,42,54,59,1.0,3,77,0.164656400680542,2
611,graficon34nodi/grafo9882.34,12,34,39,50,55,0.0,0,72,0.03394198417663574,2
612,graficon22nodi/grafo1154.22,12,22,28,50,56,2.0,3,68,0.19417214393615723,2
613,graficon22nodi/grafo1715.22,12,22,34,54,66,3.0,3,135,0.40372562408447266,2
614,graficon36nodi/grafo3282.36,12,36,40,54,58,1.0,2,76,0.16104745864868164,2
615,graficon36nodi/grafo3153.36,12,36,43,53,60,1.0,2,75,0.12610650062561035,2
616,graficon34nodi/grafo4029.34,12,34,40,50,56,3.0,6,78,0.2336444854736328,2
617,graficon32nodi/grafo1784.32,12,32,36,52,56,2.0,3,50,0.0856328010559082,2
618,graficon33nodi/grafo2397.33,12,33,39,50,56,3.0,5,79,0.4104447364807129,2
619,graficon39nodi/grafo7363.39,12,39,43,51,55,2.0,3,159,0.31371426582336426,2
620,graficon34nodi/grafo11241.34,12,34,39,50,55,0.0,0,72,0.035980939865112305,2
621,graficon31nodi/grafo1689.31,12,31,34,53,56,0.0,0,57,0.023821353912353516,2
622,graficon39nodi/grafo6808.39,12,39,45,51,57,2.0,6,102,0.16576886177062988,2
623,graficon24nodi/grafo522.24,12,24,30,51,57,2.0,4,105,0.13523054122924805,2
624,graficon25nodi/grafo2016.25,12,25,33,50,58,1.0,2,74,0.09465408325195312,2
625,graficon24nodi/grafo1667.24,12,24,29,50,55,1.0,1,45,0.023659467697143555,2
626,graficon40nodi/grafo5346.40,12,40,44,52,56,3.0,6,84,0.32892847061157227,2
627,graficon34nodi/grafo11531.34,12,34,37,50,53,1.0,1,59,0.04963111877441406,2
628,graficon23nodi/grafo1974.23,12,23,27,54,58,1.0,1,61,0.0333554744720459,2
629,graficon30nodi/grafo1183.30,12,30,39,50,59,3.0,6,104,0.3896908760070801,2
630,graficon35nodi/grafo7366.35,12,35,43,51,59,1.0,1,97,0.07967782020568848,2
631,graficon33nodi/grafo9869.33,12,33,38,50,55,2.0,2,49,0.0895533561706543,2
632,graficon38nodi/grafo3247.38,12,38,43,50,55,2.0,3,78,0.4126746654510498,2
633,graficon36nodi/grafo5319.36,12,36,44,53,61,2.0,2,155,0.24835824966430664,2
634,graficon30nodi/grafo11384.30,12,30,34,50,54,1.0,2,59,0.03605175018310547,2
635,graficon38nodi/grafo3966.38,12,38,42,54,58,2.0,4,73,0.289592981338501,2
636,graficon32nodi/grafo3012.32,12,32,38,54,60,1.0,3,129,0.1727280616760254,2
637,graficon33nodi/grafo1174.33,12,33,41,53,61,2.0,4,115,0.265399694442749,2
638,graficon35nodi/grafo11415.35,12,35,43,52,60,4.0,5,97,0.1974020004272461,2
639,graficon36nodi/grafo10746.36,12,36,42,54,60,0.0,0,81,0.03338623046875,2
640,graficon38nodi/grafo6579.38,12,38,49,54,65,4.0,7,120,0.616483211517334,2
641,graficon32nodi/grafo10058.32,12,32,40,51,59,2.0,3,72,0.1896662712097168,2
642,graficon34nodi/grafo11614.34,12,34,39,50,55,0.0,0,72,0.03438138961791992,2
643,graficon38nodi/grafo6106.38,12,38,47,53,62,6.0,11,127,1.2758429050445557,2
644,graficon26nodi/grafo309.26,12,26,36,54,64,2.0,6,111,0.23796725273132324,2
645,graficon34nodi/grafo10483.34,12,34,45,50,61,4.0,8,84,0.6007366180419922,2
646,graficon34nodi/grafo3023.34,12,34,42,54,62,2.0,2,101,0.21846961975097656,2
647,graficon35nodi/grafo11423.35,12,35,42,54,61,2.0,4,97,0.09931135177612305,2
648,graficon26nodi/grafo1952.26,12,26,31,54,59,1.0,3,70,0.205460786819458,2
649,graficon38nodi/grafo5993.38,12,38,44,53,59,4.0,4,74,0.20810770988464355,2
650,graficon17nodi/grafo2227.17,12,17,25,50,58,1.0,2,69,0.22440314292907715,2
651,graficon34nodi/grafo2082.34,12,34,38,54,58,0.0,0,43,0.02434396743774414,2
652,graficon27nodi/grafo1746.27,12,27,38,52,63,2.0,3,108,0.08882260322570801,2
653,graficon33nodi/grafo3214.33,12,33,44,52,63,8.0,14,141,1.4677269458770752,2
654,graficon28nodi/grafo3060.28,12,28,36,51,59,3.0,4,58,0.13785862922668457,2
655,graficon24nodi/grafo1158.24,12,24,34,52,62,3.0,6,139,0.5437641143798828,2
656,graficon33nodi/grafo11638.33,12,33,38,53,58,2.0,2,76,0.16623973846435547,2
657,graficon35nodi/grafo7548.35,12,35,42,54,61,1.0,1,109,0.20297551155090332,2
658,graficon34nodi/grafo5827.34,12,34,40,51,57,2.0,2,94,0.13922977447509766,2
659,graficon34nodi/grafo5485.34,12,34,43,52,61,2.0,5,83,0.15188312530517578,2
660,graficon35nodi/grafo6897.35,12,35,47,52,64,5.0,10,125,0.8470461368560791,2
661,graficon34nodi/grafo5498.34,12,34,41,54,61,4.0,4,110,0.42986226081848145,2
662,graficon34nodi/grafo5856.34,12,34,41,50,57,2.0,4,75,0.07800865173339844,2
663,graficon40nodi/grafo4073.40,12,40,42,51,53,2.0,2,151,0.5877313613891602,2
664,graficon36nodi/grafo10619.36,12,36,41,51,56,1.0,1,92,0.04947471618652344,2
665,graficon42nodi/grafo7119.42,12,42,46,50,54,2.0,2,114,0.12434887886047363,2
666,graficon36nodi/grafo11525.36,12,36,45,53,62,4.0,6,67,0.24942302703857422,2
667,graficon35nodi/grafo11234.35,12,35,35,51,51,0.0,0,23,0.008698701858520508,2
668,graficon24nodi/grafo2787.24,12,24,35,51,62,4.0,7,99,2.109311580657959,2
669,graficon40nodi/grafo3874.40,12,40,46,50,56,1.0,4,135,0.19069242477416992,2
670,graficon28nodi/grafo1569.28,12,28,36,53,61,1.0,1,89,0.04355621337890625,2
671,graficon35nodi/grafo2098.35,12,35,42,50,57,1.0,3,43,0.05343031883239746,2
672,graficon34nodi/grafo2031.34,12,34,42,53,61,4.0,4,115,0.18981599807739258,2
673,graficon30nodi/grafo11667.30,12,30,34,52,56,0.0,0,33,0.020662546157836914,2
674,graficon30nodi/grafo1345.30,12,30,44,50,64,9.0,15,283,1.086970567703247,2
675,graficon29nodi/grafo2054.29,12,29,35,50,56,2.0,2,43,0.0668947696685791,2
676,graficon41nodi/grafo4004.41,12,41,48,57,64,3.0,5,80,0.2184898853302002,2
677,graficon37nodi/grafo2224.37,12,37,45,58,66,4.0,11,153,1.2603023052215576,2
678,graficon34nodi/grafo6076.34,12,34,44,56,66,1.0,2,133,0.13336753845214844,2
679,graficon40nodi/grafo5714.40,12,40,52,59,71,6.0,18,187,2.1796960830688477,2
680,graficon38nodi/grafo9968.38,12,38,44,55,61,1.0,1,63,0.03973031044006348,2
681,graficon28nodi/grafo1201.28,12,28,38,58,68,2.0,5,108,0.1613450050354004,2
682,graficon35nodi/grafo10708.35,12,35,46,55,66,9.0,19,198,3.431410074234009,2
683,graficon21nodi/grafo433.21,12,21,28,55,62,4.0,5,63,0.23558521270751953,2
684,graficon34nodi/grafo5143.34,12,34,40,57,63,1.0,1,47,0.012662649154663086,2
685,graficon36nodi/grafo11677.36,12,36,49,56,69,5.0,8,126,1.6575565338134766,2
686,graficon37nodi/grafo3125.37,12,37,42,58,63,1.0,2,47,0.07121968269348145,2
687,graficon37nodi/grafo7307.37,12,37,47,55,65,3.0,3,73,0.12145471572875977,2
688,graficon37nodi/grafo6450.37,12,37,46,57,66,3.0,4,66,0.1481037139892578,2
689,graficon39nodi/grafo3679.39,12,39,43,56,60,2.0,5,102,0.384946346282959,2
690,graficon38nodi/grafo6656.38,12,38,46,57,65,3.0,3,123,0.17570924758911133,2
691,graficon34nodi/grafo11409.34,12,34,35,56,57,1.0,1,46,0.021018266677856445,2
692,graficon38nodi/grafo6939.38,12,38,51,57,70,6.0,12,136,0.3374443054199219,2
693,graficon33nodi/grafo2687.33,12,33,46,56,69,7.0,15,243,1.132291555404663,2
694,graficon38nodi/grafo3351.38,12,38,46,55,63,4.0,7,86,0.2588009834289551,2
695,graficon37nodi/grafo7087.37,12,37,44,59,66,1.0,2,88,0.22650957107543945,2
696,graficon36nodi/grafo11468.36,12,36,47,58,69,8.0,20,172,2.4353179931640625,2
697,graficon31nodi/grafo1946.31,12,31,38,59,66,3.0,3,55,0.25745344161987305,2
698,graficon32nodi/grafo1908.32,12,32,39,55,62,2.0,3,100,0.3006927967071533,2
699,graficon40nodi/grafo3255.40,12,40,46,56,62,5.0,8,104,0.35733675956726074,2
700,graficon37nodi/grafo5301.37,12,37,44,58,65,2.0,3,77,0.20833778381347656,2
701,graficon35nodi/grafo5613.35,12,35,46,57,68,5.0,11,169,0.5130863189697266,2
702,graficon35nodi/grafo2990.35,12,35,48,59,72,6.0,13,114,0.9854910373687744,2
703,graficon43nodi/grafo6878.43,12,43,48,56,61,4.0,5,69,0.40946006774902344,2
704,graficon27nodi/grafo1390.27,12,27,39,57,69,4.0,10,125,0.2341017723083496,2
705,graficon36nodi/grafo6227.36,12,36,46,59,69,5.0,8,147,0.6840527057647705,2
706,graficon39nodi/grafo3830.39,12,39,50,58,69,4.0,6,161,0.4061439037322998,2
707,graficon37nodi/grafo6796.37,12,37,49,57,69,6.0,7,154,0.5724518299102783,2
708,graficon33nodi/grafo5872.33,12,33,39,57,63,2.0,2,43,0.08822059631347656,2
709,graficon36nodi/grafo6071.36,12,36,43,59,66,2.0,3,65,0.13028311729431152,2
710,graficon36nodi/grafo2465.36,12,36,44,58,66,3.0,5,135,0.35945773124694824,2
711,graficon38nodi/grafo7362.38,12,38,44,59,65,2.0,3,82,0.1460733413696289,2
712,graficon38nodi/grafo7290.38,12,38,47,58,67,5.0,8,153,0.8258559703826904,2
713,graficon42nodi/grafo3239.42,12,42,48,56,62,4.0,4,146,0.36257362365722656,2
714,graficon44nodi/grafo3040.44,12,44,50,59,65,3.0,5,105,0.28830385208129883,2
715,graficon39nodi/grafo11577.39,12,39,49,55,65,6.0,9,117,0.4838905334472656,2
716,graficon40nodi/grafo4081.40,12,40,46,56,62,5.0,12,173,1.2332918643951416,2
717,graficon42nodi/grafo6381.42,12,42,50,59,67,3.0,4,97,0.1179356575012207,2
718,graficon41nodi/grafo10067.41,12,41,47,58,64,2.0,3,73,0.09134984016418457,2
719,graficon37nodi/grafo11622.37,12,37,49,59,71,3.0,5,89,0.2822740077972412,2
720,graficon32nodi/grafo1992.32,12,32,36,57,61,2.0,2,66,0.16916179656982422,2
721,graficon38nodi/grafo6467.38,12,38,43,59,64,2.0,2,64,0.13527417182922363,2
722,graficon40nodi/grafo6922.40,12,40,47,59,66,3.0,5,116,0.36009740829467773,2
723,graficon34nodi/grafo5303.34,12,34,44,59,69,2.0,2,95,0.25548291206359863,2
724,graficon34nodi/grafo11396.34,12,34,35,55,56,0.0,0,32,0.010082721710205078,2
725,graficon39nodi/grafo5122.39,12,39,51,59,71,5.0,15,226,1.1270108222961426,2
726,graficon42nodi/grafo6223.42,12,42,45,59,62,1.0,2,67,0.08513760566711426,2
727,graficon40nodi/grafo2627.40,12,40,49,56,65,5.0,7,123,0.6084840297698975,2
728,graficon41nodi/grafo6876.41,12,41,50,58,67,2.0,5,107,0.2290651798248291,2
729,graficon35nodi/grafo11548.35,12,35,46,55,66,9.0,19,198,3.52406907081604,2
730,graficon31nodi/grafo1637.31,12,31,41,56,66,6.0,10,127,0.6324462890625,2
731,graficon38nodi/grafo3437.38,12,38,45,57,64,5.0,9,113,0.7826943397521973,2
732,graficon35nodi/grafo10135.35,12,35,43,55,63,4.0,7,118,0.2818307876586914,2
733,graficon38nodi/grafo2960.38,12,38,48,56,66,6.0,13,133,2.658457040786743,2
734,graficon35nodi/grafo3720.35,12,35,46,59,70,3.0,6,141,0.6174824237823486,2
735,graficon36nodi/grafo6233.36,12,36,47,56,67,3.0,8,99,0.40071678161621094,2
736,graficon24nodi/grafo1966.24,12,24,34,58,68,1.0,2,89,0.125687837600708,2
737,graficon38nodi/grafo3681.38,12,38,48,56,66,3.0,6,121,0.5977311134338379,2
738,graficon36nodi/grafo5970.36,12,36,46,57,67,5.0,10,167,0.8722414970397949,2
739,graficon26nodi/grafo1272.26,12,26,34,56,64,1.0,1,96,0.07583403587341309,2
740,graficon32nodi/grafo2968.32,12,32,41,55,64,5.0,8,121,0.33797574043273926,2
741,graficon34nodi/grafo5917.34,12,34,41,58,65,1.0,2,65,0.07819056510925293,2
742,graficon35nodi/grafo11344.35,12,35,40,55,60,1.0,3,84,0.1027834415435791,2
743,graficon47nodi/grafo1531.47,12,47,54,58,65,1.0,2,181,0.1504361629486084,2
744,graficon36nodi/grafo5264.36,12,36,41,59,64,0.0,0,74,0.02178049087524414,2
745,graficon36nodi/grafo7306.36,12,36,48,55,67,9.0,30,261,7.703195333480835,2
746,graficon34nodi/grafo3124.34,12,34,43,56,65,4.0,8,111,0.5649275779724121,2
747,graficon35nodi/grafo11633.35,12,35,46,56,67,5.0,7,127,0.6284325122833252,2
748,graficon40nodi/grafo6115.40,12,40,46,57,63,2.0,5,83,0.0978384017944336,2
749,graficon37nodi/grafo3554.37,12,37,41,57,61,0.0,0,64,0.028772592544555664,2
750,graficon36nodi/grafo10229.36,12,36,46,58,68,2.0,5,92,0.16206669807434082,2
751,graficon33nodi/grafo598.33,12,33,49,63,79,6.0,23,230,2.1352174282073975,2
752,graficon44nodi/grafo7435.44,12,44,53,63,72,3.0,4,98,0.1958904266357422,2
753,graficon40nodi/grafo6485.40,12,40,51,62,73,6.0,15,119,1.3418340682983398,2
754,graficon35nodi/grafo6035.35,12,35,50,61,76,4.0,9,175,0.6190533638000488,2
755,graficon38nodi/grafo7531.38,12,38,44,61,67,2.0,3,99,0.08682370185852051,2
756,graficon37nodi/grafo11473.37,12,37,42,61,66,1.0,1,54,0.035939693450927734,2
757,graficon33nodi/grafo5821.33,12,33,43,62,72,1.0,4,105,0.12061738967895508,2
758,graficon39nodi/grafo5308.39,12,39,49,64,74,2.0,7,101,0.263502836227417,2
759,graficon33nodi/grafo10454.33,12,33,41,61,69,2.0,3,77,0.14792513847351074,2
760,graficon42nodi/grafo7704.42,12,42,51,63,72,6.0,10,162,3.3530867099761963,2
761,graficon33nodi/grafo2654.33,12,33,49,64,80,5.0,14,161,0.8944272994995117,2
762,graficon36nodi/grafo11077.36,12,36,40,63,67,1.0,1,67,0.03650689125061035,2
763,graficon37nodi/grafo5888.37,12,37,50,60,73,6.0,9,107,0.4331693649291992,2
764,graficon33nodi/grafo10732.33,12,33,37,60,64,1.0,1,62,0.053529977798461914,2
765,graficon25nodi/grafo2301.25,12,25,37,61,73,1.0,1,103,0.08110976219177246,2
766,graficon43nodi/grafo7428.43,12,43,52,60,69,3.0,6,138,0.2506229877471924,2
767,graficon32nodi/grafo2991.32,12,32,43,61,72,4.0,6,141,0.49747490882873535,2
768,graficon41nodi/grafo3498.41,12,41,53,63,75,5.0,13,149,1.5394513607025146,2
769,graficon36nodi/grafo11414.36,12,36,47,62,73,6.0,9,98,0.403825044631958,2
770,graficon35nodi/grafo10841.35,12,35,45,62,72,4.0,9,123,0.5453414916992188,2
771,graficon38nodi/grafo2959.38,12,38,48,61,71,4.0,7,100,0.36902499198913574,2
772,graficon30nodi/grafo359.30,12,30,37,60,67,3.0,4,55,0.15295982360839844,2
773,graficon37nodi/grafo1555.37,12,37,48,61,72,5.0,15,136,1.3876545429229736,2
774,graficon37nodi/grafo2398.37,12,37,47,64,74,4.0,10,148,0.6583676338195801,2
775,graficon40nodi/grafo2729.40,12,40,46,64,70,3.0,4,100,0.41471076011657715,2
776,graficon42nodi/grafo3325.42,12,42,52,64,74,2.0,5,143,0.4934394359588623,2
777,graficon36nodi/grafo10462.36,12,36,40,61,65,0.0,0,41,0.018280744552612305,2
778,graficon39nodi/grafo7630.39,12,39,46,62,69,3.0,8,111,0.6156442165374756,2
779,graficon30nodi/grafo2012.30,12,30,46,64,80,8.0,16,201,1.361515760421753,2
780,graficon48nodi/grafo1669.48,12,48,59,62,73,7.0,15,281,1.6886894702911377,2
781,graficon40nodi/grafo3116.40,12,40,47,64,71,2.0,5,150,0.26619458198547363,2
782,graficon41nodi/grafo4047.41,12,41,48,63,70,1.0,1,104,0.1020514965057373,2
783,graficon44nodi/grafo3971.44,12,44,48,64,68,1.0,2,88,0.35813260078430176,2
784,graficon36nodi/grafo6093.36,12,36,43,63,70,5.0,7,62,0.7122058868408203,2
785,graficon39nodi/grafo6244.39,12,39,52,64,77,5.0,12,216,1.2402229309082031,2
786,graficon34nodi/grafo5991.34,12,34,41,60,67,2.0,2,94,0.3710815906524658,2
787,graficon38nodi/grafo5998.38,12,38,44,60,66,1.0,1,88,0.07349562644958496,2
788,graficon32nodi/grafo5807.32,12,32,41,64,73,1.0,2,66,0.14353680610656738,2
789,graficon29nodi/grafo2811.29,12,29,40,62,73,3.0,9,95,0.45597338676452637,2
790,graficon33nodi/grafo11643.33,12,33,37,60,64,1.0,1,62,0.054270267486572266,2
791,graficon45nodi/grafo7711.45,12,45,53,64,72,2.0,3,103,0.29583215713500977,2
792,graficon35nodi/grafo3483.35,12,35,41,61,67,3.0,4,77,0.26537346839904785,2
793,graficon37nodi/grafo7410.37,12,37,51,61,75,6.0,15,122,1.3103716373443604,2
794,graficon39nodi/grafo3792.39,12,39,49,61,71,3.0,7,152,0.5481336116790771,2
795,graficon46nodi/grafo7281.46,12,46,54,61,69,5.0,9,148,0.5150349140167236,2
796,graficon41nodi/grafo7033.41,12,41,48,60,67,3.0,8,122,0.6658051013946533,2
797,graficon37nodi/grafo6905.37,12,37,48,63,74,6.0,11,116,0.7878906726837158,2
798,graficon33nodi/grafo1668.33,12,33,41,63,71,3.0,6,71,0.4973318576812744,2
799,graficon43nodi/grafo4042.43,12,43,47,60,64,0.0,0,99,0.06722116470336914,2
800,graficon37nodi/grafo3728.37,12,37,47,63,73,3.0,6,102,0.4416799545288086,2
801,graficon37nodi/grafo6219.37,12,37,45,62,70,3.0,4,112,0.19696831703186035,2
802,graficon37nodi/grafo2761.37,12,37,45,60,68,3.0,5,138,0.15790057182312012,2
803,graficon35nodi/grafo6010.35,12,35,44,60,69,4.0,8,113,0.6472771167755127,2
804,graficon41nodi/grafo5637.41,12,41,49,61,69,3.0,5,148,0.3603053092956543,2
805,graficon36nodi/grafo5783.36,12,36,46,62,72,3.0,6,107,0.4607231616973877,2
806,graficon42nodi/grafo5250.42,12,42,51,64,73,3.0,7,117,0.5175869464874268,2
807,graficon38nodi/grafo11452.38,12,38,50,62,74,7.0,17,156,1.7304584980010986,2
808,graficon41nodi/grafo11172.41,12,41,51,62,72,5.0,8,126,0.597125768661499,2
809,graficon37nodi/grafo7650.37,12,37,52,63,78,4.0,9,210,0.5950520038604736,2
810,graficon33nodi/grafo11527.33,12,33,40,62,69,2.0,3,97,0.1384119987487793,2
811,graficon40nodi/grafo6142.40,12,40,49,64,73,5.0,8,117,0.5939934253692627,2
812,graficon36nodi/grafo5809.36,12,36,45,63,72,3.0,8,151,0.6899056434631348,2
813,graficon40nodi/grafo5426.40,12,40,50,62,72,5.0,14,269,3.403682231903076,2
814,graficon34nodi/grafo3076.34,12,34,39,61,66,1.0,2,59,0.14937758445739746,2
815,graficon39nodi/grafo7374.39,12,39,51,62,74,7.0,17,174,2.24653697013855,2
816,graficon40nodi/grafo7706.40,12,40,51,60,71,5.0,14,182,0.8994817733764648,2
817,graficon44nodi/grafo3602.44,12,44,53,62,71,5.0,12,218,1.1156046390533447,2
818,graficon43nodi/grafo7484.43,12,43,49,63,69,4.0,4,120,0.5989947319030762,2
819,graficon37nodi/grafo11410.37,12,37,45,64,72,3.0,4,87,0.11246395111083984,2
820,graficon35nodi/grafo6104.35,12,35,40,63,68,1.0,1,111,0.0707700252532959,2
821,graficon36nodi/grafo5360.36,12,36,44,62,70,4.0,6,80,0.439375638961792,2
822,graficon38nodi/grafo5222.38,12,38,43,62,67,2.0,3,90,0.2872779369354248,2
823,graficon36nodi/grafo11309.36,12,36,46,61,71,5.0,12,170,0.9344820976257324,2
824,graficon36nodi/grafo5457.36,12,36,43,61,68,2.0,4,58,0.1647326946258545,2
825,graficon37nodi/grafo7092.37,12,37,47,61,71,6.0,18,227,2.657878875732422,2
826,graficon38nodi/grafo1999.38,12,38,45,68,75,2.0,2,73,0.12871003150939941,2
827,graficon38nodi/grafo7684.38,12,38,54,68,84,6.0,15,225,1.682734489440918,2
828,graficon43nodi/grafo3669.43,12,43,52,67,76,4.0,6,231,1.0234837532043457,2
829,graficon40nodi/grafo11665.40,12,40,48,68,76,4.0,9,108,1.0840675830841064,2
830,graficon39nodi/grafo10234.39,12,39,51,69,81,6.0,13,126,0.8028852939605713,2
831,graficon40nodi/grafo6382.40,12,40,52,65,77,6.0,12,167,0.712975263595581,2
832,graficon44nodi/grafo7013.44,12,44,53,69,78,1.0,1,108,0.06775045394897461,2
833,graficon37nodi/grafo3341.37,12,37,50,66,79,7.0,12,218,1.183732032775879,2
834,graficon40nodi/grafo5504.40,12,40,53,66,79,5.0,10,158,2.5441951751708984,2
835,graficon44nodi/grafo1219.44,12,44,48,66,70,0.0,0,65,0.032804012298583984,2
836,graficon29nodi/grafo3034.29,12,29,40,65,76,3.0,4,178,0.35938477516174316,2
837,graficon44nodi/grafo3831.44,12,44,52,67,75,3.0,8,191,3.997880220413208,2
838,graficon35nodi/grafo3068.35,12,35,50,67,82,9.0,16,208,2.4332480430603027,2
839,graficon40nodi/grafo9898.40,12,40,50,68,78,6.0,9,96,0.5052390098571777,2
840,graficon37nodi/grafo6847.37,12,37,47,67,77,2.0,2,140,0.2513875961303711,2
841,graficon40nodi/grafo5327.40,12,40,47,68,75,3.0,4,116,0.33846139907836914,2
842,graficon44nodi/grafo6266.44,12,44,60,68,84,9.0,23,208,7.276482343673706,2
843,graficon39nodi/grafo6848.39,12,39,52,67,80,5.0,8,182,0.6167855262756348,2
844,graficon30nodi/grafo2030.30,12,30,44,66,80,7.0,14,168,3.9242401123046875,2
845,graficon40nodi/grafo6167.40,12,40,57,66,83,11.0,22,233,4.334285736083984,2
846,graficon39nodi/grafo2148.39,12,39,45,67,73,1.0,3,104,0.1378021240234375,2
847,graficon36nodi/grafo3734.36,12,36,46,67,77,4.0,6,200,1.1480700969696045,2
848,graficon39nodi/grafo5789.39,12,39,58,69,88,8.0,24,167,3.056398391723633,2
849,graficon29nodi/grafo1284.29,12,29,40,65,76,4.0,6,141,0.8009676933288574,2
850,graficon45nodi/grafo7024.45,12,45,50,65,70,4.0,5,78,0.5094537734985352,2
851,graficon33nodi/grafo5203.33,12,33,41,68,76,3.0,5,76,0.29169750213623047,2
852,graficon34nodi/grafo6218.34,12,34,40,65,71,2.0,3,62,0.13967370986938477,2
853,graficon43nodi/grafo7073.43,12,43,51,69,77,3.0,7,126,0.4648873805999756,2
854,graficon42nodi/grafo5867.42,12,42,52,69,79,6.0,12,237,1.8497519493103027,2
855,graficon36nodi/grafo7509.36,12,36,45,69,78,3.0,6,107,0.9863781929016113,2
856,graficon37nodi/grafo7743.37,12,37,55,68,86,9.0,21,259,3.4556429386138916,2
857,graficon44nodi/grafo6915.44,12,44,58,68,82,7.0,17,158,1.4061181545257568,2
858,graficon40nodi/grafo7570.40,12,40,52,68,80,6.0,14,170,1.5306997299194336,2
859,graficon33nodi/grafo5787.33,12,33,40,66,73,1.0,2,46,0.11587953567504883,2
860,graficon34nodi/grafo11517.34,12,34,44,69,79,3.0,5,135,0.82724928855896,2
861,graficon49nodi/grafo1560.49,12,49,59,68,78,4.0,9,125,0.881040096282959,2
862,graficon47nodi/grafo3121.47,12,47,54,65,72,3.0,3,189,0.6210613250732422,2
863,graficon38nodi/grafo2052.38,12,38,50,67,79,8.0,14,96,1.4268841743469238,2
864,graficon41nodi/grafo3794.41,12,41,52,65,76,7.0,18,172,1.3746774196624756,2
865,graficon38nodi/grafo3964.38,12,38,48,69,79,4.0,6,157,0.563145637512207,2
866,graficon39nodi/grafo7264.39,12,39,51,67,79,9.0,20,158,3.7462446689605713,2
867,graficon38nodi/grafo3752.38,12,38,46,65,73,3.0,4,116,0.47107887268066406,2
868,graficon37nodi/grafo3576.37,12,37,49,69,81,6.0,13,163,2.437549352645874,2
869,graficon38nodi/grafo5949.38,12,38,50,66,78,2.0,4,198,0.5526795387268066,2
870,graficon29nodi/grafo2639.29,12,29,43,67,81,3.0,6,225,0.4383113384246826,2
871,graficon38nodi/grafo11575.38,12,38,46,66,74,6.0,11,105,1.1087017059326172,2
872,graficon38nodi/grafo3321.38,12,38,53,66,81,9.0,16,194,1.6705682277679443,2
873,graficon31nodi/grafo1429.31,12,31,45,65,79,5.0,14,195,2.409924030303955,2
874,graficon38nodi/grafo4013.38,12,38,49,67,78,4.0,9,134,6.256369590759277,2
875,graficon28nodi/grafo1339.28,12,28,41,67,80,5.0,15,182,1.2383620738983154,2
876,graficon35nodi/grafo2020.35,12,35,43,68,76,1.0,1,90,0.049289703369140625,2
877,graficon40nodi/grafo7409.40,12,40,48,65,73,3.0,5,97,0.16244840621948242,2
878,graficon42nodi/grafo6141.42,12,42,53,68,79,6.0,13,124,1.5881638526916504,2
879,graficon38nodi/grafo3932.38,12,38,48,69,79,2.0,5,166,0.7802152633666992,2
880,graficon38nodi/grafo2986.38,12,38,50,67,79,6.0,17,156,3.2732303142547607,2
881,graficon42nodi/grafo5771.42,12,42,51,68,77,3.0,5,125,0.72589111328125,2
882,graficon45nodi/grafo7734.45,12,45,55,68,78,7.0,13,139,2.6375465393066406,2
883,graficon42nodi/grafo3094.42,12,42,49,69,76,2.0,2,107,0.4176647663116455,2
884,graficon38nodi/grafo819.38,12,38,49,68,79,6.0,13,140,1.1258823871612549,2
885,graficon39nodi/grafo6923.39,12,39,48,67,76,5.0,10,175,5.041805267333984,2
886,graficon33nodi/grafo10400.33,12,33,38,68,73,1.0,1,70,0.07430243492126465,2
887,graficon36nodi/grafo11346.36,12,36,49,69,82,6.0,12,113,0.8983526229858398,2
888,graficon39nodi/grafo11565.39,12,39,45,65,71,2.0,4,75,0.25592041015625,2
889,graficon50nodi/grafo1494.50,12,50,57,68,75,5.0,9,131,1.9969251155853271,2
890,graficon38nodi/grafo10455.38,12,38,42,67,71,1.0,1,52,0.04045224189758301,2
891,graficon38nodi/grafo9852.38,12,38,48,66,76,5.0,7,126,0.8377900123596191,2
892,graficon45nodi/grafo5975.45,12,45,52,66,73,3.0,5,113,1.0160222053527832,2
893,graficon39nodi/grafo4061.39,12,39,47,69,77,3.0,5,109,0.20337224006652832,2
894,graficon40nodi/grafo6955.40,12,40,52,69,81,3.0,8,157,1.142751693725586,2
895,graficon41nodi/grafo7624.41,12,41,54,69,82,5.0,11,247,3.028036594390869,2
896,graficon35nodi/grafo6116.35,12,35,43,69,77,3.0,5,86,0.2991056442260742,2
897,graficon51nodi/grafo1404.51,12,51,70,69,88,13.0,38,355,19.033637762069702,2
898,graficon36nodi/grafo7553.36,12,36,52,69,85,7.0,15,153,1.7942681312561035,2
899,graficon40nodi/grafo3711.40,12,40,53,68,81,2.0,3,189,0.4095797538757324,2
900,graficon37nodi/grafo2099.37,12,37,44,69,76,0.0,0,65,0.03923368453979492,2
901,graficon40nodi/grafo3916.40,12,40,51,71,82,4.0,6,137,0.9156808853149414,2
902,graficon39nodi/grafo227.39,12,39,47,72,80,3.0,4,112,0.48897743225097656,2
903,graficon44nodi/grafo7217.44,12,44,53,70,79,4.0,7,162,0.5586743354797363,2
904,graficon35nodi/grafo10277.35,12,35,45,71,81,4.0,8,163,0.7950875759124756,2
905,graficon37nodi/grafo2678.37,12,37,45,74,82,2.0,2,116,0.30975341796875,2
906,graficon44nodi/grafo3432.44,12,44,55,72,83,7.0,9,103,0.7223832607269287,2
907,graficon43nodi/grafo7404.43,12,43,55,73,85,5.0,9,175,1.2836523056030273,2
908,graficon47nodi/grafo6168.47,12,47,50,70,73,1.0,1,148,0.08849811553955078,2
909,graficon44nodi/grafo5590.44,12,44,49,72,77,1.0,1,65,0.04353523254394531,2
910,graficon37nodi/grafo3954.37,12,37,50,70,83,7.0,12,140,1.5711662769317627,2
911,graficon40nodi/grafo490.40,12,40,45,71,76,1.0,1,59,0.03847026824951172,2
912,graficon38nodi/grafo3708.38,12,38,53,74,89,5.0,8,174,1.0715539455413818,2
913,graficon34nodi/grafo10511.34,12,34,41,71,78,2.0,3,92,0.17739462852478027,2
914,graficon39nodi/grafo11357.39,12,39,48,71,80,4.0,8,126,0.5513012409210205,2
915,graficon49nodi/grafo6373.49,12,49,56,73,80,7.0,10,144,1.5711448192596436,2
916,graficon41nodi/grafo7372.41,12,41,55,71,85,8.0,14,328,5.344676494598389,2
917,graficon47nodi/grafo3806.47,12,47,52,71,76,3.0,3,124,0.41266322135925293,2
918,graficon40nodi/grafo7285.40,12,40,56,70,86,7.0,20,243,6.034592628479004,2
919,graficon36nodi/grafo5124.36,12,36,43,70,77,3.0,4,108,0.27184438705444336,2
920,graficon38nodi/grafo3457.38,12,38,43,70,75,1.0,1,64,0.05790567398071289,2
921,graficon40nodi/grafo3539.40,12,40,57,72,89,7.0,20,204,2.4613938331604004,2
922,graficon39nodi/grafo3391.39,12,39,61,71,93,11.0,38,326,14.43866229057312,2
923,graficon38nodi/grafo6480.38,12,38,50,70,82,7.0,11,126,1.1936759948730469,2
924,graficon42nodi/grafo3820.42,12,42,52,70,80,3.0,5,137,0.83866286277771,2
925,graficon40nodi/grafo11283.40,12,40,52,74,86,6.0,11,119,1.3236665725708008,2
926,graficon48nodi/grafo1535.48,12,48,53,72,77,1.0,1,93,0.060967445373535156,2
927,graficon44nodi/grafo11640.44,12,44,59,73,88,6.0,15,198,3.796164035797119,2
928,graficon30nodi/grafo1810.30,12,30,40,73,83,2.0,4,122,0.586510181427002,2
929,graficon38nodi/grafo10767.38,12,38,50,72,84,6.0,7,231,1.7421445846557617,2
930,graficon39nodi/grafo10062.39,12,39,44,74,79,3.0,5,69,0.511303186416626,2
931,graficon42nodi/grafo6171.42,12,42,59,73,90,9.0,18,206,5.673355579376221,2
932,graficon41nodi/grafo7074.41,12,41,50,72,81,1.0,1,129,0.07810044288635254,2
933,graficon42nodi/grafo6304.42,12,42,55,73,86,6.0,13,246,1.065035104751587,2
934,graficon43nodi/grafo3801.43,12,43,52,70,79,3.0,5,99,0.4490082263946533,2
935,graficon40nodi/grafo3538.40,12,40,46,72,78,3.0,3,74,0.5202293395996094,2
936,graficon38nodi/grafo10567.38,12,38,47,74,83,5.0,9,192,1.8487975597381592,2
937,graficon37nodi/grafo3445.37,12,37,46,73,82,4.0,7,72,0.3575465679168701,2
938,graficon37nodi/grafo11122.37,12,37,44,74,81,3.0,7,99,1.3888027667999268,2
939,graficon35nodi/grafo3499.35,12,35,47,70,82,5.0,9,121,0.5541512966156006,2
940,graficon42nodi/grafo7296.42,12,42,56,73,87,6.0,11,157,1.275794267654419,2
941,graficon38nodi/grafo10027.38,12,38,50,74,86,6.0,9,134,0.796292781829834,2
942,graficon40nodi/grafo6207.40,12,40,52,72,84,6.0,11,168,1.1642651557922363,2
943,graficon35nodi/grafo3006.35,12,35,44,70,79,2.0,3,105,0.32984185218811035,2
944,graficon56nodi/grafo5979.56,12,56,69,72,85,9.0,21,432,5.058088541030884,2
945,graficon39nodi/grafo7283.39,12,39,50,74,85,4.0,11,206,1.792616605758667,2
946,graficon40nodi/grafo3229.40,12,40,48,74,82,3.0,3,83,0.431441068649292,2
947,graficon37nodi/grafo2528.37,12,37,50,70,83,3.0,6,151,0.649566650390625,2
948,graficon40nodi/grafo2963.40,12,40,49,70,79,5.0,7,144,0.7429211139678955,2
949,graficon37nodi/grafo11238.37,12,37,47,70,80,3.0,5,151,0.19069147109985352,2
950,graficon34nodi/grafo5693.34,12,34,46,73,85,4.0,5,117,1.8724429607391357,2
951,graficon45nodi/grafo5623.45,12,45,55,74,84,2.0,2,197,0.9736058712005615,2
952,graficon38nodi/grafo1157.38,12,38,48,73,83,2.0,5,83,0.2547287940979004,2
953,graficon36nodi/grafo9862.36,12,36,51,74,89,5.0,10,152,0.9868431091308594,2
954,graficon39nodi/grafo10505.39,12,39,52,70,83,6.0,12,172,1.6302967071533203,2
955,graficon34nodi/grafo9934.34,12,34,40,73,79,0.0,0,40,0.033797502517700195,2
956,graficon42nodi/grafo7692.42,12,42,54,74,86,4.0,9,133,0.7896654605865479,2
957,graficon41nodi/grafo7635.41,12,41,53,71,83,9.0,21,209,6.49632453918457,2
958,graficon39nodi/grafo3849.39,12,39,50,71,82,5.0,9,254,1.5138967037200928,2
959,graficon40nodi/grafo3287.40,12,40,52,71,83,4.0,11,119,1.0867140293121338,2
960,graficon56nodi/grafo7164.56,12,56,68,70,82,5.0,9,160,2.991776466369629,2
961,graficon43nodi/grafo7403.43,12,43,57,70,84,7.0,22,203,6.126976728439331,2
962,graficon39nodi/grafo6476.39,12,39,50,73,84,5.0,14,97,0.7114739418029785,2
963,graficon41nodi/grafo5344.41,12,41,52,73,84,5.0,8,109,0.5324113368988037,2
964,graficon35nodi/grafo7560.35,12,35,45,72,82,4.0,5,94,0.34055614471435547,2
965,graficon39nodi/grafo11552.39,12,39,47,71,79,2.0,4,127,0.3511941432952881,2
966,graficon42nodi/grafo3865.42,12,42,56,73,87,7.0,15,156,3.9552550315856934,2
967,graficon46nodi/grafo1581.46,12,46,52,71,77,2.0,2,113,0.6033353805541992,2
968,graficon38nodi/grafo7187.38,12,38,52,74,88,4.0,18,242,2.8307247161865234,2
969,graficon57nodi/grafo5041.57,12,57,63,74,80,2.0,4,192,7.224067449569702,2
970,graficon37nodi/grafo7512.37,12,37,45,71,79,1.0,2,120,0.1875934600830078,2
971,graficon39nodi/grafo7479.39,12,39,53,70,84,6.0,13,172,1.286743402481079,2
972,graficon46nodi/grafo5905.46,12,46,56,74,84,6.0,7,151,0.8472385406494141,2
973,graficon40nodi/grafo3387.40,12,40,53,74,87,6.0,15,177,1.8351869583129883,2
974,graficon38nodi/grafo3915.38,12,38,44,71,77,1.0,2,101,0.3128392696380615,2
975,graficon37nodi/grafo11479.37,12,37,44,73,80,4.0,6,99,0.5676300525665283,2
976,graficon36nodi/grafo2504.36,12,36,49,76,89,6.0,9,132,1.0309836864471436,2
977,graficon30nodi/grafo3011.30,12,30,41,76,87,3.0,4,157,0.49686622619628906,2
978,graficon39nodi/grafo2310.39,12,39,59,77,97,10.0,21,284,1.2608966827392578,2
979,graficon40nodi/grafo365.40,12,40,47,76,83,3.0,4,84,0.3162405490875244,2
980,graficon41nodi/grafo5534.41,12,41,49,77,85,3.0,5,107,0.4560825824737549,2
981,graficon36nodi/grafo5632.36,12,36,43,76,83,3.0,5,84,0.4756200313568115,2
982,graficon42nodi/grafo3895.42,12,42,55,79,92,12.0,22,207,5.6394875049591064,2
983,graficon40nodi/grafo7534.40,12,40,54,76,90,7.0,15,221,1.397169828414917,2
984,graficon38nodi/grafo11163.38,12,38,50,77,89,4.0,14,173,1.0206310749053955,2
985,graficon36nodi/grafo5700.36,12,36,49,78,91,6.0,11,183,1.4534029960632324,2
986,graficon41nodi/grafo7150.41,12,41,52,75,86,6.0,8,73,0.8335113525390625,2
987,graficon38nodi/grafo9909.38,12,38,48,77,87,4.0,8,152,0.2989375591278076,2
988,graficon41nodi/grafo6152.41,12,41,56,75,90,7.0,12,159,1.6732029914855957,2
989,graficon44nodi/grafo3924.44,12,44,53,75,84,4.0,8,169,1.2943766117095947,2
990,graficon38nodi/grafo5880.38,12,38,52,76,90,6.0,12,163,0.7886548042297363,2
991,graficon31nodi/grafo1257.31,12,31,50,76,95,9.0,22,236,2.24882435798645,2
992,graficon40nodi/grafo9929.40,12,40,56,77,93,9.0,19,123,1.6102213859558105,2
993,graficon43nodi/grafo7444.43,12,43,55,77,89,7.0,15,125,2.5262858867645264,2
994,graficon33nodi/grafo1975.33,12,33,46,77,90,6.0,9,112,0.42064332962036133,2
995,graficon44nodi/grafo5982.44,12,44,57,79,92,5.0,12,255,3.384765863418579,2
996,graficon49nodi/grafo1353.49,12,49,54,76,81,2.0,3,102,0.21805787086486816,2
997,graficon36nodi/grafo3379.36,12,36,44,75,83,1.0,1,89,0.05663013458251953,2
998,graficon37nodi/grafo5904.37,12,37,50,77,90,4.0,10,131,1.6254689693450928,2
999,graficon37nodi/grafo3837.37,12,37,52,75,90,7.0,13,250,3.031205177307129,2
1000,graficon42nodi/grafo6032.42,12,42,51,76,85,3.0,5,126,0.5824215412139893,2
1001,graficon40nodi/grafo7544.40,12,40,53,75,88,2.0,4,227,0.4078640937805176,2
1002,graficon38nodi/grafo7305.38,12,38,53,76,91,7.0,17,184,3.6943957805633545,2
1003,graficon48nodi/grafo7046.48,12,48,54,76,82,2.0,2,178,0.4289228916168213,2
1004,graficon47nodi/grafo3232.47,12,47,55,77,85,2.0,4,106,0.4500393867492676,2
1005,graficon40nodi/grafo3885.40,12,40,51,75,86,2.0,6,131,0.763676643371582,2
1006,graficon43nodi/grafo6858.43,12,43,61,77,95,8.0,19,206,3.983299732208252,2
1007,graficon43nodi/grafo5298.43,12,43,56,76,89,6.0,11,130,0.9787178039550781,2
1008,graficon37nodi/grafo11609.37,12,37,44,77,84,4.0,6,73,2.494865894317627,2
1009,graficon43nodi/grafo7047.43,12,43,55,76,88,5.0,9,141,1.8488423824310303,2
1010,graficon46nodi/grafo1484.46,12,46,57,78,89,5.0,11,273,1.6439714431762695,2
1011,graficon37nodi/grafo5641.37,12,37,44,79,86,1.0,1,121,0.07547354698181152,2
1012,graficon47nodi/grafo7547.47,12,47,59,77,89,6.0,10,131,2.2205467224121094,2
1013,graficon40nodi/grafo10494.40,12,40,50,78,88,4.0,6,116,0.649345874786377,2
1014,graficon37nodi/grafo2713.37,12,37,48,76,87,6.0,14,162,3.487091541290283,2
1015,graficon39nodi/grafo6248.39,12,39,50,79,90,3.0,6,188,0.9401297569274902,2
1016,graficon38nodi/grafo5903.38,12,38,48,77,87,5.0,8,119,1.0563805103302002,2
1017,graficon43nodi/grafo6296.43,12,43,59,79,95,11.0,25,332,20.863965272903442,2
1018,graficon41nodi/grafo6951.41,12,41,54,76,89,5.0,13,187,0.7560858726501465,2
1019,graficon39nodi/grafo10733.39,12,39,53,79,93,4.0,8,144,0.8623161315917969,2
1020,graficon41nodi/grafo7056.41,12,41,51,76,86,2.0,3,130,0.6326870918273926,2
1021,graficon46nodi/grafo3380.46,12,46,56,75,85,4.0,7,111,0.7119898796081543,2
1022,graficon41nodi/grafo3534.41,12,41,49,77,85,3.0,6,133,1.2113311290740967,2
1023,graficon39nodi/grafo3617.39,12,39,48,77,86,2.0,2,98,0.33583903312683105,2
1024,graficon38nodi/grafo11024.38,12,38,45,75,82,2.0,4,68,0.3900337219238281,2
1025,graficon49nodi/grafo1408.49,12,49,59,77,87,0.0,0,184,0.11525440216064453,2
1026,graficon46nodi/grafo7234.46,12,46,63,78,95,11.0,26,289,25.757087469100952,2
1027,graficon45nodi/grafo3840.45,12,45,59,79,93,7.0,19,277,3.694453716278076,2
1028,graficon43nodi/grafo5371.43,12,43,57,79,93,5.0,10,112,0.7867567539215088,2
1029,graficon38nodi/grafo3671.38,12,38,47,75,84,3.0,5,83,2.030932903289795,2
1030,graficon38nodi/grafo9893.38,12,38,49,76,87,4.0,6,90,0.5875692367553711,2
1031,graficon35nodi/grafo4037.35,12,35,40,78,83,3.0,3,85,0.45524168014526367,2
1032,graficon36nodi/grafo5155.36,12,36,47,79,90,4.0,7,140,1.2045938968658447,2
1033,graficon42nodi/grafo7486.42,12,42,57,79,94,8.0,16,162,2.8167483806610107,2
1034,graficon49nodi/grafo3418.49,12,49,63,79,93,6.0,13,150,2.8806965351104736,2
1035,graficon38nodi/grafo9981.38,12,38,45,78,85,1.0,1,49,0.15584731101989746,2
1036,graficon27nodi/grafo2050.27,12,27,36,76,85,1.0,1,53,0.05898618698120117,2
1037,graficon29nodi/grafo2072.29,12,29,43,78,92,4.0,6,126,0.5742149353027344,2
1038,graficon45nodi/grafo1836.45,12,45,58,77,90,4.0,15,208,1.674086093902588,2
1039,graficon34nodi/grafo3921.34,12,34,46,77,89,4.0,7,155,0.9359066486358643,2
1040,graficon55nodi/grafo6415.55,12,55,59,76,80,1.0,2,88,3.5604019165039062,2
1041,graficon41nodi/grafo6191.41,12,41,52,78,89,6.0,10,212,0.8842008113861084,2
1042,graficon46nodi/grafo1406.46,12,46,56,79,89,3.0,4,146,0.7810192108154297,2
1043,graficon45nodi/grafo5925.45,12,45,56,79,90,6.0,14,167,7.031175136566162,2
1044,graficon35nodi/grafo3996.35,12,35,47,78,90,7.0,13,156,0.9898326396942139,2
1045,graficon46nodi/grafo6678.46,12,46,55,77,86,2.0,2,135,0.6885170936584473,2
1046,graficon43nodi/grafo3573.43,12,43,58,79,94,7.0,15,138,2.6250970363616943,2
1047,graficon40nodi/grafo6972.40,12,40,51,77,88,4.0,6,143,0.5842835903167725,2
1048,graficon51nodi/grafo3958.51,12,51,62,77,88,6.0,16,245,6.7191691398620605,2
1049,graficon39nodi/grafo10192.39,12,39,48,78,87,4.0,7,121,0.984602689743042,2
1050,graficon45nodi/grafo6007.45,12,45,58,79,92,7.0,13,192,3.5200741291046143,2
1051,graficon37nodi/grafo11553.37,12,37,49,83,95,3.0,4,69,0.2488386631011963,2
1052,graficon44nodi/grafo7454.44,12,44,56,84,96,6.0,11,152,7.649850606918335,2
1053,graficon40nodi/grafo5453.40,12,40,57,83,100,8.0,19,193,5.71584153175354,2
1054,graficon43nodi/grafo6144.43,12,43,56,80,93,5.0,9,230,1.8328981399536133,2
1055,graficon38nodi/grafo5499.38,12,38,48,81,91,2.0,3,95,0.4344620704650879,2
1056,graficon41nodi/grafo6973.41,12,41,58,84,101,9.0,16,202,4.414657354354858,2
1057,graficon39nodi/grafo10037.39,12,39,50,80,91,5.0,9,149,1.2328059673309326,2
1058,graficon36nodi/grafo11554.36,12,36,50,82,96,7.0,22,218,5.007858991622925,2
1059,graficon60nodi/grafo5751.60,12,60,75,84,99,10.0,21,467,14.272687435150146,2
1060,graficon42nodi/grafo5241.42,12,42,55,83,96,5.0,11,157,0.9775621891021729,2
1061,graficon46nodi/grafo6628.46,12,46,63,83,100,8.0,26,473,17.160887479782104,2
1062,graficon39nodi/grafo9924.39,12,39,52,84,97,4.0,12,128,1.9239320755004883,2
1063,graficon46nodi/grafo3661.46,12,46,56,83,93,3.0,6,131,0.582329273223877,2
1064,graficon38nodi/grafo7549.38,12,38,50,82,94,5.0,12,146,9.819715976715088,2
1065,graficon39nodi/grafo11532.39,12,39,51,81,93,2.0,4,82,0.715684175491333,2
1066,graficon47nodi/grafo1536.47,12,47,52,80,85,0.0,0,120,0.040105342864990234,2
1067,graficon38nodi/grafo4110.38,12,38,52,84,98,7.0,14,233,5.0468831062316895,2
1068,graficon41nodi/grafo6857.41,12,41,54,83,96,6.0,6,101,0.3880879878997803,2
1069,graficon34nodi/grafo6118.34,12,34,42,82,90,1.0,1,89,0.08838558197021484,2
1070,graficon39nodi/grafo10014.39,12,39,52,83,96,6.0,10,119,1.2319648265838623,2
1071,graficon43nodi/grafo7598.43,12,43,57,82,96,5.0,12,147,1.6613428592681885,2
1072,graficon39nodi/grafo3329.39,12,39,50,80,91,5.0,8,117,1.2090668678283691,2
1073,graficon43nodi/grafo1506.43,12,43,50,82,89,3.0,4,169,2.182558298110962,2
1074,graficon42nodi/grafo5595.42,12,42,56,80,94,5.0,12,220,2.3409769535064697,2
1075,graficon41nodi/grafo2235.41,12,41,58,83,100,8.0,15,203,2.5738754272460938,2
1076,graficon37nodi/grafo5408.37,12,37,57,84,104,11.0,29,213,20.571906089782715,2
1077,graficon56nodi/grafo7757.56,12,56,64,80,88,5.0,10,178,1.5278136730194092,2
1078,graficon43nodi/grafo7465.43,12,43,60,80,97,7.0,18,292,2.5461971759796143,2
1079,graficon42nodi/grafo5984.42,12,42,53,80,91,3.0,6,102,0.33090686798095703,2
1080,graficon49nodi/grafo2124.49,12,49,64,82,97,6.0,11,231,2.0354349613189697,2
1081,graficon39nodi/grafo3939.39,12,39,50,83,94,6.0,10,124,12.705546855926514,2
1082,graficon41nodi/grafo6441.41,12,41,54,82,95,6.0,11,131,1.2641594409942627,2
1083,graficon56nodi/grafo4306.56,12,56,63,84,91,1.0,2,199,0.5676820278167725,2
1084,graficon43nodi/grafo5339.43,12,43,54,81,92,5.0,9,146,2.9833457469940186,2
1085,graficon36nodi/grafo3413.36,12,36,53,83,100,8.0,16,239,5.4220781326293945,2
1086,graficon40nodi/grafo7766.40,12,40,50,80,90,6.0,11,122,1.7842442989349365,2
1087,graficon41nodi/grafo3444.41,12,41,53,82,94,9.0,13,137,1.6998131275177002,2
1088,graficon55nodi/grafo6789.55,12,55,60,81,86,3.0,4,238,1.4016687870025635,2
1089,graficon32nodi/grafo1421.32,12,32,45,80,93,3.0,6,146,0.3794667720794678,2
1090,graficon36nodi/grafo5865.36,12,36,44,83,91,1.0,2,82,0.27541017532348633,2
1091,graficon42nodi/grafo3326.42,12,42,60,82,100,11.0,30,209,10.229300498962402,2
1092,graficon43nodi/grafo3360.43,12,43,56,83,96,4.0,11,223,9.036319732666016,2
1093,graficon44nodi/grafo5765.44,12,44,59,84,99,7.0,13,237,4.251647233963013,2
1094,graficon38nodi/grafo10031.38,12,38,49,84,95,4.0,5,117,0.568943977355957,2
1095,graficon46nodi/grafo5873.46,12,46,57,83,94,3.0,6,166,1.3269431591033936,2
1096,graficon43nodi/grafo5486.43,12,43,54,81,92,7.0,14,185,5.135421514511108,2
1097,graficon40nodi/grafo6472.40,12,40,57,84,101,7.0,22,291,6.2849555015563965,2
1098,graficon47nodi/grafo6781.47,12,47,66,82,101,10.0,19,252,4.758972883224487,2
1099,graficon36nodi/grafo3953.36,12,36,48,83,95,3.0,3,145,0.25931715965270996,2
1100,graficon43nodi/grafo5760.43,12,43,55,84,96,4.0,8,138,1.5784482955932617,2
1101,graficon26nodi/grafo914.26,12,26,42,83,99,9.0,23,193,6.8917577266693115,2
1102,graficon38nodi/grafo7227.38,12,38,54,80,96,6.0,15,225,3.0534775257110596,2
1103,graficon40nodi/grafo7652.40,12,40,55,80,95,7.0,14,130,1.352541208267212,2
1104,graficon37nodi/grafo11359.37,12,37,47,83,93,3.0,6,157,0.5841174125671387,2
1105,graficon42nodi/grafo1092.42,12,42,53,81,92,3.0,8,117,1.4703638553619385,2
1106,graficon39nodi/grafo10835.39,12,39,45,82,88,2.0,3,72,0.23861455917358398,2
1107,graficon40nodi/grafo7432.40,12,40,47,80,87,2.0,4,102,0.47021937370300293,2
1108,graficon45nodi/grafo7099.45,12,45,56,84,95,5.0,12,198,2.5847535133361816,2
1109,graficon44nodi/grafo7381.44,12,44,65,81,102,12.0,38,358,18.962708234786987,2
1110,graficon42nodi/grafo7049.42,12,42,54,81,93,7.0,12,172,1.7044270038604736,2
1111,graficon40nodi/grafo7542.40,12,40,51,81,92,6.0,9,120,1.3446168899536133,2
1112,graficon42nodi/grafo6058.42,12,42,54,81,93,5.0,9,128,1.2721383571624756,2
1113,graficon40nodi/grafo3753.40,12,40,53,81,94,7.0,16,134,4.751065731048584,2
1114,graficon48nodi/grafo6376.48,12,48,61,81,94,8.0,14,153,4.874670505523682,2
1115,graficon42nodi/grafo7146.42,12,42,54,82,94,3.0,4,177,1.3505771160125732,2
1116,graficon39nodi/grafo3944.39,12,39,54,84,99,6.0,9,185,1.5192596912384033,2
1117,graficon41nodi/grafo7373.41,12,41,58,80,97,12.0,33,345,49.853204011917114,2
1118,graficon19nodi/grafo2375.19,12,19,35,80,96,5.0,14,187,0.5320835113525391,2
1119,graficon41nodi/grafo5234.41,12,41,51,83,93,3.0,4,144,0.5698544979095459,2
1120,graficon55nodi/grafo3570.55,12,55,66,83,94,6.0,11,252,4.756128787994385,2
1121,graficon49nodi/grafo3626.49,12,49,61,81,93,9.0,18,275,7.110989332199097,2
1122,graficon47nodi/grafo6600.47,12,47,68,84,105,11.0,30,308,15.376402854919434,2
1123,graficon39nodi/grafo3793.39,12,39,53,81,95,5.0,12,189,1.415297269821167,2
1124,graficon41nodi/grafo7007.41,12,41,55,84,98,8.0,19,208,6.234068870544434,2
1125,graficon39nodi/grafo5742.39,12,39,56,83,100,8.0,15,237,3.0105082988739014,2
1126,graficon40nodi/grafo7541.40,12,40,53,89,102,6.0,12,207,2.6454038619995117,2
1127,graficon54nodi/grafo4016.54,12,54,65,88,99,3.0,6,144,0.6016161441802979,2
1128,graficon45nodi/grafo7241.45,12,45,62,86,103,6.0,10,227,1.841111421585083,2
1129,graficon43nodi/grafo6406.43,12,43,57,86,100,4.0,10,216,1.0914034843444824,2
1130,graficon42nodi/grafo7246.42,12,42,53,89,100,5.0,9,107,1.0742769241333008,2
1131,graficon44nodi/grafo7720.44,12,44,61,88,105,7.0,17,206,2.433476448059082,2
1132,graficon46nodi/grafo7742.46,12,46,58,85,97,5.0,14,234,3.922076940536499,2
1133,graficon44nodi/grafo7169.44,12,44,56,85,97,5.0,13,152,15.096785545349121,2
1134,graficon52nodi/grafo1591.52,12,52,62,85,95,3.0,5,106,0.8371913433074951,2
1135,graficon48nodi/grafo5501.48,12,48,65,88,105,10.0,28,260,15.858575582504272,2
1136,graficon44nodi/grafo5554.44,12,44,61,89,106,5.0,13,306,2.4543535709381104,2
1137,graficon39nodi/grafo7716.39,12,39,49,85,95,3.0,7,131,6.297844648361206,2
1138,graficon37nodi/grafo11653.37,12,37,51,87,101,2.0,2,93,0.4440121650695801,2
1139,graficon58nodi/grafo4792.58,12,58,69,88,99,1.0,4,154,0.2579045295715332,2
1140,graficon49nodi/grafo7578.49,12,49,57,89,97,3.0,6,141,7.518614053726196,2
1141,graficon61nodi/grafo5831.61,12,61,72,88,99,8.0,23,289,11.078949689865112,2
1142,graficon46nodi/grafo5331.46,12,46,58,88,100,8.0,20,273,19.152034997940063,2
1143,graficon51nodi/grafo4600.51,12,51,62,89,100,5.0,7,167,0.8395817279815674,2
1144,graficon40nodi/grafo3335.40,12,40,53,89,102,5.0,9,140,2.74729585647583,2
1145,graficon42nodi/grafo6257.42,12,42,60,85,103,7.0,16,269,2.560281991958618,2
1146,graficon36nodi/grafo5546.36,12,36,51,88,103,8.0,16,172,5.592414855957031,2
1147,graficon41nodi/grafo9946.41,12,41,48,85,92,2.0,5,94,1.2854430675506592,2
1148,graficon60nodi/grafo4886.60,12,60,73,85,98,8.0,20,262,22.732842206954956,2
1149,graficon40nodi/grafo7050.40,12,40,51,88,99,4.0,5,157,2.324070692062378,2
1150,graficon49nodi/grafo4380.49,12,49,64,87,102,4.0,6,162,0.5389251708984375,2
1151,graficon55nodi/grafo3625.55,12,55,68,88,101,9.0,20,301,17.434872150421143,2
1152,graficon53nodi/grafo7688.53,12,53,65,88,100,5.0,13,236,4.68791651725769,2
1153,graficon39nodi/grafo5407.39,12,39,53,89,103,7.0,18,164,1.3241569995880127,2
1154,graficon41nodi/grafo2781.41,12,41,61,87,107,12.0,28,266,7.286262035369873,2
1155,graficon37nodi/grafo5598.37,12,37,48,88,99,3.0,3,126,0.9380273818969727,2
1156,graficon40nodi/grafo3997.40,12,40,56,88,104,9.0,22,303,7.560574531555176,2
1157,graficon43nodi/grafo7470.43,12,43,52,88,97,5.0,7,103,1.0704259872436523,2
1158,graficon45nodi/grafo7442.45,12,45,53,86,94,2.0,2,99,0.6229102611541748,2
1159,graficon54nodi/grafo7723.54,12,54,73,86,105,10.0,29,238,63.10439586639404,2
1160,graficon42nodi/grafo7352.42,12,42,51,85,94,2.0,3,78,0.1889960765838623,2
1161,graficon40nodi/grafo7670.40,12,40,56,88,104,4.0,5,211,1.2532105445861816,2
1162,graficon43nodi/grafo5245.43,12,43,59,88,104,6.0,13,235,1.5693323612213135,2
1163,graficon51nodi/grafo1486.51,12,51,60,87,96,4.0,5,130,1.3611204624176025,2
1164,graficon36nodi/grafo6049.36,12,36,45,87,96,2.0,4,91,0.5068168640136719,2
1165,graficon39nodi/grafo7415.39,12,39,53,88,102,6.0,11,157,2.094425916671753,2
1166,graficon40nodi/grafo5373.40,12,40,58,87,105,6.0,17,221,5.366178750991821,2
1167,graficon38nodi/grafo9979.38,12,38,50,86,98,7.0,10,84,1.2870635986328125,2
1168,graficon48nodi/grafo5194.48,12,48,65,89,106,9.0,17,258,4.821303129196167,2
1169,graficon48nodi/grafo5357.48,12,48,64,85,101,11.0,25,209,8.099826574325562,2
1170,graficon36nodi/grafo11662.36,12,36,48,87,99,1.0,1,65,0.07946014404296875,2
1171,graficon42nodi/grafo7614.42,12,42,57,87,102,7.0,16,431,8.128599882125854,2
1172,graficon48nodi/grafo7272.48,12,48,57,86,95,2.0,3,141,0.3283882141113281,2
1173,graficon44nodi/grafo5878.44,12,44,56,87,99,5.0,9,155,1.4198017120361328,2
1174,graficon42nodi/grafo5958.42,12,42,56,86,100,5.0,11,177,1.7687523365020752,2
1175,graficon58nodi/grafo1588.58,12,58,66,88,96,4.0,7,243,2.425485134124756,2
1176,graficon52nodi/grafo3455.52,12,52,65,87,100,7.0,14,157,8.721379518508911,2
1177,graficon42nodi/grafo7583.42,12,42,56,86,100,6.0,15,152,4.653578281402588,2
1178,graficon49nodi/grafo7370.49,12,49,64,87,102,4.0,6,244,0.6169726848602295,2
1179,graficon39nodi/grafo5157.39,12,39,54,88,103,4.0,10,197,1.8404185771942139,2
1180,graficon47nodi/grafo6822.47,12,47,56,88,97,3.0,5,192,0.943474531173706,2
1181,graficon43nodi/grafo6928.43,12,43,56,88,101,6.0,13,151,1.8070976734161377,2
1182,graficon38nodi/grafo3421.38,12,38,52,89,103,7.0,21,165,8.395183086395264,2
1183,graficon39nodi/grafo3727.39,12,39,53,86,100,4.0,9,161,1.151331901550293,2
1184,graficon44nodi/grafo6870.44,12,44,64,85,105,12.0,34,186,13.803945779800415,2
1185,graficon36nodi/grafo9853.36,12,36,48,87,99,1.0,1,65,0.06535863876342773,2
1186,graficon50nodi/grafo4518.50,12,50,66,87,103,6.0,15,237,1.9285228252410889,2
1187,graficon42nodi/grafo7709.42,12,42,58,86,102,7.0,15,171,3.0250775814056396,2
1188,graficon60nodi/grafo7155.60,12,60,70,86,96,4.0,5,262,0.9440324306488037,2
1189,graficon64nodi/grafo4420.64,12,64,81,88,105,9.0,18,261,6.074102878570557,2
1190,graficon47nodi/grafo6437.47,12,47,70,88,111,16.0,56,350,54.98282217979431,2
1191,graficon45nodi/grafo3151.45,12,45,58,86,99,6.0,12,137,3.2921879291534424,2
1192,graficon51nodi/grafo4369.51,12,51,67,87,103,6.0,15,271,6.065736770629883,2
1193,graficon38nodi/grafo3887.38,12,38,52,87,101,4.0,10,178,1.5239019393920898,2
1194,graficon44nodi/grafo6329.44,12,44,58,88,102,5.0,8,119,1.161661148071289,2
1195,graficon50nodi/grafo1418.50,12,50,57,88,95,3.0,6,123,0.4900636672973633,2
1196,graficon43nodi/grafo6886.43,12,43,62,85,104,11.0,25,207,9.994799137115479,2
1197,graficon42nodi/grafo7012.42,12,42,59,88,105,7.0,15,230,3.2130491733551025,2
1198,graficon34nodi/grafo5990.34,12,34,45,89,100,1.0,1,146,0.14991211891174316,2
1199,graficon56nodi/grafo4391.56,12,56,70,86,100,8.0,19,377,8.15298056602478,2
1200,graficon48nodi/grafo6689.48,12,48,57,86,95,5.0,6,143,0.9437305927276611,2
1201,graficon36nodi/grafo10457.36,12,36,45,93,102,2.0,4,96,0.5223498344421387,2
1202,graficon46nodi/grafo5338.46,12,46,62,94,110,7.0,16,201,8.491897106170654,2
1203,graficon72nodi/grafo9639.72,12,72,80,94,102,7.0,13,273,14.86118221282959,2
1204,graficon44nodi/grafo3644.44,12,44,54,93,103,4.0,7,85,0.5804469585418701,2
1205,graficon54nodi/grafo3511.54,12,54,73,93,112,8.0,13,269,7.480728387832642,2
1206,graficon42nodi/grafo6946.42,12,42,58,94,110,8.0,17,217,6.9030656814575195,2
1207,graficon57nodi/grafo5626.57,12,57,78,94,115,9.0,24,244,6.535710573196411,2
1208,graficon37nodi/grafo6217.37,12,37,53,94,110,7.0,17,179,5.075689315795898,2
1209,graficon60nodi/grafo4512.60,12,60,73,93,106,4.0,11,237,3.5301666259765625,2
1210,graficon47nodi/grafo5432.47,12,47,68,92,113,11.0,22,324,10.737280368804932,2
1211,graficon55nodi/grafo4502.55,12,55,76,92,113,14.0,43,291,112.79762482643127,2
1212,graficon58nodi/grafo1247.58,12,58,68,94,104,6.0,12,208,2.9733200073242188,2
1213,graficon43nodi/grafo6346.43,12,43,62,91,110,9.0,24,216,8.7583909034729,2
1214,graficon37nodi/grafo11625.37,12,37,51,92,106,3.0,6,90,0.6003439426422119,2
1215,graficon51nodi/grafo1470.51,12,51,69,90,108,10.0,28,293,5.59365701675415,2
1216,graficon64nodi/grafo8416.64,12,64,79,94,109,12.0,27,311,13.72179365158081,2
1217,graficon43nodi/grafo7441.43,12,43,60,92,109,9.0,27,185,15.800689697265625,2
1218,graficon40nodi/grafo5211.40,12,40,54,93,107,5.0,8,231,1.3357276916503906,2
1219,graficon35nodi/grafo11326.35,12,35,42,91,98,2.0,3,91,0.5081198215484619,2
1220,graficon43nodi/grafo7157.43,12,43,53,90,100,4.0,7,107,1.3017220497131348,2
1221,graficon39nodi/grafo3330.39,12,39,60,93,114,10.0,30,273,32.59108924865723,2
1222,graficon40nodi/grafo3519.40,12,40,56,93,109,4.0,6,130,0.36781883239746094,2
1223,graficon57nodi/grafo4041.57,12,57,66,92,101,4.0,11,246,5.1701719760894775,2
1224,graficon41nodi/grafo7124.41,12,41,59,94,112,5.0,12,162,1.2456161975860596,2
1225,graficon61nodi/grafo4482.61,12,61,75,91,105,4.0,6,266,1.3604469299316406,2
1226,graficon49nodi/grafo5721.49,12,49,64,92,107,3.0,7,158,1.2511601448059082,2
1227,graficon42nodi/grafo5468.42,12,42,58,94,110,6.0,16,239,1.3994286060333252,2
1228,graficon37nodi/grafo1758.37,12,37,45,93,101,2.0,4,163,1.0077118873596191,2
1229,graficon36nodi/grafo11444.36,12,36,46,94,104,2.0,4,99,0.39092516899108887,2
1230,graficon37nodi/grafo11540.37,12,37,48,91,102,2.0,3,108,0.4885427951812744,2
1231,graficon37nodi/grafo7028.37,12,37,48,90,101,6.0,11,107,5.964495897293091,2
1232,graficon37nodi/grafo11417.37,12,37,49,90,102,2.0,3,97,0.5494627952575684,2
1233,graficon39nodi/grafo3187.39,12,39,53,91,105,5.0,13,194,2.221973180770874,2
1234,graficon39nodi/grafo9897.39,12,39,55,90,106,7.0,16,166,1.9697551727294922,2
1235,graficon57nodi/grafo5748.57,12,57,76,94,113,9.0,20,332,10.101195573806763,2
1236,graficon38nodi/grafo10032.38,12,38,47,91,100,4.0,6,107,0.7207427024841309,2
1237,graficon58nodi/grafo4796.58,12,58,73,90,105,9.0,19,201,4.382265329360962,2
1238,graficon40nodi/grafo10282.40,12,40,59,92,111,5.0,14,254,3.8536369800567627,2
1239,graficon54nodi/grafo5002.54,12,54,64,91,101,5.0,8,247,2.321091651916504,2
1240,graficon44nodi/grafo2199.44,12,44,50,90,96,2.0,3,101,0.591240406036377,2
1241,graficon38nodi/grafo10659.38,12,38,57,91,110,7.0,17,243,1.6781930923461914,2
1242,graficon56nodi/grafo4409.56,12,56,67,93,104,2.0,6,112,0.5756087303161621,2
1243,graficon47nodi/grafo6408.47,12,47,57,90,100,4.0,7,160,0.9691305160522461,2
1244,graficon54nodi/grafo3858.54,12,54,68,92,106,9.0,20,227,16.975514888763428,2
1245,graficon43nodi/grafo5723.43,12,43,59,92,108,6.0,21,196,9.693036794662476,2
1246,graficon40nodi/grafo4010.40,12,40,52,92,104,3.0,8,134,2.7066407203674316,2
1247,graficon62nodi/grafo6173.62,12,62,73,92,103,5.0,8,169,1.162308692932129,2
1248,graficon45nodi/grafo5138.45,12,45,61,90,106,8.0,24,482,24.27308416366577,2
1249,graficon41nodi/grafo6164.41,12,41,55,91,105,5.0,13,185,2.3959600925445557,2
1250,graficon41nodi/grafo3527.41,12,41,54,93,106,5.0,13,170,3.0168964862823486,2
1251,graficon42nodi/grafo7642.42,12,42,62,90,110,8.0,19,291,9.973464488983154,2
1252,graficon46nodi/grafo3424.46,12,46,56,94,104,5.0,12,132,2.5069973468780518,2
1253,graficon53nodi/grafo271.53,12,53,67,91,105,7.0,10,242,4.786617040634155,2
1254,graficon45nodi/grafo3660.45,12,45,60,90,105,6.0,19,214,10.12146520614624,2
1255,graficon40nodi/grafo5980.40,12,40,54,92,106,5.0,9,117,1.1398389339447021,2
1256,graficon44nodi/grafo6945.44,12,44,60,93,109,8.0,18,251,9.109017372131348,2
1257,graficon35nodi/grafo5299.35,12,35,44,91,100,2.0,6,107,0.964970588684082,2
1258,graficon66nodi/grafo9143.66,12,66,84,94,112,13.0,30,261,29.365665912628174,2
1259,graficon55nodi/grafo4195.55,12,55,69,91,105,6.0,8,127,0.7835009098052979,2
1260,graficon58nodi/grafo6193.58,12,58,77,91,110,10.0,25,362,37.141817808151245,2
1261,graficon45nodi/grafo6524.45,12,45,59,94,108,5.0,13,203,4.702458381652832,2
1262,graficon54nodi/grafo4006.54,12,54,64,91,101,1.0,2,113,0.21696186065673828,2
1263,graficon38nodi/grafo11322.38,12,38,50,94,106,2.0,3,81,0.47722506523132324,2
1264,graficon46nodi/grafo6723.46,12,46,64,93,111,8.0,29,247,24.448392868041992,2
1265,graficon35nodi/grafo6517.35,12,35,49,93,107,6.0,12,142,1.764674186706543,2
1266,graficon49nodi/grafo3415.49,12,49,65,90,106,6.0,13,183,1.5663952827453613,2
1267,graficon39nodi/grafo4005.39,12,39,52,91,104,7.0,16,183,26.252142190933228,2
1268,graficon52nodi/grafo4030.52,12,52,65,92,105,6.0,12,174,1.8994455337524414,2
1269,graficon41nodi/grafo7098.41,12,41,59,92,110,10.0,33,302,30.15656352043152,2
1270,graficon43nodi/grafo5926.43,12,43,62,93,112,7.0,14,201,3.1652591228485107,2
1271,graficon47nodi/grafo7625.47,12,47,67,94,114,7.0,27,224,3.9776930809020996,2
1272,graficon41nodi/grafo5717.41,12,41,51,93,103,3.0,5,109,0.7901735305786133,2
1273,graficon66nodi/grafo9641.66,12,66,79,90,103,6.0,11,450,8.838855504989624,2
1274,graficon38nodi/grafo6578.38,12,38,53,93,108,3.0,7,127,0.712674617767334,2
1275,graficon42nodi/grafo3508.42,12,42,59,94,111,9.0,18,237,8.928213357925415,2
1276,graficon44nodi/grafo11403.44,12,44,60,98,114,8.0,15,270,12.762466430664062,2
1277,graficon43nodi/grafo7636.43,12,43,59,99,115,6.0,18,237,15.911042928695679,2
1278,graficon42nodi/grafo5817.42,12,42,60,99,117,6.0,11,133,1.4210712909698486,2
1279,graficon51nodi/grafo3172.51,12,51,71,96,116,11.0,31,319,43.245036363601685,2
1280,graficon44nodi/grafo6432.44,12,44,54,95,105,2.0,4,134,0.7811295986175537,2
1281,graficon40nodi/grafo3621.40,12,40,50,95,105,3.0,7,125,1.1866633892059326,2
1282,graficon62nodi/grafo4646.62,12,62,78,96,112,4.0,12,390,4.276264190673828,2
1283,graficon52nodi/grafo7721.52,12,52,71,95,114,10.0,20,210,53.13129377365112,2
1284,graficon45nodi/grafo7640.45,12,45,65,98,118,10.0,29,326,32.65305280685425,2
1285,graficon41nodi/grafo3781.41,12,41,58,96,113,8.0,20,279,7.0323169231414795,2
1286,graficon57nodi/grafo4352.57,12,57,67,98,108,4.0,6,180,1.0024518966674805,2
1287,graficon40nodi/grafo6458.40,12,40,57,95,112,7.0,13,278,5.007361173629761,2
1288,graficon56nodi/grafo6568.56,12,56,69,98,111,8.0,19,255,5.313627243041992,2
1289,graficon50nodi/grafo4580.50,12,50,63,99,112,7.0,14,182,1.6334583759307861,2
1290,graficon53nodi/grafo3486.53,12,53,68,97,112,9.0,19,283,7.387511253356934,2
1291,graficon54nodi/grafo1483.54,12,54,67,98,111,5.0,9,143,1.519139051437378,2
1292,graficon47nodi/grafo6664.47,12,47,63,96,112,9.0,19,285,8.162708759307861,2
1293,graficon44nodi/grafo7761.44,12,44,55,98,109,3.0,9,172,2.099693775177002,2
1294,graficon48nodi/grafo3769.48,12,48,63,99,114,8.0,18,249,12.087332248687744,2
1295,graficon44nodi/grafo3205.44,12,44,57,99,112,5.0,7,142,1.3315367698669434,2
1296,graficon42nodi/grafo3439.42,12,42,57,95,110,4.0,10,228,3.352369785308838,2
1297,graficon41nodi/grafo5645.41,12,41,52,97,108,5.0,8,187,2.4299135208129883,2
1298,graficon49nodi/grafo4012.49,12,49,65,99,115,7.0,20,215,14.940183401107788,2
1299,graficon38nodi/grafo3540.38,12,38,57,96,115,6.0,14,211,2.383004665374756,2
1300,graficon44nodi/grafo6960.44,12,44,61,98,115,6.0,18,232,11.676498174667358,2
1301,graficon43nodi/grafo4053.43,12,43,58,98,113,7.0,20,323,19.47587561607361,2
1302,graficon38nodi/grafo7478.38,12,38,47,98,107,3.0,5,90,0.8207824230194092,2
1303,graficon42nodi/grafo3402.42,12,42,62,99,119,10.0,23,235,9.435385942459106,2
1304,graficon40nodi/grafo3804.40,12,40,49,98,107,4.0,5,103,1.0320446491241455,2
1305,graficon46nodi/grafo7713.46,12,46,67,96,117,11.0,40,440,31.33805012702942,2
1306,graficon54nodi/grafo4849.54,12,54,68,95,109,3.0,6,144,1.5264103412628174,2
1307,graficon48nodi/grafo4473.48,12,48,61,95,108,2.0,3,176,0.8769571781158447,2
1308,graficon54nodi/grafo4530.54,12,54,76,97,119,14.0,44,326,36.073514461517334,2
1309,graficon41nodi/grafo2531.41,12,41,56,99,114,7.0,9,206,2.417795419692993,2
1310,graficon61nodi/grafo8112.61,12,61,77,97,113,8.0,18,263,14.874823093414307,2
1311,graficon53nodi/grafo3763.53,12,53,72,95,114,10.0,20,294,8.155035018920898,2
1312,graficon39nodi/grafo3099.39,12,39,47,98,106,0.0,0,64,0.06519627571105957,2
1313,graficon44nodi/grafo7621.44,12,44,65,98,119,8.0,17,263,5.908724546432495,2
1314,graficon44nodi/grafo6263.44,12,44,66,96,118,11.0,26,263,14.640628337860107,2
1315,graficon60nodi/grafo7448.60,12,60,81,98,119,14.0,44,481,68.19715595245361,2
1316,graficon46nodi/grafo5480.46,12,46,63,95,112,8.0,17,165,3.4521799087524414,2
1317,graficon39nodi/grafo7390.39,12,39,59,97,117,8.0,19,213,7.534276485443115,2
1318,graficon42nodi/grafo3258.42,12,42,58,96,112,7.0,14,177,3.7808046340942383,2
1319,graficon52nodi/grafo6159.52,12,52,65,98,111,6.0,10,173,2.274409055709839,2
1320,graficon42nodi/grafo7485.42,12,42,56,99,113,7.0,15,167,4.057637453079224,2
1321,graficon49nodi/grafo7245.49,12,49,65,97,113,8.0,18,195,5.645270109176636,2
1322,graficon54nodi/grafo4488.54,12,54,69,95,110,8.0,15,200,2.6016550064086914,2
1323,graficon42nodi/grafo6270.42,12,42,54,98,110,4.0,7,153,1.4677016735076904,2
1324,graficon42nodi/grafo3277.42,12,42,56,95,109,6.0,14,175,10.61817193031311,2
1325,graficon46nodi/grafo5832.46,12,46,58,95,107,3.0,6,148,1.769439935684204,2
1326,graficon60nodi/grafo4376.60,12,60,73,96,109,4.0,6,187,1.272221326828003,2
1327,graficon55nodi/grafo1549.55,12,55,66,99,110,4.0,6,281,1.831932544708252,2
1328,graficon53nodi/grafo4871.53,12,53,71,98,116,7.0,17,291,63.185797691345215,2
1329,graficon60nodi/grafo8276.60,12,60,74,97,111,4.0,10,195,3.7669894695281982,2
1330,graficon55nodi/grafo1465.55,12,55,65,95,105,6.0,12,209,3.6605403423309326,2
1331,graficon53nodi/grafo5057.53,12,53,67,95,109,5.0,13,276,20.38358187675476,2
1332,graficon38nodi/grafo3383.38,12,38,62,98,122,18.0,54,422,87.10897374153137,2
1333,graficon38nodi/grafo3758.38,12,38,56,99,117,10.0,28,254,9.49131989479065,2
1334,graficon63nodi/grafo4664.63,12,63,77,99,113,7.0,11,162,2.092802047729492,2
1335,graficon46nodi/grafo3412.46,12,46,65,95,114,8.0,18,226,6.68300461769104,2
1336,graficon44nodi/grafo7591.44,12,44,61,95,112,10.0,26,300,25.783249855041504,2
1337,graficon53nodi/grafo1482.53,12,53,67,96,110,9.0,14,260,5.87057900428772,2
1338,graficon43nodi/grafo6921.43,12,43,55,97,109,4.0,9,140,1.6802661418914795,2
1339,graficon41nodi/grafo6192.41,12,41,54,95,108,7.0,14,114,2.59447979927063,2
1340,graficon51nodi/grafo7730.51,12,51,67,95,111,7.0,14,220,1.7841625213623047,2
1341,graficon39nodi/grafo7581.39,12,39,51,96,108,4.0,8,172,1.6427969932556152,2
1342,graficon62nodi/grafo4312.62,12,62,74,96,108,8.0,14,247,5.937312126159668,2
1343,graficon42nodi/grafo3476.42,12,42,60,99,117,5.0,15,247,9.222472667694092,2
1344,graficon41nodi/grafo7204.41,12,41,54,99,112,4.0,13,249,3.152876853942871,2
1345,graficon44nodi/grafo3603.44,12,44,66,99,121,11.0,47,336,601.6298325061798,9
1346,graficon39nodi/grafo11495.39,12,39,52,95,108,7.0,9,158,0.9762840270996094,2
1347,graficon39nodi/grafo3474.39,12,39,51,95,107,8.0,11,245,4.3295135498046875,2
1348,graficon42nodi/grafo6308.42,12,42,62,96,116,10.0,23,368,6.230604410171509,2
1349,graficon40nodi/grafo5643.40,12,40,51,95,106,3.0,5,192,1.5520176887512207,2
1350,graficon39nodi/grafo5974.39,12,39,53,97,111,3.0,11,215,2.2366702556610107,2
1351,graficon41nodi/grafo6398.41,12,41,53,100,112,4.0,8,146,0.6406693458557129,2
1352,graficon53nodi/grafo5091.53,12,53,77,102,126,12.0,34,263,16.421648263931274,2
1353,graficon49nodi/grafo5078.49,12,49,64,100,115,5.0,8,156,1.3932020664215088,2
1354,graficon41nodi/grafo5565.41,12,41,53,102,114,5.0,10,193,6.717739582061768,2
1355,graficon56nodi/grafo3328.56,12,56,76,104,124,13.0,48,354,235.784912109375,2
1356,graficon52nodi/grafo3755.52,12,52,72,104,124,9.0,23,234,9.899714708328247,2
1357,graficon65nodi/grafo9317.65,12,65,80,100,115,8.0,21,265,7.839686632156372,2
1358,graficon42nodi/grafo7572.42,12,42,50,101,109,3.0,5,137,1.45949125289917,2
1359,graficon55nodi/grafo2141.55,12,55,76,102,123,11.0,27,337,21.22293996810913,2
1360,graficon47nodi/grafo1433.47,12,47,60,101,114,3.0,8,108,1.8380918502807617,2
1361,graficon39nodi/grafo5798.39,12,39,55,104,120,6.0,12,186,2.661761522293091,2
1362,graficon55nodi/grafo4475.55,12,55,67,101,113,3.0,6,133,0.7134487628936768,2
1363,graficon58nodi/grafo5350.58,12,58,74,104,120,10.0,27,390,9.014947652816772,2
1364,graficon71nodi/grafo9653.71,12,71,80,103,112,2.0,2,182,0.6455135345458984,2
1365,graficon63nodi/grafo4351.63,12,63,78,101,116,13.0,29,509,45.58546042442322,2
1366,graficon54nodi/grafo3785.54,12,54,70,101,117,12.0,24,301,28.660826921463013,2
1367,graficon37nodi/grafo11284.37,12,37,50,101,114,3.0,5,58,0.37362194061279297,2
1368,graficon38nodi/grafo2726.38,12,38,53,101,116,7.0,12,229,4.802091121673584,2
1369,graficon62nodi/grafo6805.62,12,62,75,104,117,5.0,7,221,1.8731911182403564,2
1370,graficon67nodi/grafo9658.67,12,67,79,100,112,6.0,7,192,1.2691750526428223,2
1371,graficon60nodi/grafo3536.60,12,60,73,100,113,8.0,22,275,10.90182900428772,2
1372,graficon57nodi/grafo7289.57,12,57,72,100,115,8.0,18,246,10.486509084701538,2
1373,graficon59nodi/grafo4281.59,12,59,76,102,119,8.0,17,280,10.823283433914185,2
1374,graficon40nodi/grafo5568.40,12,40,59,100,119,8.0,17,221,5.10604453086853,2
1375,graficon61nodi/grafo8051.61,12,61,73,102,114,5.0,9,161,2.0113961696624756,2
1376,graficon65nodi/grafo9375.65,12,65,76,102,113,4.0,6,216,2.293593168258667,2
1377,graficon44nodi/grafo5352.44,12,44,70,100,126,15.0,59,543,78.22773361206055,2
1378,graficon47nodi/grafo5710.47,12,47,62,103,118,6.0,14,238,9.655425310134888,2
1379,graficon50nodi/grafo1392.50,12,50,63,103,116,6.0,9,186,2.5144529342651367,2
1380,graficon42nodi/grafo7610.42,12,42,55,103,116,4.0,6,79,2.927375555038452,2
1381,graficon40nodi/grafo6641.40,12,40,54,100,114,6.0,7,103,1.4802470207214355,2
1382,graficon57nodi/grafo4452.57,12,57,76,104,123,7.0,18,230,5.005946397781372,2
1383,graficon48nodi/grafo6289.48,12,48,65,104,121,8.0,15,281,8.36060881614685,2
1384,graficon39nodi/grafo3375.39,12,39,59,103,123,7.0,20,197,5.837933540344238,2
1385,graficon45nodi/grafo7623.45,12,45,62,104,121,11.0,28,209,23.74772882461548,2
1386,graficon57nodi/grafo7770.57,12,57,69,102,114,5.0,7,225,3.2236900329589844,2
1387,graficon46nodi/grafo6166.46,12,46,66,102,122,11.0,28,232,49.5725622177124,2
1388,graficon45nodi/grafo7391.45,12,45,61,100,116,9.0,18,216,8.485557556152344,2
1389,graficon48nodi/grafo7135.48,12,48,68,104,124,10.0,30,413,27.506553411483765,2
1390,graficon59nodi/grafo6718.59,12,59,73,103,117,5.0,9,250,3.7628118991851807,2
1391,graficon36nodi/grafo2877.36,12,36,53,101,118,6.0,13,159,4.393011093139648,2
1392,graficon42nodi/grafo7744.42,12,42,52,100,110,3.0,5,86,0.5242738723754883,2
1393,graficon55nodi/grafo3834.55,12,55,80,103,128,11.0,34,254,68.0951030254364,2
1394,graficon50nodi/grafo1307.50,12,50,71,104,125,14.0,40,438,58.88719296455383,2
1395,graficon42nodi/grafo7026.42,12,42,55,101,114,4.0,9,116,1.1675546169281006,2
1396,graficon42nodi/grafo7261.42,12,42,62,100,120,11.0,28,339,18.846540451049805,2
1397,graficon56nodi/grafo5341.56,12,56,79,101,124,14.0,40,308,118.74675583839417,2
1398,graficon56nodi/grafo4651.56,12,56,76,101,121,12.0,31,338,15.041773796081543,2
1399,graficon35nodi/grafo5493.35,12,35,53,100,118,8.0,20,237,13.056177616119385,2
1400,graficon54nodi/grafo3748.54,12,54,73,104,123,12.0,29,267,41.00830817222595,2
1401,graficon56nodi/grafo1205.56,12,56,75,100,119,11.0,26,258,15.880953550338745,2
1402,graficon56nodi/grafo7738.56,12,56,79,102,125,12.0,31,396,52.620405435562134,2
1403,graficon61nodi/grafo3257.61,12,61,82,102,123,13.0,40,515,112.32329821586609,2
1404,graficon48nodi/grafo2254.48,12,48,66,102,120,8.0,19,264,9.593534708023071,2
1405,graficon42nodi/grafo5550.42,12,42,57,101,116,8.0,17,236,10.84874701499939,2
1406,graficon58nodi/grafo6722.58,12,58,69,103,114,8.0,15,234,3.9641480445861816,2
1407,graficon50nodi/grafo6775.50,12,50,63,101,114,5.0,12,287,3.584174156188965,2
1408,graficon56nodi/grafo6630.56,12,56,68,103,115,8.0,20,275,12.160036087036133,2
1409,graficon51nodi/grafo7550.51,12,51,66,102,117,9.0,18,244,5.167107820510864,2
1410,graficon55nodi/grafo4367.55,12,55,72,103,120,5.0,10,162,2.0259034633636475,2
1411,graficon40nodi/grafo7165.40,12,40,55,102,117,8.0,21,217,9.784732580184937,2
1412,graficon67nodi/grafo6272.67,12,67,72,100,105,1.0,1,88,0.08616495132446289,2
1413,graficon51nodi/grafo3484.51,12,51,68,104,121,10.0,29,251,26.57690453529358,2
1414,graficon53nodi/grafo2794.53,12,53,73,104,124,9.0,29,317,28.338727474212646,2
1415,graficon49nodi/grafo4734.49,12,49,59,101,111,2.0,3,132,1.4296135902404785,2
1416,graficon50nodi/grafo5745.50,12,50,75,101,126,15.0,47,255,102.53025221824646,2
1417,graficon63nodi/grafo1570.63,12,63,74,100,111,7.0,13,202,5.562100648880005,2
1418,graficon39nodi/grafo11671.39,12,39,52,101,114,4.0,9,154,2.553887367248535,2
1419,graficon67nodi/grafo1617.67,12,67,80,103,116,7.0,10,166,3.435441493988037,2
1420,graficon39nodi/grafo5762.39,12,39,59,103,123,7.0,19,203,18.6826331615448,2
1421,graficon54nodi/grafo4467.54,12,54,69,102,117,4.0,8,251,1.9723596572875977,2
1422,graficon36nodi/grafo5175.36,12,36,45,101,110,2.0,5,91,0.5815906524658203,2
1423,graficon49nodi/grafo5220.49,12,49,64,100,115,6.0,14,324,5.676410436630249,2
1424,graficon57nodi/grafo5032.57,12,57,69,101,113,3.0,6,224,4.354620695114136,2
1425,graficon44nodi/grafo5221.44,12,44,57,102,115,7.0,14,133,5.28131103515625,2
1426,graficon42nodi/grafo10008.42,12,42,61,107,126,8.0,15,221,4.774530410766602,2
1427,graficon44nodi/grafo3501.44,12,44,63,106,125,10.0,24,353,54.746946811676025,2
1428,graficon55nodi/grafo4528.55,12,55,67,106,118,2.0,5,151,0.5961480140686035,2
1429,graficon45nodi/grafo7219.45,12,45,59,108,122,6.0,14,221,4.809223175048828,2
1430,graficon39nodi/grafo5763.39,12,39,54,109,124,6.0,7,137,1.4380748271942139,2
1431,graficon55nodi/grafo1361.55,12,55,66,106,117,4.0,8,259,1.7309935092926025,2
1432,graficon45nodi/grafo7555.45,12,45,58,106,119,6.0,7,125,1.5738565921783447,2
1433,graficon54nodi/grafo7407.54,12,54,66,105,117,7.0,12,238,5.353136301040649,2
1434,graficon57nodi/grafo5924.57,12,57,74,105,122,7.0,15,212,3.47280216217041,2
1435,graficon44nodi/grafo6229.44,12,44,56,107,119,3.0,6,106,1.0286400318145752,2
1436,graficon43nodi/grafo6343.43,12,43,55,106,118,5.0,10,149,2.0445239543914795,2
1437,graficon48nodi/grafo6544.48,12,48,61,105,118,7.0,14,206,17.838003873825073,2
1438,graficon62nodi/grafo1215.62,12,62,82,105,125,12.0,41,353,210.86554670333862,2
1439,graficon51nodi/grafo3726.51,12,51,70,105,124,9.0,24,219,44.49753451347351,2
1440,graficon64nodi/grafo9460.64,12,64,78,107,121,8.0,15,304,9.645446062088013,2
1441,graficon47nodi/grafo5255.47,12,47,64,106,123,7.0,16,278,5.626038551330566,2
1442,graficon61nodi/grafo4491.61,12,61,79,109,127,10.0,17,172,4.2571423053741455,2
1443,graficon44nodi/grafo5130.44,12,44,56,106,118,6.0,13,183,2.640244722366333,2
1444,graficon45nodi/grafo6438.45,12,45,58,105,118,5.0,9,217,4.637880563735962,2
1445,graficon53nodi/grafo4079.53,12,53,62,107,116,6.0,9,118,2.371239423751831,2
1446,graficon40nodi/grafo10057.40,12,40,59,106,125,10.0,39,268,167.64200520515442,2
1447,graficon52nodi/grafo7181.52,12,52,81,109,138,16.0,48,317,155.34218311309814,2
1448,graficon46nodi/grafo5473.46,12,46,64,106,124,7.0,17,285,11.777842044830322,2
1449,graficon46nodi/grafo6674.46,12,46,62,107,123,9.0,15,206,4.106584787368774,2
1450,graficon51nodi/grafo4756.51,12,51,70,109,128,9.0,22,292,17.162084102630615,2
1451,graficon38nodi/grafo11400.38,12,38,49,109,120,4.0,7,112,1.4370574951171875,2
1452,graficon43nodi/grafo6348.43,12,43,56,108,121,5.0,13,234,7.0249879360198975,2
1453,graficon36nodi/grafo6109.36,12,36,52,106,122,5.0,12,170,4.928724527359009,2
1454,graficon53nodi/grafo4167.53,12,53,69,106,122,8.0,17,202,9.5466890335083,2
1455,graficon66nodi/grafo9206.66,12,66,84,109,127,10.0,29,249,114.5657422542572,2
1456,graficon58nodi/grafo3235.58,12,58,71,109,122,8.0,14,273,6.435388565063477,2
1457,graficon48nodi/grafo6554.48,12,48,70,107,129,12.0,44,371,74.94533181190491,2
1458,graficon60nodi/grafo1192.60,12,60,79,106,125,13.0,34,300,66.0224757194519,2
1459,graficon46nodi/grafo6771.46,12,46,55,107,116,3.0,5,135,0.8525421619415283,2
1460,graficon40nodi/grafo5231.40,12,40,56,108,124,6.0,14,221,5.433986186981201,2
1461,graficon38nodi/grafo6547.38,12,38,64,107,133,15.0,55,329,237.2365460395813,2
1462,graficon59nodi/grafo3194.59,12,59,67,106,114,3.0,3,133,0.3474254608154297,2
1463,graficon47nodi/grafo6384.47,12,47,72,108,133,15.0,39,393,25.56421971321106,2
1464,graficon42nodi/grafo7389.42,12,42,62,109,129,11.0,22,230,12.839493751525879,2
1465,graficon54nodi/grafo7090.54,12,54,72,107,125,10.0,25,377,19.72290587425232,2
1466,graficon43nodi/grafo3227.43,12,43,65,108,130,10.0,26,313,8.733922243118286,2
1467,graficon44nodi/grafo7751.44,12,44,58,105,119,5.0,9,117,1.4551458358764648,2
1468,graficon40nodi/grafo7767.40,12,40,54,107,121,5.0,8,98,1.6662707328796387,2
1469,graficon49nodi/grafo7010.49,12,49,67,106,124,9.0,14,193,2.646465301513672,2
1470,graficon60nodi/grafo4421.60,12,60,73,106,119,7.0,14,226,17.91711115837097,2
1471,graficon52nodi/grafo1431.52,12,52,70,109,127,6.0,15,200,2.398287057876587,2
1472,graficon48nodi/grafo6390.48,12,48,65,109,126,7.0,16,205,6.508471250534058,2
1473,graficon46nodi/grafo5713.46,12,46,66,105,125,10.0,22,199,15.169018268585205,2
1474,graficon55nodi/grafo5960.55,12,55,79,108,132,14.0,55,601,155.61968159675598,2
1475,graficon55nodi/grafo4161.55,12,55,73,106,124,6.0,24,325,13.735714673995972,2
1476,graficon37nodi/grafo3359.37,12,37,58,109,130,7.0,18,287,5.270080327987671,2
1477,graficon52nodi/grafo5150.52,12,52,70,107,125,7.0,16,260,10.38988971710205,2
1478,graficon55nodi/grafo4967.55,12,55,66,109,120,5.0,10,194,4.821781635284424,2
1479,graficon49nodi/grafo2656.49,12,49,59,107,117,4.0,6,171,1.2239434719085693,2
1480,graficon44nodi/grafo7259.44,12,44,61,105,122,6.0,14,178,2.2804508209228516,2
1481,graficon45nodi/grafo6396.45,12,45,65,108,128,11.0,23,206,11.81782078742981,2
1482,graficon47nodi/grafo3730.47,12,47,63,107,123,4.0,11,209,4.736510753631592,2
1483,graficon47nodi/grafo2478.47,12,47,62,105,120,9.0,18,294,7.91431188583374,2
1484,graficon59nodi/grafo6030.59,12,59,80,105,126,10.0,27,316,15.303048849105835,2
1485,graficon47nodi/grafo6696.47,12,47,66,106,125,9.0,21,243,8.496708869934082,2
1486,graficon60nodi/grafo5223.60,12,60,83,105,128,16.0,49,618,91.04437160491943,2
1487,graficon40nodi/grafo4038.40,12,40,53,107,120,6.0,9,156,2.266317367553711,2
1488,graficon57nodi/grafo4177.57,12,57,76,107,126,9.0,19,387,22.551941633224487,2
1489,graficon57nodi/grafo5329.57,12,57,71,106,120,7.0,9,215,3.500753879547119,2
1490,graficon57nodi/grafo5849.57,12,57,81,106,130,10.0,32,350,43.34754824638367,2
1491,graficon58nodi/grafo1501.58,12,58,72,108,122,3.0,5,151,0.35331273078918457,2
1492,graficon61nodi/grafo9391.61,12,61,78,107,124,5.0,18,221,9.421202182769775,2
1493,graficon55nodi/grafo3352.55,12,55,69,108,122,5.0,8,169,1.902780532836914,2
1494,graficon38nodi/grafo3917.38,12,38,58,105,125,9.0,24,334,33.576558113098145,2
1495,graficon65nodi/grafo9118.65,12,65,84,105,124,7.0,11,268,6.710752964019775,2
1496,graficon59nodi/grafo5083.59,12,59,71,106,118,7.0,16,369,14.120746850967407,2
1497,graficon41nodi/grafo5811.41,12,41,59,105,123,8.0,26,255,18.462825059890747,2
1498,graficon52nodi/grafo3185.52,12,52,76,108,132,12.0,32,239,18.712311506271362,2
1499,graficon61nodi/grafo6898.61,12,61,72,109,120,6.0,10,220,4.929889917373657,2
1500,graficon49nodi/grafo6707.49,12,49,64,106,121,9.0,20,248,7.21358060836792,2
1501,graficon37nodi/grafo4080.37,12,37,57,112,132,10.0,26,344,15.55780553817749,2
1502,graficon54nodi/grafo1328.54,12,54,71,112,129,7.0,18,229,4.616424798965454,2
1503,graficon56nodi/grafo4416.56,12,56,70,114,128,6.0,14,187,3.5887017250061035,2
1504,graficon59nodi/grafo4386.59,12,59,73,111,125,5.0,9,210,1.8258962631225586,2
1505,graficon54nodi/grafo4332.54,12,54,69,111,126,8.0,15,189,8.268939971923828,2
1506,graficon35nodi/grafo5351.35,12,35,51,111,127,5.0,9,174,2.107191324234009,2
1507,graficon56nodi/grafo4275.56,12,56,76,113,133,12.0,27,288,12.285629510879517,2
1508,graficon59nodi/grafo6792.59,12,59,76,114,131,8.0,25,366,18.918712377548218,2
1509,graficon69nodi/grafo7584.69,12,69,80,114,125,5.0,12,183,5.475420951843262,2
1510,graficon51nodi/grafo6893.51,12,51,68,114,131,7.0,15,235,6.014237642288208,2
1511,graficon58nodi/grafo5098.58,12,58,79,112,133,14.0,47,626,277.42998218536377,2
1512,graficon64nodi/grafo7471.64,12,64,76,110,122,6.0,12,285,1.7604939937591553,2
1513,graficon74nodi/grafo8685.74,12,74,94,114,134,8.0,19,444,24.007208108901978,2
1514,graficon47nodi/grafo7236.47,12,47,70,111,134,10.0,30,376,19.45399284362793,2
1515,graficon60nodi/grafo4548.60,12,60,72,112,124,9.0,20,305,27.13515853881836,2
1516,graficon64nodi/grafo4288.64,12,64,81,111,128,9.0,18,259,18.77757477760315,2
1517,graficon77nodi/grafo8372.77,12,77,85,112,120,4.0,8,282,6.904477834701538,2
1518,graficon61nodi/grafo5418.61,12,61,82,112,133,6.0,16,456,11.526625156402588,2
1519,graficon59nodi/grafo4463.59,12,59,76,114,131,6.0,10,289,3.828977108001709,2
1520,graficon58nodi/grafo4889.58,12,58,77,111,130,9.0,27,358,59.85216164588928,2
1521,graficon55nodi/grafo4661.55,12,55,69,111,125,8.0,15,176,8.471550464630127,2
1522,graficon43nodi/grafo5950.43,12,43,56,112,125,4.0,8,131,1.7999343872070312,2
1523,graficon44nodi/grafo5404.44,12,44,60,113,129,6.0,13,221,6.306886196136475,2
1524,graficon59nodi/grafo6503.59,12,59,73,111,125,6.0,12,167,5.76404595375061,2
1525,graficon35nodi/grafo5852.35,12,35,50,112,127,5.0,7,91,1.4872462749481201,2
1526,graficon55nodi/grafo4318.55,12,55,81,114,140,14.0,45,431,71.09326386451721,2
1527,graficon63nodi/grafo9365.63,12,63,83,110,130,10.0,23,404,22.075563192367554,2
1528,graficon39nodi/grafo2982.39,12,39,52,112,125,4.0,7,151,1.1950833797454834,2
1529,graficon58nodi/grafo6031.58,12,58,82,113,137,12.0,36,479,30.814399003982544,2
1530,graficon40nodi/grafo3131.40,12,40,53,112,125,5.0,12,205,7.000269651412964,2
1531,graficon66nodi/grafo1564.66,12,66,85,114,133,6.0,16,285,6.753589391708374,2
1532,graficon44nodi/grafo6276.44,12,44,62,112,130,7.0,11,142,2.8939614295959473,2
1533,graficon65nodi/grafo9158.65,12,65,87,114,136,14.0,45,423,187.3940451145172,2
1534,graficon61nodi/grafo3853.61,12,61,79,113,131,9.0,26,302,23.86284112930298,2
1535,graficon61nodi/grafo9775.61,12,61,79,113,131,8.0,16,432,12.02291488647461,2
1536,graficon43nodi/grafo3947.43,12,43,63,114,134,6.0,11,257,3.4583075046539307,2
1537,graficon42nodi/grafo7666.42,12,42,63,111,132,10.0,25,318,13.7368905544281,2
1538,graficon72nodi/grafo8975.72,12,72,87,112,127,11.0,27,419,165.95645308494568,2
1539,graficon51nodi/grafo4726.51,12,51,67,110,126,3.0,9,391,8.445143461227417,2
1540,graficon46nodi/grafo5659.46,12,46,60,110,124,5.0,11,211,4.517963886260986,2
1541,graficon63nodi/grafo2914.63,12,63,80,111,128,14.0,29,302,91.39502739906311,2
1542,graficon58nodi/grafo5008.58,12,58,77,114,133,9.0,23,280,12.745349168777466,2
1543,graficon59nodi/grafo6791.59,12,59,76,114,131,8.0,25,366,21.48522973060608,2
1544,graficon53nodi/grafo1262.53,12,53,74,114,135,13.0,40,372,56.65507698059082,2
1545,graficon56nodi/grafo6350.56,12,56,74,114,132,7.0,20,312,11.640484809875488,2
1546,graficon36nodi/grafo3241.36,12,36,47,110,121,3.0,8,118,1.7630155086517334,2
1547,graficon52nodi/grafo3628.52,12,52,71,114,133,6.0,13,295,3.766422748565674,2
1548,graficon40nodi/grafo4021.40,12,40,51,111,122,4.0,8,107,1.139991283416748,2
1549,graficon60nodi/grafo5483.60,12,60,75,113,128,4.0,7,315,3.4553518295288086,2
1550,graficon42nodi/grafo5183.42,12,42,58,110,126,5.0,16,216,9.703473091125488,2
1551,graficon62nodi/grafo4952.62,12,62,78,110,126,9.0,16,316,11.334720373153687,2
1552,graficon44nodi/grafo6968.44,12,44,67,112,135,11.0,24,248,7.330610036849976,2
1553,graficon46nodi/grafo6553.46,12,46,66,111,131,7.0,14,214,5.120243787765503,2
1554,graficon56nodi/grafo6546.56,12,56,70,113,127,6.0,9,236,13.734434843063354,2
1555,graficon55nodi/grafo7054.55,12,55,79,112,136,13.0,40,409,132.28489422798157,2
1556,graficon62nodi/grafo6494.62,12,62,81,111,130,11.0,30,327,26.55113410949707,2
1557,graficon56nodi/grafo4322.56,12,56,78,113,135,9.0,32,300,21.14941382408142,2
1558,graficon62nodi/grafo7772.62,12,62,79,113,130,10.0,19,267,20.613251209259033,2
1559,graficon61nodi/grafo4616.61,12,61,81,111,131,8.0,20,337,23.613160848617554,2
1560,graficon63nodi/grafo4884.63,12,63,86,113,136,10.0,30,503,25.363485097885132,2
1561,graficon38nodi/grafo10618.38,12,38,54,113,129,8.0,20,188,5.873828887939453,2
1562,graficon52nodi/grafo6715.52,12,52,72,110,130,11.0,26,405,31.32923460006714,2
1563,graficon41nodi/grafo4031.41,12,41,62,111,132,10.0,23,249,29.552510976791382,2
1564,graficon53nodi/grafo5040.53,12,53,72,112,131,9.0,21,358,19.24452042579651,2
1565,graficon63nodi/grafo4162.63,12,63,81,113,131,9.0,20,350,22.127020835876465,2
1566,graficon53nodi/grafo4750.53,12,53,64,113,124,4.0,6,141,0.7743227481842041,2
1567,graficon37nodi/grafo5965.37,12,37,52,113,128,5.0,10,170,3.840688943862915,2
1568,graficon41nodi/grafo149.41,12,41,54,111,124,4.0,9,168,2.134667158126831,2
1569,graficon68nodi/grafo4896.68,12,68,86,114,132,9.0,20,202,5.705115795135498,2
1570,graficon48nodi/grafo6561.48,12,48,68,111,131,6.0,15,296,8.754056692123413,2
1571,graficon64nodi/grafo9060.64,12,64,81,112,129,10.0,26,286,66.44281077384949,2
1572,graficon44nodi/grafo4022.44,12,44,63,113,132,9.0,17,289,10.755351066589355,2
1573,graficon39nodi/grafo3142.39,12,39,52,111,124,6.0,10,181,10.386024475097656,2
1574,graficon64nodi/grafo9057.64,12,64,85,114,135,12.0,32,362,30.480308055877686,2
1575,graficon38nodi/grafo7492.38,12,38,57,111,130,11.0,27,303,30.790616989135742,2
1576,graficon56nodi/grafo1366.56,12,56,70,115,129,5.0,6,193,4.137204170227051,2
1577,graficon57nodi/grafo4130.57,12,57,79,117,139,11.0,38,393,197.42655539512634,2
1578,graficon55nodi/grafo6661.55,12,55,72,117,134,8.0,13,204,3.086195707321167,2
1579,graficon59nodi/grafo1342.59,12,59,70,117,128,6.0,13,316,21.840381860733032,2
1580,graficon64nodi/grafo9594.64,12,64,86,117,139,14.0,31,318,35.594828367233276,2
1581,graficon57nodi/grafo6107.57,12,57,75,119,137,9.0,22,321,44.106995820999146,2
1582,graficon64nodi/grafo9467.64,12,64,75,117,128,3.0,8,180,3.9884533882141113,2
1583,graficon68nodi/grafo9749.68,12,68,82,119,133,6.0,14,338,22.604729652404785,2
1584,graficon56nodi/grafo1480.56,12,56,77,118,139,13.0,50,474,379.72623562812805,2
1585,graficon37nodi/grafo11566.37,12,37,53,116,132,6.0,12,154,4.933414697647095,2
1586,graficon62nodi/grafo5406.62,12,62,77,117,132,6.0,14,224,8.000807762145996,2
1587,graficon71nodi/grafo8270.71,12,71,91,118,138,9.0,22,259,8.224190950393677,2
1588,graficon54nodi/grafo5311.54,12,54,74,115,135,11.0,27,471,19.526824474334717,2
1589,graficon59nodi/grafo4198.59,12,59,75,115,131,7.0,23,269,9.079874038696289,2
1590,graficon51nodi/grafo6747.51,12,51,65,118,132,7.0,11,191,2.537163496017456,2
1591,graficon68nodi/grafo6622.68,12,68,77,115,124,3.0,4,175,0.7662079334259033,2
1592,graficon64nodi/grafo4563.64,12,64,87,118,141,18.0,56,548,600.7172799110413,9
1593,graficon64nodi/grafo5788.64,12,64,77,117,130,6.0,15,246,10.146728754043579,2
1594,graficon67nodi/grafo6909.67,12,67,77,115,125,5.0,13,192,11.654078006744385,2
1595,graficon53nodi/grafo4003.53,12,53,72,118,137,8.0,22,270,28.74246644973755,2
1596,graficon54nodi/grafo6872.54,12,54,76,119,141,14.0,51,362,302.046452999115,2
1597,graficon57nodi/grafo6269.57,12,57,75,118,136,11.0,32,345,207.06195187568665,2
1598,graficon58nodi/grafo4723.58,12,58,70,118,130,4.0,5,235,1.4001193046569824,2
1599,graficon45nodi/grafo6297.45,12,45,60,115,130,5.0,11,156,1.3756442070007324,2
1600,graficon39nodi/grafo9974.39,12,39,55,117,133,5.0,5,132,0.9518747329711914,2
1601,graficon55nodi/grafo4894.55,12,55,76,116,137,7.0,20,246,8.076695919036865,2
1602,graficon43nodi/grafo5515.43,12,43,64,116,137,11.0,29,351,20.247427940368652,2
1603,graficon52nodi/grafo3810.52,12,52,64,115,127,7.0,13,155,7.872041940689087,2
1604,graficon62nodi/grafo4293.62,12,62,77,115,130,8.0,19,365,20.863163471221924,2
1605,graficon57nodi/grafo3957.57,12,57,80,119,142,14.0,34,335,16.567485809326172,2
1606,graficon42nodi/grafo5345.42,12,42,55,118,131,4.0,6,140,4.314884901046753,2
1607,graficon44nodi/grafo7605.44,12,44,65,118,139,8.0,17,252,4.061079978942871,2
1608,graficon47nodi/grafo6300.47,12,47,72,117,142,17.0,42,355,97.51091933250427,2
1609,graficon63nodi/grafo9652.63,12,63,75,118,130,7.0,12,200,10.285814046859741,2
1610,graficon53nodi/grafo5729.53,12,53,75,115,137,10.0,34,387,29.43745732307434,2
1611,graficon58nodi/grafo6690.58,12,58,70,116,128,4.0,7,233,1.9365246295928955,2
1612,graficon75nodi/grafo6954.75,12,75,90,117,132,8.0,16,236,26.968170166015625,2
1613,graficon51nodi/grafo3507.51,12,51,71,117,137,13.0,28,300,26.82782292366028,2
1614,graficon41nodi/grafo7137.41,12,41,59,115,133,8.0,18,175,9.388107538223267,2
1615,graficon69nodi/grafo8347.69,12,69,76,119,126,3.0,3,180,1.4547224044799805,2
1616,graficon64nodi/grafo4722.64,12,64,80,119,135,6.0,14,202,5.711679220199585,2
1617,graficon44nodi/grafo5243.44,12,44,61,118,135,8.0,18,240,4.378096342086792,2
1618,graficon51nodi/grafo4766.51,12,51,73,117,139,10.0,20,312,8.012176752090454,2
1619,graficon45nodi/grafo7039.45,12,45,63,116,134,6.0,10,221,3.3307292461395264,2
1620,graficon66nodi/grafo1414.66,12,66,82,118,134,8.0,18,294,34.81983470916748,2
1621,graficon48nodi/grafo7601.48,12,48,64,118,134,8.0,18,210,4.52861213684082,2
1622,graficon63nodi/grafo9085.63,12,63,82,119,138,8.0,24,351,8.14430832862854,2
1623,graficon56nodi/grafo4621.56,12,56,67,119,130,6.0,10,150,1.4146249294281006,2
1624,graficon63nodi/grafo7961.63,12,63,76,117,130,4.0,6,229,1.9592692852020264,2
1625,graficon56nodi/grafo3760.56,12,56,69,115,128,3.0,8,161,1.4269523620605469,2
1626,graficon58nodi/grafo5173.58,12,58,83,115,140,12.0,36,379,51.02626705169678,2
1627,graficon43nodi/grafo6391.43,12,43,62,119,138,9.0,24,290,37.70398449897766,2
1628,graficon37nodi/grafo5229.37,12,37,53,115,131,7.0,13,185,3.2588589191436768,2
1629,graficon67nodi/grafo9070.67,12,67,88,116,137,15.0,39,392,249.28781247138977,2
1630,graficon76nodi/grafo8078.76,12,76,98,117,139,16.0,53,513,332.4946756362915,2
1631,graficon65nodi/grafo1527.65,12,65,77,117,129,4.0,9,191,2.080561876296997,2
1632,graficon37nodi/grafo6959.37,12,37,55,117,135,6.0,10,132,3.6365795135498047,2
1633,graficon46nodi/grafo6724.46,12,46,66,118,138,9.0,23,256,63.3905816078186,2
1634,graficon43nodi/grafo5987.43,12,43,63,117,137,11.0,30,225,16.457316398620605,2
1635,graficon64nodi/grafo9098.64,12,64,80,117,133,7.0,15,219,3.3411905765533447,2
1636,graficon54nodi/grafo3460.54,12,54,82,117,145,16.0,52,604,160.20718598365784,2
1637,graficon50nodi/grafo4869.50,12,50,69,117,136,9.0,18,229,5.266909122467041,2
1638,graficon44nodi/grafo4017.44,12,44,60,118,134,6.0,16,188,7.574587821960449,2
1639,graficon61nodi/grafo9367.61,12,61,77,117,133,6.0,14,332,8.407084703445435,2
1640,graficon37nodi/grafo6698.37,12,37,54,118,135,8.0,13,151,3.2835304737091064,2
1641,graficon66nodi/grafo4656.66,12,66,81,119,134,7.0,15,253,14.105551481246948,2
1642,graficon52nodi/grafo4874.52,12,52,70,119,137,3.0,7,323,4.282210111618042,2
1643,graficon57nodi/grafo6446.57,12,57,68,116,127,3.0,4,163,1.3907849788665771,2
1644,graficon57nodi/grafo1567.57,12,57,74,118,135,8.0,14,184,5.9098289012908936,2
1645,graficon60nodi/grafo7536.60,12,60,76,119,135,8.0,23,346,28.393914699554443,2
1646,graficon62nodi/grafo9405.62,12,62,82,117,137,10.0,32,544,65.19987487792969,2
1647,graficon58nodi/grafo4605.58,12,58,84,118,144,14.0,50,575,107.45922780036926,2
1648,graficon39nodi/grafo3902.39,12,39,53,116,130,5.0,13,197,2.490967035293579,2
1649,graficon46nodi/grafo6228.46,12,46,62,116,132,8.0,21,298,7.347348928451538,2
1650,graficon63nodi/grafo6941.63,12,63,82,116,135,10.0,23,295,41.829378843307495,2
1651,graficon58nodi/grafo5389.58,12,58,84,122,148,18.0,45,394,322.26524782180786,2
1652,graficon52nodi/grafo3704.52,12,52,70,121,139,8.0,24,312,19.54369854927063,2
1653,graficon60nodi/grafo5914.60,12,60,82,124,146,16.0,45,393,217.19635462760925,2
1654,graficon58nodi/grafo4730.58,12,58,86,123,151,11.0,32,600,35.62719011306763,2
1655,graficon68nodi/grafo8028.68,12,68,94,121,147,21.0,71,591,488.9432418346405,2
1656,graficon47nodi/grafo3846.47,12,47,65,124,142,9.0,14,303,6.076867341995239,2
1657,graficon46nodi/grafo6790.46,12,46,74,121,149,15.0,50,512,274.35146927833557,2
1658,graficon73nodi/grafo6710.73,12,73,94,124,145,11.0,39,530,74.14234852790833,2
1659,graficon59nodi/grafo7328.59,12,59,71,120,132,5.0,8,162,3.246805191040039,2
1660,graficon46nodi/grafo7399.46,12,46,63,123,140,6.0,15,188,6.5461180210113525,2
1661,graficon76nodi/grafo7967.76,12,76,100,121,145,16.0,44,768,156.8933720588684,2
1662,graficon67nodi/grafo8050.67,12,67,86,123,142,9.0,22,380,95.49124550819397,2
1663,graficon42nodi/grafo6310.42,12,42,63,122,143,10.0,21,220,12.359314203262329,2
1664,graficon56nodi/grafo3658.56,12,56,78,124,146,12.0,44,387,74.36377334594727,2
1665,graficon62nodi/grafo4245.62,12,62,84,121,143,15.0,33,276,42.02902436256409,2
1666,graficon77nodi/grafo4554.77,12,77,99,124,146,15.0,51,505,195.9514982700348,2
1667,graficon60nodi/grafo4856.60,12,60,80,122,142,7.0,22,289,21.450069904327393,2
1668,graficon53nodi/grafo4505.53,12,53,69,120,136,4.0,7,162,2.24215030670166,2
1669,graficon43nodi/grafo5443.43,12,43,59,122,138,5.0,16,208,11.50137448310852,2
1670,graficon51nodi/grafo6475.51,12,51,66,122,137,10.0,16,178,13.302966356277466,2
1671,graficon47nodi/grafo7084.47,12,47,65,124,142,7.0,14,226,17.35928964614868,2
1672,graficon75nodi/grafo8507.75,12,75,88,123,136,5.0,11,196,74.8637170791626,2
1673,graficon48nodi/grafo1416.48,12,48,62,124,138,6.0,8,174,3.5015368461608887,2
1674,graficon63nodi/grafo9234.63,12,63,87,120,144,16.0,39,392,111.9590892791748,2
1675,graficon51nodi/grafo4154.51,12,51,65,121,135,6.0,10,221,2.1156229972839355,2
1676,graficon62nodi/grafo4988.62,12,62,78,121,137,10.0,22,283,45.499953746795654,2
1677,graficon61nodi/grafo6131.61,12,61,79,123,141,7.0,14,406,21.738646984100342,2
1678,graficon44nodi/grafo6911.44,12,44,59,124,139,5.0,6,128,1.418750286102295,2
1679,graficon58nodi/grafo3448.58,12,58,85,124,151,14.0,40,426,170.67067503929138,2
1680,graficon60nodi/grafo8115.60,12,60,74,120,134,8.0,21,266,28.801076889038086,2
1681,graficon55nodi/grafo3950.55,12,55,74,121,140,10.0,19,279,25.438058376312256,2
1682,graficon64nodi/grafo9659.64,12,64,82,122,140,11.0,27,310,30.274905681610107,2
1683,graficon44nodi/grafo3705.44,12,44,57,120,133,4.0,7,167,2.221735715866089,2
1684,graficon61nodi/grafo4313.61,12,61,89,120,148,18.0,41,304,261.19526767730713,2
1685,graficon57nodi/grafo3991.57,12,57,81,120,144,13.0,40,434,39.38725972175598,2
1686,graficon46nodi/grafo7405.46,12,46,64,123,141,9.0,23,228,21.920507669448853,2
1687,graficon57nodi/grafo3791.57,12,57,78,123,144,14.0,33,331,38.62900257110596,2
1688,graficon43nodi/grafo3269.43,12,43,58,122,137,5.0,9,186,2.7605934143066406,2
1689,graficon39nodi/grafo6026.39,12,39,61,122,144,5.0,14,190,4.7877702713012695,2
1690,graficon62nodi/grafo9822.62,12,62,89,124,151,18.0,58,499,417.6502923965454,2
1691,graficon49nodi/grafo4046.49,12,49,67,122,140,6.0,13,267,8.313852071762085,2
1692,graficon55nodi/grafo3346.55,12,55,74,122,141,7.0,15,270,7.282175302505493,2
1693,graficon56nodi/grafo4940.56,12,56,72,121,137,7.0,13,288,4.0820863246917725,2
1694,graficon57nodi/grafo4083.57,12,57,78,124,145,12.0,29,300,20.846340894699097,2
1695,graficon46nodi/grafo3636.46,12,46,62,121,137,6.0,12,251,2.6326398849487305,2
1696,graficon55nodi/grafo4394.55,12,55,76,124,145,11.0,25,283,36.906973123550415,2
1697,graficon42nodi/grafo6004.42,12,42,60,121,139,5.0,10,203,1.8648192882537842,2
1698,graficon61nodi/grafo4331.61,12,61,78,124,141,6.0,13,234,2.8803176879882812,2
1699,graficon69nodi/grafo7284.69,12,69,87,121,139,11.0,26,250,8.390069961547852,2
1700,graficon55nodi/grafo3598.55,12,55,73,122,140,8.0,20,273,18.09513568878174,2
1701,graficon55nodi/grafo4356.55,12,55,73,120,138,6.0,17,209,9.305061101913452,2
1702,graficon61nodi/grafo5755.61,12,61,85,124,148,14.0,42,328,34.03360152244568,2
1703,graficon38nodi/grafo11236.38,12,38,52,124,138,2.0,5,120,0.7124786376953125,2
1704,graficon56nodi/grafo5089.56,12,56,83,123,150,16.0,39,286,148.7998082637787,2
1705,graficon46nodi/grafo7386.46,12,46,66,122,142,8.0,25,349,23.110471487045288,2
1706,graficon60nodi/grafo8159.60,12,60,85,122,147,12.0,31,463,23.230680227279663,2
1707,graficon61nodi/grafo3564.61,12,61,79,124,142,11.0,33,396,83.50360989570618,2
1708,graficon66nodi/grafo8771.66,12,66,88,123,145,9.0,21,261,10.416600227355957,2
1709,graficon56nodi/grafo5055.56,12,56,77,124,145,10.0,28,373,16.50282573699951,2
1710,graficon58nodi/grafo4280.58,12,58,75,120,137,6.0,16,302,9.673333406448364,2
1711,graficon69nodi/grafo4408.69,12,69,91,121,143,13.0,34,506,40.506269693374634,2
1712,graficon53nodi/grafo6767.53,12,53,73,121,141,11.0,24,408,27.88180899620056,2
1713,graficon63nodi/grafo4642.63,12,63,84,124,145,11.0,29,311,91.13762187957764,2
1714,graficon61nodi/grafo8562.61,12,61,80,122,141,10.0,24,304,10.863080501556396,2
1715,graficon37nodi/grafo3533.37,12,37,57,120,140,7.0,20,312,7.826597213745117,2
1716,graficon43nodi/grafo6008.43,12,43,68,124,149,12.0,27,345,15.508024215698242,2
1717,graficon60nodi/grafo3198.60,12,60,80,123,143,13.0,32,353,23.72611403465271,2
1718,graficon48nodi/grafo1488.48,12,48,58,122,132,4.0,7,162,13.286391496658325,2
1719,graficon60nodi/grafo7341.60,12,60,78,124,142,9.0,23,239,11.573120832443237,2
1720,graficon73nodi/grafo9705.73,12,73,94,124,145,9.0,20,344,8.309728860855103,2
1721,graficon62nodi/grafo5912.62,12,62,75,122,135,6.0,12,193,5.926273584365845,2
1722,graficon51nodi/grafo4451.51,12,51,72,124,145,9.0,18,245,3.992173433303833,2
1723,graficon69nodi/grafo7808.69,12,69,88,120,139,9.0,17,271,6.978155851364136,2
1724,graficon68nodi/grafo2711.68,12,68,82,124,138,6.0,10,305,2.489009380340576,2
1725,graficon63nodi/grafo4263.63,12,63,77,123,137,6.0,13,197,3.0988290309906006,2
1726,graficon66nodi/grafo9266.66,12,66,93,127,154,15.0,47,546,102.88700938224792,2
1727,graficon48nodi/grafo7477.48,12,48,69,126,147,11.0,28,326,23.78179359436035,2
1728,graficon65nodi/grafo4828.65,12,65,88,125,148,10.0,23,485,10.041457653045654,2
1729,graficon59nodi/grafo4124.59,12,59,82,126,149,7.0,18,221,9.033579349517822,2
1730,graficon51nodi/grafo3677.51,12,51,71,129,149,11.0,22,268,13.454470157623291,2
1731,graficon54nodi/grafo3737.54,12,54,77,127,150,13.0,31,293,36.456870555877686,2
1732,graficon64nodi/grafo9716.64,12,64,82,125,143,9.0,20,322,14.064538955688477,2
1733,graficon60nodi/grafo6454.60,12,60,78,125,143,10.0,18,216,12.585837364196777,2
1734,graficon63nodi/grafo9179.63,12,63,74,125,136,4.0,7,195,4.194516658782959,2
1735,graficon46nodi/grafo6834.46,12,46,67,127,148,12.0,29,238,11.635875701904297,2
1736,graficon50nodi/grafo4950.50,12,50,64,125,139,4.0,8,264,1.622802734375,2
1737,graficon67nodi/grafo5107.67,12,67,80,129,142,7.0,15,311,4.452052354812622,2
1738,graficon44nodi/grafo7398.44,12,44,58,128,142,5.0,12,155,6.745522737503052,2
1739,graficon59nodi/grafo6969.59,12,59,79,129,149,11.0,22,178,8.22269582748413,2
1740,graficon54nodi/grafo3614.54,12,54,75,125,146,9.0,26,363,47.23709154129028,2
1741,graficon60nodi/grafo4876.60,12,60,78,127,145,10.0,23,300,24.311561107635498,2
1742,graficon40nodi/grafo10615.40,12,40,50,129,139,1.0,1,96,0.2101297378540039,2
1743,graficon69nodi/grafo9667.69,12,69,88,126,145,7.0,19,478,20.908358335494995,2
1744,graficon41nodi/grafo3889.41,12,41,55,126,140,7.0,12,155,3.101814031600952,2
1745,graficon43nodi/grafo7193.43,12,43,64,125,146,11.0,25,224,15.63796877861023,2
1746,graficon68nodi/grafo9145.68,12,68,86,129,147,10.0,23,350,34.894543409347534,2
1747,graficon68nodi/grafo8032.68,12,68,83,126,141,3.0,5,215,1.8811697959899902,2
1748,graficon56nodi/grafo4601.56,12,56,71,125,140,7.0,12,209,5.359353065490723,2
1749,graficon57nodi/grafo4462.57,12,57,67,127,137,3.0,5,194,1.2809367179870605,2
1750,graficon69nodi/grafo7516.69,12,69,88,128,147,13.0,36,324,47.073343992233276,2
1751,graficon56nodi/grafo3789.56,12,56,79,129,152,13.0,31,259,48.660221338272095,2
1752,graficon49nodi/grafo1542.49,12,49,59,126,136,3.0,5,135,1.4090511798858643,2
1753,graficon56nodi/grafo3569.56,12,56,75,125,144,8.0,23,340,14.422961950302124,2
1754,graficon62nodi/grafo9583.62,12,62,77,129,144,6.0,13,182,3.276263952255249,2
1755,graficon56nodi/grafo5249.56,12,56,85,125,154,12.0,36,571,51.09738564491272,2
1756,graficon48nodi/grafo3561.48,12,48,68,127,147,10.0,28,267,34.14385199546814,2
1757,graficon63nodi/grafo3204.63,12,63,87,128,152,17.0,40,513,67.96532320976257,2
1758,graficon53nodi/grafo7077.53,12,53,73,126,146,8.0,16,279,5.263539552688599,2
1759,graficon56nodi/grafo5077.56,12,56,79,125,148,11.0,35,302,148.57384872436523,2
1760,graficon57nodi/grafo4700.57,12,57,76,125,144,8.0,21,279,2.8494224548339844,2
1761,graficon58nodi/grafo7346.58,12,58,78,125,145,10.0,23,279,10.132490634918213,2
1762,graficon57nodi/grafo5317.57,12,57,73,127,143,12.0,21,311,16.325597286224365,2
1763,graficon61nodi/grafo4497.61,12,61,82,125,146,14.0,48,423,148.1218183040619,2
1764,graficon65nodi/grafo9519.65,12,65,85,128,148,9.0,22,230,5.944032669067383,2
1765,graficon55nodi/grafo3183.55,12,55,67,125,137,4.0,9,190,2.3781423568725586,2
1766,graficon71nodi/grafo9009.71,12,71,83,128,140,7.0,18,348,11.82270336151123,2
1767,graficon58nodi/grafo6840.58,12,58,73,125,140,5.0,10,240,4.409698247909546,2
1768,graficon57nodi/grafo4773.57,12,57,79,128,150,11.0,30,361,25.281444787979126,2
1769,graficon54nodi/grafo6321.54,12,54,71,129,146,7.0,17,213,13.611281394958496,2
1770,graficon65nodi/grafo2881.65,12,65,76,129,140,5.0,9,193,6.049848794937134,2
1771,graficon50nodi/grafo6410.50,12,50,69,128,147,8.0,16,233,7.266613245010376,2
1772,graficon64nodi/grafo9180.64,12,64,80,127,143,8.0,23,203,31.605792760849,2
1773,graficon55nodi/grafo6500.55,12,55,75,125,145,10.0,26,390,103.27201890945435,2
1774,graficon74nodi/grafo7149.74,12,74,93,127,146,8.0,14,213,7.632155895233154,2
1775,graficon66nodi/grafo8998.66,12,66,99,127,160,inf,0,0,600.9115109443665,9
1776,graficon60nodi/grafo5896.60,12,60,84,128,152,11.0,27,475,24.723803758621216,2
1777,graficon48nodi/grafo6833.48,12,48,69,129,150,9.0,19,248,12.118224620819092,2
1778,graficon44nodi/grafo6938.44,12,44,61,127,144,8.0,15,184,8.619619131088257,2
1779,graficon60nodi/grafo4138.60,12,60,83,129,152,13.0,40,327,96.42786169052124,2
1780,graficon63nodi/grafo5858.63,12,63,83,126,146,11.0,24,436,20.661962032318115,2
1781,graficon61nodi/grafo6803.61,12,61,87,125,151,15.0,49,489,229.08512496948242,2
1782,graficon54nodi/grafo4701.54,12,54,67,126,139,4.0,8,175,1.299931526184082,2
1783,graficon43nodi/grafo5467.43,12,43,73,129,159,14.0,49,438,61.08702206611633,2
1784,graficon62nodi/grafo9257.62,12,62,85,128,151,13.0,38,536,45.97045946121216,2
1785,graficon59nodi/grafo6980.59,12,59,79,129,149,11.0,22,178,8.551557064056396,2
1786,graficon65nodi/grafo9475.65,12,65,84,126,145,8.0,25,233,18.05067467689514,2
1787,graficon54nodi/grafo7613.54,12,54,78,127,151,11.0,32,368,10.908824682235718,2
1788,graficon43nodi/grafo5187.43,12,43,61,129,147,6.0,12,149,2.0831098556518555,2
1789,graficon41nodi/grafo3701.41,12,41,58,127,144,7.0,22,291,6.699202299118042,2
1790,graficon49nodi/grafo3085.49,12,49,72,128,151,13.0,26,258,8.204620122909546,2
1791,graficon68nodi/grafo9378.68,12,68,81,125,138,8.0,13,200,9.51082706451416,2
1792,graficon59nodi/grafo5600.59,12,59,78,125,144,10.0,19,325,8.191050052642822,2
1793,graficon46nodi/grafo6986.46,12,46,63,127,144,7.0,16,224,4.509465932846069,2
1794,graficon78nodi/grafo8145.78,12,78,98,127,147,inf,0,0,601.1121571063995,9
1795,graficon61nodi/grafo4392.61,12,61,75,125,139,7.0,17,312,8.713737726211548,2
1796,graficon68nodi/grafo4472.68,12,68,90,128,150,9.0,21,388,9.90010404586792,2
1797,graficon80nodi/grafo9560.80,12,80,100,127,147,inf,0,0,601.0943562984467,9
1798,graficon57nodi/grafo6238.57,12,57,87,128,158,15.0,42,448,27.844573259353638,2
1799,graficon62nodi/grafo2002.62,12,62,77,126,141,8.0,18,273,19.725855588912964,2
1800,graficon59nodi/grafo4615.59,12,59,75,129,145,8.0,14,196,4.687892436981201,2
1801,graficon56nodi/grafo4685.56,12,56,71,132,147,5.0,8,229,0.8479011058807373,2
1802,graficon65nodi/grafo4904.65,12,65,78,130,143,4.0,5,298,3.099191904067993,2
1803,graficon75nodi/grafo7926.75,12,75,93,131,149,11.0,26,475,56.005738496780396,2
1804,graficon65nodi/grafo9415.65,12,65,85,131,151,15.0,37,480,180.6559271812439,2
1805,graficon48nodi/grafo5672.48,12,48,70,132,154,12.0,24,321,32.036614418029785,2
1806,graficon54nodi/grafo3189.54,12,54,84,132,162,16.0,54,432,200.76814079284668,2
1807,graficon63nodi/grafo4702.63,12,63,89,134,160,21.0,64,538,602.3013594150543,9
1808,graficon60nodi/grafo8898.60,12,60,78,130,148,7.0,17,320,9.69167184829712,2
1809,graficon70nodi/grafo1381.70,12,70,87,133,150,7.0,9,233,5.827436447143555,2
1810,graficon62nodi/grafo8037.62,12,62,81,132,151,10.0,21,259,17.958518028259277,2
1811,graficon70nodi/grafo8234.70,12,70,89,131,150,8.0,22,203,15.498684644699097,2
1812,graficon63nodi/grafo7806.63,12,63,83,132,152,7.0,14,262,9.175813674926758,2
1813,graficon53nodi/grafo4882.53,12,53,75,133,155,10.0,23,240,19.168127059936523,2
1814,graficon69nodi/grafo1568.69,12,69,89,131,151,7.0,16,338,16.539318561553955,2
1815,graficon56nodi/grafo1478.56,12,56,69,132,145,3.0,6,190,6.409257888793945,2
1816,graficon67nodi/grafo9187.67,12,67,93,133,159,20.0,69,556,601.112143278122,9
1817,graficon40nodi/grafo2593.40,12,40,55,130,145,5.0,8,118,1.7604176998138428,2
1818,graficon72nodi/grafo9592.72,12,72,86,132,146,11.0,18,158,29.334555625915527,2
1819,graficon38nodi/grafo6416.38,12,38,57,131,150,7.0,13,142,7.135251760482788,2
1820,graficon65nodi/grafo6412.65,12,65,82,133,150,8.0,21,337,14.358950853347778,2
1821,graficon54nodi/grafo4969.54,12,54,85,130,161,15.0,55,510,151.2840712070465,2
1822,graficon63nodi/grafo9400.63,12,63,85,134,156,12.0,28,253,17.060989379882812,2
1823,graficon66nodi/grafo1298.66,12,66,82,131,147,7.0,20,317,54.51776146888733,2
1824,graficon56nodi/grafo7752.56,12,56,69,134,147,5.0,10,229,7.654371976852417,2
1825,graficon67nodi/grafo9754.67,12,67,96,131,160,18.0,51,596,190.00791716575623,2
1826,graficon55nodi/grafo5444.55,12,55,70,134,149,9.0,15,266,23.034266233444214,2
1827,graficon66nodi/grafo4404.66,12,66,81,131,146,8.0,18,192,14.717851400375366,2
1828,graficon42nodi/grafo4033.42,12,42,64,133,155,8.0,19,314,6.114684820175171,2
1829,graficon69nodi/grafo9191.69,12,69,90,134,155,10.0,23,406,17.822903156280518,2
1830,graficon71nodi/grafo8560.71,12,71,93,132,154,13.0,43,451,282.41159677505493,2
1831,graficon46nodi/grafo5778.46,12,46,69,132,155,12.0,27,387,28.316554069519043,2
1832,graficon51nodi/grafo4577.51,12,51,68,132,149,8.0,19,302,11.848242282867432,2
1833,graficon60nodi/grafo7493.60,12,60,83,131,154,13.0,32,492,60.93999242782593,2
1834,graficon68nodi/grafo1575.68,12,68,84,133,149,7.0,13,210,4.8203816413879395,2
1835,graficon45nodi/grafo6295.45,12,45,67,130,152,10.0,28,356,23.566543340682983,2
1836,graficon68nodi/grafo1303.68,12,68,84,131,147,6.0,15,282,9.301091432571411,2
1837,graficon65nodi/grafo9272.65,12,65,81,130,146,9.0,22,331,20.87626338005066,2
1838,graficon65nodi/grafo9575.65,12,65,82,130,147,10.0,16,212,14.687471628189087,2
1839,graficon64nodi/grafo5067.64,12,64,82,131,149,9.0,18,342,22.83347797393799,2
1840,graficon63nodi/grafo4679.63,12,63,87,131,155,16.0,43,320,600.7004115581512,9
1841,graficon69nodi/grafo8072.69,12,69,88,132,151,7.0,15,236,18.737679958343506,2
1842,graficon56nodi/grafo3427.56,12,56,81,131,156,16.0,48,565,123.4702889919281,2
1843,graficon46nodi/grafo6994.46,12,46,64,134,152,7.0,16,289,16.538078546524048,2
1844,graficon66nodi/grafo4737.66,12,66,86,132,152,12.0,28,350,56.777448892593384,2
1845,graficon56nodi/grafo5851.56,12,56,75,131,150,12.0,25,313,12.880276679992676,2
1846,graficon63nodi/grafo5068.63,12,63,87,132,156,15.0,46,427,292.6060540676117,2
1847,graficon55nodi/grafo1487.55,12,55,71,130,146,8.0,17,274,10.408416032791138,2
1848,graficon60nodi/grafo9141.60,12,60,82,130,152,13.0,25,197,10.122874021530151,2
1849,graficon44nodi/grafo6014.44,12,44,59,133,148,5.0,10,188,3.457087516784668,2
1850,graficon55nodi/grafo6741.55,12,55,80,131,156,15.0,48,318,385.0336480140686,2
1851,graficon66nodi/grafo4727.66,12,66,88,133,155,10.0,27,453,65.39735698699951,2
1852,graficon60nodi/grafo5435.60,12,60,85,132,157,15.0,49,503,138.61692428588867,2
1853,graficon41nodi/grafo3340.41,12,41,54,130,143,4.0,8,166,2.3977293968200684,2
1854,graficon65nodi/grafo9417.65,12,65,88,132,155,5.0,12,298,8.569026470184326,2
1855,graficon61nodi/grafo7324.61,12,61,77,132,148,8.0,17,284,16.26997470855713,2
1856,graficon70nodi/grafo9841.70,12,70,97,131,158,22.0,55,411,182.36598896980286,2
1857,graficon69nodi/grafo7954.69,12,69,103,134,168,inf,0,0,600.8753898143768,9
1858,graficon48nodi/grafo3327.48,12,48,73,133,158,11.0,25,397,33.88801050186157,2
1859,graficon60nodi/grafo8610.60,12,60,77,133,150,6.0,14,184,5.3996875286102295,2
1860,graficon71nodi/grafo5375.71,12,71,93,132,154,16.0,50,649,487.2116951942444,2
1861,graficon60nodi/grafo4910.60,12,60,76,132,148,9.0,18,205,9.11379361152649,2
1862,graficon63nodi/grafo1606.63,12,63,85,133,155,15.0,29,378,39.35292840003967,2
1863,graficon83nodi/grafo8245.83,12,83,104,130,151,15.0,41,618,347.39863753318787,2
1864,graficon59nodi/grafo4591.59,12,59,83,131,155,12.0,25,372,27.41050696372986,2
1865,graficon54nodi/grafo1545.54,12,54,71,134,151,8.0,17,317,18.875937938690186,2
1866,graficon53nodi/grafo5052.53,12,53,77,130,154,9.0,31,431,29.78971767425537,2
1867,graficon51nodi/grafo7562.51,12,51,81,133,163,17.0,73,498,496.62845253944397,2
1868,graficon58nodi/grafo5403.58,12,58,77,130,149,12.0,31,555,33.37380266189575,2
1869,graficon79nodi/grafo9810.79,12,79,101,133,155,14.0,47,492,393.1074388027191,2
1870,graficon48nodi/grafo5806.48,12,48,65,130,147,7.0,14,260,8.421471357345581,2
1871,graficon49nodi/grafo5654.49,12,49,68,130,149,7.0,19,277,6.432223558425903,2
1872,graficon60nodi/grafo6316.60,12,60,82,132,154,13.0,34,360,26.739815950393677,2
1873,graficon63nodi/grafo9246.63,12,63,89,133,159,17.0,46,494,107.45231437683105,2
1874,graficon71nodi/grafo9173.71,12,71,105,134,168,20.0,72,807,323.5269708633423,2
1875,graficon78nodi/grafo9549.78,12,78,97,132,151,13.0,43,615,293.2337336540222,2
1876,graficon64nodi/grafo4584.64,12,64,89,136,161,13.0,34,367,58.13303542137146,2
1877,graficon47nodi/grafo6821.47,12,47,68,138,159,10.0,23,224,9.50294041633606,2
1878,graficon61nodi/grafo8397.61,12,61,82,138,159,12.0,26,255,26.98996329307556,2
1879,graficon52nodi/grafo6177.52,12,52,69,139,156,6.0,13,191,4.250547647476196,2
1880,graficon56nodi/grafo3772.56,12,56,83,138,165,14.0,34,406,121.19598174095154,2
1881,graficon62nodi/grafo4790.62,12,62,85,135,158,10.0,36,374,20.627291679382324,2
1882,graficon51nodi/grafo1520.51,12,51,65,139,153,10.0,19,193,13.315669536590576,2
1883,graficon71nodi/grafo4197.71,12,71,97,139,165,13.0,29,376,35.31821823120117,2
1884,graficon76nodi/grafo4174.76,12,76,98,135,157,11.0,27,319,23.244059085845947,2
1885,graficon62nodi/grafo5986.62,12,62,88,137,163,20.0,67,501,579.3146505355835,2
1886,graficon62nodi/grafo7813.62,12,62,81,135,154,8.0,24,330,14.560624837875366,2
1887,graficon57nodi/grafo7627.57,12,57,85,135,163,16.0,47,494,100.19208478927612,2
1888,graficon61nodi/grafo5559.61,12,61,75,139,153,10.0,17,198,9.124811172485352,2
1889,graficon58nodi/grafo6457.58,12,58,84,137,163,18.0,42,424,81.20214509963989,2
1890,graficon53nodi/grafo6147.53,12,53,63,139,149,3.0,6,119,1.6188147068023682,2
1891,graficon59nodi/grafo4900.59,12,59,83,139,163,11.0,26,378,24.600688219070435,2
1892,graficon54nodi/grafo4928.54,12,54,72,139,157,10.0,22,251,18.17684268951416,2
1893,graficon58nodi/grafo7022.58,12,58,80,136,158,14.0,31,364,25.138351917266846,2
1894,graficon77nodi/grafo9389.77,12,77,99,136,158,13.0,37,325,161.44519066810608,2
1895,graficon67nodi/grafo8161.67,12,67,90,138,161,12.0,29,334,57.89734172821045,2
1896,graficon47nodi/grafo6701.47,12,47,74,136,163,17.0,44,426,70.28684115409851,2
1897,graficon70nodi/grafo9708.70,12,70,91,139,160,9.0,17,423,16.934327840805054,2
1898,graficon55nodi/grafo4299.55,12,55,79,138,162,12.0,38,317,28.515767574310303,2
1899,graficon55nodi/grafo5845.55,12,55,80,139,164,13.0,41,448,79.114816904068,2
1900,graficon54nodi/grafo7468.54,12,54,81,138,165,14.0,42,352,161.2577977180481,2
1901,graficon73nodi/grafo4273.73,12,73,90,139,156,3.0,8,270,4.221409559249878,2
1902,graficon67nodi/grafo5665.67,12,67,83,137,153,6.0,12,246,8.274976968765259,2
1903,graficon55nodi/grafo5023.55,12,55,78,136,159,10.0,28,374,54.689871072769165,2
1904,graficon66nodi/grafo9195.66,12,66,86,138,158,9.0,20,372,12.612931966781616,2
1905,graficon64nodi/grafo9364.64,12,64,91,136,163,12.0,35,460,35.7860472202301,2
1906,graficon61nodi/grafo6022.61,12,61,86,138,163,15.0,39,439,58.20289587974548,2
1907,graficon39nodi/grafo6294.39,12,39,58,138,157,6.0,16,258,13.497047424316406,2
1908,graficon57nodi/grafo3386.57,12,57,86,135,164,14.0,39,332,66.53823494911194,2
1909,graficon55nodi/grafo3797.55,12,55,79,135,159,10.0,24,357,19.05240225791931,2
1910,graficon66nodi/grafo4881.66,12,66,83,138,155,8.0,17,297,7.54308557510376,2
1911,graficon59nodi/grafo4611.59,12,59,81,137,159,8.0,19,391,22.505252361297607,2
1912,graficon59nodi/grafo3674.59,12,59,90,139,170,19.0,57,522,143.29914236068726,2
1913,graficon66nodi/grafo9366.66,12,66,85,139,158,12.0,26,436,45.73623013496399,2
1914,graficon81nodi/grafo5469.81,12,81,98,137,154,11.0,28,578,74.8084785938263,2
1915,graficon77nodi/grafo9780.77,12,77,96,138,157,12.0,28,581,195.01096105575562,2
1916,graficon76nodi/grafo8522.76,12,76,99,135,158,8.0,21,502,15.842375993728638,2
1917,graficon80nodi/grafo9582.80,12,80,101,138,159,12.0,32,431,57.3915741443634,2
1918,graficon79nodi/grafo6720.79,12,79,102,139,162,18.0,41,379,113.17548274993896,2
1919,graficon68nodi/grafo9632.68,12,68,91,139,162,14.0,37,442,97.75404977798462,2
1920,graficon68nodi/grafo7293.68,12,68,79,137,148,5.0,7,222,2.2706997394561768,2
1921,graficon77nodi/grafo4393.77,12,77,97,136,156,11.0,28,271,16.87139868736267,2
1922,graficon81nodi/grafo4257.81,12,81,107,136,162,19.0,65,664,186.32767724990845,2
1923,graficon62nodi/grafo5084.62,12,62,80,137,155,6.0,13,291,6.042998552322388,2
1924,graficon38nodi/grafo11345.38,12,38,56,139,157,3.0,7,134,1.6260364055633545,2
1925,graficon61nodi/grafo4922.61,12,61,91,138,168,16.0,36,405,60.42388081550598,2
1926,graficon71nodi/grafo5179.71,12,71,98,136,163,16.0,63,521,421.92705845832825,2
1927,graficon47nodi/grafo6691.47,12,47,67,139,159,9.0,23,287,21.88583755493164,2
1928,graficon68nodi/grafo1565.68,12,68,83,136,151,5.0,9,253,3.340686321258545,2
1929,graficon78nodi/grafo8409.78,12,78,103,137,162,12.0,37,593,137.04658436775208,2
1930,graficon62nodi/grafo4877.62,12,62,85,137,160,9.0,29,329,23.468451261520386,2
1931,graficon69nodi/grafo8995.69,12,69,90,136,157,11.0,25,341,27.65280771255493,2
1932,graficon64nodi/grafo4413.64,12,64,87,138,161,8.0,20,262,13.13844108581543,2
1933,graficon69nodi/grafo7938.69,12,69,90,139,160,18.0,48,455,140.28032612800598,2
1934,graficon70nodi/grafo8047.70,12,70,98,138,166,21.0,70,528,443.59209156036377,2
1935,graficon67nodi/grafo4635.67,12,67,79,139,151,4.0,5,270,4.062453031539917,2
1936,graficon85nodi/grafo8547.85,12,85,104,139,158,14.0,38,400,188.56896877288818,2
1937,graficon58nodi/grafo6312.58,12,58,87,138,167,15.0,48,522,262.1756856441498,2
1938,graficon39nodi/grafo4104.39,12,39,55,139,155,4.0,10,180,2.726088762283325,2
1939,graficon81nodi/grafo4522.81,12,81,94,136,149,7.0,10,255,7.502577781677246,2
1940,graficon93nodi/grafo8962.93,12,93,109,135,151,10.0,23,367,28.576273918151855,2
1941,graficon54nodi/grafo4346.54,12,54,80,138,164,14.0,43,399,170.101167678833,2
1942,graficon67nodi/grafo1518.67,12,67,85,135,153,12.0,29,327,37.64848208427429,2
1943,graficon62nodi/grafo5134.62,12,62,80,136,154,8.0,16,186,21.61460280418396,2
1944,graficon42nodi/grafo7588.42,12,42,62,138,158,9.0,23,187,64.77869725227356,2
1945,graficon56nodi/grafo6721.56,12,56,77,135,156,11.0,32,331,196.67002987861633,2
1946,graficon61nodi/grafo8268.61,12,61,89,137,165,12.0,33,407,26.40764045715332,2
1947,graficon67nodi/grafo7882.67,12,67,81,137,151,6.0,11,258,6.537072420120239,2
1948,graficon75nodi/grafo4276.75,12,75,96,137,158,10.0,26,342,46.306612730026245,2
1949,graficon74nodi/grafo5001.74,12,74,91,135,152,9.0,17,334,12.04355502128601,2
1950,graficon65nodi/grafo4774.65,12,65,85,138,158,8.0,15,298,19.882863998413086,2
1951,graficon60nodi/grafo3653.60,12,60,86,141,167,15.0,41,455,60.31113004684448,2
1952,graficon65nodi/grafo9512.65,12,65,93,142,170,15.0,51,549,202.664320230484,2
1953,graficon71nodi/grafo7021.71,12,71,89,144,162,9.0,15,219,9.360024213790894,2
1954,graficon65nodi/grafo9304.65,12,65,91,144,170,15.0,45,477,138.5003366470337,2
1955,graficon74nodi/grafo9719.74,12,74,106,143,175,inf,0,0,600.9933178424835,9
1956,graficon50nodi/grafo7712.50,12,50,67,142,159,5.0,12,185,4.121433258056641,2
1957,graficon65nodi/grafo4738.65,12,65,89,141,165,13.0,36,536,123.18480372428894,2
1958,graficon43nodi/grafo7458.43,12,43,61,142,160,8.0,21,191,6.05052924156189,2
1959,graficon61nodi/grafo9017.61,12,61,80,144,163,5.0,10,215,6.2824461460113525,2
1960,graficon72nodi/grafo6528.72,12,72,87,141,156,8.0,18,364,22.2938289642334,2
1961,graficon55nodi/grafo4357.55,12,55,74,140,159,6.0,12,203,4.3599700927734375,2
1962,graficon61nodi/grafo4181.61,12,61,78,144,161,8.0,18,285,30.05805277824402,2
1963,graficon89nodi/grafo6694.89,12,89,103,140,154,9.0,19,408,30.454680681228638,2
1964,graficon81nodi/grafo7951.81,12,81,99,143,161,13.0,39,622,470.68299078941345,2
1965,graficon65nodi/grafo8405.65,12,65,92,142,169,16.0,45,384,61.740352153778076,2
1966,graficon71nodi/grafo6545.71,12,71,89,142,160,11.0,27,431,59.105915546417236,2
1967,graficon63nodi/grafo9109.63,12,63,88,142,167,16.0,49,372,310.56292271614075,2
1968,graficon52nodi/grafo6386.52,12,52,79,142,169,16.0,43,400,157.3356306552887,2
1969,graficon56nodi/grafo4175.56,12,56,73,141,158,5.0,12,223,7.177102565765381,2
1970,graficon78nodi/grafo9693.78,12,78,103,143,168,14.0,37,646,87.44126343727112,2
1971,graficon89nodi/grafo8947.89,12,89,116,143,170,18.0,51,630,281.8173806667328,2
1972,graficon52nodi/grafo3211.52,12,52,77,141,166,14.0,40,314,78.04894804954529,2
1973,graficon70nodi/grafo8238.70,12,70,89,144,163,11.0,23,428,52.39534664154053,2
1974,graficon63nodi/grafo7972.63,12,63,90,143,170,12.0,52,533,162.06303334236145,2
1975,graficon83nodi/grafo9440.83,12,83,108,140,165,12.0,37,454,73.98673391342163,2
1976,graficon69nodi/grafo8401.69,12,69,100,143,174,22.0,57,634,161.01622486114502,2
1977,graficon68nodi/grafo9165.68,12,68,91,142,165,17.0,36,450,83.90385603904724,2
1978,graficon53nodi/grafo3357.53,12,53,73,140,160,9.0,21,278,19.491077661514282,2
1979,graficon53nodi/grafo4996.53,12,53,69,142,158,7.0,19,252,25.4386785030365,2
1980,graficon61nodi/grafo4239.61,12,61,76,143,158,4.0,8,164,2.6545000076293945,2
1981,graficon56nodi/grafo7664.56,12,56,74,143,161,10.0,18,178,20.909047842025757,2
1982,graficon51nodi/grafo1383.51,12,51,74,140,163,8.0,24,238,18.17771553993225,2
1983,graficon57nodi/grafo6842.57,12,57,74,141,158,7.0,16,181,21.59562087059021,2
1984,graficon71nodi/grafo7810.71,12,71,92,142,163,14.0,37,397,123.15444350242615,2
1985,graficon64nodi/grafo9007.64,12,64,101,144,181,inf,0,0,601.269496679306,9
1986,graficon66nodi/grafo9398.66,12,66,90,141,165,11.0,32,323,59.39303493499756,2
1987,graficon52nodi/grafo6375.52,12,52,79,142,169,16.0,43,400,153.96716213226318,2
1988,graficon83nodi/grafo7841.83,12,83,107,144,168,14.0,43,418,120.631178855896,2
1989,graficon60nodi/grafo8868.60,12,60,75,141,156,7.0,15,139,21.116337299346924,2
1990,graficon69nodi/grafo7855.69,12,69,84,142,157,11.0,24,401,24.92195987701416,2
1991,graficon56nodi/grafo3584.56,12,56,80,141,165,13.0,31,323,48.68538808822632,2
1992,graficon61nodi/grafo7596.61,12,61,85,140,164,10.0,33,378,96.32471561431885,2
1993,graficon57nodi/grafo3818.57,12,57,77,142,162,10.0,25,348,23.925889015197754,2
1994,graficon75nodi/grafo8517.75,12,75,95,142,162,9.0,27,552,69.8138382434845,2
1995,graficon63nodi/grafo9291.63,12,63,88,140,165,15.0,54,521,346.8951597213745,2
1996,graficon47nodi/grafo3948.47,12,47,66,141,160,10.0,20,191,10.669968366622925,2
1997,graficon76nodi/grafo9253.76,12,76,105,141,170,inf,0,0,601.6637680530548,9
1998,graficon53nodi/grafo4803.53,12,53,70,143,160,8.0,17,242,27.41831374168396,2
1999,graficon69nodi/grafo9729.69,12,69,103,144,178,inf,0,0,601.0201187133789,9
2000,graficon54nodi/grafo3284.54,12,54,82,142,170,17.0,47,336,72.22405171394348,2
2001,graficon68nodi/grafo9328.68,12,68,99,143,174,21.0,66,493,371.89544343948364,2
2002,graficon43nodi/grafo4055.43,12,43,61,141,159,7.0,21,234,30.832221269607544,2
2003,graficon70nodi/grafo8229.70,12,70,97,143,170,15.0,34,334,46.200677156448364,2
2004,graficon64nodi/grafo9178.64,12,64,87,141,164,8.0,27,351,37.00704836845398,2
2005,graficon69nodi/grafo9816.69,12,69,96,141,168,17.0,49,445,91.92088913917542,2
2006,graficon52nodi/grafo4677.52,12,52,72,143,163,7.0,15,236,2.851701259613037,2
2007,graficon72nodi/grafo4810.72,12,72,88,143,159,5.0,11,253,4.403163433074951,2
2008,graficon51nodi/grafo6012.51,12,51,81,142,172,14.0,28,407,16.26950693130493,2
2009,graficon62nodi/grafo4487.62,12,62,86,140,164,15.0,49,398,244.48011016845703,2
2010,graficon59nodi/grafo4390.59,12,59,89,143,173,20.0,59,544,474.08826518058777,2
2011,graficon78nodi/grafo4220.78,12,78,98,143,163,10.0,22,314,25.86880588531494,2
2012,graficon71nodi/grafo8336.71,12,71,91,144,164,12.0,34,336,58.76684546470642,2
2013,graficon70nodi/grafo5094.70,12,70,91,141,162,10.0,35,473,114.44961333274841,2
2014,graficon62nodi/grafo8989.62,12,62,80,141,159,8.0,16,234,10.880397319793701,2
2015,graficon75nodi/grafo4669.75,12,75,96,142,163,7.0,16,312,8.79771900177002,2
2016,graficon58nodi/grafo4899.58,12,58,80,141,163,12.0,31,445,56.40620422363281,2
2017,graficon75nodi/grafo9188.75,12,75,92,140,157,7.0,18,289,14.192633152008057,2
2018,graficon67nodi/grafo9712.67,12,67,85,140,158,8.0,14,275,9.563732624053955,2
2019,graficon79nodi/grafo9244.79,12,79,98,142,161,13.0,38,497,137.73075127601624,2
2020,graficon57nodi/grafo4919.57,12,57,74,143,160,5.0,9,216,2.222562074661255,2
2021,graficon70nodi/grafo8187.70,12,70,89,140,159,11.0,30,362,36.050530433654785,2
2022,graficon58nodi/grafo5075.58,12,58,75,144,161,7.0,21,189,11.102542877197266,2
2023,graficon70nodi/grafo9739.70,12,70,85,144,159,7.0,11,155,12.637218236923218,2
2024,graficon74nodi/grafo4178.74,12,74,99,141,166,13.0,30,350,29.03789210319519,2
2025,graficon59nodi/grafo7660.59,12,59,81,140,162,11.0,31,362,75.4175672531128,2
2026,graficon55nodi/grafo5671.55,12,55,83,148,176,14.0,52,661,82.98002886772156,2
2027,graficon60nodi/grafo4443.60,12,60,83,145,168,10.0,24,396,8.745751142501831,2
2028,graficon46nodi/grafo6688.46,12,46,65,146,165,9.0,19,180,8.33924412727356,2
2029,graficon91nodi/grafo10239.91,12,91,123,146,178,inf,0,0,601.4617025852203,9
2030,graficon90nodi/grafo10642.90,12,90,118,146,174,inf,0,0,601.4003756046295,9
2031,graficon61nodi/grafo4749.61,12,61,73,147,159,5.0,10,221,3.4703879356384277,2
2032,graficon58nodi/grafo4974.58,12,58,79,145,166,11.0,18,305,15.328721523284912,2
2033,graficon60nodi/grafo4039.60,12,60,90,145,175,18.0,63,534,405.6092104911804,2
2034,graficon74nodi/grafo8591.74,12,74,93,149,168,13.0,28,405,18.64863085746765,2
2035,graficon73nodi/grafo9038.73,12,73,94,148,169,11.0,31,549,112.79082226753235,2
2036,graficon70nodi/grafo9068.70,12,70,90,149,169,11.0,21,236,9.84628963470459,2
2037,graficon72nodi/grafo9449.72,12,72,100,147,175,20.0,68,445,600.9694213867188,9
2038,graficon72nodi/grafo9423.72,12,72,100,149,177,15.0,39,493,107.94509625434875,2
2039,graficon67nodi/grafo7896.67,12,67,95,148,176,12.999999999999474,42,398,165.4372169971466,2
2040,graficon77nodi/grafo4837.77,12,77,106,146,175,18.0,56,655,269.34121584892273,2
2041,graficon53nodi/grafo4486.53,12,53,70,147,164,8.0,18,242,14.88280987739563,2
2042,graficon55nodi/grafo3181.55,12,55,77,147,169,11.0,25,293,27.821192741394043,2
2043,graficon65nodi/grafo4912.65,12,65,92,147,174,16.0,48,417,176.8181574344635,2
2044,graficon53nodi/grafo3973.53,12,53,69,148,164,5.0,15,238,6.760325193405151,2
2045,graficon68nodi/grafo4476.68,12,68,95,147,174,16.0,43,356,79.3688805103302,2
2046,graficon75nodi/grafo1451.75,12,75,88,145,158,4.0,11,246,7.975907802581787,2
2047,graficon71nodi/grafo5039.71,12,71,96,149,174,13.0,32,585,49.896249771118164,2
2048,graficon57nodi/grafo3428.57,12,57,80,145,168,11.0,33,422,58.7595853805542,2
2049,graficon78nodi/grafo8175.78,12,78,95,146,163,9.0,20,385,33.633891105651855,2
2050,graficon73nodi/grafo8860.73,12,73,101,148,176,13.0,38,599,134.92037105560303,2
2051,graficon56nodi/grafo4424.56,12,56,74,146,164,9.0,19,284,6.9850969314575195,2
2052,graficon44nodi/grafo7431.44,12,44,64,148,168,9.0,24,365,30.558510065078735,2
2053,graficon68nodi/grafo9540.68,12,68,95,147,174,13.0,41,553,187.40747928619385,2
2054,graficon59nodi/grafo4628.59,12,59,80,147,168,8.0,19,343,27.33684730529785,2
2055,graficon51nodi/grafo3333.51,12,51,71,147,167,12.0,22,200,7.2025465965271,2
2056,graficon74nodi/grafo8049.74,12,74,103,145,174,inf,0,0,600.8497202396393,9
2057,graficon75nodi/grafo9736.75,12,75,90,147,162,6.0,14,230,3.491607189178467,2
2058,graficon94nodi/grafo8861.94,12,94,107,145,158,8.0,35,540,34.71710443496704,2
2059,graficon62nodi/grafo4538.62,12,62,85,148,171,14.0,38,411,54.99044680595398,2
2060,graficon63nodi/grafo9336.63,12,63,89,146,172,12.0,39,581,130.67233777046204,2
2061,graficon83nodi/grafo4144.83,12,83,110,146,173,20.0,80,636,601.0583727359772,9
2062,graficon67nodi/grafo4208.67,12,67,92,147,172,15.0,41,416,242.40194630622864,2
2063,graficon76nodi/grafo5898.76,12,76,96,148,168,11.0,34,597,217.112074136734,2
2064,graficon70nodi/grafo7801.70,12,70,88,149,167,8.0,20,277,9.869235038757324,2
2065,graficon82nodi/grafo8144.82,12,82,100,146,164,10.0,26,385,37.15741229057312,2
2066,graficon55nodi/grafo5884.55,12,55,79,146,170,13.0,29,370,31.224982023239136,2
2067,graficon70nodi/grafo9373.70,12,70,87,149,166,9.0,18,358,17.832566499710083,2
2068,graficon65nodi/grafo1302.65,12,65,87,149,171,8.0,20,293,4.1894121170043945,2
2069,graficon57nodi/grafo3610.57,12,57,80,149,172,9.0,29,270,31.527603149414062,2
2070,graficon76nodi/grafo4484.76,12,76,101,149,174,13.0,35,404,110.77668285369873,2
2071,graficon66nodi/grafo8917.66,12,66,100,145,179,inf,0,0,600.9171235561371,9
2072,graficon72nodi/grafo4126.72,12,72,89,148,165,11.0,17,216,10.30834698677063,2
2073,graficon77nodi/grafo9793.77,12,77,96,146,165,11.0,31,574,177.0911602973938,2
2074,graficon62nodi/grafo4691.62,12,62,85,149,172,10.0,33,400,66.96459221839905,2
2075,graficon59nodi/grafo6657.59,12,59,79,148,168,9.0,22,243,20.985690593719482,2
2076,graficon74nodi/grafo4732.74,12,74,96,147,169,9.0,22,302,24.513418197631836,2
2077,graficon43nodi/grafo7334.43,12,43,63,146,166,8.0,13,160,5.773585081100464,2
2078,graficon80nodi/grafo4618.80,12,80,104,149,173,inf,0,0,601.1635322570801,9
2079,graficon73nodi/grafo5074.73,12,73,95,149,171,inf,0,0,601.0937991142273,9
2080,graficon54nodi/grafo4590.54,12,54,72,148,166,7.0,17,256,14.893905401229858,2
2081,graficon69nodi/grafo8132.69,12,69,95,146,172,15.0,34,435,106.58108329772949,2
2082,graficon66nodi/grafo8339.66,12,66,90,146,170,15.0,38,294,31.620384693145752,2
2083,graficon61nodi/grafo8424.61,12,61,83,148,170,12.0,28,437,27.633453607559204,2
2084,graficon43nodi/grafo2506.43,12,43,56,145,158,7.0,14,211,8.4718017578125,2
2085,graficon76nodi/grafo4492.76,12,76,102,149,175,12.0,33,573,26.747153997421265,2
2086,graficon61nodi/grafo7814.61,12,61,90,147,176,13.0,31,493,36.149309396743774,2
2087,graficon62nodi/grafo8572.62,12,62,87,147,172,15.0,52,520,172.96711039543152,2
2088,graficon60nodi/grafo4335.60,12,60,87,149,176,11.0,27,390,25.562212228775024,2
2089,graficon93nodi/grafo11193.93,12,93,120,145,172,inf,0,0,601.3167462348938,9
2090,graficon36nodi/grafo3182.36,12,36,53,147,164,7.0,25,361,11.7181077003479,2
2091,graficon83nodi/grafo7891.83,12,83,113,149,179,20.0,78,657,480.97066497802734,2
2092,graficon45nodi/grafo6906.45,12,45,66,145,166,10.0,22,342,17.465355157852173,2
2093,graficon62nodi/grafo4653.62,12,62,95,148,181,19.0,66,664,344.6702308654785,2
2094,graficon75nodi/grafo5859.75,12,75,96,146,167,16.0,40,435,600.9386794567108,9
2095,graficon82nodi/grafo7860.82,12,82,113,146,177,inf,0,0,600.7394051551819,9
2096,graficon61nodi/grafo9494.61,12,61,80,146,165,8.0,15,425,10.967853784561157,2
2097,graficon59nodi/grafo5159.59,12,59,84,146,171,10.0,29,523,35.63993215560913,2
2098,graficon85nodi/grafo4294.85,12,85,107,146,168,11.0,31,492,155.54408645629883,2
2099,graficon84nodi/grafo8318.84,12,84,110,147,173,inf,0,0,601.3159761428833,9
2100,graficon66nodi/grafo2089.66,12,66,84,146,164,15.0,35,507,145.66799068450928,2
2101,graficon70nodi/grafo7779.70,12,70,90,150,170,10.0,24,316,25.13349151611328,2
2102,graficon49nodi/grafo3526.49,12,49,71,151,173,12.0,33,274,80.28956723213196,2
2103,graficon61nodi/grafo9451.61,12,61,97,153,189,inf,0,0,601.3884854316711,9
2104,graficon66nodi/grafo8977.66,12,66,81,150,165,9.0,19,302,21.25305700302124,2
2105,graficon74nodi/grafo8677.74,12,74,96,151,173,12.0,33,344,153.6156940460205,2
2106,graficon68nodi/grafo1420.68,12,68,90,150,172,11.0,24,279,8.241588354110718,2
2107,graficon59nodi/grafo3398.59,12,59,87,151,179,13.0,40,440,121.4907009601593,2
2108,graficon61nodi/grafo8417.61,12,61,89,154,182,15.0,36,292,29.274576663970947,2
2109,graficon80nodi/grafo9100.80,12,80,105,153,178,13.0,33,404,78.56130003929138,2
2110,graficon63nodi/grafo4793.63,12,63,86,151,174,9.0,25,358,18.356095790863037,2
2111,graficon74nodi/grafo5959.74,12,74,91,151,168,11.0,25,400,95.69686508178711,2
2112,graficon92nodi/grafo11259.92,12,92,106,153,167,11.0,17,491,27.425333261489868,2
2113,graficon61nodi/grafo4128.61,12,61,88,151,178,14.0,27,402,59.95845603942871,2
2114,graficon55nodi/grafo4850.55,12,55,75,154,174,8.0,16,341,11.918319702148438,2
2115,graficon70nodi/grafo9175.70,12,70,94,150,174,12.0,40,426,545.7415683269501,2
2116,graficon53nodi/grafo3208.53,12,53,80,150,177,13.0,43,431,343.44545340538025,2
2117,graficon63nodi/grafo9298.63,12,63,85,154,176,8.0,24,305,6.455922365188599,2
2118,graficon81nodi/grafo7975.81,12,81,98,151,168,10.0,18,460,23.673378467559814,2
2119,graficon63nodi/grafo4693.63,12,63,82,154,173,8.0,13,306,12.613826751708984,2
2120,graficon73nodi/grafo7983.73,12,73,95,150,172,11.0,32,274,154.74263882637024,2
2121,graficon39nodi/grafo2969.39,12,39,57,152,170,9.0,19,192,12.982716083526611,2
2122,graficon59nodi/grafo3903.59,12,59,83,151,175,9.0,21,380,10.044923067092896,2
2123,graficon69nodi/grafo4801.69,12,69,95,154,180,15.0,43,387,364.0593914985657,2
2124,graficon77nodi/grafo6779.77,12,77,99,153,175,10.0,18,370,14.720403671264648,2
2125,graficon57nodi/grafo3166.57,12,57,75,153,171,10.0,21,232,39.146225452423096,2
2126,graficon62nodi/grafo4431.62,12,62,80,153,171,10.0,19,222,13.32194471359253,2
2127,graficon67nodi/grafo9481.67,12,67,90,151,174,11.0,31,354,70.86743640899658,2
2128,graficon78nodi/grafo9551.78,12,78,92,152,166,8.0,18,490,32.46417212486267,2
2129,graficon77nodi/grafo8561.77,12,77,97,154,174,10.0,24,407,63.75841236114502,2
2130,graficon75nodi/grafo4802.75,12,75,98,150,173,6.0,13,235,5.510033130645752,2
2131,graficon60nodi/grafo9419.60,12,60,83,153,176,13.0,29,333,38.19298982620239,2
2132,graficon70nodi/grafo8376.70,12,70,96,152,178,15.0,42,496,102.03823447227478,2
2133,graficon58nodi/grafo4228.58,12,58,81,151,174,15.0,43,529,204.1165747642517,2
2134,graficon85nodi/grafo9469.85,12,85,109,154,178,16.0,38,461,126.82202076911926,2
2135,graficon71nodi/grafo1476.71,12,71,95,154,178,13.0,34,520,75.39854097366333,2
2136,graficon79nodi/grafo5080.79,12,79,107,154,182,14.0,39,595,25.15560293197632,2
2137,graficon96nodi/grafo10855.96,12,96,113,151,168,12.0,25,467,93.24324536323547,2
2138,graficon75nodi/grafo8524.75,12,75,91,150,166,8.0,17,306,10.984102964401245,2
2139,graficon67nodi/grafo1235.67,12,67,88,153,174,12.0,24,317,12.179020404815674,2
2140,graficon87nodi/grafo8766.87,12,87,116,151,180,inf,0,0,601.0017046928406,9
2141,graficon43nodi/grafo7295.43,12,43,67,151,175,13.0,33,292,34.83760213851929,2
2142,graficon65nodi/grafo9665.65,12,65,86,152,173,5.0,7,200,1.3464369773864746,2
2143,graficon82nodi/grafo6810.82,12,82,101,154,173,11.0,27,280,49.43357539176941,2
2144,graficon78nodi/grafo9397.78,12,78,96,154,172,6.0,12,494,24.385087966918945,2
2145,graficon56nodi/grafo7199.56,12,56,79,153,176,9.0,19,387,14.161282300949097,2
2146,graficon48nodi/grafo3373.48,12,48,74,152,178,12.0,33,469,57.01407742500305,2
2147,graficon58nodi/grafo5313.58,12,58,80,153,175,13.0,27,309,37.99896430969238,2
2148,graficon62nodi/grafo4857.62,12,62,76,151,165,6.0,12,194,7.479355335235596,2
2149,graficon60nodi/grafo8116.60,12,60,80,151,171,6.0,15,322,10.690300464630127,2
2150,graficon72nodi/grafo1370.72,12,72,89,150,167,7.0,16,225,31.373164892196655,2
2151,graficon66nodi/grafo4224.66,12,66,95,150,179,15.0,46,527,572.8901541233063,2
2152,graficon68nodi/grafo4474.68,12,68,99,154,185,inf,0,0,601.7705121040344,9
2153,graficon66nodi/grafo7817.66,12,66,94,150,178,20.0,69,432,577.4614515304565,2
2154,graficon63nodi/grafo9671.63,12,63,80,154,171,9.0,16,285,20.443756341934204,2
2155,graficon81nodi/grafo5018.81,12,81,102,152,173,11.0,28,369,76.41256380081177,2
2156,graficon77nodi/grafo5678.77,12,77,101,150,174,18.0,51,784,498.18431305885315,2
2157,graficon65nodi/grafo4776.65,12,65,95,151,181,19.0,71,610,472.60260796546936,2
2158,graficon55nodi/grafo4827.55,12,55,73,153,171,9.0,18,288,20.07733726501465,2
2159,graficon59nodi/grafo4252.59,12,59,83,152,176,9.0,18,286,12.873397827148438,2
2160,graficon57nodi/grafo6423.57,12,57,77,154,174,8.0,20,216,12.428833484649658,2
2161,graficon60nodi/grafo3138.60,12,60,85,154,179,14.0,39,315,162.32048320770264,2
2162,graficon71nodi/grafo8552.71,12,71,93,151,173,13.0,37,484,91.85202312469482,2
2163,graficon60nodi/grafo4183.60,12,60,77,150,167,7.0,13,266,8.607820510864258,2
2164,graficon62nodi/grafo7923.62,12,62,88,151,177,13.0,43,573,105.14977955818176,2
2165,graficon42nodi/grafo7629.42,12,42,65,153,176,7.0,16,281,13.607884407043457,2
2166,graficon75nodi/grafo8433.75,12,75,98,154,177,15.0,40,364,75.14343070983887,2
2167,graficon78nodi/grafo4948.78,12,78,103,154,179,13.0,34,304,57.6585693359375,2
2168,graficon76nodi/grafo2762.76,12,76,97,152,173,11.0,40,562,67.49916958808899,2
2169,graficon74nodi/grafo4523.74,12,74,93,151,170,13.0,25,325,34.45457434654236,2
2170,graficon56nodi/grafo7695.56,12,56,79,154,177,12.0,34,268,103.93936443328857,2
2171,graficon69nodi/grafo8212.69,12,69,95,153,179,11.0,22,346,74.5555784702301,2
2172,graficon61nodi/grafo6584.61,12,61,84,154,177,13.0,39,460,58.75226378440857,2
2173,graficon40nodi/grafo5719.40,12,40,64,151,175,8.0,25,365,22.105536937713623,2
2174,graficon79nodi/grafo9247.79,12,79,99,151,171,15.0,36,581,47.006962060928345,2
2175,graficon55nodi/grafo6784.55,12,55,72,151,168,8.0,19,260,135.50518035888672,2
2176,graficon62nodi/grafo9707.62,12,62,82,156,176,12.0,28,271,89.37793827056885,2
2177,graficon76nodi/grafo6078.76,12,76,97,155,176,inf,0,0,601.0759291648865,9
2178,graficon64nodi/grafo5072.64,12,64,86,158,180,13.0,35,302,47.53581953048706,2
2179,graficon77nodi/grafo4123.77,12,77,108,159,190,17.0,52,577,248.65346384048462,2
2180,graficon76nodi/grafo6065.76,12,76,110,159,193,inf,0,0,601.0543041229248,9
2181,graficon54nodi/grafo4217.54,12,54,75,158,179,10.0,30,391,156.8134205341339,2
2182,graficon63nodi/grafo4681.63,12,63,79,158,174,9.0,15,268,18.42254877090454,2
2183,graficon80nodi/grafo5558.80,12,80,108,156,184,17.0,49,650,131.91381740570068,2
2184,graficon66nodi/grafo9507.66,12,66,96,155,185,16.0,54,414,445.4457359313965,2
2185,graficon58nodi/grafo3502.58,12,58,77,155,174,7.0,15,356,10.58576488494873,2
2186,graficon74nodi/grafo9113.74,12,74,94,158,178,9.0,23,250,18.510523319244385,2
2187,graficon76nodi/grafo8151.76,12,76,93,156,173,12.0,26,460,78.56420159339905,2
2188,graficon62nodi/grafo4215.62,12,62,85,155,178,10.0,39,548,99.42750930786133,2
2189,graficon60nodi/grafo4116.60,12,60,88,158,186,14.0,53,467,578.8644726276398,2
2190,graficon61nodi/grafo9818.61,12,61,88,155,182,18.0,59,409,245.1202847957611,2
2191,graficon68nodi/grafo9123.68,12,68,103,157,192,22.0,67,551,543.4998762607574,2
2192,graficon78nodi/grafo4360.78,12,78,101,159,182,12.0,35,544,52.587817668914795,2
2193,graficon87nodi/grafo7977.87,12,87,105,158,176,13.0,29,384,153.42449378967285,2
2194,graficon45nodi/grafo5161.45,12,45,73,155,183,14.0,40,425,461.3024306297302,2
2195,graficon74nodi/grafo4457.74,12,74,88,158,172,4.0,7,190,16.510209321975708,2
2196,graficon66nodi/grafo9387.66,12,66,84,156,174,10.0,16,320,8.89469575881958,2
2197,graficon78nodi/grafo5073.78,12,78,100,159,181,14.0,32,464,131.36817026138306,2
2198,graficon47nodi/grafo5358.47,12,47,75,158,186,13.0,46,539,161.5821976661682,2
2199,graficon62nodi/grafo9556.62,12,62,87,158,183,14.0,31,438,150.02640557289124,2
2200,graficon52nodi/grafo5105.52,12,52,81,156,185,10.0,28,387,27.801791429519653,2
2201,graficon47nodi/grafo5715.47,12,47,69,156,178,11.0,27,279,31.45751118659973,2
2202,graficon98nodi/grafo10553.98,12,98,117,156,175,13.0,28,491,93.64758610725403,2
2203,graficon59nodi/grafo4859.59,12,59,78,155,174,9.0,22,438,22.245420694351196,2
2204,graficon72nodi/grafo5664.72,12,72,95,158,181,11.0,35,531,155.64828729629517,2
2205,graficon63nodi/grafo4637.63,12,63,84,157,178,13.0,41,454,126.22089529037476,2
2206,graficon58nodi/grafo4706.58,12,58,83,155,180,16.0,44,416,172.4507908821106,2
2207,graficon63nodi/grafo9579.63,12,63,92,157,186,inf,0,0,601.1769778728485,9
2208,graficon73nodi/grafo5393.73,12,73,94,156,177,13.0,36,401,70.0625946521759,2
2209,graficon72nodi/grafo9552.72,12,72,98,159,185,inf,0,0,601.3490657806396,9
2210,graficon86nodi/grafo8770.86,12,86,107,156,177,8.0,18,302,12.90685772895813,2
2211,graficon43nodi/grafo7031.43,12,43,63,155,175,10.0,23,256,21.61674952507019,2
2212,graficon56nodi/grafo7508.56,12,56,81,155,180,13.0,31,388,120.2121810913086,2
2213,graficon67nodi/grafo9610.67,12,67,94,157,184,17.0,49,590,171.61644625663757,2
2214,graficon74nodi/grafo9293.74,12,74,99,155,180,18.0,43,472,228.38640809059143,2
2215,graficon63nodi/grafo9675.63,12,63,89,157,183,13.0,36,458,274.7405631542206,2
2216,graficon83nodi/grafo8308.83,12,83,102,156,175,15.0,44,446,108.31913495063782,2
2217,graficon66nodi/grafo9679.66,12,66,95,157,186,17.0,50,467,493.0902726650238,2
2218,graficon81nodi/grafo4929.81,12,81,99,159,177,12.0,30,444,292.6860132217407,2
2219,graficon62nodi/grafo6206.62,12,62,95,159,192,18.0,55,542,383.08085775375366,2
2220,graficon68nodi/grafo9036.68,12,68,95,155,182,18.0,54,616,227.56704425811768,2
2221,graficon88nodi/grafo8841.88,12,88,118,158,188,20.0,56,743,600.8692615032196,9
2222,graficon64nodi/grafo9402.64,12,64,90,155,181,12.0,36,377,103.84835815429688,2
2223,graficon71nodi/grafo9066.71,12,71,94,155,178,14.0,40,328,242.95743250846863,2
2224,graficon64nodi/grafo9420.64,12,64,85,155,176,9.0,23,304,18.918123722076416,2
2225,graficon67nodi/grafo4314.67,12,67,102,155,190,21.0,56,523,126.32895874977112,2
2226,graficon83nodi/grafo5246.83,12,83,115,157,189,inf,0,0,601.2309653759003,9
2227,graficon59nodi/grafo3286.59,12,59,83,157,181,14.0,33,371,54.73076581954956,2
2228,graficon68nodi/grafo9284.68,12,68,94,157,183,14.0,50,465,343.89158296585083,2
2229,graficon55nodi/grafo7207.55,12,55,77,159,181,11.0,23,325,27.559048891067505,2
2230,graficon72nodi/grafo6714.72,12,72,95,156,179,9.0,21,474,19.060929536819458,2
2231,graficon56nodi/grafo3292.56,12,56,84,157,185,15.0,39,469,67.67971396446228,2
2232,graficon68nodi/grafo8031.68,12,68,93,156,181,11.0,27,460,36.202316761016846,2
2233,graficon60nodi/grafo5862.60,12,60,87,157,184,inf,0,0,600.9583926200867,9
2234,graficon61nodi/grafo4345.61,12,61,83,156,178,9.0,31,366,180.05187058448792,2
2235,graficon85nodi/grafo8690.85,12,85,107,155,177,12.0,32,402,65.03514337539673,2
2236,graficon58nodi/grafo4361.58,12,58,90,158,190,19.0,65,512,508.6387333869934,2
2237,graficon69nodi/grafo9399.69,12,69,96,159,186,14.0,57,502,530.9922912120819,2
2238,graficon59nodi/grafo6914.59,12,59,86,159,186,14.0,33,381,22.218671083450317,2
2239,graficon53nodi/grafo3190.53,12,53,84,155,186,19.0,57,476,290.054794549942,2
2240,graficon75nodi/grafo5434.75,12,75,93,159,177,9.0,24,342,118.74694061279297,2
2241,graficon51nodi/grafo3443.51,12,51,73,157,179,10.0,25,257,19.765930652618408,2
2242,graficon60nodi/grafo1619.60,12,60,75,159,174,5.0,9,166,3.862227439880371,2
2243,graficon70nodi/grafo9065.70,12,70,92,155,177,11.0,24,314,46.50073170661926,2
2244,graficon69nodi/grafo9330.69,12,69,92,157,180,12.0,23,371,34.0036416053772,2
2245,graficon93nodi/grafo11288.93,12,93,114,159,180,11.0,17,259,10.859144926071167,2
2246,graficon54nodi/grafo6225.54,12,54,82,159,187,15.0,49,454,128.2290985584259,2
2247,graficon53nodi/grafo5971.53,12,53,83,155,185,14.0,39,438,71.48516464233398,2
2248,graficon40nodi/grafo5972.40,12,40,64,158,182,12.0,36,352,24.573513984680176,2
2249,graficon70nodi/grafo4450.70,12,70,93,156,179,7.0,15,224,3.952639102935791,2
2250,graficon72nodi/grafo8140.72,12,72,97,157,182,13.0,37,503,87.25104403495789,2
2251,graficon51nodi/grafo4160.51,12,51,70,162,181,7.0,12,195,3.525831937789917,2
2252,graficon61nodi/grafo4251.61,12,61,90,160,189,13.0,45,517,152.9648675918579,2
2253,graficon83nodi/grafo4986.83,12,83,107,163,187,15.0,45,412,81.44847869873047,2
2254,graficon73nodi/grafo4298.73,12,73,91,162,180,9.0,22,345,42.2884087562561,2
2255,graficon81nodi/grafo7843.81,12,81,107,160,186,14.0,36,524,253.32984900474548,2
2256,graficon80nodi/grafo9795.80,12,80,117,162,199,inf,0,0,603.8943412303925,9
2257,graficon83nodi/grafo7069.83,12,83,106,162,185,15.0,37,456,90.79949998855591,2
2258,graficon68nodi/grafo7902.68,12,68,96,164,192,17.0,51,474,383.6093282699585,2
2259,graficon78nodi/grafo4323.78,12,78,100,164,186,11.0,29,396,66.43607568740845,2
2260,graficon84nodi/grafo4402.84,12,84,103,160,179,8.0,22,272,17.820669174194336,2
2261,graficon67nodi/grafo7863.67,12,67,92,163,188,12.0,42,578,210.26795482635498,2
2262,graficon76nodi/grafo5725.76,12,76,95,160,179,15.0,33,484,86.37753462791443,2
2263,graficon60nodi/grafo8735.60,12,60,86,161,187,14.0,45,379,75.36977624893188,2
2264,graficon65nodi/grafo1189.65,12,65,81,161,177,8.0,14,240,13.841068744659424,2
2265,graficon67nodi/grafo9149.67,12,67,92,160,185,17.0,48,528,452.12100648880005,2
2266,graficon69nodi/grafo5310.69,12,69,87,160,178,12.0,36,454,285.05868768692017,2
2267,graficon41nodi/grafo7228.41,12,41,67,164,190,10.0,28,265,66.15732645988464,2
2268,graficon62nodi/grafo6413.62,12,62,95,164,197,15.0,53,490,152.17757368087769,2
2269,graficon85nodi/grafo9603.85,12,85,110,163,188,18.0,58,482,601.0308222770691,9
2270,graficon54nodi/grafo6529.54,12,54,67,163,176,3.0,8,215,5.522563219070435,2
2271,graficon77nodi/grafo8143.77,12,77,99,162,184,13.0,33,405,218.16563653945923,2
2272,graficon82nodi/grafo6849.82,12,82,104,164,186,14.0,38,410,119.7672472000122,2
2273,graficon79nodi/grafo9323.79,12,79,95,163,179,8.0,18,360,30.127724647521973,2
2274,graficon83nodi/grafo9489.83,12,83,110,164,191,14.0,42,433,104.86303234100342,2
2275,graficon65nodi/grafo9510.65,12,65,89,160,184,13.0,33,582,104.78178381919861,2
2276,graficon56nodi/grafo4847.56,12,56,86,163,193,14.0,32,364,37.40528345108032,2
2277,graficon66nodi/grafo9501.66,12,66,105,163,202,inf,0,0,601.2562298774719,9
2278,graficon68nodi/grafo9073.68,12,68,85,160,177,10.0,20,205,10.74079155921936,2
2279,graficon75nodi/grafo9147.75,12,75,106,160,191,inf,0,0,600.8204774856567,9
2280,graficon76nodi/grafo4614.76,12,76,101,163,188,14.0,38,550,113.80701088905334,2
2281,graficon70nodi/grafo9506.70,12,70,91,160,181,13.0,34,380,175.50069880485535,2
2282,graficon63nodi/grafo9442.63,12,63,81,164,182,10.0,23,253,53.51751255989075,2
2283,graficon80nodi/grafo7862.80,12,80,104,164,188,18.0,47,480,519.9134857654572,2
2284,graficon79nodi/grafo9381.79,12,79,104,161,186,15.0,48,479,449.48763942718506,2
2285,graficon42nodi/grafo4096.42,12,42,65,162,185,11.0,35,312,131.90689659118652,2
2286,graficon74nodi/grafo8232.74,12,74,98,163,187,13.0,29,403,46.1495144367218,2
2287,graficon62nodi/grafo8053.62,12,62,91,164,193,16.0,54,567,309.4893717765808,2
2288,graficon64nodi/grafo9437.64,12,64,82,161,179,7.0,10,240,4.8267292976379395,2
2289,graficon64nodi/grafo9081.64,12,64,98,163,197,17.0,41,455,121.14560794830322,2
2290,graficon62nodi/grafo4647.62,12,62,89,162,189,18.0,47,435,117.89828181266785,2
2291,graficon59nodi/grafo4939.59,12,59,71,163,175,3.0,5,192,2.1300594806671143,2
2292,graficon73nodi/grafo7483.73,12,73,92,161,180,11.0,25,366,185.7877562046051,2
2293,graficon53nodi/grafo3289.53,12,53,76,160,183,9.0,29,281,36.97085189819336,2
2294,graficon75nodi/grafo8639.75,12,75,108,163,196,19.0,81,811,372.82439374923706,2
2295,graficon69nodi/grafo5962.69,12,69,88,164,183,11.0,28,471,58.48249530792236,2
2296,graficon61nodi/grafo4598.61,12,61,79,161,179,13.0,29,322,48.41912913322449,2
2297,graficon72nodi/grafo5108.72,12,72,88,163,179,7.0,17,361,22.49391007423401,2
2298,graficon76nodi/grafo8164.76,12,76,96,163,183,15.0,25,365,30.37490153312683,2
2299,graficon79nodi/grafo8550.79,12,79,100,164,185,14.0,36,720,144.69257736206055,2
