Index,Data,combo_idx,Nodes,Edges,TotalNodes,TotalEdges,ObjVal,Crossings,EdgeLength,Runtime,Status
1,graficon13nodi/grafo2567.13,13,13,13,13,13,0.0,0,6,0.0036025047302246094,2
2,graficon11nodi/grafo685.11,13,11,11,13,13,0.0,0,14,0.0038454532623291016,2
3,graficon10nodi/grafo2511.10,13,10,10,12,12,0.0,0,6,0.0021827220916748047,2
4,graficon12nodi/grafo957.12,13,12,11,13,12,0.0,0,10,0.002649545669555664,2
5,graficon14nodi/grafo769.14,13,14,13,14,13,0.0,0,10,0.002815723419189453,2
6,graficon10nodi/grafo1070.10,13,10,10,12,12,0.0,0,6,0.001485586166381836,2
7,graficon10nodi/grafo473.10,13,10,10,12,12,0.0,0,6,0.0016052722930908203,2
8,graficon14nodi/grafo371.14,13,14,13,14,13,0.0,0,6,0.0032651424407958984,2
9,graficon12nodi/grafo906.12,13,12,11,12,11,0.0,0,3,0.0012826919555664062,2
10,graficon11nodi/grafo927.11,13,11,10,11,10,0.0,0,6,0.001798391342163086,2
11,graficon10nodi/grafo758.10,13,10,10,12,12,0.0,0,6,0.004157304763793945,2
12,graficon12nodi/grafo122.12,13,12,11,12,11,0.0,0,5,0.0011169910430908203,2
13,graficon12nodi/grafo1843.12,13,12,15,14,17,1.0,2,14,0.006181001663208008,2
14,graficon10nodi/grafo898.10,13,10,9,10,9,0.0,0,2,0.0015180110931396484,2
15,graficon11nodi/grafo2433.11,13,11,11,13,13,0.0,0,3,0.0022242069244384766,2
16,graficon11nodi/grafo749.11,13,11,10,13,12,0.0,0,5,0.002542257308959961,2
17,graficon10nodi/grafo961.10,13,10,10,12,12,0.0,0,6,0.0015156269073486328,2
18,graficon10nodi/grafo1857.10,13,10,12,12,14,0.0,0,10,0.002402067184448242,2
19,graficon11nodi/grafo1004.11,13,11,12,12,13,0.0,0,15,0.0038454532623291016,2
20,graficon11nodi/grafo675.11,13,11,11,13,13,0.0,0,4,0.0022652149200439453,2
21,graficon10nodi/grafo633.10,13,10,9,10,9,0.0,0,2,0.001150369644165039,2
22,graficon13nodi/grafo2908.13,13,13,12,13,12,0.0,0,8,0.0017993450164794922,2
23,graficon11nodi/grafo441.11,13,11,11,13,13,0.0,0,14,0.003480195999145508,2
24,graficon11nodi/grafo2812.11,13,11,11,13,13,0.0,0,3,0.0019037723541259766,2
25,graficon10nodi/grafo881.10,13,10,9,10,9,0.0,0,2,0.0014698505401611328,2
26,graficon10nodi/grafo455.10,13,10,10,13,13,0.0,0,4,0.002095937728881836,2
27,graficon12nodi/grafo933.12,13,12,11,12,11,0.0,0,5,0.0010311603546142578,2
28,graficon12nodi/grafo256.12,13,12,11,12,11,0.0,0,2,0.0014009475708007812,2
29,graficon10nodi/grafo1098.10,13,10,9,10,9,0.0,0,2,0.0012102127075195312,2
30,graficon11nodi/grafo246.11,13,11,10,11,10,0.0,0,3,0.001768350601196289,2
31,graficon12nodi/grafo2668.12,13,12,13,14,15,1.0,1,7,0.0029020309448242188,2
32,graficon12nodi/grafo667.12,13,12,12,13,13,0.0,0,15,0.0030384063720703125,2
33,graficon12nodi/grafo986.12,13,12,11,12,11,0.0,0,5,0.0011267662048339844,2
34,graficon10nodi/grafo782.10,13,10,9,10,9,0.0,0,2,0.0010943412780761719,2
35,graficon12nodi/grafo756.12,13,12,11,12,11,0.0,0,3,0.0015194416046142578,2
36,graficon11nodi/grafo1629.11,13,11,11,14,14,0.0,0,10,0.002004384994506836,2
37,graficon12nodi/grafo888.12,13,12,13,14,15,0.0,0,17,0.0047376155853271484,2
38,graficon11nodi/grafo1162.11,13,11,11,12,12,0.0,0,6,0.0013992786407470703,2
39,graficon11nodi/grafo3101.11,13,11,11,13,13,0.0,0,3,0.0020592212677001953,2
40,graficon10nodi/grafo910.10,13,10,9,10,9,0.0,0,2,0.001299142837524414,2
41,graficon13nodi/grafo514.13,13,13,12,13,12,0.0,0,4,0.0017917156219482422,2
42,graficon10nodi/grafo718.10,13,10,10,12,12,0.0,0,6,0.0021631717681884766,2
43,graficon10nodi/grafo1123.10,13,10,10,12,12,0.0,0,6,0.0018072128295898438,2
44,graficon10nodi/grafo474.10,13,10,10,12,12,0.0,0,6,0.0020987987518310547,2
45,graficon14nodi/grafo272.14,13,14,13,14,13,0.0,0,9,0.0029020309448242188,2
46,graficon11nodi/grafo1084.11,13,11,10,11,10,0.0,0,2,0.0013957023620605469,2
47,graficon11nodi/grafo2971.11,13,11,11,13,13,0.0,0,3,0.002254009246826172,2
48,graficon11nodi/grafo313.11,13,11,10,13,12,0.0,0,12,0.003205537796020508,2
49,graficon11nodi/grafo532.11,13,11,11,13,13,0.0,0,9,0.0026078224182128906,2
50,graficon11nodi/grafo857.11,13,11,11,12,12,0.0,0,12,0.004324913024902344,2
51,graficon10nodi/grafo978.10,13,10,10,12,12,0.0,0,6,0.0014615058898925781,2
52,graficon13nodi/grafo1067.13,13,13,13,13,13,0.0,0,6,0.0030586719512939453,2
53,graficon12nodi/grafo2949.12,13,12,11,12,11,0.0,0,4,0.00165557861328125,2
54,graficon10nodi/grafo962.10,13,10,10,12,12,0.0,0,6,0.0019109249114990234,2
55,graficon10nodi/grafo460.10,13,10,9,10,9,0.0,0,2,0.0013124942779541016,2
56,graficon11nodi/grafo3073.11,13,11,11,13,13,0.0,0,3,0.0021750926971435547,2
57,graficon11nodi/grafo316.11,13,11,13,14,16,0.0,0,22,0.00459599494934082,2
58,graficon13nodi/grafo2415.13,13,13,13,14,14,0.0,0,5,0.002547025680541992,2
59,graficon12nodi/grafo861.12,13,12,12,14,14,0.0,0,21,0.004942417144775391,2
60,graficon11nodi/grafo612.11,13,11,11,13,13,0.0,0,7,0.0017802715301513672,2
61,graficon10nodi/grafo513.10,13,10,10,12,12,0.0,0,6,0.002518177032470703,2
62,graficon12nodi/grafo352.12,13,12,12,14,14,1.0,1,5,0.004077434539794922,2
63,graficon11nodi/grafo3113.11,13,11,11,13,13,0.0,0,3,0.0024137496948242188,2
64,graficon12nodi/grafo2651.12,13,12,13,12,13,1.0,2,13,0.004326343536376953,2
65,graficon13nodi/grafo2595.13,13,13,12,13,12,0.0,0,5,0.0027997493743896484,2
66,graficon14nodi/grafo345.14,13,14,13,14,13,0.0,0,9,0.0029222965240478516,2
67,graficon10nodi/grafo209.10,13,10,10,12,12,0.0,0,6,0.001603841781616211,2
68,graficon11nodi/grafo1005.11,13,11,11,12,12,0.0,0,9,0.0016455650329589844,2
69,graficon10nodi/grafo1032.10,13,10,9,10,9,0.0,0,2,0.0013167858123779297,2
70,graficon10nodi/grafo210.10,13,10,10,12,12,0.0,0,6,0.0018718242645263672,2
71,graficon11nodi/grafo759.11,13,11,12,12,13,1.0,1,8,0.004264116287231445,2
72,graficon10nodi/grafo265.10,13,10,12,12,14,1.0,1,16,0.004015922546386719,2
73,graficon12nodi/grafo2439.12,13,12,12,13,13,0.0,0,10,0.0023763179779052734,2
74,graficon11nodi/grafo748.11,13,11,11,13,13,0.0,0,8,0.0024895668029785156,2
75,graficon11nodi/grafo2714.11,13,11,11,13,13,0.0,0,5,0.0024344921112060547,2
76,graficon15nodi/grafo886.15,13,15,15,18,18,0.0,0,19,0.006634712219238281,2
77,graficon12nodi/grafo2359.12,13,12,17,16,21,2.0,3,64,0.019670486450195312,2
78,graficon17nodi/grafo565.17,13,17,17,19,19,0.0,0,7,0.0023941993713378906,2
79,graficon14nodi/grafo642.14,13,14,15,16,17,1.0,1,14,0.00625157356262207,2
80,graficon15nodi/grafo2783.15,13,15,17,19,21,1.0,1,21,0.007621288299560547,2
81,graficon12nodi/grafo2707.12,13,12,14,16,18,1.0,1,10,0.0061626434326171875,2
82,graficon16nodi/grafo2861.16,13,16,15,18,17,1.0,1,22,0.01109766960144043,2
83,graficon16nodi/grafo853.16,13,16,16,16,16,0.0,0,11,0.003698587417602539,2
84,graficon17nodi/grafo1122.17,13,17,17,19,19,0.0,0,7,0.0021283626556396484,2
85,graficon11nodi/grafo2384.11,13,11,12,15,16,0.0,0,9,0.0017304420471191406,2
86,graficon15nodi/grafo1618.15,13,15,16,19,20,0.0,0,29,0.010494232177734375,2
87,graficon13nodi/grafo325.13,13,13,14,15,16,1.0,1,11,0.004109621047973633,2
88,graficon17nodi/grafo1161.17,13,17,18,19,20,0.0,0,23,0.004920482635498047,2
89,graficon13nodi/grafo510.13,13,13,16,18,21,1.0,1,21,0.013238668441772461,2
90,graficon14nodi/grafo367.14,13,14,14,15,15,0.0,0,11,0.005220174789428711,2
91,graficon13nodi/grafo477.13,13,13,13,15,15,0.0,0,4,0.0019676685333251953,2
92,graficon13nodi/grafo951.13,13,13,17,19,23,0.0,0,45,0.010291337966918945,2
93,graficon11nodi/grafo1734.11,13,11,14,17,20,1.0,1,34,0.006139993667602539,2
94,graficon15nodi/grafo2797.15,13,15,17,15,17,1.0,1,19,0.006163597106933594,2
95,graficon12nodi/grafo2335.12,13,12,14,19,21,0.0,0,14,0.004880428314208984,2
96,graficon10nodi/grafo1740.10,13,10,13,17,20,1.0,1,36,0.011998891830444336,2
97,graficon13nodi/grafo1853.13,13,13,15,17,19,2.0,3,46,0.03562784194946289,2
98,graficon16nodi/grafo2142.16,13,16,16,17,17,0.0,0,14,0.004610776901245117,2
99,graficon14nodi/grafo956.14,13,14,15,15,16,1.0,1,12,0.007817745208740234,2
100,graficon15nodi/grafo585.15,13,15,16,19,20,0.0,0,31,0.008334159851074219,2
101,graficon14nodi/grafo2291.14,13,14,14,16,16,1.0,1,24,0.009706735610961914,2
102,graficon14nodi/grafo1658.14,13,14,15,19,20,0.0,0,16,0.004861354827880859,2
103,graficon13nodi/grafo559.13,13,13,15,19,21,0.0,0,17,0.003686189651489258,2
104,graficon15nodi/grafo2377.15,13,15,15,16,16,0.0,0,11,0.0020897388458251953,2
105,graficon14nodi/grafo2189.14,13,14,16,17,19,1.0,1,26,0.007970809936523438,2
106,graficon16nodi/grafo322.16,13,16,15,17,16,0.0,0,9,0.004976987838745117,2
107,graficon14nodi/grafo2460.14,13,14,14,15,15,0.0,0,9,0.004815101623535156,2
108,graficon16nodi/grafo1177.16,13,16,15,17,16,0.0,0,15,0.003997087478637695,2
109,graficon13nodi/grafo203.13,13,13,14,15,16,1.0,1,9,0.007115602493286133,2
110,graficon13nodi/grafo387.13,13,13,15,19,21,1.0,1,20,0.009675979614257812,2
111,graficon15nodi/grafo1107.15,13,15,19,19,23,0.0,0,28,0.009302377700805664,2
112,graficon12nodi/grafo576.12,13,12,14,17,19,0.0,0,9,0.0021224021911621094,2
113,graficon12nodi/grafo542.12,13,12,14,17,19,0.0,0,14,0.003217935562133789,2
114,graficon10nodi/grafo1898.10,13,10,15,16,21,1.0,1,34,0.009546279907226562,2
115,graficon12nodi/grafo543.12,13,12,12,15,15,1.0,1,8,0.0056743621826171875,2
116,graficon14nodi/grafo843.14,13,14,14,15,15,0.0,0,24,0.005579233169555664,2
117,graficon14nodi/grafo1620.14,13,14,15,17,18,0.0,0,16,0.003274679183959961,2
118,graficon14nodi/grafo255.14,13,14,16,16,18,2.0,2,35,0.012702226638793945,2
119,graficon14nodi/grafo899.14,13,14,15,15,16,1.0,1,28,0.009722709655761719,2
120,graficon17nodi/grafo422.17,13,17,17,18,18,0.0,0,29,0.010780096054077148,2
121,graficon13nodi/grafo440.13,13,13,14,18,19,0.0,0,18,0.004298686981201172,2
122,graficon11nodi/grafo280.11,13,11,12,15,16,0.0,0,21,0.004445314407348633,2
123,graficon15nodi/grafo2331.15,13,15,17,17,19,0.0,0,19,0.004155158996582031,2
124,graficon11nodi/grafo1006.11,13,11,12,15,16,0.0,0,8,0.0026578903198242188,2
125,graficon13nodi/grafo2218.13,13,13,13,16,16,1.0,1,13,0.005845785140991211,2
126,graficon14nodi/grafo3087.14,13,14,14,16,16,0.0,0,13,0.006379127502441406,2
127,graficon16nodi/grafo1069.16,13,16,15,17,16,0.0,0,14,0.002699613571166992,2
128,graficon14nodi/grafo524.14,13,14,15,15,16,0.0,0,13,0.0036993026733398438,2
129,graficon11nodi/grafo1913.11,13,11,14,15,18,0.0,0,15,0.004973888397216797,2
130,graficon14nodi/grafo2919.14,13,14,15,17,18,0.0,0,18,0.004589080810546875,2
131,graficon16nodi/grafo418.16,13,16,18,19,21,0.0,0,34,0.008689165115356445,2
132,graficon13nodi/grafo1935.13,13,13,18,17,22,1.0,1,30,0.008718013763427734,2
133,graficon17nodi/grafo774.17,13,17,18,19,20,1.0,2,51,0.040625572204589844,2
134,graficon16nodi/grafo1029.16,13,16,16,18,18,0.0,0,8,0.002515554428100586,2
135,graficon12nodi/grafo2663.12,13,12,13,15,16,0.0,0,11,0.002696514129638672,2
136,graficon14nodi/grafo2634.14,13,14,13,15,14,0.0,0,12,0.0031054019927978516,2
137,graficon12nodi/grafo2380.12,13,12,12,16,16,0.0,0,9,0.0041272640228271484,2
138,graficon17nodi/grafo2146.17,13,17,17,19,19,0.0,0,17,0.004301548004150391,2
139,graficon14nodi/grafo2900.14,13,14,14,18,18,0.0,0,10,0.004347085952758789,2
140,graficon13nodi/grafo430.13,13,13,14,16,17,0.0,0,10,0.003000974655151367,2
141,graficon10nodi/grafo938.10,13,10,14,19,23,1.0,3,57,0.016483545303344727,2
142,graficon14nodi/grafo1063.14,13,14,15,18,19,0.0,0,11,0.002447366714477539,2
143,graficon11nodi/grafo2964.11,13,11,12,19,20,0.0,0,12,0.003157377243041992,2
144,graficon13nodi/grafo989.13,13,13,14,18,19,0.0,0,12,0.003965854644775391,2
145,graficon11nodi/grafo822.11,13,11,13,18,20,1.0,1,13,0.004644155502319336,2
146,graficon10nodi/grafo1774.10,13,10,15,16,21,1.0,1,34,0.010412454605102539,2
147,graficon11nodi/grafo900.11,13,11,13,18,20,0.0,0,9,0.0033469200134277344,2
148,graficon13nodi/grafo2927.13,13,13,14,19,20,1.0,1,23,1.1383907794952393,2
149,graficon13nodi/grafo2354.13,13,13,16,19,22,1.0,1,25,0.010335922241210938,2
150,graficon13nodi/grafo791.13,13,13,15,19,21,1.0,1,16,0.009928703308105469,2
151,graficon16nodi/grafo1945.16,13,16,17,23,24,2.0,2,38,0.06492424011230469,2
152,graficon17nodi/grafo2644.17,13,17,19,23,25,0.0,0,21,0.00726771354675293,2
153,graficon17nodi/grafo2882.17,13,17,18,24,25,0.0,0,27,0.008048295974731445,2
154,graficon19nodi/grafo794.19,13,19,21,22,24,1.0,1,23,0.009212493896484375,2
155,graficon14nodi/grafo489.14,13,14,15,22,23,1.0,1,16,0.006834506988525391,2
156,graficon18nodi/grafo1865.18,13,18,20,23,25,0.0,0,30,0.010746002197265625,2
157,graficon15nodi/grafo1970.15,13,15,17,22,24,0.0,0,18,0.003990650177001953,2
158,graficon14nodi/grafo2419.14,13,14,17,24,27,1.0,1,25,0.013338804244995117,2
159,graficon12nodi/grafo2855.12,13,12,17,24,29,1.0,1,21,0.009269475936889648,2
160,graficon13nodi/grafo1729.13,13,13,19,22,28,2.0,5,79,0.05684065818786621,2
161,graficon13nodi/grafo2832.13,13,13,14,23,24,0.0,0,20,0.006172895431518555,2
162,graficon18nodi/grafo1893.18,13,18,18,21,21,0.0,0,15,0.004321098327636719,2
163,graficon18nodi/grafo1059.18,13,18,18,22,22,0.0,0,10,0.0026693344116210938,2
164,graficon12nodi/grafo2890.12,13,12,14,20,22,0.0,0,18,0.006127119064331055,2
165,graficon16nodi/grafo2231.16,13,16,20,22,26,1.0,1,30,0.010200977325439453,2
166,graficon20nodi/grafo2767.20,13,20,22,24,26,1.0,1,33,0.012351036071777344,2
167,graficon20nodi/grafo3051.20,13,20,23,24,27,0.0,0,21,0.005094051361083984,2
168,graficon12nodi/grafo638.12,13,12,17,22,27,0.0,0,31,0.007225751876831055,2
169,graficon15nodi/grafo2233.15,13,15,20,23,28,0.0,0,42,0.012954473495483398,2
170,graficon16nodi/grafo275.16,13,16,18,24,26,1.0,1,27,0.009250402450561523,2
171,graficon22nodi/grafo2137.22,13,22,21,24,23,0.0,0,29,0.005255699157714844,2
172,graficon18nodi/grafo314.18,13,18,18,22,22,0.0,0,10,0.0024750232696533203,2
173,graficon15nodi/grafo2225.15,13,15,18,23,26,0.0,0,16,0.005035400390625,2
174,graficon11nodi/grafo1876.11,13,11,19,24,32,3.0,6,43,0.12790203094482422,2
175,graficon13nodi/grafo891.13,13,13,13,20,20,0.0,0,14,0.0046274662017822266,2
176,graficon12nodi/grafo2675.12,13,12,14,20,22,0.0,0,18,0.005803108215332031,2
177,graficon11nodi/grafo1835.11,13,11,15,21,25,0.0,0,18,0.005436897277832031,2
178,graficon23nodi/grafo2357.23,13,23,22,24,23,0.0,0,38,0.012153863906860352,2
179,graficon15nodi/grafo1982.15,13,15,17,24,26,1.0,1,34,0.010912895202636719,2
180,graficon14nodi/grafo378.14,13,14,17,22,25,0.0,0,43,0.01089620590209961,2
181,graficon17nodi/grafo2324.17,13,17,21,23,27,1.0,2,27,0.00824594497680664,2
182,graficon13nodi/grafo964.13,13,13,16,23,26,0.0,0,27,0.008243560791015625,2
183,graficon19nodi/grafo423.19,13,19,21,23,25,0.0,0,29,0.009271383285522461,2
184,graficon13nodi/grafo2204.13,13,13,13,20,20,0.0,0,14,0.006125926971435547,2
185,graficon13nodi/grafo443.13,13,13,15,20,22,1.0,2,15,0.02878403663635254,2
186,graficon20nodi/grafo215.20,13,20,22,24,26,1.0,1,33,0.011965513229370117,2
187,graficon14nodi/grafo1662.14,13,14,20,24,30,1.0,2,41,0.16779327392578125,2
188,graficon20nodi/grafo495.20,13,20,20,24,24,0.0,0,11,0.002970457077026367,2
189,graficon16nodi/grafo2281.16,13,16,21,24,29,1.0,1,53,0.016647815704345703,2
190,graficon11nodi/grafo1054.11,13,11,15,23,27,0.0,0,42,0.010309219360351562,2
191,graficon16nodi/grafo661.16,13,16,17,21,22,1.0,1,11,0.009034395217895508,2
192,graficon12nodi/grafo844.12,13,12,18,20,26,1.0,2,40,0.014510631561279297,2
193,graficon19nodi/grafo1661.19,13,19,21,21,23,1.0,2,17,0.014396905899047852,2
194,graficon18nodi/grafo2186.18,13,18,23,23,28,3.0,3,22,0.009561777114868164,2
195,graficon12nodi/grafo2867.12,13,12,16,22,26,0.0,0,38,0.00856471061706543,2
196,graficon15nodi/grafo1136.15,13,15,17,24,26,0.0,0,19,0.006227970123291016,2
197,graficon20nodi/grafo1651.20,13,20,21,23,24,1.0,1,61,0.019066810607910156,2
198,graficon15nodi/grafo2157.15,13,15,15,20,20,0.0,0,13,0.003873109817504883,2
199,graficon17nodi/grafo1634.17,13,17,18,20,21,1.0,1,49,0.02740311622619629,2
200,graficon16nodi/grafo2440.16,13,16,20,22,26,3.0,4,27,0.09473299980163574,2
201,graficon18nodi/grafo953.18,13,18,18,22,22,0.0,0,10,0.0027124881744384766,2
202,graficon23nodi/grafo1485.23,13,23,22,23,22,0.0,0,21,0.007924079895019531,2
203,graficon13nodi/grafo2620.13,13,13,16,20,23,0.0,0,19,0.00709986686706543,2
204,graficon17nodi/grafo2680.17,13,17,22,22,27,2.0,2,58,0.044225215911865234,2
205,graficon20nodi/grafo1649.20,13,20,22,24,26,2.0,2,45,0.07591485977172852,2
206,graficon19nodi/grafo1897.19,13,19,20,24,25,0.0,0,65,0.016875028610229492,2
207,graficon13nodi/grafo2645.13,13,13,17,23,27,0.0,0,28,0.009687185287475586,2
208,graficon18nodi/grafo2480.18,13,18,21,22,25,0.0,0,41,0.01045536994934082,2
209,graficon13nodi/grafo2298.13,13,13,14,21,22,0.0,0,14,0.004412412643432617,2
210,graficon15nodi/grafo739.15,13,15,18,23,26,0.0,0,34,0.010690450668334961,2
211,graficon17nodi/grafo2679.17,13,17,19,21,23,1.0,1,24,0.010818719863891602,2
212,graficon14nodi/grafo2430.14,13,14,15,21,22,0.0,0,14,0.004823923110961914,2
213,graficon15nodi/grafo582.15,13,15,16,22,23,0.0,0,14,0.004885673522949219,2
214,graficon11nodi/grafo1619.11,13,11,15,21,25,1.0,3,28,0.04926133155822754,2
215,graficon15nodi/grafo1124.15,13,15,16,23,24,0.0,0,20,0.007569551467895508,2
216,graficon12nodi/grafo1763.12,13,12,21,22,31,1.0,2,63,0.019133567810058594,2
217,graficon17nodi/grafo1094.17,13,17,19,21,23,0.0,0,14,0.005042552947998047,2
218,graficon15nodi/grafo2903.15,13,15,16,20,21,1.0,1,21,0.008620500564575195,2
219,graficon11nodi/grafo1088.11,13,11,17,22,28,0.0,0,47,0.013571500778198242,2
220,graficon17nodi/grafo645.17,13,17,19,21,23,0.0,0,35,0.013004541397094727,2
221,graficon16nodi/grafo2537.16,13,16,19,21,24,0.0,0,21,0.003731966018676758,2
222,graficon15nodi/grafo1030.15,13,15,16,23,24,0.0,0,20,0.008241415023803711,2
223,graficon14nodi/grafo242.14,13,14,16,21,23,0.0,0,20,0.004565715789794922,2
224,graficon17nodi/grafo1009.17,13,17,17,24,24,0.0,0,13,0.004576444625854492,2
225,graficon13nodi/grafo3112.13,13,13,14,20,21,0.0,0,12,0.004259347915649414,2
226,graficon16nodi/grafo1731.16,13,16,19,25,28,0.0,0,20,0.00991201400756836,2
227,graficon16nodi/grafo967.16,13,16,17,26,27,0.0,0,9,0.006577253341674805,2
228,graficon17nodi/grafo1732.17,13,17,20,27,30,0.0,0,32,0.013475656509399414,2
229,graficon20nodi/grafo2272.20,13,20,23,27,30,0.0,0,42,0.016579389572143555,2
230,graficon18nodi/grafo1146.18,13,18,29,29,40,3.0,6,78,0.1785116195678711,2
231,graficon18nodi/grafo2289.18,13,18,20,25,27,0.0,0,32,0.00742030143737793,2
232,graficon16nodi/grafo2420.16,13,16,18,28,30,1.0,1,18,0.012845039367675781,2
233,graficon12nodi/grafo574.12,13,12,19,27,34,1.0,2,35,0.0540313720703125,2
234,graficon21nodi/grafo804.21,13,21,22,28,29,0.0,0,42,0.014004707336425781,2
235,graficon22nodi/grafo694.22,13,22,23,27,28,0.0,0,23,0.0075969696044921875,2
236,graficon17nodi/grafo479.17,13,17,23,25,31,2.0,7,95,0.08537626266479492,2
237,graficon18nodi/grafo538.18,13,18,19,25,26,0.0,0,20,0.0077114105224609375,2
238,graficon21nodi/grafo2416.21,13,21,24,29,32,1.0,1,24,0.010708808898925781,2
239,graficon17nodi/grafo2418.17,13,17,20,26,29,1.0,2,40,0.042536258697509766,2
240,graficon24nodi/grafo1463.24,13,24,25,25,26,0.0,0,30,0.006377458572387695,2
241,graficon13nodi/grafo1885.13,13,13,16,25,28,0.0,0,21,0.00738835334777832,2
242,graficon11nodi/grafo1697.11,13,11,17,28,34,2.0,2,21,0.0758209228515625,2
243,graficon15nodi/grafo583.15,13,15,19,25,29,2.0,2,45,0.10499238967895508,2
244,graficon19nodi/grafo2951.19,13,19,24,27,32,1.0,1,35,0.021192550659179688,2
245,graficon14nodi/grafo520.14,13,14,22,29,37,0.0,0,53,0.012398004531860352,2
246,graficon17nodi/grafo2594.17,13,17,21,25,29,2.0,2,56,0.06432032585144043,2
247,graficon18nodi/grafo993.18,13,18,23,28,33,1.0,3,45,0.04500293731689453,2
248,graficon21nodi/grafo127.21,13,21,21,26,26,0.0,0,23,0.00809478759765625,2
249,graficon16nodi/grafo400.16,13,16,17,26,27,0.0,0,9,0.0073239803314208984,2
250,graficon17nodi/grafo302.17,13,17,19,28,30,0.0,0,18,0.006620883941650391,2
251,graficon21nodi/grafo158.21,13,21,24,29,32,1.0,1,42,0.019761323928833008,2
252,graficon16nodi/grafo540.16,13,16,17,26,27,0.0,0,9,0.00629115104675293,2
253,graficon13nodi/grafo2303.13,13,13,19,28,34,0.0,0,49,0.012312173843383789,2
254,graficon21nodi/grafo1937.21,13,21,24,26,29,2.0,4,36,0.03636670112609863,2
255,graficon15nodi/grafo778.15,13,15,17,26,28,0.0,0,16,0.006417036056518555,2
256,graficon15nodi/grafo855.15,13,15,17,25,27,0.0,0,16,0.00510716438293457,2
257,graficon18nodi/grafo1652.18,13,18,20,25,27,0.0,0,24,0.012110710144042969,2
258,graficon13nodi/grafo2659.13,13,13,16,25,28,0.0,0,31,0.011372566223144531,2
259,graficon17nodi/grafo2682.17,13,17,19,26,28,1.0,2,31,0.04831719398498535,2
260,graficon16nodi/grafo1119.16,13,16,22,28,34,1.0,3,51,0.055353403091430664,2
261,graficon14nodi/grafo1870.14,13,14,21,28,35,2.0,3,41,0.06038928031921387,2
262,graficon19nodi/grafo1172.19,13,19,23,26,30,1.0,1,36,0.014635801315307617,2
263,graficon13nodi/grafo511.13,13,13,14,25,26,0.0,0,6,0.003830432891845703,2
264,graficon18nodi/grafo1648.18,13,18,24,26,32,3.0,5,69,0.032340288162231445,2
265,graficon17nodi/grafo893.17,13,17,21,26,30,0.0,0,78,0.025091886520385742,2
266,graficon17nodi/grafo917.17,13,17,20,28,31,0.0,0,42,0.013924121856689453,2
267,graficon23nodi/grafo2256.23,13,23,26,29,32,0.0,0,31,0.021863222122192383,2
268,graficon18nodi/grafo2556.18,13,18,22,28,32,0.0,0,40,0.0176389217376709,2
269,graficon15nodi/grafo2921.15,13,15,17,27,29,0.0,0,17,0.006787538528442383,2
270,graficon21nodi/grafo1762.21,13,21,25,25,29,2.0,5,72,0.16849017143249512,2
271,graficon21nodi/grafo1064.21,13,21,26,25,30,4.0,9,42,0.16762709617614746,2
272,graficon18nodi/grafo784.18,13,18,23,25,30,2.0,3,53,0.08178448677062988,2
273,graficon16nodi/grafo2236.16,13,16,20,28,32,1.0,1,44,0.01790761947631836,2
274,graficon17nodi/grafo2345.17,13,17,20,26,29,1.0,1,24,0.00956583023071289,2
275,graficon18nodi/grafo2307.18,13,18,23,26,31,1.0,3,46,0.05295681953430176,2
276,graficon17nodi/grafo1056.17,13,17,22,29,34,1.0,1,33,0.015717267990112305,2
277,graficon18nodi/grafo1152.18,13,18,24,28,34,1.0,1,45,0.02364969253540039,2
278,graficon24nodi/grafo3100.24,13,24,28,26,30,2.0,2,57,0.06615924835205078,2
279,graficon16nodi/grafo279.16,13,16,19,27,30,0.0,0,26,0.009637117385864258,2
280,graficon17nodi/grafo2401.17,13,17,31,28,42,7.0,34,234,1.2877516746520996,2
281,graficon16nodi/grafo2302.16,13,16,20,25,29,1.0,1,25,0.013558387756347656,2
282,graficon16nodi/grafo2525.16,13,16,19,26,29,1.0,1,28,0.012426137924194336,2
283,graficon17nodi/grafo2924.17,13,17,22,28,33,1.0,1,70,0.020317554473876953,2
284,graficon22nodi/grafo167.22,13,22,24,29,31,1.0,1,41,0.024852275848388672,2
285,graficon16nodi/grafo2542.16,13,16,21,26,31,1.0,1,42,0.015063047409057617,2
286,graficon16nodi/grafo2636.16,13,16,22,26,32,3.0,5,34,0.06718254089355469,2
287,graficon17nodi/grafo2758.17,13,17,20,26,29,1.0,1,19,0.009415149688720703,2
288,graficon20nodi/grafo2554.20,13,20,22,25,27,1.0,1,32,0.010917425155639648,2
289,graficon25nodi/grafo2775.25,13,25,26,25,26,1.0,2,64,0.048169851303100586,2
290,graficon19nodi/grafo409.19,13,19,22,25,28,2.0,2,64,0.09691858291625977,2
291,graficon16nodi/grafo2326.16,13,16,21,25,30,1.0,1,56,0.018631458282470703,2
292,graficon14nodi/grafo596.14,13,14,16,27,29,0.0,0,13,0.005269050598144531,2
293,graficon20nodi/grafo679.20,13,20,25,29,34,1.0,2,46,0.0747067928314209,2
294,graficon23nodi/grafo188.23,13,23,24,27,28,0.0,0,31,0.009279489517211914,2
295,graficon19nodi/grafo2449.19,13,19,24,25,30,2.0,4,57,0.07419586181640625,2
296,graficon23nodi/grafo1038.23,13,23,24,27,28,1.0,1,17,0.009258508682250977,2
297,graficon17nodi/grafo2177.17,13,17,22,26,31,0.0,0,46,0.016589641571044922,2
298,graficon20nodi/grafo786.20,13,20,23,26,29,1.0,2,58,0.05351901054382324,2
299,graficon17nodi/grafo1875.17,13,17,21,28,32,1.0,1,73,0.04908466339111328,2
300,graficon14nodi/grafo796.14,13,14,19,27,32,1.0,3,51,0.045166969299316406,2
301,graficon21nodi/grafo2119.21,13,21,27,32,38,3.0,7,110,0.22589755058288574,2
302,graficon15nodi/grafo1013.15,13,15,23,31,39,2.0,2,70,0.10322308540344238,2
303,graficon17nodi/grafo415.17,13,17,24,33,40,2.0,5,91,0.14977622032165527,2
304,graficon26nodi/grafo578.26,13,26,27,30,31,1.0,1,63,0.0339663028717041,2
305,graficon25nodi/grafo2077.25,13,25,29,31,35,3.0,7,89,0.20494937896728516,2
306,graficon29nodi/grafo2085.29,13,29,30,33,34,0.0,0,30,0.011470317840576172,2
307,graficon19nodi/grafo1834.19,13,19,23,32,36,0.0,0,28,0.011890411376953125,2
308,graficon24nodi/grafo1830.24,13,24,29,34,39,1.0,1,45,0.029218673706054688,2
309,graficon21nodi/grafo245.21,13,21,22,30,31,1.0,1,26,0.017109394073486328,2
310,graficon21nodi/grafo1645.21,13,21,23,30,32,0.0,0,69,0.02107381820678711,2
311,graficon20nodi/grafo1761.20,13,20,26,31,37,0.0,0,52,0.014317989349365234,2
312,graficon26nodi/grafo1805.26,13,26,31,33,38,3.0,5,39,0.1409764289855957,2
313,graficon18nodi/grafo2744.18,13,18,24,34,40,1.0,3,66,0.07918262481689453,2
314,graficon20nodi/grafo2268.20,13,20,24,32,36,1.0,3,44,0.04752802848815918,2
315,graficon25nodi/grafo2837.25,13,25,27,32,34,0.0,0,47,0.016079187393188477,2
316,graficon21nodi/grafo2833.21,13,21,24,30,33,1.0,1,32,0.017475605010986328,2
317,graficon20nodi/grafo3049.20,13,20,24,33,37,1.0,2,45,0.051717281341552734,2
318,graficon26nodi/grafo1799.26,13,26,30,32,36,2.0,3,65,0.06630301475524902,2
319,graficon17nodi/grafo1403.17,13,17,23,30,36,1.0,1,45,0.0309445858001709,2
320,graficon27nodi/grafo2498.27,13,27,32,34,39,2.0,3,68,0.10307455062866211,2
321,graficon22nodi/grafo2819.22,13,22,25,33,36,0.0,0,21,0.00953984260559082,2
322,graficon16nodi/grafo421.16,13,16,22,33,39,1.0,1,86,0.03137540817260742,2
323,graficon14nodi/grafo1074.14,13,14,19,32,37,1.0,2,40,0.04419279098510742,2
324,graficon24nodi/grafo918.24,13,24,24,32,32,0.0,0,37,0.01091623306274414,2
325,graficon18nodi/grafo1780.18,13,18,24,30,36,1.0,1,43,0.017153024673461914,2
326,graficon29nodi/grafo1198.29,13,29,29,31,31,1.0,1,32,0.01860785484313965,2
327,graficon15nodi/grafo2591.15,13,15,23,31,39,1.0,2,56,0.05046391487121582,2
328,graficon19nodi/grafo924.19,13,19,21,32,34,0.0,0,34,0.01262974739074707,2
329,graficon23nodi/grafo835.23,13,23,27,31,35,2.0,6,53,0.1464846134185791,2
330,graficon17nodi/grafo829.17,13,17,21,33,37,0.0,0,51,0.024073362350463867,2
331,graficon16nodi/grafo1635.16,13,16,25,34,43,1.0,1,73,1.1965079307556152,2
332,graficon14nodi/grafo649.14,13,14,24,32,42,3.0,5,91,0.1387927532196045,2
333,graficon18nodi/grafo1824.18,13,18,23,32,37,1.0,1,22,0.018924236297607422,2
334,graficon26nodi/grafo1629.26,13,26,29,30,33,1.0,1,37,0.03711104393005371,2
335,graficon15nodi/grafo1142.15,13,15,24,32,41,1.0,1,91,0.06493306159973145,2
336,graficon22nodi/grafo2410.22,13,22,24,30,32,1.0,1,23,0.011594772338867188,2
337,graficon23nodi/grafo2028.23,13,23,32,32,41,5.0,12,120,0.3106241226196289,2
338,graficon25nodi/grafo1040.25,13,25,32,34,41,5.0,11,109,0.13654565811157227,2
339,graficon17nodi/grafo2494.17,13,17,20,30,33,1.0,1,32,0.009905576705932617,2
340,graficon21nodi/grafo381.21,13,21,23,31,33,1.0,1,40,0.01534414291381836,2
341,graficon19nodi/grafo2425.19,13,19,23,30,34,1.0,2,48,0.05801820755004883,2
342,graficon26nodi/grafo1230.26,13,26,29,30,33,2.0,2,30,0.019723892211914062,2
343,graficon17nodi/grafo1861.17,13,17,21,34,38,2.0,2,24,0.08130145072937012,2
344,graficon27nodi/grafo1232.27,13,27,31,33,37,3.0,7,120,0.3263673782348633,2
345,graficon27nodi/grafo2582.27,13,27,27,34,34,0.0,0,35,0.010386228561401367,2
346,graficon24nodi/grafo2017.24,13,24,28,32,36,2.0,2,54,0.09875106811523438,2
347,graficon32nodi/grafo11636.32,13,32,32,33,33,0.0,0,38,0.0056531429290771484,2
348,graficon19nodi/grafo621.19,13,19,27,30,38,1.0,3,78,0.07780766487121582,2
349,graficon16nodi/grafo2023.16,13,16,20,34,38,1.0,2,25,0.05983591079711914,2
350,graficon23nodi/grafo622.23,13,23,25,33,35,1.0,1,39,0.01772785186767578,2
351,graficon19nodi/grafo2135.19,13,19,23,33,37,1.0,2,41,0.08996319770812988,2
352,graficon15nodi/grafo879.15,13,15,20,30,35,0.0,0,46,0.021582841873168945,2
353,graficon22nodi/grafo1012.22,13,22,24,31,33,0.0,0,46,0.018784761428833008,2
354,graficon20nodi/grafo429.20,13,20,28,34,42,3.0,6,75,0.09508562088012695,2
355,graficon26nodi/grafo1269.26,13,26,28,31,33,0.0,0,82,0.032761335372924805,2
356,graficon17nodi/grafo2520.17,13,17,24,32,39,4.0,7,77,0.15593338012695312,2
357,graficon32nodi/grafo10052.32,13,32,33,34,35,0.0,0,36,0.006602048873901367,2
358,graficon20nodi/grafo874.20,13,20,25,34,39,1.0,1,39,0.025451183319091797,2
359,graficon20nodi/grafo1901.20,13,20,26,33,39,1.0,2,106,0.11341428756713867,2
360,graficon22nodi/grafo2456.22,13,22,26,33,37,0.0,0,43,0.020766258239746094,2
361,graficon17nodi/grafo276.17,13,17,20,31,34,1.0,1,28,0.01581597328186035,2
362,graficon25nodi/grafo575.25,13,25,29,34,38,2.0,2,52,0.09805917739868164,2
363,graficon17nodi/grafo517.17,13,17,23,33,39,1.0,1,52,0.02121591567993164,2
364,graficon19nodi/grafo1900.19,13,19,22,31,34,0.0,0,34,0.009050130844116211,2
365,graficon22nodi/grafo1422.22,13,22,22,30,30,0.0,0,36,0.014056205749511719,2
366,graficon25nodi/grafo862.25,13,25,28,33,36,1.0,1,73,0.03398299217224121,2
367,graficon23nodi/grafo545.23,13,23,28,32,37,1.0,1,31,0.012766122817993164,2
368,graficon24nodi/grafo2341.24,13,24,29,34,39,1.0,1,70,0.024756193161010742,2
369,graficon26nodi/grafo1512.26,13,26,30,34,38,2.0,2,63,0.12295675277709961,2
370,graficon18nodi/grafo1626.18,13,18,27,32,41,3.0,8,76,0.15248322486877441,2
371,graficon21nodi/grafo2378.21,13,21,25,31,35,1.0,2,51,0.04551076889038086,2
372,graficon25nodi/grafo2051.25,13,25,26,33,34,0.0,0,17,0.00761103630065918,2
373,graficon32nodi/grafo9919.32,13,32,32,33,33,0.0,0,38,0.006123065948486328,2
374,graficon18nodi/grafo1940.18,13,18,24,31,37,1.0,1,31,0.01921701431274414,2
375,graficon25nodi/grafo1338.25,13,25,26,34,35,0.0,0,32,0.020477771759033203,2
376,graficon33nodi/grafo11170.33,13,33,42,39,48,2.0,2,70,0.09035372734069824,2
377,graficon23nodi/grafo2966.23,13,23,26,36,39,0.0,0,33,0.012039661407470703,2
378,graficon29nodi/grafo1102.29,13,29,29,37,37,0.0,0,29,0.011273860931396484,2
379,graficon26nodi/grafo1340.26,13,26,31,38,43,2.0,4,67,0.09822368621826172,2
380,graficon22nodi/grafo1850.22,13,22,28,38,44,1.0,1,45,0.029514789581298828,2
381,graficon28nodi/grafo2572.28,13,28,34,38,44,1.0,3,72,0.10860061645507812,2
382,graficon17nodi/grafo420.17,13,17,25,37,45,2.0,3,69,0.05983901023864746,2
383,graficon20nodi/grafo2670.20,13,20,28,36,44,2.0,3,61,0.06362318992614746,2
384,graficon26nodi/grafo2766.26,13,26,32,38,44,2.0,2,45,0.059920310974121094,2
385,graficon29nodi/grafo1333.29,13,29,31,38,40,0.0,0,56,0.03036189079284668,2
386,graficon21nodi/grafo1863.21,13,21,26,35,40,2.0,4,72,0.14005017280578613,2
387,graficon27nodi/grafo1623.27,13,27,30,37,40,1.0,1,29,0.012003421783447266,2
388,graficon33nodi/grafo2828.33,13,33,37,38,42,2.0,3,50,0.04919266700744629,2
389,graficon26nodi/grafo2606.26,13,26,32,36,42,3.0,5,114,0.16442298889160156,2
390,graficon19nodi/grafo2371.19,13,19,24,35,40,0.0,0,63,0.02466869354248047,2
391,graficon25nodi/grafo2700.25,13,25,28,36,39,1.0,2,54,0.022810935974121094,2
392,graficon24nodi/grafo2587.24,13,24,28,36,40,2.0,5,66,0.1731271743774414,2
393,graficon15nodi/grafo947.15,13,15,24,39,48,2.0,3,54,0.15332245826721191,2
394,graficon19nodi/grafo2562.19,13,19,28,36,45,2.0,4,55,0.14052343368530273,2
395,graficon32nodi/grafo11456.32,13,32,33,35,36,1.0,1,39,0.010563850402832031,2
396,graficon27nodi/grafo248.27,13,27,33,38,44,3.0,4,84,0.47066402435302734,2
397,graficon22nodi/grafo2676.22,13,22,26,38,42,0.0,0,39,0.017253637313842773,2
398,graficon32nodi/grafo11607.32,13,32,38,39,45,3.0,4,70,0.12907719612121582,2
399,graficon19nodi/grafo2171.19,13,19,23,35,39,1.0,1,43,0.02154064178466797,2
400,graficon19nodi/grafo1666.19,13,19,28,37,46,1.0,1,94,0.03885507583618164,2
401,graficon33nodi/grafo11210.33,13,33,42,39,48,2.0,2,70,0.09091925621032715,2
402,graficon26nodi/grafo2123.26,13,26,28,35,37,1.0,1,76,0.035657405853271484,2
403,graficon26nodi/grafo3056.26,13,26,36,35,45,4.0,15,124,0.1279737949371338,2
404,graficon30nodi/grafo1582.30,13,30,34,35,39,2.0,2,97,0.08822798728942871,2
405,graficon24nodi/grafo1440.24,13,24,32,37,45,4.0,6,120,0.37488770484924316,2
406,graficon33nodi/grafo9903.33,13,33,42,39,48,2.0,2,70,0.09120631217956543,2
407,graficon23nodi/grafo1557.23,13,23,29,37,43,2.0,2,101,0.1477189064025879,2
408,graficon21nodi/grafo1941.21,13,21,26,37,42,1.0,1,36,0.028057098388671875,2
409,graficon13nodi/grafo317.13,13,13,21,38,46,1.0,2,53,0.07071495056152344,2
410,graficon33nodi/grafo154.33,13,33,34,36,37,0.0,0,62,0.013643980026245117,2
411,graficon31nodi/grafo10007.31,13,31,34,35,38,3.0,4,73,0.14773845672607422,2
412,graficon20nodi/grafo1764.20,13,20,25,37,42,1.0,2,40,0.04958462715148926,2
413,graficon31nodi/grafo5484.31,13,31,32,38,39,1.0,2,42,0.10344696044921875,2
414,graficon27nodi/grafo1286.27,13,27,31,36,40,2.0,2,44,0.0646963119506836,2
415,graficon23nodi/grafo2200.23,13,23,29,38,44,1.0,2,61,0.08815145492553711,2
416,graficon24nodi/grafo872.24,13,24,28,37,41,1.0,2,46,0.02381753921508789,2
417,graficon22nodi/grafo605.22,13,22,26,39,43,0.0,0,58,0.03373312950134277,2
418,graficon29nodi/grafo1034.29,13,29,32,38,41,1.0,1,73,0.03799009323120117,2
419,graficon21nodi/grafo2356.21,13,21,27,35,41,1.0,2,34,0.017751216888427734,2
420,graficon33nodi/grafo10134.33,13,33,34,37,38,1.0,1,35,0.022248029708862305,2
421,graficon32nodi/grafo9867.32,13,32,33,35,36,1.0,1,39,0.009802103042602539,2
422,graficon26nodi/grafo753.26,13,26,28,36,38,2.0,2,19,0.07970023155212402,2
423,graficon21nodi/grafo123.21,13,21,25,38,42,1.0,1,43,0.022318363189697266,2
424,graficon25nodi/grafo1360.25,13,25,30,35,40,3.0,5,70,0.07407259941101074,2
425,graficon27nodi/grafo174.27,13,27,28,36,37,1.0,1,64,0.03266477584838867,2
426,graficon20nodi/grafo251.20,13,20,23,36,39,1.0,1,35,0.026540279388427734,2
427,graficon18nodi/grafo2768.18,13,18,23,35,40,2.0,2,29,0.058150291442871094,2
428,graficon36nodi/grafo2402.36,13,36,38,39,41,0.0,0,67,0.03073740005493164,2
429,graficon30nodi/grafo1237.30,13,30,35,39,44,1.0,1,66,0.02231121063232422,2
430,graficon20nodi/grafo2284.20,13,20,30,37,47,4.0,6,67,0.20718932151794434,2
431,graficon17nodi/grafo1160.17,13,17,23,39,45,1.0,1,66,0.025174856185913086,2
432,graficon27nodi/grafo2721.27,13,27,27,37,37,1.0,1,29,0.01863408088684082,2
433,graficon23nodi/grafo2691.23,13,23,31,39,47,2.0,5,99,0.24996376037597656,2
434,graficon22nodi/grafo2875.22,13,22,27,38,43,2.0,2,54,0.10607028007507324,2
435,graficon33nodi/grafo11130.33,13,33,42,39,48,2.0,2,70,0.08989071846008301,2
436,graficon18nodi/grafo2805.18,13,18,25,36,43,1.0,3,86,0.07193708419799805,2
437,graficon16nodi/grafo2584.16,13,16,22,39,45,1.0,2,28,0.019218921661376953,2
438,graficon17nodi/grafo597.17,13,17,24,36,43,0.0,0,70,0.023915767669677734,2
439,graficon24nodi/grafo1950.24,13,24,27,39,42,1.0,1,50,0.07087397575378418,2
440,graficon25nodi/grafo2067.25,13,25,28,38,41,1.0,1,31,0.025641441345214844,2
441,graficon15nodi/grafo2448.15,13,15,23,38,46,1.0,2,62,0.033225059509277344,2
442,graficon26nodi/grafo1273.26,13,26,27,36,37,0.0,0,61,0.025635242462158203,2
443,graficon32nodi/grafo11397.32,13,32,33,37,38,0.0,0,34,0.012334108352661133,2
444,graficon33nodi/grafo11023.33,13,33,33,36,36,0.0,0,31,0.00615382194519043,2
445,graficon33nodi/grafo11026.33,13,33,36,39,42,2.0,3,61,0.06864619255065918,2
446,graficon17nodi/grafo945.17,13,17,22,36,41,0.0,0,56,0.0217435359954834,2
447,graficon25nodi/grafo584.25,13,25,29,35,39,2.0,4,104,0.15752434730529785,2
448,graficon12nodi/grafo2426.12,13,12,18,38,44,0.0,0,41,0.021622180938720703,2
449,graficon18nodi/grafo2731.18,13,18,23,35,40,0.0,0,42,0.011836767196655273,2
450,graficon23nodi/grafo2217.23,13,23,29,35,41,3.0,9,51,0.22011256217956543,2
451,graficon26nodi/grafo2108.26,13,26,35,41,50,4.0,10,81,0.22426605224609375,2
452,graficon31nodi/grafo11581.31,13,31,36,42,47,2.0,4,110,0.2693474292755127,2
453,graficon25nodi/grafo1271.25,13,25,30,40,45,2.0,3,77,0.09429430961608887,2
454,graficon31nodi/grafo11454.31,13,31,36,42,47,2.0,4,110,0.26762819290161133,2
455,graficon25nodi/grafo163.25,13,25,37,44,56,9.0,27,196,3.3631787300109863,2
456,graficon19nodi/grafo950.19,13,19,23,43,47,0.0,0,37,0.020081520080566406,2
457,graficon30nodi/grafo1252.30,13,30,34,43,47,0.0,0,59,0.022531747817993164,2
458,graficon27nodi/grafo1217.27,13,27,29,42,44,0.0,0,62,0.02311992645263672,2
459,graficon34nodi/grafo11331.34,13,34,41,43,50,2.0,3,61,0.10383391380310059,2
460,graficon20nodi/grafo1873.20,13,20,27,40,47,3.0,6,76,0.22009539604187012,2
461,graficon34nodi/grafo5197.34,13,34,36,43,45,0.0,0,40,0.015298604965209961,2
462,graficon28nodi/grafo1615.28,13,28,35,43,50,3.0,8,119,0.2697329521179199,2
463,graficon27nodi/grafo3039.27,13,27,31,44,48,1.0,1,55,0.023607492446899414,2
464,graficon37nodi/grafo2519.37,13,37,39,44,46,0.0,0,95,0.04531383514404297,2
465,graficon27nodi/grafo2037.27,13,27,31,42,46,2.0,2,80,0.262470006942749,2
466,graficon20nodi/grafo1757.20,13,20,25,41,46,1.0,1,43,0.027948617935180664,2
467,graficon23nodi/grafo551.23,13,23,29,43,49,0.0,0,56,0.026621103286743164,2
468,graficon32nodi/grafo10795.32,13,32,35,43,46,1.0,1,98,0.05402851104736328,2
469,graficon33nodi/grafo5994.33,13,33,36,42,45,0.0,0,56,0.022916793823242188,2
470,graficon23nodi/grafo2712.23,13,23,30,40,47,1.0,1,64,0.035445213317871094,2
471,graficon22nodi/grafo1894.22,13,22,30,40,48,3.0,5,81,0.08762645721435547,2
472,graficon28nodi/grafo1190.28,13,28,31,43,46,2.0,3,65,0.15935277938842773,2
473,graficon32nodi/grafo1455.32,13,32,38,43,49,1.0,2,101,0.11792516708374023,2
474,graficon18nodi/grafo1086.18,13,18,26,41,49,1.0,1,67,0.042591094970703125,2
475,graficon34nodi/grafo9918.34,13,34,34,43,43,0.0,0,20,0.005501508712768555,2
476,graficon32nodi/grafo1226.32,13,32,34,43,45,1.0,1,47,0.028517961502075195,2
477,graficon35nodi/grafo7133.35,13,35,38,43,46,1.0,3,62,0.08491158485412598,2
478,graficon34nodi/grafo11544.34,13,34,34,43,43,0.0,0,20,0.005566120147705078,2
479,graficon14nodi/grafo2738.14,13,14,23,40,49,1.0,1,65,0.03292274475097656,2
480,graficon27nodi/grafo2958.27,13,27,32,42,47,0.0,0,48,0.019368410110473633,2
481,graficon31nodi/grafo3686.31,13,31,36,42,47,2.0,4,110,0.2491931915283203,2
482,graficon14nodi/grafo701.14,13,14,20,42,48,1.0,1,43,0.023619890213012695,2
483,graficon33nodi/grafo9921.33,13,33,36,43,46,1.0,1,48,0.03469252586364746,2
484,graficon27nodi/grafo2876.27,13,27,32,41,46,2.0,2,76,0.031551361083984375,2
485,graficon25nodi/grafo1234.25,13,25,33,42,50,1.0,2,105,0.17620539665222168,2
486,graficon26nodi/grafo1285.26,13,26,30,42,46,2.0,2,36,0.08261632919311523,2
487,graficon30nodi/grafo2365.30,13,30,34,40,44,2.0,4,85,0.2241382598876953,2
488,graficon26nodi/grafo798.26,13,26,32,41,47,2.0,5,71,0.215470552444458,2
489,graficon21nodi/grafo1682.21,13,21,41,43,63,8.0,33,178,1.31689453125,2
490,graficon32nodi/grafo5244.32,13,32,38,42,48,0.0,0,36,0.018730878829956055,2
491,graficon23nodi/grafo2854.23,13,23,29,44,50,1.0,2,57,0.10730862617492676,2
492,graficon32nodi/grafo1053.32,13,32,41,43,52,3.0,6,154,0.2823750972747803,2
493,graficon21nodi/grafo2756.21,13,21,26,40,45,1.0,2,45,0.06481099128723145,2
494,graficon22nodi/grafo1503.22,13,22,26,44,48,0.0,0,35,0.017490386962890625,2
495,graficon22nodi/grafo2370.22,13,22,28,41,47,1.0,1,37,0.021706104278564453,2
496,graficon23nodi/grafo2769.23,13,23,27,44,48,2.0,2,55,0.1050729751586914,2
497,graficon28nodi/grafo124.28,13,28,29,41,42,1.0,1,33,0.016757488250732422,2
498,graficon31nodi/grafo9916.31,13,31,36,42,47,2.0,4,110,0.25904321670532227,2
499,graficon33nodi/grafo11631.33,13,33,43,41,51,3.0,3,73,0.09454512596130371,2
500,graficon30nodi/grafo1256.30,13,30,33,40,43,0.0,0,52,0.016891002655029297,2
501,graficon32nodi/grafo10231.32,13,32,35,43,46,0.0,0,49,0.014259815216064453,2
502,graficon34nodi/grafo11277.34,13,34,35,41,42,0.0,0,44,0.00856328010559082,2
503,graficon34nodi/grafo2464.34,13,34,38,44,48,2.0,5,106,0.3291778564453125,2
504,graficon27nodi/grafo1199.27,13,27,30,40,43,0.0,0,22,0.00802302360534668,2
505,graficon25nodi/grafo1614.25,13,25,27,41,43,1.0,1,72,0.028960704803466797,2
506,graficon29nodi/grafo1376.29,13,29,34,42,47,2.0,3,77,0.15557193756103516,2
507,graficon35nodi/grafo3480.35,13,35,35,44,44,0.0,0,79,0.024819612503051758,2
508,graficon29nodi/grafo1587.29,13,29,35,42,48,1.0,1,108,0.06454634666442871,2
509,graficon34nodi/grafo6050.34,13,34,41,43,50,2.0,3,55,0.058332204818725586,2
510,graficon25nodi/grafo2755.25,13,25,32,42,49,3.0,5,57,1.6524529457092285,2
511,graficon23nodi/grafo2853.23,13,23,34,40,51,8.0,15,116,0.4456014633178711,2
512,graficon34nodi/grafo10281.34,13,34,41,42,49,1.0,1,63,0.038028717041015625,2
513,graficon34nodi/grafo11630.34,13,34,40,44,50,1.0,1,92,0.047454118728637695,2
514,graficon28nodi/grafo2436.28,13,28,37,44,53,5.0,8,133,0.5846798419952393,2
515,graficon34nodi/grafo9878.34,13,34,39,41,46,1.0,2,65,0.09328413009643555,2
516,graficon32nodi/grafo3901.32,13,32,38,42,48,1.0,3,91,0.07791352272033691,2
517,graficon35nodi/grafo11455.35,13,35,35,42,42,0.0,0,44,0.01588153839111328,2
518,graficon28nodi/grafo296.28,13,28,36,43,51,4.0,11,110,0.24652338027954102,2
519,graficon25nodi/grafo1251.25,13,25,26,40,41,0.0,0,28,0.012662649154663086,2
520,graficon34nodi/grafo11319.34,13,34,40,42,48,1.0,3,84,0.11794877052307129,2
521,graficon34nodi/grafo11660.34,13,34,36,43,45,1.0,1,94,0.051268815994262695,2
522,graficon31nodi/grafo2394.31,13,31,36,43,48,2.0,5,110,0.23305225372314453,2
523,graficon26nodi/grafo1218.26,13,26,28,42,44,0.0,0,51,0.0301055908203125,2
524,graficon37nodi/grafo6342.37,13,37,42,44,49,4.0,7,105,0.4352383613586426,2
525,graficon28nodi/grafo1311.28,13,28,34,42,48,3.0,5,75,0.20560407638549805,2
526,graficon19nodi/grafo1826.19,13,19,27,46,54,1.0,2,72,0.1212470531463623,2
527,graficon14nodi/grafo1951.14,13,14,25,46,57,2.0,3,79,0.19398999214172363,2
528,graficon37nodi/grafo3547.37,13,37,38,49,50,0.0,0,35,0.021783828735351562,2
529,graficon34nodi/grafo11207.34,13,34,38,48,52,2.0,4,52,0.12564373016357422,2
530,graficon31nodi/grafo10887.31,13,31,36,46,51,0.0,0,50,0.023029327392578125,2
531,graficon32nodi/grafo1255.32,13,32,37,46,51,1.0,1,57,0.026646137237548828,2
532,graficon28nodi/grafo1840.28,13,28,34,48,54,3.0,4,52,0.14704489707946777,2
533,graficon21nodi/grafo630.21,13,21,28,45,52,1.0,1,47,0.03783583641052246,2
534,graficon26nodi/grafo3044.26,13,26,34,48,56,2.0,3,74,0.24520111083984375,2
535,graficon23nodi/grafo1806.23,13,23,28,48,53,0.0,0,45,0.033263206481933594,2
536,graficon31nodi/grafo10458.31,13,31,36,46,51,0.0,0,50,0.023319005966186523,2
537,graficon35nodi/grafo10620.35,13,35,41,46,52,2.0,3,102,0.23761630058288574,2
538,graficon22nodi/grafo249.22,13,22,31,46,55,3.0,4,97,0.3413865566253662,2
539,graficon32nodi/grafo745.32,13,32,36,45,49,0.0,0,86,0.03631114959716797,2
540,graficon35nodi/grafo5759.35,13,35,39,45,49,1.0,1,32,0.013025999069213867,2
541,graficon33nodi/grafo11516.33,13,33,42,45,54,2.0,4,60,0.2082381248474121,2
542,graficon25nodi/grafo2437.25,13,25,30,48,53,1.0,1,37,0.024114608764648438,2
543,graficon31nodi/grafo1301.31,13,31,40,47,56,4.0,7,126,0.5162568092346191,2
544,graficon38nodi/grafo3332.38,13,38,43,45,50,1.0,2,158,0.1971139907836914,2
545,graficon22nodi/grafo2748.22,13,22,29,45,52,0.0,0,87,0.03783702850341797,2
546,graficon27nodi/grafo1253.27,13,27,32,45,50,1.0,2,119,0.2244279384613037,2
547,graficon36nodi/grafo3862.36,13,36,41,46,51,4.0,4,74,0.13997292518615723,2
548,graficon28nodi/grafo1202.28,13,28,36,45,53,3.0,4,85,0.17824816703796387,2
549,graficon37nodi/grafo5957.37,13,37,39,48,50,0.0,0,142,0.054653167724609375,2
550,graficon38nodi/grafo6734.38,13,38,41,45,48,1.0,1,97,0.06592082977294922,2
551,graficon36nodi/grafo5561.36,13,36,38,47,49,0.0,0,36,0.010803699493408203,2
552,graficon31nodi/grafo10011.31,13,31,36,46,51,0.0,0,50,0.02347588539123535,2
553,graficon36nodi/grafo6066.36,13,36,39,48,51,0.0,0,80,0.04450559616088867,2
554,graficon31nodi/grafo1362.31,13,31,37,45,51,1.0,1,78,0.06647062301635742,2
555,graficon27nodi/grafo1200.27,13,27,36,46,55,0.0,0,113,0.05904388427734375,2
556,graficon39nodi/grafo6087.39,13,39,46,48,55,4.0,9,78,0.3173184394836426,2
557,graficon33nodi/grafo5247.33,13,33,38,46,51,0.0,0,33,0.010998964309692383,2
558,graficon36nodi/grafo6811.36,13,36,44,48,56,1.0,2,63,0.07700347900390625,2
559,graficon23nodi/grafo1798.23,13,23,31,48,56,2.0,3,91,0.08467960357666016,2
560,graficon27nodi/grafo2275.27,13,27,32,46,51,2.0,2,77,0.1567981243133545,2
561,graficon26nodi/grafo2981.26,13,26,36,45,55,5.0,10,137,0.37890076637268066,2
562,graficon36nodi/grafo3414.36,13,36,39,46,49,2.0,2,49,0.16031503677368164,2
563,graficon19nodi/grafo2428.19,13,19,23,45,49,1.0,1,31,0.01816844940185547,2
564,graficon35nodi/grafo10085.35,13,35,41,46,52,4.0,8,98,0.4210531711578369,2
565,graficon32nodi/grafo1379.32,13,32,39,48,55,1.0,3,83,0.11908316612243652,2
566,graficon26nodi/grafo173.26,13,26,31,46,51,2.0,3,82,0.08730196952819824,2
567,graficon38nodi/grafo5236.38,13,38,43,49,54,2.0,2,50,0.07699012756347656,2
568,graficon26nodi/grafo2399.26,13,26,31,46,51,1.0,2,79,0.07101297378540039,2
569,graficon31nodi/grafo11421.31,13,31,37,46,52,2.0,4,103,0.2474057674407959,2
570,graficon40nodi/grafo7698.40,13,40,47,49,56,1.0,1,116,0.060018301010131836,2
571,graficon35nodi/grafo1925.35,13,35,36,48,49,0.0,0,71,0.03729557991027832,2
572,graficon25nodi/grafo1319.25,13,25,31,47,53,3.0,3,93,0.20407629013061523,2
573,graficon26nodi/grafo2999.26,13,26,30,45,49,1.0,2,43,0.10488057136535645,2
574,graficon21nodi/grafo1632.21,13,21,26,48,53,0.0,0,35,0.01723957061767578,2
575,graficon32nodi/grafo9975.32,13,32,39,48,55,2.0,4,104,0.2803187370300293,2
576,graficon33nodi/grafo5182.33,13,33,38,49,54,0.0,0,67,0.04053306579589844,2
577,graficon32nodi/grafo11121.32,13,32,40,47,55,2.0,4,85,0.23096776008605957,2
578,graficon35nodi/grafo6642.35,13,35,42,49,56,2.0,5,92,0.22362422943115234,2
579,graficon28nodi/grafo932.28,13,28,35,45,52,1.0,2,77,0.2156994342803955,2
580,graficon34nodi/grafo2578.34,13,34,36,48,50,1.0,1,55,0.04228806495666504,2
581,graficon33nodi/grafo11538.33,13,33,38,47,52,1.0,3,83,0.21715545654296875,2
582,graficon33nodi/grafo10562.33,13,33,39,48,54,2.0,4,109,0.26073694229125977,2
583,graficon35nodi/grafo2815.35,13,35,43,47,55,2.0,9,98,0.25689268112182617,2
584,graficon18nodi/grafo374.18,13,18,25,46,53,0.0,0,59,0.033396005630493164,2
585,graficon34nodi/grafo5148.34,13,34,37,47,50,1.0,1,74,0.042360782623291016,2
586,graficon35nodi/grafo11567.35,13,35,43,45,53,1.0,1,82,0.033403873443603516,2
587,graficon31nodi/grafo1115.31,13,31,43,45,57,6.0,12,239,0.695530891418457,2
588,graficon34nodi/grafo2363.34,13,34,39,48,53,2.0,3,83,0.14051198959350586,2
589,graficon33nodi/grafo11375.33,13,33,39,48,54,1.0,3,91,0.13120365142822266,2
590,graficon36nodi/grafo5879.36,13,36,42,46,52,2.0,4,99,0.11560368537902832,2
591,graficon35nodi/grafo5820.35,13,35,38,45,48,1.0,1,57,0.03382992744445801,2
592,graficon17nodi/grafo678.17,13,17,25,48,56,1.0,1,56,0.028408050537109375,2
593,graficon32nodi/grafo9954.32,13,32,34,46,48,1.0,1,40,0.013747692108154297,2
594,graficon35nodi/grafo5966.35,13,35,45,47,57,4.0,10,86,0.13956570625305176,2
595,graficon35nodi/grafo5522.35,13,35,40,46,51,4.0,6,97,0.29319167137145996,2
596,graficon22nodi/grafo2807.22,13,22,27,46,51,2.0,2,34,0.08503556251525879,2
597,graficon32nodi/grafo3106.32,13,32,38,48,54,2.0,3,89,0.1942288875579834,2
598,graficon36nodi/grafo5667.36,13,36,40,46,50,0.0,0,47,0.01927924156188965,2
599,graficon31nodi/grafo2262.31,13,31,40,47,56,1.0,3,110,0.16852426528930664,2
600,graficon33nodi/grafo10456.33,13,33,38,48,53,3.0,4,57,0.1788804531097412,2
601,graficon33nodi/grafo1915.33,13,33,44,54,65,2.0,2,157,0.5017824172973633,2
602,graficon36nodi/grafo3304.36,13,36,47,53,64,5.0,15,148,0.691535234451294,2
603,graficon36nodi/grafo11296.36,13,36,44,50,58,4.0,18,133,1.1403567790985107,2
604,graficon37nodi/grafo3729.37,13,37,45,54,62,2.0,3,108,0.12582015991210938,2
605,graficon36nodi/grafo2212.36,13,36,41,54,59,2.0,2,93,0.11139678955078125,2
606,graficon31nodi/grafo1989.31,13,31,33,54,56,0.0,0,48,0.02923297882080078,2
607,graficon35nodi/grafo10658.35,13,35,41,50,56,2.0,3,82,0.17860794067382812,2
608,graficon39nodi/grafo5309.39,13,39,46,54,61,3.0,5,161,0.38118600845336914,2
609,graficon34nodi/grafo5495.34,13,34,43,53,62,4.0,7,69,0.48833632469177246,2
610,graficon37nodi/grafo3433.37,13,37,42,54,59,1.0,3,77,0.17110562324523926,2
611,graficon34nodi/grafo9882.34,13,34,39,50,55,0.0,0,72,0.03821849822998047,2
612,graficon22nodi/grafo1154.22,13,22,28,50,56,2.0,3,68,0.2074131965637207,2
613,graficon22nodi/grafo1715.22,13,22,34,54,66,3.0,3,135,0.41112256050109863,2
614,graficon36nodi/grafo3282.36,13,36,40,54,58,1.0,2,76,0.1596508026123047,2
615,graficon36nodi/grafo3153.36,13,36,43,53,60,1.0,2,75,0.12466669082641602,2
616,graficon34nodi/grafo4029.34,13,34,40,50,56,3.0,6,78,0.21915268898010254,2
617,graficon32nodi/grafo1784.32,13,32,36,52,56,2.0,3,50,0.08231115341186523,2
618,graficon33nodi/grafo2397.33,13,33,39,50,56,3.0,5,79,0.388211727142334,2
619,graficon39nodi/grafo7363.39,13,39,43,51,55,2.0,3,159,0.3242957592010498,2
620,graficon34nodi/grafo11241.34,13,34,39,50,55,0.0,0,72,0.03850722312927246,2
621,graficon31nodi/grafo1689.31,13,31,34,53,56,0.0,0,57,0.026041746139526367,2
622,graficon39nodi/grafo6808.39,13,39,45,51,57,2.0,6,102,0.17127585411071777,2
623,graficon24nodi/grafo522.24,13,24,30,51,57,2.0,4,105,0.13373160362243652,2
624,graficon25nodi/grafo2016.25,13,25,33,50,58,1.0,2,74,0.09855532646179199,2
625,graficon24nodi/grafo1667.24,13,24,29,50,55,1.0,1,45,0.023871421813964844,2
626,graficon40nodi/grafo5346.40,13,40,44,52,56,3.0,6,84,0.33887648582458496,2
627,graficon34nodi/grafo11531.34,13,34,37,50,53,1.0,1,59,0.05208086967468262,2
628,graficon23nodi/grafo1974.23,13,23,27,54,58,1.0,1,61,0.03534102439880371,2
629,graficon30nodi/grafo1183.30,13,30,39,50,59,3.0,6,104,0.379838228225708,2
630,graficon35nodi/grafo7366.35,13,35,43,51,59,1.0,1,97,0.08389425277709961,2
631,graficon33nodi/grafo9869.33,13,33,38,50,55,2.0,2,49,0.09341764450073242,2
632,graficon38nodi/grafo3247.38,13,38,43,50,55,2.0,3,78,0.42292094230651855,2
633,graficon36nodi/grafo5319.36,13,36,44,53,61,2.0,2,155,0.24330997467041016,2
634,graficon30nodi/grafo11384.30,13,30,34,50,54,1.0,2,59,0.037291765213012695,2
635,graficon38nodi/grafo3966.38,13,38,42,54,58,2.0,4,73,0.2889983654022217,2
636,graficon32nodi/grafo3012.32,13,32,38,54,60,1.0,3,129,0.16626596450805664,2
637,graficon33nodi/grafo1174.33,13,33,41,53,61,2.0,4,115,0.2591567039489746,2
638,graficon35nodi/grafo11415.35,13,35,43,52,60,4.0,5,97,0.21803975105285645,2
639,graficon36nodi/grafo10746.36,13,36,42,54,60,0.0,0,81,0.03712034225463867,2
640,graficon38nodi/grafo6579.38,13,38,49,54,65,4.0,7,120,0.6408083438873291,2
641,graficon32nodi/grafo10058.32,13,32,40,51,59,2.0,3,72,0.20366883277893066,2
642,graficon34nodi/grafo11614.34,13,34,39,50,55,0.0,0,72,0.03625178337097168,2
643,graficon38nodi/grafo6106.38,13,38,47,53,62,6.0,11,127,1.3289542198181152,2
644,graficon26nodi/grafo309.26,13,26,36,54,64,2.0,6,111,0.24703192710876465,2
645,graficon34nodi/grafo10483.34,13,34,45,50,61,4.0,8,84,0.6034319400787354,2
646,graficon34nodi/grafo3023.34,13,34,42,54,62,2.0,2,101,0.22423076629638672,2
647,graficon35nodi/grafo11423.35,13,35,42,54,61,2.0,4,97,0.10257720947265625,2
648,graficon26nodi/grafo1952.26,13,26,31,54,59,1.0,3,70,0.205153226852417,2
649,graficon38nodi/grafo5993.38,13,38,44,53,59,4.0,4,74,0.20751261711120605,2
650,graficon17nodi/grafo2227.17,13,17,25,50,58,1.0,2,69,0.2337024211883545,2
651,graficon34nodi/grafo2082.34,13,34,38,54,58,0.0,0,43,0.026101350784301758,2
652,graficon27nodi/grafo1746.27,13,27,38,52,63,2.0,3,108,0.08916187286376953,2
653,graficon33nodi/grafo3214.33,13,33,44,52,63,8.0,14,141,1.4777441024780273,2
654,graficon28nodi/grafo3060.28,13,28,36,51,59,3.0,4,58,0.13350963592529297,2
655,graficon24nodi/grafo1158.24,13,24,34,52,62,3.0,6,139,0.564521074295044,2
656,graficon33nodi/grafo11638.33,13,33,38,53,58,2.0,2,76,0.16417860984802246,2
657,graficon35nodi/grafo7548.35,13,35,42,54,61,1.0,1,109,0.20555996894836426,2
658,graficon34nodi/grafo5827.34,13,34,40,51,57,2.0,2,94,0.15665626525878906,2
659,graficon34nodi/grafo5485.34,13,34,43,52,61,2.0,5,83,0.15062904357910156,2
660,graficon35nodi/grafo6897.35,13,35,47,52,64,5.0,10,125,0.8445229530334473,2
661,graficon34nodi/grafo5498.34,13,34,41,54,61,4.0,4,110,0.45621299743652344,2
662,graficon34nodi/grafo5856.34,13,34,41,50,57,2.0,4,75,0.07839775085449219,2
663,graficon40nodi/grafo4073.40,13,40,42,51,53,2.0,2,151,0.591057300567627,2
664,graficon36nodi/grafo10619.36,13,36,41,51,56,1.0,1,92,0.04988551139831543,2
665,graficon42nodi/grafo7119.42,13,42,46,50,54,2.0,2,114,0.12949252128601074,2
666,graficon36nodi/grafo11525.36,13,36,45,53,62,4.0,6,67,0.30129051208496094,2
667,graficon35nodi/grafo11234.35,13,35,35,51,51,0.0,0,23,0.010369539260864258,2
668,graficon24nodi/grafo2787.24,13,24,35,51,62,4.0,7,99,2.0832083225250244,2
669,graficon40nodi/grafo3874.40,13,40,46,50,56,1.0,4,135,0.19455695152282715,2
670,graficon28nodi/grafo1569.28,13,28,36,53,61,1.0,1,89,0.046529293060302734,2
671,graficon35nodi/grafo2098.35,13,35,42,50,57,1.0,3,43,0.05530095100402832,2
672,graficon34nodi/grafo2031.34,13,34,42,53,61,4.0,4,115,0.21149682998657227,2
673,graficon30nodi/grafo11667.30,13,30,34,52,56,0.0,0,33,0.02128314971923828,2
674,graficon30nodi/grafo1345.30,13,30,44,50,64,9.0,15,283,1.0928065776824951,2
675,graficon29nodi/grafo2054.29,13,29,35,50,56,2.0,2,43,0.06704473495483398,2
676,graficon41nodi/grafo4004.41,13,41,48,57,64,3.0,5,80,0.21914362907409668,2
677,graficon37nodi/grafo2224.37,13,37,45,58,66,4.0,11,153,1.2542119026184082,2
678,graficon34nodi/grafo6076.34,13,34,44,56,66,1.0,2,133,0.1444697380065918,2
679,graficon40nodi/grafo5714.40,13,40,52,59,71,6.0,18,187,2.185426712036133,2
680,graficon38nodi/grafo9968.38,13,38,44,55,61,1.0,1,63,0.04259800910949707,2
681,graficon28nodi/grafo1201.28,13,28,38,58,68,2.0,5,108,0.15006780624389648,2
682,graficon35nodi/grafo10708.35,13,35,46,55,66,9.0,19,198,3.522902250289917,2
683,graficon21nodi/grafo433.21,13,21,28,55,62,4.0,5,63,0.23868155479431152,2
684,graficon34nodi/grafo5143.34,13,34,40,57,63,1.0,1,47,0.013563394546508789,2
685,graficon36nodi/grafo11677.36,13,36,49,56,69,5.0,8,126,1.676894187927246,2
686,graficon37nodi/grafo3125.37,13,37,42,58,63,1.0,2,47,0.07404375076293945,2
687,graficon37nodi/grafo7307.37,13,37,47,55,65,3.0,3,73,0.1265277862548828,2
688,graficon37nodi/grafo6450.37,13,37,46,57,66,3.0,4,66,0.15060877799987793,2
689,graficon39nodi/grafo3679.39,13,39,43,56,60,2.0,5,102,0.40514230728149414,2
690,graficon38nodi/grafo6656.38,13,38,46,57,65,3.0,3,123,0.1807105541229248,2
691,graficon34nodi/grafo11409.34,13,34,35,56,57,1.0,1,46,0.022440195083618164,2
692,graficon38nodi/grafo6939.38,13,38,51,57,70,6.0,12,136,0.34966468811035156,2
693,graficon33nodi/grafo2687.33,13,33,46,56,69,7.0,15,243,1.140209436416626,2
694,graficon38nodi/grafo3351.38,13,38,46,55,63,4.0,7,86,0.25632715225219727,2
695,graficon37nodi/grafo7087.37,13,37,44,59,66,1.0,2,88,0.23301029205322266,2
696,graficon36nodi/grafo11468.36,13,36,47,58,69,8.0,21,158,45.16610360145569,2
697,graficon31nodi/grafo1946.31,13,31,38,59,66,3.0,3,55,0.24889254570007324,2
698,graficon32nodi/grafo1908.32,13,32,39,55,62,2.0,3,100,0.3039720058441162,2
699,graficon40nodi/grafo3255.40,13,40,46,56,62,5.0,8,104,0.35439443588256836,2
700,graficon37nodi/grafo5301.37,13,37,44,58,65,2.0,3,77,0.22310280799865723,2
701,graficon35nodi/grafo5613.35,13,35,46,57,68,5.0,11,169,0.5225708484649658,2
702,graficon35nodi/grafo2990.35,13,35,48,59,72,6.0,13,114,1.0070288181304932,2
703,graficon43nodi/grafo6878.43,13,43,48,56,61,4.0,5,69,0.41391825675964355,2
704,graficon27nodi/grafo1390.27,13,27,39,57,69,4.0,10,125,0.2263805866241455,2
705,graficon36nodi/grafo6227.36,13,36,46,59,69,5.0,8,147,0.694056510925293,2
706,graficon39nodi/grafo3830.39,13,39,50,58,69,4.0,6,161,0.41943860054016113,2
707,graficon37nodi/grafo6796.37,13,37,49,57,69,6.0,7,154,0.5921518802642822,2
708,graficon33nodi/grafo5872.33,13,33,39,57,63,2.0,2,43,0.09066939353942871,2
709,graficon36nodi/grafo6071.36,13,36,43,59,66,2.0,3,65,0.13187241554260254,2
710,graficon36nodi/grafo2465.36,13,36,44,58,66,3.0,5,135,0.3580470085144043,2
711,graficon38nodi/grafo7362.38,13,38,44,59,65,2.0,3,82,0.15784668922424316,2
712,graficon38nodi/grafo7290.38,13,38,47,58,67,5.0,8,153,0.8470945358276367,2
713,graficon42nodi/grafo3239.42,13,42,48,56,62,4.0,4,146,0.37088871002197266,2
714,graficon44nodi/grafo3040.44,13,44,50,59,65,3.0,5,105,0.33059167861938477,2
715,graficon39nodi/grafo11577.39,13,39,49,55,65,6.0,9,117,0.4638662338256836,2
716,graficon40nodi/grafo4081.40,13,40,46,56,62,5.0,12,173,1.2518310546875,2
717,graficon42nodi/grafo6381.42,13,42,50,59,67,3.0,4,97,0.12975621223449707,2
718,graficon41nodi/grafo10067.41,13,41,47,58,64,2.0,3,73,0.09483909606933594,2
719,graficon37nodi/grafo11622.37,13,37,49,59,71,3.0,5,89,0.2951841354370117,2
720,graficon32nodi/grafo1992.32,13,32,36,57,61,2.0,2,66,0.15981817245483398,2
721,graficon38nodi/grafo6467.38,13,38,43,59,64,2.0,2,64,0.13690853118896484,2
722,graficon40nodi/grafo6922.40,13,40,47,59,66,3.0,5,116,0.3692467212677002,2
723,graficon34nodi/grafo5303.34,13,34,44,59,69,2.0,2,95,0.26233530044555664,2
724,graficon34nodi/grafo11396.34,13,34,35,55,56,0.0,0,32,0.010918855667114258,2
725,graficon39nodi/grafo5122.39,13,39,51,59,71,5.0,15,226,1.136396884918213,2
726,graficon42nodi/grafo6223.42,13,42,45,59,62,1.0,2,67,0.08990883827209473,2
727,graficon40nodi/grafo2627.40,13,40,49,56,65,5.0,7,123,0.6141400337219238,2
728,graficon41nodi/grafo6876.41,13,41,50,58,67,2.0,5,107,0.2480452060699463,2
729,graficon35nodi/grafo11548.35,13,35,46,55,66,9.0,19,198,3.436927080154419,2
730,graficon31nodi/grafo1637.31,13,31,41,56,66,6.0,10,127,0.6281170845031738,2
731,graficon38nodi/grafo3437.38,13,38,45,57,64,5.0,9,113,0.7949070930480957,2
732,graficon35nodi/grafo10135.35,13,35,43,55,63,4.0,7,118,0.30546140670776367,2
733,graficon38nodi/grafo2960.38,13,38,48,56,66,6.0,13,133,2.6540679931640625,2
734,graficon35nodi/grafo3720.35,13,35,46,59,70,3.0,6,141,0.6228165626525879,2
735,graficon36nodi/grafo6233.36,13,36,47,56,67,3.0,8,99,0.4033973217010498,2
736,graficon24nodi/grafo1966.24,13,24,34,58,68,1.0,2,89,0.12381768226623535,2
737,graficon38nodi/grafo3681.38,13,38,48,56,66,3.0,6,121,0.5947785377502441,2
738,graficon36nodi/grafo5970.36,13,36,46,57,67,5.0,10,167,0.8572931289672852,2
739,graficon26nodi/grafo1272.26,13,26,34,56,64,1.0,1,96,0.0819394588470459,2
740,graficon32nodi/grafo2968.32,13,32,41,55,64,5.0,8,121,0.33218932151794434,2
741,graficon34nodi/grafo5917.34,13,34,41,58,65,1.0,2,65,0.07973647117614746,2
742,graficon35nodi/grafo11344.35,13,35,40,55,60,1.0,3,84,0.1082606315612793,2
743,graficon47nodi/grafo1531.47,13,47,54,58,65,1.0,2,181,0.14784884452819824,2
744,graficon36nodi/grafo5264.36,13,36,41,59,64,0.0,0,74,0.023591041564941406,2
745,graficon36nodi/grafo7306.36,13,36,48,55,67,9.0,31,256,37.57006883621216,2
746,graficon34nodi/grafo3124.34,13,34,43,56,65,4.0,8,111,0.5905849933624268,2
747,graficon35nodi/grafo11633.35,13,35,46,56,67,5.0,7,127,0.6845879554748535,2
748,graficon40nodi/grafo6115.40,13,40,46,57,63,2.0,5,83,0.09189581871032715,2
749,graficon37nodi/grafo3554.37,13,37,41,57,61,0.0,0,64,0.035433292388916016,2
750,graficon36nodi/grafo10229.36,13,36,46,58,68,2.0,5,92,0.17610931396484375,2
751,graficon33nodi/grafo598.33,13,33,49,63,79,6.0,24,222,3.3572559356689453,2
752,graficon44nodi/grafo7435.44,13,44,53,63,72,3.0,4,98,0.22383975982666016,2
753,graficon40nodi/grafo6485.40,13,40,51,62,73,6.0,15,119,1.6093332767486572,2
754,graficon35nodi/grafo6035.35,13,35,50,61,76,4.0,9,175,0.7703747749328613,2
755,graficon38nodi/grafo7531.38,13,38,44,61,67,2.0,3,99,0.09160423278808594,2
756,graficon37nodi/grafo11473.37,13,37,42,61,66,1.0,1,54,0.039244651794433594,2
757,graficon33nodi/grafo5821.33,13,33,43,62,72,1.0,4,105,0.12526607513427734,2
758,graficon39nodi/grafo5308.39,13,39,49,64,74,2.0,7,101,0.2850489616394043,2
759,graficon33nodi/grafo10454.33,13,33,41,61,69,2.0,3,77,0.17933440208435059,2
760,graficon42nodi/grafo7704.42,13,42,51,63,72,6.0,10,162,3.796427011489868,2
761,graficon33nodi/grafo2654.33,13,33,49,64,80,5.0,14,161,1.0278615951538086,2
762,graficon36nodi/grafo11077.36,13,36,40,63,67,1.0,1,67,0.04260873794555664,2
763,graficon37nodi/grafo5888.37,13,37,50,60,73,6.0,9,107,0.4854319095611572,2
764,graficon33nodi/grafo10732.33,13,33,37,60,64,1.0,1,62,0.06237196922302246,2
765,graficon25nodi/grafo2301.25,13,25,37,61,73,1.0,1,103,0.09427094459533691,2
766,graficon43nodi/grafo7428.43,13,43,52,60,69,3.0,6,138,0.2857964038848877,2
767,graficon32nodi/grafo2991.32,13,32,43,61,72,4.0,6,141,0.5816826820373535,2
768,graficon41nodi/grafo3498.41,13,41,53,63,75,5.0,13,149,1.6799416542053223,2
769,graficon36nodi/grafo11414.36,13,36,47,62,73,6.0,9,98,0.447772741317749,2
770,graficon35nodi/grafo10841.35,13,35,45,62,72,4.0,9,123,0.6339476108551025,2
771,graficon38nodi/grafo2959.38,13,38,48,61,71,4.0,7,100,0.4148087501525879,2
772,graficon30nodi/grafo359.30,13,30,37,60,67,3.0,4,55,0.17356061935424805,2
773,graficon37nodi/grafo1555.37,13,37,48,61,72,5.0,15,136,1.5358386039733887,2
774,graficon37nodi/grafo2398.37,13,37,47,64,74,4.0,10,148,0.7425885200500488,2
775,graficon40nodi/grafo2729.40,13,40,46,64,70,3.0,4,100,0.46509861946105957,2
776,graficon42nodi/grafo3325.42,13,42,52,64,74,2.0,5,143,0.5562615394592285,2
777,graficon36nodi/grafo10462.36,13,36,40,61,65,0.0,0,41,0.024247169494628906,2
778,graficon39nodi/grafo7630.39,13,39,46,62,69,3.0,8,111,0.7035720348358154,2
779,graficon30nodi/grafo2012.30,13,30,46,64,80,8.0,16,201,1.549757719039917,2
780,graficon48nodi/grafo1669.48,13,48,59,62,73,7.0,15,281,2.0732128620147705,2
781,graficon40nodi/grafo3116.40,13,40,47,64,71,2.0,5,150,0.2966654300689697,2
782,graficon41nodi/grafo4047.41,13,41,48,63,70,1.0,1,104,0.10851240158081055,2
783,graficon44nodi/grafo3971.44,13,44,48,64,68,1.0,2,88,0.3896012306213379,2
784,graficon36nodi/grafo6093.36,13,36,43,63,70,5.0,7,62,0.8224592208862305,2
785,graficon39nodi/grafo6244.39,13,39,52,64,77,5.0,12,216,1.5330650806427002,2
786,graficon34nodi/grafo5991.34,13,34,41,60,67,2.0,2,94,0.420987606048584,2
787,graficon38nodi/grafo5998.38,13,38,44,60,66,1.0,1,88,0.0867147445678711,2
788,graficon32nodi/grafo5807.32,13,32,41,64,73,1.0,2,66,0.15301775932312012,2
789,graficon29nodi/grafo2811.29,13,29,40,62,73,3.0,9,95,0.49703454971313477,2
790,graficon33nodi/grafo11643.33,13,33,37,60,64,1.0,1,62,0.06075024604797363,2
791,graficon45nodi/grafo7711.45,13,45,53,64,72,2.0,3,103,0.3093733787536621,2
792,graficon35nodi/grafo3483.35,13,35,41,61,67,3.0,4,77,0.3111586570739746,2
793,graficon37nodi/grafo7410.37,13,37,51,61,75,6.0,15,122,1.8378946781158447,2
794,graficon39nodi/grafo3792.39,13,39,49,61,71,3.0,7,152,0.7402749061584473,2
795,graficon46nodi/grafo7281.46,13,46,54,61,69,5.0,9,148,0.6653990745544434,2
796,graficon41nodi/grafo7033.41,13,41,48,60,67,3.0,8,122,0.8937356472015381,2
797,graficon37nodi/grafo6905.37,13,37,48,63,74,6.0,11,116,1.1140360832214355,2
798,graficon33nodi/grafo1668.33,13,33,41,63,71,3.0,6,71,0.6606857776641846,2
799,graficon43nodi/grafo4042.43,13,43,47,60,64,0.0,0,99,0.0823965072631836,2
800,graficon37nodi/grafo3728.37,13,37,47,63,73,3.0,6,102,0.5485661029815674,2
801,graficon37nodi/grafo6219.37,13,37,45,62,70,3.0,4,112,0.2686491012573242,2
802,graficon37nodi/grafo2761.37,13,37,45,60,68,3.0,5,138,0.19541645050048828,2
803,graficon35nodi/grafo6010.35,13,35,44,60,69,4.0,8,113,0.8530631065368652,2
804,graficon41nodi/grafo5637.41,13,41,49,61,69,3.0,5,148,0.43586087226867676,2
805,graficon36nodi/grafo5783.36,13,36,46,62,72,3.0,6,107,0.6195502281188965,2
806,graficon42nodi/grafo5250.42,13,42,51,64,73,3.0,7,117,0.847442626953125,2
807,graficon38nodi/grafo11452.38,13,38,50,62,74,7.0,17,156,2.5271666049957275,2
808,graficon41nodi/grafo11172.41,13,41,51,62,72,5.0,8,126,0.8073627948760986,2
809,graficon37nodi/grafo7650.37,13,37,52,63,78,4.0,9,210,0.7666282653808594,2
810,graficon33nodi/grafo11527.33,13,33,40,62,69,2.0,3,97,0.1638801097869873,2
811,graficon40nodi/grafo6142.40,13,40,49,64,73,5.0,8,117,0.7345123291015625,2
812,graficon36nodi/grafo5809.36,13,36,45,63,72,3.0,8,151,0.8462071418762207,2
813,graficon40nodi/grafo5426.40,13,40,50,62,72,5.0,14,269,5.103408336639404,2
814,graficon34nodi/grafo3076.34,13,34,39,61,66,1.0,2,59,0.1801612377166748,2
815,graficon39nodi/grafo7374.39,13,39,51,62,74,7.0,17,174,2.990185022354126,2
816,graficon40nodi/grafo7706.40,13,40,51,60,71,5.0,14,182,1.1454432010650635,2
817,graficon44nodi/grafo3602.44,13,44,53,62,71,5.0,12,218,1.4496915340423584,2
818,graficon43nodi/grafo7484.43,13,43,49,63,69,4.0,4,120,0.8247244358062744,2
819,graficon37nodi/grafo11410.37,13,37,45,64,72,3.0,4,87,0.15727782249450684,2
820,graficon35nodi/grafo6104.35,13,35,40,63,68,1.0,1,111,0.08423972129821777,2
821,graficon36nodi/grafo5360.36,13,36,44,62,70,4.0,6,80,0.4694969654083252,2
822,graficon38nodi/grafo5222.38,13,38,43,62,67,2.0,3,90,0.33196377754211426,2
823,graficon36nodi/grafo11309.36,13,36,46,61,71,5.0,12,170,1.0558905601501465,2
824,graficon36nodi/grafo5457.36,13,36,43,61,68,2.0,4,58,0.17322540283203125,2
825,graficon37nodi/grafo7092.37,13,37,47,61,71,6.0,18,227,3.3447372913360596,2
826,graficon38nodi/grafo1999.38,13,38,45,68,75,2.0,2,73,0.14823222160339355,2
827,graficon38nodi/grafo7684.38,13,38,54,68,84,6.0,15,225,2.189270496368408,2
828,graficon43nodi/grafo3669.43,13,43,52,67,76,4.0,6,231,1.1425297260284424,2
829,graficon40nodi/grafo11665.40,13,40,48,68,76,4.0,9,108,1.2224082946777344,2
830,graficon39nodi/grafo10234.39,13,39,51,69,81,6.0,13,126,0.943206787109375,2
831,graficon40nodi/grafo6382.40,13,40,52,65,77,6.0,12,167,0.8668341636657715,2
832,graficon44nodi/grafo7013.44,13,44,53,69,78,1.0,1,108,0.07366776466369629,2
833,graficon37nodi/grafo3341.37,13,37,50,66,79,7.0,12,218,1.4173798561096191,2
834,graficon40nodi/grafo5504.40,13,40,53,66,79,5.0,10,158,2.985231876373291,2
835,graficon44nodi/grafo1219.44,13,44,48,66,70,0.0,0,65,0.043552398681640625,2
836,graficon29nodi/grafo3034.29,13,29,40,65,76,3.0,4,178,0.38803577423095703,2
837,graficon44nodi/grafo3831.44,13,44,52,67,75,3.0,8,191,5.07480263710022,2
838,graficon35nodi/grafo3068.35,13,35,50,67,82,9.0,16,208,3.1140856742858887,2
839,graficon40nodi/grafo9898.40,13,40,50,68,78,6.0,9,96,0.6085429191589355,2
840,graficon37nodi/grafo6847.37,13,37,47,67,77,2.0,2,140,0.317838191986084,2
841,graficon40nodi/grafo5327.40,13,40,47,68,75,3.0,4,116,0.3606395721435547,2
842,graficon44nodi/grafo6266.44,13,44,60,68,84,9.0,23,209,77.33298563957214,2
843,graficon39nodi/grafo6848.39,13,39,52,67,80,5.0,8,182,0.7419798374176025,2
844,graficon30nodi/grafo2030.30,13,30,44,66,80,7.0,14,168,4.56084942817688,2
845,graficon40nodi/grafo6167.40,13,40,57,66,83,10.0,23,238,5.804269790649414,2
846,graficon39nodi/grafo2148.39,13,39,45,67,73,1.0,3,104,0.1381077766418457,2
847,graficon36nodi/grafo3734.36,13,36,46,67,77,4.0,6,200,1.1550712585449219,2
848,graficon39nodi/grafo5789.39,13,39,58,69,88,7.0,25,164,16.82831621170044,2
849,graficon29nodi/grafo1284.29,13,29,40,65,76,4.0,6,141,0.787846565246582,2
850,graficon45nodi/grafo7024.45,13,45,50,65,70,4.0,5,78,0.5437383651733398,2
851,graficon33nodi/grafo5203.33,13,33,41,68,76,3.0,5,76,0.33036303520202637,2
852,graficon34nodi/grafo6218.34,13,34,40,65,71,2.0,3,62,0.15872597694396973,2
853,graficon43nodi/grafo7073.43,13,43,51,69,77,3.0,7,126,0.48714756965637207,2
854,graficon42nodi/grafo5867.42,13,42,52,69,79,6.0,12,237,1.9117908477783203,2
855,graficon36nodi/grafo7509.36,13,36,45,69,78,3.0,6,107,0.9827513694763184,2
856,graficon37nodi/grafo7743.37,13,37,55,68,86,9.0,21,246,19.052655935287476,2
857,graficon44nodi/grafo6915.44,13,44,58,68,82,7.0,17,158,1.5301659107208252,2
858,graficon40nodi/grafo7570.40,13,40,52,68,80,6.0,14,170,1.2232434749603271,2
859,graficon33nodi/grafo5787.33,13,33,40,66,73,1.0,2,46,0.1163787841796875,2
860,graficon34nodi/grafo11517.34,13,34,44,69,79,3.0,5,135,0.6946587562561035,2
861,graficon49nodi/grafo1560.49,13,49,59,68,78,4.0,9,125,0.7532413005828857,2
862,graficon47nodi/grafo3121.47,13,47,54,65,72,3.0,3,189,0.5551395416259766,2
863,graficon38nodi/grafo2052.38,13,38,50,67,79,8.0,14,96,1.1565678119659424,2
864,graficon41nodi/grafo3794.41,13,41,52,65,76,7.0,18,172,1.0836808681488037,2
865,graficon38nodi/grafo3964.38,13,38,48,69,79,4.0,6,157,0.4736921787261963,2
866,graficon39nodi/grafo7264.39,13,39,51,67,79,8.0,21,161,5.356683015823364,2
867,graficon38nodi/grafo3752.38,13,38,46,65,73,3.0,4,116,0.39836573600769043,2
868,graficon37nodi/grafo3576.37,13,37,49,69,81,6.0,13,163,1.833183765411377,2
869,graficon38nodi/grafo5949.38,13,38,50,66,78,2.0,4,198,0.45029163360595703,2
870,graficon29nodi/grafo2639.29,13,29,43,67,81,3.0,6,225,0.3644089698791504,2
871,graficon38nodi/grafo11575.38,13,38,46,66,74,6.0,11,105,0.8909544944763184,2
872,graficon38nodi/grafo3321.38,13,38,53,66,81,9.0,16,194,1.3704326152801514,2
873,graficon31nodi/grafo1429.31,13,31,45,65,79,5.0,14,195,1.7246742248535156,2
874,graficon38nodi/grafo4013.38,13,38,49,67,78,4.0,9,134,5.469794750213623,2
875,graficon28nodi/grafo1339.28,13,28,41,67,80,5.0,15,182,0.8377997875213623,2
876,graficon35nodi/grafo2020.35,13,35,43,68,76,1.0,1,90,0.05068850517272949,2
877,graficon40nodi/grafo7409.40,13,40,48,65,73,3.0,5,97,0.16425418853759766,2
878,graficon42nodi/grafo6141.42,13,42,53,68,79,6.0,13,124,1.2526755332946777,2
879,graficon38nodi/grafo3932.38,13,38,48,69,79,2.0,5,166,0.6285004615783691,2
880,graficon38nodi/grafo2986.38,13,38,50,67,79,6.0,17,156,2.3332512378692627,2
881,graficon42nodi/grafo5771.42,13,42,51,68,77,3.0,5,125,0.6485030651092529,2
882,graficon45nodi/grafo7734.45,13,45,55,68,78,7.0,13,139,2.0735154151916504,2
883,graficon42nodi/grafo3094.42,13,42,49,69,76,2.0,2,107,0.3821604251861572,2
884,graficon38nodi/grafo819.38,13,38,49,68,79,6.0,13,140,0.9456338882446289,2
885,graficon39nodi/grafo6923.39,13,39,48,67,76,5.0,10,175,4.0825347900390625,2
886,graficon33nodi/grafo10400.33,13,33,38,68,73,1.0,1,70,0.07900571823120117,2
887,graficon36nodi/grafo11346.36,13,36,49,69,82,6.0,12,113,0.7716805934906006,2
888,graficon39nodi/grafo11565.39,13,39,45,65,71,2.0,4,75,0.21730279922485352,2
889,graficon50nodi/grafo1494.50,13,50,57,68,75,5.0,9,131,1.5329148769378662,2
890,graficon38nodi/grafo10455.38,13,38,42,67,71,1.0,1,52,0.03782534599304199,2
891,graficon38nodi/grafo9852.38,13,38,48,66,76,5.0,7,126,0.7048671245574951,2
892,graficon45nodi/grafo5975.45,13,45,52,66,73,3.0,5,113,0.9035751819610596,2
893,graficon39nodi/grafo4061.39,13,39,47,69,77,3.0,5,109,0.18133163452148438,2
894,graficon40nodi/grafo6955.40,13,40,52,69,81,3.0,8,157,0.9239320755004883,2
895,graficon41nodi/grafo7624.41,13,41,54,69,82,5.0,11,247,2.1801352500915527,2
896,graficon35nodi/grafo6116.35,13,35,43,69,77,3.0,5,86,0.26570844650268555,2
897,graficon51nodi/grafo1404.51,13,51,70,69,88,12.0,39,361,12.490482091903687,2
898,graficon36nodi/grafo7553.36,13,36,52,69,85,7.0,15,153,1.264172077178955,2
899,graficon40nodi/grafo3711.40,13,40,53,68,81,2.0,3,189,0.37726330757141113,2
900,graficon37nodi/grafo2099.37,13,37,44,69,76,0.0,0,65,0.03826594352722168,2
901,graficon40nodi/grafo3916.40,13,40,51,71,82,4.0,6,137,0.7630774974822998,2
902,graficon39nodi/grafo227.39,13,39,47,72,80,3.0,4,112,0.42873072624206543,2
903,graficon44nodi/grafo7217.44,13,44,53,70,79,4.0,7,162,0.5061807632446289,2
904,graficon35nodi/grafo10277.35,13,35,45,71,81,4.0,8,163,0.6156725883483887,2
905,graficon37nodi/grafo2678.37,13,37,45,74,82,2.0,2,116,0.24306297302246094,2
906,graficon44nodi/grafo3432.44,13,44,55,72,83,7.0,9,103,0.6224491596221924,2
907,graficon43nodi/grafo7404.43,13,43,55,73,85,5.0,9,175,1.0517117977142334,2
908,graficon47nodi/grafo6168.47,13,47,50,70,73,1.0,1,148,0.09079837799072266,2
909,graficon44nodi/grafo5590.44,13,44,49,72,77,1.0,1,65,0.04514288902282715,2
910,graficon37nodi/grafo3954.37,13,37,50,70,83,7.0,12,140,1.1768686771392822,2
911,graficon40nodi/grafo490.40,13,40,45,71,76,1.0,1,59,0.03792166709899902,2
912,graficon38nodi/grafo3708.38,13,38,53,74,89,5.0,8,174,0.8527591228485107,2
913,graficon34nodi/grafo10511.34,13,34,41,71,78,2.0,3,92,0.20761704444885254,2
914,graficon39nodi/grafo11357.39,13,39,48,71,80,4.0,8,126,0.4761080741882324,2
915,graficon49nodi/grafo6373.49,13,49,56,73,80,7.0,10,144,1.438276767730713,2
916,graficon41nodi/grafo7372.41,13,41,55,71,85,8.0,14,328,4.040776968002319,2
917,graficon47nodi/grafo3806.47,13,47,52,71,76,3.0,3,124,0.37648677825927734,2
918,graficon40nodi/grafo7285.40,13,40,56,70,86,7.0,21,239,8.470436096191406,2
919,graficon36nodi/grafo5124.36,13,36,43,70,77,3.0,4,108,0.25541114807128906,2
920,graficon38nodi/grafo3457.38,13,38,43,70,75,1.0,1,64,0.06147313117980957,2
921,graficon40nodi/grafo3539.40,13,40,57,72,89,7.0,20,202,6.165204286575317,2
922,graficon39nodi/grafo3391.39,13,39,61,71,93,11.0,39,339,18.754105806350708,2
923,graficon38nodi/grafo6480.38,13,38,50,70,82,7.0,11,126,1.1029832363128662,2
924,graficon42nodi/grafo3820.42,13,42,52,70,80,3.0,5,137,0.7688477039337158,2
925,graficon40nodi/grafo11283.40,13,40,52,74,86,6.0,11,119,1.2168762683868408,2
926,graficon48nodi/grafo1535.48,13,48,53,72,77,1.0,1,93,0.06164145469665527,2
927,graficon44nodi/grafo11640.44,13,44,59,73,88,6.0,15,198,3.5485610961914062,2
928,graficon30nodi/grafo1810.30,13,30,40,73,83,2.0,4,122,0.5930824279785156,2
929,graficon38nodi/grafo10767.38,13,38,50,72,84,6.0,7,231,1.6452040672302246,2
930,graficon39nodi/grafo10062.39,13,39,44,74,79,3.0,5,69,0.4458491802215576,2
931,graficon42nodi/grafo6171.42,13,42,59,73,90,9.0,18,206,4.849676132202148,2
932,graficon41nodi/grafo7074.41,13,41,50,72,81,1.0,1,129,0.0803689956665039,2
933,graficon42nodi/grafo6304.42,13,42,55,73,86,6.0,13,246,0.9861993789672852,2
934,graficon43nodi/grafo3801.43,13,43,52,70,79,3.0,5,99,0.40953707695007324,2
935,graficon40nodi/grafo3538.40,13,40,46,72,78,3.0,3,74,0.49550771713256836,2
936,graficon38nodi/grafo10567.38,13,38,47,74,83,5.0,9,192,1.6990156173706055,2
937,graficon37nodi/grafo3445.37,13,37,46,73,82,4.0,7,72,0.3357102870941162,2
938,graficon37nodi/grafo11122.37,13,37,44,74,81,3.0,7,99,1.2416636943817139,2
939,graficon35nodi/grafo3499.35,13,35,47,70,82,5.0,9,121,0.5620789527893066,2
940,graficon42nodi/grafo7296.42,13,42,56,73,87,6.0,11,157,1.1553549766540527,2
941,graficon38nodi/grafo10027.38,13,38,50,74,86,6.0,9,134,0.7217884063720703,2
942,graficon40nodi/grafo6207.40,13,40,52,72,84,6.0,11,168,1.0522456169128418,2
943,graficon35nodi/grafo3006.35,13,35,44,70,79,2.0,3,105,0.31311726570129395,2
944,graficon56nodi/grafo5979.56,13,56,69,72,85,8.0,22,430,10.480231523513794,2
945,graficon39nodi/grafo7283.39,13,39,50,74,85,4.0,11,206,1.9148144721984863,2
946,graficon40nodi/grafo3229.40,13,40,48,74,82,3.0,3,83,0.43940067291259766,2
947,graficon37nodi/grafo2528.37,13,37,50,70,83,3.0,6,151,0.6730051040649414,2
948,graficon40nodi/grafo2963.40,13,40,49,70,79,5.0,7,144,0.761103630065918,2
949,graficon37nodi/grafo11238.37,13,37,47,70,80,3.0,5,151,0.20063185691833496,2
950,graficon34nodi/grafo5693.34,13,34,46,73,85,4.0,5,117,1.9554109573364258,2
951,graficon45nodi/grafo5623.45,13,45,55,74,84,2.0,2,197,1.0745244026184082,2
952,graficon38nodi/grafo1157.38,13,38,48,73,83,2.0,5,83,0.2779083251953125,2
953,graficon36nodi/grafo9862.36,13,36,51,74,89,5.0,10,152,1.0245401859283447,2
954,graficon39nodi/grafo10505.39,13,39,52,70,83,6.0,12,172,1.6489427089691162,2
955,graficon34nodi/grafo9934.34,13,34,40,73,79,0.0,0,40,0.0385129451751709,2
956,graficon42nodi/grafo7692.42,13,42,54,74,86,4.0,9,133,0.8180868625640869,2
957,graficon41nodi/grafo7635.41,13,41,53,71,83,8.0,22,195,25.34662961959839,2
958,graficon39nodi/grafo3849.39,13,39,50,71,82,5.0,9,254,1.7332830429077148,2
959,graficon40nodi/grafo3287.40,13,40,52,71,83,4.0,11,119,1.1199371814727783,2
960,graficon56nodi/grafo7164.56,13,56,68,70,82,5.0,9,160,3.0689034461975098,2
961,graficon43nodi/grafo7403.43,13,43,57,70,84,7.0,22,208,27.002244234085083,2
962,graficon39nodi/grafo6476.39,13,39,50,73,84,5.0,14,97,0.6649742126464844,2
963,graficon41nodi/grafo5344.41,13,41,52,73,84,5.0,8,109,0.5116896629333496,2
964,graficon35nodi/grafo7560.35,13,35,45,72,82,4.0,5,94,0.30944252014160156,2
965,graficon39nodi/grafo11552.39,13,39,47,71,79,2.0,4,127,0.33850622177124023,2
966,graficon42nodi/grafo3865.42,13,42,56,73,87,7.0,15,156,3.5588037967681885,2
967,graficon46nodi/grafo1581.46,13,46,52,71,77,2.0,2,113,0.5342381000518799,2
968,graficon38nodi/grafo7187.38,13,38,52,74,88,4.0,18,242,2.2700023651123047,2
969,graficon57nodi/grafo5041.57,13,57,63,74,80,2.0,4,192,7.2644593715667725,2
970,graficon37nodi/grafo7512.37,13,37,45,71,79,1.0,2,120,0.21465587615966797,2
971,graficon39nodi/grafo7479.39,13,39,53,70,84,6.0,13,172,1.422170877456665,2
972,graficon46nodi/grafo5905.46,13,46,56,74,84,6.0,7,151,0.970757007598877,2
973,graficon40nodi/grafo3387.40,13,40,53,74,87,6.0,15,177,1.9896223545074463,2
974,graficon38nodi/grafo3915.38,13,38,44,71,77,1.0,2,101,0.3177335262298584,2
975,graficon37nodi/grafo11479.37,13,37,44,73,80,4.0,6,99,0.5907888412475586,2
976,graficon36nodi/grafo2504.36,13,36,49,76,89,6.0,9,132,1.090299367904663,2
977,graficon30nodi/grafo3011.30,13,30,41,76,87,3.0,4,157,0.579930305480957,2
978,graficon39nodi/grafo2310.39,13,39,59,77,97,8.0,22,273,1.8603589534759521,2
979,graficon40nodi/grafo365.40,13,40,47,76,83,3.0,4,84,0.31631898880004883,2
980,graficon41nodi/grafo5534.41,13,41,49,77,85,3.0,5,107,0.450289249420166,2
981,graficon36nodi/grafo5632.36,13,36,43,76,83,3.0,5,84,0.49860167503356934,2
982,graficon42nodi/grafo3895.42,13,42,55,79,92,12.0,22,204,33.60191869735718,2
983,graficon40nodi/grafo7534.40,13,40,54,76,90,7.0,15,221,1.3108131885528564,2
984,graficon38nodi/grafo11163.38,13,38,50,77,89,4.0,14,173,1.2775828838348389,2
985,graficon36nodi/grafo5700.36,13,36,49,78,91,6.0,11,183,1.6334590911865234,2
986,graficon41nodi/grafo7150.41,13,41,52,75,86,6.0,8,73,1.1128501892089844,2
987,graficon38nodi/grafo9909.38,13,38,48,77,87,4.0,8,152,0.3315896987915039,2
988,graficon41nodi/grafo6152.41,13,41,56,75,90,7.0,12,159,2.227821111679077,2
989,graficon44nodi/grafo3924.44,13,44,53,75,84,4.0,8,169,1.4578075408935547,2
990,graficon38nodi/grafo5880.38,13,38,52,76,90,6.0,12,163,0.8506407737731934,2
991,graficon31nodi/grafo1257.31,13,31,50,76,95,9.0,22,237,19.258897304534912,2
992,graficon40nodi/grafo9929.40,13,40,56,77,93,9.0,19,123,1.841259241104126,2
993,graficon43nodi/grafo7444.43,13,43,55,77,89,7.0,15,125,2.8673641681671143,2
994,graficon33nodi/grafo1975.33,13,33,46,77,90,6.0,9,112,0.4520227909088135,2
995,graficon44nodi/grafo5982.44,13,44,57,79,92,5.0,12,255,4.906394004821777,2
996,graficon49nodi/grafo1353.49,13,49,54,76,81,2.0,3,102,0.20849180221557617,2
997,graficon36nodi/grafo3379.36,13,36,44,75,83,1.0,1,89,0.059827327728271484,2
998,graficon37nodi/grafo5904.37,13,37,50,77,90,4.0,10,131,2.069417715072632,2
999,graficon37nodi/grafo3837.37,13,37,52,75,90,7.0,13,250,4.184199333190918,2
1000,graficon42nodi/grafo6032.42,13,42,51,76,85,3.0,5,126,0.7189698219299316,2
1001,graficon40nodi/grafo7544.40,13,40,53,75,88,2.0,4,227,0.48926663398742676,2
1002,graficon38nodi/grafo7305.38,13,38,53,76,91,7.0,17,184,5.171936750411987,2
1003,graficon48nodi/grafo7046.48,13,48,54,76,82,2.0,2,178,0.4410080909729004,2
1004,graficon47nodi/grafo3232.47,13,47,55,77,85,2.0,4,106,0.4676399230957031,2
1005,graficon40nodi/grafo3885.40,13,40,51,75,86,2.0,6,131,0.8143570423126221,2
1006,graficon43nodi/grafo6858.43,13,43,61,77,95,8.0,19,206,5.848689556121826,2
1007,graficon43nodi/grafo5298.43,13,43,56,76,89,6.0,11,130,1.0274410247802734,2
1008,graficon37nodi/grafo11609.37,13,37,44,77,84,4.0,6,73,2.7142372131347656,2
1009,graficon43nodi/grafo7047.43,13,43,55,76,88,5.0,9,141,2.080361843109131,2
1010,graficon46nodi/grafo1484.46,13,46,57,78,89,5.0,11,273,2.228546142578125,2
1011,graficon37nodi/grafo5641.37,13,37,44,79,86,1.0,1,121,0.08252668380737305,2
1012,graficon47nodi/grafo7547.47,13,47,59,77,89,6.0,10,131,2.2427308559417725,2
1013,graficon40nodi/grafo10494.40,13,40,50,78,88,4.0,6,116,0.7582733631134033,2
1014,graficon37nodi/grafo2713.37,13,37,48,76,87,6.0,14,162,3.5404326915740967,2
1015,graficon39nodi/grafo6248.39,13,39,50,79,90,3.0,6,188,0.8164060115814209,2
1016,graficon38nodi/grafo5903.38,13,38,48,77,87,5.0,8,119,0.9984500408172607,2
1017,graficon43nodi/grafo6296.43,13,43,59,79,95,9.0,26,325,22.83535075187683,2
1018,graficon41nodi/grafo6951.41,13,41,54,76,89,5.0,13,187,0.7077364921569824,2
1019,graficon39nodi/grafo10733.39,13,39,53,79,93,4.0,8,144,0.8704671859741211,2
1020,graficon41nodi/grafo7056.41,13,41,51,76,86,2.0,3,130,0.6157844066619873,2
1021,graficon46nodi/grafo3380.46,13,46,56,75,85,4.0,7,111,0.698904275894165,2
1022,graficon41nodi/grafo3534.41,13,41,49,77,85,3.0,6,133,1.1908113956451416,2
1023,graficon39nodi/grafo3617.39,13,39,48,77,86,2.0,2,98,0.3140246868133545,2
1024,graficon38nodi/grafo11024.38,13,38,45,75,82,2.0,4,68,0.3809032440185547,2
1025,graficon49nodi/grafo1408.49,13,49,59,77,87,0.0,0,184,0.11735773086547852,2
1026,graficon46nodi/grafo7234.46,13,46,63,78,95,11.0,27,296,89.31409645080566,2
1027,graficon45nodi/grafo3840.45,13,45,59,79,93,7.0,19,277,5.201660633087158,2
1028,graficon43nodi/grafo5371.43,13,43,57,79,93,5.0,10,112,0.8817830085754395,2
1029,graficon38nodi/grafo3671.38,13,38,47,75,84,3.0,5,83,2.197848320007324,2
1030,graficon38nodi/grafo9893.38,13,38,49,76,87,4.0,6,90,0.6638000011444092,2
1031,graficon35nodi/grafo4037.35,13,35,40,78,83,3.0,3,85,0.4929218292236328,2
1032,graficon36nodi/grafo5155.36,13,36,47,79,90,4.0,7,140,1.362344741821289,2
1033,graficon42nodi/grafo7486.42,13,42,57,79,94,8.0,16,162,2.804954767227173,2
1034,graficon49nodi/grafo3418.49,13,49,63,79,93,6.0,13,150,2.9512572288513184,2
1035,graficon38nodi/grafo9981.38,13,38,45,78,85,1.0,1,49,0.15805411338806152,2
1036,graficon27nodi/grafo2050.27,13,27,36,76,85,1.0,1,53,0.06070566177368164,2
1037,graficon29nodi/grafo2072.29,13,29,43,78,92,4.0,6,126,0.6114754676818848,2
1038,graficon45nodi/grafo1836.45,13,45,58,77,90,4.0,15,208,1.856813669204712,2
1039,graficon34nodi/grafo3921.34,13,34,46,77,89,4.0,7,155,1.014655351638794,2
1040,graficon55nodi/grafo6415.55,13,55,59,76,80,1.0,2,88,3.487962245941162,2
1041,graficon41nodi/grafo6191.41,13,41,52,78,89,6.0,10,212,0.7696619033813477,2
1042,graficon46nodi/grafo1406.46,13,46,56,79,89,3.0,4,146,0.6992452144622803,2
1043,graficon45nodi/grafo5925.45,13,45,56,79,90,6.0,14,167,6.234817028045654,2
1044,graficon35nodi/grafo3996.35,13,35,47,78,90,7.0,13,156,0.85172438621521,2
1045,graficon46nodi/grafo6678.46,13,46,55,77,86,2.0,2,135,0.6333658695220947,2
1046,graficon43nodi/grafo3573.43,13,43,58,79,94,7.0,15,138,2.4277424812316895,2
1047,graficon40nodi/grafo6972.40,13,40,51,77,88,4.0,6,143,0.5764944553375244,2
1048,graficon51nodi/grafo3958.51,13,51,62,77,88,6.0,16,245,5.310260057449341,2
1049,graficon39nodi/grafo10192.39,13,39,48,78,87,4.0,7,121,0.9872791767120361,2
1050,graficon45nodi/grafo6007.45,13,45,58,79,92,7.0,13,192,3.0239577293395996,2
1051,graficon37nodi/grafo11553.37,13,37,49,83,95,3.0,4,69,0.2295668125152588,2
1052,graficon44nodi/grafo7454.44,13,44,56,84,96,6.0,11,152,6.909072399139404,2
1053,graficon40nodi/grafo5453.40,13,40,57,83,100,8.0,19,193,5.321106433868408,2
1054,graficon43nodi/grafo6144.43,13,43,56,80,93,5.0,9,230,1.5782716274261475,2
1055,graficon38nodi/grafo5499.38,13,38,48,81,91,2.0,3,95,0.43004894256591797,2
1056,graficon41nodi/grafo6973.41,13,41,58,84,101,9.0,16,202,3.5986835956573486,2
1057,graficon39nodi/grafo10037.39,13,39,50,80,91,5.0,9,149,1.1864633560180664,2
1058,graficon36nodi/grafo11554.36,13,36,50,82,96,7.0,22,220,55.49317717552185,2
1059,graficon60nodi/grafo5751.60,13,60,75,84,99,8.0,22,457,20.117470026016235,2
1060,graficon42nodi/grafo5241.42,13,42,55,83,96,5.0,11,157,1.269239902496338,2
1061,graficon46nodi/grafo6628.46,13,46,63,83,100,8.0,27,467,61.676289319992065,2
1062,graficon39nodi/grafo9924.39,13,39,52,84,97,4.0,12,128,2.4549381732940674,2
1063,graficon46nodi/grafo3661.46,13,46,56,83,93,3.0,6,131,0.7193167209625244,2
1064,graficon38nodi/grafo7549.38,13,38,50,82,94,5.0,12,146,12.757330656051636,2
1065,graficon39nodi/grafo11532.39,13,39,51,81,93,2.0,4,82,0.8733820915222168,2
1066,graficon47nodi/grafo1536.47,13,47,52,80,85,0.0,0,120,0.042484283447265625,2
1067,graficon38nodi/grafo4110.38,13,38,52,84,98,7.0,14,233,7.848039388656616,2
1068,graficon41nodi/grafo6857.41,13,41,54,83,96,6.0,6,101,0.45300912857055664,2
1069,graficon34nodi/grafo6118.34,13,34,42,82,90,1.0,1,89,0.0993809700012207,2
1070,graficon39nodi/grafo10014.39,13,39,52,83,96,6.0,10,119,1.4556622505187988,2
1071,graficon43nodi/grafo7598.43,13,43,57,82,96,5.0,12,147,2.2956583499908447,2
1072,graficon39nodi/grafo3329.39,13,39,50,80,91,5.0,8,117,1.4563965797424316,2
1073,graficon43nodi/grafo1506.43,13,43,50,82,89,3.0,4,169,2.5007429122924805,2
1074,graficon42nodi/grafo5595.42,13,42,56,80,94,5.0,12,220,3.349802017211914,2
1075,graficon41nodi/grafo2235.41,13,41,58,83,100,8.0,15,203,4.13808536529541,2
1076,graficon37nodi/grafo5408.37,13,37,57,84,104,10.0,30,211,20.38409423828125,2
1077,graficon56nodi/grafo7757.56,13,56,64,80,88,5.0,10,178,1.6921031475067139,2
1078,graficon43nodi/grafo7465.43,13,43,60,80,97,7.0,18,292,2.854116916656494,2
1079,graficon42nodi/grafo5984.42,13,42,53,80,91,3.0,6,102,0.34937262535095215,2
1080,graficon49nodi/grafo2124.49,13,49,64,82,97,6.0,11,231,2.5584909915924072,2
1081,graficon39nodi/grafo3939.39,13,39,50,83,94,6.0,10,124,13.031964778900146,2
1082,graficon41nodi/grafo6441.41,13,41,54,82,95,6.0,11,131,1.3055367469787598,2
1083,graficon56nodi/grafo4306.56,13,56,63,84,91,1.0,2,199,0.5400376319885254,2
1084,graficon43nodi/grafo5339.43,13,43,54,81,92,5.0,9,146,3.0745606422424316,2
1085,graficon36nodi/grafo3413.36,13,36,53,83,100,8.0,16,239,6.1539599895477295,2
1086,graficon40nodi/grafo7766.40,13,40,50,80,90,6.0,11,122,1.924076795578003,2
1087,graficon41nodi/grafo3444.41,13,41,53,82,94,9.0,13,137,1.7624421119689941,2
1088,graficon55nodi/grafo6789.55,13,55,60,81,86,3.0,4,238,1.4137372970581055,2
1089,graficon32nodi/grafo1421.32,13,32,45,80,93,3.0,6,146,0.39390087127685547,2
1090,graficon36nodi/grafo5865.36,13,36,44,83,91,1.0,2,82,0.27605366706848145,2
1091,graficon42nodi/grafo3326.42,13,42,60,82,100,10.0,31,211,21.489750862121582,2
1092,graficon43nodi/grafo3360.43,13,43,56,83,96,4.0,11,223,7.829285144805908,2
1093,graficon44nodi/grafo5765.44,13,44,59,84,99,7.0,13,237,3.050290584564209,2
1094,graficon38nodi/grafo10031.38,13,38,49,84,95,4.0,5,117,0.5401623249053955,2
1095,graficon46nodi/grafo5873.46,13,46,57,83,94,3.0,6,166,1.2987313270568848,2
1096,graficon43nodi/grafo5486.43,13,43,54,81,92,7.0,14,185,4.826802730560303,2
1097,graficon40nodi/grafo6472.40,13,40,57,84,101,6.0,23,292,17.22080969810486,2
1098,graficon47nodi/grafo6781.47,13,47,66,82,101,10.0,19,252,3.7792820930480957,2
1099,graficon36nodi/grafo3953.36,13,36,48,83,95,3.0,3,145,0.256695032119751,2
1100,graficon43nodi/grafo5760.43,13,43,55,84,96,4.0,8,138,1.4510700702667236,2
1101,graficon26nodi/grafo914.26,13,26,42,83,99,8.0,24,194,10.57169246673584,2
1102,graficon38nodi/grafo7227.38,13,38,54,80,96,6.0,15,225,2.3969128131866455,2
1103,graficon40nodi/grafo7652.40,13,40,55,80,95,7.0,14,130,1.2960715293884277,2
1104,graficon37nodi/grafo11359.37,13,37,47,83,93,3.0,6,157,0.5872588157653809,2
1105,graficon42nodi/grafo1092.42,13,42,53,81,92,3.0,8,117,1.3055706024169922,2
1106,graficon39nodi/grafo10835.39,13,39,45,82,88,2.0,3,72,0.22890377044677734,2
1107,graficon40nodi/grafo7432.40,13,40,47,80,87,2.0,4,102,0.4516487121582031,2
1108,graficon45nodi/grafo7099.45,13,45,56,84,95,5.0,12,198,2.3467812538146973,2
1109,graficon44nodi/grafo7381.44,13,44,65,81,102,11.0,39,355,57.04692816734314,2
1110,graficon42nodi/grafo7049.42,13,42,54,81,93,7.0,12,172,2.1323516368865967,2
1111,graficon40nodi/grafo7542.40,13,40,51,81,92,6.0,9,120,1.584831953048706,2
1112,graficon42nodi/grafo6058.42,13,42,54,81,93,5.0,9,128,1.4418797492980957,2
1113,graficon40nodi/grafo3753.40,13,40,53,81,94,7.0,16,134,5.516968488693237,2
1114,graficon48nodi/grafo6376.48,13,48,61,81,94,8.0,14,153,5.440033912658691,2
1115,graficon42nodi/grafo7146.42,13,42,54,82,94,3.0,4,177,1.6123111248016357,2
1116,graficon39nodi/grafo3944.39,13,39,54,84,99,6.0,9,185,2.2534265518188477,2
1117,graficon41nodi/grafo7373.41,13,41,58,80,97,11.0,34,362,129.00363564491272,2
1118,graficon19nodi/grafo2375.19,13,19,35,80,96,5.0,14,187,0.56685471534729,2
1119,graficon41nodi/grafo5234.41,13,41,51,83,93,3.0,4,144,0.5792350769042969,2
1120,graficon55nodi/grafo3570.55,13,55,66,83,94,6.0,11,252,5.471124172210693,2
1121,graficon49nodi/grafo3626.49,13,49,61,81,93,9.0,18,275,7.714881896972656,2
1122,graficon47nodi/grafo6600.47,13,47,68,84,105,10.0,31,329,22.924169540405273,2
1123,graficon39nodi/grafo3793.39,13,39,53,81,95,5.0,12,189,1.4540491104125977,2
1124,graficon41nodi/grafo7007.41,13,41,55,84,98,8.0,19,208,6.615346193313599,2
1125,graficon39nodi/grafo5742.39,13,39,56,83,100,8.0,15,237,3.4204626083374023,2
1126,graficon40nodi/grafo7541.40,13,40,53,89,102,6.0,12,207,2.6723365783691406,2
1127,graficon54nodi/grafo4016.54,13,54,65,88,99,3.0,6,144,0.6283657550811768,2
1128,graficon45nodi/grafo7241.45,13,45,62,86,103,6.0,10,227,1.844390630722046,2
1129,graficon43nodi/grafo6406.43,13,43,57,86,100,4.0,10,216,1.1726775169372559,2
1130,graficon42nodi/grafo7246.42,13,42,53,89,100,5.0,9,107,1.0424225330352783,2
1131,graficon44nodi/grafo7720.44,13,44,61,88,105,7.0,17,206,2.5365049839019775,2
1132,graficon46nodi/grafo7742.46,13,46,58,85,97,5.0,14,234,3.971553325653076,2
1133,graficon44nodi/grafo7169.44,13,44,56,85,97,5.0,13,152,15.318200588226318,2
1134,graficon52nodi/grafo1591.52,13,52,62,85,95,3.0,5,106,0.8750998973846436,2
1135,graficon48nodi/grafo5501.48,13,48,65,88,105,9.0,29,264,50.389087200164795,2
1136,graficon44nodi/grafo5554.44,13,44,61,89,106,5.0,13,306,3.7852232456207275,2
1137,graficon39nodi/grafo7716.39,13,39,49,85,95,3.0,7,131,6.553575038909912,2
1138,graficon37nodi/grafo11653.37,13,37,51,87,101,2.0,2,93,0.4532451629638672,2
1139,graficon58nodi/grafo4792.58,13,58,69,88,99,1.0,4,154,0.2909243106842041,2
1140,graficon49nodi/grafo7578.49,13,49,57,89,97,3.0,6,141,7.569611310958862,2
1141,graficon61nodi/grafo5831.61,13,61,72,88,99,7.0,24,285,15.166181325912476,2
1142,graficon46nodi/grafo5331.46,13,46,58,88,100,7.0,21,278,23.605610132217407,2
1143,graficon51nodi/grafo4600.51,13,51,62,89,100,5.0,7,167,0.8502845764160156,2
1144,graficon40nodi/grafo3335.40,13,40,53,89,102,5.0,9,140,2.8860998153686523,2
1145,graficon42nodi/grafo6257.42,13,42,60,85,103,7.0,16,269,2.9271955490112305,2
1146,graficon36nodi/grafo5546.36,13,36,51,88,103,8.0,16,172,5.258465528488159,2
1147,graficon41nodi/grafo9946.41,13,41,48,85,92,2.0,5,94,1.2954885959625244,2
1148,graficon60nodi/grafo4886.60,13,60,73,85,98,7.0,21,278,29.815868616104126,2
1149,graficon40nodi/grafo7050.40,13,40,51,88,99,4.0,5,157,2.337735414505005,2
1150,graficon49nodi/grafo4380.49,13,49,64,87,102,4.0,6,162,0.6053857803344727,2
1151,graficon55nodi/grafo3625.55,13,55,68,88,101,8.0,21,309,98.0769157409668,2
1152,graficon53nodi/grafo7688.53,13,53,65,88,100,5.0,13,236,3.6214492321014404,2
1153,graficon39nodi/grafo5407.39,13,39,53,89,103,7.0,18,164,1.1695671081542969,2
1154,graficon41nodi/grafo2781.41,13,41,61,87,107,11.0,29,264,25.532997369766235,2
1155,graficon37nodi/grafo5598.37,13,37,48,88,99,3.0,3,126,0.7591111660003662,2
1156,graficon40nodi/grafo3997.40,13,40,56,88,104,9.0,22,308,40.923513650894165,2
1157,graficon43nodi/grafo7470.43,13,43,52,88,97,5.0,7,103,1.1175732612609863,2
1158,graficon45nodi/grafo7442.45,13,45,53,86,94,2.0,2,99,0.6232695579528809,2
1159,graficon54nodi/grafo7723.54,13,54,73,86,105,9.0,30,254,89.85110592842102,2
1160,graficon42nodi/grafo7352.42,13,42,51,85,94,2.0,3,78,0.20865869522094727,2
1161,graficon40nodi/grafo7670.40,13,40,56,88,104,4.0,5,211,1.215088129043579,2
1162,graficon43nodi/grafo5245.43,13,43,59,88,104,6.0,13,235,1.898514747619629,2
1163,graficon51nodi/grafo1486.51,13,51,60,87,96,4.0,5,130,1.385286569595337,2
1164,graficon36nodi/grafo6049.36,13,36,45,87,96,2.0,4,91,0.5197803974151611,2
1165,graficon39nodi/grafo7415.39,13,39,53,88,102,6.0,11,157,2.0746207237243652,2
1166,graficon40nodi/grafo5373.40,13,40,58,87,105,6.0,17,221,5.73287558555603,2
1167,graficon38nodi/grafo9979.38,13,38,50,86,98,7.0,10,84,1.4933981895446777,2
1168,graficon48nodi/grafo5194.48,13,48,65,89,106,9.0,17,258,5.224484443664551,2
1169,graficon48nodi/grafo5357.48,13,48,64,85,101,11.0,26,208,44.62732529640198,2
1170,graficon36nodi/grafo11662.36,13,36,48,87,99,1.0,1,65,0.07836318016052246,2
1171,graficon42nodi/grafo7614.42,13,42,57,87,102,7.0,16,431,8.570310831069946,2
1172,graficon48nodi/grafo7272.48,13,48,57,86,95,2.0,3,141,0.3555893898010254,2
1173,graficon44nodi/grafo5878.44,13,44,56,87,99,5.0,9,155,1.56148099899292,2
1174,graficon42nodi/grafo5958.42,13,42,56,86,100,5.0,11,177,1.7752673625946045,2
1175,graficon58nodi/grafo1588.58,13,58,66,88,96,4.0,7,243,2.406247615814209,2
1176,graficon52nodi/grafo3455.52,13,52,65,87,100,7.0,14,157,9.393688917160034,2
1177,graficon42nodi/grafo7583.42,13,42,56,86,100,6.0,15,152,6.11471962928772,2
1178,graficon49nodi/grafo7370.49,13,49,64,87,102,4.0,6,244,0.7540223598480225,2
1179,graficon39nodi/grafo5157.39,13,39,54,88,103,4.0,10,197,2.478689432144165,2
1180,graficon47nodi/grafo6822.47,13,47,56,88,97,3.0,5,192,1.1142127513885498,2
1181,graficon43nodi/grafo6928.43,13,43,56,88,101,6.0,13,151,2.302384614944458,2
1182,graficon38nodi/grafo3421.38,13,38,52,89,103,7.0,22,159,36.798866987228394,2
1183,graficon39nodi/grafo3727.39,13,39,53,86,100,4.0,9,161,1.1004235744476318,2
1184,graficon44nodi/grafo6870.44,13,44,64,85,105,10.0,35,192,29.025834321975708,2
1185,graficon36nodi/grafo9853.36,13,36,48,87,99,1.0,1,65,0.07633686065673828,2
1186,graficon50nodi/grafo4518.50,13,50,66,87,103,6.0,15,237,1.9965357780456543,2
1187,graficon42nodi/grafo7709.42,13,42,58,86,102,7.0,15,171,3.1011455059051514,2
1188,graficon60nodi/grafo7155.60,13,60,70,86,96,4.0,5,262,0.9835205078125,2
1189,graficon64nodi/grafo4420.64,13,64,81,88,105,9.0,18,261,7.265129327774048,2
1190,graficon47nodi/grafo6437.47,13,47,70,88,111,14.0,58,349,295.86413979530334,2
1191,graficon45nodi/grafo3151.45,13,45,58,86,99,6.0,12,137,2.5449795722961426,2
1192,graficon51nodi/grafo4369.51,13,51,67,87,103,6.0,15,271,4.692290306091309,2
1193,graficon38nodi/grafo3887.38,13,38,52,87,101,4.0,10,178,1.242353916168213,2
1194,graficon44nodi/grafo6329.44,13,44,58,88,102,5.0,8,119,1.0490005016326904,2
1195,graficon50nodi/grafo1418.50,13,50,57,88,95,3.0,6,123,0.4779989719390869,2
1196,graficon43nodi/grafo6886.43,13,43,62,85,104,9.0,26,220,29.094081163406372,2
1197,graficon42nodi/grafo7012.42,13,42,59,88,105,7.0,15,230,3.349153995513916,2
1198,graficon34nodi/grafo5990.34,13,34,45,89,100,1.0,1,146,0.16655778884887695,2
1199,graficon56nodi/grafo4391.56,13,56,70,86,100,8.0,19,377,8.175771713256836,2
1200,graficon48nodi/grafo6689.48,13,48,57,86,95,5.0,6,143,1.1205534934997559,2
1201,graficon36nodi/grafo10457.36,13,36,45,93,102,2.0,4,96,0.5574972629547119,2
1202,graficon46nodi/grafo5338.46,13,46,62,94,110,7.0,16,201,8.130698680877686,2
1203,graficon72nodi/grafo9639.72,13,72,80,94,102,7.0,13,273,15.45807409286499,2
1204,graficon44nodi/grafo3644.44,13,44,54,93,103,4.0,7,85,0.6099550724029541,2
1205,graficon54nodi/grafo3511.54,13,54,73,93,112,8.0,13,269,8.711676120758057,2
1206,graficon42nodi/grafo6946.42,13,42,58,94,110,8.0,17,217,7.164835453033447,2
1207,graficon57nodi/grafo5626.57,13,57,78,94,115,8.0,25,241,30.14209294319153,2
1208,graficon37nodi/grafo6217.37,13,37,53,94,110,7.0,17,179,5.86431622505188,2
1209,graficon60nodi/grafo4512.60,13,60,73,93,106,4.0,11,237,4.1052961349487305,2
1210,graficon47nodi/grafo5432.47,13,47,68,92,113,10.0,23,338,29.837310075759888,2
1211,graficon55nodi/grafo4502.55,13,55,76,92,113,13.0,45,292,421.90777254104614,2
1212,graficon58nodi/grafo1247.58,13,58,68,94,104,6.0,12,208,3.4553987979888916,2
1213,graficon43nodi/grafo6346.43,13,43,62,91,110,8.0,25,212,18.606600999832153,2
1214,graficon37nodi/grafo11625.37,13,37,51,92,106,3.0,6,90,0.6724767684936523,2
1215,graficon51nodi/grafo1470.51,13,51,69,90,108,9.0,29,293,12.311282873153687,2
1216,graficon64nodi/grafo8416.64,13,64,79,94,109,12.0,28,296,66.07480096817017,2
1217,graficon43nodi/grafo7441.43,13,43,60,92,109,9.0,28,177,95.30589151382446,2
1218,graficon40nodi/grafo5211.40,13,40,54,93,107,5.0,8,231,1.8736352920532227,2
1219,graficon35nodi/grafo11326.35,13,35,42,91,98,2.0,3,91,0.6238317489624023,2
1220,graficon43nodi/grafo7157.43,13,43,53,90,100,4.0,7,107,1.4863972663879395,2
1221,graficon39nodi/grafo3330.39,13,39,60,93,114,9.0,31,303,77.88396143913269,2
1222,graficon40nodi/grafo3519.40,13,40,56,93,109,4.0,6,130,0.3797030448913574,2
1223,graficon57nodi/grafo4041.57,13,57,66,92,101,4.0,11,246,3.3277621269226074,2
1224,graficon41nodi/grafo7124.41,13,41,59,94,112,5.0,12,162,1.1738824844360352,2
1225,graficon61nodi/grafo4482.61,13,61,75,91,105,4.0,6,266,1.267932415008545,2
1226,graficon49nodi/grafo5721.49,13,49,64,92,107,3.0,7,158,1.102060317993164,2
1227,graficon42nodi/grafo5468.42,13,42,58,94,110,6.0,16,239,1.272472858428955,2
1228,graficon37nodi/grafo1758.37,13,37,45,93,101,2.0,4,163,0.942387580871582,2
1229,graficon36nodi/grafo11444.36,13,36,46,94,104,2.0,4,99,0.3904910087585449,2
1230,graficon37nodi/grafo11540.37,13,37,48,91,102,2.0,3,108,0.4070096015930176,2
1231,graficon37nodi/grafo7028.37,13,37,48,90,101,6.0,11,107,5.478402614593506,2
1232,graficon37nodi/grafo11417.37,13,37,49,90,102,2.0,3,97,0.5190060138702393,2
1233,graficon39nodi/grafo3187.39,13,39,53,91,105,5.0,13,194,1.981543779373169,2
1234,graficon39nodi/grafo9897.39,13,39,55,90,106,7.0,16,166,1.7848787307739258,2
1235,graficon57nodi/grafo5748.57,13,57,76,94,113,9.0,20,330,20.487746238708496,2
1236,graficon38nodi/grafo10032.38,13,38,47,91,100,4.0,6,107,0.70182204246521,2
1237,graficon58nodi/grafo4796.58,13,58,73,90,105,9.0,19,201,4.470566272735596,2
1238,graficon40nodi/grafo10282.40,13,40,59,92,111,5.0,14,254,4.035326957702637,2
1239,graficon54nodi/grafo5002.54,13,54,64,91,101,5.0,8,247,2.4558770656585693,2
1240,graficon44nodi/grafo2199.44,13,44,50,90,96,2.0,3,101,0.5874233245849609,2
1241,graficon38nodi/grafo10659.38,13,38,57,91,110,7.0,17,243,1.9144659042358398,2
1242,graficon56nodi/grafo4409.56,13,56,67,93,104,2.0,6,112,0.5875999927520752,2
1243,graficon47nodi/grafo6408.47,13,47,57,90,100,4.0,7,160,1.0667803287506104,2
1244,graficon54nodi/grafo3858.54,13,54,68,92,106,8.0,21,229,40.2949116230011,2
1245,graficon43nodi/grafo5723.43,13,43,59,92,108,6.0,22,209,12.7100248336792,2
1246,graficon40nodi/grafo4010.40,13,40,52,92,104,3.0,8,134,2.710691213607788,2
1247,graficon62nodi/grafo6173.62,13,62,73,92,103,5.0,8,169,1.10530424118042,2
1248,graficon45nodi/grafo5138.45,13,45,61,90,106,7.0,25,480,38.853198528289795,2
1249,graficon41nodi/grafo6164.41,13,41,55,91,105,5.0,13,185,2.461570978164673,2
1250,graficon41nodi/grafo3527.41,13,41,54,93,106,5.0,13,170,3.4368627071380615,2
1251,graficon42nodi/grafo7642.42,13,42,62,90,110,8.0,19,291,10.433244228363037,2
1252,graficon46nodi/grafo3424.46,13,46,56,94,104,5.0,12,132,2.6357638835906982,2
1253,graficon53nodi/grafo271.53,13,53,67,91,105,7.0,10,242,5.088066577911377,2
1254,graficon45nodi/grafo3660.45,13,45,60,90,105,6.0,19,214,10.34041166305542,2
1255,graficon40nodi/grafo5980.40,13,40,54,92,106,5.0,9,117,1.2373483180999756,2
1256,graficon44nodi/grafo6945.44,13,44,60,93,109,8.0,18,251,10.62212347984314,2
1257,graficon35nodi/grafo5299.35,13,35,44,91,100,2.0,6,107,1.1344430446624756,2
1258,graficon66nodi/grafo9143.66,13,66,84,94,112,12.0,31,270,44.84754014015198,2
1259,graficon55nodi/grafo4195.55,13,55,69,91,105,6.0,8,127,0.9052488803863525,2
1260,graficon58nodi/grafo6193.58,13,58,77,91,110,9.0,26,370,100.51276421546936,2
1261,graficon45nodi/grafo6524.45,13,45,59,94,108,5.0,13,203,6.894465446472168,2
1262,graficon54nodi/grafo4006.54,13,54,64,91,101,1.0,2,113,0.2425060272216797,2
1263,graficon38nodi/grafo11322.38,13,38,50,94,106,2.0,3,81,0.5622811317443848,2
1264,graficon46nodi/grafo6723.46,13,46,64,93,111,7.0,30,239,128.80567479133606,2
1265,graficon35nodi/grafo6517.35,13,35,49,93,107,6.0,12,142,1.8436503410339355,2
1266,graficon49nodi/grafo3415.49,13,49,65,90,106,6.0,13,183,1.8364927768707275,2
1267,graficon39nodi/grafo4005.39,13,39,52,91,104,7.0,16,183,31.59671115875244,2
1268,graficon52nodi/grafo4030.52,13,52,65,92,105,6.0,12,174,1.9651215076446533,2
1269,graficon41nodi/grafo7098.41,13,41,59,92,110,9.0,34,308,80.12517380714417,2
1270,graficon43nodi/grafo5926.43,13,43,62,93,112,7.0,14,201,2.5247690677642822,2
1271,graficon47nodi/grafo7625.47,13,47,67,94,114,7.0,28,225,6.080384016036987,2
1272,graficon41nodi/grafo5717.41,13,41,51,93,103,3.0,5,109,0.6870431900024414,2
1273,graficon66nodi/grafo9641.66,13,66,79,90,103,6.0,11,450,5.886319637298584,2
1274,graficon38nodi/grafo6578.38,13,38,53,93,108,3.0,7,127,0.6827375888824463,2
1275,graficon42nodi/grafo3508.42,13,42,59,94,111,9.0,18,237,5.756458759307861,2
1276,graficon44nodi/grafo11403.44,13,44,60,98,114,8.0,15,270,8.699371337890625,2
1277,graficon43nodi/grafo7636.43,13,43,59,99,115,6.0,18,237,11.278145551681519,2
1278,graficon42nodi/grafo5817.42,13,42,60,99,117,6.0,11,133,1.183912992477417,2
1279,graficon51nodi/grafo3172.51,13,51,71,96,116,10.0,32,328,78.10016107559204,2
1280,graficon44nodi/grafo6432.44,13,44,54,95,105,2.0,4,134,0.7248790264129639,2
1281,graficon40nodi/grafo3621.40,13,40,50,95,105,3.0,7,125,1.2128269672393799,2
1282,graficon62nodi/grafo4646.62,13,62,78,96,112,4.0,12,390,3.8418116569519043,2
1283,graficon52nodi/grafo7721.52,13,52,71,95,114,9.0,21,237,86.23907709121704,2
1284,graficon45nodi/grafo7640.45,13,45,65,98,118,9.0,30,324,76.80888366699219,2
1285,graficon41nodi/grafo3781.41,13,41,58,96,113,7.0,21,283,10.190468788146973,2
1286,graficon57nodi/grafo4352.57,13,57,67,98,108,4.0,6,180,0.8708410263061523,2
1287,graficon40nodi/grafo6458.40,13,40,57,95,112,7.0,13,278,4.118359327316284,2
1288,graficon56nodi/grafo6568.56,13,56,69,98,111,8.0,19,255,5.3485448360443115,2
1289,graficon50nodi/grafo4580.50,13,50,63,99,112,7.0,14,182,1.902482271194458,2
1290,graficon53nodi/grafo3486.53,13,53,68,97,112,9.0,19,283,8.221038818359375,2
1291,graficon54nodi/grafo1483.54,13,54,67,98,111,5.0,9,143,1.5273637771606445,2
1292,graficon47nodi/grafo6664.47,13,47,63,96,112,9.0,19,285,8.434322118759155,2
1293,graficon44nodi/grafo7761.44,13,44,55,98,109,3.0,9,172,2.109344959259033,2
1294,graficon48nodi/grafo3769.48,13,48,63,99,114,8.0,18,249,12.4019935131073,2
1295,graficon44nodi/grafo3205.44,13,44,57,99,112,5.0,7,142,1.3530526161193848,2
1296,graficon42nodi/grafo3439.42,13,42,57,95,110,4.0,10,228,3.3655757904052734,2
1297,graficon41nodi/grafo5645.41,13,41,52,97,108,5.0,8,187,1.675997018814087,2
1298,graficon49nodi/grafo4012.49,13,49,65,99,115,7.0,20,216,16.930349349975586,2
1299,graficon38nodi/grafo3540.38,13,38,57,96,115,6.0,14,211,2.490574598312378,2
1300,graficon44nodi/grafo6960.44,13,44,61,98,115,6.0,18,232,11.623861074447632,2
1301,graficon43nodi/grafo4053.43,13,43,58,98,113,7.0,21,325,26.288428783416748,2
1302,graficon38nodi/grafo7478.38,13,38,47,98,107,3.0,5,90,0.856372594833374,2
1303,graficon42nodi/grafo3402.42,13,42,62,99,119,8.0,24,216,10.705251455307007,2
1304,graficon40nodi/grafo3804.40,13,40,49,98,107,4.0,5,103,1.0157830715179443,2
1305,graficon46nodi/grafo7713.46,13,46,67,96,117,10.0,41,447,131.25259518623352,2
1306,graficon54nodi/grafo4849.54,13,54,68,95,109,3.0,6,144,1.4494714736938477,2
1307,graficon48nodi/grafo4473.48,13,48,61,95,108,2.0,3,176,0.9561574459075928,2
1308,graficon54nodi/grafo4530.54,13,54,76,97,119,12.0,46,334,41.16599464416504,2
1309,graficon41nodi/grafo2531.41,13,41,56,99,114,7.0,9,206,1.7310068607330322,2
1310,graficon61nodi/grafo8112.61,13,61,77,97,113,8.0,18,263,10.997645616531372,2
1311,graficon53nodi/grafo3763.53,13,53,72,95,114,10.0,20,292,63.84945487976074,2
1312,graficon39nodi/grafo3099.39,13,39,47,98,106,0.0,0,64,0.06533670425415039,2
1313,graficon44nodi/grafo7621.44,13,44,65,98,119,8.0,17,263,5.621255874633789,2
1314,graficon44nodi/grafo6263.44,13,44,66,96,118,10.0,27,251,48.53050470352173,2
1315,graficon60nodi/grafo7448.60,13,60,81,98,119,12.0,46,499,220.10738587379456,2
1316,graficon46nodi/grafo5480.46,13,46,63,95,112,8.0,17,165,2.8087639808654785,2
1317,graficon39nodi/grafo7390.39,13,39,59,97,117,8.0,19,213,11.948122501373291,2
1318,graficon42nodi/grafo3258.42,13,42,58,96,112,7.0,14,177,6.437007904052734,2
1319,graficon52nodi/grafo6159.52,13,52,65,98,111,6.0,10,173,3.1728885173797607,2
1320,graficon42nodi/grafo7485.42,13,42,56,99,113,7.0,15,167,4.945601224899292,2
1321,graficon49nodi/grafo7245.49,13,49,65,97,113,8.0,18,195,7.552309274673462,2
1322,graficon54nodi/grafo4488.54,13,54,69,95,110,8.0,15,200,3.4658548831939697,2
1323,graficon42nodi/grafo6270.42,13,42,54,98,110,4.0,7,153,1.9961469173431396,2
1324,graficon42nodi/grafo3277.42,13,42,56,95,109,6.0,14,175,13.70228099822998,2
1325,graficon46nodi/grafo5832.46,13,46,58,95,107,3.0,6,148,2.1410348415374756,2
1326,graficon60nodi/grafo4376.60,13,60,73,96,109,4.0,6,187,1.592414379119873,2
1327,graficon55nodi/grafo1549.55,13,55,66,99,110,4.0,6,281,2.4246268272399902,2
1328,graficon53nodi/grafo4871.53,13,53,71,98,116,7.0,17,291,88.68657279014587,2
1329,graficon60nodi/grafo8276.60,13,60,74,97,111,4.0,10,195,3.7349822521209717,2
1330,graficon55nodi/grafo1465.55,13,55,65,95,105,6.0,12,209,4.10329008102417,2
1331,graficon53nodi/grafo5057.53,13,53,67,95,109,5.0,13,276,18.220491409301758,2
1332,graficon38nodi/grafo3383.38,13,38,62,98,122,15.0,56,409,206.88158416748047,2
1333,graficon38nodi/grafo3758.38,13,38,56,99,117,9.0,29,252,42.19526267051697,2
1334,graficon63nodi/grafo4664.63,13,63,77,99,113,7.0,11,162,1.9979658126831055,2
1335,graficon46nodi/grafo3412.46,13,46,65,95,114,8.0,18,226,6.13404393196106,2
1336,graficon44nodi/grafo7591.44,13,44,61,95,112,9.0,27,297,30.519615173339844,2
1337,graficon53nodi/grafo1482.53,13,53,67,96,110,9.0,14,260,6.81536340713501,2
1338,graficon43nodi/grafo6921.43,13,43,55,97,109,4.0,9,140,1.8217918872833252,2
1339,graficon41nodi/grafo6192.41,13,41,54,95,108,7.0,14,114,3.009053945541382,2
1340,graficon51nodi/grafo7730.51,13,51,67,95,111,7.0,14,220,1.8895528316497803,2
1341,graficon39nodi/grafo7581.39,13,39,51,96,108,4.0,8,172,1.6715762615203857,2
1342,graficon62nodi/grafo4312.62,13,62,74,96,108,8.0,14,247,6.838560581207275,2
1343,graficon42nodi/grafo3476.42,13,42,60,99,117,5.0,15,247,10.646635055541992,2
1344,graficon41nodi/grafo7204.41,13,41,54,99,112,4.0,13,249,3.4762563705444336,2
1345,graficon44nodi/grafo3603.44,13,44,66,99,121,12.0,49,336,611.0460195541382,9
1346,graficon39nodi/grafo11495.39,13,39,52,95,108,7.0,9,158,1.031615972518921,2
1347,graficon39nodi/grafo3474.39,13,39,51,95,107,8.0,11,245,5.965145826339722,2
1348,graficon42nodi/grafo6308.42,13,42,62,96,116,9.0,24,369,11.308969974517822,2
1349,graficon40nodi/grafo5643.40,13,40,51,95,106,3.0,5,192,1.8113162517547607,2
1350,graficon39nodi/grafo5974.39,13,39,53,97,111,3.0,11,215,2.7343714237213135,2
1351,graficon41nodi/grafo6398.41,13,41,53,100,112,4.0,8,146,0.7112598419189453,2
1352,graficon53nodi/grafo5091.53,13,53,77,102,126,11.0,35,253,69.98742365837097,2
1353,graficon49nodi/grafo5078.49,13,49,64,100,115,5.0,8,156,1.0293233394622803,2
1354,graficon41nodi/grafo5565.41,13,41,53,102,114,5.0,10,193,4.9487645626068115,2
1355,graficon56nodi/grafo3328.56,13,56,76,104,124,11.0,50,374,604.4843740463257,9
1356,graficon52nodi/grafo3755.52,13,52,72,104,124,8.0,24,242,18.322561502456665,2
1357,graficon65nodi/grafo9317.65,13,65,80,100,115,8.0,22,264,8.607874393463135,2
1358,graficon42nodi/grafo7572.42,13,42,50,101,109,3.0,5,137,1.4286255836486816,2
1359,graficon55nodi/grafo2141.55,13,55,76,102,123,10.0,28,327,110.98197674751282,2
1360,graficon47nodi/grafo1433.47,13,47,60,101,114,3.0,8,108,2.661994218826294,2
1361,graficon39nodi/grafo5798.39,13,39,55,104,120,6.0,12,186,3.6549293994903564,2
1362,graficon55nodi/grafo4475.55,13,55,67,101,113,3.0,6,133,0.9575142860412598,2
1363,graficon58nodi/grafo5350.58,13,58,74,104,120,10.0,27,391,44.58320379257202,2
1364,graficon71nodi/grafo9653.71,13,71,80,103,112,2.0,2,182,0.7198419570922852,2
1365,graficon63nodi/grafo4351.63,13,63,78,101,116,11.0,30,506,119.18111968040466,2
1366,graficon54nodi/grafo3785.54,13,54,70,101,117,10.0,25,220,49.46994376182556,2
1367,graficon37nodi/grafo11284.37,13,37,50,101,114,3.0,5,58,0.3115653991699219,2
1368,graficon38nodi/grafo2726.38,13,38,53,101,116,7.0,12,229,3.533780574798584,2
1369,graficon62nodi/grafo6805.62,13,62,75,104,117,5.0,7,221,1.294813871383667,2
1370,graficon67nodi/grafo9658.67,13,67,79,100,112,6.0,7,192,1.06368088722229,2
1371,graficon60nodi/grafo3536.60,13,60,73,100,113,7.0,23,276,9.397042751312256,2
1372,graficon57nodi/grafo7289.57,13,57,72,100,115,8.0,18,246,6.974853515625,2
1373,graficon59nodi/grafo4281.59,13,59,76,102,119,8.0,17,280,6.553653240203857,2
1374,graficon40nodi/grafo5568.40,13,40,59,100,119,8.0,17,221,3.586387872695923,2
1375,graficon61nodi/grafo8051.61,13,61,73,102,114,5.0,9,161,1.390134334564209,2
1376,graficon65nodi/grafo9375.65,13,65,76,102,113,4.0,6,216,1.9027674198150635,2
1377,graficon44nodi/grafo5352.44,13,44,70,100,126,14.0,61,543,209.02398991584778,2
1378,graficon47nodi/grafo5710.47,13,47,62,103,118,6.0,14,238,9.232163190841675,2
1379,graficon50nodi/grafo1392.50,13,50,63,103,116,6.0,9,186,2.439918279647827,2
1380,graficon42nodi/grafo7610.42,13,42,55,103,116,4.0,6,79,2.9109201431274414,2
1381,graficon40nodi/grafo6641.40,13,40,54,100,114,6.0,7,103,1.4147684574127197,2
1382,graficon57nodi/grafo4452.57,13,57,76,104,123,7.0,18,230,4.796839714050293,2
1383,graficon48nodi/grafo6289.48,13,48,65,104,121,8.0,15,281,8.28495192527771,2
1384,graficon39nodi/grafo3375.39,13,39,59,103,123,7.0,20,204,9.0089430809021,2
1385,graficon45nodi/grafo7623.45,13,45,62,104,121,9.0,29,238,24.976394176483154,2
1386,graficon57nodi/grafo7770.57,13,57,69,102,114,5.0,7,225,3.8029775619506836,2
1387,graficon46nodi/grafo6166.46,13,46,66,102,122,10.0,29,237,121.71080827713013,2
1388,graficon45nodi/grafo7391.45,13,45,61,100,116,9.0,18,216,13.242311716079712,2
1389,graficon48nodi/grafo7135.48,13,48,68,104,124,9.0,31,422,45.227434396743774,2
1390,graficon59nodi/grafo6718.59,13,59,73,103,117,5.0,9,250,3.2241082191467285,2
1391,graficon36nodi/grafo2877.36,13,36,53,101,118,6.0,13,159,3.438838481903076,2
1392,graficon42nodi/grafo7744.42,13,42,52,100,110,3.0,5,86,0.4654242992401123,2
1393,graficon55nodi/grafo3834.55,13,55,80,103,128,11.0,35,254,55.193932056427,2
1394,graficon50nodi/grafo1307.50,13,50,71,104,125,13.0,42,435,256.1341874599457,2
1395,graficon42nodi/grafo7026.42,13,42,55,101,114,4.0,9,116,0.9319000244140625,2
1396,graficon42nodi/grafo7261.42,13,42,62,100,120,11.0,28,340,22.17704749107361,2
1397,graficon56nodi/grafo5341.56,13,56,79,101,124,14.0,40,305,600.9413912296295,9
1398,graficon56nodi/grafo4651.56,13,56,76,101,121,11.0,32,329,21.810067653656006,2
1399,graficon35nodi/grafo5493.35,13,35,53,100,118,7.0,21,242,23.620492219924927,2
1400,graficon54nodi/grafo3748.54,13,54,73,104,123,11.0,30,262,139.03300952911377,2
1401,graficon56nodi/grafo1205.56,13,56,75,100,119,10.0,27,262,50.72356128692627,2
1402,graficon56nodi/grafo7738.56,13,56,79,102,125,11.0,32,388,40.39710736274719,2
1403,graficon61nodi/grafo3257.61,13,61,82,102,123,11.0,42,520,258.4778606891632,2
1404,graficon48nodi/grafo2254.48,13,48,66,102,120,8.0,19,264,10.416536331176758,2
1405,graficon42nodi/grafo5550.42,13,42,57,101,116,8.0,17,236,10.251423120498657,2
1406,graficon58nodi/grafo6722.58,13,58,69,103,114,8.0,15,234,3.90669846534729,2
1407,graficon50nodi/grafo6775.50,13,50,63,101,114,5.0,12,287,3.626037359237671,2
1408,graficon56nodi/grafo6630.56,13,56,68,103,115,7.0,21,282,17.44600486755371,2
1409,graficon51nodi/grafo7550.51,13,51,66,102,117,9.0,18,244,5.199622631072998,2
1410,graficon55nodi/grafo4367.55,13,55,72,103,120,5.0,10,162,2.038649082183838,2
1411,graficon40nodi/grafo7165.40,13,40,55,102,117,8.0,21,218,64.53527355194092,2
1412,graficon67nodi/grafo6272.67,13,67,72,100,105,1.0,1,88,0.08969616889953613,2
1413,graficon51nodi/grafo3484.51,13,51,68,104,121,10.0,29,251,110.69414114952087,2
1414,graficon53nodi/grafo2794.53,13,53,73,104,124,9.0,29,324,44.79534649848938,2
1415,graficon49nodi/grafo4734.49,13,49,59,101,111,2.0,3,132,1.117471694946289,2
1416,graficon50nodi/grafo5745.50,13,50,75,101,126,14.0,49,259,334.41370940208435,2
1417,graficon63nodi/grafo1570.63,13,63,74,100,111,7.0,13,202,3.928537130355835,2
1418,graficon39nodi/grafo11671.39,13,39,52,101,114,4.0,9,154,1.9905164241790771,2
1419,graficon67nodi/grafo1617.67,13,67,80,103,116,7.0,10,166,2.492717981338501,2
1420,graficon39nodi/grafo5762.39,13,39,59,103,123,7.0,19,203,12.207498550415039,2
1421,graficon54nodi/grafo4467.54,13,54,69,102,117,4.0,8,251,1.8279619216918945,2
1422,graficon36nodi/grafo5175.36,13,36,45,101,110,2.0,5,91,0.540407657623291,2
1423,graficon49nodi/grafo5220.49,13,49,64,100,115,6.0,14,324,4.114659547805786,2
1424,graficon57nodi/grafo5032.57,13,57,69,101,113,3.0,6,224,3.739182472229004,2
1425,graficon44nodi/grafo5221.44,13,44,57,102,115,7.0,14,133,5.722175359725952,2
1426,graficon42nodi/grafo10008.42,13,42,61,107,126,8.0,15,221,6.080040216445923,2
1427,graficon44nodi/grafo3501.44,13,44,63,106,125,9.0,25,349,245.9584677219391,2
1428,graficon55nodi/grafo4528.55,13,55,67,106,118,2.0,5,151,0.5756714344024658,2
1429,graficon45nodi/grafo7219.45,13,45,59,108,122,6.0,14,221,4.30190372467041,2
1430,graficon39nodi/grafo5763.39,13,39,54,109,124,6.0,7,137,1.4383018016815186,2
1431,graficon55nodi/grafo1361.55,13,55,66,106,117,4.0,8,259,1.9309735298156738,2
1432,graficon45nodi/grafo7555.45,13,45,58,106,119,6.0,7,125,1.810105800628662,2
1433,graficon54nodi/grafo7407.54,13,54,66,105,117,7.0,12,238,6.841488361358643,2
1434,graficon57nodi/grafo5924.57,13,57,74,105,122,7.0,15,212,4.132835388183594,2
1435,graficon44nodi/grafo6229.44,13,44,56,107,119,3.0,6,106,0.9759314060211182,2
1436,graficon43nodi/grafo6343.43,13,43,55,106,118,5.0,10,149,2.1106677055358887,2
1437,graficon48nodi/grafo6544.48,13,48,61,105,118,7.0,14,206,15.721802949905396,2
1438,graficon62nodi/grafo1215.62,13,62,82,105,125,11.0,42,355,255.7158443927765,2
1439,graficon51nodi/grafo3726.51,13,51,70,105,124,9.0,25,218,143.52718901634216,2
1440,graficon64nodi/grafo9460.64,13,64,78,107,121,8.0,15,304,11.916395425796509,2
1441,graficon47nodi/grafo5255.47,13,47,64,106,123,7.0,16,278,6.738566160202026,2
1442,graficon61nodi/grafo4491.61,13,61,79,109,127,10.0,17,172,4.947936296463013,2
1443,graficon44nodi/grafo5130.44,13,44,56,106,118,6.0,13,183,2.947633981704712,2
1444,graficon45nodi/grafo6438.45,13,45,58,105,118,5.0,9,217,4.985912561416626,2
1445,graficon53nodi/grafo4079.53,13,53,62,107,116,6.0,9,118,2.40158748626709,2
1446,graficon40nodi/grafo10057.40,13,40,59,106,125,10.0,39,268,164.0858211517334,2
1447,graficon52nodi/grafo7181.52,13,52,81,109,138,14.0,50,326,235.38474917411804,2
1448,graficon46nodi/grafo5473.46,13,46,64,106,124,7.0,17,285,16.64645028114319,2
1449,graficon46nodi/grafo6674.46,13,46,62,107,123,9.0,15,206,3.4186363220214844,2
1450,graficon51nodi/grafo4756.51,13,51,70,109,128,8.0,23,321,24.390223741531372,2
1451,graficon38nodi/grafo11400.38,13,38,49,109,120,4.0,7,112,1.2168607711791992,2
1452,graficon43nodi/grafo6348.43,13,43,56,108,121,5.0,13,234,6.034158945083618,2
1453,graficon36nodi/grafo6109.36,13,36,52,106,122,5.0,12,170,4.055483341217041,2
1454,graficon53nodi/grafo4167.53,13,53,69,106,122,8.0,17,202,8.00436019897461,2
1455,graficon66nodi/grafo9206.66,13,66,84,109,127,9.0,30,233,160.37069058418274,2
1456,graficon58nodi/grafo3235.58,13,58,71,109,122,8.0,14,273,5.732640504837036,2
1457,graficon48nodi/grafo6554.48,13,48,70,107,129,10.0,46,404,114.21993732452393,2
1458,graficon60nodi/grafo1192.60,13,60,79,106,125,12.0,35,295,119.96190738677979,2
1459,graficon46nodi/grafo6771.46,13,46,55,107,116,3.0,5,135,0.9458584785461426,2
1460,graficon40nodi/grafo5231.40,13,40,56,108,124,6.0,14,221,8.732450485229492,2
1461,graficon38nodi/grafo6547.38,13,38,64,107,133,13.0,57,343,360.27399492263794,2
1462,graficon59nodi/grafo3194.59,13,59,67,106,114,3.0,3,133,0.35926342010498047,2
1463,graficon47nodi/grafo6384.47,13,47,72,108,133,12.0,40,382,84.31235551834106,2
1464,graficon42nodi/grafo7389.42,13,42,62,109,129,10.0,23,209,31.38276767730713,2
1465,graficon54nodi/grafo7090.54,13,54,72,107,125,9.0,26,352,107.75187158584595,2
1466,graficon43nodi/grafo3227.43,13,43,65,108,130,10.0,27,310,81.41586828231812,2
1467,graficon44nodi/grafo7751.44,13,44,58,105,119,5.0,9,117,1.7437808513641357,2
1468,graficon40nodi/grafo7767.40,13,40,54,107,121,5.0,8,98,2.107684373855591,2
1469,graficon49nodi/grafo7010.49,13,49,67,106,124,9.0,14,193,3.622215509414673,2
1470,graficon60nodi/grafo4421.60,13,60,73,106,119,7.0,14,226,22.44298481941223,2
1471,graficon52nodi/grafo1431.52,13,52,70,109,127,6.0,15,200,2.5561742782592773,2
1472,graficon48nodi/grafo6390.48,13,48,65,109,126,7.0,16,205,6.718054294586182,2
1473,graficon46nodi/grafo5713.46,13,46,66,105,125,10.0,22,197,49.06343626976013,2
1474,graficon55nodi/grafo5960.55,13,55,79,108,132,13.0,56,592,534.8580374717712,2
1475,graficon55nodi/grafo4161.55,13,55,73,106,124,5.0,25,320,19.5409677028656,2
1476,graficon37nodi/grafo3359.37,13,37,58,109,130,7.0,18,287,4.980308294296265,2
1477,graficon52nodi/grafo5150.52,13,52,70,107,125,7.0,16,260,10.42173457145691,2
1478,graficon55nodi/grafo4967.55,13,55,66,109,120,5.0,10,194,4.417991399765015,2
1479,graficon49nodi/grafo2656.49,13,49,59,107,117,4.0,6,171,1.2629525661468506,2
1480,graficon44nodi/grafo7259.44,13,44,61,105,122,6.0,14,178,2.3132598400115967,2
1481,graficon45nodi/grafo6396.45,13,45,65,108,128,10.0,24,215,56.16511821746826,2
1482,graficon47nodi/grafo3730.47,13,47,63,107,123,4.0,11,209,4.367443084716797,2
1483,graficon47nodi/grafo2478.47,13,47,62,105,120,9.0,18,294,8.55880355834961,2
1484,graficon59nodi/grafo6030.59,13,59,80,105,126,10.0,28,318,64.1620614528656,2
1485,graficon47nodi/grafo6696.47,13,47,66,106,125,8.0,22,241,18.81129240989685,2
1486,graficon60nodi/grafo5223.60,13,60,83,105,128,14.0,51,633,182.858069896698,2
1487,graficon40nodi/grafo4038.40,13,40,53,107,120,6.0,9,156,2.1869254112243652,2
1488,graficon57nodi/grafo4177.57,13,57,76,107,126,9.0,19,387,17.50165033340454,2
1489,graficon57nodi/grafo5329.57,13,57,71,106,120,7.0,9,215,2.3456740379333496,2
1490,graficon57nodi/grafo5849.57,13,57,81,106,130,10.0,33,355,113.83227300643921,2
1491,graficon58nodi/grafo1501.58,13,58,72,108,122,3.0,5,151,0.3991572856903076,2
1492,graficon61nodi/grafo9391.61,13,61,78,107,124,5.0,18,221,9.324697256088257,2
1493,graficon55nodi/grafo3352.55,13,55,69,108,122,5.0,8,169,1.8732099533081055,2
1494,graficon38nodi/grafo3917.38,13,38,58,105,125,9.0,25,325,84.62944197654724,2
1495,graficon65nodi/grafo9118.65,13,65,84,105,124,7.0,11,268,6.677611589431763,2
1496,graficon59nodi/grafo5083.59,13,59,71,106,118,7.0,16,369,13.649736881256104,2
1497,graficon41nodi/grafo5811.41,13,41,59,105,123,8.0,27,226,35.14023685455322,2
1498,graficon52nodi/grafo3185.52,13,52,76,108,132,11.0,33,229,33.81666707992554,2
1499,graficon61nodi/grafo6898.61,13,61,72,109,120,6.0,10,220,5.059247255325317,2
1500,graficon49nodi/grafo6707.49,13,49,64,106,121,9.0,21,259,10.30789065361023,2
1501,graficon37nodi/grafo4080.37,13,37,57,112,132,9.0,27,338,51.28559947013855,2
1502,graficon54nodi/grafo1328.54,13,54,71,112,129,7.0,18,229,5.130475044250488,2
1503,graficon56nodi/grafo4416.56,13,56,70,114,128,6.0,14,187,3.3920836448669434,2
1504,graficon59nodi/grafo4386.59,13,59,73,111,125,5.0,9,210,1.6261746883392334,2
1505,graficon54nodi/grafo4332.54,13,54,69,111,126,8.0,15,189,9.306347370147705,2
1506,graficon35nodi/grafo5351.35,13,35,51,111,127,5.0,9,174,2.7863848209381104,2
1507,graficon56nodi/grafo4275.56,13,56,76,113,133,11.0,28,289,30.900291919708252,2
1508,graficon59nodi/grafo6792.59,13,59,76,114,131,7.0,26,355,53.7437629699707,2
1509,graficon69nodi/grafo7584.69,13,69,80,114,125,5.0,12,183,8.549664735794067,2
1510,graficon51nodi/grafo6893.51,13,51,68,114,131,7.0,15,235,7.169825792312622,2
1511,graficon58nodi/grafo5098.58,13,58,79,112,133,13.0,48,645,601.2276790142059,9
1512,graficon64nodi/grafo7471.64,13,64,76,110,122,6.0,12,285,2.1431331634521484,2
1513,graficon74nodi/grafo8685.74,13,74,94,114,134,8.0,19,444,25.95417881011963,2
1514,graficon47nodi/grafo7236.47,13,47,70,111,134,10.0,30,375,62.52617645263672,2
1515,graficon60nodi/grafo4548.60,13,60,72,112,124,8.0,21,307,87.14730978012085,2
1516,graficon64nodi/grafo4288.64,13,64,81,111,128,9.0,18,259,18.479167461395264,2
1517,graficon77nodi/grafo8372.77,13,77,85,112,120,4.0,8,282,6.786629915237427,2
1518,graficon61nodi/grafo5418.61,13,61,82,112,133,6.0,16,456,11.405486106872559,2
1519,graficon59nodi/grafo4463.59,13,59,76,114,131,6.0,10,289,3.673663854598999,2
1520,graficon58nodi/grafo4889.58,13,58,77,111,130,9.0,28,329,143.89616417884827,2
1521,graficon55nodi/grafo4661.55,13,55,69,111,125,8.0,15,176,5.707118988037109,2
1522,graficon43nodi/grafo5950.43,13,43,56,112,125,4.0,8,131,1.4042575359344482,2
1523,graficon44nodi/grafo5404.44,13,44,60,113,129,6.0,13,221,4.521391868591309,2
1524,graficon59nodi/grafo6503.59,13,59,73,111,125,6.0,12,167,3.741971015930176,2
1525,graficon35nodi/grafo5852.35,13,35,50,112,127,5.0,7,91,1.2538585662841797,2
1526,graficon55nodi/grafo4318.55,13,55,81,114,140,13.0,46,437,100.4239251613617,2
1527,graficon63nodi/grafo9365.63,13,63,83,110,130,10.0,24,412,60.679768800735474,2
1528,graficon39nodi/grafo2982.39,13,39,52,112,125,4.0,7,151,1.7024495601654053,2
1529,graficon58nodi/grafo6031.58,13,58,82,113,137,12.0,36,480,101.9497184753418,2
1530,graficon40nodi/grafo3131.40,13,40,53,112,125,5.0,12,205,6.462603330612183,2
1531,graficon66nodi/grafo1564.66,13,66,85,114,133,6.0,16,285,6.532044410705566,2
1532,graficon44nodi/grafo6276.44,13,44,62,112,130,7.0,11,142,3.1163337230682373,2
1533,graficon65nodi/grafo9158.65,13,65,87,114,136,14.0,45,433,326.00459122657776,2
1534,graficon61nodi/grafo3853.61,13,61,79,113,131,8.0,27,304,55.665218114852905,2
1535,graficon61nodi/grafo9775.61,13,61,79,113,131,8.0,16,432,19.548819065093994,2
1536,graficon43nodi/grafo3947.43,13,43,63,114,134,6.0,11,257,4.962920904159546,2
1537,graficon42nodi/grafo7666.42,13,42,63,111,132,10.0,25,321,47.39977312088013,2
1538,graficon72nodi/grafo8975.72,13,72,87,112,127,8.0,28,428,209.7662649154663,2
1539,graficon51nodi/grafo4726.51,13,51,67,110,126,3.0,9,391,6.11575984954834,2
1540,graficon46nodi/grafo5659.46,13,46,60,110,124,5.0,11,211,2.7562005519866943,2
1541,graficon63nodi/grafo2914.63,13,63,80,111,128,13.0,30,270,172.73417949676514,2
1542,graficon58nodi/grafo5008.58,13,58,77,114,133,8.0,24,277,43.38402605056763,2
1543,graficon59nodi/grafo6791.59,13,59,76,114,131,7.0,26,355,19.32349133491516,2
1544,graficon53nodi/grafo1262.53,13,53,74,114,135,12.0,42,367,105.74806690216064,2
1545,graficon56nodi/grafo6350.56,13,56,74,114,132,7.0,20,308,18.455959796905518,2
1546,graficon36nodi/grafo3241.36,13,36,47,110,121,3.0,8,118,1.4030394554138184,2
1547,graficon52nodi/grafo3628.52,13,52,71,114,133,6.0,13,295,2.6451830863952637,2
1548,graficon40nodi/grafo4021.40,13,40,51,111,122,4.0,8,107,0.9872763156890869,2
1549,graficon60nodi/grafo5483.60,13,60,75,113,128,4.0,7,315,2.404388666152954,2
1550,graficon42nodi/grafo5183.42,13,42,58,110,126,5.0,16,216,6.305959939956665,2
1551,graficon62nodi/grafo4952.62,13,62,78,110,126,9.0,16,316,8.053096294403076,2
1552,graficon44nodi/grafo6968.44,13,44,67,112,135,10.0,25,249,6.31702446937561,2
1553,graficon46nodi/grafo6553.46,13,46,66,111,131,7.0,14,214,2.9971675872802734,2
1554,graficon56nodi/grafo6546.56,13,56,70,113,127,6.0,9,236,9.295620918273926,2
1555,graficon55nodi/grafo7054.55,13,55,79,112,136,11.0,42,424,183.80469489097595,2
1556,graficon62nodi/grafo6494.62,13,62,81,111,130,10.0,31,321,88.67584705352783,2
1557,graficon56nodi/grafo4322.56,13,56,78,113,135,9.0,32,300,23.27562665939331,2
1558,graficon62nodi/grafo7772.62,13,62,79,113,130,10.0,19,267,10.059064865112305,2
1559,graficon61nodi/grafo4616.61,13,61,81,111,131,8.0,20,340,15.35081934928894,2
1560,graficon63nodi/grafo4884.63,13,63,86,113,136,9.0,31,509,17.86173176765442,2
1561,graficon38nodi/grafo10618.38,13,38,54,113,129,8.0,21,166,8.426234245300293,2
1562,graficon52nodi/grafo6715.52,13,52,72,110,130,10.0,27,415,21.451932191848755,2
1563,graficon41nodi/grafo4031.41,13,41,62,111,132,9.0,24,244,54.82509803771973,2
1564,graficon53nodi/grafo5040.53,13,53,72,112,131,8.0,22,369,27.174232482910156,2
1565,graficon63nodi/grafo4162.63,13,63,81,113,131,9.0,21,354,22.270601749420166,2
1566,graficon53nodi/grafo4750.53,13,53,64,113,124,4.0,6,141,0.6965456008911133,2
1567,graficon37nodi/grafo5965.37,13,37,52,113,128,5.0,10,170,3.2525689601898193,2
1568,graficon41nodi/grafo149.41,13,41,54,111,124,4.0,9,168,1.8319568634033203,2
1569,graficon68nodi/grafo4896.68,13,68,86,114,132,9.0,20,196,41.68487787246704,2
1570,graficon48nodi/grafo6561.48,13,48,68,111,131,6.0,15,296,6.097759485244751,2
1571,graficon64nodi/grafo9060.64,13,64,81,112,129,9.0,27,289,108.03645610809326,2
1572,graficon44nodi/grafo4022.44,13,44,63,113,132,9.0,17,289,10.146055698394775,2
1573,graficon39nodi/grafo3142.39,13,39,52,111,124,6.0,10,181,10.459169626235962,2
1574,graficon64nodi/grafo9057.64,13,64,85,114,135,12.0,33,364,118.9359712600708,2
1575,graficon38nodi/grafo7492.38,13,38,57,111,130,9.0,28,299,24.361745595932007,2
1576,graficon56nodi/grafo1366.56,13,56,70,115,129,5.0,6,193,3.353731155395508,2
1577,graficon57nodi/grafo4130.57,13,57,79,117,139,10.0,39,402,601.1762790679932,9
1578,graficon55nodi/grafo6661.55,13,55,72,117,134,8.0,13,204,2.213291645050049,2
1579,graficon59nodi/grafo1342.59,13,59,70,117,128,6.0,13,316,13.38257884979248,2
1580,graficon64nodi/grafo9594.64,13,64,86,117,139,13.0,32,318,44.51051354408264,2
1581,graficon57nodi/grafo6107.57,13,57,75,119,137,9.0,22,316,35.81579089164734,2
1582,graficon64nodi/grafo9467.64,13,64,75,117,128,3.0,8,180,2.5664942264556885,2
1583,graficon68nodi/grafo9749.68,13,68,82,119,133,6.0,14,338,11.472101211547852,2
1584,graficon56nodi/grafo1480.56,13,56,77,118,139,13.0,52,468,504.13868165016174,2
1585,graficon37nodi/grafo11566.37,13,37,53,116,132,6.0,12,154,3.8500185012817383,2
1586,graficon62nodi/grafo5406.62,13,62,77,117,132,6.0,14,224,7.490002870559692,2
1587,graficon71nodi/grafo8270.71,13,71,91,118,138,9.0,23,253,32.836259841918945,2
1588,graficon54nodi/grafo5311.54,13,54,74,115,135,10.0,28,484,21.089049100875854,2
1589,graficon59nodi/grafo4198.59,13,59,75,115,131,7.0,23,254,25.455937385559082,2
1590,graficon51nodi/grafo6747.51,13,51,65,118,132,7.0,11,191,2.5620298385620117,2
1591,graficon68nodi/grafo6622.68,13,68,77,115,124,3.0,4,175,0.7245795726776123,2
1592,graficon64nodi/grafo4563.64,13,64,87,118,141,16.0,58,553,601.309728384018,9
1593,graficon64nodi/grafo5788.64,13,64,77,117,130,6.0,15,246,9.40334677696228,2
1594,graficon67nodi/grafo6909.67,13,67,77,115,125,5.0,13,192,10.531094312667847,2
1595,graficon53nodi/grafo4003.53,13,53,72,118,137,8.0,23,251,104.01490187644958,2
1596,graficon54nodi/grafo6872.54,13,54,76,119,141,12.0,53,381,365.86516308784485,2
1597,graficon57nodi/grafo6269.57,13,57,75,118,136,10.0,33,314,600.7456123828888,9
1598,graficon58nodi/grafo4723.58,13,58,70,118,130,4.0,5,235,1.5962259769439697,2
1599,graficon45nodi/grafo6297.45,13,45,60,115,130,5.0,11,156,1.575727939605713,2
1600,graficon39nodi/grafo9974.39,13,39,55,117,133,5.0,5,132,1.0309295654296875,2
1601,graficon55nodi/grafo4894.55,13,55,76,116,137,7.0,20,244,13.596919536590576,2
1602,graficon43nodi/grafo5515.43,13,43,64,116,137,10.0,30,354,41.2309832572937,2
1603,graficon52nodi/grafo3810.52,13,52,64,115,127,7.0,13,155,7.59818434715271,2
1604,graficon62nodi/grafo4293.62,13,62,77,115,130,8.0,19,365,20.09777021408081,2
1605,graficon57nodi/grafo3957.57,13,57,80,119,142,13.0,35,328,21.25415015220642,2
1606,graficon42nodi/grafo5345.42,13,42,55,118,131,4.0,6,140,4.42294979095459,2
1607,graficon44nodi/grafo7605.44,13,44,65,118,139,8.0,17,252,4.030343770980835,2
1608,graficon47nodi/grafo6300.47,13,47,72,117,142,15.0,44,393,227.98700165748596,2
1609,graficon63nodi/grafo9652.63,13,63,75,118,130,7.0,12,200,8.665033340454102,2
1610,graficon53nodi/grafo5729.53,13,53,75,115,137,10.0,35,425,37.8184928894043,2
1611,graficon58nodi/grafo6690.58,13,58,70,116,128,4.0,7,233,1.517970323562622,2
1612,graficon75nodi/grafo6954.75,13,75,90,117,132,8.0,16,236,19.991151094436646,2
1613,graficon51nodi/grafo3507.51,13,51,71,117,137,12.0,29,296,84.13902425765991,2
1614,graficon41nodi/grafo7137.41,13,41,59,115,133,8.0,18,175,7.589767932891846,2
1615,graficon69nodi/grafo8347.69,13,69,76,119,126,3.0,3,180,1.2453148365020752,2
1616,graficon64nodi/grafo4722.64,13,64,80,119,135,6.0,14,202,4.143988609313965,2
1617,graficon44nodi/grafo5243.44,13,44,61,118,135,8.0,18,240,3.498105764389038,2
1618,graficon51nodi/grafo4766.51,13,51,73,117,139,10.0,20,314,34.13471055030823,2
1619,graficon45nodi/grafo7039.45,13,45,63,116,134,6.0,10,221,2.750333309173584,2
1620,graficon66nodi/grafo1414.66,13,66,82,118,134,8.0,18,294,27.51174259185791,2
1621,graficon48nodi/grafo7601.48,13,48,64,118,134,8.0,18,210,4.973817348480225,2
1622,graficon63nodi/grafo9085.63,13,63,82,119,138,8.0,24,354,20.204047918319702,2
1623,graficon56nodi/grafo4621.56,13,56,67,119,130,6.0,10,150,1.3318533897399902,2
1624,graficon63nodi/grafo7961.63,13,63,76,117,130,4.0,6,229,1.871453046798706,2
1625,graficon56nodi/grafo3760.56,13,56,69,115,128,3.0,8,161,1.3922100067138672,2
1626,graficon58nodi/grafo5173.58,13,58,83,115,140,11.0,37,373,138.5336971282959,2
1627,graficon43nodi/grafo6391.43,13,43,62,119,138,8.0,25,321,66.67896890640259,2
1628,graficon37nodi/grafo5229.37,13,37,53,115,131,7.0,13,185,2.157979965209961,2
1629,graficon67nodi/grafo9070.67,13,67,88,116,137,13.0,40,391,187.0898518562317,2
1630,graficon76nodi/grafo8078.76,13,76,98,117,139,15.0,55,455,293.0952498912811,2
1631,graficon65nodi/grafo1527.65,13,65,77,117,129,4.0,9,191,1.96897292137146,2
1632,graficon37nodi/grafo6959.37,13,37,55,117,135,6.0,10,132,3.6919591426849365,2
1633,graficon46nodi/grafo6724.46,13,46,66,118,138,9.0,23,258,116.80235028266907,2
1634,graficon43nodi/grafo5987.43,13,43,63,117,137,10.0,31,230,30.75003933906555,2
1635,graficon64nodi/grafo9098.64,13,64,80,117,133,7.0,15,219,2.199846029281616,2
1636,graficon54nodi/grafo3460.54,13,54,82,117,145,15.0,54,616,469.9932255744934,2
1637,graficon50nodi/grafo4869.50,13,50,69,117,136,9.0,18,229,5.200915813446045,2
1638,graficon44nodi/grafo4017.44,13,44,60,118,134,6.0,16,188,7.257293939590454,2
1639,graficon61nodi/grafo9367.61,13,61,77,117,133,6.0,14,332,8.116818189620972,2
1640,graficon37nodi/grafo6698.37,13,37,54,118,135,8.0,13,151,3.1177361011505127,2
1641,graficon66nodi/grafo4656.66,13,66,81,119,134,7.0,15,253,10.595253467559814,2
1642,graficon52nodi/grafo4874.52,13,52,70,119,137,3.0,7,323,3.2116024494171143,2
1643,graficon57nodi/grafo6446.57,13,57,68,116,127,3.0,4,163,1.1910903453826904,2
1644,graficon57nodi/grafo1567.57,13,57,74,118,135,8.0,14,184,4.036102533340454,2
1645,graficon60nodi/grafo7536.60,13,60,76,119,135,7.0,24,320,56.5399866104126,2
1646,graficon62nodi/grafo9405.62,13,62,82,117,137,9.0,33,539,64.11292695999146,2
1647,graficon58nodi/grafo4605.58,13,58,84,118,144,13.0,52,576,99.978830575943,2
1648,graficon39nodi/grafo3902.39,13,39,53,116,130,5.0,13,197,2.406991958618164,2
1649,graficon46nodi/grafo6228.46,13,46,62,116,132,8.0,21,290,42.421701431274414,2
1650,graficon63nodi/grafo6941.63,13,63,82,116,135,10.0,23,296,79.86528134346008,2
1651,graficon58nodi/grafo5389.58,13,58,84,122,148,14.0,47,443,600.8324916362762,9
1652,graficon52nodi/grafo3704.52,13,52,70,121,139,8.0,25,313,28.98827338218689,2
1653,graficon60nodi/grafo5914.60,13,60,82,124,146,12.0,47,473,252.0019404888153,2
1654,graficon58nodi/grafo4730.58,13,58,86,123,151,10.0,33,608,34.17228364944458,2
1655,graficon68nodi/grafo8028.68,13,68,94,121,147,19.0,74,600,601.1862995624542,9
1656,graficon47nodi/grafo3846.47,13,47,65,124,142,9.0,14,303,3.774566888809204,2
1657,graficon46nodi/grafo6790.46,13,46,74,121,149,14.0,52,526,452.9646544456482,2
1658,graficon73nodi/grafo6710.73,13,73,94,124,145,11.0,40,541,92.67402410507202,2
1659,graficon59nodi/grafo7328.59,13,59,71,120,132,5.0,8,162,3.341677665710449,2
1660,graficon46nodi/grafo7399.46,13,46,63,123,140,6.0,15,188,6.7409515380859375,2
1661,graficon76nodi/grafo7967.76,13,76,100,121,145,14.0,46,793,140.6334879398346,2
1662,graficon67nodi/grafo8050.67,13,67,86,123,142,7.0,23,397,68.32750940322876,2
1663,graficon42nodi/grafo6310.42,13,42,63,122,143,9.0,22,237,14.710792064666748,2
1664,graficon56nodi/grafo3658.56,13,56,78,124,146,10.0,46,392,151.290935754776,2
1665,graficon62nodi/grafo4245.62,13,62,84,121,143,13.0,34,276,42.65788531303406,2
1666,graficon77nodi/grafo4554.77,13,77,99,124,146,13.0,53,456,277.6613738536835,2
1667,graficon60nodi/grafo4856.60,13,60,80,122,142,6.0,23,292,15.519284009933472,2
1668,graficon53nodi/grafo4505.53,13,53,69,120,136,4.0,7,162,1.786832332611084,2
1669,graficon43nodi/grafo5443.43,13,43,59,122,138,5.0,16,208,7.663276433944702,2
1670,graficon51nodi/grafo6475.51,13,51,66,122,137,10.0,16,178,9.965400218963623,2
1671,graficon47nodi/grafo7084.47,13,47,65,124,142,7.0,14,226,11.826275825500488,2
1672,graficon75nodi/grafo8507.75,13,75,88,123,136,5.0,11,196,59.15701675415039,2
1673,graficon48nodi/grafo1416.48,13,48,62,124,138,6.0,8,174,2.72457218170166,2
1674,graficon63nodi/grafo9234.63,13,63,87,120,144,14.0,40,376,83.60042190551758,2
1675,graficon51nodi/grafo4154.51,13,51,65,121,135,6.0,10,221,1.8078467845916748,2
1676,graficon62nodi/grafo4988.62,13,62,78,121,137,9.0,23,294,114.02913928031921,2
1677,graficon61nodi/grafo6131.61,13,61,79,123,141,7.0,14,406,15.115898370742798,2
1678,graficon44nodi/grafo6911.44,13,44,59,124,139,5.0,6,128,1.289628028869629,2
1679,graficon58nodi/grafo3448.58,13,58,85,124,151,13.0,41,427,554.3179378509521,2
1680,graficon60nodi/grafo8115.60,13,60,74,120,134,7.0,22,267,54.85058856010437,2
1681,graficon55nodi/grafo3950.55,13,55,74,121,140,10.0,19,279,20.84910225868225,2
1682,graficon64nodi/grafo9659.64,13,64,82,122,140,10.0,28,322,50.066845417022705,2
1683,graficon44nodi/grafo3705.44,13,44,57,120,133,4.0,7,167,2.435776710510254,2
1684,graficon61nodi/grafo4313.61,13,61,89,120,148,15.0,42,346,420.07866191864014,2
1685,graficon57nodi/grafo3991.57,13,57,81,120,144,12.0,41,433,95.36061930656433,2
1686,graficon46nodi/grafo7405.46,13,46,64,123,141,9.0,24,274,76.13576316833496,2
1687,graficon57nodi/grafo3791.57,13,57,78,123,144,13.0,34,342,119.64141130447388,2
1688,graficon43nodi/grafo3269.43,13,43,58,122,137,5.0,9,186,2.5830414295196533,2
1689,graficon39nodi/grafo6026.39,13,39,61,122,144,5.0,14,190,4.7956624031066895,2
1690,graficon62nodi/grafo9822.62,13,62,89,124,151,17.0,60,495,601.0867741107941,9
1691,graficon49nodi/grafo4046.49,13,49,67,122,140,6.0,13,267,11.32066822052002,2
1692,graficon55nodi/grafo3346.55,13,55,74,122,141,7.0,15,270,8.705208778381348,2
1693,graficon56nodi/grafo4940.56,13,56,72,121,137,7.0,13,288,4.868399620056152,2
1694,graficon57nodi/grafo4083.57,13,57,78,124,145,12.0,29,295,62.546324014663696,2
1695,graficon46nodi/grafo3636.46,13,46,62,121,137,6.0,12,251,3.707681179046631,2
1696,graficon55nodi/grafo4394.55,13,55,76,124,145,10.0,26,291,187.129727602005,2
1697,graficon42nodi/grafo6004.42,13,42,60,121,139,5.0,10,203,2.434201240539551,2
1698,graficon61nodi/grafo4331.61,13,61,78,124,141,6.0,13,234,3.6248087882995605,2
1699,graficon69nodi/grafo7284.69,13,69,87,121,139,9.0,27,300,21.197819709777832,2
1700,graficon55nodi/grafo3598.55,13,55,73,122,140,8.0,21,286,125.9773359298706,2
1701,graficon55nodi/grafo4356.55,13,55,73,120,138,6.0,17,209,17.01822018623352,2
1702,graficon61nodi/grafo5755.61,13,61,85,124,148,14.0,43,328,397.99255180358887,2
1703,graficon38nodi/grafo11236.38,13,38,52,124,138,2.0,5,120,0.7512505054473877,2
1704,graficon56nodi/grafo5089.56,13,56,83,123,150,14.0,40,273,601.9275588989258,9
1705,graficon46nodi/grafo7386.46,13,46,66,122,142,8.0,25,338,83.12583351135254,2
1706,graficon60nodi/grafo8159.60,13,60,85,122,147,11.0,32,471,65.90529799461365,2
1707,graficon61nodi/grafo3564.61,13,61,79,124,142,10.0,34,403,305.51989221572876,2
1708,graficon66nodi/grafo8771.66,13,66,88,123,145,8.0,22,293,40.900004863739014,2
1709,graficon56nodi/grafo5055.56,13,56,77,124,145,10.0,29,372,48.8625214099884,2
1710,graficon58nodi/grafo4280.58,13,58,75,120,137,6.0,16,302,18.636509656906128,2
1711,graficon69nodi/grafo4408.69,13,69,91,121,143,12.0,35,499,225.28135204315186,2
1712,graficon53nodi/grafo6767.53,13,53,73,121,141,10.0,25,432,108.86246538162231,2
1713,graficon63nodi/grafo4642.63,13,63,84,124,145,9.0,30,330,171.7746398448944,2
1714,graficon61nodi/grafo8562.61,13,61,80,122,141,9.0,25,306,28.142793655395508,2
1715,graficon37nodi/grafo3533.37,13,37,57,120,140,7.0,20,314,16.97112798690796,2
1716,graficon43nodi/grafo6008.43,13,43,68,124,149,11.0,28,349,52.3841667175293,2
1717,graficon60nodi/grafo3198.60,13,60,80,123,143,12.0,33,358,150.83569169044495,2
1718,graficon48nodi/grafo1488.48,13,48,58,122,132,4.0,7,162,14.615370035171509,2
1719,graficon60nodi/grafo7341.60,13,60,78,124,142,9.0,23,236,57.34428930282593,2
1720,graficon73nodi/grafo9705.73,13,73,94,124,145,9.0,20,353,18.379294872283936,2
1721,graficon62nodi/grafo5912.62,13,62,75,122,135,6.0,12,193,5.837954998016357,2
1722,graficon51nodi/grafo4451.51,13,51,72,124,145,9.0,18,245,3.9444141387939453,2
1723,graficon69nodi/grafo7808.69,13,69,88,120,139,9.0,17,271,7.483952760696411,2
1724,graficon68nodi/grafo2711.68,13,68,82,124,138,6.0,10,305,2.4653782844543457,2
1725,graficon63nodi/grafo4263.63,13,63,77,123,137,6.0,13,197,3.045673131942749,2
1726,graficon66nodi/grafo9266.66,13,66,93,127,154,14.0,48,554,531.4952847957611,2
1727,graficon48nodi/grafo7477.48,13,48,69,126,147,11.0,29,326,39.03279948234558,2
1728,graficon65nodi/grafo4828.65,13,65,88,125,148,10.0,23,484,174.97298955917358,2
1729,graficon59nodi/grafo4124.59,13,59,82,126,149,7.0,18,221,8.650436162948608,2
1730,graficon51nodi/grafo3677.51,13,51,71,129,149,11.0,23,268,68.23425626754761,2
1731,graficon54nodi/grafo3737.54,13,54,77,127,150,11.0,32,308,145.5830512046814,2
1732,graficon64nodi/grafo9716.64,13,64,82,125,143,9.0,20,324,155.19271898269653,2
1733,graficon60nodi/grafo6454.60,13,60,78,125,143,10.0,18,216,15.32524061203003,2
1734,graficon63nodi/grafo9179.63,13,63,74,125,136,4.0,7,195,7.492119550704956,2
1735,graficon46nodi/grafo6834.46,13,46,67,127,148,11.0,30,232,74.95702767372131,2
1736,graficon50nodi/grafo4950.50,13,50,64,125,139,4.0,8,264,2.152590751647949,2
1737,graficon67nodi/grafo5107.67,13,67,80,129,142,7.0,15,311,6.859501123428345,2
1738,graficon44nodi/grafo7398.44,13,44,58,128,142,5.0,12,155,8.317583799362183,2
1739,graficon59nodi/grafo6969.59,13,59,79,129,149,10.0,23,175,12.578232288360596,2
1740,graficon54nodi/grafo3614.54,13,54,75,125,146,9.0,27,364,101.93689012527466,2
1741,graficon60nodi/grafo4876.60,13,60,78,127,145,9.0,24,262,73.67216086387634,2
1742,graficon40nodi/grafo10615.40,13,40,50,129,139,1.0,1,96,0.21180415153503418,2
1743,graficon69nodi/grafo9667.69,13,69,88,126,145,7.0,19,478,30.604811906814575,2
1744,graficon41nodi/grafo3889.41,13,41,55,126,140,7.0,12,155,3.8854079246520996,2
1745,graficon43nodi/grafo7193.43,13,43,64,125,146,10.0,26,231,99.06741499900818,2
1746,graficon68nodi/grafo9145.68,13,68,86,129,147,10.0,24,352,177.26748299598694,2
1747,graficon68nodi/grafo8032.68,13,68,83,126,141,3.0,5,215,1.892120599746704,2
1748,graficon56nodi/grafo4601.56,13,56,71,125,140,7.0,12,209,5.463937282562256,2
1749,graficon57nodi/grafo4462.57,13,57,67,127,137,3.0,5,194,1.1966230869293213,2
1750,graficon69nodi/grafo7516.69,13,69,88,128,147,13.0,36,322,225.4608860015869,2
1751,graficon56nodi/grafo3789.56,13,56,79,129,152,11.999999999994863,32,273,149.43046045303345,2
1752,graficon49nodi/grafo1542.49,13,49,59,126,136,3.0,5,135,1.7747457027435303,2
1753,graficon56nodi/grafo3569.56,13,56,75,125,144,8.0,23,339,106.65211486816406,2
1754,graficon62nodi/grafo9583.62,13,62,77,129,144,6.0,13,182,4.33823823928833,2
1755,graficon56nodi/grafo5249.56,13,56,85,125,154,12.0,37,568,247.23122644424438,2
1756,graficon48nodi/grafo3561.48,13,48,68,127,147,10.0,28,261,176.81967782974243,2
1757,graficon63nodi/grafo3204.63,13,63,87,128,152,15.0,42,512,404.5910367965698,2
1758,graficon53nodi/grafo7077.53,13,53,73,126,146,8.0,16,279,7.647282123565674,2
1759,graficon56nodi/grafo5077.56,13,56,79,125,148,10.0,36,300,243.524804353714,2
1760,graficon57nodi/grafo4700.57,13,57,76,125,144,7.0,22,274,4.683294773101807,2
1761,graficon58nodi/grafo7346.58,13,58,78,125,145,10.0,24,278,29.392303466796875,2
1762,graficon57nodi/grafo5317.57,13,57,73,127,143,9.0,22,287,95.12522196769714,2
1763,graficon61nodi/grafo4497.61,13,61,82,125,146,12.0,49,448,391.6524109840393,2
1764,graficon65nodi/grafo9519.65,13,65,85,128,148,9.0,22,231,38.86345434188843,2
1765,graficon55nodi/grafo3183.55,13,55,67,125,137,4.0,9,190,2.2792270183563232,2
1766,graficon71nodi/grafo9009.71,13,71,83,128,140,7.0,18,348,12.41908311843872,2
1767,graficon58nodi/grafo6840.58,13,58,73,125,140,5.0,10,240,4.510916709899902,2
1768,graficon57nodi/grafo4773.57,13,57,79,128,150,10.0,31,355,72.18829488754272,2
1769,graficon54nodi/grafo6321.54,13,54,71,129,146,7.0,17,213,16.752166271209717,2
1770,graficon65nodi/grafo2881.65,13,65,76,129,140,5.0,9,193,9.672560691833496,2
1771,graficon50nodi/grafo6410.50,13,50,69,128,147,8.0,16,233,8.31771731376648,2
1772,graficon64nodi/grafo9180.64,13,64,80,127,143,7.0,24,201,106.78559041023254,2
1773,graficon55nodi/grafo6500.55,13,55,75,125,145,10.0,26,390,600.872435092926,9
1774,graficon74nodi/grafo7149.74,13,74,93,127,146,8.0,14,213,7.587123870849609,2
1775,graficon66nodi/grafo8998.66,13,66,99,127,160,inf,0,0,600.9136259555817,9
1776,graficon60nodi/grafo5896.60,13,60,84,128,152,10.0,28,487,39.92538642883301,2
1777,graficon48nodi/grafo6833.48,13,48,69,129,150,9.0,19,248,10.635401725769043,2
1778,graficon44nodi/grafo6938.44,13,44,61,127,144,8.0,15,184,9.646664142608643,2
1779,graficon60nodi/grafo4138.60,13,60,83,129,152,11.0,42,346,327.1988847255707,2
1780,graficon63nodi/grafo5858.63,13,63,83,126,146,8.0,25,447,22.73092222213745,2
1781,graficon61nodi/grafo6803.61,13,61,87,125,151,13.0,51,490,382.9818000793457,2
1782,graficon54nodi/grafo4701.54,13,54,67,126,139,4.0,8,175,1.3001339435577393,2
1783,graficon43nodi/grafo5467.43,13,43,73,129,159,13.0,51,438,436.2001576423645,2
1784,graficon62nodi/grafo9257.62,13,62,85,128,151,11.0,39,538,79.86932039260864,2
1785,graficon59nodi/grafo6980.59,13,59,79,129,149,10.0,23,175,9.701382637023926,2
1786,graficon65nodi/grafo9475.65,13,65,84,126,145,7.0,26,236,68.47516536712646,2
1787,graficon54nodi/grafo7613.54,13,54,78,127,151,11.0,32,371,30.74608850479126,2
1788,graficon43nodi/grafo5187.43,13,43,61,129,147,6.0,12,149,2.1254708766937256,2
1789,graficon41nodi/grafo3701.41,13,41,58,127,144,6.0,23,250,9.004949569702148,2
1790,graficon49nodi/grafo3085.49,13,49,72,128,151,12.0,27,251,52.420634508132935,2
1791,graficon68nodi/grafo9378.68,13,68,81,125,138,8.0,13,200,9.72213363647461,2
1792,graficon59nodi/grafo5600.59,13,59,78,125,144,10.0,19,325,8.281420946121216,2
1793,graficon46nodi/grafo6986.46,13,46,63,127,144,7.0,16,224,4.51576042175293,2
1794,graficon78nodi/grafo8145.78,13,78,98,127,147,17.0,63,651,600.8543698787689,9
1795,graficon61nodi/grafo4392.61,13,61,75,125,139,7.0,17,312,8.9049391746521,2
1796,graficon68nodi/grafo4472.68,13,68,90,128,150,9.0,22,381,40.027677059173584,2
1797,graficon80nodi/grafo9560.80,13,80,100,127,147,inf,0,0,601.7014524936676,9
1798,graficon57nodi/grafo6238.57,13,57,87,128,158,14.0,43,451,100.42776799201965,2
1799,graficon62nodi/grafo2002.62,13,62,77,126,141,8.0,18,273,16.781092643737793,2
1800,graficon59nodi/grafo4615.59,13,59,75,129,145,8.0,14,196,4.583884954452515,2
1801,graficon56nodi/grafo4685.56,13,56,71,132,147,5.0,8,229,0.8715195655822754,2
1802,graficon65nodi/grafo4904.65,13,65,78,130,143,4.0,5,298,3.107942819595337,2
1803,graficon75nodi/grafo7926.75,13,75,93,131,149,10.0,27,493,216.37552857398987,2
1804,graficon65nodi/grafo9415.65,13,65,85,131,151,12.0,38,498,309.09646487236023,2
1805,graficon48nodi/grafo5672.48,13,48,70,132,154,12.0,25,315,188.52032446861267,2
1806,graficon54nodi/grafo3189.54,13,54,84,132,162,16.0,56,431,601.6539986133575,9
1807,graficon63nodi/grafo4702.63,13,63,89,134,160,22.0,65,544,601.1957423686981,9
1808,graficon60nodi/grafo8898.60,13,60,78,130,148,7.0,17,320,10.71487832069397,2
1809,graficon70nodi/grafo1381.70,13,70,87,133,150,7.0,9,233,5.8003435134887695,2
1810,graficon62nodi/grafo8037.62,13,62,81,132,151,9.0,22,256,60.61859130859375,2
1811,graficon70nodi/grafo8234.70,13,70,89,131,150,7.0,23,216,47.98539638519287,2
1812,graficon63nodi/grafo7806.63,13,63,83,132,152,7.0,14,262,9.483224153518677,2
1813,graficon53nodi/grafo4882.53,13,53,75,133,155,9.0,24,229,87.9272837638855,2
1814,graficon69nodi/grafo1568.69,13,69,89,131,151,7.0,16,338,17.369868516921997,2
1815,graficon56nodi/grafo1478.56,13,56,69,132,145,3.0,6,190,6.309052467346191,2
1816,graficon67nodi/grafo9187.67,13,67,93,133,159,inf,0,0,600.9365880489349,9
1817,graficon40nodi/grafo2593.40,13,40,55,130,145,5.0,8,118,1.772477388381958,2
1818,graficon72nodi/grafo9592.72,13,72,86,132,146,11.0,18,158,28.894534826278687,2
1819,graficon38nodi/grafo6416.38,13,38,57,131,150,7.0,13,142,6.804023504257202,2
1820,graficon65nodi/grafo6412.65,13,65,82,133,150,6.0,22,328,23.35923957824707,2
1821,graficon54nodi/grafo4969.54,13,54,85,130,161,11.0,57,531,242.32920622825623,2
1822,graficon63nodi/grafo9400.63,13,63,85,134,156,12.0,28,262,77.537113904953,2
1823,graficon66nodi/grafo1298.66,13,66,82,131,147,6.0,21,315,125.1259229183197,2
1824,graficon56nodi/grafo7752.56,13,56,69,134,147,5.0,10,229,7.449415445327759,2
1825,graficon67nodi/grafo9754.67,13,67,96,131,160,15.0,53,588,436.00206184387207,2
1826,graficon55nodi/grafo5444.55,13,55,70,134,149,9.0,15,266,21.43001890182495,2
1827,graficon66nodi/grafo4404.66,13,66,81,131,146,8.0,18,192,17.355180025100708,2
1828,graficon42nodi/grafo4033.42,13,42,64,133,155,8.0,19,314,6.823713064193726,2
1829,graficon69nodi/grafo9191.69,13,69,90,134,155,10.0,24,409,53.34637784957886,2
1830,graficon71nodi/grafo8560.71,13,71,93,132,154,inf,0,0,600.731009721756,9
1831,graficon46nodi/grafo5778.46,13,46,69,132,155,11.0,28,359,57.41642355918884,2
1832,graficon51nodi/grafo4577.51,13,51,68,132,149,8.0,19,302,10.272419214248657,2
1833,graficon60nodi/grafo7493.60,13,60,83,131,154,13.0,33,493,80.88896775245667,2
1834,graficon68nodi/grafo1575.68,13,68,84,133,149,7.0,13,210,6.511416912078857,2
1835,graficon45nodi/grafo6295.45,13,45,67,130,152,10.0,28,354,176.77525925636292,2
1836,graficon68nodi/grafo1303.68,13,68,84,131,147,6.0,15,282,9.440784931182861,2
1837,graficon65nodi/grafo9272.65,13,65,81,130,146,9.0,22,327,157.7842309474945,2
1838,graficon65nodi/grafo9575.65,13,65,82,130,147,10.0,16,212,15.430159091949463,2
1839,graficon64nodi/grafo5067.64,13,64,82,131,149,9.0,18,342,22.50917911529541,2
1840,graficon63nodi/grafo4679.63,13,63,87,131,155,15.0,45,373,607.3353505134583,9
1841,graficon69nodi/grafo8072.69,13,69,88,132,151,7.0,15,236,19.256922721862793,2
1842,graficon56nodi/grafo3427.56,13,56,81,131,156,15.0,50,563,601.1760864257812,9
1843,graficon46nodi/grafo6994.46,13,46,64,134,152,7.0,16,289,13.976032018661499,2
1844,graficon66nodi/grafo4737.66,13,66,86,132,152,11.0,29,350,67.93088412284851,2
1845,graficon56nodi/grafo5851.56,13,56,75,131,150,11.0,26,310,12.467657327651978,2
1846,graficon63nodi/grafo5068.63,13,63,87,132,156,14.0,48,440,600.82825922966,9
1847,graficon55nodi/grafo1487.55,13,55,71,130,146,8.0,17,274,8.367875576019287,2
1848,graficon60nodi/grafo9141.60,13,60,82,130,152,12.0,26,195,15.795650959014893,2
1849,graficon44nodi/grafo6014.44,13,44,59,133,148,5.0,10,188,2.8998897075653076,2
1850,graficon55nodi/grafo6741.55,13,55,80,131,156,14.0,50,299,600.6690502166748,9
1851,graficon66nodi/grafo4727.66,13,66,88,133,155,9.0,28,449,217.15637803077698,2
1852,graficon60nodi/grafo5435.60,13,60,85,132,157,14.0,51,509,450.1192286014557,2
1853,graficon41nodi/grafo3340.41,13,41,54,130,143,4.0,8,166,2.2035138607025146,2
1854,graficon65nodi/grafo9417.65,13,65,88,132,155,5.0,12,298,7.023053407669067,2
1855,graficon61nodi/grafo7324.61,13,61,77,132,148,8.0,17,284,13.522649049758911,2
1856,graficon70nodi/grafo9841.70,13,70,97,131,158,19.0,57,417,404.7841911315918,2
1857,graficon69nodi/grafo7954.69,13,69,103,134,168,17.0,75,800,600.8829424381256,9
1858,graficon48nodi/grafo3327.48,13,48,73,133,158,10.0,26,372,92.04632425308228,2
1859,graficon60nodi/grafo8610.60,13,60,77,133,150,6.0,14,184,4.597161293029785,2
1860,graficon71nodi/grafo5375.71,13,71,93,132,154,17.0,52,605,601.5441403388977,9
1861,graficon60nodi/grafo4910.60,13,60,76,132,148,9.0,18,205,9.260786533355713,2
1862,graficon63nodi/grafo1606.63,13,63,85,133,155,13.0,30,367,89.34075355529785,2
1863,graficon83nodi/grafo8245.83,13,83,104,130,151,13.0,43,607,601.4117288589478,9
1864,graficon59nodi/grafo4591.59,13,59,83,131,155,11.0,26,371,42.00868558883667,2
1865,graficon54nodi/grafo1545.54,13,54,71,134,151,8.0,17,317,19.373324632644653,2
1866,graficon53nodi/grafo5052.53,13,53,77,130,154,8.0,32,436,28.171769857406616,2
1867,graficon51nodi/grafo7562.51,13,51,81,133,163,17.0,76,492,600.9865744113922,9
1868,graficon58nodi/grafo5403.58,13,58,77,130,149,11.0,32,550,38.45123648643494,2
1869,graficon79nodi/grafo9810.79,13,79,101,133,155,inf,0,0,600.8960580825806,9
1870,graficon48nodi/grafo5806.48,13,48,65,130,147,7.0,14,260,9.041576385498047,2
1871,graficon49nodi/grafo5654.49,13,49,68,130,149,7.0,19,277,5.749513387680054,2
1872,graficon60nodi/grafo6316.60,13,60,82,132,154,12.0,35,361,37.01935052871704,2
1873,graficon63nodi/grafo9246.63,13,63,89,133,159,15.0,48,489,437.0936577320099,2
1874,graficon71nodi/grafo9173.71,13,71,105,134,168,19.0,75,799,601.1474974155426,9
1875,graficon78nodi/grafo9549.78,13,78,97,132,151,13.0,45,568,601.7096548080444,9
1876,graficon64nodi/grafo4584.64,13,64,89,136,161,12.0,35,375,204.8333384990692,2
1877,graficon47nodi/grafo6821.47,13,47,68,138,159,10.0,23,231,61.65066409111023,2
1878,graficon61nodi/grafo8397.61,13,61,82,138,159,10.0,27,251,119.72915744781494,2
1879,graficon52nodi/grafo6177.52,13,52,69,139,156,6.0,13,191,5.001922369003296,2
1880,graficon56nodi/grafo3772.56,13,56,83,138,165,13.0,35,413,163.7126066684723,2
1881,graficon62nodi/grafo4790.62,13,62,85,135,158,10.0,36,380,47.628724575042725,2
1882,graficon51nodi/grafo1520.51,13,51,65,139,153,10.0,19,193,15.15367603302002,2
1883,graficon71nodi/grafo4197.71,13,71,97,139,165,12.0,30,367,210.47298622131348,2
1884,graficon76nodi/grafo4174.76,13,76,98,135,157,10.0,28,301,124.63430500030518,2
1885,graficon62nodi/grafo5986.62,13,62,88,137,163,19.0,70,497,600.7938656806946,9
1886,graficon62nodi/grafo7813.62,13,62,81,135,154,8.0,24,310,24.730366230010986,2
1887,graficon57nodi/grafo7627.57,13,57,85,135,163,15.0,49,483,601.2414145469666,9
1888,graficon61nodi/grafo5559.61,13,61,75,139,153,10.0,17,198,10.459592342376709,2
1889,graficon58nodi/grafo6457.58,13,58,84,137,163,15.0,44,509,446.16946363449097,2
1890,graficon53nodi/grafo6147.53,13,53,63,139,149,3.0,6,119,1.5971531867980957,2
1891,graficon59nodi/grafo4900.59,13,59,83,139,163,11.0,26,379,142.36843967437744,2
1892,graficon54nodi/grafo4928.54,13,54,72,139,157,9.0,23,241,62.72058844566345,2
1893,graficon58nodi/grafo7022.58,13,58,80,136,158,13.0,32,367,48.236095666885376,2
1894,graficon77nodi/grafo9389.77,13,77,99,136,158,12.0,38,332,334.19399189949036,2
1895,graficon67nodi/grafo8161.67,13,67,90,138,161,12.0,30,340,207.61841225624084,2
1896,graficon47nodi/grafo6701.47,13,47,74,136,163,15.0,46,439,358.67798042297363,2
1897,graficon70nodi/grafo9708.70,13,70,91,139,160,9.0,17,423,21.710232257843018,2
1898,graficon55nodi/grafo4299.55,13,55,79,138,162,11.0,39,326,111.37248706817627,2
1899,graficon55nodi/grafo5845.55,13,55,80,139,164,11.0,43,456,267.7973163127899,2
1900,graficon54nodi/grafo7468.54,13,54,81,138,165,13.0,44,345,600.691771030426,9
1901,graficon73nodi/grafo4273.73,13,73,90,139,156,3.0,8,270,4.209140777587891,2
1902,graficon67nodi/grafo5665.67,13,67,83,137,153,6.0,12,246,7.566047191619873,2
1903,graficon55nodi/grafo5023.55,13,55,78,136,159,9.0,29,358,141.80228877067566,2
1904,graficon66nodi/grafo9195.66,13,66,86,138,158,8.0,21,385,25.229491233825684,2
1905,graficon64nodi/grafo9364.64,13,64,91,136,163,12.0,36,464,232.67191362380981,2
1906,graficon61nodi/grafo6022.61,13,61,86,138,163,14.0,40,449,84.40479111671448,2
1907,graficon39nodi/grafo6294.39,13,39,58,138,157,6.0,16,258,13.705390691757202,2
1908,graficon57nodi/grafo3386.57,13,57,86,135,164,14.0,39,329,291.56860089302063,2
1909,graficon55nodi/grafo3797.55,13,55,79,135,159,9.0,25,362,32.57218050956726,2
1910,graficon66nodi/grafo4881.66,13,66,83,138,155,8.0,17,297,9.173908233642578,2
1911,graficon59nodi/grafo4611.59,13,59,81,137,159,8.0,19,391,27.733123064041138,2
1912,graficon59nodi/grafo3674.59,13,59,90,139,170,17.0,59,520,530.427517414093,2
1913,graficon66nodi/grafo9366.66,13,66,85,139,158,11.0,27,440,109.12072801589966,2
1914,graficon81nodi/grafo5469.81,13,81,98,137,154,11.0,28,582,273.2111015319824,2
1915,graficon77nodi/grafo9780.77,13,77,96,138,157,11.0,29,616,223.5201268196106,2
1916,graficon76nodi/grafo8522.76,13,76,99,135,158,8.0,22,505,45.40765047073364,2
1917,graficon80nodi/grafo9582.80,13,80,101,138,159,11.0,33,437,77.93995022773743,2
1918,graficon79nodi/grafo6720.79,13,79,102,139,162,16.0,43,332,486.9152011871338,2
1919,graficon68nodi/grafo9632.68,13,68,91,139,162,12.0,38,423,187.78361535072327,2
1920,graficon68nodi/grafo7293.68,13,68,79,137,148,5.0,7,222,2.150587797164917,2
1921,graficon77nodi/grafo4393.77,13,77,97,136,156,10.0,29,271,24.178924798965454,2
1922,graficon81nodi/grafo4257.81,13,81,107,136,162,15.0,68,654,394.49548625946045,2
1923,graficon62nodi/grafo5084.62,13,62,80,137,155,6.0,13,291,6.198613405227661,2
1924,graficon38nodi/grafo11345.38,13,38,56,139,157,3.0,7,134,1.5737733840942383,2
1925,graficon61nodi/grafo4922.61,13,61,91,138,168,14.0,37,385,88.03851890563965,2
1926,graficon71nodi/grafo5179.71,13,71,98,136,163,inf,0,0,600.8991911411285,9
1927,graficon47nodi/grafo6691.47,13,47,67,139,159,9.0,23,284,75.33594346046448,2
1928,graficon68nodi/grafo1565.68,13,68,83,136,151,5.0,9,253,3.2573888301849365,2
1929,graficon78nodi/grafo8409.78,13,78,103,137,162,11.0,38,575,211.92850852012634,2
1930,graficon62nodi/grafo4877.62,13,62,85,137,160,8.0,30,322,29.715811014175415,2
1931,graficon69nodi/grafo8995.69,13,69,90,136,157,10.0,26,341,46.57081198692322,2
1932,graficon64nodi/grafo4413.64,13,64,87,138,161,8.0,21,265,22.141159534454346,2
1933,graficon69nodi/grafo7938.69,13,69,90,139,160,15.0,50,469,274.80486512184143,2
1934,graficon70nodi/grafo8047.70,13,70,98,138,166,inf,0,0,600.747323513031,9
1935,graficon67nodi/grafo4635.67,13,67,79,139,151,4.0,5,270,5.434529066085815,2
1936,graficon85nodi/grafo8547.85,13,85,104,139,158,13.0,39,438,350.4313952922821,2
1937,graficon58nodi/grafo6312.58,13,58,87,138,167,12.0,50,519,419.35640120506287,2
1938,graficon39nodi/grafo4104.39,13,39,55,139,155,4.0,10,180,2.036822557449341,2
1939,graficon81nodi/grafo4522.81,13,81,94,136,149,7.0,10,255,6.163283586502075,2
1940,graficon93nodi/grafo8962.93,13,93,109,135,151,10.0,24,371,29.46641993522644,2
1941,graficon54nodi/grafo4346.54,13,54,80,138,164,13.0,45,401,362.43809604644775,2
1942,graficon67nodi/grafo1518.67,13,67,85,135,153,11.0,30,335,184.4757101535797,2
1943,graficon62nodi/grafo5134.62,13,62,80,136,154,8.0,16,186,21.660531044006348,2
1944,graficon42nodi/grafo7588.42,13,42,62,138,158,9.0,24,203,402.41651940345764,2
1945,graficon56nodi/grafo6721.56,13,56,77,135,156,10.0,33,340,600.6093575954437,9
1946,graficon61nodi/grafo8268.61,13,61,89,137,165,11.0,34,382,48.60965847969055,2
1947,graficon67nodi/grafo7882.67,13,67,81,137,151,6.0,11,258,7.212919235229492,2
1948,graficon75nodi/grafo4276.75,13,75,96,137,158,10.0,26,350,96.6714699268341,2
1949,graficon74nodi/grafo5001.74,13,74,91,135,152,9.0,17,334,11.04795527458191,2
1950,graficon65nodi/grafo4774.65,13,65,85,138,158,8.0,15,298,18.529194831848145,2
1951,graficon60nodi/grafo3653.60,13,60,86,141,167,14.0,42,416,113.15616822242737,2
1952,graficon65nodi/grafo9512.65,13,65,93,142,170,14.0,53,562,367.5220184326172,2
1953,graficon71nodi/grafo7021.71,13,71,89,144,162,9.0,15,219,8.895447731018066,2
1954,graficon65nodi/grafo9304.65,13,65,91,144,170,13.0,47,470,367.41796112060547,2
1955,graficon74nodi/grafo9719.74,13,74,106,143,175,24.0,96,578,600.9732038974762,9
1956,graficon50nodi/grafo7712.50,13,50,67,142,159,5.0,12,185,4.116483211517334,2
1957,graficon65nodi/grafo4738.65,13,65,89,141,165,12.0,37,535,202.25030994415283,2
1958,graficon43nodi/grafo7458.43,13,43,61,142,160,8.0,21,191,37.36692667007446,2
1959,graficon61nodi/grafo9017.61,13,61,80,144,163,5.0,10,215,6.783975601196289,2
1960,graficon72nodi/grafo6528.72,13,72,87,141,156,8.0,18,364,24.997011184692383,2
1961,graficon55nodi/grafo4357.55,13,55,74,140,159,6.0,12,203,4.673381090164185,2
1962,graficon61nodi/grafo4181.61,13,61,78,144,161,8.0,18,285,33.94791316986084,2
1963,graficon89nodi/grafo6694.89,13,89,103,140,154,9.0,19,408,28.487952947616577,2
1964,graficon81nodi/grafo7951.81,13,81,99,143,161,15.0,40,614,601.0126194953918,9
1965,graficon65nodi/grafo8405.65,13,65,92,142,169,15.0,46,382,290.4694445133209,2
1966,graficon71nodi/grafo6545.71,13,71,89,142,160,10.0,28,450,216.39617371559143,2
1967,graficon63nodi/grafo9109.63,13,63,88,142,167,15.0,51,356,600.8036284446716,9
1968,graficon52nodi/grafo6386.52,13,52,79,142,169,16.0,45,381,601.1402580738068,9
1969,graficon56nodi/grafo4175.56,13,56,73,141,158,5.0,12,223,6.974425792694092,2
1970,graficon78nodi/grafo9693.78,13,78,103,143,168,12.0,38,639,103.01048970222473,2
1971,graficon89nodi/grafo8947.89,13,89,116,143,170,17.0,53,570,601.2716960906982,9
1972,graficon52nodi/grafo3211.52,13,52,77,141,166,13.0,42,315,466.86801195144653,2
1973,graficon70nodi/grafo8238.70,13,70,89,144,163,10.0,24,428,130.4226794242859,2
1974,graficon63nodi/grafo7972.63,13,63,90,143,170,12.0,53,525,583.9545483589172,2
1975,graficon83nodi/grafo9440.83,13,83,108,140,165,11.0,38,454,195.31435585021973,2
1976,graficon69nodi/grafo8401.69,13,69,100,143,174,20.0,59,626,601.3253500461578,9
1977,graficon68nodi/grafo9165.68,13,68,91,142,165,15.0,37,462,201.2819323539734,2
1978,graficon53nodi/grafo3357.53,13,53,73,140,160,8.0,22,271,54.18922805786133,2
1979,graficon53nodi/grafo4996.53,13,53,69,142,158,7.0,19,252,22.461501836776733,2
1980,graficon61nodi/grafo4239.61,13,61,76,143,158,4.0,8,164,2.2065505981445312,2
1981,graficon56nodi/grafo7664.56,13,56,74,143,161,10.0,18,178,17.03305172920227,2
1982,graficon51nodi/grafo1383.51,13,51,74,140,163,8.0,25,250,54.64085793495178,2
1983,graficon57nodi/grafo6842.57,13,57,74,141,158,7.0,16,181,21.66817355155945,2
1984,graficon71nodi/grafo7810.71,13,71,92,142,163,13.0,38,406,434.52276635169983,2
1985,graficon64nodi/grafo9007.64,13,64,101,144,181,inf,0,0,600.913711309433,9
1986,graficon66nodi/grafo9398.66,13,66,90,141,165,11.0,32,314,170.4070384502411,2
1987,graficon52nodi/grafo6375.52,13,52,79,142,169,16.0,45,381,601.0889065265656,9
1988,graficon83nodi/grafo7841.83,13,83,107,144,168,13.0,44,441,366.55964636802673,2
1989,graficon60nodi/grafo8868.60,13,60,75,141,156,7.0,15,139,21.949732065200806,2
1990,graficon69nodi/grafo7855.69,13,69,84,142,157,10.0,25,399,106.36462473869324,2
1991,graficon56nodi/grafo3584.56,13,56,80,141,165,12.0,32,323,134.42458248138428,2
1992,graficon61nodi/grafo7596.61,13,61,85,140,164,10.0,33,371,194.74126815795898,2
1993,graficon57nodi/grafo3818.57,13,57,77,142,162,8.0,26,352,36.03225517272949,2
1994,graficon75nodi/grafo8517.75,13,75,95,142,162,8.0,28,564,79.48048734664917,2
1995,graficon63nodi/grafo9291.63,13,63,88,140,165,13.0,56,563,503.0448639392853,2
1996,graficon47nodi/grafo3948.47,13,47,66,141,160,8.0,21,188,50.50744700431824,2
1997,graficon76nodi/grafo9253.76,13,76,105,141,170,inf,0,0,601.7554128170013,9
1998,graficon53nodi/grafo4803.53,13,53,70,143,160,8.0,17,242,29.044658660888672,2
1999,graficon69nodi/grafo9729.69,13,69,103,144,178,17.0,67,421,601.1700212955475,9
2000,graficon54nodi/grafo3284.54,13,54,82,142,170,14.0,49,357,339.78626561164856,2
2001,graficon68nodi/grafo9328.68,13,68,99,143,174,20.0,68,491,601.0423166751862,9
2002,graficon43nodi/grafo4055.43,13,43,61,141,159,6.0,22,230,54.525567293167114,2
2003,graficon70nodi/grafo8229.70,13,70,97,143,170,14.0,35,330,58.19477701187134,2
2004,graficon64nodi/grafo9178.64,13,64,87,141,164,7.0,28,342,55.14236879348755,2
2005,graficon69nodi/grafo9816.69,13,69,96,141,168,14.0,51,424,292.61490178108215,2
2006,graficon52nodi/grafo4677.52,13,52,72,143,163,7.0,15,236,3.3565828800201416,2
2007,graficon72nodi/grafo4810.72,13,72,88,143,159,5.0,11,253,4.8841588497161865,2
2008,graficon51nodi/grafo6012.51,13,51,81,142,172,13.0,29,408,34.37625193595886,2
2009,graficon62nodi/grafo4487.62,13,62,86,140,164,14.0,51,387,601.3125512599945,9
2010,graficon59nodi/grafo4390.59,13,59,89,143,173,19.0,61,545,601.2883160114288,9
2011,graficon78nodi/grafo4220.78,13,78,98,143,163,9.0,23,315,51.66559648513794,2
2012,graficon71nodi/grafo8336.71,13,71,91,144,164,11.0,35,347,209.06637954711914,2
2013,graficon70nodi/grafo5094.70,13,70,91,141,162,10.0,36,481,148.15697312355042,2
2014,graficon62nodi/grafo8989.62,13,62,80,141,159,8.0,16,234,9.638490676879883,2
2015,graficon75nodi/grafo4669.75,13,75,96,142,163,7.0,16,312,7.595966815948486,2
2016,graficon58nodi/grafo4899.58,13,58,80,141,163,11.0,32,457,215.50909638404846,2
2017,graficon75nodi/grafo9188.75,13,75,92,140,157,7.0,18,289,14.012990474700928,2
2018,graficon67nodi/grafo9712.67,13,67,85,140,158,8.0,14,275,9.699102878570557,2
2019,graficon79nodi/grafo9244.79,13,79,98,142,161,12.0,39,520,401.10836720466614,2
2020,graficon57nodi/grafo4919.57,13,57,74,143,160,5.0,9,216,2.1758852005004883,2
2021,graficon70nodi/grafo8187.70,13,70,89,140,159,10.0,31,346,212.7510085105896,2
2022,graficon58nodi/grafo5075.58,13,58,75,144,161,7.0,21,189,11.858773231506348,2
2023,graficon70nodi/grafo9739.70,13,70,85,144,159,7.0,11,155,12.376160621643066,2
2024,graficon74nodi/grafo4178.74,13,74,99,141,166,11.0,31,340,39.106508016586304,2
2025,graficon59nodi/grafo7660.59,13,59,81,140,162,10.0,32,361,98.74621224403381,2
2026,graficon55nodi/grafo5671.55,13,55,83,148,176,13.0,53,687,259.0434503555298,2
2027,graficon60nodi/grafo4443.60,13,60,83,145,168,9.0,25,397,16.13015055656433,2
2028,graficon46nodi/grafo6688.46,13,46,65,146,165,9.0,19,180,10.251080751419067,2
2029,graficon91nodi/grafo10239.91,13,91,123,146,178,inf,0,0,601.4807937145233,9
2030,graficon90nodi/grafo10642.90,13,90,118,146,174,inf,0,0,601.4520456790924,9
2031,graficon61nodi/grafo4749.61,13,61,73,147,159,5.0,10,221,4.1627185344696045,2
2032,graficon58nodi/grafo4974.58,13,58,79,145,166,11.0,18,305,17.90173363685608,2
2033,graficon60nodi/grafo4039.60,13,60,90,145,175,21.0,66,506,600.9425730705261,9
2034,graficon74nodi/grafo8591.74,13,74,93,149,168,12.0,29,353,92.42190361022949,2
2035,graficon73nodi/grafo9038.73,13,73,94,148,169,10.0,32,509,288.63697385787964,2
2036,graficon70nodi/grafo9068.70,13,70,90,149,169,10.0,22,230,26.683522701263428,2
2037,graficon72nodi/grafo9449.72,13,72,100,147,175,20.0,71,392,600.9576890468597,9
2038,graficon72nodi/grafo9423.72,13,72,100,149,177,14.0,40,502,136.75105571746826,2
2039,graficon67nodi/grafo7896.67,13,67,95,148,176,13.0,44,398,601.0269346237183,9
2040,graficon77nodi/grafo4837.77,13,77,106,146,175,17.0,58,645,601.105949640274,9
2041,graficon53nodi/grafo4486.53,13,53,70,147,164,8.0,18,242,15.097847700119019,2
2042,graficon55nodi/grafo3181.55,13,55,77,147,169,9.0,26,319,52.892982959747314,2
2043,graficon65nodi/grafo4912.65,13,65,92,147,174,14.0,50,411,600.9750862121582,9
2044,graficon53nodi/grafo3973.53,13,53,69,148,164,5.0,15,238,6.673033952713013,2
2045,graficon68nodi/grafo4476.68,13,68,95,147,174,15.0,45,360,390.96511149406433,2
2046,graficon75nodi/grafo1451.75,13,75,88,145,158,4.0,11,246,9.795270681381226,2
2047,graficon71nodi/grafo5039.71,13,71,96,149,174,12.0,33,587,100.96848702430725,2
2048,graficon57nodi/grafo3428.57,13,57,80,145,168,11.0,34,420,156.70685029029846,2
2049,graficon78nodi/grafo8175.78,13,78,95,146,163,8.0,21,385,35.31091785430908,2
2050,graficon73nodi/grafo8860.73,13,73,101,148,176,13.0,39,609,458.52581667900085,2
2051,graficon56nodi/grafo4424.56,13,56,74,146,164,9.0,19,284,4.8380444049835205,2
2052,graficon44nodi/grafo7431.44,13,44,64,148,168,8.0,25,361,34.89036297798157,2
2053,graficon68nodi/grafo9540.68,13,68,95,147,174,12.0,43,545,431.4628896713257,2
2054,graficon59nodi/grafo4628.59,13,59,80,147,168,8.0,19,343,24.46065402030945,2
2055,graficon51nodi/grafo3333.51,13,51,71,147,167,10.0,23,208,12.74019980430603,2
2056,graficon74nodi/grafo8049.74,13,74,103,145,174,inf,0,0,600.7914888858795,9
2057,graficon75nodi/grafo9736.75,13,75,90,147,162,6.0,14,230,2.9944183826446533,2
2058,graficon94nodi/grafo8861.94,13,94,107,145,158,8.0,35,530,46.677067041397095,2
2059,graficon62nodi/grafo4538.62,13,62,85,148,171,14.0,38,422,185.35176157951355,2
2060,graficon63nodi/grafo9336.63,13,63,89,146,172,12.0,39,574,299.0861494541168,2
2061,graficon83nodi/grafo4144.83,13,83,110,146,173,21.0,84,635,601.223691701889,9
2062,graficon67nodi/grafo4208.67,13,67,92,147,172,11.0,42,392,256.8730092048645,2
2063,graficon76nodi/grafo5898.76,13,76,96,148,168,10.0,35,648,375.0147864818573,2
2064,graficon70nodi/grafo7801.70,13,70,88,149,167,8.0,20,268,26.27950358390808,2
2065,graficon82nodi/grafo8144.82,13,82,100,146,164,9.0,27,393,174.31931829452515,2
2066,graficon55nodi/grafo5884.55,13,55,79,146,170,13.0,30,366,46.26914954185486,2
2067,graficon70nodi/grafo9373.70,13,70,87,149,166,9.0,18,358,19.961482763290405,2
2068,graficon65nodi/grafo1302.65,13,65,87,149,171,7.0,21,296,11.148462057113647,2
2069,graficon57nodi/grafo3610.57,13,57,80,149,172,9.0,30,250,78.54869771003723,2
2070,graficon76nodi/grafo4484.76,13,76,101,149,174,12.0,36,415,169.8826560974121,2
2071,graficon66nodi/grafo8917.66,13,66,100,145,179,inf,0,0,600.8580739498138,9
2072,graficon72nodi/grafo4126.72,13,72,89,148,165,11.0,17,216,10.465200424194336,2
2073,graficon77nodi/grafo9793.77,13,77,96,146,165,10.0,32,581,306.9833838939667,2
2074,graficon62nodi/grafo4691.62,13,62,85,149,172,10.0,34,401,176.72838044166565,2
2075,graficon59nodi/grafo6657.59,13,59,79,148,168,8.0,23,260,65.7838683128357,2
2076,graficon74nodi/grafo4732.74,13,74,96,147,169,9.0,23,266,105.91421723365784,2
2077,graficon43nodi/grafo7334.43,13,43,63,146,166,8.0,13,160,5.722019672393799,2
2078,graficon80nodi/grafo4618.80,13,80,104,149,173,21.0,67,409,600.8749973773956,9
2079,graficon73nodi/grafo5074.73,13,73,95,149,171,19.0,63,528,600.935245513916,9
2080,graficon54nodi/grafo4590.54,13,54,72,148,166,7.0,17,256,15.654392719268799,2
2081,graficon69nodi/grafo8132.69,13,69,95,146,172,14.0,35,431,483.7699680328369,2
2082,graficon66nodi/grafo8339.66,13,66,90,146,170,14.0,39,294,110.41140556335449,2
2083,graficon61nodi/grafo8424.61,13,61,83,148,170,11.0,29,435,50.24826526641846,2
2084,graficon43nodi/grafo2506.43,13,43,56,145,158,7.0,14,211,8.373109817504883,2
2085,graficon76nodi/grafo4492.76,13,76,102,149,175,11.0,34,534,67.59841203689575,2
2086,graficon61nodi/grafo7814.61,13,61,90,147,176,12.0,32,491,98.76005005836487,2
2087,graficon62nodi/grafo8572.62,13,62,87,147,172,14.0,53,530,601.4389758110046,9
2088,graficon60nodi/grafo4335.60,13,60,87,149,176,11.0,27,395,36.88786697387695,2
2089,graficon93nodi/grafo11193.93,13,93,120,145,172,inf,0,0,601.1786494255066,9
2090,graficon36nodi/grafo3182.36,13,36,53,147,164,7.0,26,365,17.923275470733643,2
2091,graficon83nodi/grafo7891.83,13,83,113,149,179,inf,0,0,600.7865464687347,9
2092,graficon45nodi/grafo6906.45,13,45,66,145,166,9.0,23,344,21.578227758407593,2
2093,graficon62nodi/grafo4653.62,13,62,95,148,181,18.0,69,686,600.9845907688141,9
2094,graficon75nodi/grafo5859.75,13,75,96,146,167,inf,0,0,601.1416387557983,9
2095,graficon82nodi/grafo7860.82,13,82,113,146,177,inf,0,0,600.7708218097687,9
2096,graficon61nodi/grafo9494.61,13,61,80,146,165,8.0,15,425,12.37526535987854,2
2097,graficon59nodi/grafo5159.59,13,59,84,146,171,9.0,30,548,52.60417699813843,2
2098,graficon85nodi/grafo4294.85,13,85,107,146,168,10.0,32,488,251.86648535728455,2
2099,graficon84nodi/grafo8318.84,13,84,110,147,173,inf,0,0,601.1932544708252,9
2100,graficon66nodi/grafo2089.66,13,66,84,146,164,13.0,36,498,204.50353956222534,2
