Index,Data,combo_idx,Nodes,Edges,TotalNodes,TotalEdges,ObjVal,Crossings,EdgeLength,Runtime,Status
1,graficon13nodi/grafo2567.13,14,13,13,13,13,0.0,0,6,0.0028252601623535156,2
2,graficon11nodi/grafo685.11,14,11,11,13,13,0.0,0,14,0.0038886070251464844,2
3,graficon10nodi/grafo2511.10,14,10,10,12,12,0.0,0,6,0.002164602279663086,2
4,graficon12nodi/grafo957.12,14,12,11,13,12,0.0,0,10,0.0019049644470214844,2
5,graficon14nodi/grafo769.14,14,14,13,14,13,0.0,0,10,0.0014400482177734375,2
6,graficon10nodi/grafo1070.10,14,10,10,12,12,0.0,0,6,0.0012176036834716797,2
7,graficon10nodi/grafo473.10,14,10,10,12,12,0.0,0,6,0.001313924789428711,2
8,graficon14nodi/grafo371.14,14,14,13,14,13,0.0,0,6,0.002405405044555664,2
9,graficon12nodi/grafo906.12,14,12,11,12,11,0.0,0,3,0.0010595321655273438,2
10,graficon11nodi/grafo927.11,14,11,10,11,10,0.0,0,6,0.0012669563293457031,2
11,graficon10nodi/grafo758.10,14,10,10,12,12,0.0,0,6,0.002256631851196289,2
12,graficon12nodi/grafo122.12,14,12,11,12,11,0.0,0,5,0.0008604526519775391,2
13,graficon12nodi/grafo1843.12,14,12,15,14,17,1.0,2,14,0.00523829460144043,2
14,graficon10nodi/grafo898.10,14,10,9,10,9,0.0,0,2,0.0009105205535888672,2
15,graficon11nodi/grafo2433.11,14,11,11,13,13,0.0,0,3,0.0015964508056640625,2
16,graficon11nodi/grafo749.11,14,11,10,13,12,0.0,0,5,0.0019104480743408203,2
17,graficon10nodi/grafo961.10,14,10,10,12,12,0.0,0,6,0.0010974407196044922,2
18,graficon10nodi/grafo1857.10,14,10,12,12,14,0.0,0,10,0.0018315315246582031,2
19,graficon11nodi/grafo1004.11,14,11,12,12,13,0.0,0,15,0.002721071243286133,2
20,graficon11nodi/grafo675.11,14,11,11,13,13,0.0,0,4,0.0015192031860351562,2
21,graficon10nodi/grafo633.10,14,10,9,10,9,0.0,0,2,0.0008547306060791016,2
22,graficon13nodi/grafo2908.13,14,13,12,13,12,0.0,0,8,0.0012629032135009766,2
23,graficon11nodi/grafo441.11,14,11,11,13,13,0.0,0,14,0.002834796905517578,2
24,graficon11nodi/grafo2812.11,14,11,11,13,13,0.0,0,3,0.0017352104187011719,2
25,graficon10nodi/grafo881.10,14,10,9,10,9,0.0,0,2,0.0008616447448730469,2
26,graficon10nodi/grafo455.10,14,10,10,13,13,0.0,0,4,0.0017457008361816406,2
27,graficon12nodi/grafo933.12,14,12,11,12,11,0.0,0,5,0.0005543231964111328,2
28,graficon12nodi/grafo256.12,14,12,11,12,11,0.0,0,2,0.0008282661437988281,2
29,graficon10nodi/grafo1098.10,14,10,9,10,9,0.0,0,2,0.0007352828979492188,2
30,graficon11nodi/grafo246.11,14,11,10,11,10,0.0,0,3,0.0010576248168945312,2
31,graficon12nodi/grafo2668.12,14,12,13,14,15,1.0,1,7,0.0018537044525146484,2
32,graficon12nodi/grafo667.12,14,12,12,13,13,0.0,0,15,0.0025861263275146484,2
33,graficon12nodi/grafo986.12,14,12,11,12,11,0.0,0,5,0.0006995201110839844,2
34,graficon10nodi/grafo782.10,14,10,9,10,9,0.0,0,2,0.0009524822235107422,2
35,graficon12nodi/grafo756.12,14,12,11,12,11,0.0,0,3,0.0011818408966064453,2
36,graficon11nodi/grafo1629.11,14,11,11,14,14,0.0,0,10,0.001966714859008789,2
37,graficon12nodi/grafo888.12,14,12,13,14,15,0.0,0,17,0.004312276840209961,2
38,graficon11nodi/grafo1162.11,14,11,11,12,12,0.0,0,6,0.0010361671447753906,2
39,graficon11nodi/grafo3101.11,14,11,11,13,13,0.0,0,3,0.0014710426330566406,2
40,graficon10nodi/grafo910.10,14,10,9,10,9,0.0,0,2,0.0007343292236328125,2
41,graficon13nodi/grafo514.13,14,13,12,13,12,0.0,0,4,0.0013675689697265625,2
42,graficon10nodi/grafo718.10,14,10,10,12,12,0.0,0,6,0.0015273094177246094,2
43,graficon10nodi/grafo1123.10,14,10,10,12,12,0.0,0,6,0.0014977455139160156,2
44,graficon10nodi/grafo474.10,14,10,10,12,12,0.0,0,6,0.0015528202056884766,2
45,graficon14nodi/grafo272.14,14,14,13,14,13,0.0,0,9,0.002048492431640625,2
46,graficon11nodi/grafo1084.11,14,11,10,11,10,0.0,0,2,0.0007376670837402344,2
47,graficon11nodi/grafo2971.11,14,11,11,13,13,0.0,0,3,0.002088308334350586,2
48,graficon11nodi/grafo313.11,14,11,10,13,12,0.0,0,12,0.002320528030395508,2
49,graficon11nodi/grafo532.11,14,11,11,13,13,0.0,0,9,0.0026726722717285156,2
50,graficon11nodi/grafo857.11,14,11,11,12,12,0.0,0,12,0.0036165714263916016,2
51,graficon10nodi/grafo978.10,14,10,10,12,12,0.0,0,6,0.0010256767272949219,2
52,graficon13nodi/grafo1067.13,14,13,13,13,13,0.0,0,6,0.002378225326538086,2
53,graficon12nodi/grafo2949.12,14,12,11,12,11,0.0,0,4,0.000896453857421875,2
54,graficon10nodi/grafo962.10,14,10,10,12,12,0.0,0,6,0.0015964508056640625,2
55,graficon10nodi/grafo460.10,14,10,9,10,9,0.0,0,2,0.0008461475372314453,2
56,graficon11nodi/grafo3073.11,14,11,11,13,13,0.0,0,3,0.0016326904296875,2
57,graficon11nodi/grafo316.11,14,11,13,14,16,0.0,0,22,0.004065990447998047,2
58,graficon13nodi/grafo2415.13,14,13,13,14,14,0.0,0,5,0.001712799072265625,2
59,graficon12nodi/grafo861.12,14,12,12,14,14,0.0,0,21,0.004300355911254883,2
60,graficon11nodi/grafo612.11,14,11,11,13,13,0.0,0,7,0.001272439956665039,2
61,graficon10nodi/grafo513.10,14,10,10,12,12,0.0,0,6,0.0014317035675048828,2
62,graficon12nodi/grafo352.12,14,12,12,14,14,1.0,1,5,0.002640247344970703,2
63,graficon11nodi/grafo3113.11,14,11,11,13,13,0.0,0,3,0.001913309097290039,2
64,graficon12nodi/grafo2651.12,14,12,13,12,13,1.0,2,13,0.0031328201293945312,2
65,graficon13nodi/grafo2595.13,14,13,12,13,12,0.0,0,5,0.0022406578063964844,2
66,graficon14nodi/grafo345.14,14,14,13,14,13,0.0,0,9,0.0019333362579345703,2
67,graficon10nodi/grafo209.10,14,10,10,12,12,0.0,0,6,0.001352071762084961,2
68,graficon11nodi/grafo1005.11,14,11,11,12,12,0.0,0,9,0.0012714862823486328,2
69,graficon10nodi/grafo1032.10,14,10,9,10,9,0.0,0,2,0.0007476806640625,2
70,graficon10nodi/grafo210.10,14,10,10,12,12,0.0,0,6,0.0015234947204589844,2
71,graficon11nodi/grafo759.11,14,11,12,12,13,1.0,1,8,0.0028378963470458984,2
72,graficon10nodi/grafo265.10,14,10,12,12,14,1.0,1,16,0.003622293472290039,2
73,graficon12nodi/grafo2439.12,14,12,12,13,13,0.0,0,10,0.0019440650939941406,2
74,graficon11nodi/grafo748.11,14,11,11,13,13,0.0,0,8,0.0018665790557861328,2
75,graficon11nodi/grafo2714.11,14,11,11,13,13,0.0,0,5,0.0019311904907226562,2
76,graficon15nodi/grafo886.15,14,15,15,18,18,0.0,0,19,0.0053632259368896484,2
77,graficon12nodi/grafo2359.12,14,12,17,16,21,2.0,3,64,0.015370368957519531,2
78,graficon17nodi/grafo565.17,14,17,17,19,19,0.0,0,7,0.0018301010131835938,2
79,graficon14nodi/grafo642.14,14,14,15,16,17,1.0,1,14,0.005837202072143555,2
80,graficon15nodi/grafo2783.15,14,15,17,19,21,1.0,1,21,0.006560325622558594,2
81,graficon12nodi/grafo2707.12,14,12,14,16,18,1.0,1,10,0.005357980728149414,2
82,graficon16nodi/grafo2861.16,14,16,15,18,17,1.0,1,22,0.008988142013549805,2
83,graficon16nodi/grafo853.16,14,16,16,16,16,0.0,0,11,0.0027430057525634766,2
84,graficon17nodi/grafo1122.17,14,17,17,19,19,0.0,0,7,0.0015027523040771484,2
85,graficon11nodi/grafo2384.11,14,11,12,15,16,0.0,0,9,0.0016617774963378906,2
86,graficon15nodi/grafo1618.15,14,15,16,19,20,0.0,0,29,0.008754730224609375,2
87,graficon13nodi/grafo325.13,14,13,14,15,16,1.0,1,11,0.003127574920654297,2
88,graficon17nodi/grafo1161.17,14,17,18,19,20,0.0,0,23,0.003922939300537109,2
89,graficon13nodi/grafo510.13,14,13,16,18,21,1.0,1,21,0.009223461151123047,2
90,graficon14nodi/grafo367.14,14,14,14,15,15,0.0,0,11,0.004444599151611328,2
91,graficon13nodi/grafo477.13,14,13,13,15,15,0.0,0,4,0.0016140937805175781,2
92,graficon13nodi/grafo951.13,14,13,17,19,23,0.0,0,45,0.009391069412231445,2
93,graficon11nodi/grafo1734.11,14,11,14,17,20,1.0,1,34,0.005279064178466797,2
94,graficon15nodi/grafo2797.15,14,15,17,15,17,1.0,1,19,0.004391908645629883,2
95,graficon12nodi/grafo2335.12,14,12,14,19,21,0.0,0,14,0.0042209625244140625,2
96,graficon10nodi/grafo1740.10,14,10,13,17,20,1.0,1,36,0.010378122329711914,2
97,graficon13nodi/grafo1853.13,14,13,15,17,19,2.0,3,46,0.03148293495178223,2
98,graficon16nodi/grafo2142.16,14,16,16,17,17,0.0,0,14,0.003765106201171875,2
99,graficon14nodi/grafo956.14,14,14,15,15,16,1.0,1,12,0.0051174163818359375,2
100,graficon15nodi/grafo585.15,14,15,16,19,20,0.0,0,31,0.006890058517456055,2
101,graficon14nodi/grafo2291.14,14,14,14,16,16,1.0,1,24,0.00778508186340332,2
102,graficon14nodi/grafo1658.14,14,14,15,19,20,0.0,0,16,0.003801584243774414,2
103,graficon13nodi/grafo559.13,14,13,15,19,21,0.0,0,17,0.003187417984008789,2
104,graficon15nodi/grafo2377.15,14,15,15,16,16,0.0,0,11,0.0016911029815673828,2
105,graficon14nodi/grafo2189.14,14,14,16,17,19,1.0,1,26,0.006899118423461914,2
106,graficon16nodi/grafo322.16,14,16,15,17,16,0.0,0,9,0.004436016082763672,2
107,graficon14nodi/grafo2460.14,14,14,14,15,15,0.0,0,9,0.003906726837158203,2
108,graficon16nodi/grafo1177.16,14,16,15,17,16,0.0,0,15,0.0026481151580810547,2
109,graficon13nodi/grafo203.13,14,13,14,15,16,1.0,1,9,0.005217313766479492,2
110,graficon13nodi/grafo387.13,14,13,15,19,21,1.0,1,20,0.00778508186340332,2
111,graficon15nodi/grafo1107.15,14,15,19,19,23,0.0,0,28,0.008222341537475586,2
112,graficon12nodi/grafo576.12,14,12,14,17,19,0.0,0,9,0.0017807483673095703,2
113,graficon12nodi/grafo542.12,14,12,14,17,19,0.0,0,14,0.0027098655700683594,2
114,graficon10nodi/grafo1898.10,14,10,15,16,21,1.0,1,34,0.008544683456420898,2
115,graficon12nodi/grafo543.12,14,12,12,15,15,1.0,1,8,0.004598140716552734,2
116,graficon14nodi/grafo843.14,14,14,14,15,15,0.0,0,24,0.004590034484863281,2
117,graficon14nodi/grafo1620.14,14,14,15,17,18,0.0,0,16,0.0027627944946289062,2
118,graficon14nodi/grafo255.14,14,14,16,16,18,2.0,2,35,0.010740041732788086,2
119,graficon14nodi/grafo899.14,14,14,15,15,16,1.0,1,28,0.008531332015991211,2
120,graficon17nodi/grafo422.17,14,17,17,18,18,0.0,0,29,0.009004354476928711,2
121,graficon13nodi/grafo440.13,14,13,14,18,19,0.0,0,18,0.003381013870239258,2
122,graficon11nodi/grafo280.11,14,11,12,15,16,0.0,0,21,0.003197908401489258,2
123,graficon15nodi/grafo2331.15,14,15,17,17,19,0.0,0,19,0.003570556640625,2
124,graficon11nodi/grafo1006.11,14,11,12,15,16,0.0,0,8,0.0026960372924804688,2
125,graficon13nodi/grafo2218.13,14,13,13,16,16,1.0,1,13,0.004344463348388672,2
126,graficon14nodi/grafo3087.14,14,14,14,16,16,0.0,0,13,0.005064487457275391,2
127,graficon16nodi/grafo1069.16,14,16,15,17,16,0.0,0,14,0.002446889877319336,2
128,graficon14nodi/grafo524.14,14,14,15,15,16,0.0,0,13,0.0028166770935058594,2
129,graficon11nodi/grafo1913.11,14,11,14,15,18,0.0,0,15,0.003856658935546875,2
130,graficon14nodi/grafo2919.14,14,14,15,17,18,0.0,0,18,0.0032625198364257812,2
131,graficon16nodi/grafo418.16,14,16,18,19,21,0.0,0,34,0.007561445236206055,2
132,graficon13nodi/grafo1935.13,14,13,18,17,22,1.0,1,30,0.008028268814086914,2
133,graficon17nodi/grafo774.17,14,17,18,19,20,1.0,2,51,0.03684258460998535,2
134,graficon16nodi/grafo1029.16,14,16,16,18,18,0.0,0,8,0.0013914108276367188,2
135,graficon12nodi/grafo2663.12,14,12,13,15,16,0.0,0,11,0.0025091171264648438,2
136,graficon14nodi/grafo2634.14,14,14,13,15,14,0.0,0,12,0.0027730464935302734,2
137,graficon12nodi/grafo2380.12,14,12,12,16,16,0.0,0,9,0.003385782241821289,2
138,graficon17nodi/grafo2146.17,14,17,17,19,19,0.0,0,17,0.002882242202758789,2
139,graficon14nodi/grafo2900.14,14,14,14,18,18,0.0,0,10,0.0033147335052490234,2
140,graficon13nodi/grafo430.13,14,13,14,16,17,0.0,0,10,0.002290487289428711,2
141,graficon10nodi/grafo938.10,14,10,14,19,23,1.0,3,57,0.012840747833251953,2
142,graficon14nodi/grafo1063.14,14,14,15,18,19,0.0,0,11,0.0015778541564941406,2
143,graficon11nodi/grafo2964.11,14,11,12,19,20,0.0,0,12,0.002729177474975586,2
144,graficon13nodi/grafo989.13,14,13,14,18,19,0.0,0,12,0.003129243850708008,2
145,graficon11nodi/grafo822.11,14,11,13,18,20,1.0,1,13,0.003992557525634766,2
146,graficon10nodi/grafo1774.10,14,10,15,16,21,1.0,1,34,0.008446693420410156,2
147,graficon11nodi/grafo900.11,14,11,13,18,20,0.0,0,9,0.0024328231811523438,2
148,graficon13nodi/grafo2927.13,14,13,14,19,20,1.0,1,23,1.1301851272583008,2
149,graficon13nodi/grafo2354.13,14,13,16,19,22,1.0,1,25,0.00863027572631836,2
150,graficon13nodi/grafo791.13,14,13,15,19,21,1.0,1,16,0.008311986923217773,2
151,graficon16nodi/grafo1945.16,14,16,17,23,24,2.0,2,38,0.03897833824157715,2
152,graficon17nodi/grafo2644.17,14,17,19,23,25,0.0,0,21,0.006644248962402344,2
153,graficon17nodi/grafo2882.17,14,17,18,24,25,0.0,0,27,0.006707429885864258,2
154,graficon19nodi/grafo794.19,14,19,21,22,24,1.0,1,23,0.006919384002685547,2
155,graficon14nodi/grafo489.14,14,14,15,22,23,1.0,1,16,0.005996227264404297,2
156,graficon18nodi/grafo1865.18,14,18,20,23,25,0.0,0,30,0.008822441101074219,2
157,graficon15nodi/grafo1970.15,14,15,17,22,24,0.0,0,18,0.003069162368774414,2
158,graficon14nodi/grafo2419.14,14,14,17,24,27,1.0,1,25,0.012469291687011719,2
159,graficon12nodi/grafo2855.12,14,12,17,24,29,1.0,1,21,0.008664131164550781,2
160,graficon13nodi/grafo1729.13,14,13,19,22,28,2.0,5,79,0.05279374122619629,2
161,graficon13nodi/grafo2832.13,14,13,14,23,24,0.0,0,20,0.005438804626464844,2
162,graficon18nodi/grafo1893.18,14,18,18,21,21,0.0,0,15,0.004030704498291016,2
163,graficon18nodi/grafo1059.18,14,18,18,22,22,0.0,0,10,0.0021560192108154297,2
164,graficon12nodi/grafo2890.12,14,12,14,20,22,0.0,0,18,0.005498170852661133,2
165,graficon16nodi/grafo2231.16,14,16,20,22,26,1.0,1,30,0.00863027572631836,2
166,graficon20nodi/grafo2767.20,14,20,22,24,26,1.0,1,33,0.01039266586303711,2
167,graficon20nodi/grafo3051.20,14,20,23,24,27,0.0,0,21,0.003554821014404297,2
168,graficon12nodi/grafo638.12,14,12,17,22,27,0.0,0,31,0.006593227386474609,2
169,graficon15nodi/grafo2233.15,14,15,20,23,28,0.0,0,42,0.010965824127197266,2
170,graficon16nodi/grafo275.16,14,16,18,24,26,1.0,1,27,0.007467508316040039,2
171,graficon22nodi/grafo2137.22,14,22,21,24,23,0.0,0,29,0.004395246505737305,2
172,graficon18nodi/grafo314.18,14,18,18,22,22,0.0,0,10,0.0027196407318115234,2
173,graficon15nodi/grafo2225.15,14,15,18,23,26,0.0,0,16,0.004427433013916016,2
174,graficon11nodi/grafo1876.11,14,11,19,24,32,3.0,6,43,0.11419534683227539,2
175,graficon13nodi/grafo891.13,14,13,13,20,20,0.0,0,14,0.003604412078857422,2
176,graficon12nodi/grafo2675.12,14,12,14,20,22,0.0,0,18,0.005910158157348633,2
177,graficon11nodi/grafo1835.11,14,11,15,21,25,0.0,0,18,0.004946708679199219,2
178,graficon23nodi/grafo2357.23,14,23,22,24,23,0.0,0,38,0.01039743423461914,2
179,graficon15nodi/grafo1982.15,14,15,17,24,26,1.0,1,34,0.009870767593383789,2
180,graficon14nodi/grafo378.14,14,14,17,22,25,0.0,0,43,0.009258270263671875,2
181,graficon17nodi/grafo2324.17,14,17,21,23,27,1.0,2,27,0.007637977600097656,2
182,graficon13nodi/grafo964.13,14,13,16,23,26,0.0,0,27,0.006616830825805664,2
183,graficon19nodi/grafo423.19,14,19,21,23,25,0.0,0,29,0.0084686279296875,2
184,graficon13nodi/grafo2204.13,14,13,13,20,20,0.0,0,14,0.005005359649658203,2
185,graficon13nodi/grafo443.13,14,13,15,20,22,1.0,2,15,0.014781713485717773,2
186,graficon20nodi/grafo215.20,14,20,22,24,26,1.0,1,33,0.011310815811157227,2
187,graficon14nodi/grafo1662.14,14,14,20,24,30,1.0,2,41,0.11823701858520508,2
188,graficon20nodi/grafo495.20,14,20,20,24,24,0.0,0,11,0.003027200698852539,2
189,graficon16nodi/grafo2281.16,14,16,21,24,29,1.0,1,53,0.0136260986328125,2
190,graficon11nodi/grafo1054.11,14,11,15,23,27,0.0,0,42,0.010135173797607422,2
191,graficon16nodi/grafo661.16,14,16,17,21,22,1.0,1,11,0.00758671760559082,2
192,graficon12nodi/grafo844.12,14,12,18,20,26,1.0,2,40,0.013186454772949219,2
193,graficon19nodi/grafo1661.19,14,19,21,21,23,1.0,2,17,0.011725902557373047,2
194,graficon18nodi/grafo2186.18,14,18,23,23,28,3.0,3,22,0.007439374923706055,2
195,graficon12nodi/grafo2867.12,14,12,16,22,26,0.0,0,38,0.008557796478271484,2
196,graficon15nodi/grafo1136.15,14,15,17,24,26,0.0,0,19,0.005089998245239258,2
197,graficon20nodi/grafo1651.20,14,20,21,23,24,1.0,1,61,0.01683831214904785,2
198,graficon15nodi/grafo2157.15,14,15,15,20,20,0.0,0,13,0.002858877182006836,2
199,graficon17nodi/grafo1634.17,14,17,18,20,21,1.0,1,49,0.01962423324584961,2
200,graficon16nodi/grafo2440.16,14,16,20,22,26,3.0,4,27,0.07713675498962402,2
201,graficon18nodi/grafo953.18,14,18,18,22,22,0.0,0,10,0.002203702926635742,2
202,graficon23nodi/grafo1485.23,14,23,22,23,22,0.0,0,21,0.0063610076904296875,2
203,graficon13nodi/grafo2620.13,14,13,16,20,23,0.0,0,19,0.0058596134185791016,2
204,graficon17nodi/grafo2680.17,14,17,22,22,27,2.0,2,58,0.040030479431152344,2
205,graficon20nodi/grafo1649.20,14,20,22,24,26,2.0,2,45,0.0641489028930664,2
206,graficon19nodi/grafo1897.19,14,19,20,24,25,0.0,0,65,0.014472484588623047,2
207,graficon13nodi/grafo2645.13,14,13,17,23,27,0.0,0,28,0.007738828659057617,2
208,graficon18nodi/grafo2480.18,14,18,21,22,25,0.0,0,41,0.008957862854003906,2
209,graficon13nodi/grafo2298.13,14,13,14,21,22,0.0,0,14,0.0033881664276123047,2
210,graficon15nodi/grafo739.15,14,15,18,23,26,0.0,0,34,0.009878396987915039,2
211,graficon17nodi/grafo2679.17,14,17,19,21,23,1.0,1,24,0.009083747863769531,2
212,graficon14nodi/grafo2430.14,14,14,15,21,22,0.0,0,14,0.0036644935607910156,2
213,graficon15nodi/grafo582.15,14,15,16,22,23,0.0,0,14,0.004506111145019531,2
214,graficon11nodi/grafo1619.11,14,11,15,21,25,1.0,3,28,0.05352354049682617,2
215,graficon15nodi/grafo1124.15,14,15,16,23,24,0.0,0,20,0.006326198577880859,2
216,graficon12nodi/grafo1763.12,14,12,21,22,31,1.0,2,63,0.016613483428955078,2
217,graficon17nodi/grafo1094.17,14,17,19,21,23,0.0,0,14,0.0035932064056396484,2
218,graficon15nodi/grafo2903.15,14,15,16,20,21,1.0,1,21,0.007784366607666016,2
219,graficon11nodi/grafo1088.11,14,11,17,22,28,0.0,0,47,0.011722564697265625,2
220,graficon17nodi/grafo645.17,14,17,19,21,23,0.0,0,35,0.011246919631958008,2
221,graficon16nodi/grafo2537.16,14,16,19,21,24,0.0,0,21,0.00316619873046875,2
222,graficon15nodi/grafo1030.15,14,15,16,23,24,0.0,0,20,0.00671076774597168,2
223,graficon14nodi/grafo242.14,14,14,16,21,23,0.0,0,20,0.0038232803344726562,2
224,graficon17nodi/grafo1009.17,14,17,17,24,24,0.0,0,13,0.00356292724609375,2
225,graficon13nodi/grafo3112.13,14,13,14,20,21,0.0,0,12,0.003589630126953125,2
226,graficon16nodi/grafo1731.16,14,16,19,25,28,0.0,0,20,0.00800180435180664,2
227,graficon16nodi/grafo967.16,14,16,17,26,27,0.0,0,9,0.005173683166503906,2
228,graficon17nodi/grafo1732.17,14,17,20,27,30,0.0,0,32,0.011791229248046875,2
229,graficon20nodi/grafo2272.20,14,20,23,27,30,0.0,0,42,0.013178825378417969,2
230,graficon18nodi/grafo1146.18,14,18,29,29,40,3.0,6,78,0.1706383228302002,2
231,graficon18nodi/grafo2289.18,14,18,20,25,27,0.0,0,32,0.006680011749267578,2
232,graficon16nodi/grafo2420.16,14,16,18,28,30,1.0,1,18,0.009366035461425781,2
233,graficon12nodi/grafo574.12,14,12,19,27,34,1.0,2,35,0.050591468811035156,2
234,graficon21nodi/grafo804.21,14,21,22,28,29,0.0,0,42,0.011652708053588867,2
235,graficon22nodi/grafo694.22,14,22,23,27,28,0.0,0,23,0.00599217414855957,2
236,graficon17nodi/grafo479.17,14,17,23,25,31,2.0,7,95,0.08069014549255371,2
237,graficon18nodi/grafo538.18,14,18,19,25,26,0.0,0,20,0.006940126419067383,2
238,graficon21nodi/grafo2416.21,14,21,24,29,32,1.0,1,24,0.00990152359008789,2
239,graficon17nodi/grafo2418.17,14,17,20,26,29,1.0,2,40,0.03762555122375488,2
240,graficon24nodi/grafo1463.24,14,24,25,25,26,0.0,0,30,0.0060787200927734375,2
241,graficon13nodi/grafo1885.13,14,13,16,25,28,0.0,0,21,0.006310224533081055,2
242,graficon11nodi/grafo1697.11,14,11,17,28,34,2.0,2,21,0.0628366470336914,2
243,graficon15nodi/grafo583.15,14,15,19,25,29,2.0,2,45,0.10060358047485352,2
244,graficon19nodi/grafo2951.19,14,19,24,27,32,1.0,1,35,0.016852378845214844,2
245,graficon14nodi/grafo520.14,14,14,22,29,37,0.0,0,53,0.011825323104858398,2
246,graficon17nodi/grafo2594.17,14,17,21,25,29,2.0,2,56,0.05533456802368164,2
247,graficon18nodi/grafo993.18,14,18,23,28,33,1.0,3,45,0.02946639060974121,2
248,graficon21nodi/grafo127.21,14,21,21,26,26,0.0,0,23,0.0072116851806640625,2
249,graficon16nodi/grafo400.16,14,16,17,26,27,0.0,0,9,0.0055620670318603516,2
250,graficon17nodi/grafo302.17,14,17,19,28,30,0.0,0,18,0.00587916374206543,2
251,graficon21nodi/grafo158.21,14,21,24,29,32,1.0,1,42,0.016890287399291992,2
252,graficon16nodi/grafo540.16,14,16,17,26,27,0.0,0,9,0.005758762359619141,2
253,graficon13nodi/grafo2303.13,14,13,19,28,34,0.0,0,49,0.010844707489013672,2
254,graficon21nodi/grafo1937.21,14,21,24,26,29,2.0,4,36,0.03301668167114258,2
255,graficon15nodi/grafo778.15,14,15,17,26,28,0.0,0,16,0.0055980682373046875,2
256,graficon15nodi/grafo855.15,14,15,17,25,27,0.0,0,16,0.0039331912994384766,2
257,graficon18nodi/grafo1652.18,14,18,20,25,27,0.0,0,24,0.009880304336547852,2
258,graficon13nodi/grafo2659.13,14,13,16,25,28,0.0,0,31,0.009308815002441406,2
259,graficon17nodi/grafo2682.17,14,17,19,26,28,1.0,2,31,0.04517555236816406,2
260,graficon16nodi/grafo1119.16,14,16,22,28,34,1.0,3,51,0.048537492752075195,2
261,graficon14nodi/grafo1870.14,14,14,21,28,35,2.0,3,41,0.05747532844543457,2
262,graficon19nodi/grafo1172.19,14,19,23,26,30,1.0,1,36,0.012344598770141602,2
263,graficon13nodi/grafo511.13,14,13,14,25,26,0.0,0,6,0.0028312206268310547,2
264,graficon18nodi/grafo1648.18,14,18,24,26,32,3.0,5,69,0.028551101684570312,2
265,graficon17nodi/grafo893.17,14,17,21,26,30,0.0,0,78,0.0236208438873291,2
266,graficon17nodi/grafo917.17,14,17,20,28,31,0.0,0,42,0.012154340744018555,2
267,graficon23nodi/grafo2256.23,14,23,26,29,32,0.0,0,31,0.01727151870727539,2
268,graficon18nodi/grafo2556.18,14,18,22,28,32,0.0,0,40,0.01517486572265625,2
269,graficon15nodi/grafo2921.15,14,15,17,27,29,0.0,0,17,0.006250858306884766,2
270,graficon21nodi/grafo1762.21,14,21,25,25,29,2.0,5,72,0.17825746536254883,2
271,graficon21nodi/grafo1064.21,14,21,26,25,30,4.0,9,42,0.15067768096923828,2
272,graficon18nodi/grafo784.18,14,18,23,25,30,2.0,3,53,0.07653331756591797,2
273,graficon16nodi/grafo2236.16,14,16,20,28,32,1.0,1,44,0.015802383422851562,2
274,graficon17nodi/grafo2345.17,14,17,20,26,29,1.0,1,24,0.00809931755065918,2
275,graficon18nodi/grafo2307.18,14,18,23,26,31,1.0,3,46,0.04347968101501465,2
276,graficon17nodi/grafo1056.17,14,17,22,29,34,1.0,1,33,0.013233423233032227,2
277,graficon18nodi/grafo1152.18,14,18,24,28,34,1.0,1,45,0.020257234573364258,2
278,graficon24nodi/grafo3100.24,14,24,28,26,30,2.0,2,57,0.0591428279876709,2
279,graficon16nodi/grafo279.16,14,16,19,27,30,0.0,0,26,0.007680654525756836,2
280,graficon17nodi/grafo2401.17,14,17,31,28,42,7.0,34,234,1.8535270690917969,2
281,graficon16nodi/grafo2302.16,14,16,20,25,29,1.0,1,25,0.010742902755737305,2
282,graficon16nodi/grafo2525.16,14,16,19,26,29,1.0,1,28,0.011293888092041016,2
283,graficon17nodi/grafo2924.17,14,17,22,28,33,1.0,1,70,0.017041921615600586,2
284,graficon22nodi/grafo167.22,14,22,24,29,31,1.0,1,41,0.02061009407043457,2
285,graficon16nodi/grafo2542.16,14,16,21,26,31,1.0,1,42,0.012490034103393555,2
286,graficon16nodi/grafo2636.16,14,16,22,26,32,3.0,5,34,0.05583620071411133,2
287,graficon17nodi/grafo2758.17,14,17,20,26,29,1.0,1,19,0.008117198944091797,2
288,graficon20nodi/grafo2554.20,14,20,22,25,27,1.0,1,32,0.010122537612915039,2
289,graficon25nodi/grafo2775.25,14,25,26,25,26,1.0,2,64,0.04424428939819336,2
290,graficon19nodi/grafo409.19,14,19,22,25,28,2.0,2,64,0.08620834350585938,2
291,graficon16nodi/grafo2326.16,14,16,21,25,30,1.0,1,56,0.016879796981811523,2
292,graficon14nodi/grafo596.14,14,14,16,27,29,0.0,0,13,0.004973888397216797,2
293,graficon20nodi/grafo679.20,14,20,25,29,34,1.0,2,46,0.06428027153015137,2
294,graficon23nodi/grafo188.23,14,23,24,27,28,0.0,0,31,0.007798910140991211,2
295,graficon19nodi/grafo2449.19,14,19,24,25,30,2.0,4,57,0.06998491287231445,2
296,graficon23nodi/grafo1038.23,14,23,24,27,28,1.0,1,17,0.007236480712890625,2
297,graficon17nodi/grafo2177.17,14,17,22,26,31,0.0,0,46,0.015248775482177734,2
298,graficon20nodi/grafo786.20,14,20,23,26,29,1.0,2,58,0.050158023834228516,2
299,graficon17nodi/grafo1875.17,14,17,21,28,32,1.0,1,73,0.04413557052612305,2
300,graficon14nodi/grafo796.14,14,14,19,27,32,1.0,3,51,0.04006052017211914,2
301,graficon21nodi/grafo2119.21,14,21,27,32,38,3.0,7,110,0.19448423385620117,2
302,graficon15nodi/grafo1013.15,14,15,23,31,39,2.0,2,70,0.09757113456726074,2
303,graficon17nodi/grafo415.17,14,17,24,33,40,2.0,5,91,0.13432073593139648,2
304,graficon26nodi/grafo578.26,14,26,27,30,31,1.0,1,63,0.030960559844970703,2
305,graficon25nodi/grafo2077.25,14,25,29,31,35,3.0,7,89,0.20954656600952148,2
306,graficon29nodi/grafo2085.29,14,29,30,33,34,0.0,0,30,0.010063409805297852,2
307,graficon19nodi/grafo1834.19,14,19,23,32,36,0.0,0,28,0.009166240692138672,2
308,graficon24nodi/grafo1830.24,14,24,29,34,39,1.0,1,45,0.025774478912353516,2
309,graficon21nodi/grafo245.21,14,21,22,30,31,1.0,1,26,0.014946699142456055,2
310,graficon21nodi/grafo1645.21,14,21,23,30,32,0.0,0,69,0.018223047256469727,2
311,graficon20nodi/grafo1761.20,14,20,26,31,37,0.0,0,52,0.012447357177734375,2
312,graficon26nodi/grafo1805.26,14,26,31,33,38,3.0,5,39,0.12795329093933105,2
313,graficon18nodi/grafo2744.18,14,18,24,34,40,1.0,3,66,0.07485580444335938,2
314,graficon20nodi/grafo2268.20,14,20,24,32,36,1.0,3,44,0.04316973686218262,2
315,graficon25nodi/grafo2837.25,14,25,27,32,34,0.0,0,47,0.01361393928527832,2
316,graficon21nodi/grafo2833.21,14,21,24,30,33,1.0,1,32,0.016062021255493164,2
317,graficon20nodi/grafo3049.20,14,20,24,33,37,1.0,2,45,0.049074649810791016,2
318,graficon26nodi/grafo1799.26,14,26,30,32,36,2.0,3,65,0.06015753746032715,2
319,graficon17nodi/grafo1403.17,14,17,23,30,36,1.0,1,45,0.02504277229309082,2
320,graficon27nodi/grafo2498.27,14,27,32,34,39,2.0,3,68,0.08533859252929688,2
321,graficon22nodi/grafo2819.22,14,22,25,33,36,0.0,0,21,0.007682323455810547,2
322,graficon16nodi/grafo421.16,14,16,22,33,39,1.0,1,86,0.027960777282714844,2
323,graficon14nodi/grafo1074.14,14,14,19,32,37,1.0,2,40,0.03953385353088379,2
324,graficon24nodi/grafo918.24,14,24,24,32,32,0.0,0,37,0.009000778198242188,2
325,graficon18nodi/grafo1780.18,14,18,24,30,36,1.0,1,43,0.016509294509887695,2
326,graficon29nodi/grafo1198.29,14,29,29,31,31,1.0,1,32,0.014518260955810547,2
327,graficon15nodi/grafo2591.15,14,15,23,31,39,1.0,2,56,0.04405355453491211,2
328,graficon19nodi/grafo924.19,14,19,21,32,34,0.0,0,34,0.010945558547973633,2
329,graficon23nodi/grafo835.23,14,23,27,31,35,2.0,6,53,0.13910150527954102,2
330,graficon17nodi/grafo829.17,14,17,21,33,37,0.0,0,51,0.021495342254638672,2
331,graficon16nodi/grafo1635.16,14,16,25,34,43,1.0,1,73,1.1924655437469482,2
332,graficon14nodi/grafo649.14,14,14,24,32,42,3.0,5,91,0.12736177444458008,2
333,graficon18nodi/grafo1824.18,14,18,23,32,37,1.0,1,22,0.01796722412109375,2
334,graficon26nodi/grafo1629.26,14,26,29,30,33,1.0,1,37,0.03582262992858887,2
335,graficon15nodi/grafo1142.15,14,15,24,32,41,1.0,1,91,0.0614316463470459,2
336,graficon22nodi/grafo2410.22,14,22,24,30,32,1.0,1,23,0.009895086288452148,2
337,graficon23nodi/grafo2028.23,14,23,32,32,41,5.0,13,112,0.5210583209991455,2
338,graficon25nodi/grafo1040.25,14,25,32,34,41,4.0,12,123,0.17966270446777344,2
339,graficon17nodi/grafo2494.17,14,17,20,30,33,1.0,1,32,0.008829116821289062,2
340,graficon21nodi/grafo381.21,14,21,23,31,33,1.0,1,40,0.013190031051635742,2
341,graficon19nodi/grafo2425.19,14,19,23,30,34,1.0,2,48,0.054659128189086914,2
342,graficon26nodi/grafo1230.26,14,26,29,30,33,2.0,2,30,0.0175478458404541,2
343,graficon17nodi/grafo1861.17,14,17,21,34,38,2.0,2,24,0.07179999351501465,2
344,graficon27nodi/grafo1232.27,14,27,31,33,37,3.0,7,120,0.30452442169189453,2
345,graficon27nodi/grafo2582.27,14,27,27,34,34,0.0,0,35,0.009860992431640625,2
346,graficon24nodi/grafo2017.24,14,24,28,32,36,2.0,2,54,0.09124398231506348,2
347,graficon32nodi/grafo11636.32,14,32,32,33,33,0.0,0,38,0.005137443542480469,2
348,graficon19nodi/grafo621.19,14,19,27,30,38,1.0,3,78,0.07619380950927734,2
349,graficon16nodi/grafo2023.16,14,16,20,34,38,1.0,2,25,0.056560516357421875,2
350,graficon23nodi/grafo622.23,14,23,25,33,35,1.0,1,39,0.0177614688873291,2
351,graficon19nodi/grafo2135.19,14,19,23,33,37,1.0,2,41,0.07812762260437012,2
352,graficon15nodi/grafo879.15,14,15,20,30,35,0.0,0,46,0.018709421157836914,2
353,graficon22nodi/grafo1012.22,14,22,24,31,33,0.0,0,46,0.017263412475585938,2
354,graficon20nodi/grafo429.20,14,20,28,34,42,3.0,6,75,0.08742761611938477,2
355,graficon26nodi/grafo1269.26,14,26,28,31,33,0.0,0,82,0.029674291610717773,2
356,graficon17nodi/grafo2520.17,14,17,24,32,39,4.0,7,77,0.14794063568115234,2
357,graficon32nodi/grafo10052.32,14,32,33,34,35,0.0,0,36,0.005438327789306641,2
358,graficon20nodi/grafo874.20,14,20,25,34,39,1.0,1,39,0.024287939071655273,2
359,graficon20nodi/grafo1901.20,14,20,26,33,39,1.0,2,106,0.10299348831176758,2
360,graficon22nodi/grafo2456.22,14,22,26,33,37,0.0,0,43,0.01815962791442871,2
361,graficon17nodi/grafo276.17,14,17,20,31,34,1.0,1,28,0.01455068588256836,2
362,graficon25nodi/grafo575.25,14,25,29,34,38,2.0,2,52,0.08774065971374512,2
363,graficon17nodi/grafo517.17,14,17,23,33,39,1.0,1,52,0.02009892463684082,2
364,graficon19nodi/grafo1900.19,14,19,22,31,34,0.0,0,34,0.008186817169189453,2
365,graficon22nodi/grafo1422.22,14,22,22,30,30,0.0,0,36,0.012810468673706055,2
366,graficon25nodi/grafo862.25,14,25,28,33,36,1.0,1,73,0.029880523681640625,2
367,graficon23nodi/grafo545.23,14,23,28,32,37,1.0,1,31,0.01116943359375,2
368,graficon24nodi/grafo2341.24,14,24,29,34,39,1.0,1,70,0.023417234420776367,2
369,graficon26nodi/grafo1512.26,14,26,30,34,38,2.0,2,63,0.11773562431335449,2
370,graficon18nodi/grafo1626.18,14,18,27,32,41,3.0,8,76,0.14045286178588867,2
371,graficon21nodi/grafo2378.21,14,21,25,31,35,1.0,2,51,0.04583382606506348,2
372,graficon25nodi/grafo2051.25,14,25,26,33,34,0.0,0,17,0.007948875427246094,2
373,graficon32nodi/grafo9919.32,14,32,32,33,33,0.0,0,38,0.005551815032958984,2
374,graficon18nodi/grafo1940.18,14,18,24,31,37,1.0,1,31,0.01713848114013672,2
375,graficon25nodi/grafo1338.25,14,25,26,34,35,0.0,0,32,0.018176555633544922,2
376,graficon33nodi/grafo11170.33,14,33,42,39,48,2.0,2,70,0.0872352123260498,2
377,graficon23nodi/grafo2966.23,14,23,26,36,39,0.0,0,33,0.010022163391113281,2
378,graficon29nodi/grafo1102.29,14,29,29,37,37,0.0,0,29,0.010368108749389648,2
379,graficon26nodi/grafo1340.26,14,26,31,38,43,2.0,4,67,0.09048342704772949,2
380,graficon22nodi/grafo1850.22,14,22,28,38,44,1.0,1,45,0.0261075496673584,2
381,graficon28nodi/grafo2572.28,14,28,34,38,44,1.0,3,72,0.08324646949768066,2
382,graficon17nodi/grafo420.17,14,17,25,37,45,2.0,3,69,0.0518338680267334,2
383,graficon20nodi/grafo2670.20,14,20,28,36,44,2.0,3,61,0.05951499938964844,2
384,graficon26nodi/grafo2766.26,14,26,32,38,44,2.0,2,45,0.05694293975830078,2
385,graficon29nodi/grafo1333.29,14,29,31,38,40,0.0,0,56,0.027513504028320312,2
386,graficon21nodi/grafo1863.21,14,21,26,35,40,2.0,4,72,0.1390993595123291,2
387,graficon27nodi/grafo1623.27,14,27,30,37,40,1.0,1,29,0.009089469909667969,2
388,graficon33nodi/grafo2828.33,14,33,37,38,42,2.0,3,50,0.043195486068725586,2
389,graficon26nodi/grafo2606.26,14,26,32,36,42,3.0,5,114,0.18127107620239258,2
390,graficon19nodi/grafo2371.19,14,19,24,35,40,0.0,0,63,0.021030902862548828,2
391,graficon25nodi/grafo2700.25,14,25,28,36,39,1.0,2,54,0.01985645294189453,2
392,graficon24nodi/grafo2587.24,14,24,28,36,40,2.0,5,66,0.15863609313964844,2
393,graficon15nodi/grafo947.15,14,15,24,39,48,2.0,3,54,0.13969159126281738,2
394,graficon19nodi/grafo2562.19,14,19,28,36,45,2.0,4,55,0.12323927879333496,2
395,graficon32nodi/grafo11456.32,14,32,33,35,36,1.0,1,39,0.008814811706542969,2
396,graficon27nodi/grafo248.27,14,27,33,38,44,3.0,4,84,0.3924601078033447,2
397,graficon22nodi/grafo2676.22,14,22,26,38,42,0.0,0,39,0.015358686447143555,2
398,graficon32nodi/grafo11607.32,14,32,38,39,45,3.0,4,70,0.11021089553833008,2
399,graficon19nodi/grafo2171.19,14,19,23,35,39,1.0,1,43,0.018895387649536133,2
400,graficon19nodi/grafo1666.19,14,19,28,37,46,1.0,1,94,0.034522294998168945,2
401,graficon33nodi/grafo11210.33,14,33,42,39,48,2.0,2,70,0.08550477027893066,2
402,graficon26nodi/grafo2123.26,14,26,28,35,37,1.0,1,76,0.03156328201293945,2
403,graficon26nodi/grafo3056.26,14,26,36,35,45,4.0,15,122,0.25951123237609863,2
404,graficon30nodi/grafo1582.30,14,30,34,35,39,2.0,2,97,0.07816958427429199,2
405,graficon24nodi/grafo1440.24,14,24,32,37,45,4.0,6,120,0.35393548011779785,2
406,graficon33nodi/grafo9903.33,14,33,42,39,48,2.0,2,70,0.08357095718383789,2
407,graficon23nodi/grafo1557.23,14,23,29,37,43,2.0,2,101,0.11153841018676758,2
408,graficon21nodi/grafo1941.21,14,21,26,37,42,1.0,1,36,0.024570941925048828,2
409,graficon13nodi/grafo317.13,14,13,21,38,46,1.0,2,53,0.06428146362304688,2
410,graficon33nodi/grafo154.33,14,33,34,36,37,0.0,0,62,0.012617111206054688,2
411,graficon31nodi/grafo10007.31,14,31,34,35,38,3.0,4,73,0.13806653022766113,2
412,graficon20nodi/grafo1764.20,14,20,25,37,42,1.0,2,40,0.04694533348083496,2
413,graficon31nodi/grafo5484.31,14,31,32,38,39,1.0,2,42,0.09691929817199707,2
414,graficon27nodi/grafo1286.27,14,27,31,36,40,2.0,2,44,0.04496908187866211,2
415,graficon23nodi/grafo2200.23,14,23,29,38,44,1.0,2,61,0.08212089538574219,2
416,graficon24nodi/grafo872.24,14,24,28,37,41,1.0,2,46,0.02042388916015625,2
417,graficon22nodi/grafo605.22,14,22,26,39,43,0.0,0,58,0.03068256378173828,2
418,graficon29nodi/grafo1034.29,14,29,32,38,41,1.0,1,73,0.032819509506225586,2
419,graficon21nodi/grafo2356.21,14,21,27,35,41,1.0,2,34,0.01788783073425293,2
420,graficon33nodi/grafo10134.33,14,33,34,37,38,1.0,1,35,0.01910686492919922,2
421,graficon32nodi/grafo9867.32,14,32,33,35,36,1.0,1,39,0.008616209030151367,2
422,graficon26nodi/grafo753.26,14,26,28,36,38,2.0,2,19,0.07040619850158691,2
423,graficon21nodi/grafo123.21,14,21,25,38,42,1.0,1,43,0.020760536193847656,2
424,graficon25nodi/grafo1360.25,14,25,30,35,40,3.0,5,70,0.07294797897338867,2
425,graficon27nodi/grafo174.27,14,27,28,36,37,1.0,1,64,0.029628992080688477,2
426,graficon20nodi/grafo251.20,14,20,23,36,39,1.0,1,35,0.024159908294677734,2
427,graficon18nodi/grafo2768.18,14,18,23,35,40,2.0,2,29,0.05518078804016113,2
428,graficon36nodi/grafo2402.36,14,36,38,39,41,0.0,0,67,0.02628159523010254,2
429,graficon30nodi/grafo1237.30,14,30,35,39,44,1.0,1,66,0.02110004425048828,2
430,graficon20nodi/grafo2284.20,14,20,30,37,47,4.0,6,67,0.18802165985107422,2
431,graficon17nodi/grafo1160.17,14,17,23,39,45,1.0,1,66,0.02181386947631836,2
432,graficon27nodi/grafo2721.27,14,27,27,37,37,1.0,1,29,0.016424894332885742,2
433,graficon23nodi/grafo2691.23,14,23,31,39,47,2.0,5,99,0.23018503189086914,2
434,graficon22nodi/grafo2875.22,14,22,27,38,43,2.0,2,54,0.10028219223022461,2
435,graficon33nodi/grafo11130.33,14,33,42,39,48,2.0,2,70,0.08290934562683105,2
436,graficon18nodi/grafo2805.18,14,18,25,36,43,1.0,3,86,0.067962646484375,2
437,graficon16nodi/grafo2584.16,14,16,22,39,45,1.0,2,28,0.01654982566833496,2
438,graficon17nodi/grafo597.17,14,17,24,36,43,0.0,0,70,0.020958423614501953,2
439,graficon24nodi/grafo1950.24,14,24,27,39,42,1.0,1,50,0.06691837310791016,2
440,graficon25nodi/grafo2067.25,14,25,28,38,41,1.0,1,31,0.023035287857055664,2
441,graficon15nodi/grafo2448.15,14,15,23,38,46,1.0,2,62,0.03138852119445801,2
442,graficon26nodi/grafo1273.26,14,26,27,36,37,0.0,0,61,0.02289724349975586,2
443,graficon32nodi/grafo11397.32,14,32,33,37,38,0.0,0,34,0.011411428451538086,2
444,graficon33nodi/grafo11023.33,14,33,33,36,36,0.0,0,31,0.005776882171630859,2
445,graficon33nodi/grafo11026.33,14,33,36,39,42,2.0,3,61,0.0581662654876709,2
446,graficon17nodi/grafo945.17,14,17,22,36,41,0.0,0,56,0.019484519958496094,2
447,graficon25nodi/grafo584.25,14,25,29,35,39,2.0,4,104,0.13990259170532227,2
448,graficon12nodi/grafo2426.12,14,12,18,38,44,0.0,0,41,0.018941164016723633,2
449,graficon18nodi/grafo2731.18,14,18,23,35,40,0.0,0,42,0.010792970657348633,2
450,graficon23nodi/grafo2217.23,14,23,29,35,41,3.0,9,51,0.20986390113830566,2
451,graficon26nodi/grafo2108.26,14,26,35,41,50,4.0,10,79,0.2001359462738037,2
452,graficon31nodi/grafo11581.31,14,31,36,42,47,2.0,4,110,0.24346923828125,2
453,graficon25nodi/grafo1271.25,14,25,30,40,45,2.0,3,77,0.07923674583435059,2
454,graficon31nodi/grafo11454.31,14,31,36,42,47,2.0,4,110,0.24796485900878906,2
455,graficon25nodi/grafo163.25,14,25,37,44,56,9.0,28,204,14.228320837020874,2
456,graficon19nodi/grafo950.19,14,19,23,43,47,0.0,0,37,0.015624523162841797,2
457,graficon30nodi/grafo1252.30,14,30,34,43,47,0.0,0,59,0.0201871395111084,2
458,graficon27nodi/grafo1217.27,14,27,29,42,44,0.0,0,62,0.020082712173461914,2
459,graficon34nodi/grafo11331.34,14,34,41,43,50,2.0,3,61,0.07354998588562012,2
460,graficon20nodi/grafo1873.20,14,20,27,40,47,3.0,6,76,0.2183856964111328,2
461,graficon34nodi/grafo5197.34,14,34,36,43,45,0.0,0,40,0.015260934829711914,2
462,graficon28nodi/grafo1615.28,14,28,35,43,50,3.0,8,119,0.25853633880615234,2
463,graficon27nodi/grafo3039.27,14,27,31,44,48,1.0,1,55,0.020702600479125977,2
464,graficon37nodi/grafo2519.37,14,37,39,44,46,0.0,0,95,0.043750762939453125,2
465,graficon27nodi/grafo2037.27,14,27,31,42,46,2.0,2,80,0.2437589168548584,2
466,graficon20nodi/grafo1757.20,14,20,25,41,46,1.0,1,43,0.026551008224487305,2
467,graficon23nodi/grafo551.23,14,23,29,43,49,0.0,0,56,0.02503681182861328,2
468,graficon32nodi/grafo10795.32,14,32,35,43,46,1.0,1,98,0.04927349090576172,2
469,graficon33nodi/grafo5994.33,14,33,36,42,45,0.0,0,56,0.019973278045654297,2
470,graficon23nodi/grafo2712.23,14,23,30,40,47,1.0,1,64,0.029659032821655273,2
471,graficon22nodi/grafo1894.22,14,22,30,40,48,3.0,5,81,0.0822148323059082,2
472,graficon28nodi/grafo1190.28,14,28,31,43,46,2.0,3,65,0.16464567184448242,2
473,graficon32nodi/grafo1455.32,14,32,38,43,49,1.0,2,101,0.11275792121887207,2
474,graficon18nodi/grafo1086.18,14,18,26,41,49,1.0,1,67,0.04262280464172363,2
475,graficon34nodi/grafo9918.34,14,34,34,43,43,0.0,0,20,0.005656719207763672,2
476,graficon32nodi/grafo1226.32,14,32,34,43,45,1.0,1,47,0.025975465774536133,2
477,graficon35nodi/grafo7133.35,14,35,38,43,46,1.0,3,62,0.08369112014770508,2
478,graficon34nodi/grafo11544.34,14,34,34,43,43,0.0,0,20,0.004755258560180664,2
479,graficon14nodi/grafo2738.14,14,14,23,40,49,1.0,1,65,0.03236651420593262,2
480,graficon27nodi/grafo2958.27,14,27,32,42,47,0.0,0,48,0.016923904418945312,2
481,graficon31nodi/grafo3686.31,14,31,36,42,47,2.0,4,110,0.24614286422729492,2
482,graficon14nodi/grafo701.14,14,14,20,42,48,1.0,1,43,0.021709680557250977,2
483,graficon33nodi/grafo9921.33,14,33,36,43,46,1.0,1,48,0.03327345848083496,2
484,graficon27nodi/grafo2876.27,14,27,32,41,46,2.0,2,76,0.030504703521728516,2
485,graficon25nodi/grafo1234.25,14,25,33,42,50,1.0,2,105,0.15721917152404785,2
486,graficon26nodi/grafo1285.26,14,26,30,42,46,2.0,2,36,0.08271169662475586,2
487,graficon30nodi/grafo2365.30,14,30,34,40,44,2.0,4,85,0.2180495262145996,2
488,graficon26nodi/grafo798.26,14,26,32,41,47,2.0,5,71,0.22355127334594727,2
489,graficon21nodi/grafo1682.21,14,21,41,43,63,8.0,33,177,2.426013946533203,2
490,graficon32nodi/grafo5244.32,14,32,38,42,48,0.0,0,36,0.015986919403076172,2
491,graficon23nodi/grafo2854.23,14,23,29,44,50,1.0,2,57,0.10490155220031738,2
492,graficon32nodi/grafo1053.32,14,32,41,43,52,3.0,6,154,0.3154911994934082,2
493,graficon21nodi/grafo2756.21,14,21,26,40,45,1.0,2,45,0.0680544376373291,2
494,graficon22nodi/grafo1503.22,14,22,26,44,48,0.0,0,35,0.017655611038208008,2
495,graficon22nodi/grafo2370.22,14,22,28,41,47,1.0,1,37,0.019960641860961914,2
496,graficon23nodi/grafo2769.23,14,23,27,44,48,2.0,2,55,0.10133218765258789,2
497,graficon28nodi/grafo124.28,14,28,29,41,42,1.0,1,33,0.016965866088867188,2
498,graficon31nodi/grafo9916.31,14,31,36,42,47,2.0,4,110,0.2345287799835205,2
499,graficon33nodi/grafo11631.33,14,33,43,41,51,3.0,3,73,0.08935713768005371,2
500,graficon30nodi/grafo1256.30,14,30,33,40,43,0.0,0,52,0.01660895347595215,2
501,graficon32nodi/grafo10231.32,14,32,35,43,46,0.0,0,49,0.013104677200317383,2
502,graficon34nodi/grafo11277.34,14,34,35,41,42,0.0,0,44,0.009279966354370117,2
503,graficon34nodi/grafo2464.34,14,34,38,44,48,2.0,5,106,0.33107614517211914,2
504,graficon27nodi/grafo1199.27,14,27,30,40,43,0.0,0,22,0.006156444549560547,2
505,graficon25nodi/grafo1614.25,14,25,27,41,43,1.0,1,72,0.026892900466918945,2
506,graficon29nodi/grafo1376.29,14,29,34,42,47,2.0,3,77,0.14756345748901367,2
507,graficon35nodi/grafo3480.35,14,35,35,44,44,0.0,0,79,0.022951126098632812,2
508,graficon29nodi/grafo1587.29,14,29,35,42,48,1.0,1,108,0.06325101852416992,2
509,graficon34nodi/grafo6050.34,14,34,41,43,50,2.0,3,55,0.05612945556640625,2
510,graficon25nodi/grafo2755.25,14,25,32,42,49,3.0,5,57,1.628953218460083,2
511,graficon23nodi/grafo2853.23,14,23,34,40,51,7.0,16,114,0.8380637168884277,2
512,graficon34nodi/grafo10281.34,14,34,41,42,49,1.0,1,63,0.03554821014404297,2
513,graficon34nodi/grafo11630.34,14,34,40,44,50,1.0,1,92,0.04438948631286621,2
514,graficon28nodi/grafo2436.28,14,28,37,44,53,5.0,8,133,0.5707788467407227,2
515,graficon34nodi/grafo9878.34,14,34,39,41,46,1.0,2,65,0.08930516242980957,2
516,graficon32nodi/grafo3901.32,14,32,38,42,48,1.0,3,91,0.07717704772949219,2
517,graficon35nodi/grafo11455.35,14,35,35,42,42,0.0,0,44,0.01485443115234375,2
518,graficon28nodi/grafo296.28,14,28,36,43,51,4.0,12,110,0.3582940101623535,2
519,graficon25nodi/grafo1251.25,14,25,26,40,41,0.0,0,28,0.011853694915771484,2
520,graficon34nodi/grafo11319.34,14,34,40,42,48,1.0,3,84,0.11431121826171875,2
521,graficon34nodi/grafo11660.34,14,34,36,43,45,1.0,1,94,0.04810619354248047,2
522,graficon31nodi/grafo2394.31,14,31,36,43,48,2.0,5,110,0.23505783081054688,2
523,graficon26nodi/grafo1218.26,14,26,28,42,44,0.0,0,51,0.028675556182861328,2
524,graficon37nodi/grafo6342.37,14,37,42,44,49,4.0,7,105,0.3976316452026367,2
525,graficon28nodi/grafo1311.28,14,28,34,42,48,3.0,5,75,0.18527770042419434,2
526,graficon19nodi/grafo1826.19,14,19,27,46,54,1.0,2,72,0.11538386344909668,2
527,graficon14nodi/grafo1951.14,14,14,25,46,57,2.0,3,79,0.17522430419921875,2
528,graficon37nodi/grafo3547.37,14,37,38,49,50,0.0,0,35,0.0219571590423584,2
529,graficon34nodi/grafo11207.34,14,34,38,48,52,2.0,4,52,0.11019372940063477,2
530,graficon31nodi/grafo10887.31,14,31,36,46,51,0.0,0,50,0.022329092025756836,2
531,graficon32nodi/grafo1255.32,14,32,37,46,51,1.0,1,57,0.02536940574645996,2
532,graficon28nodi/grafo1840.28,14,28,34,48,54,3.0,4,52,0.14740872383117676,2
533,graficon21nodi/grafo630.21,14,21,28,45,52,1.0,1,47,0.03561258316040039,2
534,graficon26nodi/grafo3044.26,14,26,34,48,56,2.0,3,74,0.23366951942443848,2
535,graficon23nodi/grafo1806.23,14,23,28,48,53,0.0,0,45,0.03214597702026367,2
536,graficon31nodi/grafo10458.31,14,31,36,46,51,0.0,0,50,0.02049541473388672,2
537,graficon35nodi/grafo10620.35,14,35,41,46,52,2.0,3,102,0.23978400230407715,2
538,graficon22nodi/grafo249.22,14,22,31,46,55,3.0,4,97,0.3385329246520996,2
539,graficon32nodi/grafo745.32,14,32,36,45,49,0.0,0,86,0.03462362289428711,2
540,graficon35nodi/grafo5759.35,14,35,39,45,49,1.0,1,32,0.012093305587768555,2
541,graficon33nodi/grafo11516.33,14,33,42,45,54,2.0,4,60,0.19329428672790527,2
542,graficon25nodi/grafo2437.25,14,25,30,48,53,1.0,1,37,0.023258686065673828,2
543,graficon31nodi/grafo1301.31,14,31,40,47,56,4.0,7,126,0.519690752029419,2
544,graficon38nodi/grafo3332.38,14,38,43,45,50,1.0,2,158,0.19610834121704102,2
545,graficon22nodi/grafo2748.22,14,22,29,45,52,0.0,0,87,0.035437822341918945,2
546,graficon27nodi/grafo1253.27,14,27,32,45,50,1.0,2,119,0.1987605094909668,2
547,graficon36nodi/grafo3862.36,14,36,41,46,51,4.0,4,74,0.135145902633667,2
548,graficon28nodi/grafo1202.28,14,28,36,45,53,3.0,4,85,0.16899561882019043,2
549,graficon37nodi/grafo5957.37,14,37,39,48,50,0.0,0,142,0.05244588851928711,2
550,graficon38nodi/grafo6734.38,14,38,41,45,48,1.0,1,97,0.06349396705627441,2
551,graficon36nodi/grafo5561.36,14,36,38,47,49,0.0,0,36,0.01124429702758789,2
552,graficon31nodi/grafo10011.31,14,31,36,46,51,0.0,0,50,0.022723674774169922,2
553,graficon36nodi/grafo6066.36,14,36,39,48,51,0.0,0,80,0.04173731803894043,2
554,graficon31nodi/grafo1362.31,14,31,37,45,51,1.0,1,78,0.06048893928527832,2
555,graficon27nodi/grafo1200.27,14,27,36,46,55,0.0,0,113,0.05282306671142578,2
556,graficon39nodi/grafo6087.39,14,39,46,48,55,4.0,9,78,0.31189656257629395,2
557,graficon33nodi/grafo5247.33,14,33,38,46,51,0.0,0,33,0.009800434112548828,2
558,graficon36nodi/grafo6811.36,14,36,44,48,56,1.0,2,63,0.07477116584777832,2
559,graficon23nodi/grafo1798.23,14,23,31,48,56,2.0,3,91,0.08602285385131836,2
560,graficon27nodi/grafo2275.27,14,27,32,46,51,2.0,2,77,0.16435742378234863,2
561,graficon26nodi/grafo2981.26,14,26,36,45,55,4.0,11,138,0.328275203704834,2
562,graficon36nodi/grafo3414.36,14,36,39,46,49,2.0,2,49,0.15218138694763184,2
563,graficon19nodi/grafo2428.19,14,19,23,45,49,1.0,1,31,0.01757526397705078,2
564,graficon35nodi/grafo10085.35,14,35,41,46,52,4.0,8,98,0.4164309501647949,2
565,graficon32nodi/grafo1379.32,14,32,39,48,55,1.0,3,83,0.11355853080749512,2
566,graficon26nodi/grafo173.26,14,26,31,46,51,2.0,3,82,0.08508419990539551,2
567,graficon38nodi/grafo5236.38,14,38,43,49,54,2.0,2,50,0.07636904716491699,2
568,graficon26nodi/grafo2399.26,14,26,31,46,51,1.0,2,79,0.0693051815032959,2
569,graficon31nodi/grafo11421.31,14,31,37,46,52,2.0,4,103,0.20879840850830078,2
570,graficon40nodi/grafo7698.40,14,40,47,49,56,1.0,1,116,0.056435346603393555,2
571,graficon35nodi/grafo1925.35,14,35,36,48,49,0.0,0,71,0.035709381103515625,2
572,graficon25nodi/grafo1319.25,14,25,31,47,53,3.0,3,93,0.1943662166595459,2
573,graficon26nodi/grafo2999.26,14,26,30,45,49,1.0,2,43,0.10178899765014648,2
574,graficon21nodi/grafo1632.21,14,21,26,48,53,0.0,0,35,0.015891075134277344,2
575,graficon32nodi/grafo9975.32,14,32,39,48,55,2.0,4,104,0.2953453063964844,2
576,graficon33nodi/grafo5182.33,14,33,38,49,54,0.0,0,67,0.036904335021972656,2
577,graficon32nodi/grafo11121.32,14,32,40,47,55,2.0,4,85,0.2356870174407959,2
578,graficon35nodi/grafo6642.35,14,35,42,49,56,2.0,5,92,0.2171783447265625,2
579,graficon28nodi/grafo932.28,14,28,35,45,52,1.0,2,77,0.22626948356628418,2
580,graficon34nodi/grafo2578.34,14,34,36,48,50,1.0,1,55,0.03903055191040039,2
581,graficon33nodi/grafo11538.33,14,33,38,47,52,1.0,3,83,0.2233719825744629,2
582,graficon33nodi/grafo10562.33,14,33,39,48,54,2.0,4,109,0.2505345344543457,2
583,graficon35nodi/grafo2815.35,14,35,43,47,55,2.0,9,98,0.25655198097229004,2
584,graficon18nodi/grafo374.18,14,18,25,46,53,0.0,0,59,0.03077864646911621,2
585,graficon34nodi/grafo5148.34,14,34,37,47,50,1.0,1,74,0.04035592079162598,2
586,graficon35nodi/grafo11567.35,14,35,43,45,53,1.0,1,82,0.031179189682006836,2
587,graficon31nodi/grafo1115.31,14,31,43,45,57,6.0,13,225,1.0342884063720703,2
588,graficon34nodi/grafo2363.34,14,34,39,48,53,2.0,3,83,0.12915849685668945,2
589,graficon33nodi/grafo11375.33,14,33,39,48,54,1.0,3,91,0.12323188781738281,2
590,graficon36nodi/grafo5879.36,14,36,42,46,52,2.0,4,99,0.09686040878295898,2
591,graficon35nodi/grafo5820.35,14,35,38,45,48,1.0,1,57,0.03161048889160156,2
592,graficon17nodi/grafo678.17,14,17,25,48,56,1.0,1,56,0.0270843505859375,2
593,graficon32nodi/grafo9954.32,14,32,34,46,48,1.0,1,40,0.01356196403503418,2
594,graficon35nodi/grafo5966.35,14,35,45,47,57,4.0,10,80,0.2986600399017334,2
595,graficon35nodi/grafo5522.35,14,35,40,46,51,4.0,6,97,0.2862551212310791,2
596,graficon22nodi/grafo2807.22,14,22,27,46,51,2.0,2,34,0.07924342155456543,2
597,graficon32nodi/grafo3106.32,14,32,38,48,54,2.0,3,89,0.19956016540527344,2
598,graficon36nodi/grafo5667.36,14,36,40,46,50,0.0,0,47,0.018355369567871094,2
599,graficon31nodi/grafo2262.31,14,31,40,47,56,1.0,3,110,0.1512289047241211,2
600,graficon33nodi/grafo10456.33,14,33,38,48,53,3.0,4,57,0.19782638549804688,2
601,graficon33nodi/grafo1915.33,14,33,44,54,65,2.0,2,157,0.5012943744659424,2
602,graficon36nodi/grafo3304.36,14,36,47,53,64,5.0,15,147,0.7717790603637695,2
603,graficon36nodi/grafo11296.36,14,36,44,50,58,4.0,18,133,1.4369111061096191,2
604,graficon37nodi/grafo3729.37,14,37,45,54,62,2.0,3,108,0.11068367958068848,2
605,graficon36nodi/grafo2212.36,14,36,41,54,59,2.0,2,93,0.10339808464050293,2
606,graficon31nodi/grafo1989.31,14,31,33,54,56,0.0,0,48,0.02639174461364746,2
607,graficon35nodi/grafo10658.35,14,35,41,50,56,2.0,3,82,0.18515801429748535,2
608,graficon39nodi/grafo5309.39,14,39,46,54,61,3.0,5,161,0.3573925495147705,2
609,graficon34nodi/grafo5495.34,14,34,43,53,62,4.0,7,69,0.422914981842041,2
610,graficon37nodi/grafo3433.37,14,37,42,54,59,1.0,3,77,0.15232491493225098,2
611,graficon34nodi/grafo9882.34,14,34,39,50,55,0.0,0,72,0.03743600845336914,2
612,graficon22nodi/grafo1154.22,14,22,28,50,56,2.0,3,68,0.19034624099731445,2
613,graficon22nodi/grafo1715.22,14,22,34,54,66,3.0,3,135,0.38285374641418457,2
614,graficon36nodi/grafo3282.36,14,36,40,54,58,1.0,2,76,0.1550290584564209,2
615,graficon36nodi/grafo3153.36,14,36,43,53,60,1.0,2,75,0.12422323226928711,2
616,graficon34nodi/grafo4029.34,14,34,40,50,56,3.0,6,78,0.20657873153686523,2
617,graficon32nodi/grafo1784.32,14,32,36,52,56,2.0,3,50,0.0786428451538086,2
618,graficon33nodi/grafo2397.33,14,33,39,50,56,3.0,5,79,0.36657166481018066,2
619,graficon39nodi/grafo7363.39,14,39,43,51,55,2.0,3,159,0.30800700187683105,2
620,graficon34nodi/grafo11241.34,14,34,39,50,55,0.0,0,72,0.03191328048706055,2
621,graficon31nodi/grafo1689.31,14,31,34,53,56,0.0,0,57,0.022458314895629883,2
622,graficon39nodi/grafo6808.39,14,39,45,51,57,2.0,6,102,0.16459083557128906,2
623,graficon24nodi/grafo522.24,14,24,30,51,57,2.0,4,105,0.1331346035003662,2
624,graficon25nodi/grafo2016.25,14,25,33,50,58,1.0,2,74,0.10150980949401855,2
625,graficon24nodi/grafo1667.24,14,24,29,50,55,1.0,1,45,0.02106189727783203,2
626,graficon40nodi/grafo5346.40,14,40,44,52,56,3.0,6,84,0.30490589141845703,2
627,graficon34nodi/grafo11531.34,14,34,37,50,53,1.0,1,59,0.05283927917480469,2
628,graficon23nodi/grafo1974.23,14,23,27,54,58,1.0,1,61,0.03184056282043457,2
629,graficon30nodi/grafo1183.30,14,30,39,50,59,3.0,6,104,0.3683161735534668,2
630,graficon35nodi/grafo7366.35,14,35,43,51,59,1.0,1,97,0.0750119686126709,2
631,graficon33nodi/grafo9869.33,14,33,38,50,55,2.0,2,49,0.08284759521484375,2
632,graficon38nodi/grafo3247.38,14,38,43,50,55,2.0,3,78,0.4111475944519043,2
633,graficon36nodi/grafo5319.36,14,36,44,53,61,2.0,2,155,0.2529020309448242,2
634,graficon30nodi/grafo11384.30,14,30,34,50,54,1.0,2,59,0.034143686294555664,2
635,graficon38nodi/grafo3966.38,14,38,42,54,58,2.0,4,73,0.23556017875671387,2
636,graficon32nodi/grafo3012.32,14,32,38,54,60,1.0,3,129,0.16434574127197266,2
637,graficon33nodi/grafo1174.33,14,33,41,53,61,2.0,4,115,0.26940250396728516,2
638,graficon35nodi/grafo11415.35,14,35,43,52,60,4.0,5,97,0.1623516082763672,2
639,graficon36nodi/grafo10746.36,14,36,42,54,60,0.0,0,81,0.03143477439880371,2
640,graficon38nodi/grafo6579.38,14,38,49,54,65,4.0,7,120,0.5912084579467773,2
641,graficon32nodi/grafo10058.32,14,32,40,51,59,2.0,3,72,0.17407584190368652,2
642,graficon34nodi/grafo11614.34,14,34,39,50,55,0.0,0,72,0.031630516052246094,2
643,graficon38nodi/grafo6106.38,14,38,47,53,62,5.0,12,133,2.0183515548706055,2
644,graficon26nodi/grafo309.26,14,26,36,54,64,2.0,6,111,0.246262788772583,2
645,graficon34nodi/grafo10483.34,14,34,45,50,61,4.0,8,84,0.6259317398071289,2
646,graficon34nodi/grafo3023.34,14,34,42,54,62,2.0,2,101,0.21607232093811035,2
647,graficon35nodi/grafo11423.35,14,35,42,54,61,2.0,4,97,0.10975432395935059,2
648,graficon26nodi/grafo1952.26,14,26,31,54,59,1.0,3,70,0.19675111770629883,2
649,graficon38nodi/grafo5993.38,14,38,44,53,59,4.0,4,74,0.2139589786529541,2
650,graficon17nodi/grafo2227.17,14,17,25,50,58,1.0,2,69,0.2115800380706787,2
651,graficon34nodi/grafo2082.34,14,34,38,54,58,0.0,0,43,0.02611255645751953,2
652,graficon27nodi/grafo1746.27,14,27,38,52,63,2.0,3,108,0.09033012390136719,2
653,graficon33nodi/grafo3214.33,14,33,44,52,63,7.0,15,146,2.0972900390625,2
654,graficon28nodi/grafo3060.28,14,28,36,51,59,3.0,4,58,0.13654160499572754,2
655,graficon24nodi/grafo1158.24,14,24,34,52,62,3.0,6,139,0.5454890727996826,2
656,graficon33nodi/grafo11638.33,14,33,38,53,58,2.0,2,76,0.16714811325073242,2
657,graficon35nodi/grafo7548.35,14,35,42,54,61,1.0,1,109,0.20284008979797363,2
658,graficon34nodi/grafo5827.34,14,34,40,51,57,2.0,2,94,0.1518082618713379,2
659,graficon34nodi/grafo5485.34,14,34,43,52,61,2.0,5,83,0.15159869194030762,2
660,graficon35nodi/grafo6897.35,14,35,47,52,64,5.0,11,133,1.6692228317260742,2
661,graficon34nodi/grafo5498.34,14,34,41,54,61,4.0,4,110,0.43361520767211914,2
662,graficon34nodi/grafo5856.34,14,34,41,50,57,2.0,4,75,0.07800865173339844,2
663,graficon40nodi/grafo4073.40,14,40,42,51,53,2.0,2,151,0.4962027072906494,2
664,graficon36nodi/grafo10619.36,14,36,41,51,56,1.0,1,92,0.043483734130859375,2
665,graficon42nodi/grafo7119.42,14,42,46,50,54,2.0,2,114,0.14426970481872559,2
666,graficon36nodi/grafo11525.36,14,36,45,53,62,4.0,6,67,0.2801320552825928,2
667,graficon35nodi/grafo11234.35,14,35,35,51,51,0.0,0,23,0.008153200149536133,2
668,graficon24nodi/grafo2787.24,14,24,35,51,62,4.0,7,99,2.031717538833618,2
669,graficon40nodi/grafo3874.40,14,40,46,50,56,1.0,4,135,0.1936788558959961,2
670,graficon28nodi/grafo1569.28,14,28,36,53,61,1.0,1,89,0.04731917381286621,2
671,graficon35nodi/grafo2098.35,14,35,42,50,57,1.0,3,43,0.05664253234863281,2
672,graficon34nodi/grafo2031.34,14,34,42,53,61,4.0,4,115,0.21780896186828613,2
673,graficon30nodi/grafo11667.30,14,30,34,52,56,0.0,0,33,0.022542476654052734,2
674,graficon30nodi/grafo1345.30,14,30,44,50,64,8.0,16,278,1.4164741039276123,2
675,graficon29nodi/grafo2054.29,14,29,35,50,56,2.0,2,43,0.0688791275024414,2
676,graficon41nodi/grafo4004.41,14,41,48,57,64,3.0,5,80,0.23872900009155273,2
677,graficon37nodi/grafo2224.37,14,37,45,58,66,4.0,12,127,1.6546757221221924,2
678,graficon34nodi/grafo6076.34,14,34,44,56,66,1.0,2,133,0.1535661220550537,2
679,graficon40nodi/grafo5714.40,14,40,52,59,71,6.0,19,194,4.135757684707642,2
680,graficon38nodi/grafo9968.38,14,38,44,55,61,1.0,1,63,0.046132564544677734,2
681,graficon28nodi/grafo1201.28,14,28,38,58,68,2.0,5,108,0.1608138084411621,2
682,graficon35nodi/grafo10708.35,14,35,46,55,66,8.0,20,204,7.447948217391968,2
683,graficon21nodi/grafo433.21,14,21,28,55,62,4.0,5,63,0.2590065002441406,2
684,graficon34nodi/grafo5143.34,14,34,40,57,63,1.0,1,47,0.015518665313720703,2
685,graficon36nodi/grafo11677.36,14,36,49,56,69,5.0,8,126,1.7624523639678955,2
686,graficon37nodi/grafo3125.37,14,37,42,58,63,1.0,2,47,0.0801546573638916,2
687,graficon37nodi/grafo7307.37,14,37,47,55,65,3.0,3,73,0.13643336296081543,2
688,graficon37nodi/grafo6450.37,14,37,46,57,66,3.0,4,66,0.16680192947387695,2
689,graficon39nodi/grafo3679.39,14,39,43,56,60,2.0,5,102,0.46752429008483887,2
690,graficon38nodi/grafo6656.38,14,38,46,57,65,3.0,3,123,0.20348167419433594,2
691,graficon34nodi/grafo11409.34,14,34,35,56,57,1.0,1,46,0.02441549301147461,2
692,graficon38nodi/grafo6939.38,14,38,51,57,70,5.0,13,135,0.618830680847168,2
693,graficon33nodi/grafo2687.33,14,33,46,56,69,7.0,16,237,2.0008418560028076,2
694,graficon38nodi/grafo3351.38,14,38,46,55,63,4.0,7,86,0.28949618339538574,2
695,graficon37nodi/grafo7087.37,14,37,44,59,66,1.0,2,88,0.23330116271972656,2
696,graficon36nodi/grafo11468.36,14,36,47,58,69,8.0,22,170,178.712144613266,2
697,graficon31nodi/grafo1946.31,14,31,38,59,66,3.0,3,55,0.26026344299316406,2
698,graficon32nodi/grafo1908.32,14,32,39,55,62,2.0,3,100,0.3118572235107422,2
699,graficon40nodi/grafo3255.40,14,40,46,56,62,5.0,8,104,0.37987279891967773,2
700,graficon37nodi/grafo5301.37,14,37,44,58,65,2.0,3,77,0.23415446281433105,2
701,graficon35nodi/grafo5613.35,14,35,46,57,68,4.0,12,177,0.6367542743682861,2
702,graficon35nodi/grafo2990.35,14,35,48,59,72,6.0,14,114,1.638758659362793,2
703,graficon43nodi/grafo6878.43,14,43,48,56,61,4.0,5,69,0.42218971252441406,2
704,graficon27nodi/grafo1390.27,14,27,39,57,69,4.0,11,123,0.5802555084228516,2
705,graficon36nodi/grafo6227.36,14,36,46,59,69,5.0,8,147,0.715580940246582,2
706,graficon39nodi/grafo3830.39,14,39,50,58,69,4.0,6,161,0.4384458065032959,2
707,graficon37nodi/grafo6796.37,14,37,49,57,69,6.0,7,154,0.6493823528289795,2
708,graficon33nodi/grafo5872.33,14,33,39,57,63,2.0,2,43,0.0909414291381836,2
709,graficon36nodi/grafo6071.36,14,36,43,59,66,2.0,3,65,0.1312122344970703,2
710,graficon36nodi/grafo2465.36,14,36,44,58,66,3.0,5,135,0.36873435974121094,2
711,graficon38nodi/grafo7362.38,14,38,44,59,65,2.0,3,82,0.15538978576660156,2
712,graficon38nodi/grafo7290.38,14,38,47,58,67,5.0,8,153,0.9088180065155029,2
713,graficon42nodi/grafo3239.42,14,42,48,56,62,4.0,4,146,0.39940571784973145,2
714,graficon44nodi/grafo3040.44,14,44,50,59,65,3.0,5,105,0.29799556732177734,2
715,graficon39nodi/grafo11577.39,14,39,49,55,65,6.0,9,117,0.5238416194915771,2
716,graficon40nodi/grafo4081.40,14,40,46,56,62,4.0,13,189,1.6240243911743164,2
717,graficon42nodi/grafo6381.42,14,42,50,59,67,3.0,4,97,0.1386730670928955,2
718,graficon41nodi/grafo10067.41,14,41,47,58,64,2.0,3,73,0.09975218772888184,2
719,graficon37nodi/grafo11622.37,14,37,49,59,71,3.0,5,89,0.3214566707611084,2
720,graficon32nodi/grafo1992.32,14,32,36,57,61,2.0,2,66,0.15651345252990723,2
721,graficon38nodi/grafo6467.38,14,38,43,59,64,2.0,2,64,0.14676928520202637,2
722,graficon40nodi/grafo6922.40,14,40,47,59,66,3.0,5,116,0.39226603507995605,2
723,graficon34nodi/grafo5303.34,14,34,44,59,69,2.0,2,95,0.2820723056793213,2
724,graficon34nodi/grafo11396.34,14,34,35,55,56,0.0,0,32,0.01242518424987793,2
725,graficon39nodi/grafo5122.39,14,39,51,59,71,5.0,16,227,1.8970234394073486,2
726,graficon42nodi/grafo6223.42,14,42,45,59,62,1.0,2,67,0.09613919258117676,2
727,graficon40nodi/grafo2627.40,14,40,49,56,65,5.0,7,123,0.6642909049987793,2
728,graficon41nodi/grafo6876.41,14,41,50,58,67,2.0,5,107,0.26926660537719727,2
729,graficon35nodi/grafo11548.35,14,35,46,55,66,8.0,20,204,7.702437400817871,2
730,graficon31nodi/grafo1637.31,14,31,41,56,66,5.0,11,124,1.0822689533233643,2
731,graficon38nodi/grafo3437.38,14,38,45,57,64,5.0,9,113,0.9050970077514648,2
732,graficon35nodi/grafo10135.35,14,35,43,55,63,4.0,7,118,0.32177162170410156,2
733,graficon38nodi/grafo2960.38,14,38,48,56,66,5.0,14,130,1.8258721828460693,2
734,graficon35nodi/grafo3720.35,14,35,46,59,70,3.0,6,141,0.6411688327789307,2
735,graficon36nodi/grafo6233.36,14,36,47,56,67,3.0,8,99,0.4490835666656494,2
736,graficon24nodi/grafo1966.24,14,24,34,58,68,1.0,2,89,0.14181756973266602,2
737,graficon38nodi/grafo3681.38,14,38,48,56,66,3.0,6,121,0.6385328769683838,2
738,graficon36nodi/grafo5970.36,14,36,46,57,67,5.0,10,162,1.3271610736846924,2
739,graficon26nodi/grafo1272.26,14,26,34,56,64,1.0,1,96,0.0790700912475586,2
740,graficon32nodi/grafo2968.32,14,32,41,55,64,5.0,8,121,0.37105655670166016,2
741,graficon34nodi/grafo5917.34,14,34,41,58,65,1.0,2,65,0.08048319816589355,2
742,graficon35nodi/grafo11344.35,14,35,40,55,60,1.0,3,84,0.11741352081298828,2
743,graficon47nodi/grafo1531.47,14,47,54,58,65,1.0,2,181,0.15429210662841797,2
744,graficon36nodi/grafo5264.36,14,36,41,59,64,0.0,0,74,0.02613687515258789,2
745,graficon36nodi/grafo7306.36,14,36,48,55,67,8.0,32,258,95.93063974380493,2
746,graficon34nodi/grafo3124.34,14,34,43,56,65,4.0,8,111,0.6067571640014648,2
747,graficon35nodi/grafo11633.35,14,35,46,56,67,5.0,7,127,0.6972665786743164,2
748,graficon40nodi/grafo6115.40,14,40,46,57,63,2.0,5,83,0.10762262344360352,2
749,graficon37nodi/grafo3554.37,14,37,41,57,61,0.0,0,64,0.03406715393066406,2
750,graficon36nodi/grafo10229.36,14,36,46,58,68,2.0,5,92,0.18098211288452148,2
751,graficon33nodi/grafo598.33,14,33,49,63,79,6.0,25,219,12.639154195785522,2
752,graficon44nodi/grafo7435.44,14,44,53,63,72,3.0,4,98,0.22020649909973145,2
753,graficon40nodi/grafo6485.40,14,40,51,62,73,6.0,16,119,14.20551347732544,2
754,graficon35nodi/grafo6035.35,14,35,50,61,76,4.0,9,175,0.7464194297790527,2
755,graficon38nodi/grafo7531.38,14,38,44,61,67,2.0,3,99,0.09440350532531738,2
756,graficon37nodi/grafo11473.37,14,37,42,61,66,1.0,1,54,0.04200387001037598,2
757,graficon33nodi/grafo5821.33,14,33,43,62,72,1.0,4,105,0.13956165313720703,2
758,graficon39nodi/grafo5308.39,14,39,49,64,74,2.0,7,101,0.3002810478210449,2
759,graficon33nodi/grafo10454.33,14,33,41,61,69,2.0,3,77,0.20049667358398438,2
760,graficon42nodi/grafo7704.42,14,42,51,63,72,6.0,11,149,24.713536262512207,2
761,graficon33nodi/grafo2654.33,14,33,49,64,80,5.0,14,162,1.4150311946868896,2
762,graficon36nodi/grafo11077.36,14,36,40,63,67,1.0,1,67,0.042062997817993164,2
763,graficon37nodi/grafo5888.37,14,37,50,60,73,6.0,9,107,0.4646894931793213,2
764,graficon33nodi/grafo10732.33,14,33,37,60,64,1.0,1,62,0.05803251266479492,2
765,graficon25nodi/grafo2301.25,14,25,37,61,73,1.0,1,103,0.089141845703125,2
766,graficon43nodi/grafo7428.43,14,43,52,60,69,3.0,6,138,0.25530076026916504,2
767,graficon32nodi/grafo2991.32,14,32,43,61,72,4.0,6,141,0.5675723552703857,2
768,graficon41nodi/grafo3498.41,14,41,53,63,75,4.0,14,167,1.4213318824768066,2
769,graficon36nodi/grafo11414.36,14,36,47,62,73,6.0,9,98,0.4549851417541504,2
770,graficon35nodi/grafo10841.35,14,35,45,62,72,4.0,9,123,0.6507823467254639,2
771,graficon38nodi/grafo2959.38,14,38,48,61,71,4.0,7,100,0.40860891342163086,2
772,graficon30nodi/grafo359.30,14,30,37,60,67,3.0,4,55,0.169785737991333,2
773,graficon37nodi/grafo1555.37,14,37,48,61,72,5.0,16,125,4.573085308074951,2
774,graficon37nodi/grafo2398.37,14,37,47,64,74,4.0,10,141,1.2327988147735596,2
775,graficon40nodi/grafo2729.40,14,40,46,64,70,3.0,4,100,0.43887877464294434,2
776,graficon42nodi/grafo3325.42,14,42,52,64,74,2.0,5,143,0.5467913150787354,2
777,graficon36nodi/grafo10462.36,14,36,40,61,65,0.0,0,41,0.020617008209228516,2
778,graficon39nodi/grafo7630.39,14,39,46,62,69,3.0,8,111,0.6924679279327393,2
779,graficon30nodi/grafo2012.30,14,30,46,64,80,5.0,17,196,2.7225735187530518,2
780,graficon48nodi/grafo1669.48,14,48,59,62,73,5.0,16,209,3.7815167903900146,2
781,graficon40nodi/grafo3116.40,14,40,47,64,71,2.0,5,150,0.2807464599609375,2
782,graficon41nodi/grafo4047.41,14,41,48,63,70,1.0,1,104,0.11441898345947266,2
783,graficon44nodi/grafo3971.44,14,44,48,64,68,1.0,2,88,0.401775598526001,2
784,graficon36nodi/grafo6093.36,14,36,43,63,70,5.0,7,62,0.8137009143829346,2
785,graficon39nodi/grafo6244.39,14,39,52,64,77,5.0,13,237,3.1139214038848877,2
786,graficon34nodi/grafo5991.34,14,34,41,60,67,2.0,2,94,0.41704559326171875,2
787,graficon38nodi/grafo5998.38,14,38,44,60,66,1.0,1,88,0.0806722640991211,2
788,graficon32nodi/grafo5807.32,14,32,41,64,73,1.0,2,66,0.15451788902282715,2
789,graficon29nodi/grafo2811.29,14,29,40,62,73,3.0,9,95,0.5518250465393066,2
790,graficon33nodi/grafo11643.33,14,33,37,60,64,1.0,1,62,0.05796170234680176,2
791,graficon45nodi/grafo7711.45,14,45,53,64,72,2.0,3,103,0.32491064071655273,2
792,graficon35nodi/grafo3483.35,14,35,41,61,67,3.0,4,77,0.2859158515930176,2
793,graficon37nodi/grafo7410.37,14,37,51,61,75,5.0,16,127,1.89980149269104,2
794,graficon39nodi/grafo3792.39,14,39,49,61,71,3.0,7,152,0.6108512878417969,2
795,graficon46nodi/grafo7281.46,14,46,54,61,69,5.0,9,148,0.5770120620727539,2
796,graficon41nodi/grafo7033.41,14,41,48,60,67,3.0,8,122,0.7640085220336914,2
797,graficon37nodi/grafo6905.37,14,37,48,63,74,6.0,11,112,4.648936986923218,2
798,graficon33nodi/grafo1668.33,14,33,41,63,71,3.0,6,71,0.5289158821105957,2
799,graficon43nodi/grafo4042.43,14,43,47,60,64,0.0,0,99,0.07035636901855469,2
800,graficon37nodi/grafo3728.37,14,37,47,63,73,3.0,6,102,0.4675426483154297,2
801,graficon37nodi/grafo6219.37,14,37,45,62,70,3.0,4,112,0.23333287239074707,2
802,graficon37nodi/grafo2761.37,14,37,45,60,68,3.0,5,138,0.17601990699768066,2
803,graficon35nodi/grafo6010.35,14,35,44,60,69,4.0,8,113,0.6901164054870605,2
804,graficon41nodi/grafo5637.41,14,41,49,61,69,3.0,5,148,0.40906429290771484,2
805,graficon36nodi/grafo5783.36,14,36,46,62,72,3.0,6,107,0.4762687683105469,2
806,graficon42nodi/grafo5250.42,14,42,51,64,73,3.0,7,117,0.5458722114562988,2
807,graficon38nodi/grafo11452.38,14,38,50,62,74,7.0,17,160,4.164442539215088,2
808,graficon41nodi/grafo11172.41,14,41,51,62,72,5.0,8,126,0.6572003364562988,2
809,graficon37nodi/grafo7650.37,14,37,52,63,78,4.0,9,210,0.6338093280792236,2
810,graficon33nodi/grafo11527.33,14,33,40,62,69,2.0,3,97,0.14656734466552734,2
811,graficon40nodi/grafo6142.40,14,40,49,64,73,5.0,8,117,0.6568324565887451,2
812,graficon36nodi/grafo5809.36,14,36,45,63,72,3.0,8,151,0.7219114303588867,2
813,graficon40nodi/grafo5426.40,14,40,50,62,72,5.0,14,260,7.8324198722839355,2
814,graficon34nodi/grafo3076.34,14,34,39,61,66,1.0,2,59,0.16223955154418945,2
815,graficon39nodi/grafo7374.39,14,39,51,62,74,7.0,18,173,3.4756436347961426,2
816,graficon40nodi/grafo7706.40,14,40,51,60,71,4.0,15,131,1.0606396198272705,2
817,graficon44nodi/grafo3602.44,14,44,53,62,71,5.0,13,217,1.4193215370178223,2
818,graficon43nodi/grafo7484.43,14,43,49,63,69,4.0,4,120,0.633091926574707,2
819,graficon37nodi/grafo11410.37,14,37,45,64,72,3.0,4,87,0.11682868003845215,2
820,graficon35nodi/grafo6104.35,14,35,40,63,68,1.0,1,111,0.07596921920776367,2
821,graficon36nodi/grafo5360.36,14,36,44,62,70,4.0,6,80,0.4139540195465088,2
822,graficon38nodi/grafo5222.38,14,38,43,62,67,2.0,3,90,0.2948434352874756,2
823,graficon36nodi/grafo11309.36,14,36,46,61,71,5.0,13,166,2.0062525272369385,2
824,graficon36nodi/grafo5457.36,14,36,43,61,68,2.0,4,58,0.15570378303527832,2
825,graficon37nodi/grafo7092.37,14,37,47,61,71,5.0,19,206,12.744001150131226,2
826,graficon38nodi/grafo1999.38,14,38,45,68,75,2.0,2,73,0.13136792182922363,2
827,graficon38nodi/grafo7684.38,14,38,54,68,84,6.0,16,226,2.0472137928009033,2
828,graficon43nodi/grafo3669.43,14,43,52,67,76,4.0,6,231,0.9955635070800781,2
829,graficon40nodi/grafo11665.40,14,40,48,68,76,4.0,9,108,1.0390405654907227,2
830,graficon39nodi/grafo10234.39,14,39,51,69,81,5.0,14,131,1.7231676578521729,2
831,graficon40nodi/grafo6382.40,14,40,52,65,77,6.0,12,167,13.519049644470215,2
832,graficon44nodi/grafo7013.44,14,44,53,69,78,1.0,1,108,0.06469416618347168,2
833,graficon37nodi/grafo3341.37,14,37,50,66,79,6.0,13,199,3.8301358222961426,2
834,graficon40nodi/grafo5504.40,14,40,53,66,79,5.0,10,161,1.6901612281799316,2
835,graficon44nodi/grafo1219.44,14,44,48,66,70,0.0,0,65,0.0346684455871582,2
836,graficon29nodi/grafo3034.29,14,29,40,65,76,3.0,4,178,0.32797765731811523,2
837,graficon44nodi/grafo3831.44,14,44,52,67,75,3.0,8,191,3.8294243812561035,2
838,graficon35nodi/grafo3068.35,14,35,50,67,82,8.0,17,201,3.941251516342163,2
839,graficon40nodi/grafo9898.40,14,40,50,68,78,6.0,9,96,0.5387606620788574,2
840,graficon37nodi/grafo6847.37,14,37,47,67,77,2.0,2,140,0.28405094146728516,2
841,graficon40nodi/grafo5327.40,14,40,47,68,75,3.0,4,116,0.32985758781433105,2
842,graficon44nodi/grafo6266.44,14,44,60,68,84,8.0,25,208,51.372227907180786,2
843,graficon39nodi/grafo6848.39,14,39,52,67,80,5.0,8,182,0.6384727954864502,2
844,graficon30nodi/grafo2030.30,14,30,44,66,80,6.0,15,183,3.000910758972168,2
845,graficon40nodi/grafo6167.40,14,40,57,66,83,9.0,24,244,6.689831733703613,2
846,graficon39nodi/grafo2148.39,14,39,45,67,73,1.0,3,104,0.12508845329284668,2
847,graficon36nodi/grafo3734.36,14,36,46,67,77,4.0,6,200,1.092912197113037,2
848,graficon39nodi/grafo5789.39,14,39,58,69,88,7.0,25,168,24.303593635559082,2
849,graficon29nodi/grafo1284.29,14,29,40,65,76,4.0,6,141,0.7838778495788574,2
850,graficon45nodi/grafo7024.45,14,45,50,65,70,4.0,5,78,0.510526180267334,2
851,graficon33nodi/grafo5203.33,14,33,41,68,76,3.0,5,76,0.31998610496520996,2
852,graficon34nodi/grafo6218.34,14,34,40,65,71,2.0,3,62,0.15853619575500488,2
853,graficon43nodi/grafo7073.43,14,43,51,69,77,3.0,7,126,0.46757030487060547,2
854,graficon42nodi/grafo5867.42,14,42,52,69,79,6.0,12,236,2.9912045001983643,2
855,graficon36nodi/grafo7509.36,14,36,45,69,78,3.0,6,107,0.9484565258026123,2
856,graficon37nodi/grafo7743.37,14,37,55,68,86,8.0,23,248,28.48469305038452,2
857,graficon44nodi/grafo6915.44,14,44,58,68,82,6.0,18,168,1.9218945503234863,2
858,graficon40nodi/grafo7570.40,14,40,52,68,80,6.0,14,170,1.6577627658843994,2
859,graficon33nodi/grafo5787.33,14,33,40,66,73,1.0,2,46,0.1164865493774414,2
860,graficon34nodi/grafo11517.34,14,34,44,69,79,3.0,5,135,0.6936540603637695,2
861,graficon49nodi/grafo1560.49,14,49,59,68,78,4.0,9,125,0.743694543838501,2
862,graficon47nodi/grafo3121.47,14,47,54,65,72,3.0,3,189,0.5277318954467773,2
863,graficon38nodi/grafo2052.38,14,38,50,67,79,7.0,15,92,1.8812060356140137,2
864,graficon41nodi/grafo3794.41,14,41,52,65,76,6.0,19,141,2.161982536315918,2
865,graficon38nodi/grafo3964.38,14,38,48,69,79,4.0,6,157,0.48464441299438477,2
866,graficon39nodi/grafo7264.39,14,39,51,67,79,8.0,21,161,5.221026659011841,2
867,graficon38nodi/grafo3752.38,14,38,46,65,73,3.0,4,116,0.4105055332183838,2
868,graficon37nodi/grafo3576.37,14,37,49,69,81,6.0,13,165,4.560798406600952,2
869,graficon38nodi/grafo5949.38,14,38,50,66,78,2.0,4,198,0.4587819576263428,2
870,graficon29nodi/grafo2639.29,14,29,43,67,81,3.0,6,225,0.3703925609588623,2
871,graficon38nodi/grafo11575.38,14,38,46,66,74,5.0,12,105,1.7947003841400146,2
872,graficon38nodi/grafo3321.38,14,38,53,66,81,8.0,17,199,1.472583293914795,2
873,graficon31nodi/grafo1429.31,14,31,45,65,79,5.0,14,190,3.282844066619873,2
874,graficon38nodi/grafo4013.38,14,38,49,67,78,4.0,9,134,5.619714021682739,2
875,graficon28nodi/grafo1339.28,14,28,41,67,80,5.0,15,181,1.6022849082946777,2
876,graficon35nodi/grafo2020.35,14,35,43,68,76,1.0,1,90,0.04568028450012207,2
877,graficon40nodi/grafo7409.40,14,40,48,65,73,3.0,5,97,0.13911032676696777,2
878,graficon42nodi/grafo6141.42,14,42,53,68,79,6.0,13,126,11.713261127471924,2
879,graficon38nodi/grafo3932.38,14,38,48,69,79,2.0,5,166,0.6249136924743652,2
880,graficon38nodi/grafo2986.38,14,38,50,67,79,6.0,17,150,25.915922164916992,2
881,graficon42nodi/grafo5771.42,14,42,51,68,77,3.0,5,125,0.6211013793945312,2
882,graficon45nodi/grafo7734.45,14,45,55,68,78,6.0,14,146,3.0504326820373535,2
883,graficon42nodi/grafo3094.42,14,42,49,69,76,2.0,2,107,0.37645745277404785,2
884,graficon38nodi/grafo819.38,14,38,49,68,79,6.0,13,143,5.172612190246582,2
885,graficon39nodi/grafo6923.39,14,39,48,67,76,5.0,10,161,14.600037574768066,2
886,graficon33nodi/grafo10400.33,14,33,38,68,73,1.0,1,70,0.0761728286743164,2
887,graficon36nodi/grafo11346.36,14,36,49,69,82,6.0,13,115,0.9887683391571045,2
888,graficon39nodi/grafo11565.39,14,39,45,65,71,2.0,4,75,0.2236928939819336,2
889,graficon50nodi/grafo1494.50,14,50,57,68,75,5.0,9,131,1.5752198696136475,2
890,graficon38nodi/grafo10455.38,14,38,42,67,71,1.0,1,52,0.03445172309875488,2
891,graficon38nodi/grafo9852.38,14,38,48,66,76,5.0,7,126,0.7084801197052002,2
892,graficon45nodi/grafo5975.45,14,45,52,66,73,3.0,5,113,0.8806581497192383,2
893,graficon39nodi/grafo4061.39,14,39,47,69,77,3.0,5,109,0.15983343124389648,2
894,graficon40nodi/grafo6955.40,14,40,52,69,81,3.0,8,157,0.9643948078155518,2
895,graficon41nodi/grafo7624.41,14,41,54,69,82,5.0,12,242,3.759672164916992,2
896,graficon35nodi/grafo6116.35,14,35,43,69,77,3.0,5,86,0.2792971134185791,2
897,graficon51nodi/grafo1404.51,14,51,70,69,88,11.0,41,362,44.58070492744446,2
898,graficon36nodi/grafo7553.36,14,36,52,69,85,7.0,16,159,1.8847424983978271,2
899,graficon40nodi/grafo3711.40,14,40,53,68,81,2.0,3,189,0.3711714744567871,2
900,graficon37nodi/grafo2099.37,14,37,44,69,76,0.0,0,65,0.033173561096191406,2
901,graficon40nodi/grafo3916.40,14,40,51,71,82,4.0,6,137,0.7571237087249756,2
902,graficon39nodi/grafo227.39,14,39,47,72,80,3.0,4,112,0.40921759605407715,2
903,graficon44nodi/grafo7217.44,14,44,53,70,79,4.0,7,162,0.5173559188842773,2
904,graficon35nodi/grafo10277.35,14,35,45,71,81,4.0,8,163,0.6660270690917969,2
905,graficon37nodi/grafo2678.37,14,37,45,74,82,2.0,2,116,0.26206135749816895,2
906,graficon44nodi/grafo3432.44,14,44,55,72,83,7.0,9,103,0.6508767604827881,2
907,graficon43nodi/grafo7404.43,14,43,55,73,85,5.0,9,175,1.0500116348266602,2
908,graficon47nodi/grafo6168.47,14,47,50,70,73,1.0,1,148,0.08446073532104492,2
909,graficon44nodi/grafo5590.44,14,44,49,72,77,1.0,1,65,0.04331707954406738,2
910,graficon37nodi/grafo3954.37,14,37,50,70,83,7.0,13,138,8.64655089378357,2
911,graficon40nodi/grafo490.40,14,40,45,71,76,1.0,1,59,0.03688931465148926,2
912,graficon38nodi/grafo3708.38,14,38,53,74,89,5.0,8,174,0.904510498046875,2
913,graficon34nodi/grafo10511.34,14,34,41,71,78,2.0,3,92,0.20770597457885742,2
914,graficon39nodi/grafo11357.39,14,39,48,71,80,4.0,8,126,0.439227819442749,2
915,graficon49nodi/grafo6373.49,14,49,56,73,80,6.0,11,134,1.4993445873260498,2
916,graficon41nodi/grafo7372.41,14,41,55,71,85,7.0,15,333,3.5495288372039795,2
917,graficon47nodi/grafo3806.47,14,47,52,71,76,3.0,3,124,0.3643622398376465,2
918,graficon40nodi/grafo7285.40,14,40,56,70,86,7.0,21,241,29.33461570739746,2
919,graficon36nodi/grafo5124.36,14,36,43,70,77,3.0,4,108,0.22294282913208008,2
920,graficon38nodi/grafo3457.38,14,38,43,70,75,1.0,1,64,0.05675363540649414,2
921,graficon40nodi/grafo3539.40,14,40,57,72,89,7.0,21,206,3.239901542663574,2
922,graficon39nodi/grafo3391.39,14,39,61,71,93,10.0,41,341,70.7713508605957,2
923,graficon38nodi/grafo6480.38,14,38,50,70,82,6.0,12,129,1.551037073135376,2
924,graficon42nodi/grafo3820.42,14,42,52,70,80,3.0,5,137,0.6597967147827148,2
925,graficon40nodi/grafo11283.40,14,40,52,74,86,6.0,11,119,2.3344786167144775,2
926,graficon48nodi/grafo1535.48,14,48,53,72,77,1.0,1,93,0.05488920211791992,2
927,graficon44nodi/grafo11640.44,14,44,59,73,88,6.0,16,195,7.284611940383911,2
928,graficon30nodi/grafo1810.30,14,30,40,73,83,2.0,4,122,0.5116119384765625,2
929,graficon38nodi/grafo10767.38,14,38,50,72,84,6.0,7,231,1.360515832901001,2
930,graficon39nodi/grafo10062.39,14,39,44,74,79,3.0,5,69,0.41585564613342285,2
931,graficon42nodi/grafo6171.42,14,42,59,73,90,8.0,19,206,5.034136533737183,2
932,graficon41nodi/grafo7074.41,14,41,50,72,81,1.0,1,129,0.07841992378234863,2
933,graficon42nodi/grafo6304.42,14,42,55,73,86,6.0,14,248,1.6791832447052002,2
934,graficon43nodi/grafo3801.43,14,43,52,70,79,3.0,5,99,0.3807673454284668,2
935,graficon40nodi/grafo3538.40,14,40,46,72,78,3.0,3,74,0.4798295497894287,2
936,graficon38nodi/grafo10567.38,14,38,47,74,83,5.0,9,192,1.6306674480438232,2
937,graficon37nodi/grafo3445.37,14,37,46,73,82,4.0,7,72,0.3357384204864502,2
938,graficon37nodi/grafo11122.37,14,37,44,74,81,3.0,7,99,1.2091336250305176,2
939,graficon35nodi/grafo3499.35,14,35,47,70,82,5.0,9,121,0.514113187789917,2
940,graficon42nodi/grafo7296.42,14,42,56,73,87,5.0,12,152,5.5194737911224365,2
941,graficon38nodi/grafo10027.38,14,38,50,74,86,6.0,9,134,0.6965286731719971,2
942,graficon40nodi/grafo6207.40,14,40,52,72,84,5.0,12,164,5.079202175140381,2
943,graficon35nodi/grafo3006.35,14,35,44,70,79,2.0,3,105,0.2997548580169678,2
944,graficon56nodi/grafo5979.56,14,56,69,72,85,7.0,23,431,9.417244911193848,2
945,graficon39nodi/grafo7283.39,14,39,50,74,85,4.0,12,207,2.255706310272217,2
946,graficon40nodi/grafo3229.40,14,40,48,74,82,3.0,3,83,0.4322233200073242,2
947,graficon37nodi/grafo2528.37,14,37,50,70,83,3.0,6,151,0.6807973384857178,2
948,graficon40nodi/grafo2963.40,14,40,49,70,79,5.0,7,144,0.7566382884979248,2
949,graficon37nodi/grafo11238.37,14,37,47,70,80,3.0,5,151,0.20087218284606934,2
950,graficon34nodi/grafo5693.34,14,34,46,73,85,4.0,5,117,1.8426275253295898,2
951,graficon45nodi/grafo5623.45,14,45,55,74,84,2.0,2,197,1.02964448928833,2
952,graficon38nodi/grafo1157.38,14,38,48,73,83,2.0,5,83,0.2664151191711426,2
953,graficon36nodi/grafo9862.36,14,36,51,74,89,5.0,10,153,1.3018627166748047,2
954,graficon39nodi/grafo10505.39,14,39,52,70,83,6.0,13,171,2.0476906299591064,2
955,graficon34nodi/grafo9934.34,14,34,40,73,79,0.0,0,40,0.0338139533996582,2
956,graficon42nodi/grafo7692.42,14,42,54,74,86,4.0,9,133,0.8137562274932861,2
957,graficon41nodi/grafo7635.41,14,41,53,71,83,8.0,23,201,84.04152488708496,2
958,graficon39nodi/grafo3849.39,14,39,50,71,82,5.0,9,254,1.4556968212127686,2
959,graficon40nodi/grafo3287.40,14,40,52,71,83,4.0,11,118,1.2372982501983643,2
960,graficon56nodi/grafo7164.56,14,56,68,70,82,5.0,9,160,2.9043869972229004,2
961,graficon43nodi/grafo7403.43,14,43,57,70,84,7.0,24,212,51.14804267883301,2
962,graficon39nodi/grafo6476.39,14,39,50,73,84,5.0,14,97,1.0442016124725342,2
963,graficon41nodi/grafo5344.41,14,41,52,73,84,5.0,8,109,0.528717041015625,2
964,graficon35nodi/grafo7560.35,14,35,45,72,82,4.0,5,94,0.34187936782836914,2
965,graficon39nodi/grafo11552.39,14,39,47,71,79,2.0,4,127,0.34018373489379883,2
966,graficon42nodi/grafo3865.42,14,42,56,73,87,6.0,16,153,2.565537214279175,2
967,graficon46nodi/grafo1581.46,14,46,52,71,77,2.0,2,113,0.5600013732910156,2
968,graficon38nodi/grafo7187.38,14,38,52,74,88,4.0,19,244,2.993112802505493,2
969,graficon57nodi/grafo5041.57,14,57,63,74,80,2.0,4,192,7.313176155090332,2
970,graficon37nodi/grafo7512.37,14,37,45,71,79,1.0,2,120,0.2128293514251709,2
971,graficon39nodi/grafo7479.39,14,39,53,70,84,5.0,14,180,1.8585784435272217,2
972,graficon46nodi/grafo5905.46,14,46,56,74,84,6.0,7,151,0.9303851127624512,2
973,graficon40nodi/grafo3387.40,14,40,53,74,87,6.0,15,174,5.849899768829346,2
974,graficon38nodi/grafo3915.38,14,38,44,71,77,1.0,2,101,0.3172421455383301,2
975,graficon37nodi/grafo11479.37,14,37,44,73,80,4.0,6,99,0.6223118305206299,2
976,graficon36nodi/grafo2504.36,14,36,49,76,89,6.0,9,132,1.1218364238739014,2
977,graficon30nodi/grafo3011.30,14,30,41,76,87,3.0,4,157,0.5745429992675781,2
978,graficon39nodi/grafo2310.39,14,39,59,77,97,8.0,23,269,2.2828729152679443,2
979,graficon40nodi/grafo365.40,14,40,47,76,83,3.0,4,84,0.30137062072753906,2
980,graficon41nodi/grafo5534.41,14,41,49,77,85,3.0,5,107,0.46919941902160645,2
981,graficon36nodi/grafo5632.36,14,36,43,76,83,3.0,5,84,0.503575325012207,2
982,graficon42nodi/grafo3895.42,14,42,55,79,92,11.0,24,209,32.50509428977966,2
983,graficon40nodi/grafo7534.40,14,40,54,76,90,6.0,16,242,2.113090991973877,2
984,graficon38nodi/grafo11163.38,14,38,50,77,89,4.0,14,174,1.513467788696289,2
985,graficon36nodi/grafo5700.36,14,36,49,78,91,6.0,11,192,2.7498791217803955,2
986,graficon41nodi/grafo7150.41,14,41,52,75,86,6.0,8,73,0.9037232398986816,2
987,graficon38nodi/grafo9909.38,14,38,48,77,87,4.0,8,152,0.3202087879180908,2
988,graficon41nodi/grafo6152.41,14,41,56,75,90,6.0,13,205,2.2091197967529297,2
989,graficon44nodi/grafo3924.44,14,44,53,75,84,4.0,8,169,1.2853319644927979,2
990,graficon38nodi/grafo5880.38,14,38,52,76,90,5.0,13,192,5.081903457641602,2
991,graficon31nodi/grafo1257.31,14,31,50,76,95,9.0,22,227,27.138575792312622,2
992,graficon40nodi/grafo9929.40,14,40,56,77,93,7.0,20,139,2.44077467918396,2
993,graficon43nodi/grafo7444.43,14,43,55,77,89,6.0,16,137,4.867401599884033,2
994,graficon33nodi/grafo1975.33,14,33,46,77,90,6.0,9,112,0.40990686416625977,2
995,graficon44nodi/grafo5982.44,14,44,57,79,92,4.0,13,251,4.22012996673584,2
996,graficon49nodi/grafo1353.49,14,49,54,76,81,2.0,3,102,0.1973729133605957,2
997,graficon36nodi/grafo3379.36,14,36,44,75,83,1.0,1,89,0.055399179458618164,2
998,graficon37nodi/grafo5904.37,14,37,50,77,90,4.0,11,121,2.3863985538482666,2
999,graficon37nodi/grafo3837.37,14,37,52,75,90,5.0,14,247,2.994671583175659,2
1000,graficon42nodi/grafo6032.42,14,42,51,76,85,3.0,5,126,0.6077473163604736,2
1001,graficon40nodi/grafo7544.40,14,40,53,75,88,2.0,4,227,0.4544851779937744,2
1002,graficon38nodi/grafo7305.38,14,38,53,76,91,6.0,18,172,4.716109275817871,2
1003,graficon48nodi/grafo7046.48,14,48,54,76,82,2.0,2,178,0.4315001964569092,2
1004,graficon47nodi/grafo3232.47,14,47,55,77,85,2.0,4,106,0.429157018661499,2
1005,graficon40nodi/grafo3885.40,14,40,51,75,86,2.0,6,131,0.7643556594848633,2
1006,graficon43nodi/grafo6858.43,14,43,61,77,95,8.0,20,210,10.773174047470093,2
1007,graficon43nodi/grafo5298.43,14,43,56,76,89,5.0,12,128,1.01053786277771,2
1008,graficon37nodi/grafo11609.37,14,37,44,77,84,4.0,6,73,2.522057294845581,2
1009,graficon43nodi/grafo7047.43,14,43,55,76,88,5.0,9,141,1.95908784866333,2
1010,graficon46nodi/grafo1484.46,14,46,57,78,89,5.0,11,287,2.778810977935791,2
1011,graficon37nodi/grafo5641.37,14,37,44,79,86,1.0,1,121,0.07700800895690918,2
1012,graficon47nodi/grafo7547.47,14,47,59,77,89,5.0,11,134,1.7876806259155273,2
1013,graficon40nodi/grafo10494.40,14,40,50,78,88,4.0,6,116,0.6537764072418213,2
1014,graficon37nodi/grafo2713.37,14,37,48,76,87,5.0,15,163,3.1909775733947754,2
1015,graficon39nodi/grafo6248.39,14,39,50,79,90,3.0,6,188,0.7346713542938232,2
1016,graficon38nodi/grafo5903.38,14,38,48,77,87,5.0,8,119,0.9122464656829834,2
1017,graficon43nodi/grafo6296.43,14,43,59,79,95,9.0,27,322,54.831254720687866,2
1018,graficon41nodi/grafo6951.41,14,41,54,76,89,5.0,13,193,1.3880703449249268,2
1019,graficon39nodi/grafo10733.39,14,39,53,79,93,4.0,8,144,0.7972290515899658,2
1020,graficon41nodi/grafo7056.41,14,41,51,76,86,2.0,3,130,0.5611684322357178,2
1021,graficon46nodi/grafo3380.46,14,46,56,75,85,4.0,7,111,0.6707687377929688,2
1022,graficon41nodi/grafo3534.41,14,41,49,77,85,3.0,6,133,1.040910243988037,2
1023,graficon39nodi/grafo3617.39,14,39,48,77,86,2.0,2,98,0.2828490734100342,2
1024,graficon38nodi/grafo11024.38,14,38,45,75,82,2.0,4,68,0.3584327697753906,2
1025,graficon49nodi/grafo1408.49,14,49,59,77,87,0.0,0,184,0.10923576354980469,2
1026,graficon46nodi/grafo7234.46,14,46,63,78,95,9.0,28,243,110.37367343902588,2
1027,graficon45nodi/grafo3840.45,14,45,59,79,93,6.0,20,269,6.102417469024658,2
1028,graficon43nodi/grafo5371.43,14,43,57,79,93,5.0,11,113,1.2544758319854736,2
1029,graficon38nodi/grafo3671.38,14,38,47,75,84,3.0,5,83,2.0260019302368164,2
1030,graficon38nodi/grafo9893.38,14,38,49,76,87,4.0,6,90,0.5937697887420654,2
1031,graficon35nodi/grafo4037.35,14,35,40,78,83,3.0,3,85,0.453324556350708,2
1032,graficon36nodi/grafo5155.36,14,36,47,79,90,4.0,7,140,1.1965410709381104,2
1033,graficon42nodi/grafo7486.42,14,42,57,79,94,7.0,17,174,3.913848876953125,2
1034,graficon49nodi/grafo3418.49,14,49,63,79,93,6.0,13,156,4.362289667129517,2
1035,graficon38nodi/grafo9981.38,14,38,45,78,85,1.0,1,49,0.15331721305847168,2
1036,graficon27nodi/grafo2050.27,14,27,36,76,85,1.0,1,53,0.05801701545715332,2
1037,graficon29nodi/grafo2072.29,14,29,43,78,92,4.0,6,126,0.5822505950927734,2
1038,graficon45nodi/grafo1836.45,14,45,58,77,90,4.0,16,210,1.6007518768310547,2
1039,graficon34nodi/grafo3921.34,14,34,46,77,89,4.0,7,155,0.9247024059295654,2
1040,graficon55nodi/grafo6415.55,14,55,59,76,80,1.0,2,88,3.4699361324310303,2
1041,graficon41nodi/grafo6191.41,14,41,52,78,89,5.0,11,220,1.5753159523010254,2
1042,graficon46nodi/grafo1406.46,14,46,56,79,89,3.0,4,146,0.7756969928741455,2
1043,graficon45nodi/grafo5925.45,14,45,56,79,90,6.0,14,169,9.454766273498535,2
1044,graficon35nodi/grafo3996.35,14,35,47,78,90,6.0,14,156,1.2527439594268799,2
1045,graficon46nodi/grafo6678.46,14,46,55,77,86,2.0,2,135,0.6209793090820312,2
1046,graficon43nodi/grafo3573.43,14,43,58,79,94,6.0,16,143,3.0850651264190674,2
1047,graficon40nodi/grafo6972.40,14,40,51,77,88,4.0,6,143,0.617274284362793,2
1048,graficon51nodi/grafo3958.51,14,51,62,77,88,6.0,16,238,9.510504007339478,2
1049,graficon39nodi/grafo10192.39,14,39,48,78,87,4.0,7,121,0.8853747844696045,2
1050,graficon45nodi/grafo6007.45,14,45,58,79,92,6.0,14,157,14.219131469726562,2
1051,graficon37nodi/grafo11553.37,14,37,49,83,95,3.0,4,69,0.24077272415161133,2
1052,graficon44nodi/grafo7454.44,14,44,56,84,96,5.0,12,148,3.1282854080200195,2
1053,graficon40nodi/grafo5453.40,14,40,57,83,100,8.0,19,201,20.637577295303345,2
1054,graficon43nodi/grafo6144.43,14,43,56,80,93,5.0,9,230,1.5631060600280762,2
1055,graficon38nodi/grafo5499.38,14,38,48,81,91,2.0,3,95,0.3870108127593994,2
1056,graficon41nodi/grafo6973.41,14,41,58,84,101,8.0,17,217,14.35313868522644,2
1057,graficon39nodi/grafo10037.39,14,39,50,80,91,5.0,9,149,1.1412014961242676,2
1058,graficon36nodi/grafo11554.36,14,36,50,82,96,7.0,23,223,129.6322045326233,2
1059,graficon60nodi/grafo5751.60,14,60,75,84,99,7.0,23,439,18.069692134857178,2
1060,graficon42nodi/grafo5241.42,14,42,55,83,96,4.0,12,145,6.525995492935181,2
1061,graficon46nodi/grafo6628.46,14,46,63,83,100,7.0,28,459,33.4649019241333,2
1062,graficon39nodi/grafo9924.39,14,39,52,84,97,4.0,13,131,5.239018201828003,2
1063,graficon46nodi/grafo3661.46,14,46,56,83,93,3.0,6,131,0.6060886383056641,2
1064,graficon38nodi/grafo7549.38,14,38,50,82,94,5.0,12,143,21.630301475524902,2
1065,graficon39nodi/grafo11532.39,14,39,51,81,93,2.0,4,82,0.7298822402954102,2
1066,graficon47nodi/grafo1536.47,14,47,52,80,85,0.0,0,120,0.04038500785827637,2
1067,graficon38nodi/grafo4110.38,14,38,52,84,98,6.0,15,232,25.792766094207764,2
1068,graficon41nodi/grafo6857.41,14,41,54,83,96,6.0,6,101,0.39030981063842773,2
1069,graficon34nodi/grafo6118.34,14,34,42,82,90,1.0,1,89,0.08869171142578125,2
1070,graficon39nodi/grafo10014.39,14,39,52,83,96,5.0,11,118,1.7559418678283691,2
1071,graficon43nodi/grafo7598.43,14,43,57,82,96,5.0,12,157,5.102268695831299,2
1072,graficon39nodi/grafo3329.39,14,39,50,80,91,5.0,8,117,1.214935541152954,2
1073,graficon43nodi/grafo1506.43,14,43,50,82,89,3.0,4,169,2.1727068424224854,2
1074,graficon42nodi/grafo5595.42,14,42,56,80,94,5.0,13,222,2.918739080429077,2
1075,graficon41nodi/grafo2235.41,14,41,58,83,100,7.0,16,201,9.142963886260986,2
1076,graficon37nodi/grafo5408.37,14,37,57,84,104,10.0,31,220,50.715224742889404,2
1077,graficon56nodi/grafo7757.56,14,56,64,80,88,5.0,11,184,13.546717643737793,2
1078,graficon43nodi/grafo7465.43,14,43,60,80,97,7.0,19,306,4.494338750839233,2
1079,graficon42nodi/grafo5984.42,14,42,53,80,91,3.0,6,102,0.29391908645629883,2
1080,graficon49nodi/grafo2124.49,14,49,64,82,97,5.0,12,218,5.633894681930542,2
1081,graficon39nodi/grafo3939.39,14,39,50,83,94,6.0,11,125,16.496384620666504,2
1082,graficon41nodi/grafo6441.41,14,41,54,82,95,5.0,12,131,2.0888512134552,2
1083,graficon56nodi/grafo4306.56,14,56,63,84,91,1.0,2,199,0.5178921222686768,2
1084,graficon43nodi/grafo5339.43,14,43,54,81,92,5.0,9,146,2.7746105194091797,2
1085,graficon36nodi/grafo3413.36,14,36,53,83,100,7.0,17,246,4.824941158294678,2
1086,graficon40nodi/grafo7766.40,14,40,50,80,90,5.0,12,93,6.229080677032471,2
1087,graficon41nodi/grafo3444.41,14,41,53,82,94,8.0,14,156,3.6553783416748047,2
1088,graficon55nodi/grafo6789.55,14,55,60,81,86,3.0,4,238,1.0605120658874512,2
1089,graficon32nodi/grafo1421.32,14,32,45,80,93,3.0,6,146,0.3700368404388428,2
1090,graficon36nodi/grafo5865.36,14,36,44,83,91,1.0,2,82,0.2532057762145996,2
1091,graficon42nodi/grafo3326.42,14,42,60,82,100,9.0,33,211,102.9228081703186,2
1092,graficon43nodi/grafo3360.43,14,43,56,83,96,4.0,12,227,7.845564842224121,2
1093,graficon44nodi/grafo5765.44,14,44,59,84,99,6.0,14,228,6.78737211227417,2
1094,graficon38nodi/grafo10031.38,14,38,49,84,95,4.0,5,117,0.5768253803253174,2
1095,graficon46nodi/grafo5873.46,14,46,57,83,94,3.0,6,166,1.2628917694091797,2
1096,graficon43nodi/grafo5486.43,14,43,54,81,92,6.0,15,174,5.345573663711548,2
1097,graficon40nodi/grafo6472.40,14,40,57,84,101,6.0,23,303,44.34938168525696,2
1098,graficon47nodi/grafo6781.47,14,47,66,82,101,9.0,20,243,4.65822434425354,2
1099,graficon36nodi/grafo3953.36,14,36,48,83,95,3.0,3,145,0.2563803195953369,2
1100,graficon43nodi/grafo5760.43,14,43,55,84,96,4.0,8,138,1.4768452644348145,2
1101,graficon26nodi/grafo914.26,14,26,42,83,99,8.0,25,195,57.68921637535095,2
1102,graficon38nodi/grafo7227.38,14,38,54,80,96,5.0,16,228,2.9997775554656982,2
1103,graficon40nodi/grafo7652.40,14,40,55,80,95,6.0,15,128,2.0009074211120605,2
1104,graficon37nodi/grafo11359.37,14,37,47,83,93,3.0,6,157,0.5717520713806152,2
1105,graficon42nodi/grafo1092.42,14,42,53,81,92,3.0,8,117,1.344682216644287,2
1106,graficon39nodi/grafo10835.39,14,39,45,82,88,2.0,3,72,0.2352738380432129,2
1107,graficon40nodi/grafo7432.40,14,40,47,80,87,2.0,4,102,0.44760799407958984,2
1108,graficon45nodi/grafo7099.45,14,45,56,84,95,4.0,13,198,5.73345160484314,2
1109,graficon44nodi/grafo7381.44,14,44,65,81,102,11.0,40,368,143.68698287010193,2
1110,graficon42nodi/grafo7049.42,14,42,54,81,93,7.0,12,175,3.6197123527526855,2
1111,graficon40nodi/grafo7542.40,14,40,51,81,92,6.0,9,120,1.2314198017120361,2
1112,graficon42nodi/grafo6058.42,14,42,54,81,93,5.0,9,128,1.1573848724365234,2
1113,graficon40nodi/grafo3753.40,14,40,53,81,94,7.0,17,123,16.505150079727173,2
1114,graficon48nodi/grafo6376.48,14,48,61,81,94,7.0,15,146,19.758195161819458,2
1115,graficon42nodi/grafo7146.42,14,42,54,82,94,3.0,4,177,1.3477134704589844,2
1116,graficon39nodi/grafo3944.39,14,39,54,84,99,6.0,9,185,1.3666341304779053,2
1117,graficon41nodi/grafo7373.41,14,41,58,80,97,11.0,36,363,229.33891582489014,2
1118,graficon19nodi/grafo2375.19,14,19,35,80,96,5.0,15,188,0.6741085052490234,2
1119,graficon41nodi/grafo5234.41,14,41,51,83,93,3.0,4,144,0.5446906089782715,2
1120,graficon55nodi/grafo3570.55,14,55,66,83,94,4.0,12,230,4.945929527282715,2
1121,graficon49nodi/grafo3626.49,14,49,61,81,93,8.0,19,270,43.59706139564514,2
1122,graficon47nodi/grafo6600.47,14,47,68,84,105,10.0,32,326,87.6291913986206,2
1123,graficon39nodi/grafo3793.39,14,39,53,81,95,5.0,13,192,2.6594951152801514,2
1124,graficon41nodi/grafo7007.41,14,41,55,84,98,7.0,20,243,7.905757665634155,2
1125,graficon39nodi/grafo5742.39,14,39,56,83,100,7.0,16,239,4.3030219078063965,2
1126,graficon40nodi/grafo7541.40,14,40,53,89,102,5.0,13,199,4.55507755279541,2
1127,graficon54nodi/grafo4016.54,14,54,65,88,99,3.0,6,144,0.6087586879730225,2
1128,graficon45nodi/grafo7241.45,14,45,62,86,103,5.0,11,229,2.238510847091675,2
1129,graficon43nodi/grafo6406.43,14,43,57,86,100,4.0,10,217,1.6286678314208984,2
1130,graficon42nodi/grafo7246.42,14,42,53,89,100,5.0,9,107,1.0559189319610596,2
1131,graficon44nodi/grafo7720.44,14,44,61,88,105,7.0,17,209,12.926707744598389,2
1132,graficon46nodi/grafo7742.46,14,46,58,85,97,5.0,14,227,5.645263910293579,2
1133,graficon44nodi/grafo7169.44,14,44,56,85,97,5.0,13,148,33.49805784225464,2
1134,graficon52nodi/grafo1591.52,14,52,62,85,95,3.0,5,106,0.8788654804229736,2
1135,graficon48nodi/grafo5501.48,14,48,65,88,105,9.0,29,260,66.4953932762146,2
1136,graficon44nodi/grafo5554.44,14,44,61,89,106,5.0,14,305,3.3873205184936523,2
1137,graficon39nodi/grafo7716.39,14,39,49,85,95,3.0,7,131,5.834511995315552,2
1138,graficon37nodi/grafo11653.37,14,37,51,87,101,2.0,2,93,0.38830113410949707,2
1139,graficon58nodi/grafo4792.58,14,58,69,88,99,1.0,4,154,0.24928593635559082,2
1140,graficon49nodi/grafo7578.49,14,49,57,89,97,3.0,6,141,6.660391569137573,2
1141,graficon61nodi/grafo5831.61,14,61,72,88,99,7.0,24,283,12.031859874725342,2
1142,graficon46nodi/grafo5331.46,14,46,58,88,100,7.0,21,276,81.13386392593384,2
1143,graficon51nodi/grafo4600.51,14,51,62,89,100,5.0,7,167,0.7417187690734863,2
1144,graficon40nodi/grafo3335.40,14,40,53,89,102,5.0,9,140,2.5582516193389893,2
1145,graficon42nodi/grafo6257.42,14,42,60,85,103,6.0,17,249,2.611361026763916,2
1146,graficon36nodi/grafo5546.36,14,36,51,88,103,8.0,16,169,21.354989051818848,2
1147,graficon41nodi/grafo9946.41,14,41,48,85,92,2.0,5,94,1.0945415496826172,2
1148,graficon60nodi/grafo4886.60,14,60,73,85,98,7.0,22,278,51.210055112838745,2
1149,graficon40nodi/grafo7050.40,14,40,51,88,99,4.0,5,157,2.086446762084961,2
1150,graficon49nodi/grafo4380.49,14,49,64,87,102,4.0,6,162,0.5320744514465332,2
1151,graficon55nodi/grafo3625.55,14,55,68,88,101,8.0,21,308,58.50995206832886,2
1152,graficon53nodi/grafo7688.53,14,53,65,88,100,5.0,13,235,4.110455513000488,2
1153,graficon39nodi/grafo5407.39,14,39,53,89,103,6.0,19,171,6.816011905670166,2
1154,graficon41nodi/grafo2781.41,14,41,61,87,107,11.0,30,268,34.83091878890991,2
1155,graficon37nodi/grafo5598.37,14,37,48,88,99,3.0,3,126,0.8391337394714355,2
1156,graficon40nodi/grafo3997.40,14,40,56,88,104,8.0,24,296,12.419739007949829,2
1157,graficon43nodi/grafo7470.43,14,43,52,88,97,5.0,7,103,0.9002382755279541,2
1158,graficon45nodi/grafo7442.45,14,45,53,86,94,2.0,2,99,0.5482771396636963,2
1159,graficon54nodi/grafo7723.54,14,54,73,86,105,8.0,31,248,152.16942739486694,2
1160,graficon42nodi/grafo7352.42,14,42,51,85,94,2.0,3,78,0.1590743064880371,2
1161,graficon40nodi/grafo7670.40,14,40,56,88,104,4.0,5,211,1.03123140335083,2
1162,graficon43nodi/grafo5245.43,14,43,59,88,104,6.0,13,237,2.1411991119384766,2
1163,graficon51nodi/grafo1486.51,14,51,60,87,96,4.0,5,130,1.2366223335266113,2
1164,graficon36nodi/grafo6049.36,14,36,45,87,96,2.0,4,91,0.4738485813140869,2
1165,graficon39nodi/grafo7415.39,14,39,53,88,102,6.0,12,154,2.3914995193481445,2
1166,graficon40nodi/grafo5373.40,14,40,58,87,105,6.0,17,236,11.730392694473267,2
1167,graficon38nodi/grafo9979.38,14,38,50,86,98,6.0,11,86,1.8825576305389404,2
1168,graficon48nodi/grafo5194.48,14,48,65,89,106,8.0,18,249,3.5904548168182373,2
1169,graficon48nodi/grafo5357.48,14,48,64,85,101,10.0,27,201,41.879027366638184,2
1170,graficon36nodi/grafo11662.36,14,36,48,87,99,1.0,1,65,0.07138729095458984,2
1171,graficon42nodi/grafo7614.42,14,42,57,87,102,7.0,17,432,7.944927215576172,2
1172,graficon48nodi/grafo7272.48,14,48,57,86,95,2.0,3,141,0.3293306827545166,2
1173,graficon44nodi/grafo5878.44,14,44,56,87,99,5.0,9,155,1.3150372505187988,2
1174,graficon42nodi/grafo5958.42,14,42,56,86,100,5.0,12,179,11.654487133026123,2
1175,graficon58nodi/grafo1588.58,14,58,66,88,96,4.0,7,243,1.8920841217041016,2
1176,graficon52nodi/grafo3455.52,14,52,65,87,100,6.0,15,144,18.126492500305176,2
1177,graficon42nodi/grafo7583.42,14,42,56,86,100,6.0,15,156,19.00530982017517,2
1178,graficon49nodi/grafo7370.49,14,49,64,87,102,4.0,6,244,0.6713626384735107,2
1179,graficon39nodi/grafo5157.39,14,39,54,88,103,4.0,10,204,2.018503189086914,2
1180,graficon47nodi/grafo6822.47,14,47,56,88,97,3.0,5,192,1.05299973487854,2
1181,graficon43nodi/grafo6928.43,14,43,56,88,101,6.0,13,146,13.339802742004395,2
1182,graficon38nodi/grafo3421.38,14,38,52,89,103,7.0,23,183,145.09764075279236,2
1183,graficon39nodi/grafo3727.39,14,39,53,86,100,4.0,9,161,1.1873290538787842,2
1184,graficon44nodi/grafo6870.44,14,44,64,85,105,10.0,35,189,88.93137550354004,2
1185,graficon36nodi/grafo9853.36,14,36,48,87,99,1.0,1,65,0.0670323371887207,2
1186,graficon50nodi/grafo4518.50,14,50,66,87,103,6.0,15,243,3.0924928188323975,2
1187,graficon42nodi/grafo7709.42,14,42,58,86,102,7.0,16,175,7.742708444595337,2
1188,graficon60nodi/grafo7155.60,14,60,70,86,96,4.0,5,262,0.9505810737609863,2
1189,graficon64nodi/grafo4420.64,14,64,81,88,105,9.0,18,262,12.2850821018219,2
1190,graficon47nodi/grafo6437.47,14,47,70,88,111,14.0,59,348,520.5483558177948,2
1191,graficon45nodi/grafo3151.45,14,45,58,86,99,4.0,13,128,3.0747153759002686,2
1192,graficon51nodi/grafo4369.51,14,51,67,87,103,6.0,16,270,7.965827703475952,2
1193,graficon38nodi/grafo3887.38,14,38,52,87,101,4.0,10,176,6.416507720947266,2
1194,graficon44nodi/grafo6329.44,14,44,58,88,102,5.0,8,119,1.0340116024017334,2
1195,graficon50nodi/grafo1418.50,14,50,57,88,95,3.0,6,123,0.4679708480834961,2
1196,graficon43nodi/grafo6886.43,14,43,62,85,104,9.0,27,204,34.96376156806946,2
1197,graficon42nodi/grafo7012.42,14,42,59,88,105,7.0,16,229,23.459205150604248,2
1198,graficon34nodi/grafo5990.34,14,34,45,89,100,1.0,1,146,0.15083646774291992,2
1199,graficon56nodi/grafo4391.56,14,56,70,86,100,7.0,20,393,8.746588706970215,2
1200,graficon48nodi/grafo6689.48,14,48,57,86,95,5.0,6,143,0.9165544509887695,2
1201,graficon36nodi/grafo10457.36,14,36,45,93,102,2.0,4,96,0.49067187309265137,2
1202,graficon46nodi/grafo5338.46,14,46,62,94,110,6.0,17,188,12.22597861289978,2
1203,graficon72nodi/grafo9639.72,14,72,80,94,102,7.0,14,275,24.341603994369507,2
1204,graficon44nodi/grafo3644.44,14,44,54,93,103,4.0,7,85,0.4840836524963379,2
1205,graficon54nodi/grafo3511.54,14,54,73,93,112,7.0,14,277,7.9382336139678955,2
1206,graficon42nodi/grafo6946.42,14,42,58,94,110,8.0,17,219,35.55941367149353,2
1207,graficon57nodi/grafo5626.57,14,57,78,94,115,8.0,25,242,25.664283752441406,2
1208,graficon37nodi/grafo6217.37,14,37,53,94,110,7.0,18,180,9.873929738998413,2
1209,graficon60nodi/grafo4512.60,14,60,73,93,106,4.0,11,238,3.8701846599578857,2
1210,graficon47nodi/grafo5432.47,14,47,68,92,113,10.0,23,332,35.2778046131134,2
1211,graficon55nodi/grafo4502.55,14,55,76,92,113,12.0,47,304,600.9561829566956,9
1212,graficon58nodi/grafo1247.58,14,58,68,94,104,4.0,13,194,2.129934310913086,2
1213,graficon43nodi/grafo6346.43,14,43,62,91,110,8.0,25,210,33.762861251831055,2
1214,graficon37nodi/grafo11625.37,14,37,51,92,106,3.0,6,90,0.6116592884063721,2
1215,graficon51nodi/grafo1470.51,14,51,69,90,108,8.0,30,289,10.744041919708252,2
1216,graficon64nodi/grafo8416.64,14,64,79,94,109,12.0,28,313,149.30051636695862,2
1217,graficon43nodi/grafo7441.43,14,43,60,92,109,9.0,29,177,109.48740410804749,2
1218,graficon40nodi/grafo5211.40,14,40,54,93,107,5.0,8,231,1.2310783863067627,2
1219,graficon35nodi/grafo11326.35,14,35,42,91,98,2.0,3,91,0.529578447341919,2
1220,graficon43nodi/grafo7157.43,14,43,53,90,100,4.0,7,107,1.1311333179473877,2
1221,graficon39nodi/grafo3330.39,14,39,60,93,114,9.0,33,294,203.1196358203888,2
1222,graficon40nodi/grafo3519.40,14,40,56,93,109,4.0,6,130,0.3396189212799072,2
1223,graficon57nodi/grafo4041.57,14,57,66,92,101,4.0,12,246,11.971490383148193,2
1224,graficon41nodi/grafo7124.41,14,41,59,94,112,5.0,13,162,1.6309559345245361,2
1225,graficon61nodi/grafo4482.61,14,61,75,91,105,4.0,6,266,1.1788413524627686,2
1226,graficon49nodi/grafo5721.49,14,49,64,92,107,3.0,7,158,1.1672561168670654,2
1227,graficon42nodi/grafo5468.42,14,42,58,94,110,5.0,17,245,1.2758631706237793,2
1228,graficon37nodi/grafo1758.37,14,37,45,93,101,2.0,4,163,0.9030630588531494,2
1229,graficon36nodi/grafo11444.36,14,36,46,94,104,2.0,4,99,0.3688786029815674,2
1230,graficon37nodi/grafo11540.37,14,37,48,91,102,2.0,3,108,0.47104525566101074,2
1231,graficon37nodi/grafo7028.37,14,37,48,90,101,6.0,12,113,17.010741472244263,2
1232,graficon37nodi/grafo11417.37,14,37,49,90,102,2.0,3,97,0.4914977550506592,2
1233,graficon39nodi/grafo3187.39,14,39,53,91,105,5.0,13,196,2.8585946559906006,2
1234,graficon39nodi/grafo9897.39,14,39,55,90,106,6.0,17,168,5.291294813156128,2
1235,graficon57nodi/grafo5748.57,14,57,76,94,113,8.0,22,332,11.266019821166992,2
1236,graficon38nodi/grafo10032.38,14,38,47,91,100,4.0,6,107,0.5858123302459717,2
1237,graficon58nodi/grafo4796.58,14,58,73,90,105,8.0,20,208,21.279317378997803,2
1238,graficon40nodi/grafo10282.40,14,40,59,92,111,4.0,15,260,3.2277562618255615,2
1239,graficon54nodi/grafo5002.54,14,54,64,91,101,5.0,8,247,1.8606312274932861,2
1240,graficon44nodi/grafo2199.44,14,44,50,90,96,2.0,3,101,0.5339148044586182,2
1241,graficon38nodi/grafo10659.38,14,38,57,91,110,6.0,18,238,1.6780002117156982,2
1242,graficon56nodi/grafo4409.56,14,56,67,93,104,2.0,6,112,0.5264055728912354,2
1243,graficon47nodi/grafo6408.47,14,47,57,90,100,4.0,7,160,0.8435282707214355,2
1244,graficon54nodi/grafo3858.54,14,54,68,92,106,8.0,22,232,102.88665747642517,2
1245,graficon43nodi/grafo5723.43,14,43,59,92,108,6.0,23,199,52.15977954864502,2
1246,graficon40nodi/grafo4010.40,14,40,52,92,104,3.0,8,134,1.988386869430542,2
1247,graficon62nodi/grafo6173.62,14,62,73,92,103,5.0,8,169,0.902977466583252,2
1248,graficon45nodi/grafo5138.45,14,45,61,90,106,7.0,25,473,79.9418842792511,2
1249,graficon41nodi/grafo6164.41,14,41,55,91,105,5.0,14,205,4.004357576370239,2
1250,graficon41nodi/grafo3527.41,14,41,54,93,106,4.0,14,176,2.9126639366149902,2
1251,graficon42nodi/grafo7642.42,14,42,62,90,110,7.0,20,278,7.904520273208618,2
1252,graficon46nodi/grafo3424.46,14,46,56,94,104,4.0,13,141,15.851407289505005,2
1253,graficon53nodi/grafo271.53,14,53,67,91,105,6.0,11,250,4.354114532470703,2
1254,graficon45nodi/grafo3660.45,14,45,60,90,105,6.0,19,201,28.343631505966187,2
1255,graficon40nodi/grafo5980.40,14,40,54,92,106,5.0,9,117,0.943688154220581,2
1256,graficon44nodi/grafo6945.44,14,44,60,93,109,8.0,18,230,21.573399305343628,2
1257,graficon35nodi/grafo5299.35,14,35,44,91,100,2.0,6,107,0.8909237384796143,2
1258,graficon66nodi/grafo9143.66,14,66,84,94,112,11.0,33,263,136.77355766296387,2
1259,graficon55nodi/grafo4195.55,14,55,69,91,105,6.0,8,127,0.7512185573577881,2
1260,graficon58nodi/grafo6193.58,14,58,77,91,110,9.0,26,356,103.95774006843567,2
1261,graficon45nodi/grafo6524.45,14,45,59,94,108,5.0,14,193,6.471895456314087,2
1262,graficon54nodi/grafo4006.54,14,54,64,91,101,1.0,2,113,0.19565463066101074,2
1263,graficon38nodi/grafo11322.38,14,38,50,94,106,2.0,3,81,0.47022080421447754,2
1264,graficon46nodi/grafo6723.46,14,46,64,93,111,7.0,30,237,92.81987929344177,2
1265,graficon35nodi/grafo6517.35,14,35,49,93,107,6.0,13,145,2.4839749336242676,2
1266,graficon49nodi/grafo3415.49,14,49,65,90,106,6.0,13,177,8.247173547744751,2
1267,graficon39nodi/grafo4005.39,14,39,52,91,104,7.0,16,183,126.70958518981934,2
1268,graficon52nodi/grafo4030.52,14,52,65,92,105,6.0,13,148,2.823418617248535,2
1269,graficon41nodi/grafo7098.41,14,41,59,92,110,9.0,36,306,158.90795302391052,2
1270,graficon43nodi/grafo5926.43,14,43,62,93,112,6.0,15,202,2.8978593349456787,2
1271,graficon47nodi/grafo7625.47,14,47,67,94,114,7.0,27,238,10.816468715667725,2
1272,graficon41nodi/grafo5717.41,14,41,51,93,103,3.0,5,109,0.700000524520874,2
1273,graficon66nodi/grafo9641.66,14,66,79,90,103,6.0,11,446,8.118387699127197,2
1274,graficon38nodi/grafo6578.38,14,38,53,93,108,3.0,7,127,0.6567695140838623,2
1275,graficon42nodi/grafo3508.42,14,42,59,94,111,8.0,19,225,6.573213815689087,2
1276,graficon44nodi/grafo11403.44,14,44,60,98,114,6.0,16,264,7.892136812210083,2
1277,graficon43nodi/grafo7636.43,14,43,59,99,115,5.0,19,252,7.711085796356201,2
1278,graficon42nodi/grafo5817.42,14,42,60,99,117,5.0,12,142,2.153365135192871,2
1279,graficon51nodi/grafo3172.51,14,51,71,96,116,9.0,34,315,148.43963289260864,2
1280,graficon44nodi/grafo6432.44,14,44,54,95,105,2.0,4,134,0.6094975471496582,2
1281,graficon40nodi/grafo3621.40,14,40,50,95,105,3.0,7,125,0.8897294998168945,2
1282,graficon62nodi/grafo4646.62,14,62,78,96,112,4.0,13,385,2.9317898750305176,2
1283,graficon52nodi/grafo7721.52,14,52,71,95,114,9.0,21,235,55.93230080604553,2
1284,graficon45nodi/grafo7640.45,14,45,65,98,118,9.0,30,326,76.28977370262146,2
1285,graficon41nodi/grafo3781.41,14,41,58,96,113,7.0,21,279,24.900935888290405,2
1286,graficon57nodi/grafo4352.57,14,57,67,98,108,4.0,6,180,0.9049155712127686,2
1287,graficon40nodi/grafo6458.40,14,40,57,95,112,7.0,13,277,13.999328374862671,2
1288,graficon56nodi/grafo6568.56,14,56,69,98,111,8.0,19,254,22.30969762802124,2
1289,graficon50nodi/grafo4580.50,14,50,63,99,112,6.0,15,184,2.618628740310669,2
1290,graficon53nodi/grafo3486.53,14,53,68,97,112,7.0,20,275,12.758045434951782,2
1291,graficon54nodi/grafo1483.54,14,54,67,98,111,5.0,9,143,1.5161211490631104,2
1292,graficon47nodi/grafo6664.47,14,47,63,96,112,9.0,20,271,35.33645248413086,2
1293,graficon44nodi/grafo7761.44,14,44,55,98,109,3.0,9,172,2.0009586811065674,2
1294,graficon48nodi/grafo3769.48,14,48,63,99,114,7.0,19,255,32.418235301971436,2
1295,graficon44nodi/grafo3205.44,14,44,57,99,112,5.0,7,142,1.286527156829834,2
1296,graficon42nodi/grafo3439.42,14,42,57,95,110,4.0,10,233,7.786327362060547,2
1297,graficon41nodi/grafo5645.41,14,41,52,97,108,5.0,8,187,1.547027826309204,2
1298,graficon49nodi/grafo4012.49,14,49,65,99,115,7.0,20,212,43.65274429321289,2
1299,graficon38nodi/grafo3540.38,14,38,57,96,115,6.0,14,210,2.0115296840667725,2
1300,graficon44nodi/grafo6960.44,14,44,61,98,115,6.0,18,234,10.364556550979614,2
1301,graficon43nodi/grafo4053.43,14,43,58,98,113,7.0,21,321,56.38202357292175,2
1302,graficon38nodi/grafo7478.38,14,38,47,98,107,3.0,5,90,0.72536301612854,2
1303,graficon42nodi/grafo3402.42,14,42,62,99,119,8.0,25,216,30.946017265319824,2
1304,graficon40nodi/grafo3804.40,14,40,49,98,107,4.0,5,103,0.8283243179321289,2
1305,graficon46nodi/grafo7713.46,14,46,67,96,117,10.0,44,446,183.51734018325806,2
1306,graficon54nodi/grafo4849.54,14,54,68,95,109,3.0,6,144,1.113438606262207,2
1307,graficon48nodi/grafo4473.48,14,48,61,95,108,2.0,3,176,0.7745788097381592,2
1308,graficon54nodi/grafo4530.54,14,54,76,97,119,12.0,46,324,221.434579372406,2
1309,graficon41nodi/grafo2531.41,14,41,56,99,114,7.0,9,206,1.717717170715332,2
1310,graficon61nodi/grafo8112.61,14,61,77,97,113,8.0,18,249,23.38326096534729,2
1311,graficon53nodi/grafo3763.53,14,53,72,95,114,9.0,22,300,26.321509838104248,2
1312,graficon39nodi/grafo3099.39,14,39,47,98,106,0.0,0,64,0.058255910873413086,2
1313,graficon44nodi/grafo7621.44,14,44,65,98,119,7.0,18,247,8.175035238265991,2
1314,graficon44nodi/grafo6263.44,14,44,66,96,118,10.0,28,260,96.26994490623474,2
1315,graficon60nodi/grafo7448.60,14,60,81,98,119,11.0,47,497,206.31012392044067,2
1316,graficon46nodi/grafo5480.46,14,46,63,95,112,8.0,18,192,3.5537686347961426,2
1317,graficon39nodi/grafo7390.39,14,39,59,97,117,8.0,20,185,34.315826654434204,2
1318,graficon42nodi/grafo3258.42,14,42,58,96,112,6.0,15,192,17.91497826576233,2
1319,graficon52nodi/grafo6159.52,14,52,65,98,111,5.0,11,183,3.478264331817627,2
1320,graficon42nodi/grafo7485.42,14,42,56,99,113,7.0,15,165,15.48229455947876,2
1321,graficon49nodi/grafo7245.49,14,49,65,97,113,8.0,18,196,18.681185722351074,2
1322,graficon54nodi/grafo4488.54,14,54,69,95,110,6.0,16,208,11.724143028259277,2
1323,graficon42nodi/grafo6270.42,14,42,54,98,110,4.0,7,153,1.4249160289764404,2
1324,graficon42nodi/grafo3277.42,14,42,56,95,109,6.0,15,174,28.92745542526245,2
1325,graficon46nodi/grafo5832.46,14,46,58,95,107,3.0,6,148,1.6994738578796387,2
1326,graficon60nodi/grafo4376.60,14,60,73,96,109,4.0,6,187,1.2327446937561035,2
1327,graficon55nodi/grafo1549.55,14,55,66,99,110,4.0,6,281,1.8794662952423096,2
1328,graficon53nodi/grafo4871.53,14,53,71,98,116,6.0,18,305,80.42824673652649,2
1329,graficon60nodi/grafo8276.60,14,60,74,97,111,4.0,10,191,3.1165828704833984,2
1330,graficon55nodi/grafo1465.55,14,55,65,95,105,5.0,13,209,5.235438108444214,2
1331,graficon53nodi/grafo5057.53,14,53,67,95,109,4.0,14,256,32.2846097946167,2
1332,graficon38nodi/grafo3383.38,14,38,62,98,122,15.0,58,415,600.5430450439453,9
1333,graficon38nodi/grafo3758.38,14,38,56,99,117,9.0,29,252,49.5944983959198,2
1334,graficon63nodi/grafo4664.63,14,63,77,99,113,6.0,12,166,2.765122175216675,2
1335,graficon46nodi/grafo3412.46,14,46,65,95,114,8.0,19,212,6.522268056869507,2
1336,graficon44nodi/grafo7591.44,14,44,61,95,112,9.0,27,294,23.495079517364502,2
1337,graficon53nodi/grafo1482.53,14,53,67,96,110,7.0,15,254,4.6801416873931885,2
1338,graficon43nodi/grafo6921.43,14,43,55,97,109,4.0,9,140,1.3430287837982178,2
1339,graficon41nodi/grafo6192.41,14,41,54,95,108,7.0,14,116,21.183685779571533,2
1340,graficon51nodi/grafo7730.51,14,51,67,95,111,7.0,15,210,13.83508038520813,2
1341,graficon39nodi/grafo7581.39,14,39,51,96,108,4.0,8,172,1.1335108280181885,2
1342,graficon62nodi/grafo4312.62,14,62,74,96,108,7.0,15,243,6.035882949829102,2
1343,graficon42nodi/grafo3476.42,14,42,60,99,117,5.0,16,248,11.726781129837036,2
1344,graficon41nodi/grafo7204.41,14,41,54,99,112,4.0,13,248,2.8850035667419434,2
1345,graficon44nodi/grafo3603.44,14,44,66,99,121,11.0,50,349,600.4180340766907,9
1346,graficon39nodi/grafo11495.39,14,39,52,95,108,7.0,9,158,0.9449937343597412,2
1347,graficon39nodi/grafo3474.39,14,39,51,95,107,6.0,12,248,4.57733154296875,2
1348,graficon42nodi/grafo6308.42,14,42,62,96,116,9.0,25,368,37.60059857368469,2
1349,graficon40nodi/grafo5643.40,14,40,51,95,106,3.0,5,192,1.5127997398376465,2
1350,graficon39nodi/grafo5974.39,14,39,53,97,111,3.0,11,216,2.394915819168091,2
1351,graficon41nodi/grafo6398.41,14,41,53,100,112,4.0,8,146,0.6194212436676025,2
1352,graficon53nodi/grafo5091.53,14,53,77,102,126,11.0,35,254,257.4341368675232,2
1353,graficon49nodi/grafo5078.49,14,49,64,100,115,5.0,8,156,1.0544586181640625,2
1354,graficon41nodi/grafo5565.41,14,41,53,102,114,3.0,11,189,1.7168238162994385,2
1355,graficon56nodi/grafo3328.56,14,56,76,104,124,11.0,52,353,600.9152324199677,9
1356,graficon52nodi/grafo3755.52,14,52,72,104,124,8.0,24,235,31.79083228111267,2
1357,graficon65nodi/grafo9317.65,14,65,80,100,115,8.0,23,262,38.58879518508911,2
1358,graficon42nodi/grafo7572.42,14,42,50,101,109,3.0,5,137,1.2494165897369385,2
1359,graficon55nodi/grafo2141.55,14,55,76,102,123,10.0,29,382,244.14292001724243,2
1360,graficon47nodi/grafo1433.47,14,47,60,101,114,3.0,8,108,1.821842908859253,2
1361,graficon39nodi/grafo5798.39,14,39,55,104,120,6.0,12,186,6.632795810699463,2
1362,graficon55nodi/grafo4475.55,14,55,67,101,113,3.0,6,133,0.7332158088684082,2
1363,graficon58nodi/grafo5350.58,14,58,74,104,120,10.0,27,393,43.55139970779419,2
1364,graficon71nodi/grafo9653.71,14,71,80,103,112,2.0,2,182,0.6283586025238037,2
1365,graficon63nodi/grafo4351.63,14,63,78,101,116,10.0,31,469,328.28893637657166,2
1366,graficon54nodi/grafo3785.54,14,54,70,101,117,9.0,26,224,66.42431640625,2
1367,graficon37nodi/grafo11284.37,14,37,50,101,114,3.0,5,58,0.31803154945373535,2
1368,graficon38nodi/grafo2726.38,14,38,53,101,116,6.0,13,259,3.242955207824707,2
1369,graficon62nodi/grafo6805.62,14,62,75,104,117,5.0,7,221,1.343522310256958,2
1370,graficon67nodi/grafo9658.67,14,67,79,100,112,6.0,7,192,1.0096781253814697,2
1371,graficon60nodi/grafo3536.60,14,60,73,100,113,7.0,23,310,38.54789710044861,2
1372,graficon57nodi/grafo7289.57,14,57,72,100,115,8.0,19,253,23.92680287361145,2
1373,graficon59nodi/grafo4281.59,14,59,76,102,119,7.0,18,310,11.935902833938599,2
1374,graficon40nodi/grafo5568.40,14,40,59,100,119,7.0,18,222,5.312551736831665,2
1375,graficon61nodi/grafo8051.61,14,61,73,102,114,5.0,9,161,1.259920597076416,2
1376,graficon65nodi/grafo9375.65,14,65,76,102,113,4.0,6,216,1.7431895732879639,2
1377,graficon44nodi/grafo5352.44,14,44,70,100,126,13.0,64,536,208.31268048286438,2
1378,graficon47nodi/grafo5710.47,14,47,62,103,118,5.0,15,227,7.856853485107422,2
1379,graficon50nodi/grafo1392.50,14,50,63,103,116,6.0,9,186,1.9590580463409424,2
1380,graficon42nodi/grafo7610.42,14,42,55,103,116,4.0,6,79,2.6988089084625244,2
1381,graficon40nodi/grafo6641.40,14,40,54,100,114,6.0,7,103,1.1981265544891357,2
1382,graficon57nodi/grafo4452.57,14,57,76,104,123,7.0,18,231,7.944982051849365,2
1383,graficon48nodi/grafo6289.48,14,48,65,104,121,8.0,16,277,31.506126165390015,2
1384,graficon39nodi/grafo3375.39,14,39,59,103,123,7.0,20,202,10.729803323745728,2
1385,graficon45nodi/grafo7623.45,14,45,62,104,121,9.0,29,236,111.95927143096924,2
1386,graficon57nodi/grafo7770.57,14,57,69,102,114,5.0,7,225,3.1158900260925293,2
1387,graficon46nodi/grafo6166.46,14,46,66,102,122,10.0,29,229,600.3977043628693,9
1388,graficon45nodi/grafo7391.45,14,45,61,100,116,8.0,19,219,52.41011905670166,2
1389,graficon48nodi/grafo7135.48,14,48,68,104,124,9.0,32,417,105.36255121231079,2
1390,graficon59nodi/grafo6718.59,14,59,73,103,117,5.0,9,250,2.131934881210327,2
1391,graficon36nodi/grafo2877.36,14,36,53,101,118,6.0,13,164,14.307512283325195,2
1392,graficon42nodi/grafo7744.42,14,42,52,100,110,3.0,5,86,0.4399688243865967,2
1393,graficon55nodi/grafo3834.55,14,55,80,103,128,10.0,37,261,271.91270875930786,2
1394,graficon50nodi/grafo1307.50,14,50,71,104,125,12.0,44,430,255.82040143013,2
1395,graficon42nodi/grafo7026.42,14,42,55,101,114,4.0,9,116,0.9040675163269043,2
1396,graficon42nodi/grafo7261.42,14,42,62,100,120,10.0,30,338,20.507439136505127,2
1397,graficon56nodi/grafo5341.56,14,56,79,101,124,13.0,44,315,600.455658197403,9
1398,graficon56nodi/grafo4651.56,14,56,76,101,121,10.0,34,334,26.262531280517578,2
1399,graficon35nodi/grafo5493.35,14,35,53,100,118,7.0,21,245,40.84253430366516,2
1400,graficon54nodi/grafo3748.54,14,54,73,104,123,10.0,31,271,90.10471820831299,2
1401,graficon56nodi/grafo1205.56,14,56,75,100,119,10.0,28,250,89.61095786094666,2
1402,graficon56nodi/grafo7738.56,14,56,79,102,125,10.0,34,446,104.51734447479248,2
1403,graficon61nodi/grafo3257.61,14,61,82,102,123,10.0,43,517,229.16660594940186,2
1404,graficon48nodi/grafo2254.48,14,48,66,102,120,8.0,20,261,37.13244581222534,2
1405,graficon42nodi/grafo5550.42,14,42,57,101,116,6.0,18,238,4.418616056442261,2
1406,graficon58nodi/grafo6722.58,14,58,69,103,114,7.0,16,175,4.239392518997192,2
1407,graficon50nodi/grafo6775.50,14,50,63,101,114,5.0,12,288,6.096171855926514,2
1408,graficon56nodi/grafo6630.56,14,56,68,103,115,7.0,21,271,55.9259467124939,2
1409,graficon51nodi/grafo7550.51,14,51,66,102,117,8.0,19,249,6.908393383026123,2
1410,graficon55nodi/grafo4367.55,14,55,72,103,120,4.0,11,170,2.4324123859405518,2
1411,graficon40nodi/grafo7165.40,14,40,55,102,117,8.0,23,208,131.0687334537506,2
1412,graficon67nodi/grafo6272.67,14,67,72,100,105,1.0,1,88,0.08083343505859375,2
1413,graficon51nodi/grafo3484.51,14,51,68,104,121,9.0,31,244,97.43958449363708,2
1414,graficon53nodi/grafo2794.53,14,53,73,104,124,9.0,31,255,94.50751256942749,2
1415,graficon49nodi/grafo4734.49,14,49,59,101,111,2.0,3,132,0.9777743816375732,2
1416,graficon50nodi/grafo5745.50,14,50,75,101,126,14.0,51,261,601.0310020446777,9
1417,graficon63nodi/grafo1570.63,14,63,74,100,111,5.0,14,184,3.4956181049346924,2
1418,graficon39nodi/grafo11671.39,14,39,52,101,114,4.0,9,154,1.89381742477417,2
1419,graficon67nodi/grafo1617.67,14,67,80,103,116,6.0,11,167,22.304866075515747,2
1420,graficon39nodi/grafo5762.39,14,39,59,103,123,6.0,20,200,39.670613288879395,2
1421,graficon54nodi/grafo4467.54,14,54,69,102,117,4.0,8,251,1.7592012882232666,2
1422,graficon36nodi/grafo5175.36,14,36,45,101,110,2.0,5,91,0.5316131114959717,2
1423,graficon49nodi/grafo5220.49,14,49,64,100,115,5.0,15,303,4.969834089279175,2
1424,graficon57nodi/grafo5032.57,14,57,69,101,113,3.0,6,224,3.166016101837158,2
1425,graficon44nodi/grafo5221.44,14,44,57,102,115,6.0,15,155,14.638419151306152,2
1426,graficon42nodi/grafo10008.42,14,42,61,107,126,8.0,16,229,39.799352407455444,2
1427,graficon44nodi/grafo3501.44,14,44,63,106,125,9.0,26,341,241.54335832595825,2
1428,graficon55nodi/grafo4528.55,14,55,67,106,118,2.0,5,151,0.5851995944976807,2
1429,graficon45nodi/grafo7219.45,14,45,59,108,122,6.0,15,227,8.169661521911621,2
1430,graficon39nodi/grafo5763.39,14,39,54,109,124,6.0,7,137,1.4374675750732422,2
1431,graficon55nodi/grafo1361.55,14,55,66,106,117,4.0,8,259,1.5626795291900635,2
1432,graficon45nodi/grafo7555.45,14,45,58,106,119,6.0,7,125,1.379387378692627,2
1433,graficon54nodi/grafo7407.54,14,54,66,105,117,5.0,13,246,5.942496299743652,2
1434,graficon57nodi/grafo5924.57,14,57,74,105,122,6.0,16,212,4.8228912353515625,2
1435,graficon44nodi/grafo6229.44,14,44,56,107,119,3.0,6,106,0.9674148559570312,2
1436,graficon43nodi/grafo6343.43,14,43,55,106,118,5.0,11,157,10.30603313446045,2
1437,graficon48nodi/grafo6544.48,14,48,61,105,118,6.0,15,203,37.209006786346436,2
1438,graficon62nodi/grafo1215.62,14,62,82,105,125,10.999999866808334,45,364,600.5927336215973,9
1439,graficon51nodi/grafo3726.51,14,51,70,105,124,8.0,26,227,430.1547603607178,2
1440,graficon64nodi/grafo9460.64,14,64,78,107,121,7.0,16,303,11.790057182312012,2
1441,graficon47nodi/grafo5255.47,14,47,64,106,123,6.0,17,274,8.313576698303223,2
1442,graficon61nodi/grafo4491.61,14,61,79,109,127,9.0,18,175,6.6133949756622314,2
1443,graficon44nodi/grafo5130.44,14,44,56,106,118,6.0,14,182,4.0652594566345215,2
1444,graficon45nodi/grafo6438.45,14,45,58,105,118,5.0,9,217,4.56286096572876,2
1445,graficon53nodi/grafo4079.53,14,53,62,107,116,6.0,9,118,2.221468448638916,2
1446,graficon40nodi/grafo10057.40,14,40,59,106,125,9.0,42,265,601.6652128696442,9
1447,graficon52nodi/grafo7181.52,14,52,81,109,138,14.0,52,410,571.5860004425049,2
1448,graficon46nodi/grafo5473.46,14,46,64,106,124,6.0,18,284,34.0340301990509,2
1449,graficon46nodi/grafo6674.46,14,46,62,107,123,8.0,16,210,4.321239471435547,2
1450,graficon51nodi/grafo4756.51,14,51,70,109,128,8.0,24,324,56.60376453399658,2
1451,graficon38nodi/grafo11400.38,14,38,49,109,120,4.0,7,112,1.0431561470031738,2
1452,graficon43nodi/grafo6348.43,14,43,56,108,121,5.0,14,236,10.992496728897095,2
1453,graficon36nodi/grafo6109.36,14,36,52,106,122,5.0,13,175,3.05749773979187,2
1454,graficon53nodi/grafo4167.53,14,53,69,106,122,7.0,18,203,38.35085153579712,2
1455,graficon66nodi/grafo9206.66,14,66,84,109,127,9.0,31,247,518.4545257091522,2
1456,graficon58nodi/grafo3235.58,14,58,71,109,122,8.0,14,286,10.627763748168945,2
1457,graficon48nodi/grafo6554.48,14,48,70,107,129,9.0,47,410,121.90011811256409,2
1458,graficon60nodi/grafo1192.60,14,60,79,106,125,11.0,36,266,283.8878026008606,2
1459,graficon46nodi/grafo6771.46,14,46,55,107,116,3.0,5,135,0.7884881496429443,2
1460,graficon40nodi/grafo5231.40,14,40,56,108,124,6.0,14,232,39.83108615875244,2
1461,graficon38nodi/grafo6547.38,14,38,64,107,133,13.0,58,335,601.309210062027,9
1462,graficon59nodi/grafo3194.59,14,59,67,106,114,3.0,3,133,0.3129122257232666,2
1463,graficon47nodi/grafo6384.47,14,47,72,108,133,11.0,42,380,175.9546709060669,2
1464,graficon42nodi/grafo7389.42,14,42,62,109,129,9.0,24,213,40.593448638916016,2
1465,graficon54nodi/grafo7090.54,14,54,72,107,125,9.0,27,373,146.66091132164001,2
1466,graficon43nodi/grafo3227.43,14,43,65,108,130,10.0,27,311,126.46411657333374,2
1467,graficon44nodi/grafo7751.44,14,44,58,105,119,5.0,9,117,1.4036903381347656,2
1468,graficon40nodi/grafo7767.40,14,40,54,107,121,5.0,8,98,1.6473667621612549,2
1469,graficon49nodi/grafo7010.49,14,49,67,106,124,8.0,15,195,4.374828338623047,2
1470,graficon60nodi/grafo4421.60,14,60,73,106,119,7.0,15,262,47.32062268257141,2
1471,graficon52nodi/grafo1431.52,14,52,70,109,127,6.0,16,186,6.726121664047241,2
1472,graficon48nodi/grafo6390.48,14,48,65,109,126,6.0,17,195,13.084612846374512,2
1473,graficon46nodi/grafo5713.46,14,46,66,105,125,10.0,24,198,148.20336627960205,2
1474,graficon55nodi/grafo5960.55,14,55,79,108,132,12.0,60,505,601.0160529613495,9
1475,graficon55nodi/grafo4161.55,14,55,73,106,124,5.0,26,318,9.124835968017578,2
1476,graficon37nodi/grafo3359.37,14,37,58,109,130,7.0,18,291,12.48349905014038,2
1477,graficon52nodi/grafo5150.52,14,52,70,107,125,7.0,16,259,41.09355592727661,2
1478,graficon55nodi/grafo4967.55,14,55,66,109,120,4.0,11,185,22.64618706703186,2
1479,graficon49nodi/grafo2656.49,14,49,59,107,117,4.0,6,171,1.1640100479125977,2
1480,graficon44nodi/grafo7259.44,14,44,61,105,122,6.0,15,174,5.452170372009277,2
1481,graficon45nodi/grafo6396.45,14,45,65,108,128,10.0,25,223,54.09263873100281,2
1482,graficon47nodi/grafo3730.47,14,47,63,107,123,4.0,11,209,13.59827971458435,2
1483,graficon47nodi/grafo2478.47,14,47,62,105,120,7.0,19,237,8.895737648010254,2
1484,graficon59nodi/grafo6030.59,14,59,80,105,126,10.0,27,318,106.57954335212708,2
1485,graficon47nodi/grafo6696.47,14,47,66,106,125,8.0,23,238,39.96966361999512,2
1486,graficon60nodi/grafo5223.60,14,60,83,105,128,13.0,53,631,362.92468190193176,2
1487,graficon40nodi/grafo4038.40,14,40,53,107,120,6.0,9,156,1.9375267028808594,2
1488,graficon57nodi/grafo4177.57,14,57,76,107,126,8.0,20,389,44.0295512676239,2
1489,graficon57nodi/grafo5329.57,14,57,71,106,120,7.0,9,215,2.6297993659973145,2
1490,graficon57nodi/grafo5849.57,14,57,81,106,130,10.0,33,356,602.702787399292,9
1491,graficon58nodi/grafo1501.58,14,58,72,108,122,3.0,5,151,0.32512474060058594,2
1492,graficon61nodi/grafo9391.61,14,61,78,107,124,5.0,18,218,21.889976501464844,2
1493,graficon55nodi/grafo3352.55,14,55,69,108,122,5.0,8,169,1.3675477504730225,2
1494,graficon38nodi/grafo3917.38,14,38,58,105,125,9.0,25,320,69.72230982780457,2
1495,graficon65nodi/grafo9118.65,14,65,84,105,124,7.0,12,296,13.053908824920654,2
1496,graficon59nodi/grafo5083.59,14,59,71,106,118,7.0,17,373,9.404670238494873,2
1497,graficon41nodi/grafo5811.41,14,41,59,105,123,7.0,28,261,39.42430543899536,2
1498,graficon52nodi/grafo3185.52,14,52,76,108,132,11.0,34,245,110.67112493515015,2
1499,graficon61nodi/grafo6898.61,14,61,72,109,120,6.0,11,233,23.557827472686768,2
1500,graficon49nodi/grafo6707.49,14,49,64,106,121,8.0,22,253,29.1588716506958,2
1501,graficon37nodi/grafo4080.37,14,37,57,112,132,9.0,27,337,88.08593606948853,2
1502,graficon54nodi/grafo1328.54,14,54,71,112,129,7.0,19,228,5.4268271923065186,2
1503,graficon56nodi/grafo4416.56,14,56,70,114,128,6.0,15,181,30.937690258026123,2
1504,graficon59nodi/grafo4386.59,14,59,73,111,125,5.0,9,210,1.595829963684082,2
1505,graficon54nodi/grafo4332.54,14,54,69,111,126,8.0,16,169,82.82667231559753,2
1506,graficon35nodi/grafo5351.35,14,35,51,111,127,5.0,9,174,2.021392345428467,2
1507,graficon56nodi/grafo4275.56,14,56,76,113,133,11.0,29,263,83.73842406272888,2
1508,graficon59nodi/grafo6792.59,14,59,76,114,131,7.0,26,357,65.6861047744751,2
1509,graficon69nodi/grafo7584.69,14,69,80,114,125,5.0,13,177,21.852712631225586,2
1510,graficon51nodi/grafo6893.51,14,51,68,114,131,6.0,16,226,17.496848106384277,2
1511,graficon58nodi/grafo5098.58,14,58,79,112,133,12.0,51,561,480.9448137283325,2
1512,graficon64nodi/grafo7471.64,14,64,76,110,122,6.0,12,290,3.20000958442688,2
1513,graficon74nodi/grafo8685.74,14,74,94,114,134,8.0,20,435,50.55111050605774,2
1514,graficon47nodi/grafo7236.47,14,47,70,111,134,10.0,32,378,180.04153871536255,2
1515,graficon60nodi/grafo4548.60,14,60,72,112,124,7.0,22,296,70.3675765991211,2
1516,graficon64nodi/grafo4288.64,14,64,81,111,128,9.0,19,261,41.95616269111633,2
1517,graficon77nodi/grafo8372.77,14,77,85,112,120,4.0,8,282,4.862489700317383,2
1518,graficon61nodi/grafo5418.61,14,61,82,112,133,6.0,17,452,8.532190322875977,2
1519,graficon59nodi/grafo4463.59,14,59,76,114,131,6.0,11,289,4.391669511795044,2
1520,graficon58nodi/grafo4889.58,14,58,77,111,130,9.0,28,346,184.50911712646484,2
1521,graficon55nodi/grafo4661.55,14,55,69,111,125,7.0,16,182,22.436923503875732,2
1522,graficon43nodi/grafo5950.43,14,43,56,112,125,4.0,8,131,1.3808982372283936,2
1523,graficon44nodi/grafo5404.44,14,44,60,113,129,6.0,13,241,16.364149808883667,2
1524,graficon59nodi/grafo6503.59,14,59,73,111,125,4.0,13,182,6.394691228866577,2
1525,graficon35nodi/grafo5852.35,14,35,50,112,127,5.0,7,91,1.2401468753814697,2
1526,graficon55nodi/grafo4318.55,14,55,81,114,140,13.0,49,430,347.609721660614,2
1527,graficon63nodi/grafo9365.63,14,63,83,110,130,9.0,25,396,79.12523674964905,2
1528,graficon39nodi/grafo2982.39,14,39,52,112,125,4.0,7,151,1.2789697647094727,2
1529,graficon58nodi/grafo6031.58,14,58,82,113,137,11.0,38,522,147.6884262561798,2
1530,graficon40nodi/grafo3131.40,14,40,53,112,125,4.0,13,204,4.8654539585113525,2
1531,graficon66nodi/grafo1564.66,14,66,85,114,133,6.0,17,286,9.020859718322754,2
1532,graficon44nodi/grafo6276.44,14,44,62,112,130,7.0,11,141,4.991965055465698,2
1533,graficon65nodi/grafo9158.65,14,65,87,114,136,13.0,49,401,384.7832901477814,2
1534,graficon61nodi/grafo3853.61,14,61,79,113,131,7.0,28,313,61.21350359916687,2
1535,graficon61nodi/grafo9775.61,14,61,79,113,131,7.0,17,388,13.393097400665283,2
1536,graficon43nodi/grafo3947.43,14,43,63,114,134,5.0,12,263,3.069772720336914,2
1537,graficon42nodi/grafo7666.42,14,42,63,111,132,10.0,26,315,111.69187045097351,2
1538,graficon72nodi/grafo8975.72,14,72,87,112,127,8.0,29,407,440.6124691963196,2
1539,graficon51nodi/grafo4726.51,14,51,67,110,126,3.0,9,391,6.301178455352783,2
1540,graficon46nodi/grafo5659.46,14,46,60,110,124,5.0,11,230,4.368997573852539,2
1541,graficon63nodi/grafo2914.63,14,63,80,111,128,12.0,31,281,600.8708610534668,9
1542,graficon58nodi/grafo5008.58,14,58,77,114,133,7.0,25,279,47.92980670928955,2
1543,graficon59nodi/grafo6791.59,14,59,76,114,131,7.0,26,357,58.45862698554993,2
1544,graficon53nodi/grafo1262.53,14,53,74,114,135,11.0,44,361,118.08886528015137,2
1545,graficon56nodi/grafo6350.56,14,56,74,114,132,7.0,20,306,54.95568871498108,2
1546,graficon36nodi/grafo3241.36,14,36,47,110,121,3.0,8,118,1.3089063167572021,2
1547,graficon52nodi/grafo3628.52,14,52,71,114,133,6.0,13,295,5.496817111968994,2
1548,graficon40nodi/grafo4021.40,14,40,51,111,122,4.0,8,107,0.9553723335266113,2
1549,graficon60nodi/grafo5483.60,14,60,75,113,128,4.0,7,315,2.2585372924804688,2
1550,graficon42nodi/grafo5183.42,14,42,58,110,126,5.0,17,206,7.503971099853516,2
1551,graficon62nodi/grafo4952.62,14,62,78,110,126,8.0,17,310,23.153003215789795,2
1552,graficon44nodi/grafo6968.44,14,44,67,112,135,10.0,25,253,59.17090082168579,2
1553,graficon46nodi/grafo6553.46,14,46,66,111,131,7.0,14,216,35.79021501541138,2
1554,graficon56nodi/grafo6546.56,14,56,70,113,127,6.0,9,236,7.593464136123657,2
1555,graficon55nodi/grafo7054.55,14,55,79,112,136,10.0,44,419,288.9790868759155,2
1556,graficon62nodi/grafo6494.62,14,62,81,111,130,10.0,33,335,160.13536667823792,2
1557,graficon56nodi/grafo4322.56,14,56,78,113,135,9.0,34,301,115.4321174621582,2
1558,graficon62nodi/grafo7772.62,14,62,79,113,130,8.0,20,290,17.098813772201538,2
1559,graficon61nodi/grafo4616.61,14,61,81,111,131,8.0,22,371,73.51277184486389,2
1560,graficon63nodi/grafo4884.63,14,63,86,113,136,9.0,31,500,140.0827534198761,2
1561,graficon38nodi/grafo10618.38,14,38,54,113,129,8.0,22,187,50.78850317001343,2
1562,graficon52nodi/grafo6715.52,14,52,72,110,130,10.0,27,421,57.04673504829407,2
1563,graficon41nodi/grafo4031.41,14,41,62,111,132,8.0,25,229,88.46078848838806,2
1564,graficon53nodi/grafo5040.53,14,53,72,112,131,8.0,23,358,92.2655701637268,2
1565,graficon63nodi/grafo4162.63,14,63,81,113,131,9.0,22,357,86.68667602539062,2
1566,graficon53nodi/grafo4750.53,14,53,64,113,124,4.0,6,141,0.6258969306945801,2
1567,graficon37nodi/grafo5965.37,14,37,52,113,128,5.0,10,173,2.9206461906433105,2
1568,graficon41nodi/grafo149.41,14,41,54,111,124,4.0,9,168,1.5944101810455322,2
1569,graficon68nodi/grafo4896.68,14,68,86,114,132,8.0,22,210,70.87685513496399,2
1570,graficon48nodi/grafo6561.48,14,48,68,111,131,6.0,16,292,23.02909231185913,2
1571,graficon64nodi/grafo9060.64,14,64,81,112,129,8.0,28,291,130.74310398101807,2
1572,graficon44nodi/grafo4022.44,14,44,63,113,132,8.0,18,278,38.95102787017822,2
1573,graficon39nodi/grafo3142.39,14,39,52,111,124,6.0,10,183,11.910783052444458,2
1574,graficon64nodi/grafo9057.64,14,64,85,114,135,12.0,35,365,600.677258014679,9
1575,graficon38nodi/grafo7492.38,14,38,57,111,130,9.0,29,330,64.40851831436157,2
1576,graficon56nodi/grafo1366.56,14,56,70,115,129,5.0,6,193,3.3368985652923584,2
1577,graficon57nodi/grafo4130.57,14,57,79,117,139,9.0,41,402,600.630585193634,9
1578,graficon55nodi/grafo6661.55,14,55,72,117,134,7.0,14,214,18.30656599998474,2
1579,graficon59nodi/grafo1342.59,14,59,70,117,128,5.0,14,329,43.25871539115906,2
1580,graficon64nodi/grafo9594.64,14,64,86,117,139,13.0,33,313,135.58541202545166,2
1581,graficon57nodi/grafo6107.57,14,57,75,119,137,9.0,24,316,123.39704918861389,2
1582,graficon64nodi/grafo9467.64,14,64,75,117,128,3.0,8,180,2.6645662784576416,2
1583,graficon68nodi/grafo9749.68,14,68,82,119,133,6.0,14,347,50.61054873466492,2
1584,graficon56nodi/grafo1480.56,14,56,77,118,139,12.0,54,444,600.7038335800171,9
1585,graficon37nodi/grafo11566.37,14,37,53,116,132,5.0,13,167,9.122987031936646,2
1586,graficon62nodi/grafo5406.62,14,62,77,117,132,6.0,15,253,23.573981523513794,2
1587,graficon71nodi/grafo8270.71,14,71,91,118,138,8.0,24,264,25.159375429153442,2
1588,graficon54nodi/grafo5311.54,14,54,74,115,135,9.0,29,482,36.91401290893555,2
1589,graficon59nodi/grafo4198.59,14,59,75,115,131,6.0,25,280,38.32984709739685,2
1590,graficon51nodi/grafo6747.51,14,51,65,118,132,6.0,12,183,3.9169721603393555,2
1591,graficon68nodi/grafo6622.68,14,68,77,115,124,3.0,4,175,0.7007627487182617,2
1592,graficon64nodi/grafo4563.64,14,64,87,118,141,16.0,61,503,600.9456784725189,9
1593,graficon64nodi/grafo5788.64,14,64,77,117,130,6.0,16,259,29.698716640472412,2
1594,graficon67nodi/grafo6909.67,14,67,77,115,125,4.0,14,213,5.614952087402344,2
1595,graficon53nodi/grafo4003.53,14,53,72,118,137,8.0,23,257,137.18535900115967,2
1596,graficon54nodi/grafo6872.54,14,54,76,119,141,16.0,54,379,601.1094493865967,9
1597,graficon57nodi/grafo6269.57,14,57,75,118,136,10.0,33,355,600.7396261692047,9
1598,graficon58nodi/grafo4723.58,14,58,70,118,130,4.0,5,235,1.3843493461608887,2
1599,graficon45nodi/grafo6297.45,14,45,60,115,130,5.0,11,154,2.0761754512786865,2
1600,graficon39nodi/grafo9974.39,14,39,55,117,133,5.0,5,132,0.9393670558929443,2
1601,graficon55nodi/grafo4894.55,14,55,76,116,137,7.0,22,234,16.613819122314453,2
1602,graficon43nodi/grafo5515.43,14,43,64,116,137,10.0,30,352,123.047616481781,2
1603,graficon52nodi/grafo3810.52,14,52,64,115,127,6.0,14,167,38.028279066085815,2
1604,graficon62nodi/grafo4293.62,14,62,77,115,130,8.0,20,376,59.87433481216431,2
1605,graficon57nodi/grafo3957.57,14,57,80,119,142,12.0,37,346,31.95478081703186,2
1606,graficon42nodi/grafo5345.42,14,42,55,118,131,4.0,6,140,4.324150323867798,2
1607,graficon44nodi/grafo7605.44,14,44,65,118,139,8.0,17,259,12.664793491363525,2
1608,graficon47nodi/grafo6300.47,14,47,72,117,142,14.0,46,381,600.6846218109131,9
1609,graficon63nodi/grafo9652.63,14,63,75,118,130,6.0,13,199,38.812477350234985,2
1610,graficon53nodi/grafo5729.53,14,53,75,115,137,9.0,37,404,70.96753263473511,2
1611,graficon58nodi/grafo6690.58,14,58,70,116,128,4.0,7,233,1.4235656261444092,2
1612,graficon75nodi/grafo6954.75,14,75,90,117,132,6.0,17,214,61.06334137916565,2
1613,graficon51nodi/grafo3507.51,14,51,71,117,137,12.0,30,271,504.1884288787842,2
1614,graficon41nodi/grafo7137.41,14,41,59,115,133,8.0,19,170,10.321662187576294,2
1615,graficon69nodi/grafo8347.69,14,69,76,119,126,3.0,3,180,1.1363959312438965,2
1616,graficon64nodi/grafo4722.64,14,64,80,119,135,6.0,15,199,15.507780313491821,2
1617,graficon44nodi/grafo5243.44,14,44,61,118,135,8.0,18,241,12.06647515296936,2
1618,graficon51nodi/grafo4766.51,14,51,73,117,139,9.0,22,312,43.28107476234436,2
1619,graficon45nodi/grafo7039.45,14,45,63,116,134,5.0,11,228,5.672282695770264,2
1620,graficon66nodi/grafo1414.66,14,66,82,118,134,8.0,18,296,181.3350851535797,2
1621,graficon48nodi/grafo7601.48,14,48,64,118,134,7.0,19,204,9.212352752685547,2
1622,graficon63nodi/grafo9085.63,14,63,82,119,138,8.0,25,351,13.865131378173828,2
1623,graficon56nodi/grafo4621.56,14,56,67,119,130,6.0,11,153,9.831326723098755,2
1624,graficon63nodi/grafo7961.63,14,63,76,117,130,4.0,6,229,1.63812255859375,2
1625,graficon56nodi/grafo3760.56,14,56,69,115,128,3.0,8,161,1.2254235744476318,2
1626,graficon58nodi/grafo5173.58,14,58,83,115,140,11.0,37,375,251.87347412109375,2
1627,graficon43nodi/grafo6391.43,14,43,62,119,138,8.0,25,315,245.9625837802887,2
1628,graficon37nodi/grafo5229.37,14,37,53,115,131,6.0,14,205,14.141920566558838,2
1629,graficon67nodi/grafo9070.67,14,67,88,116,137,13.0,41,370,601.394207239151,9
1630,graficon76nodi/grafo8078.76,14,76,98,117,139,16.0,58,414,600.8655002117157,9
1631,graficon65nodi/grafo1527.65,14,65,77,117,129,4.0,9,191,1.9580349922180176,2
1632,graficon37nodi/grafo6959.37,14,37,55,117,135,6.0,11,136,14.691098690032959,2
1633,graficon46nodi/grafo6724.46,14,46,66,118,138,9.0,25,260,390.4452874660492,2
1634,graficon43nodi/grafo5987.43,14,43,63,117,137,9.0,33,209,73.15645146369934,2
1635,graficon64nodi/grafo9098.64,14,64,80,117,133,6.0,16,199,5.555805206298828,2
1636,graficon54nodi/grafo3460.54,14,54,82,117,145,15.0,57,620,601.047413110733,9
1637,graficon50nodi/grafo4869.50,14,50,69,117,136,8.0,19,246,10.32064175605774,2
1638,graficon44nodi/grafo4017.44,14,44,60,118,134,6.0,16,184,28.489526510238647,2
1639,graficon61nodi/grafo9367.61,14,61,77,117,133,6.0,15,341,8.415773391723633,2
1640,graficon37nodi/grafo6698.37,14,37,54,118,135,7.0,14,152,12.396775484085083,2
1641,graficon66nodi/grafo4656.66,14,66,81,119,134,6.0,16,260,50.36383628845215,2
1642,graficon52nodi/grafo4874.52,14,52,70,119,137,3.0,7,323,2.706043243408203,2
1643,graficon57nodi/grafo6446.57,14,57,68,116,127,3.0,4,163,1.060497760772705,2
1644,graficon57nodi/grafo1567.57,14,57,74,118,135,7.0,15,189,8.787412643432617,2
1645,graficon60nodi/grafo7536.60,14,60,76,119,135,7.0,24,321,137.2283272743225,2
1646,graficon62nodi/grafo9405.62,14,62,82,117,137,9.0,33,555,180.32465171813965,2
1647,graficon58nodi/grafo4605.58,14,58,84,118,144,13.0,55,582,600.8239231109619,9
1648,graficon39nodi/grafo3902.39,14,39,53,116,130,5.0,14,197,2.504194498062134,2
1649,graficon46nodi/grafo6228.46,14,46,62,116,132,8.0,23,285,99.53614139556885,2
1650,graficon63nodi/grafo6941.63,14,63,82,116,135,10.0,23,294,202.8688027858734,2
1651,graficon58nodi/grafo5389.58,14,58,84,122,148,14.0,48,428,600.8115017414093,9
1652,graficon52nodi/grafo3704.52,14,52,70,121,139,8.0,24,320,107.52034831047058,2
1653,graficon60nodi/grafo5914.60,14,60,82,124,146,12.0,48,472,600.6460945606232,9
1654,graficon58nodi/grafo4730.58,14,58,86,123,151,9.0,35,599,37.81708788871765,2
1655,graficon68nodi/grafo8028.68,14,68,94,121,147,21.0,78,631,601.1171267032623,9
1656,graficon47nodi/grafo3846.47,14,47,65,124,142,8.0,15,304,4.761096239089966,2
1657,graficon46nodi/grafo6790.46,14,46,74,121,149,15.0,54,527,600.9406542778015,9
1658,graficon73nodi/grafo6710.73,14,73,94,124,145,11.0,42,530,363.7298278808594,2
1659,graficon59nodi/grafo7328.59,14,59,71,120,132,5.0,8,162,3.3590471744537354,2
1660,graficon46nodi/grafo7399.46,14,46,63,123,140,6.0,15,181,11.790354013442993,2
1661,graficon76nodi/grafo7967.76,14,76,100,121,145,13.0,48,791,180.94191193580627,2
1662,graficon67nodi/grafo8050.67,14,67,86,123,142,7.0,23,393,95.34901809692383,2
1663,graficon42nodi/grafo6310.42,14,42,63,122,143,9.0,23,226,61.211180686950684,2
1664,graficon56nodi/grafo3658.56,14,56,78,124,146,10.0,48,396,340.1557295322418,2
1665,graficon62nodi/grafo4245.62,14,62,84,121,143,11.0,36,275,158.11805987358093,2
1666,graficon77nodi/grafo4554.77,14,77,99,124,146,13.0,53,457,600.8957602977753,9
1667,graficon60nodi/grafo4856.60,14,60,80,122,142,6.0,23,291,31.349376678466797,2
1668,graficon53nodi/grafo4505.53,14,53,69,120,136,4.0,7,162,1.6164398193359375,2
1669,graficon43nodi/grafo5443.43,14,43,59,122,138,5.0,16,208,8.238897562026978,2
1670,graficon51nodi/grafo6475.51,14,51,66,122,137,8.0,17,188,15.531437158584595,2
1671,graficon47nodi/grafo7084.47,14,47,65,124,142,7.0,14,218,26.80314040184021,2
1672,graficon75nodi/grafo8507.75,14,75,88,123,136,5.0,11,185,194.15793371200562,2
1673,graficon48nodi/grafo1416.48,14,48,62,124,138,6.0,8,174,1.7906923294067383,2
1674,graficon63nodi/grafo9234.63,14,63,87,120,144,13.0,42,382,203.42898511886597,2
1675,graficon51nodi/grafo4154.51,14,51,65,121,135,5.0,11,218,13.597512483596802,2
1676,graficon62nodi/grafo4988.62,14,62,78,121,137,8.0,24,248,505.2923483848572,2
1677,graficon61nodi/grafo6131.61,14,61,79,123,141,7.0,14,404,12.26877474784851,2
1678,graficon44nodi/grafo6911.44,14,44,59,124,139,5.0,6,128,0.9830191135406494,2
1679,graficon58nodi/grafo3448.58,14,58,85,124,151,13.0,41,431,600.6801912784576,9
1680,graficon60nodi/grafo8115.60,14,60,74,120,134,7.0,23,267,132.71293783187866,2
1681,graficon55nodi/grafo3950.55,14,55,74,121,140,6.0,20,277,17.108067512512207,2
1682,graficon64nodi/grafo9659.64,14,64,82,122,140,10.0,28,318,145.386577129364,2
1683,graficon44nodi/grafo3705.44,14,44,57,120,133,4.0,7,167,2.055060386657715,2
1684,graficon61nodi/grafo4313.61,14,61,89,120,148,14.0,45,296,600.7605316638947,9
1685,graficon57nodi/grafo3991.57,14,57,81,120,144,11.0,44,434,153.09256958961487,2
1686,graficon46nodi/grafo7405.46,14,46,64,123,141,8.0,25,282,84.06360459327698,2
1687,graficon57nodi/grafo3791.57,14,57,78,123,144,12.0,36,332,296.84390354156494,2
1688,graficon43nodi/grafo3269.43,14,43,58,122,137,5.0,9,186,1.9136102199554443,2
1689,graficon39nodi/grafo6026.39,14,39,61,122,144,5.0,14,188,4.3263208866119385,2
1690,graficon62nodi/grafo9822.62,14,62,89,124,151,17.0,62,492,601.1500153541565,9
1691,graficon49nodi/grafo4046.49,14,49,67,122,140,6.0,13,269,33.71459603309631,2
1692,graficon55nodi/grafo3346.55,14,55,74,122,141,6.0,16,295,12.973063945770264,2
1693,graficon56nodi/grafo4940.56,14,56,72,121,137,6.0,14,267,4.827751398086548,2
1694,graficon57nodi/grafo4083.57,14,57,78,124,145,11.0,31,305,100.00553345680237,2
1695,graficon46nodi/grafo3636.46,14,46,62,121,137,6.0,13,241,8.140101432800293,2
1696,graficon55nodi/grafo4394.55,14,55,76,124,145,10.0,26,282,600.5781879425049,9
1697,graficon42nodi/grafo6004.42,14,42,60,121,139,4.0,11,252,2.691807270050049,2
1698,graficon61nodi/grafo4331.61,14,61,78,124,141,5.0,14,258,10.866286754608154,2
1699,graficon69nodi/grafo7284.69,14,69,87,121,139,8.0,28,290,36.13418436050415,2
1700,graficon55nodi/grafo3598.55,14,55,73,122,140,7.0,22,277,200.78088307380676,2
1701,graficon55nodi/grafo4356.55,14,55,73,120,138,6.0,18,216,31.212396383285522,2
1702,graficon61nodi/grafo5755.61,14,61,85,124,148,13.0,46,326,600.6126799583435,9
1703,graficon38nodi/grafo11236.38,14,38,52,124,138,2.0,5,120,0.658268928527832,2
1704,graficon56nodi/grafo5089.56,14,56,83,123,150,12.0,42,309,600.4981067180634,9
1705,graficon46nodi/grafo7386.46,14,46,66,122,142,8.0,25,346,263.78050661087036,2
1706,graficon60nodi/grafo8159.60,14,60,85,122,147,10.0,33,471,154.12096285820007,2
1707,graficon61nodi/grafo3564.61,14,61,79,124,142,9.0,36,396,600.7390878200531,9
1708,graficon66nodi/grafo8771.66,14,66,88,123,145,7.0,23,293,39.57056283950806,2
1709,graficon56nodi/grafo5055.56,14,56,77,124,145,10.0,29,370,147.86955666542053,2
1710,graficon58nodi/grafo4280.58,14,58,75,120,137,6.0,17,304,13.04802417755127,2
1711,graficon69nodi/grafo4408.69,14,69,91,121,143,11.0,37,498,208.07201671600342,2
1712,graficon53nodi/grafo6767.53,14,53,73,121,141,9.0,26,535,104.25700998306274,2
1713,graficon63nodi/grafo4642.63,14,63,84,124,145,9.0,31,329,209.1952612400055,2
1714,graficon61nodi/grafo8562.61,14,61,80,122,141,9.0,25,299,70.69527769088745,2
1715,graficon37nodi/grafo3533.37,14,37,57,120,140,6.0,22,275,17.371617794036865,2
1716,graficon43nodi/grafo6008.43,14,43,68,124,149,11.0,29,351,82.25646233558655,2
1717,graficon60nodi/grafo3198.60,14,60,80,123,143,10.0,35,366,145.253436088562,2
1718,graficon48nodi/grafo1488.48,14,48,58,122,132,4.0,7,162,11.811415195465088,2
1719,graficon60nodi/grafo7341.60,14,60,78,124,142,9.0,25,239,111.07045912742615,2
1720,graficon73nodi/grafo9705.73,14,73,94,124,145,9.0,21,357,39.1900417804718,2
1721,graficon62nodi/grafo5912.62,14,62,75,122,135,5.0,13,222,24.294232845306396,2
1722,graficon51nodi/grafo4451.51,14,51,72,124,145,8.0,19,253,9.828314542770386,2
1723,graficon69nodi/grafo7808.69,14,69,88,120,139,7.0,18,265,11.977701902389526,2
1724,graficon68nodi/grafo2711.68,14,68,82,124,138,6.0,10,312,23.778083086013794,2
1725,graficon63nodi/grafo4263.63,14,63,77,123,137,5.0,14,221,5.5317981243133545,2
1726,graficon66nodi/grafo9266.66,14,66,93,127,154,14.0,49,539,601.1812665462494,9
1727,graficon48nodi/grafo7477.48,14,48,69,126,147,10.0,30,330,79.60882067680359,2
1728,graficon65nodi/grafo4828.65,14,65,88,125,148,9.0,25,493,30.092994451522827,2
1729,graficon59nodi/grafo4124.59,14,59,82,126,149,7.0,18,221,8.512967824935913,2
1730,graficon51nodi/grafo3677.51,14,51,71,129,149,10.0,24,270,119.84434294700623,2
1731,graficon54nodi/grafo3737.54,14,54,77,127,150,11.0,32,310,571.3489422798157,2
1732,graficon64nodi/grafo9716.64,14,64,82,125,143,8.0,22,324,114.74080419540405,2
1733,graficon60nodi/grafo6454.60,14,60,78,125,143,9.0,19,214,48.90461349487305,2
1734,graficon63nodi/grafo9179.63,14,63,74,125,136,4.0,7,195,4.033948659896851,2
1735,graficon46nodi/grafo6834.46,14,46,67,127,148,10.0,31,240,55.40590715408325,2
1736,graficon50nodi/grafo4950.50,14,50,64,125,139,4.0,8,264,1.556065559387207,2
1737,graficon67nodi/grafo5107.67,14,67,80,129,142,7.0,16,308,37.409584522247314,2
1738,graficon44nodi/grafo7398.44,14,44,58,128,142,5.0,12,152,21.569244861602783,2
1739,graficon59nodi/grafo6969.59,14,59,79,129,149,10.0,23,214,63.578853607177734,2
1740,graficon54nodi/grafo3614.54,14,54,75,125,146,8.0,28,356,100.68575596809387,2
1741,graficon60nodi/grafo4876.60,14,60,78,127,145,9.0,25,269,121.42511367797852,2
1742,graficon40nodi/grafo10615.40,14,40,50,129,139,1.0,1,96,0.1957714557647705,2
1743,graficon69nodi/grafo9667.69,14,69,88,126,145,7.0,19,476,30.344336986541748,2
1744,graficon41nodi/grafo3889.41,14,41,55,126,140,6.0,13,156,26.397063493728638,2
1745,graficon43nodi/grafo7193.43,14,43,64,125,146,10.0,27,226,143.747474193573,2
1746,graficon68nodi/grafo9145.68,14,68,86,129,147,8.0,25,353,47.52638077735901,2
1747,graficon68nodi/grafo8032.68,14,68,83,126,141,3.0,5,215,1.6372194290161133,2
1748,graficon56nodi/grafo4601.56,14,56,71,125,140,6.0,13,194,17.419803142547607,2
1749,graficon57nodi/grafo4462.57,14,57,67,127,137,3.0,5,194,1.1648128032684326,2
1750,graficon69nodi/grafo7516.69,14,69,88,128,147,12.0,39,327,568.8527271747589,2
1751,graficon56nodi/grafo3789.56,14,56,79,129,152,12.0,34,314,525.4750232696533,2
1752,graficon49nodi/grafo1542.49,14,49,59,126,136,3.0,5,135,1.4105350971221924,2
1753,graficon56nodi/grafo3569.56,14,56,75,125,144,8.0,24,326,93.66368699073792,2
1754,graficon62nodi/grafo9583.62,14,62,77,129,144,6.0,13,182,8.568683862686157,2
1755,graficon56nodi/grafo5249.56,14,56,85,125,154,11.0,39,567,186.54855942726135,2
1756,graficon48nodi/grafo3561.48,14,48,68,127,147,10.0,30,260,222.29581785202026,2
1757,graficon63nodi/grafo3204.63,14,63,87,128,152,14.0,44,503,600.9982061386108,9
1758,graficon53nodi/grafo7077.53,14,53,73,126,146,8.0,16,284,21.915861129760742,2
1759,graficon56nodi/grafo5077.56,14,56,79,125,148,9.0,38,303,600.7504856586456,9
1760,graficon57nodi/grafo4700.57,14,57,76,125,144,7.0,22,276,7.411861419677734,2
1761,graficon58nodi/grafo7346.58,14,58,78,125,145,10.0,24,281,58.27287006378174,2
1762,graficon57nodi/grafo5317.57,14,57,73,127,143,7.0,23,336,64.24547576904297,2
1763,graficon61nodi/grafo4497.61,14,61,82,125,146,11.0,52,415,494.22668409347534,2
1764,graficon65nodi/grafo9519.65,14,65,85,128,148,9.0,22,236,62.78711462020874,2
1765,graficon55nodi/grafo3183.55,14,55,67,125,137,4.0,9,190,2.0164589881896973,2
1766,graficon71nodi/grafo9009.71,14,71,83,128,140,6.0,19,358,16.02265501022339,2
1767,graficon58nodi/grafo6840.58,14,58,73,125,140,5.0,10,249,6.01023530960083,2
1768,graficon57nodi/grafo4773.57,14,57,79,128,150,10.0,32,365,187.80118417739868,2
1769,graficon54nodi/grafo6321.54,14,54,71,129,146,7.0,18,222,41.781097412109375,2
1770,graficon65nodi/grafo2881.65,14,65,76,129,140,5.0,9,193,6.204752445220947,2
1771,graficon50nodi/grafo6410.50,14,50,69,128,147,8.0,16,234,24.57821249961853,2
1772,graficon64nodi/grafo9180.64,14,64,80,127,143,6.0,25,187,69.19527840614319,2
1773,graficon55nodi/grafo6500.55,14,55,75,125,145,9.0,28,404,600.6260397434235,9
1774,graficon74nodi/grafo7149.74,14,74,93,127,146,7.0,15,208,8.208503484725952,2
1775,graficon66nodi/grafo8998.66,14,66,99,127,160,inf,0,0,601.0324227809906,9
1776,graficon60nodi/grafo5896.60,14,60,84,128,152,10.0,29,483,39.08034920692444,2
1777,graficon48nodi/grafo6833.48,14,48,69,129,150,8.0,20,241,26.048942804336548,2
1778,graficon44nodi/grafo6938.44,14,44,61,127,144,7.0,16,181,29.07762050628662,2
1779,graficon60nodi/grafo4138.60,14,60,83,129,152,11.0,42,356,601.0005161762238,9
1780,graficon63nodi/grafo5858.63,14,63,83,126,146,8.0,25,444,24.859384298324585,2
1781,graficon61nodi/grafo6803.61,14,61,87,125,151,15.0,53,494,601.105260848999,9
1782,graficon54nodi/grafo4701.54,14,54,67,126,139,4.0,8,175,1.2456355094909668,2
1783,graficon43nodi/grafo5467.43,14,43,73,129,159,13.0,53,441,601.2999475002289,9
1784,graficon62nodi/grafo9257.62,14,62,85,128,151,11.0,39,544,190.83723402023315,2
1785,graficon59nodi/grafo6980.59,14,59,79,129,149,10.0,23,214,66.33837032318115,2
1786,graficon65nodi/grafo9475.65,14,65,84,126,145,7.0,26,231,103.9979202747345,2
1787,graficon54nodi/grafo7613.54,14,54,78,127,151,11.0,33,369,106.73032784461975,2
1788,graficon43nodi/grafo5187.43,14,43,61,129,147,6.0,13,150,6.556463956832886,2
1789,graficon41nodi/grafo3701.41,14,41,58,127,144,6.0,23,245,26.88910722732544,2
1790,graficon49nodi/grafo3085.49,14,49,72,128,151,12.0,28,263,163.21760296821594,2
1791,graficon68nodi/grafo9378.68,14,68,81,125,138,8.0,13,211,44.565391540527344,2
1792,graficon59nodi/grafo5600.59,14,59,78,125,144,9.0,20,331,8.41373062133789,2
1793,graficon46nodi/grafo6986.46,14,46,63,127,144,6.0,17,225,5.109338760375977,2
1794,graficon78nodi/grafo8145.78,14,78,98,127,147,19.0,68,689,600.9075126647949,9
1795,graficon61nodi/grafo4392.61,14,61,75,125,139,7.0,17,312,40.49773693084717,2
1796,graficon68nodi/grafo4472.68,14,68,90,128,150,9.0,23,366,76.94879531860352,2
1797,graficon80nodi/grafo9560.80,14,80,100,127,147,inf,0,0,600.9787755012512,9
1798,graficon57nodi/grafo6238.57,14,57,87,128,158,14.0,43,453,374.666517496109,2
1799,graficon62nodi/grafo2002.62,14,62,77,126,141,7.0,19,264,77.83510398864746,2
1800,graficon59nodi/grafo4615.59,14,59,75,129,145,7.0,15,182,23.676332235336304,2
1801,graficon56nodi/grafo4685.56,14,56,71,132,147,5.0,8,229,0.9697487354278564,2
1802,graficon65nodi/grafo4904.65,14,65,78,130,143,4.0,5,298,3.610259532928467,2
1803,graficon75nodi/grafo7926.75,14,75,93,131,149,10.0,27,498,303.32200050354004,2
1804,graficon65nodi/grafo9415.65,14,65,85,131,151,11.0,39,494,600.882806301117,9
1805,graficon48nodi/grafo5672.48,14,48,70,132,154,11.0,26,332,346.94956159591675,2
1806,graficon54nodi/grafo3189.54,14,54,84,132,162,17.0,59,427,601.5308077335358,9
1807,graficon63nodi/grafo4702.63,14,63,89,134,160,23.0,70,524,600.9015100002289,9
1808,graficon60nodi/grafo8898.60,14,60,78,130,148,6.0,18,317,13.496159076690674,2
1809,graficon70nodi/grafo1381.70,14,70,87,133,150,7.0,9,233,5.709616422653198,2
1810,graficon62nodi/grafo8037.62,14,62,81,132,151,9.0,22,256,149.82438683509827,2
1811,graficon70nodi/grafo8234.70,14,70,89,131,150,7.0,23,211,130.66759133338928,2
1812,graficon63nodi/grafo7806.63,14,63,83,132,152,6.0,15,269,11.803074359893799,2
1813,graficon53nodi/grafo4882.53,14,53,75,133,155,8.0,25,225,90.90545272827148,2
1814,graficon69nodi/grafo1568.69,14,69,89,131,151,7.0,17,344,27.089263677597046,2
1815,graficon56nodi/grafo1478.56,14,56,69,132,145,3.0,6,190,5.944823265075684,2
1816,graficon67nodi/grafo9187.67,14,67,93,133,159,21.0,75,497,600.7728435993195,9
1817,graficon40nodi/grafo2593.40,14,40,55,130,145,5.0,8,118,1.5685005187988281,2
1818,graficon72nodi/grafo9592.72,14,72,86,132,146,9.0,19,163,48.404130697250366,2
1819,graficon38nodi/grafo6416.38,14,38,57,131,150,7.0,14,136,21.42078709602356,2
1820,graficon65nodi/grafo6412.65,14,65,82,133,150,6.0,22,327,26.188081741333008,2
1821,graficon54nodi/grafo4969.54,14,54,85,130,161,10.0,59,534,552.6159262657166,2
1822,graficon63nodi/grafo9400.63,14,63,85,134,156,10.0,30,276,44.4200222492218,2
1823,graficon66nodi/grafo1298.66,14,66,82,131,147,6.0,21,317,121.68833827972412,2
1824,graficon56nodi/grafo7752.56,14,56,69,134,147,5.0,10,216,41.41740131378174,2
1825,graficon67nodi/grafo9754.67,14,67,96,131,160,15.0,56,610,600.9329056739807,9
1826,graficon55nodi/grafo5444.55,14,55,70,134,149,8.0,16,267,150.35147523880005,2
1827,graficon66nodi/grafo4404.66,14,66,81,131,146,7.0,19,193,64.35598182678223,2
1828,graficon42nodi/grafo4033.42,14,42,64,133,155,8.0,19,310,23.121573209762573,2
1829,graficon69nodi/grafo9191.69,14,69,90,134,155,9.0,25,420,46.97772836685181,2
1830,graficon71nodi/grafo8560.71,14,71,93,132,154,12.0,46,433,601.0474781990051,9
1831,graficon46nodi/grafo5778.46,14,46,69,132,155,10.0,29,357,108.78530168533325,2
1832,graficon51nodi/grafo4577.51,14,51,68,132,149,7.0,20,301,15.635997295379639,2
1833,graficon60nodi/grafo7493.60,14,60,83,131,154,13.0,32,493,543.3983030319214,2
1834,graficon68nodi/grafo1575.68,14,68,84,133,149,7.0,14,217,14.946831703186035,2
1835,graficon45nodi/grafo6295.45,14,45,67,130,152,9.0,30,355,180.69021105766296,2
1836,graficon68nodi/grafo1303.68,14,68,84,131,147,6.0,15,278,54.92003417015076,2
1837,graficon65nodi/grafo9272.65,14,65,81,130,146,8.0,24,328,104.89023280143738,2
1838,graficon65nodi/grafo9575.65,14,65,82,130,147,9.0,17,212,51.874500036239624,2
1839,graficon64nodi/grafo5067.64,14,64,82,131,149,9.0,19,343,36.24171018600464,2
1840,graficon63nodi/grafo4679.63,14,63,87,131,155,16.0,46,380,600.7886946201324,9
1841,graficon69nodi/grafo8072.69,14,69,88,132,151,7.0,15,245,39.17806029319763,2
1842,graficon56nodi/grafo3427.56,14,56,81,131,156,14.0,51,565,601.6231100559235,9
1843,graficon46nodi/grafo6994.46,14,46,64,134,152,7.0,16,287,105.58382678031921,2
1844,graficon66nodi/grafo4737.66,14,66,86,132,152,11.0,29,350,204.49019479751587,2
1845,graficon56nodi/grafo5851.56,14,56,75,131,150,10.0,27,318,33.54652190208435,2
1846,graficon63nodi/grafo5068.63,14,63,87,132,156,16.0,50,403,600.8943147659302,9
1847,graficon55nodi/grafo1487.55,14,55,71,130,146,7.0,18,276,34.48832035064697,2
1848,graficon60nodi/grafo9141.60,14,60,82,130,152,12.0,27,202,125.24393701553345,2
1849,graficon44nodi/grafo6014.44,14,44,59,133,148,5.0,11,185,30.404706239700317,2
1850,graficon55nodi/grafo6741.55,14,55,80,131,156,14.0,52,348,600.759284734726,9
1851,graficon66nodi/grafo4727.66,14,66,88,133,155,9.0,28,450,601.0682194232941,9
1852,graficon60nodi/grafo5435.60,14,60,85,132,157,14.0,51,495,601.4789929389954,9
1853,graficon41nodi/grafo3340.41,14,41,54,130,143,4.0,8,166,2.569622039794922,2
1854,graficon65nodi/grafo9417.65,14,65,88,132,155,5.0,13,300,8.247192859649658,2
1855,graficon61nodi/grafo7324.61,14,61,77,132,148,8.0,18,267,130.5029640197754,2
1856,graficon70nodi/grafo9841.70,14,70,97,131,158,19.0,60,409,601.195478439331,9
1857,graficon69nodi/grafo7954.69,14,69,103,134,168,19.0,79,807,600.9934239387512,9
1858,graficon48nodi/grafo3327.48,14,48,73,133,158,9.0,27,350,154.6205666065216,2
1859,graficon60nodi/grafo8610.60,14,60,77,133,150,6.0,14,184,9.622879028320312,2
1860,graficon71nodi/grafo5375.71,14,71,93,132,154,16.0,55,621,601.4289486408234,9
1861,graficon60nodi/grafo4910.60,14,60,76,132,148,8.0,19,199,33.861562967300415,2
1862,graficon63nodi/grafo1606.63,14,63,85,133,155,12.0,31,375,157.63739490509033,2
1863,graficon83nodi/grafo8245.83,14,83,104,130,151,11.0,45,705,601.4343767166138,9
1864,graficon59nodi/grafo4591.59,14,59,83,131,155,11.0,27,371,61.875611543655396,2
1865,graficon54nodi/grafo1545.54,14,54,71,134,151,7.0,18,333,12.337159156799316,2
1866,graficon53nodi/grafo5052.53,14,53,77,130,154,8.0,34,439,137.1311948299408,2
1867,graficon51nodi/grafo7562.51,14,51,81,133,163,16.0,79,503,601.0275764465332,9
1868,graficon58nodi/grafo5403.58,14,58,77,130,149,10.0,33,560,118.1965982913971,2
1869,graficon79nodi/grafo9810.79,14,79,101,133,155,18.0,51,458,600.9700026512146,9
1870,graficon48nodi/grafo5806.48,14,48,65,130,147,7.0,15,258,41.5534143447876,2
1871,graficon49nodi/grafo5654.49,14,49,68,130,149,7.0,20,281,11.58865761756897,2
1872,graficon60nodi/grafo6316.60,14,60,82,132,154,11.0,37,379,130.1424331665039,2
1873,graficon63nodi/grafo9246.63,14,63,89,133,159,15.0,49,493,601.222859621048,9
1874,graficon71nodi/grafo9173.71,14,71,105,134,168,inf,0,0,600.8081057071686,9
1875,graficon78nodi/grafo9549.78,14,78,97,132,151,14.0,47,543,601.0924434661865,9
