Index,Data,combo_idx,Nodes,Edges,TotalNodes,TotalEdges,ObjVal,Crossings,EdgeLength,Runtime,Status
1,graficon13nodi/grafo2567.13,15,13,13,13,13,0.0,0,6,0.0026421546936035156,2
2,graficon11nodi/grafo685.11,15,11,11,13,13,0.0,0,14,0.0036635398864746094,2
3,graficon10nodi/grafo2511.10,15,10,10,12,12,0.0,0,6,0.001953125,2
4,graficon12nodi/grafo957.12,15,12,11,13,12,0.0,0,10,0.0018434524536132812,2
5,graficon14nodi/grafo769.14,15,14,13,14,13,0.0,0,10,0.001615762710571289,2
6,graficon10nodi/grafo1070.10,15,10,10,12,12,0.0,0,6,0.0010018348693847656,2
7,graficon10nodi/grafo473.10,15,10,10,12,12,0.0,0,6,0.0011358261108398438,2
8,graficon14nodi/grafo371.14,15,14,13,14,13,0.0,0,6,0.002538442611694336,2
9,graficon12nodi/grafo906.12,15,12,11,12,11,0.0,0,3,0.0008778572082519531,2
10,graficon11nodi/grafo927.11,15,11,10,11,10,0.0,0,6,0.0015854835510253906,2
11,graficon10nodi/grafo758.10,15,10,10,12,12,0.0,0,6,0.0023691654205322266,2
12,graficon12nodi/grafo122.12,15,12,11,12,11,0.0,0,5,0.0008077621459960938,2
13,graficon12nodi/grafo1843.12,15,12,15,14,17,1.0,2,14,0.005190610885620117,2
14,graficon10nodi/grafo898.10,15,10,9,10,9,0.0,0,2,0.0010459423065185547,2
15,graficon11nodi/grafo2433.11,15,11,11,13,13,0.0,0,3,0.0017478466033935547,2
16,graficon11nodi/grafo749.11,15,11,10,13,12,0.0,0,5,0.002095937728881836,2
17,graficon10nodi/grafo961.10,15,10,10,12,12,0.0,0,6,0.001257181167602539,2
18,graficon10nodi/grafo1857.10,15,10,12,12,14,0.0,0,10,0.0018837451934814453,2
19,graficon11nodi/grafo1004.11,15,11,12,12,13,0.0,0,15,0.002942800521850586,2
20,graficon11nodi/grafo675.11,15,11,11,13,13,0.0,0,4,0.0014300346374511719,2
21,graficon10nodi/grafo633.10,15,10,9,10,9,0.0,0,2,0.0007126331329345703,2
22,graficon13nodi/grafo2908.13,15,13,12,13,12,0.0,0,8,0.0010955333709716797,2
23,graficon11nodi/grafo441.11,15,11,11,13,13,0.0,0,14,0.002911090850830078,2
24,graficon11nodi/grafo2812.11,15,11,11,13,13,0.0,0,3,0.0018780231475830078,2
25,graficon10nodi/grafo881.10,15,10,9,10,9,0.0,0,2,0.0009307861328125,2
26,graficon10nodi/grafo455.10,15,10,10,13,13,0.0,0,4,0.0014033317565917969,2
27,graficon12nodi/grafo933.12,15,12,11,12,11,0.0,0,5,0.0005981922149658203,2
28,graficon12nodi/grafo256.12,15,12,11,12,11,0.0,0,2,0.0007293224334716797,2
29,graficon10nodi/grafo1098.10,15,10,9,10,9,0.0,0,2,0.0010368824005126953,2
30,graficon11nodi/grafo246.11,15,11,10,11,10,0.0,0,3,0.0011823177337646484,2
31,graficon12nodi/grafo2668.12,15,12,13,14,15,1.0,1,7,0.002368927001953125,2
32,graficon12nodi/grafo667.12,15,12,12,13,13,0.0,0,15,0.0025894641876220703,2
33,graficon12nodi/grafo986.12,15,12,11,12,11,0.0,0,5,0.0010552406311035156,2
34,graficon10nodi/grafo782.10,15,10,9,10,9,0.0,0,2,0.0007610321044921875,2
35,graficon12nodi/grafo756.12,15,12,11,12,11,0.0,0,3,0.0011615753173828125,2
36,graficon11nodi/grafo1629.11,15,11,11,14,14,0.0,0,10,0.0017359256744384766,2
37,graficon12nodi/grafo888.12,15,12,13,14,15,0.0,0,17,0.004034519195556641,2
38,graficon11nodi/grafo1162.11,15,11,11,12,12,0.0,0,6,0.0010304450988769531,2
39,graficon11nodi/grafo3101.11,15,11,11,13,13,0.0,0,3,0.0015873908996582031,2
40,graficon10nodi/grafo910.10,15,10,9,10,9,0.0,0,2,0.000904083251953125,2
41,graficon13nodi/grafo514.13,15,13,12,13,12,0.0,0,4,0.0015141963958740234,2
42,graficon10nodi/grafo718.10,15,10,10,12,12,0.0,0,6,0.0013399124145507812,2
43,graficon10nodi/grafo1123.10,15,10,10,12,12,0.0,0,6,0.001650094985961914,2
44,graficon10nodi/grafo474.10,15,10,10,12,12,0.0,0,6,0.0017087459564208984,2
45,graficon14nodi/grafo272.14,15,14,13,14,13,0.0,0,9,0.002184629440307617,2
46,graficon11nodi/grafo1084.11,15,11,10,11,10,0.0,0,2,0.000720977783203125,2
47,graficon11nodi/grafo2971.11,15,11,11,13,13,0.0,0,3,0.0018150806427001953,2
48,graficon11nodi/grafo313.11,15,11,10,13,12,0.0,0,12,0.002450704574584961,2
49,graficon11nodi/grafo532.11,15,11,11,13,13,0.0,0,9,0.0024690628051757812,2
50,graficon11nodi/grafo857.11,15,11,11,12,12,0.0,0,12,0.0035753250122070312,2
51,graficon10nodi/grafo978.10,15,10,10,12,12,0.0,0,6,0.001138925552368164,2
52,graficon13nodi/grafo1067.13,15,13,13,13,13,0.0,0,6,0.002141237258911133,2
53,graficon12nodi/grafo2949.12,15,12,11,12,11,0.0,0,4,0.0009682178497314453,2
54,graficon10nodi/grafo962.10,15,10,10,12,12,0.0,0,6,0.001356363296508789,2
55,graficon10nodi/grafo460.10,15,10,9,10,9,0.0,0,2,0.0008587837219238281,2
56,graficon11nodi/grafo3073.11,15,11,11,13,13,0.0,0,3,0.0014820098876953125,2
57,graficon11nodi/grafo316.11,15,11,13,14,16,0.0,0,22,0.0037534236907958984,2
58,graficon13nodi/grafo2415.13,15,13,13,14,14,0.0,0,5,0.0017726421356201172,2
59,graficon12nodi/grafo861.12,15,12,12,14,14,0.0,0,21,0.004508495330810547,2
60,graficon11nodi/grafo612.11,15,11,11,13,13,0.0,0,7,0.0010416507720947266,2
61,graficon10nodi/grafo513.10,15,10,10,12,12,0.0,0,6,0.0015974044799804688,2
62,graficon12nodi/grafo352.12,15,12,12,14,14,1.0,1,5,0.0022835731506347656,2
63,graficon11nodi/grafo3113.11,15,11,11,13,13,0.0,0,3,0.0019674301147460938,2
64,graficon12nodi/grafo2651.12,15,12,13,12,13,1.0,2,13,0.0032720565795898438,2
65,graficon13nodi/grafo2595.13,15,13,12,13,12,0.0,0,5,0.0017826557159423828,2
66,graficon14nodi/grafo345.14,15,14,13,14,13,0.0,0,9,0.002107381820678711,2
67,graficon10nodi/grafo209.10,15,10,10,12,12,0.0,0,6,0.0015294551849365234,2
68,graficon11nodi/grafo1005.11,15,11,11,12,12,0.0,0,9,0.0014393329620361328,2
69,graficon10nodi/grafo1032.10,15,10,9,10,9,0.0,0,2,0.0008029937744140625,2
70,graficon10nodi/grafo210.10,15,10,10,12,12,0.0,0,6,0.0016820430755615234,2
71,graficon11nodi/grafo759.11,15,11,12,12,13,1.0,1,8,0.002905607223510742,2
72,graficon10nodi/grafo265.10,15,10,12,12,14,1.0,1,16,0.0034203529357910156,2
73,graficon12nodi/grafo2439.12,15,12,12,13,13,0.0,0,10,0.0017058849334716797,2
74,graficon11nodi/grafo748.11,15,11,11,13,13,0.0,0,8,0.0020835399627685547,2
75,graficon11nodi/grafo2714.11,15,11,11,13,13,0.0,0,5,0.0019567012786865234,2
76,graficon15nodi/grafo886.15,15,15,15,18,18,0.0,0,19,0.0054967403411865234,2
77,graficon12nodi/grafo2359.12,15,12,17,16,21,2.0,3,64,0.015520811080932617,2
78,graficon17nodi/grafo565.17,15,17,17,19,19,0.0,0,7,0.0015745162963867188,2
79,graficon14nodi/grafo642.14,15,14,15,16,17,1.0,1,14,0.00599217414855957,2
80,graficon15nodi/grafo2783.15,15,15,17,19,21,1.0,1,21,0.0064220428466796875,2
81,graficon12nodi/grafo2707.12,15,12,14,16,18,1.0,1,10,0.004988670349121094,2
82,graficon16nodi/grafo2861.16,15,16,15,18,17,1.0,1,22,0.00916290283203125,2
83,graficon16nodi/grafo853.16,15,16,16,16,16,0.0,0,11,0.0029540061950683594,2
84,graficon17nodi/grafo1122.17,15,17,17,19,19,0.0,0,7,0.0016682147979736328,2
85,graficon11nodi/grafo2384.11,15,11,12,15,16,0.0,0,9,0.0016908645629882812,2
86,graficon15nodi/grafo1618.15,15,15,16,19,20,0.0,0,29,0.008527278900146484,2
87,graficon13nodi/grafo325.13,15,13,14,15,16,1.0,1,11,0.0030455589294433594,2
88,graficon17nodi/grafo1161.17,15,17,18,19,20,0.0,0,23,0.0037081241607666016,2
89,graficon13nodi/grafo510.13,15,13,16,18,21,1.0,1,21,0.009487628936767578,2
90,graficon14nodi/grafo367.14,15,14,14,15,15,0.0,0,11,0.004566192626953125,2
91,graficon13nodi/grafo477.13,15,13,13,15,15,0.0,0,4,0.0016334056854248047,2
92,graficon13nodi/grafo951.13,15,13,17,19,23,0.0,0,45,0.008560895919799805,2
93,graficon11nodi/grafo1734.11,15,11,14,17,20,1.0,1,34,0.005240201950073242,2
94,graficon15nodi/grafo2797.15,15,15,17,15,17,1.0,1,19,0.00435948371887207,2
95,graficon12nodi/grafo2335.12,15,12,14,19,21,0.0,0,14,0.003911018371582031,2
96,graficon10nodi/grafo1740.10,15,10,13,17,20,1.0,1,36,0.010203123092651367,2
97,graficon13nodi/grafo1853.13,15,13,15,17,19,2.0,3,46,0.03129100799560547,2
98,graficon16nodi/grafo2142.16,15,16,16,17,17,0.0,0,14,0.0034668445587158203,2
99,graficon14nodi/grafo956.14,15,14,15,15,16,1.0,1,12,0.004962921142578125,2
100,graficon15nodi/grafo585.15,15,15,16,19,20,0.0,0,31,0.006799936294555664,2
101,graficon14nodi/grafo2291.14,15,14,14,16,16,1.0,1,24,0.007779359817504883,2
102,graficon14nodi/grafo1658.14,15,14,15,19,20,0.0,0,16,0.003844022750854492,2
103,graficon13nodi/grafo559.13,15,13,15,19,21,0.0,0,17,0.003183603286743164,2
104,graficon15nodi/grafo2377.15,15,15,15,16,16,0.0,0,11,0.0018610954284667969,2
105,graficon14nodi/grafo2189.14,15,14,16,17,19,1.0,1,26,0.0070340633392333984,2
106,graficon16nodi/grafo322.16,15,16,15,17,16,0.0,0,9,0.004434347152709961,2
107,graficon14nodi/grafo2460.14,15,14,14,15,15,0.0,0,9,0.003706693649291992,2
108,graficon16nodi/grafo1177.16,15,16,15,17,16,0.0,0,15,0.002601146697998047,2
109,graficon13nodi/grafo203.13,15,13,14,15,16,1.0,1,9,0.0052678585052490234,2
110,graficon13nodi/grafo387.13,15,13,15,19,21,1.0,1,20,0.008011579513549805,2
111,graficon15nodi/grafo1107.15,15,15,19,19,23,0.0,0,28,0.007961273193359375,2
112,graficon12nodi/grafo576.12,15,12,14,17,19,0.0,0,9,0.0017185211181640625,2
113,graficon12nodi/grafo542.12,15,12,14,17,19,0.0,0,14,0.002563953399658203,2
114,graficon10nodi/grafo1898.10,15,10,15,16,21,1.0,1,34,0.008090019226074219,2
115,graficon12nodi/grafo543.12,15,12,12,15,15,1.0,1,8,0.004448652267456055,2
116,graficon14nodi/grafo843.14,15,14,14,15,15,0.0,0,24,0.004673957824707031,2
117,graficon14nodi/grafo1620.14,15,14,15,17,18,0.0,0,16,0.0025653839111328125,2
118,graficon14nodi/grafo255.14,15,14,16,16,18,2.0,2,35,0.010925054550170898,2
119,graficon14nodi/grafo899.14,15,14,15,15,16,1.0,1,28,0.007920265197753906,2
120,graficon17nodi/grafo422.17,15,17,17,18,18,0.0,0,29,0.008641481399536133,2
121,graficon13nodi/grafo440.13,15,13,14,18,19,0.0,0,18,0.003498554229736328,2
122,graficon11nodi/grafo280.11,15,11,12,15,16,0.0,0,21,0.0033767223358154297,2
123,graficon15nodi/grafo2331.15,15,15,17,17,19,0.0,0,19,0.003359079360961914,2
124,graficon11nodi/grafo1006.11,15,11,12,15,16,0.0,0,8,0.0024242401123046875,2
125,graficon13nodi/grafo2218.13,15,13,13,16,16,1.0,1,13,0.0041103363037109375,2
126,graficon14nodi/grafo3087.14,15,14,14,16,16,0.0,0,13,0.005003213882446289,2
127,graficon16nodi/grafo1069.16,15,16,15,17,16,0.0,0,14,0.0025162696838378906,2
128,graficon14nodi/grafo524.14,15,14,15,15,16,0.0,0,13,0.0028715133666992188,2
129,graficon11nodi/grafo1913.11,15,11,14,15,18,0.0,0,15,0.003903627395629883,2
130,graficon14nodi/grafo2919.14,15,14,15,17,18,0.0,0,18,0.0033566951751708984,2
131,graficon16nodi/grafo418.16,15,16,18,19,21,0.0,0,34,0.007369279861450195,2
132,graficon13nodi/grafo1935.13,15,13,18,17,22,1.0,1,30,0.007839679718017578,2
133,graficon17nodi/grafo774.17,15,17,18,19,20,1.0,2,51,0.025319337844848633,2
134,graficon16nodi/grafo1029.16,15,16,16,18,18,0.0,0,8,0.0014128684997558594,2
135,graficon12nodi/grafo2663.12,15,12,13,15,16,0.0,0,11,0.0023796558380126953,2
136,graficon14nodi/grafo2634.14,15,14,13,15,14,0.0,0,12,0.003464937210083008,2
137,graficon12nodi/grafo2380.12,15,12,12,16,16,0.0,0,9,0.003438711166381836,2
138,graficon17nodi/grafo2146.17,15,17,17,19,19,0.0,0,17,0.0027751922607421875,2
139,graficon14nodi/grafo2900.14,15,14,14,18,18,0.0,0,10,0.0034062862396240234,2
140,graficon13nodi/grafo430.13,15,13,14,16,17,0.0,0,10,0.0021140575408935547,2
141,graficon10nodi/grafo938.10,15,10,14,19,23,1.0,3,57,0.012543916702270508,2
142,graficon14nodi/grafo1063.14,15,14,15,18,19,0.0,0,11,0.0017962455749511719,2
143,graficon11nodi/grafo2964.11,15,11,12,19,20,0.0,0,12,0.0025293827056884766,2
144,graficon13nodi/grafo989.13,15,13,14,18,19,0.0,0,12,0.0031991004943847656,2
145,graficon11nodi/grafo822.11,15,11,13,18,20,1.0,1,13,0.003742218017578125,2
146,graficon10nodi/grafo1774.10,15,10,15,16,21,1.0,1,34,0.008074283599853516,2
147,graficon11nodi/grafo900.11,15,11,13,18,20,0.0,0,9,0.0023071765899658203,2
148,graficon13nodi/grafo2927.13,15,13,14,19,20,1.0,1,23,1.1314339637756348,2
149,graficon13nodi/grafo2354.13,15,13,16,19,22,1.0,1,25,0.008728265762329102,2
150,graficon13nodi/grafo791.13,15,13,15,19,21,1.0,1,16,0.008445501327514648,2
151,graficon16nodi/grafo1945.16,15,16,17,23,24,2.0,2,38,0.05592823028564453,2
152,graficon17nodi/grafo2644.17,15,17,19,23,25,0.0,0,21,0.006703615188598633,2
153,graficon17nodi/grafo2882.17,15,17,18,24,25,0.0,0,27,0.006787776947021484,2
154,graficon19nodi/grafo794.19,15,19,21,22,24,1.0,1,23,0.007161617279052734,2
155,graficon14nodi/grafo489.14,15,14,15,22,23,1.0,1,16,0.005755186080932617,2
156,graficon18nodi/grafo1865.18,15,18,20,23,25,0.0,0,30,0.00882720947265625,2
157,graficon15nodi/grafo1970.15,15,15,17,22,24,0.0,0,18,0.003292560577392578,2
158,graficon14nodi/grafo2419.14,15,14,17,24,27,1.0,1,25,0.011963605880737305,2
159,graficon12nodi/grafo2855.12,15,12,17,24,29,1.0,1,21,0.008966684341430664,2
160,graficon13nodi/grafo1729.13,15,13,19,22,28,2.0,5,79,0.04530143737792969,2
161,graficon13nodi/grafo2832.13,15,13,14,23,24,0.0,0,20,0.005423069000244141,2
162,graficon18nodi/grafo1893.18,15,18,18,21,21,0.0,0,15,0.003849029541015625,2
163,graficon18nodi/grafo1059.18,15,18,18,22,22,0.0,0,10,0.0020225048065185547,2
164,graficon12nodi/grafo2890.12,15,12,14,20,22,0.0,0,18,0.00529026985168457,2
165,graficon16nodi/grafo2231.16,15,16,20,22,26,1.0,1,30,0.008844614028930664,2
166,graficon20nodi/grafo2767.20,15,20,22,24,26,1.0,1,33,0.010714054107666016,2
167,graficon20nodi/grafo3051.20,15,20,23,24,27,0.0,0,21,0.0036683082580566406,2
168,graficon12nodi/grafo638.12,15,12,17,22,27,0.0,0,31,0.006112813949584961,2
169,graficon15nodi/grafo2233.15,15,15,20,23,28,0.0,0,42,0.01077890396118164,2
170,graficon16nodi/grafo275.16,15,16,18,24,26,1.0,1,27,0.008118629455566406,2
171,graficon22nodi/grafo2137.22,15,22,21,24,23,0.0,0,29,0.0041348934173583984,2
172,graficon18nodi/grafo314.18,15,18,18,22,22,0.0,0,10,0.002452373504638672,2
173,graficon15nodi/grafo2225.15,15,15,18,23,26,0.0,0,16,0.0041239261627197266,2
174,graficon11nodi/grafo1876.11,15,11,19,24,32,3.0,7,46,0.15189123153686523,2
175,graficon13nodi/grafo891.13,15,13,13,20,20,0.0,0,14,0.004155635833740234,2
176,graficon12nodi/grafo2675.12,15,12,14,20,22,0.0,0,18,0.0052602291107177734,2
177,graficon11nodi/grafo1835.11,15,11,15,21,25,0.0,0,18,0.004728555679321289,2
178,graficon23nodi/grafo2357.23,15,23,22,24,23,0.0,0,38,0.00981283187866211,2
179,graficon15nodi/grafo1982.15,15,15,17,24,26,1.0,1,34,0.009731054306030273,2
180,graficon14nodi/grafo378.14,15,14,17,22,25,0.0,0,43,0.008870124816894531,2
181,graficon17nodi/grafo2324.17,15,17,21,23,27,1.0,2,27,0.007308006286621094,2
182,graficon13nodi/grafo964.13,15,13,16,23,26,0.0,0,27,0.006546735763549805,2
183,graficon19nodi/grafo423.19,15,19,21,23,25,0.0,0,29,0.00821542739868164,2
184,graficon13nodi/grafo2204.13,15,13,13,20,20,0.0,0,14,0.0052182674407958984,2
185,graficon13nodi/grafo443.13,15,13,15,20,22,1.0,2,15,0.01493215560913086,2
186,graficon20nodi/grafo215.20,15,20,22,24,26,1.0,1,33,0.01110219955444336,2
187,graficon14nodi/grafo1662.14,15,14,20,24,30,1.0,2,41,0.11730313301086426,2
188,graficon20nodi/grafo495.20,15,20,20,24,24,0.0,0,11,0.0025277137756347656,2
189,graficon16nodi/grafo2281.16,15,16,21,24,29,1.0,1,53,0.013604164123535156,2
190,graficon11nodi/grafo1054.11,15,11,15,23,27,0.0,0,42,0.009556055068969727,2
191,graficon16nodi/grafo661.16,15,16,17,21,22,1.0,1,11,0.0073223114013671875,2
192,graficon12nodi/grafo844.12,15,12,18,20,26,1.0,2,40,0.013459920883178711,2
193,graficon19nodi/grafo1661.19,15,19,21,21,23,1.0,2,17,0.011892557144165039,2
194,graficon18nodi/grafo2186.18,15,18,23,23,28,3.0,3,22,0.007605552673339844,2
195,graficon12nodi/grafo2867.12,15,12,16,22,26,0.0,0,38,0.008132457733154297,2
196,graficon15nodi/grafo1136.15,15,15,17,24,26,0.0,0,19,0.005365133285522461,2
197,graficon20nodi/grafo1651.20,15,20,21,23,24,1.0,1,61,0.016565799713134766,2
198,graficon15nodi/grafo2157.15,15,15,15,20,20,0.0,0,13,0.0028722286224365234,2
199,graficon17nodi/grafo1634.17,15,17,18,20,21,1.0,1,49,0.019202232360839844,2
200,graficon16nodi/grafo2440.16,15,16,20,22,26,3.0,4,27,0.07438921928405762,2
201,graficon18nodi/grafo953.18,15,18,18,22,22,0.0,0,10,0.002142190933227539,2
202,graficon23nodi/grafo1485.23,15,23,22,23,22,0.0,0,21,0.006138324737548828,2
203,graficon13nodi/grafo2620.13,15,13,16,20,23,0.0,0,19,0.006028175354003906,2
204,graficon17nodi/grafo2680.17,15,17,22,22,27,2.0,2,58,0.037905216217041016,2
205,graficon20nodi/grafo1649.20,15,20,22,24,26,2.0,2,45,0.06348943710327148,2
206,graficon19nodi/grafo1897.19,15,19,20,24,25,0.0,0,65,0.014925956726074219,2
207,graficon13nodi/grafo2645.13,15,13,17,23,27,0.0,0,28,0.00778961181640625,2
208,graficon18nodi/grafo2480.18,15,18,21,22,25,0.0,0,41,0.008644819259643555,2
209,graficon13nodi/grafo2298.13,15,13,14,21,22,0.0,0,14,0.0032415390014648438,2
210,graficon15nodi/grafo739.15,15,15,18,23,26,0.0,0,34,0.009638786315917969,2
211,graficon17nodi/grafo2679.17,15,17,19,21,23,1.0,1,24,0.008879661560058594,2
212,graficon14nodi/grafo2430.14,15,14,15,21,22,0.0,0,14,0.0038263797760009766,2
213,graficon15nodi/grafo582.15,15,15,16,22,23,0.0,0,14,0.004555940628051758,2
214,graficon11nodi/grafo1619.11,15,11,15,21,25,1.0,3,28,0.032425642013549805,2
215,graficon15nodi/grafo1124.15,15,15,16,23,24,0.0,0,20,0.0064885616302490234,2
216,graficon12nodi/grafo1763.12,15,12,21,22,31,1.0,2,63,0.016071557998657227,2
217,graficon17nodi/grafo1094.17,15,17,19,21,23,0.0,0,14,0.0036292076110839844,2
218,graficon15nodi/grafo2903.15,15,15,16,20,21,1.0,1,21,0.007271289825439453,2
219,graficon11nodi/grafo1088.11,15,11,17,22,28,0.0,0,47,0.011262178421020508,2
220,graficon17nodi/grafo645.17,15,17,19,21,23,0.0,0,35,0.011092662811279297,2
221,graficon16nodi/grafo2537.16,15,16,19,21,24,0.0,0,21,0.0034914016723632812,2
222,graficon15nodi/grafo1030.15,15,15,16,23,24,0.0,0,20,0.006612539291381836,2
223,graficon14nodi/grafo242.14,15,14,16,21,23,0.0,0,20,0.00360870361328125,2
224,graficon17nodi/grafo1009.17,15,17,17,24,24,0.0,0,13,0.0035207271575927734,2
225,graficon13nodi/grafo3112.13,15,13,14,20,21,0.0,0,12,0.0031824111938476562,2
226,graficon16nodi/grafo1731.16,15,16,19,25,28,0.0,0,20,0.007842063903808594,2
227,graficon16nodi/grafo967.16,15,16,17,26,27,0.0,0,9,0.0053064823150634766,2
228,graficon17nodi/grafo1732.17,15,17,20,27,30,0.0,0,32,0.011506319046020508,2
229,graficon20nodi/grafo2272.20,15,20,23,27,30,0.0,0,42,0.013186454772949219,2
230,graficon18nodi/grafo1146.18,15,18,29,29,40,3.0,6,76,0.19228053092956543,2
231,graficon18nodi/grafo2289.18,15,18,20,25,27,0.0,0,32,0.0066716670989990234,2
232,graficon16nodi/grafo2420.16,15,16,18,28,30,1.0,1,18,0.009166955947875977,2
233,graficon12nodi/grafo574.12,15,12,19,27,34,1.0,2,35,0.052281856536865234,2
234,graficon21nodi/grafo804.21,15,21,22,28,29,0.0,0,42,0.011353254318237305,2
235,graficon22nodi/grafo694.22,15,22,23,27,28,0.0,0,23,0.005959987640380859,2
236,graficon17nodi/grafo479.17,15,17,23,25,31,2.0,7,93,0.06157255172729492,2
237,graficon18nodi/grafo538.18,15,18,19,25,26,0.0,0,20,0.006461620330810547,2
238,graficon21nodi/grafo2416.21,15,21,24,29,32,1.0,1,24,0.009622812271118164,2
239,graficon17nodi/grafo2418.17,15,17,20,26,29,1.0,2,40,0.04030942916870117,2
240,graficon24nodi/grafo1463.24,15,24,25,25,26,0.0,0,30,0.005736827850341797,2
241,graficon13nodi/grafo1885.13,15,13,16,25,28,0.0,0,21,0.006058454513549805,2
242,graficon11nodi/grafo1697.11,15,11,17,28,34,2.0,2,21,0.06260824203491211,2
243,graficon15nodi/grafo583.15,15,15,19,25,29,2.0,2,45,0.1006937026977539,2
244,graficon19nodi/grafo2951.19,15,19,24,27,32,1.0,1,35,0.016822099685668945,2
245,graficon14nodi/grafo520.14,15,14,22,29,37,0.0,0,53,0.01146388053894043,2
246,graficon17nodi/grafo2594.17,15,17,21,25,29,2.0,2,56,0.05512547492980957,2
247,graficon18nodi/grafo993.18,15,18,23,28,33,1.0,3,45,0.038782596588134766,2
248,graficon21nodi/grafo127.21,15,21,21,26,26,0.0,0,23,0.006990671157836914,2
249,graficon16nodi/grafo400.16,15,16,17,26,27,0.0,0,9,0.005733489990234375,2
250,graficon17nodi/grafo302.17,15,17,19,28,30,0.0,0,18,0.005624055862426758,2
251,graficon21nodi/grafo158.21,15,21,24,29,32,1.0,1,42,0.01697230339050293,2
252,graficon16nodi/grafo540.16,15,16,17,26,27,0.0,0,9,0.005423784255981445,2
253,graficon13nodi/grafo2303.13,15,13,19,28,34,0.0,0,49,0.010472297668457031,2
254,graficon21nodi/grafo1937.21,15,21,24,26,29,2.0,4,36,0.03261208534240723,2
255,graficon15nodi/grafo778.15,15,15,17,26,28,0.0,0,16,0.005220890045166016,2
256,graficon15nodi/grafo855.15,15,15,17,25,27,0.0,0,16,0.004041194915771484,2
257,graficon18nodi/grafo1652.18,15,18,20,25,27,0.0,0,24,0.009586334228515625,2
258,graficon13nodi/grafo2659.13,15,13,16,25,28,0.0,0,31,0.00931239128112793,2
259,graficon17nodi/grafo2682.17,15,17,19,26,28,1.0,2,31,0.04522967338562012,2
260,graficon16nodi/grafo1119.16,15,16,22,28,34,1.0,3,51,0.04831719398498535,2
261,graficon14nodi/grafo1870.14,15,14,21,28,35,2.0,3,41,0.047837018966674805,2
262,graficon19nodi/grafo1172.19,15,19,23,26,30,1.0,1,36,0.012180089950561523,2
263,graficon13nodi/grafo511.13,15,13,14,25,26,0.0,0,6,0.0029516220092773438,2
264,graficon18nodi/grafo1648.18,15,18,24,26,32,3.0,5,64,0.11795520782470703,2
265,graficon17nodi/grafo893.17,15,17,21,26,30,0.0,0,78,0.021378278732299805,2
266,graficon17nodi/grafo917.17,15,17,20,28,31,0.0,0,42,0.011174678802490234,2
267,graficon23nodi/grafo2256.23,15,23,26,29,32,0.0,0,31,0.016490459442138672,2
268,graficon18nodi/grafo2556.18,15,18,22,28,32,0.0,0,40,0.022320270538330078,2
269,graficon15nodi/grafo2921.15,15,15,17,27,29,0.0,0,17,0.0068035125732421875,2
270,graficon21nodi/grafo1762.21,15,21,25,25,29,2.0,5,72,0.16007685661315918,2
271,graficon21nodi/grafo1064.21,15,21,26,25,30,4.0,10,41,0.1701488494873047,2
272,graficon18nodi/grafo784.18,15,18,23,25,30,2.0,3,53,0.058019161224365234,2
273,graficon16nodi/grafo2236.16,15,16,20,28,32,1.0,1,44,0.016427993774414062,2
274,graficon17nodi/grafo2345.17,15,17,20,26,29,1.0,1,24,0.008223772048950195,2
275,graficon18nodi/grafo2307.18,15,18,23,26,31,1.0,3,46,0.04423642158508301,2
276,graficon17nodi/grafo1056.17,15,17,22,29,34,1.0,1,33,0.013190746307373047,2
277,graficon18nodi/grafo1152.18,15,18,24,28,34,1.0,1,45,0.020502805709838867,2
278,graficon24nodi/grafo3100.24,15,24,28,26,30,2.0,2,57,0.06210780143737793,2
279,graficon16nodi/grafo279.16,15,16,19,27,30,0.0,0,26,0.008408546447753906,2
280,graficon17nodi/grafo2401.17,15,17,31,28,42,7.0,34,233,10.074667930603027,2
281,graficon16nodi/grafo2302.16,15,16,20,25,29,1.0,1,25,0.010863065719604492,2
282,graficon16nodi/grafo2525.16,15,16,19,26,29,1.0,1,28,0.009880781173706055,2
283,graficon17nodi/grafo2924.17,15,17,22,28,33,1.0,1,70,0.017963409423828125,2
284,graficon22nodi/grafo167.22,15,22,24,29,31,1.0,1,41,0.020122289657592773,2
285,graficon16nodi/grafo2542.16,15,16,21,26,31,1.0,1,42,0.012103796005249023,2
286,graficon16nodi/grafo2636.16,15,16,22,26,32,2.0,6,27,0.036417245864868164,2
287,graficon17nodi/grafo2758.17,15,17,20,26,29,1.0,1,19,0.007985591888427734,2
288,graficon20nodi/grafo2554.20,15,20,22,25,27,1.0,1,32,0.010065555572509766,2
289,graficon25nodi/grafo2775.25,15,25,26,25,26,1.0,2,64,0.04160714149475098,2
290,graficon19nodi/grafo409.19,15,19,22,25,28,2.0,2,64,0.08636951446533203,2
291,graficon16nodi/grafo2326.16,15,16,21,25,30,1.0,1,56,0.016772031784057617,2
292,graficon14nodi/grafo596.14,15,14,16,27,29,0.0,0,13,0.004544258117675781,2
293,graficon20nodi/grafo679.20,15,20,25,29,34,1.0,2,46,0.06595945358276367,2
294,graficon23nodi/grafo188.23,15,23,24,27,28,0.0,0,31,0.007370471954345703,2
295,graficon19nodi/grafo2449.19,15,19,24,25,30,2.0,4,57,0.06972527503967285,2
296,graficon23nodi/grafo1038.23,15,23,24,27,28,1.0,1,17,0.007188081741333008,2
297,graficon17nodi/grafo2177.17,15,17,22,26,31,0.0,0,46,0.014661312103271484,2
298,graficon20nodi/grafo786.20,15,20,23,26,29,1.0,2,58,0.05077385902404785,2
299,graficon17nodi/grafo1875.17,15,17,21,28,32,1.0,1,73,0.04570150375366211,2
300,graficon14nodi/grafo796.14,15,14,19,27,32,1.0,3,51,0.04070401191711426,2
301,graficon21nodi/grafo2119.21,15,21,27,32,38,3.0,8,106,0.1897733211517334,2
302,graficon15nodi/grafo1013.15,15,15,23,31,39,2.0,2,70,0.09701323509216309,2
303,graficon17nodi/grafo415.17,15,17,24,33,40,2.0,5,87,0.17125439643859863,2
304,graficon26nodi/grafo578.26,15,26,27,30,31,1.0,1,63,0.030408382415771484,2
305,graficon25nodi/grafo2077.25,15,25,29,31,35,3.0,8,95,0.23632431030273438,2
306,graficon29nodi/grafo2085.29,15,29,30,33,34,0.0,0,30,0.009080648422241211,2
307,graficon19nodi/grafo1834.19,15,19,23,32,36,0.0,0,28,0.009360313415527344,2
308,graficon24nodi/grafo1830.24,15,24,29,34,39,1.0,1,45,0.02434992790222168,2
309,graficon21nodi/grafo245.21,15,21,22,30,31,1.0,1,26,0.014521121978759766,2
310,graficon21nodi/grafo1645.21,15,21,23,30,32,0.0,0,69,0.01798701286315918,2
311,graficon20nodi/grafo1761.20,15,20,26,31,37,0.0,0,52,0.011951446533203125,2
312,graficon26nodi/grafo1805.26,15,26,31,33,38,3.0,5,39,0.1680593490600586,2
313,graficon18nodi/grafo2744.18,15,18,24,34,40,1.0,3,66,0.07082486152648926,2
314,graficon20nodi/grafo2268.20,15,20,24,32,36,1.0,3,44,0.044595956802368164,2
315,graficon25nodi/grafo2837.25,15,25,27,32,34,0.0,0,47,0.012806177139282227,2
316,graficon21nodi/grafo2833.21,15,21,24,30,33,1.0,1,32,0.01531219482421875,2
317,graficon20nodi/grafo3049.20,15,20,24,33,37,1.0,2,45,0.047319650650024414,2
318,graficon26nodi/grafo1799.26,15,26,30,32,36,2.0,3,65,0.0596163272857666,2
319,graficon17nodi/grafo1403.17,15,17,23,30,36,1.0,1,45,0.022341251373291016,2
320,graficon27nodi/grafo2498.27,15,27,32,34,39,2.0,3,68,0.08683943748474121,2
321,graficon22nodi/grafo2819.22,15,22,25,33,36,0.0,0,21,0.007829427719116211,2
322,graficon16nodi/grafo421.16,15,16,22,33,39,1.0,1,86,0.028319358825683594,2
323,graficon14nodi/grafo1074.14,15,14,19,32,37,1.0,2,40,0.03900146484375,2
324,graficon24nodi/grafo918.24,15,24,24,32,32,0.0,0,37,0.008182048797607422,2
325,graficon18nodi/grafo1780.18,15,18,24,30,36,1.0,1,43,0.01587653160095215,2
326,graficon29nodi/grafo1198.29,15,29,29,31,31,1.0,1,32,0.014032840728759766,2
327,graficon15nodi/grafo2591.15,15,15,23,31,39,1.0,2,56,0.057341814041137695,2
328,graficon19nodi/grafo924.19,15,19,21,32,34,0.0,0,34,0.010693073272705078,2
329,graficon23nodi/grafo835.23,15,23,27,31,35,2.0,7,61,0.1895604133605957,2
330,graficon17nodi/grafo829.17,15,17,21,33,37,0.0,0,51,0.02042365074157715,2
331,graficon16nodi/grafo1635.16,15,16,25,34,43,1.0,1,73,1.180663824081421,2
332,graficon14nodi/grafo649.14,15,14,24,32,42,3.0,5,91,0.17152643203735352,2
333,graficon18nodi/grafo1824.18,15,18,23,32,37,1.0,1,22,0.01723504066467285,2
334,graficon26nodi/grafo1629.26,15,26,29,30,33,1.0,1,37,0.03470921516418457,2
335,graficon15nodi/grafo1142.15,15,15,24,32,41,1.0,1,91,0.06010937690734863,2
336,graficon22nodi/grafo2410.22,15,22,24,30,32,1.0,1,23,0.011023759841918945,2
337,graficon23nodi/grafo2028.23,15,23,32,32,41,5.0,14,115,0.6301290988922119,2
338,graficon25nodi/grafo1040.25,15,25,32,34,41,4.0,12,123,0.21026611328125,2
339,graficon17nodi/grafo2494.17,15,17,20,30,33,1.0,1,32,0.008926868438720703,2
340,graficon21nodi/grafo381.21,15,21,23,31,33,1.0,1,40,0.0130462646484375,2
341,graficon19nodi/grafo2425.19,15,19,23,30,34,1.0,2,48,0.054660797119140625,2
342,graficon26nodi/grafo1230.26,15,26,29,30,33,2.0,2,30,0.01704573631286621,2
343,graficon17nodi/grafo1861.17,15,17,21,34,38,2.0,2,24,0.07026958465576172,2
344,graficon27nodi/grafo1232.27,15,27,31,33,37,3.0,8,119,0.33058834075927734,2
345,graficon27nodi/grafo2582.27,15,27,27,34,34,0.0,0,35,0.008745431900024414,2
346,graficon24nodi/grafo2017.24,15,24,28,32,36,2.0,2,54,0.08807992935180664,2
347,graficon32nodi/grafo11636.32,15,32,32,33,33,0.0,0,38,0.005421638488769531,2
348,graficon19nodi/grafo621.19,15,19,27,30,38,1.0,3,78,0.07532835006713867,2
349,graficon16nodi/grafo2023.16,15,16,20,34,38,1.0,2,25,0.0533289909362793,2
350,graficon23nodi/grafo622.23,15,23,25,33,35,1.0,1,39,0.017327308654785156,2
351,graficon19nodi/grafo2135.19,15,19,23,33,37,1.0,2,41,0.07519316673278809,2
352,graficon15nodi/grafo879.15,15,15,20,30,35,0.0,0,46,0.01735091209411621,2
353,graficon22nodi/grafo1012.22,15,22,24,31,33,0.0,0,46,0.01801276206970215,2
354,graficon20nodi/grafo429.20,15,20,28,34,42,3.0,7,77,0.0834815502166748,2
355,graficon26nodi/grafo1269.26,15,26,28,31,33,0.0,0,82,0.028280258178710938,2
356,graficon17nodi/grafo2520.17,15,17,24,32,39,4.0,8,77,0.18523693084716797,2
357,graficon32nodi/grafo10052.32,15,32,33,34,35,0.0,0,36,0.007134437561035156,2
358,graficon20nodi/grafo874.20,15,20,25,34,39,1.0,1,39,0.023027420043945312,2
359,graficon20nodi/grafo1901.20,15,20,26,33,39,1.0,2,106,0.10489821434020996,2
360,graficon22nodi/grafo2456.22,15,22,26,33,37,0.0,0,43,0.018820524215698242,2
361,graficon17nodi/grafo276.17,15,17,20,31,34,1.0,1,28,0.013276338577270508,2
362,graficon25nodi/grafo575.25,15,25,29,34,38,2.0,2,52,0.08797502517700195,2
363,graficon17nodi/grafo517.17,15,17,23,33,39,1.0,1,52,0.020241498947143555,2
364,graficon19nodi/grafo1900.19,15,19,22,31,34,0.0,0,34,0.007744789123535156,2
365,graficon22nodi/grafo1422.22,15,22,22,30,30,0.0,0,36,0.01174616813659668,2
366,graficon25nodi/grafo862.25,15,25,28,33,36,1.0,1,73,0.029119253158569336,2
367,graficon23nodi/grafo545.23,15,23,28,32,37,1.0,1,31,0.011254072189331055,2
368,graficon24nodi/grafo2341.24,15,24,29,34,39,1.0,1,70,0.02263188362121582,2
369,graficon26nodi/grafo1512.26,15,26,30,34,38,2.0,2,63,0.11585807800292969,2
370,graficon18nodi/grafo1626.18,15,18,27,32,41,3.0,8,75,0.1686251163482666,2
371,graficon21nodi/grafo2378.21,15,21,25,31,35,1.0,2,51,0.04375886917114258,2
372,graficon25nodi/grafo2051.25,15,25,26,33,34,0.0,0,17,0.0060656070709228516,2
373,graficon32nodi/grafo9919.32,15,32,32,33,33,0.0,0,38,0.0051310062408447266,2
374,graficon18nodi/grafo1940.18,15,18,24,31,37,1.0,1,31,0.01659989356994629,2
375,graficon25nodi/grafo1338.25,15,25,26,34,35,0.0,0,32,0.017911195755004883,2
376,graficon33nodi/grafo11170.33,15,33,42,39,48,2.0,2,70,0.08305692672729492,2
377,graficon23nodi/grafo2966.23,15,23,26,36,39,0.0,0,33,0.009971857070922852,2
378,graficon29nodi/grafo1102.29,15,29,29,37,37,0.0,0,29,0.009640693664550781,2
379,graficon26nodi/grafo1340.26,15,26,31,38,43,2.0,4,67,0.08705782890319824,2
380,graficon22nodi/grafo1850.22,15,22,28,38,44,1.0,1,45,0.025365829467773438,2
381,graficon28nodi/grafo2572.28,15,28,34,38,44,1.0,3,72,0.10078716278076172,2
382,graficon17nodi/grafo420.17,15,17,25,37,45,2.0,3,69,0.05418038368225098,2
383,graficon20nodi/grafo2670.20,15,20,28,36,44,2.0,3,61,0.060248613357543945,2
384,graficon26nodi/grafo2766.26,15,26,32,38,44,2.0,2,45,0.05857682228088379,2
385,graficon29nodi/grafo1333.29,15,29,31,38,40,0.0,0,56,0.026440858840942383,2
386,graficon21nodi/grafo1863.21,15,21,26,35,40,2.0,4,72,0.14031267166137695,2
387,graficon27nodi/grafo1623.27,15,27,30,37,40,1.0,1,29,0.009639263153076172,2
388,graficon33nodi/grafo2828.33,15,33,37,38,42,2.0,3,50,0.05576348304748535,2
389,graficon26nodi/grafo2606.26,15,26,32,36,42,2.0,6,122,0.11673808097839355,2
390,graficon19nodi/grafo2371.19,15,19,24,35,40,0.0,0,63,0.020030975341796875,2
391,graficon25nodi/grafo2700.25,15,25,28,36,39,1.0,2,54,0.018805265426635742,2
392,graficon24nodi/grafo2587.24,15,24,28,36,40,2.0,5,67,0.13129281997680664,2
393,graficon15nodi/grafo947.15,15,15,24,39,48,2.0,3,54,0.13853859901428223,2
394,graficon19nodi/grafo2562.19,15,19,28,36,45,2.0,4,55,0.127211332321167,2
395,graficon32nodi/grafo11456.32,15,32,33,35,36,1.0,1,39,0.008463144302368164,2
396,graficon27nodi/grafo248.27,15,27,33,38,44,3.0,4,84,0.40418148040771484,2
397,graficon22nodi/grafo2676.22,15,22,26,38,42,0.0,0,39,0.01400136947631836,2
398,graficon32nodi/grafo11607.32,15,32,38,39,45,3.0,4,70,0.1132802963256836,2
399,graficon19nodi/grafo2171.19,15,19,23,35,39,1.0,1,43,0.018541812896728516,2
400,graficon19nodi/grafo1666.19,15,19,28,37,46,1.0,1,94,0.03424835205078125,2
401,graficon33nodi/grafo11210.33,15,33,42,39,48,2.0,2,70,0.08458185195922852,2
402,graficon26nodi/grafo2123.26,15,26,28,35,37,1.0,1,76,0.030762195587158203,2
403,graficon26nodi/grafo3056.26,15,26,36,35,45,4.0,16,109,0.15613603591918945,2
404,graficon30nodi/grafo1582.30,15,30,34,35,39,2.0,2,97,0.08194732666015625,2
405,graficon24nodi/grafo1440.24,15,24,32,37,45,3.0,7,113,0.47325563430786133,2
406,graficon33nodi/grafo9903.33,15,33,42,39,48,2.0,2,70,0.08262157440185547,2
407,graficon23nodi/grafo1557.23,15,23,29,37,43,2.0,2,101,0.11095499992370605,2
408,graficon21nodi/grafo1941.21,15,21,26,37,42,1.0,1,36,0.022869348526000977,2
409,graficon13nodi/grafo317.13,15,13,21,38,46,1.0,2,53,0.06277799606323242,2
410,graficon33nodi/grafo154.33,15,33,34,36,37,0.0,0,62,0.011923789978027344,2
411,graficon31nodi/grafo10007.31,15,31,34,35,38,3.0,4,73,0.12881970405578613,2
412,graficon20nodi/grafo1764.20,15,20,25,37,42,1.0,2,40,0.046173095703125,2
413,graficon31nodi/grafo5484.31,15,31,32,38,39,1.0,2,42,0.09392118453979492,2
414,graficon27nodi/grafo1286.27,15,27,31,36,40,2.0,2,44,0.04580998420715332,2
415,graficon23nodi/grafo2200.23,15,23,29,38,44,1.0,2,61,0.08086442947387695,2
416,graficon24nodi/grafo872.24,15,24,28,37,41,1.0,2,46,0.020189523696899414,2
417,graficon22nodi/grafo605.22,15,22,26,39,43,0.0,0,58,0.030272960662841797,2
418,graficon29nodi/grafo1034.29,15,29,32,38,41,1.0,1,73,0.032021522521972656,2
419,graficon21nodi/grafo2356.21,15,21,27,35,41,1.0,2,34,0.015766620635986328,2
420,graficon33nodi/grafo10134.33,15,33,34,37,38,1.0,1,35,0.019289731979370117,2
421,graficon32nodi/grafo9867.32,15,32,33,35,36,1.0,1,39,0.008417606353759766,2
422,graficon26nodi/grafo753.26,15,26,28,36,38,2.0,2,19,0.07090306282043457,2
423,graficon21nodi/grafo123.21,15,21,25,38,42,1.0,1,43,0.02061295509338379,2
424,graficon25nodi/grafo1360.25,15,25,30,35,40,3.0,6,73,0.11542296409606934,2
425,graficon27nodi/grafo174.27,15,27,28,36,37,1.0,1,64,0.029059648513793945,2
426,graficon20nodi/grafo251.20,15,20,23,36,39,1.0,1,35,0.023042917251586914,2
427,graficon18nodi/grafo2768.18,15,18,23,35,40,2.0,2,29,0.05765724182128906,2
428,graficon36nodi/grafo2402.36,15,36,38,39,41,0.0,0,67,0.026636362075805664,2
429,graficon30nodi/grafo1237.30,15,30,35,39,44,1.0,1,66,0.020621538162231445,2
430,graficon20nodi/grafo2284.20,15,20,30,37,47,4.0,7,65,0.46015286445617676,2
431,graficon17nodi/grafo1160.17,15,17,23,39,45,1.0,1,66,0.020281076431274414,2
432,graficon27nodi/grafo2721.27,15,27,27,37,37,1.0,1,29,0.01672053337097168,2
433,graficon23nodi/grafo2691.23,15,23,31,39,47,1.0,6,100,0.1448681354522705,2
434,graficon22nodi/grafo2875.22,15,22,27,38,43,2.0,2,54,0.10226249694824219,2
435,graficon33nodi/grafo11130.33,15,33,42,39,48,2.0,2,70,0.07914090156555176,2
436,graficon18nodi/grafo2805.18,15,18,25,36,43,1.0,3,86,0.06710314750671387,2
437,graficon16nodi/grafo2584.16,15,16,22,39,45,1.0,2,28,0.01597452163696289,2
438,graficon17nodi/grafo597.17,15,17,24,36,43,0.0,0,70,0.02104353904724121,2
439,graficon24nodi/grafo1950.24,15,24,27,39,42,1.0,1,50,0.06556367874145508,2
440,graficon25nodi/grafo2067.25,15,25,28,38,41,1.0,1,31,0.02384471893310547,2
441,graficon15nodi/grafo2448.15,15,15,23,38,46,1.0,2,62,0.02965068817138672,2
442,graficon26nodi/grafo1273.26,15,26,27,36,37,0.0,0,61,0.022555828094482422,2
443,graficon32nodi/grafo11397.32,15,32,33,37,38,0.0,0,34,0.011724472045898438,2
444,graficon33nodi/grafo11023.33,15,33,33,36,36,0.0,0,31,0.0055010318756103516,2
445,graficon33nodi/grafo11026.33,15,33,36,39,42,2.0,3,61,0.05662226676940918,2
446,graficon17nodi/grafo945.17,15,17,22,36,41,0.0,0,56,0.01840806007385254,2
447,graficon25nodi/grafo584.25,15,25,29,35,39,2.0,4,104,0.14177870750427246,2
448,graficon12nodi/grafo2426.12,15,12,18,38,44,0.0,0,41,0.017709016799926758,2
449,graficon18nodi/grafo2731.18,15,18,23,35,40,0.0,0,42,0.010416507720947266,2
450,graficon23nodi/grafo2217.23,15,23,29,35,41,3.0,9,50,0.4460885524749756,2
451,graficon26nodi/grafo2108.26,15,26,35,41,50,4.0,10,80,0.1853163242340088,2
452,graficon31nodi/grafo11581.31,15,31,36,42,47,2.0,4,110,0.23970699310302734,2
453,graficon25nodi/grafo1271.25,15,25,30,40,45,2.0,3,77,0.08138751983642578,2
454,graficon31nodi/grafo11454.31,15,31,36,42,47,2.0,4,110,0.24292612075805664,2
455,graficon25nodi/grafo163.25,15,25,37,44,56,8.0,31,206,90.31952357292175,2
456,graficon19nodi/grafo950.19,15,19,23,43,47,0.0,0,37,0.015793323516845703,2
457,graficon30nodi/grafo1252.30,15,30,34,43,47,0.0,0,59,0.020526647567749023,2
458,graficon27nodi/grafo1217.27,15,27,29,42,44,0.0,0,62,0.01893448829650879,2
459,graficon34nodi/grafo11331.34,15,34,41,43,50,2.0,3,61,0.09126162528991699,2
460,graficon20nodi/grafo1873.20,15,20,27,40,47,3.0,6,72,0.19691729545593262,2
461,graficon34nodi/grafo5197.34,15,34,36,43,45,0.0,0,40,0.014315128326416016,2
462,graficon28nodi/grafo1615.28,15,28,35,43,50,3.0,9,117,0.3692150115966797,2
463,graficon27nodi/grafo3039.27,15,27,31,44,48,1.0,1,55,0.018948078155517578,2
464,graficon37nodi/grafo2519.37,15,37,39,44,46,0.0,0,95,0.038979291915893555,2
465,graficon27nodi/grafo2037.27,15,27,31,42,46,2.0,2,80,0.2376115322113037,2
466,graficon20nodi/grafo1757.20,15,20,25,41,46,1.0,1,43,0.026558399200439453,2
467,graficon23nodi/grafo551.23,15,23,29,43,49,0.0,0,56,0.026684045791625977,2
468,graficon32nodi/grafo10795.32,15,32,35,43,46,1.0,1,98,0.05350637435913086,2
469,graficon33nodi/grafo5994.33,15,33,36,42,45,0.0,0,56,0.01807117462158203,2
470,graficon23nodi/grafo2712.23,15,23,30,40,47,1.0,1,64,0.027092456817626953,2
471,graficon22nodi/grafo1894.22,15,22,30,40,48,3.0,5,81,0.09446859359741211,2
472,graficon28nodi/grafo1190.28,15,28,31,43,46,2.0,3,65,0.1593482494354248,2
473,graficon32nodi/grafo1455.32,15,32,38,43,49,1.0,2,101,0.09336042404174805,2
474,graficon18nodi/grafo1086.18,15,18,26,41,49,1.0,1,67,0.040004730224609375,2
475,graficon34nodi/grafo9918.34,15,34,34,43,43,0.0,0,20,0.004827022552490234,2
476,graficon32nodi/grafo1226.32,15,32,34,43,45,1.0,1,47,0.0264434814453125,2
477,graficon35nodi/grafo7133.35,15,35,38,43,46,1.0,3,62,0.0817868709564209,2
478,graficon34nodi/grafo11544.34,15,34,34,43,43,0.0,0,20,0.004778385162353516,2
479,graficon14nodi/grafo2738.14,15,14,23,40,49,1.0,1,65,0.029449462890625,2
480,graficon27nodi/grafo2958.27,15,27,32,42,47,0.0,0,48,0.01670074462890625,2
481,graficon31nodi/grafo3686.31,15,31,36,42,47,2.0,4,110,0.24571466445922852,2
482,graficon14nodi/grafo701.14,15,14,20,42,48,1.0,1,43,0.020766258239746094,2
483,graficon33nodi/grafo9921.33,15,33,36,43,46,1.0,1,48,0.03151202201843262,2
484,graficon27nodi/grafo2876.27,15,27,32,41,46,2.0,2,76,0.028264522552490234,2
485,graficon25nodi/grafo1234.25,15,25,33,42,50,1.0,2,105,0.1594538688659668,2
486,graficon26nodi/grafo1285.26,15,26,30,42,46,2.0,2,36,0.07753825187683105,2
487,graficon30nodi/grafo2365.30,15,30,34,40,44,2.0,4,85,0.21907782554626465,2
488,graficon26nodi/grafo798.26,15,26,32,41,47,2.0,5,73,0.21893095970153809,2
489,graficon21nodi/grafo1682.21,15,21,41,43,63,7.0,38,183,3.6660592555999756,2
490,graficon32nodi/grafo5244.32,15,32,38,42,48,0.0,0,36,0.018045663833618164,2
491,graficon23nodi/grafo2854.23,15,23,29,44,50,1.0,2,57,0.10048365592956543,2
492,graficon32nodi/grafo1053.32,15,32,41,43,52,3.0,6,143,0.48872804641723633,2
493,graficon21nodi/grafo2756.21,15,21,26,40,45,1.0,2,45,0.058554887771606445,2
494,graficon22nodi/grafo1503.22,15,22,26,44,48,0.0,0,35,0.014672040939331055,2
495,graficon22nodi/grafo2370.22,15,22,28,41,47,1.0,1,37,0.017842769622802734,2
496,graficon23nodi/grafo2769.23,15,23,27,44,48,2.0,2,55,0.08728480339050293,2
497,graficon28nodi/grafo124.28,15,28,29,41,42,1.0,1,33,0.014935016632080078,2
498,graficon31nodi/grafo9916.31,15,31,36,42,47,2.0,4,110,0.25913071632385254,2
499,graficon33nodi/grafo11631.33,15,33,43,41,51,3.0,3,73,0.08497047424316406,2
500,graficon30nodi/grafo1256.30,15,30,33,40,43,0.0,0,52,0.014534473419189453,2
501,graficon32nodi/grafo10231.32,15,32,35,43,46,0.0,0,49,0.011543750762939453,2
502,graficon34nodi/grafo11277.34,15,34,35,41,42,0.0,0,44,0.007073163986206055,2
503,graficon34nodi/grafo2464.34,15,34,38,44,48,2.0,5,103,0.31212449073791504,2
504,graficon27nodi/grafo1199.27,15,27,30,40,43,0.0,0,22,0.0070226192474365234,2
505,graficon25nodi/grafo1614.25,15,25,27,41,43,1.0,1,72,0.02637338638305664,2
506,graficon29nodi/grafo1376.29,15,29,34,42,47,2.0,3,77,0.1531968116760254,2
507,graficon35nodi/grafo3480.35,15,35,35,44,44,0.0,0,79,0.022777080535888672,2
508,graficon29nodi/grafo1587.29,15,29,35,42,48,1.0,1,108,0.05956077575683594,2
509,graficon34nodi/grafo6050.34,15,34,41,43,50,2.0,3,55,0.05051398277282715,2
510,graficon25nodi/grafo2755.25,15,25,32,42,49,3.0,5,53,0.41777944564819336,2
511,graficon23nodi/grafo2853.23,15,23,34,40,51,6.0,17,119,1.2609608173370361,2
512,graficon34nodi/grafo10281.34,15,34,41,42,49,1.0,1,63,0.034201622009277344,2
513,graficon34nodi/grafo11630.34,15,34,40,44,50,1.0,1,92,0.04305672645568848,2
514,graficon28nodi/grafo2436.28,15,28,37,44,53,4.0,9,149,0.6217548847198486,2
515,graficon34nodi/grafo9878.34,15,34,39,41,46,1.0,2,65,0.08997130393981934,2
516,graficon32nodi/grafo3901.32,15,32,38,42,48,1.0,3,91,0.07155942916870117,2
517,graficon35nodi/grafo11455.35,15,35,35,42,42,0.0,0,44,0.013250112533569336,2
518,graficon28nodi/grafo296.28,15,28,36,43,51,4.0,13,116,0.31692004203796387,2
519,graficon25nodi/grafo1251.25,15,25,26,40,41,0.0,0,28,0.011594295501708984,2
520,graficon34nodi/grafo11319.34,15,34,40,42,48,1.0,3,84,0.11949944496154785,2
521,graficon34nodi/grafo11660.34,15,34,36,43,45,1.0,1,94,0.047879695892333984,2
522,graficon31nodi/grafo2394.31,15,31,36,43,48,2.0,5,113,0.32131171226501465,2
523,graficon26nodi/grafo1218.26,15,26,28,42,44,0.0,0,51,0.028302431106567383,2
524,graficon37nodi/grafo6342.37,15,37,42,44,49,3.0,8,107,0.48084568977355957,2
525,graficon28nodi/grafo1311.28,15,28,34,42,48,3.0,6,78,0.41144633293151855,2
526,graficon19nodi/grafo1826.19,15,19,27,46,54,1.0,2,72,0.11674022674560547,2
527,graficon14nodi/grafo1951.14,15,14,25,46,57,2.0,3,79,0.18182015419006348,2
528,graficon37nodi/grafo3547.37,15,37,38,49,50,0.0,0,35,0.019440889358520508,2
529,graficon34nodi/grafo11207.34,15,34,38,48,52,2.0,4,52,0.11059188842773438,2
530,graficon31nodi/grafo10887.31,15,31,36,46,51,0.0,0,50,0.020732879638671875,2
531,graficon32nodi/grafo1255.32,15,32,37,46,51,1.0,1,57,0.024370908737182617,2
532,graficon28nodi/grafo1840.28,15,28,34,48,54,3.0,4,52,0.13885116577148438,2
533,graficon21nodi/grafo630.21,15,21,28,45,52,1.0,1,47,0.03388786315917969,2
534,graficon26nodi/grafo3044.26,15,26,34,48,56,2.0,3,74,0.19254183769226074,2
535,graficon23nodi/grafo1806.23,15,23,28,48,53,0.0,0,45,0.030636072158813477,2
536,graficon31nodi/grafo10458.31,15,31,36,46,51,0.0,0,50,0.021118879318237305,2
537,graficon35nodi/grafo10620.35,15,35,41,46,52,2.0,3,102,0.23641562461853027,2
538,graficon22nodi/grafo249.22,15,22,31,46,55,3.0,4,97,0.31113719940185547,2
539,graficon32nodi/grafo745.32,15,32,36,45,49,0.0,0,86,0.033847808837890625,2
540,graficon35nodi/grafo5759.35,15,35,39,45,49,1.0,1,32,0.011750221252441406,2
541,graficon33nodi/grafo11516.33,15,33,42,45,54,2.0,4,60,0.21192216873168945,2
542,graficon25nodi/grafo2437.25,15,25,30,48,53,1.0,1,37,0.021375417709350586,2
543,graficon31nodi/grafo1301.31,15,31,40,47,56,3.0,8,129,0.4858074188232422,2
544,graficon38nodi/grafo3332.38,15,38,43,45,50,1.0,2,158,0.18840312957763672,2
545,graficon22nodi/grafo2748.22,15,22,29,45,52,0.0,0,87,0.032684326171875,2
546,graficon27nodi/grafo1253.27,15,27,32,45,50,1.0,2,119,0.17873048782348633,2
547,graficon36nodi/grafo3862.36,15,36,41,46,51,4.0,4,74,0.1260361671447754,2
548,graficon28nodi/grafo1202.28,15,28,36,45,53,3.0,4,85,0.167924165725708,2
549,graficon37nodi/grafo5957.37,15,37,39,48,50,0.0,0,142,0.05005669593811035,2
550,graficon38nodi/grafo6734.38,15,38,41,45,48,1.0,1,97,0.06133246421813965,2
551,graficon36nodi/grafo5561.36,15,36,38,47,49,0.0,0,36,0.009874343872070312,2
552,graficon31nodi/grafo10011.31,15,31,36,46,51,0.0,0,50,0.021537303924560547,2
553,graficon36nodi/grafo6066.36,15,36,39,48,51,0.0,0,80,0.04125261306762695,2
554,graficon31nodi/grafo1362.31,15,31,37,45,51,1.0,1,78,0.05891895294189453,2
555,graficon27nodi/grafo1200.27,15,27,36,46,55,0.0,0,113,0.05205106735229492,2
556,graficon39nodi/grafo6087.39,15,39,46,48,55,4.0,10,73,1.7744927406311035,2
557,graficon33nodi/grafo5247.33,15,33,38,46,51,0.0,0,33,0.011642217636108398,2
558,graficon36nodi/grafo6811.36,15,36,44,48,56,1.0,2,63,0.07450151443481445,2
559,graficon23nodi/grafo1798.23,15,23,31,48,56,2.0,3,91,0.08092427253723145,2
560,graficon27nodi/grafo2275.27,15,27,32,46,51,2.0,2,77,0.15981125831604004,2
561,graficon26nodi/grafo2981.26,15,26,36,45,55,4.0,12,140,0.42769408226013184,2
562,graficon36nodi/grafo3414.36,15,36,39,46,49,2.0,2,49,0.1657557487487793,2
563,graficon19nodi/grafo2428.19,15,19,23,45,49,1.0,1,31,0.017251253128051758,2
564,graficon35nodi/grafo10085.35,15,35,41,46,52,4.0,9,97,0.7108914852142334,2
565,graficon32nodi/grafo1379.32,15,32,39,48,55,1.0,3,83,0.11778640747070312,2
566,graficon26nodi/grafo173.26,15,26,31,46,51,2.0,3,82,0.08189201354980469,2
567,graficon38nodi/grafo5236.38,15,38,43,49,54,2.0,2,50,0.07731080055236816,2
568,graficon26nodi/grafo2399.26,15,26,31,46,51,1.0,2,79,0.06564140319824219,2
569,graficon31nodi/grafo11421.31,15,31,37,46,52,2.0,4,103,0.20572209358215332,2
570,graficon40nodi/grafo7698.40,15,40,47,49,56,1.0,1,116,0.05556941032409668,2
571,graficon35nodi/grafo1925.35,15,35,36,48,49,0.0,0,71,0.0351717472076416,2
572,graficon25nodi/grafo1319.25,15,25,31,47,53,3.0,3,93,0.2062990665435791,2
573,graficon26nodi/grafo2999.26,15,26,30,45,49,1.0,2,43,0.10437893867492676,2
574,graficon21nodi/grafo1632.21,15,21,26,48,53,0.0,0,35,0.015527009963989258,2
575,graficon32nodi/grafo9975.32,15,32,39,48,55,2.0,4,104,0.2878270149230957,2
576,graficon33nodi/grafo5182.33,15,33,38,49,54,0.0,0,67,0.036570072174072266,2
577,graficon32nodi/grafo11121.32,15,32,40,47,55,2.0,4,85,0.2422947883605957,2
578,graficon35nodi/grafo6642.35,15,35,42,49,56,2.0,5,89,0.08423566818237305,2
579,graficon28nodi/grafo932.28,15,28,35,45,52,1.0,2,77,0.20768976211547852,2
580,graficon34nodi/grafo2578.34,15,34,36,48,50,1.0,1,55,0.06082487106323242,2
581,graficon33nodi/grafo11538.33,15,33,38,47,52,1.0,3,83,0.21068120002746582,2
582,graficon33nodi/grafo10562.33,15,33,39,48,54,2.0,4,109,0.24857020378112793,2
583,graficon35nodi/grafo2815.35,15,35,43,47,55,2.0,9,98,0.2227470874786377,2
584,graficon18nodi/grafo374.18,15,18,25,46,53,0.0,0,59,0.028794527053833008,2
585,graficon34nodi/grafo5148.34,15,34,37,47,50,1.0,1,74,0.040013790130615234,2
586,graficon35nodi/grafo11567.35,15,35,43,45,53,1.0,1,82,0.030475378036499023,2
587,graficon31nodi/grafo1115.31,15,31,43,45,57,6.0,14,225,5.158304929733276,2
588,graficon34nodi/grafo2363.34,15,34,39,48,53,2.0,3,83,0.18031573295593262,2
589,graficon33nodi/grafo11375.33,15,33,39,48,54,1.0,3,91,0.15275216102600098,2
590,graficon36nodi/grafo5879.36,15,36,42,46,52,2.0,4,99,0.13965272903442383,2
591,graficon35nodi/grafo5820.35,15,35,38,45,48,1.0,1,57,0.04947543144226074,2
592,graficon17nodi/grafo678.17,15,17,25,48,56,1.0,1,56,0.041280269622802734,2
593,graficon32nodi/grafo9954.32,15,32,34,46,48,1.0,1,40,0.02076268196105957,2
594,graficon35nodi/grafo5966.35,15,35,45,47,57,4.0,10,80,0.37553930282592773,2
595,graficon35nodi/grafo5522.35,15,35,40,46,51,4.0,6,95,0.46631789207458496,2
596,graficon22nodi/grafo2807.22,15,22,27,46,51,2.0,2,34,0.08173680305480957,2
597,graficon32nodi/grafo3106.32,15,32,38,48,54,2.0,3,89,0.1910400390625,2
598,graficon36nodi/grafo5667.36,15,36,40,46,50,0.0,0,47,0.018445253372192383,2
599,graficon31nodi/grafo2262.31,15,31,40,47,56,1.0,3,110,0.14353108406066895,2
600,graficon33nodi/grafo10456.33,15,33,38,48,53,3.0,4,57,0.19458675384521484,2
601,graficon33nodi/grafo1915.33,15,33,44,54,65,2.0,2,157,0.5061471462249756,2
602,graficon36nodi/grafo3304.36,15,36,47,53,64,5.0,17,149,1.4778430461883545,2
603,graficon36nodi/grafo11296.36,15,36,44,50,58,4.0,19,128,1.8197429180145264,2
604,graficon37nodi/grafo3729.37,15,37,45,54,62,2.0,3,108,0.1186060905456543,2
605,graficon36nodi/grafo2212.36,15,36,41,54,59,2.0,2,93,0.11533474922180176,2
606,graficon31nodi/grafo1989.31,15,31,33,54,56,0.0,0,48,0.0262300968170166,2
607,graficon35nodi/grafo10658.35,15,35,41,50,56,2.0,3,82,0.17311382293701172,2
608,graficon39nodi/grafo5309.39,15,39,46,54,61,3.0,5,152,0.6015596389770508,2
609,graficon34nodi/grafo5495.34,15,34,43,53,62,4.0,7,71,0.4305410385131836,2
610,graficon37nodi/grafo3433.37,15,37,42,54,59,1.0,3,77,0.15819764137268066,2
611,graficon34nodi/grafo9882.34,15,34,39,50,55,0.0,0,72,0.03354072570800781,2
612,graficon22nodi/grafo1154.22,15,22,28,50,56,2.0,3,68,0.1938633918762207,2
613,graficon22nodi/grafo1715.22,15,22,34,54,66,3.0,3,135,0.3961937427520752,2
614,graficon36nodi/grafo3282.36,15,36,40,54,58,1.0,2,76,0.17797613143920898,2
615,graficon36nodi/grafo3153.36,15,36,43,53,60,1.0,2,75,0.12303972244262695,2
616,graficon34nodi/grafo4029.34,15,34,40,50,56,3.0,7,82,0.23783206939697266,2
617,graficon32nodi/grafo1784.32,15,32,36,52,56,2.0,3,50,0.08347654342651367,2
618,graficon33nodi/grafo2397.33,15,33,39,50,56,3.0,5,87,0.7726593017578125,2
619,graficon39nodi/grafo7363.39,15,39,43,51,55,2.0,3,159,0.30136585235595703,2
620,graficon34nodi/grafo11241.34,15,34,39,50,55,0.0,0,72,0.03457069396972656,2
621,graficon31nodi/grafo1689.31,15,31,34,53,56,0.0,0,57,0.0241696834564209,2
622,graficon39nodi/grafo6808.39,15,39,45,51,57,2.0,6,102,0.3646392822265625,2
623,graficon24nodi/grafo522.24,15,24,30,51,57,2.0,4,105,0.14705991744995117,2
624,graficon25nodi/grafo2016.25,15,25,33,50,58,1.0,2,74,0.09476399421691895,2
625,graficon24nodi/grafo1667.24,15,24,29,50,55,1.0,1,45,0.02264261245727539,2
626,graficon40nodi/grafo5346.40,15,40,44,52,56,2.0,7,87,0.3897097110748291,2
627,graficon34nodi/grafo11531.34,15,34,37,50,53,1.0,1,59,0.04860806465148926,2
628,graficon23nodi/grafo1974.23,15,23,27,54,58,1.0,1,61,0.03436589241027832,2
629,graficon30nodi/grafo1183.30,15,30,39,50,59,3.0,6,106,0.42368626594543457,2
630,graficon35nodi/grafo7366.35,15,35,43,51,59,1.0,1,97,0.08019399642944336,2
631,graficon33nodi/grafo9869.33,15,33,38,50,55,2.0,2,49,0.08902716636657715,2
632,graficon38nodi/grafo3247.38,15,38,43,50,55,2.0,3,78,0.42171621322631836,2
633,graficon36nodi/grafo5319.36,15,36,44,53,61,2.0,2,155,0.2413327693939209,2
634,graficon30nodi/grafo11384.30,15,30,34,50,54,1.0,2,59,0.03647327423095703,2
635,graficon38nodi/grafo3966.38,15,38,42,54,58,2.0,4,73,0.281527042388916,2
636,graficon32nodi/grafo3012.32,15,32,38,54,60,1.0,3,129,0.16973638534545898,2
637,graficon33nodi/grafo1174.33,15,33,41,53,61,2.0,4,115,0.26004838943481445,2
638,graficon35nodi/grafo11415.35,15,35,43,52,60,4.0,6,98,0.287813663482666,2
639,graficon36nodi/grafo10746.36,15,36,42,54,60,0.0,0,81,0.03372669219970703,2
640,graficon38nodi/grafo6579.38,15,38,49,54,65,4.0,8,122,0.6909079551696777,2
641,graficon32nodi/grafo10058.32,15,32,40,51,59,2.0,3,72,0.19439935684204102,2
642,graficon34nodi/grafo11614.34,15,34,39,50,55,0.0,0,72,0.03371787071228027,2
643,graficon38nodi/grafo6106.38,15,38,47,53,62,5.0,12,132,3.0369873046875,2
644,graficon26nodi/grafo309.26,15,26,36,54,64,2.0,7,119,0.42093420028686523,2
645,graficon34nodi/grafo10483.34,15,34,45,50,61,4.0,8,82,0.5488803386688232,2
646,graficon34nodi/grafo3023.34,15,34,42,54,62,2.0,2,101,0.21065998077392578,2
647,graficon35nodi/grafo11423.35,15,35,42,54,61,2.0,4,97,0.09775638580322266,2
648,graficon26nodi/grafo1952.26,15,26,31,54,59,1.0,3,70,0.20067048072814941,2
649,graficon38nodi/grafo5993.38,15,38,44,53,59,4.0,4,74,0.19458675384521484,2
650,graficon17nodi/grafo2227.17,15,17,25,50,58,1.0,2,69,0.2137126922607422,2
651,graficon34nodi/grafo2082.34,15,34,38,54,58,0.0,0,43,0.025163650512695312,2
652,graficon27nodi/grafo1746.27,15,27,38,52,63,2.0,3,108,0.09136509895324707,2
653,graficon33nodi/grafo3214.33,15,33,44,52,63,6.0,16,142,8.942750453948975,2
654,graficon28nodi/grafo3060.28,15,28,36,51,59,3.0,4,58,0.1347041130065918,2
655,graficon24nodi/grafo1158.24,15,24,34,52,62,3.0,6,139,3.126934766769409,2
656,graficon33nodi/grafo11638.33,15,33,38,53,58,2.0,2,76,0.15810704231262207,2
657,graficon35nodi/grafo7548.35,15,35,42,54,61,1.0,1,109,0.219193696975708,2
658,graficon34nodi/grafo5827.34,15,34,40,51,57,2.0,2,94,0.15740656852722168,2
659,graficon34nodi/grafo5485.34,15,34,43,52,61,2.0,5,82,0.34780001640319824,2
660,graficon35nodi/grafo6897.35,15,35,47,52,64,5.0,11,135,9.717338562011719,2
661,graficon34nodi/grafo5498.34,15,34,41,54,61,4.0,4,110,0.42269110679626465,2
662,graficon34nodi/grafo5856.34,15,34,41,50,57,2.0,4,75,0.07668471336364746,2
663,graficon40nodi/grafo4073.40,15,40,42,51,53,2.0,2,151,0.537865161895752,2
664,graficon36nodi/grafo10619.36,15,36,41,51,56,1.0,1,92,0.04588937759399414,2
665,graficon42nodi/grafo7119.42,15,42,46,50,54,2.0,2,114,0.12489700317382812,2
666,graficon36nodi/grafo11525.36,15,36,45,53,62,4.0,7,76,0.7630383968353271,2
667,graficon35nodi/grafo11234.35,15,35,35,51,51,0.0,0,23,0.008667945861816406,2
668,graficon24nodi/grafo2787.24,15,24,35,51,62,4.0,8,88,0.5923645496368408,2
669,graficon40nodi/grafo3874.40,15,40,46,50,56,1.0,4,135,0.19850826263427734,2
670,graficon28nodi/grafo1569.28,15,28,36,53,61,1.0,1,89,0.0482783317565918,2
671,graficon35nodi/grafo2098.35,15,35,42,50,57,1.0,3,43,0.0568544864654541,2
672,graficon34nodi/grafo2031.34,15,34,42,53,61,4.0,4,115,0.21204090118408203,2
673,graficon30nodi/grafo11667.30,15,30,34,52,56,0.0,0,33,0.02205181121826172,2
674,graficon30nodi/grafo1345.30,15,30,44,50,64,7.0,18,277,3.3111627101898193,2
675,graficon29nodi/grafo2054.29,15,29,35,50,56,2.0,2,43,0.07692766189575195,2
676,graficon41nodi/grafo4004.41,15,41,48,57,64,3.0,6,80,0.36063051223754883,2
677,graficon37nodi/grafo2224.37,15,37,45,58,66,4.0,13,130,8.140700340270996,2
678,graficon34nodi/grafo6076.34,15,34,44,56,66,1.0,2,133,0.14246654510498047,2
679,graficon40nodi/grafo5714.40,15,40,52,59,71,5.0,20,196,12.854071140289307,2
680,graficon38nodi/grafo9968.38,15,38,44,55,61,1.0,1,63,0.04626774787902832,2
681,graficon28nodi/grafo1201.28,15,28,38,58,68,2.0,5,110,0.18408632278442383,2
682,graficon35nodi/grafo10708.35,15,35,46,55,66,7.0,22,203,54.67837071418762,2
683,graficon21nodi/grafo433.21,15,21,28,55,62,3.0,6,77,0.3552970886230469,2
684,graficon34nodi/grafo5143.34,15,34,40,57,63,1.0,1,47,0.01445460319519043,2
685,graficon36nodi/grafo11677.36,15,36,49,56,69,4.0,9,122,0.9842212200164795,2
686,graficon37nodi/grafo3125.37,15,37,42,58,63,1.0,2,47,0.07836031913757324,2
687,graficon37nodi/grafo7307.37,15,37,47,55,65,3.0,3,73,0.14031505584716797,2
688,graficon37nodi/grafo6450.37,15,37,46,57,66,3.0,4,66,0.15796947479248047,2
689,graficon39nodi/grafo3679.39,15,39,43,56,60,2.0,6,89,0.45265722274780273,2
690,graficon38nodi/grafo6656.38,15,38,46,57,65,3.0,3,123,0.19084930419921875,2
691,graficon34nodi/grafo11409.34,15,34,35,56,57,1.0,1,46,0.02611994743347168,2
692,graficon38nodi/grafo6939.38,15,38,51,57,70,5.0,14,103,0.7867867946624756,2
693,graficon33nodi/grafo2687.33,15,33,46,56,69,6.0,18,233,13.562177181243896,2
694,graficon38nodi/grafo3351.38,15,38,46,55,63,3.0,8,90,0.3209514617919922,2
695,graficon37nodi/grafo7087.37,15,37,44,59,66,1.0,2,88,0.22385263442993164,2
696,graficon36nodi/grafo11468.36,15,36,47,58,69,7.0,24,166,251.32604479789734,2
697,graficon31nodi/grafo1946.31,15,31,38,59,66,3.0,3,55,0.2691662311553955,2
698,graficon32nodi/grafo1908.32,15,32,39,55,62,2.0,3,100,0.32393503189086914,2
699,graficon40nodi/grafo3255.40,15,40,46,56,62,4.0,9,100,3.902644395828247,2
700,graficon37nodi/grafo5301.37,15,37,44,58,65,2.0,3,77,0.23723149299621582,2
701,graficon35nodi/grafo5613.35,15,35,46,57,68,4.0,13,159,0.7058453559875488,2
702,graficon35nodi/grafo2990.35,15,35,48,59,72,6.0,13,113,2.7049953937530518,2
703,graficon43nodi/grafo6878.43,15,43,48,56,61,3.0,6,73,0.7283761501312256,2
704,graficon27nodi/grafo1390.27,15,27,39,57,69,4.0,10,117,0.9746317863464355,2
705,graficon36nodi/grafo6227.36,15,36,46,59,69,4.0,9,149,1.1519691944122314,2
706,graficon39nodi/grafo3830.39,15,39,50,58,69,4.0,6,162,0.5999815464019775,2
707,graficon37nodi/grafo6796.37,15,37,49,57,69,5.0,8,162,0.9910223484039307,2
708,graficon33nodi/grafo5872.33,15,33,39,57,63,2.0,2,43,0.10350966453552246,2
709,graficon36nodi/grafo6071.36,15,36,43,59,66,2.0,3,65,0.142441987991333,2
710,graficon36nodi/grafo2465.36,15,36,44,58,66,3.0,6,135,0.4681096076965332,2
711,graficon38nodi/grafo7362.38,15,38,44,59,65,2.0,3,82,0.14964532852172852,2
712,graficon38nodi/grafo7290.38,15,38,47,58,67,5.0,9,151,1.024378776550293,2
713,graficon42nodi/grafo3239.42,15,42,48,56,62,4.0,4,146,0.39812541007995605,2
714,graficon44nodi/grafo3040.44,15,44,50,59,65,3.0,6,101,0.5006232261657715,2
715,graficon39nodi/grafo11577.39,15,39,49,55,65,6.0,10,121,0.42836546897888184,2
716,graficon40nodi/grafo4081.40,15,40,46,56,62,4.0,14,183,9.796663522720337,2
717,graficon42nodi/grafo6381.42,15,42,50,59,67,3.0,4,97,0.1403980255126953,2
718,graficon41nodi/grafo10067.41,15,41,47,58,64,2.0,3,73,0.0969841480255127,2
719,graficon37nodi/grafo11622.37,15,37,49,59,71,3.0,5,74,0.6843447685241699,2
720,graficon32nodi/grafo1992.32,15,32,36,57,61,2.0,2,66,0.17948508262634277,2
721,graficon38nodi/grafo6467.38,15,38,43,59,64,2.0,2,64,0.14913153648376465,2
722,graficon40nodi/grafo6922.40,15,40,47,59,66,3.0,5,107,0.6004886627197266,2
723,graficon34nodi/grafo5303.34,15,34,44,59,69,2.0,2,95,0.2690701484680176,2
724,graficon34nodi/grafo11396.34,15,34,35,55,56,0.0,0,32,0.01067042350769043,2
725,graficon39nodi/grafo5122.39,15,39,51,59,71,5.0,18,227,13.392782926559448,2
726,graficon42nodi/grafo6223.42,15,42,45,59,62,1.0,2,67,0.09907388687133789,2
727,graficon40nodi/grafo2627.40,15,40,49,56,65,4.0,8,121,1.0293850898742676,2
728,graficon41nodi/grafo6876.41,15,41,50,58,67,2.0,5,102,0.3789191246032715,2
729,graficon35nodi/grafo11548.35,15,35,46,55,66,7.0,22,203,54.68792510032654,2
730,graficon31nodi/grafo1637.31,15,31,41,56,66,4.0,12,119,1.7981958389282227,2
731,graficon38nodi/grafo3437.38,15,38,45,57,64,4.0,10,110,1.325354814529419,2
732,graficon35nodi/grafo10135.35,15,35,43,55,63,3.0,8,125,0.5158908367156982,2
733,graficon38nodi/grafo2960.38,15,38,48,56,66,5.0,14,134,2.9837753772735596,2
734,graficon35nodi/grafo3720.35,15,35,46,59,70,3.0,6,143,1.519310474395752,2
735,graficon36nodi/grafo6233.36,15,36,47,56,67,3.0,9,101,0.6579926013946533,2
736,graficon24nodi/grafo1966.24,15,24,34,58,68,1.0,2,89,0.1371142864227295,2
737,graficon38nodi/grafo3681.38,15,38,48,56,66,3.0,7,160,0.7112665176391602,2
738,graficon36nodi/grafo5970.36,15,36,46,57,67,5.0,12,164,2.6087229251861572,2
739,graficon26nodi/grafo1272.26,15,26,34,56,64,1.0,1,96,0.0834493637084961,2
740,graficon32nodi/grafo2968.32,15,32,41,55,64,4.0,9,107,0.5565850734710693,2
741,graficon34nodi/grafo5917.34,15,34,41,58,65,1.0,2,65,0.08530831336975098,2
742,graficon35nodi/grafo11344.35,15,35,40,55,60,1.0,3,84,0.11404132843017578,2
743,graficon47nodi/grafo1531.47,15,47,54,58,65,1.0,2,181,0.1537156105041504,2
744,graficon36nodi/grafo5264.36,15,36,41,59,64,0.0,0,74,0.023903608322143555,2
745,graficon36nodi/grafo7306.36,15,36,48,55,67,8.0,36,283,593.2046978473663,2
746,graficon34nodi/grafo3124.34,15,34,43,56,65,3.0,9,113,0.8820676803588867,2
747,graficon35nodi/grafo11633.35,15,35,46,56,67,4.0,8,133,4.334652423858643,2
748,graficon40nodi/grafo6115.40,15,40,46,57,63,2.0,6,85,0.19760537147521973,2
749,graficon37nodi/grafo3554.37,15,37,41,57,61,0.0,0,64,0.03192257881164551,2
750,graficon36nodi/grafo10229.36,15,36,46,58,68,2.0,5,90,0.33681225776672363,2
751,graficon33nodi/grafo598.33,15,33,49,63,79,6.0,25,226,31.121591329574585,2
752,graficon44nodi/grafo7435.44,15,44,53,63,72,3.0,4,98,0.20215702056884766,2
753,graficon40nodi/grafo6485.40,15,40,51,62,73,5.0,17,118,9.942145824432373,2
754,graficon35nodi/grafo6035.35,15,35,50,61,76,4.0,10,175,2.672605276107788,2
755,graficon38nodi/grafo7531.38,15,38,44,61,67,2.0,3,99,0.09553146362304688,2
756,graficon37nodi/grafo11473.37,15,37,42,61,66,1.0,1,54,0.04184865951538086,2
757,graficon33nodi/grafo5821.33,15,33,43,62,72,1.0,4,105,0.13537287712097168,2
758,graficon39nodi/grafo5308.39,15,39,49,64,74,2.0,7,99,0.3813464641571045,2
759,graficon33nodi/grafo10454.33,15,33,41,61,69,2.0,3,77,0.18418431282043457,2
760,graficon42nodi/grafo7704.42,15,42,51,63,72,5.0,12,145,25.483891487121582,2
761,graficon33nodi/grafo2654.33,15,33,49,64,80,5.0,14,160,2.1844990253448486,2
762,graficon36nodi/grafo11077.36,15,36,40,63,67,1.0,1,67,0.04116034507751465,2
763,graficon37nodi/grafo5888.37,15,37,50,60,73,6.0,10,103,0.6061093807220459,2
764,graficon33nodi/grafo10732.33,15,33,37,60,64,1.0,1,62,0.0583500862121582,2
765,graficon25nodi/grafo2301.25,15,25,37,61,73,1.0,1,103,0.08924078941345215,2
766,graficon43nodi/grafo7428.43,15,43,52,60,69,3.0,7,137,0.6335902214050293,2
767,graficon32nodi/grafo2991.32,15,32,43,61,72,3.0,7,166,0.6592233180999756,2
768,graficon41nodi/grafo3498.41,15,41,53,63,75,4.0,14,173,1.8835201263427734,2
769,graficon36nodi/grafo11414.36,15,36,47,62,73,5.0,10,101,0.6884481906890869,2
770,graficon35nodi/grafo10841.35,15,35,45,62,72,3.0,10,137,1.144768238067627,2
771,graficon38nodi/grafo2959.38,15,38,48,61,71,4.0,7,98,0.8682565689086914,2
772,graficon30nodi/grafo359.30,15,30,37,60,67,3.0,4,55,0.17007851600646973,2
773,graficon37nodi/grafo1555.37,15,37,48,61,72,4.0,18,141,1.7499167919158936,2
774,graficon37nodi/grafo2398.37,15,37,47,64,74,4.0,10,150,2.861687183380127,2
775,graficon40nodi/grafo2729.40,15,40,46,64,70,3.0,4,100,0.44834065437316895,2
776,graficon42nodi/grafo3325.42,15,42,52,64,74,2.0,5,142,0.6247625350952148,2
777,graficon36nodi/grafo10462.36,15,36,40,61,65,0.0,0,41,0.020715951919555664,2
778,graficon39nodi/grafo7630.39,15,39,46,62,69,3.0,8,109,1.2357983589172363,2
779,graficon30nodi/grafo2012.30,15,30,46,64,80,5.0,18,223,4.798828601837158,2
780,graficon48nodi/grafo1669.48,15,48,59,62,73,5.0,16,217,2.34588623046875,2
781,graficon40nodi/grafo3116.40,15,40,47,64,71,2.0,5,157,0.6333155632019043,2
782,graficon41nodi/grafo4047.41,15,41,48,63,70,1.0,1,104,0.11549115180969238,2
783,graficon44nodi/grafo3971.44,15,44,48,64,68,1.0,2,88,0.38016176223754883,2
784,graficon36nodi/grafo6093.36,15,36,43,63,70,4.0,8,60,1.4737746715545654,2
785,graficon39nodi/grafo6244.39,15,39,52,64,77,5.0,14,237,12.560063362121582,2
786,graficon34nodi/grafo5991.34,15,34,41,60,67,2.0,2,94,0.41828012466430664,2
787,graficon38nodi/grafo5998.38,15,38,44,60,66,1.0,1,88,0.08308053016662598,2
788,graficon32nodi/grafo5807.32,15,32,41,64,73,1.0,2,66,0.14926719665527344,2
789,graficon29nodi/grafo2811.29,15,29,40,62,73,3.0,9,92,0.8264369964599609,2
790,graficon33nodi/grafo11643.33,15,33,37,60,64,1.0,1,62,0.05840897560119629,2
791,graficon45nodi/grafo7711.45,15,45,53,64,72,2.0,3,103,0.3203589916229248,2
792,graficon35nodi/grafo3483.35,15,35,41,61,67,3.0,4,77,0.298795223236084,2
793,graficon37nodi/grafo7410.37,15,37,51,61,75,5.0,16,125,3.9646880626678467,2
794,graficon39nodi/grafo3792.39,15,39,49,61,71,3.0,7,152,0.9861805438995361,2
795,graficon46nodi/grafo7281.46,15,46,54,61,69,3.0,10,157,0.9028246402740479,2
796,graficon41nodi/grafo7033.41,15,41,48,60,67,3.0,9,123,0.9369714260101318,2
797,graficon37nodi/grafo6905.37,15,37,48,63,74,6.0,12,110,3.2902395725250244,2
798,graficon33nodi/grafo1668.33,15,33,41,63,71,3.0,6,75,0.5691883563995361,2
799,graficon43nodi/grafo4042.43,15,43,47,60,64,0.0,0,99,0.06746602058410645,2
800,graficon37nodi/grafo3728.37,15,37,47,63,73,2.0,7,105,0.48915863037109375,2
801,graficon37nodi/grafo6219.37,15,37,45,62,70,3.0,4,112,0.2218458652496338,2
802,graficon37nodi/grafo2761.37,15,37,45,60,68,3.0,5,137,0.2118370532989502,2
803,graficon35nodi/grafo6010.35,15,35,44,60,69,4.0,8,113,0.9589579105377197,2
804,graficon41nodi/grafo5637.41,15,41,49,61,69,3.0,6,150,0.4395465850830078,2
805,graficon36nodi/grafo5783.36,15,36,46,62,72,3.0,6,105,1.0806114673614502,2
806,graficon42nodi/grafo5250.42,15,42,51,64,73,3.0,7,117,0.7488789558410645,2
807,graficon38nodi/grafo11452.38,15,38,50,62,74,7.0,20,158,75.96802973747253,2
808,graficon41nodi/grafo11172.41,15,41,51,62,72,3.0,9,130,0.6381485462188721,2
809,graficon37nodi/grafo7650.37,15,37,52,63,78,4.0,10,218,0.7480697631835938,2
810,graficon33nodi/grafo11527.33,15,33,40,62,69,2.0,3,97,0.1384296417236328,2
811,graficon40nodi/grafo6142.40,15,40,49,64,73,5.0,8,120,6.106202840805054,2
812,graficon36nodi/grafo5809.36,15,36,45,63,72,3.0,9,117,0.7734813690185547,2
813,graficon40nodi/grafo5426.40,15,40,50,62,72,4.0,16,271,25.58401846885681,2
814,graficon34nodi/grafo3076.34,15,34,39,61,66,1.0,2,59,0.17945408821105957,2
815,graficon39nodi/grafo7374.39,15,39,51,62,74,6.0,20,179,26.755413055419922,2
816,graficon40nodi/grafo7706.40,15,40,51,60,71,4.0,15,134,1.803466558456421,2
817,graficon44nodi/grafo3602.44,15,44,53,62,71,5.0,13,220,1.9699652194976807,2
818,graficon43nodi/grafo7484.43,15,43,49,63,69,4.0,4,120,0.6624155044555664,2
819,graficon37nodi/grafo11410.37,15,37,45,64,72,3.0,4,87,0.12234091758728027,2
820,graficon35nodi/grafo6104.35,15,35,40,63,68,1.0,1,111,0.07648992538452148,2
821,graficon36nodi/grafo5360.36,15,36,44,62,70,3.0,7,73,3.963524580001831,2
822,graficon38nodi/grafo5222.38,15,38,43,62,67,2.0,3,90,0.2884521484375,2
823,graficon36nodi/grafo11309.36,15,36,46,61,71,5.0,14,157,10.876951932907104,2
824,graficon36nodi/grafo5457.36,15,36,43,61,68,2.0,4,58,0.17512798309326172,2
825,graficon37nodi/grafo7092.37,15,37,47,61,71,5.0,21,229,34.98408889770508,2
826,graficon38nodi/grafo1999.38,15,38,45,68,75,2.0,2,73,0.12744355201721191,2
827,graficon38nodi/grafo7684.38,15,38,54,68,84,5.0,18,249,2.379385232925415,2
828,graficon43nodi/grafo3669.43,15,43,52,67,76,4.0,7,237,1.215252161026001,2
829,graficon40nodi/grafo11665.40,15,40,48,68,76,4.0,9,105,6.236786842346191,2
830,graficon39nodi/grafo10234.39,15,39,51,69,81,5.0,14,130,2.0245025157928467,2
831,graficon40nodi/grafo6382.40,15,40,52,65,77,5.0,14,171,12.59525179862976,2
832,graficon44nodi/grafo7013.44,15,44,53,69,78,1.0,1,108,0.06341743469238281,2
833,graficon37nodi/grafo3341.37,15,37,50,66,79,6.0,14,204,14.069775104522705,2
834,graficon40nodi/grafo5504.40,15,40,53,66,79,5.0,12,182,13.079604387283325,2
835,graficon44nodi/grafo1219.44,15,44,48,66,70,0.0,0,65,0.034038543701171875,2
836,graficon29nodi/grafo3034.29,15,29,40,65,76,3.0,4,178,0.3500363826751709,2
837,graficon44nodi/grafo3831.44,15,44,52,67,75,3.0,9,154,7.768804311752319,2
838,graficon35nodi/grafo3068.35,15,35,50,67,82,7.0,18,200,19.978766918182373,2
839,graficon40nodi/grafo9898.40,15,40,50,68,78,5.0,10,88,3.4309639930725098,2
840,graficon37nodi/grafo6847.37,15,37,47,67,77,2.0,2,140,0.28722596168518066,2
841,graficon40nodi/grafo5327.40,15,40,47,68,75,3.0,4,116,0.3163750171661377,2
842,graficon44nodi/grafo6266.44,15,44,60,68,84,8.0,26,205,69.40917348861694,2
843,graficon39nodi/grafo6848.39,15,39,52,67,80,4.0,9,186,0.6933088302612305,2
844,graficon30nodi/grafo2030.30,15,30,44,66,80,5.0,16,177,20.21611213684082,2
845,graficon40nodi/grafo6167.40,15,40,57,66,83,8.0,25,266,13.9982750415802,2
846,graficon39nodi/grafo2148.39,15,39,45,67,73,1.0,3,104,0.14534783363342285,2
847,graficon36nodi/grafo3734.36,15,36,46,67,77,4.0,6,194,6.449540615081787,2
848,graficon39nodi/grafo5789.39,15,39,58,69,88,7.0,25,172,48.37917137145996,2
849,graficon29nodi/grafo1284.29,15,29,40,65,76,4.0,6,141,2.880265951156616,2
850,graficon45nodi/grafo7024.45,15,45,50,65,70,3.0,6,84,0.6249663829803467,2
851,graficon33nodi/grafo5203.33,15,33,41,68,76,3.0,5,72,0.4399869441986084,2
852,graficon34nodi/grafo6218.34,15,34,40,65,71,2.0,3,62,0.13994383811950684,2
853,graficon43nodi/grafo7073.43,15,43,51,69,77,3.0,7,123,0.49822187423706055,2
854,graficon42nodi/grafo5867.42,15,42,52,69,79,6.0,13,232,9.227234601974487,2
855,graficon36nodi/grafo7509.36,15,36,45,69,78,3.0,7,91,7.900597810745239,2
856,graficon37nodi/grafo7743.37,15,37,55,68,86,7.0,25,255,32.157461166381836,2
857,graficon44nodi/grafo6915.44,15,44,58,68,82,5.0,19,164,10.954352617263794,2
858,graficon40nodi/grafo7570.40,15,40,52,68,80,6.0,15,174,2.6579103469848633,2
859,graficon33nodi/grafo5787.33,15,33,40,66,73,1.0,2,46,0.10641193389892578,2
860,graficon34nodi/grafo11517.34,15,34,44,69,79,2.0,6,130,0.8785498142242432,2
861,graficon49nodi/grafo1560.49,15,49,59,68,78,4.0,9,124,1.071455955505371,2
862,graficon47nodi/grafo3121.47,15,47,54,65,72,3.0,3,189,0.509352445602417,2
863,graficon38nodi/grafo2052.38,15,38,50,67,79,7.0,16,96,10.055538654327393,2
864,graficon41nodi/grafo3794.41,15,41,52,65,76,6.0,20,126,20.262802600860596,2
865,graficon38nodi/grafo3964.38,15,38,48,69,79,4.0,6,161,3.995307683944702,2
866,graficon39nodi/grafo7264.39,15,39,51,67,79,7.0,24,168,23.254154920578003,2
867,graficon38nodi/grafo3752.38,15,38,46,65,73,3.0,4,116,0.4189755916595459,2
868,graficon37nodi/grafo3576.37,15,37,49,69,81,5.0,15,165,20.854979753494263,2
869,graficon38nodi/grafo5949.38,15,38,50,66,78,2.0,4,198,0.4772343635559082,2
870,graficon29nodi/grafo2639.29,15,29,43,67,81,3.0,7,230,0.7715044021606445,2
871,graficon38nodi/grafo11575.38,15,38,46,66,74,5.0,13,95,11.114568948745728,2
872,graficon38nodi/grafo3321.38,15,38,53,66,81,7.0,19,200,6.086707830429077,2
873,graficon31nodi/grafo1429.31,15,31,45,65,79,5.0,15,177,13.082720756530762,2
874,graficon38nodi/grafo4013.38,15,38,49,67,78,3.0,10,132,1.3300268650054932,2
875,graficon28nodi/grafo1339.28,15,28,41,67,80,5.0,17,175,9.793387174606323,2
876,graficon35nodi/grafo2020.35,15,35,43,68,76,1.0,1,90,0.047844886779785156,2
877,graficon40nodi/grafo7409.40,15,40,48,65,73,3.0,5,95,0.3262934684753418,2
878,graficon42nodi/grafo6141.42,15,42,53,68,79,6.0,14,126,10.905564308166504,2
879,graficon38nodi/grafo3932.38,15,38,48,69,79,2.0,5,163,0.692929744720459,2
880,graficon38nodi/grafo2986.38,15,38,50,67,79,6.0,19,144,60.01896119117737,2
881,graficon42nodi/grafo5771.42,15,42,51,68,77,3.0,6,121,0.6566362380981445,2
882,graficon45nodi/grafo7734.45,15,45,55,68,78,6.0,14,142,14.458616733551025,2
883,graficon42nodi/grafo3094.42,15,42,49,69,76,2.0,2,107,0.3696575164794922,2
884,graficon38nodi/grafo819.38,15,38,49,68,79,5.0,15,152,2.071262836456299,2
885,graficon39nodi/grafo6923.39,15,39,48,67,76,5.0,11,156,33.57212233543396,2
886,graficon33nodi/grafo10400.33,15,33,38,68,73,1.0,1,70,0.0757300853729248,2
887,graficon36nodi/grafo11346.36,15,36,49,69,82,6.0,13,125,9.182865142822266,2
888,graficon39nodi/grafo11565.39,15,39,45,65,71,2.0,4,75,0.2235407829284668,2
889,graficon50nodi/grafo1494.50,15,50,57,68,75,5.0,10,134,2.8494863510131836,2
890,graficon38nodi/grafo10455.38,15,38,42,67,71,1.0,1,52,0.033770084381103516,2
891,graficon38nodi/grafo9852.38,15,38,48,66,76,4.0,8,119,0.6003851890563965,2
892,graficon45nodi/grafo5975.45,15,45,52,66,73,2.0,6,116,1.1928963661193848,2
893,graficon39nodi/grafo4061.39,15,39,47,69,77,2.0,6,112,0.29724717140197754,2
894,graficon40nodi/grafo6955.40,15,40,52,69,81,3.0,9,185,1.6846840381622314,2
895,graficon41nodi/grafo7624.41,15,41,54,69,82,5.0,11,252,4.710064172744751,2
896,graficon35nodi/grafo6116.35,15,35,43,69,77,3.0,6,94,0.41123032569885254,2
897,graficon51nodi/grafo1404.51,15,51,70,69,88,11.0,42,365,600.7029330730438,9
898,graficon36nodi/grafo7553.36,15,36,52,69,85,6.0,18,171,14.34885549545288,2
899,graficon40nodi/grafo3711.40,15,40,53,68,81,2.0,3,189,0.36768555641174316,2
900,graficon37nodi/grafo2099.37,15,37,44,69,76,0.0,0,65,0.030492305755615234,2
901,graficon40nodi/grafo3916.40,15,40,51,71,82,4.0,7,138,2.34660005569458,2
902,graficon39nodi/grafo227.39,15,39,47,72,80,3.0,4,112,0.37404417991638184,2
903,graficon44nodi/grafo7217.44,15,44,53,70,79,3.0,8,155,0.5511572360992432,2
904,graficon35nodi/grafo10277.35,15,35,45,71,81,4.0,9,164,1.1597325801849365,2
905,graficon37nodi/grafo2678.37,15,37,45,74,82,2.0,2,116,0.2544691562652588,2
906,graficon44nodi/grafo3432.44,15,44,55,72,83,6.0,10,105,0.790452241897583,2
907,graficon43nodi/grafo7404.43,15,43,55,73,85,5.0,10,172,1.9290883541107178,2
908,graficon47nodi/grafo6168.47,15,47,50,70,73,1.0,1,148,0.07833290100097656,2
909,graficon44nodi/grafo5590.44,15,44,49,72,77,1.0,1,65,0.04939699172973633,2
910,graficon37nodi/grafo3954.37,15,37,50,70,83,5.0,14,175,2.5072503089904785,2
911,graficon40nodi/grafo490.40,15,40,45,71,76,1.0,1,59,0.0388493537902832,2
912,graficon38nodi/grafo3708.38,15,38,53,74,89,5.0,9,173,2.3685669898986816,2
913,graficon34nodi/grafo10511.34,15,34,41,71,78,2.0,3,92,0.18598484992980957,2
914,graficon39nodi/grafo11357.39,15,39,48,71,80,4.0,9,116,6.930386066436768,2
915,graficon49nodi/grafo6373.49,15,49,56,73,80,5.0,12,134,2.7532265186309814,2
916,graficon41nodi/grafo7372.41,15,41,55,71,85,6.999999854454106,15,317,15.967812299728394,2
917,graficon47nodi/grafo3806.47,15,47,52,71,76,3.0,3,124,0.37323927879333496,2
918,graficon40nodi/grafo7285.40,15,40,56,70,86,7.0,21,237,92.01421880722046,2
919,graficon36nodi/grafo5124.36,15,36,43,70,77,3.0,4,108,0.21851634979248047,2
920,graficon38nodi/grafo3457.38,15,38,43,70,75,1.0,1,64,0.05591130256652832,2
921,graficon40nodi/grafo3539.40,15,40,57,72,89,7.0,23,206,16.723795413970947,2
922,graficon39nodi/grafo3391.39,15,39,61,71,93,9.0,43,312,153.15174531936646,2
923,graficon38nodi/grafo6480.38,15,38,50,70,82,6.0,12,123,7.782166242599487,2
924,graficon42nodi/grafo3820.42,15,42,52,70,80,3.0,6,144,0.7466692924499512,2
925,graficon40nodi/grafo11283.40,15,40,52,74,86,6.0,12,132,13.963958978652954,2
926,graficon48nodi/grafo1535.48,15,48,53,72,77,1.0,1,93,0.05267667770385742,2
927,graficon44nodi/grafo11640.44,15,44,59,73,88,5.0,18,209,13.61562466621399,2
928,graficon30nodi/grafo1810.30,15,30,40,73,83,2.0,4,122,0.5108957290649414,2
929,graficon38nodi/grafo10767.38,15,38,50,72,84,6.0,7,229,2.583866834640503,2
930,graficon39nodi/grafo10062.39,15,39,44,74,79,3.0,5,76,0.8841924667358398,2
931,graficon42nodi/grafo6171.42,15,42,59,73,90,7.0,21,203,17.228355884552002,2
932,graficon41nodi/grafo7074.41,15,41,50,72,81,1.0,1,129,0.07448887825012207,2
933,graficon42nodi/grafo6304.42,15,42,55,73,86,5.0,15,250,1.8393449783325195,2
934,graficon43nodi/grafo3801.43,15,43,52,70,79,3.0,5,99,0.35997676849365234,2
935,graficon40nodi/grafo3538.40,15,40,46,72,78,3.0,3,74,0.47804737091064453,2
936,graficon38nodi/grafo10567.38,15,38,47,74,83,3.0,10,189,1.7393312454223633,2
937,graficon37nodi/grafo3445.37,15,37,46,73,82,4.0,7,75,0.5311605930328369,2
938,graficon37nodi/grafo11122.37,15,37,44,74,81,3.0,7,102,1.8325841426849365,2
939,graficon35nodi/grafo3499.35,15,35,47,70,82,4.0,10,115,0.6485176086425781,2
940,graficon42nodi/grafo7296.42,15,42,56,73,87,5.0,12,153,10.058967113494873,2
941,graficon38nodi/grafo10027.38,15,38,50,74,86,5.0,10,136,3.4417247772216797,2
942,graficon40nodi/grafo6207.40,15,40,52,72,84,5.0,13,153,10.154297351837158,2
943,graficon35nodi/grafo3006.35,15,35,44,70,79,2.0,3,105,0.3087310791015625,2
944,graficon56nodi/grafo5979.56,15,56,69,72,85,7.0,25,427,55.75496745109558,2
945,graficon39nodi/grafo7283.39,15,39,50,74,85,4.0,11,205,2.5984947681427,2
946,graficon40nodi/grafo3229.40,15,40,48,74,82,3.0,3,83,0.42945313453674316,2
947,graficon37nodi/grafo2528.37,15,37,50,70,83,3.0,6,142,0.9040491580963135,2
948,graficon40nodi/grafo2963.40,15,40,49,70,79,4.0,8,143,1.2631447315216064,2
949,graficon37nodi/grafo11238.37,15,37,47,70,80,3.0,5,152,0.34783458709716797,2
950,graficon34nodi/grafo5693.34,15,34,46,73,85,3.0,6,107,0.7612929344177246,2
951,graficon45nodi/grafo5623.45,15,45,55,74,84,2.0,2,197,0.9847702980041504,2
952,graficon38nodi/grafo1157.38,15,38,48,73,83,2.0,5,82,0.37355518341064453,2
953,graficon36nodi/grafo9862.36,15,36,51,74,89,5.0,10,153,1.6446523666381836,2
954,graficon39nodi/grafo10505.39,15,39,52,70,83,6.0,14,172,3.06345272064209,2
955,graficon34nodi/grafo9934.34,15,34,40,73,79,0.0,0,40,0.03398633003234863,2
956,graficon42nodi/grafo7692.42,15,42,54,74,86,4.0,9,133,1.38588285446167,2
957,graficon41nodi/grafo7635.41,15,41,53,71,83,8.0,25,184,492.35892724990845,2
958,graficon39nodi/grafo3849.39,15,39,50,71,82,5.0,9,253,2.5591399669647217,2
959,graficon40nodi/grafo3287.40,15,40,52,71,83,4.0,12,121,1.8605222702026367,2
960,graficon56nodi/grafo7164.56,15,56,68,70,82,5.0,9,157,12.284892797470093,2
961,graficon43nodi/grafo7403.43,15,43,57,70,84,6.0,26,215,94.67450976371765,2
962,graficon39nodi/grafo6476.39,15,39,50,73,84,5.0,14,95,1.5020532608032227,2
963,graficon41nodi/grafo5344.41,15,41,52,73,84,4.0,9,112,2.259352445602417,2
964,graficon35nodi/grafo7560.35,15,35,45,72,82,3.0,6,83,0.6300609111785889,2
965,graficon39nodi/grafo11552.39,15,39,47,71,79,2.0,4,127,0.3382151126861572,2
966,graficon42nodi/grafo3865.42,15,42,56,73,87,6.0,18,179,20.806293725967407,2
967,graficon46nodi/grafo1581.46,15,46,52,71,77,2.0,2,113,0.5936582088470459,2
968,graficon38nodi/grafo7187.38,15,38,52,74,88,4.0,19,240,6.590247392654419,2
969,graficon57nodi/grafo5041.57,15,57,63,74,80,2.0,4,192,7.367015838623047,2
970,graficon37nodi/grafo7512.37,15,37,45,71,79,1.0,2,120,0.2225806713104248,2
971,graficon39nodi/grafo7479.39,15,39,53,70,84,5.0,15,170,2.679258346557617,2
972,graficon46nodi/grafo5905.46,15,46,56,74,84,5.0,8,152,0.9930880069732666,2
973,graficon40nodi/grafo3387.40,15,40,53,74,87,6.0,15,171,35.66225719451904,2
974,graficon38nodi/grafo3915.38,15,38,44,71,77,1.0,2,101,0.32083702087402344,2
975,graficon37nodi/grafo11479.37,15,37,44,73,80,3.0,7,98,1.4338061809539795,2
976,graficon36nodi/grafo2504.36,15,36,49,76,89,5.0,10,133,1.7991461753845215,2
977,graficon30nodi/grafo3011.30,15,30,41,76,87,3.0,4,157,0.6010141372680664,2
978,graficon39nodi/grafo2310.39,15,39,59,77,97,8.0,24,271,5.430789947509766,2
979,graficon40nodi/grafo365.40,15,40,47,76,83,3.0,4,84,0.3070979118347168,2
980,graficon41nodi/grafo5534.41,15,41,49,77,85,3.0,5,109,1.0873780250549316,2
981,graficon36nodi/grafo5632.36,15,36,43,76,83,3.0,6,80,0.8854334354400635,2
982,graficon42nodi/grafo3895.42,15,42,55,79,92,10.0,26,220,157.96739292144775,2
983,graficon40nodi/grafo7534.40,15,40,54,76,90,6.0,17,231,25.242352962493896,2
984,graficon38nodi/grafo11163.38,15,38,50,77,89,4.0,14,175,1.2874672412872314,2
985,graficon36nodi/grafo5700.36,15,36,49,78,91,5.0,13,178,11.907588958740234,2
986,graficon41nodi/grafo7150.41,15,41,52,75,86,5.0,9,78,7.178819894790649,2
987,graficon38nodi/grafo9909.38,15,38,48,77,87,4.0,9,141,1.103402853012085,2
988,graficon41nodi/grafo6152.41,15,41,56,75,90,6.0,13,205,3.5174643993377686,2
989,graficon44nodi/grafo3924.44,15,44,53,75,84,4.0,8,165,2.045673131942749,2
990,graficon38nodi/grafo5880.38,15,38,52,76,90,5.0,14,166,3.829113483428955,2
991,graficon31nodi/grafo1257.31,15,31,50,76,95,8.0,25,229,26.759801387786865,2
992,graficon40nodi/grafo9929.40,15,40,56,77,93,6.0,21,143,17.47672986984253,2
993,graficon43nodi/grafo7444.43,15,43,55,77,89,6.0,18,137,37.42164063453674,2
994,graficon33nodi/grafo1975.33,15,33,46,77,90,5.0,10,125,2.9051592350006104,2
995,graficon44nodi/grafo5982.44,15,44,57,79,92,4.0,13,248,18.24064874649048,2
996,graficon49nodi/grafo1353.49,15,49,54,76,81,2.0,3,102,0.2033698558807373,2
997,graficon36nodi/grafo3379.36,15,36,44,75,83,1.0,1,89,0.0527951717376709,2
998,graficon37nodi/grafo5904.37,15,37,50,77,90,4.0,10,130,9.671485900878906,2
999,graficon37nodi/grafo3837.37,15,37,52,75,90,5.0,14,247,4.76073694229126,2
1000,graficon42nodi/grafo6032.42,15,42,51,76,85,3.0,6,123,4.0866663455963135,2
1001,graficon40nodi/grafo7544.40,15,40,53,75,88,2.0,4,227,0.453477144241333,2
1002,graficon38nodi/grafo7305.38,15,38,53,76,91,6.0,19,164,44.096020221710205,2
1003,graficon48nodi/grafo7046.48,15,48,54,76,82,2.0,2,178,0.42014575004577637,2
1004,graficon47nodi/grafo3232.47,15,47,55,77,85,2.0,4,106,0.4418802261352539,2
1005,graficon40nodi/grafo3885.40,15,40,51,75,86,2.0,7,139,0.7572119235992432,2
1006,graficon43nodi/grafo6858.43,15,43,61,77,95,7.0,22,221,38.3618597984314,2
1007,graficon43nodi/grafo5298.43,15,43,56,76,89,5.0,13,125,1.6715538501739502,2
1008,graficon37nodi/grafo11609.37,15,37,44,77,84,3.0,7,71,1.2950890064239502,2
1009,graficon43nodi/grafo7047.43,15,43,55,76,88,4.0,10,165,14.68704605102539,2
1010,graficon46nodi/grafo1484.46,15,46,57,78,89,5.0,12,289,4.767888784408569,2
1011,graficon37nodi/grafo5641.37,15,37,44,79,86,1.0,1,121,0.07722616195678711,2
1012,graficon47nodi/grafo7547.47,15,47,59,77,89,5.0,11,141,27.619093656539917,2
1013,graficon40nodi/grafo10494.40,15,40,50,78,88,4.0,6,113,1.030052900314331,2
1014,graficon37nodi/grafo2713.37,15,37,48,76,87,5.0,16,171,4.304240942001343,2
1015,graficon39nodi/grafo6248.39,15,39,50,79,90,3.0,6,190,1.6284873485565186,2
1016,graficon38nodi/grafo5903.38,15,38,48,77,87,5.0,9,132,2.2044272422790527,2
1017,graficon43nodi/grafo6296.43,15,43,59,79,95,9.0,30,343,355.54338455200195,2
1018,graficon41nodi/grafo6951.41,15,41,54,76,89,5.0,13,194,10.142593622207642,2
1019,graficon39nodi/grafo10733.39,15,39,53,79,93,4.0,8,143,6.935988187789917,2
1020,graficon41nodi/grafo7056.41,15,41,51,76,86,2.0,3,130,0.5551822185516357,2
1021,graficon46nodi/grafo3380.46,15,46,56,75,85,4.0,8,108,0.8716137409210205,2
1022,graficon41nodi/grafo3534.41,15,41,49,77,85,3.0,6,133,1.3536629676818848,2
1023,graficon39nodi/grafo3617.39,15,39,48,77,86,2.0,2,98,0.3073720932006836,2
1024,graficon38nodi/grafo11024.38,15,38,45,75,82,2.0,4,68,0.358778715133667,2
1025,graficon49nodi/grafo1408.49,15,49,59,77,87,0.0,0,184,0.11023521423339844,2
1026,graficon46nodi/grafo7234.46,15,46,63,78,95,8.0,31,265,599.4892709255219,2
1027,graficon45nodi/grafo3840.45,15,45,59,79,93,6.0,21,277,29.12222385406494,2
1028,graficon43nodi/grafo5371.43,15,43,57,79,93,4.0,12,111,1.090017557144165,2
1029,graficon38nodi/grafo3671.38,15,38,47,75,84,2.0,6,79,0.5876660346984863,2
1030,graficon38nodi/grafo9893.38,15,38,49,76,87,4.0,6,89,4.559701681137085,2
1031,graficon35nodi/grafo4037.35,15,35,40,78,83,3.0,3,85,0.43386220932006836,2
1032,graficon36nodi/grafo5155.36,15,36,47,79,90,4.0,7,143,1.3261744976043701,2
1033,graficon42nodi/grafo7486.42,15,42,57,79,94,6.0,18,181,29.175588369369507,2
1034,graficon49nodi/grafo3418.49,15,49,63,79,93,6.0,14,149,33.785573959350586,2
1035,graficon38nodi/grafo9981.38,15,38,45,78,85,1.0,1,49,0.17812180519104004,2
1036,graficon27nodi/grafo2050.27,15,27,36,76,85,1.0,1,53,0.05987548828125,2
1037,graficon29nodi/grafo2072.29,15,29,43,78,92,4.0,7,128,0.8140501976013184,2
1038,graficon45nodi/grafo1836.45,15,45,58,77,90,4.0,16,210,1.5750205516815186,2
1039,graficon34nodi/grafo3921.34,15,34,46,77,89,4.0,8,159,1.3570466041564941,2
1040,graficon55nodi/grafo6415.55,15,55,59,76,80,1.0,2,88,3.460193157196045,2
1041,graficon41nodi/grafo6191.41,15,41,52,78,89,4.0,12,219,1.7088420391082764,2
1042,graficon46nodi/grafo1406.46,15,46,56,79,89,3.0,4,146,0.7553560733795166,2
1043,graficon45nodi/grafo5925.45,15,45,56,79,90,6.0,14,171,23.63711404800415,2
1044,graficon35nodi/grafo3996.35,15,35,47,78,90,6.0,15,156,1.9799234867095947,2
1045,graficon46nodi/grafo6678.46,15,46,55,77,86,2.0,2,135,0.7216541767120361,2
1046,graficon43nodi/grafo3573.43,15,43,58,79,94,6.0,18,142,19.041494846343994,2
1047,graficon40nodi/grafo6972.40,15,40,51,77,88,4.0,6,142,0.8306031227111816,2
1048,graficon51nodi/grafo3958.51,15,51,62,77,88,6.0,16,237,45.60972237586975,2
1049,graficon39nodi/grafo10192.39,15,39,48,78,87,4.0,7,121,1.3930623531341553,2
1050,graficon45nodi/grafo6007.45,15,45,58,79,92,6.0,15,187,18.821423053741455,2
1051,graficon37nodi/grafo11553.37,15,37,49,83,95,3.0,4,69,0.23848390579223633,2
1052,graficon44nodi/grafo7454.44,15,44,56,84,96,5.0,13,158,15.318135261535645,2
1053,graficon40nodi/grafo5453.40,15,40,57,83,100,8.0,22,213,82.72319340705872,2
1054,graficon43nodi/grafo6144.43,15,43,56,80,93,5.0,10,235,2.538038492202759,2
1055,graficon38nodi/grafo5499.38,15,38,48,81,91,2.0,3,95,0.43315601348876953,2
1056,graficon41nodi/grafo6973.41,15,41,58,84,101,7.0,19,215,50.26327657699585,2
1057,graficon39nodi/grafo10037.39,15,39,50,80,91,4.0,10,147,1.8997137546539307,2
1058,graficon36nodi/grafo11554.36,15,36,50,82,96,7.0,25,215,296.89964604377747,2
1059,graficon60nodi/grafo5751.60,15,60,75,84,99,6.0,25,417,49.68336296081543,2
1060,graficon42nodi/grafo5241.42,15,42,55,83,96,4.0,12,144,7.009069442749023,2
1061,graficon46nodi/grafo6628.46,15,46,63,83,100,7.0,30,455,191.8641483783722,2
1062,graficon39nodi/grafo9924.39,15,39,52,84,97,3.0,14,130,12.700339794158936,2
1063,graficon46nodi/grafo3661.46,15,46,56,83,93,3.0,7,129,0.6528346538543701,2
1064,graficon38nodi/grafo7549.38,15,38,50,82,94,5.0,12,142,66.38010287284851,2
1065,graficon39nodi/grafo11532.39,15,39,51,81,93,2.0,4,82,0.7447314262390137,2
1066,graficon47nodi/grafo1536.47,15,47,52,80,85,0.0,0,120,0.04064774513244629,2
1067,graficon38nodi/grafo4110.38,15,38,52,84,98,6.0,15,236,36.42041015625,2
1068,graficon41nodi/grafo6857.41,15,41,54,83,96,5.0,7,100,0.4758427143096924,2
1069,graficon34nodi/grafo6118.34,15,34,42,82,90,1.0,1,89,0.08668088912963867,2
1070,graficon39nodi/grafo10014.39,15,39,52,83,96,5.0,12,112,2.290957450866699,2
1071,graficon43nodi/grafo7598.43,15,43,57,82,96,5.0,14,164,3.9864213466644287,2
1072,graficon39nodi/grafo3329.39,15,39,50,80,91,4.0,9,109,1.9813055992126465,2
1073,graficon43nodi/grafo1506.43,15,43,50,82,89,3.0,4,169,2.270845890045166,2
1074,graficon42nodi/grafo5595.42,15,42,56,80,94,5.0,14,230,16.571943044662476,2
1075,graficon41nodi/grafo2235.41,15,41,58,83,100,7.0,16,201,127.25882196426392,2
1076,graficon37nodi/grafo5408.37,15,37,57,84,104,10.0,31,214,600.3563718795776,9
1077,graficon56nodi/grafo7757.56,15,56,64,80,88,5.0,11,184,17.485681772232056,2
1078,graficon43nodi/grafo7465.43,15,43,60,80,97,7.0,21,306,34.88503980636597,2
1079,graficon42nodi/grafo5984.42,15,42,53,80,91,3.0,7,103,0.46423912048339844,2
1080,graficon49nodi/grafo2124.49,15,49,64,82,97,5.0,13,222,11.276135444641113,2
1081,graficon39nodi/grafo3939.39,15,39,50,83,94,5.0,12,122,30.49389672279358,2
1082,graficon41nodi/grafo6441.41,15,41,54,82,95,5.0,12,141,2.5488028526306152,2
1083,graficon56nodi/grafo4306.56,15,56,63,84,91,1.0,2,199,0.4954359531402588,2
1084,graficon43nodi/grafo5339.43,15,43,54,81,92,5.0,10,149,1.3585939407348633,2
1085,graficon36nodi/grafo3413.36,15,36,53,83,100,6.0,19,238,30.968493938446045,2
1086,graficon40nodi/grafo7766.40,15,40,50,80,90,5.0,12,122,30.028944492340088,2
1087,graficon41nodi/grafo3444.41,15,41,53,82,94,8.0,14,142,24.969238758087158,2
1088,graficon55nodi/grafo6789.55,15,55,60,81,86,3.0,4,238,1.0561137199401855,2
1089,graficon32nodi/grafo1421.32,15,32,45,80,93,3.0,7,146,0.5181868076324463,2
1090,graficon36nodi/grafo5865.36,15,36,44,83,91,1.0,2,82,0.25853729248046875,2
1091,graficon42nodi/grafo3326.42,15,42,60,82,100,9.0,36,223,600.3847301006317,9
1092,graficon43nodi/grafo3360.43,15,43,56,83,96,4.0,11,216,27.089441061019897,2
1093,graficon44nodi/grafo5765.44,15,44,59,84,99,6.0,15,208,24.48773169517517,2
1094,graficon38nodi/grafo10031.38,15,38,49,84,95,4.0,6,108,6.79046368598938,2
1095,graficon46nodi/grafo5873.46,15,46,57,83,94,3.0,7,184,1.5483875274658203,2
1096,graficon43nodi/grafo5486.43,15,43,54,81,92,6.0,16,185,27.3401620388031,2
1097,graficon40nodi/grafo6472.40,15,40,57,84,101,6.0,23,295,47.81634855270386,2
1098,graficon47nodi/grafo6781.47,15,47,66,82,101,9.0,22,244,11.246963739395142,2
1099,graficon36nodi/grafo3953.36,15,36,48,83,95,3.0,3,145,0.24929475784301758,2
1100,graficon43nodi/grafo5760.43,15,43,55,84,96,4.0,9,143,2.6901662349700928,2
1101,graficon26nodi/grafo914.26,15,26,42,83,99,8.0,25,194,427.7112560272217,2
1102,graficon38nodi/grafo7227.38,15,38,54,80,96,5.0,16,223,5.607593774795532,2
1103,graficon40nodi/grafo7652.40,15,40,55,80,95,6.0,15,127,7.529054641723633,2
1104,graficon37nodi/grafo11359.37,15,37,47,83,93,3.0,6,156,0.7420401573181152,2
1105,graficon42nodi/grafo1092.42,15,42,53,81,92,3.0,8,119,2.1478285789489746,2
1106,graficon39nodi/grafo10835.39,15,39,45,82,88,2.0,3,72,0.2313995361328125,2
1107,graficon40nodi/grafo7432.40,15,40,47,80,87,2.0,4,102,0.45433926582336426,2
1108,graficon45nodi/grafo7099.45,15,45,56,84,95,4.0,13,198,5.2072913646698,2
1109,graficon44nodi/grafo7381.44,15,44,65,81,102,11.0,42,371,600.5921337604523,9
1110,graficon42nodi/grafo7049.42,15,42,54,81,93,6.0,14,173,4.8174848556518555,2
1111,graficon40nodi/grafo7542.40,15,40,51,81,92,6.0,10,91,2.088683605194092,2
1112,graficon42nodi/grafo6058.42,15,42,54,81,93,5.0,10,142,2.9185585975646973,2
1113,graficon40nodi/grafo3753.40,15,40,53,81,94,7.0,19,145,71.46111845970154,2
1114,graficon48nodi/grafo6376.48,15,48,61,81,94,6.0,16,162,16.622153997421265,2
1115,graficon42nodi/grafo7146.42,15,42,54,82,94,3.0,4,177,1.2822957038879395,2
1116,graficon39nodi/grafo3944.39,15,39,54,84,99,4.0,10,185,5.057414293289185,2
1117,graficon41nodi/grafo7373.41,15,41,58,80,97,10.0,38,370,600.6149365901947,9
1118,graficon19nodi/grafo2375.19,15,19,35,80,96,5.0,16,179,1.207589864730835,2
1119,graficon41nodi/grafo5234.41,15,41,51,83,93,3.0,4,144,0.5388684272766113,2
1120,graficon55nodi/grafo3570.55,15,55,66,83,94,4.0,13,235,6.0760416984558105,2
1121,graficon49nodi/grafo3626.49,15,49,61,81,93,7.0,21,273,99.481036901474,2
1122,graficon47nodi/grafo6600.47,15,47,68,84,105,9.0,36,416,114.14997124671936,2
1123,graficon39nodi/grafo3793.39,15,39,53,81,95,4.0,14,193,14.331622123718262,2
1124,graficon41nodi/grafo7007.41,15,41,55,84,98,7.0,22,247,142.2018280029297,2
1125,graficon39nodi/grafo5742.39,15,39,56,83,100,6.0,18,241,5.827581167221069,2
1126,graficon40nodi/grafo7541.40,15,40,53,89,102,5.0,13,195,26.345422506332397,2
1127,graficon54nodi/grafo4016.54,15,54,65,88,99,3.0,7,128,0.9024362564086914,2
1128,graficon45nodi/grafo7241.45,15,45,62,86,103,5.0,12,234,4.5994391441345215,2
1129,graficon43nodi/grafo6406.43,15,43,57,86,100,4.0,12,191,2.4101171493530273,2
1130,graficon42nodi/grafo7246.42,15,42,53,89,100,4.0,10,105,1.47835111618042,2
1131,graficon44nodi/grafo7720.44,15,44,61,88,105,6.0,20,210,16.31831979751587,2
1132,graficon46nodi/grafo7742.46,15,46,58,85,97,5.0,15,226,10.447606086730957,2
1133,graficon44nodi/grafo7169.44,15,44,56,85,97,5.0,13,153,81.45030570030212,2
1134,graficon52nodi/grafo1591.52,15,52,62,85,95,3.0,6,107,3.301806926727295,2
1135,graficon48nodi/grafo5501.48,15,48,65,88,105,8.0,33,242,289.0750381946564,2
1136,graficon44nodi/grafo5554.44,15,44,61,89,106,5.0,14,302,6.205533027648926,2
1137,graficon39nodi/grafo7716.39,15,39,49,85,95,3.0,8,133,13.566559076309204,2
1138,graficon37nodi/grafo11653.37,15,37,51,87,101,2.0,2,93,0.3764662742614746,2
1139,graficon58nodi/grafo4792.58,15,58,69,88,99,1.0,4,154,0.24513554573059082,2
1140,graficon49nodi/grafo7578.49,15,49,57,89,97,3.0,6,148,8.14749026298523,2
1141,graficon61nodi/grafo5831.61,15,61,72,88,99,7.0,27,296,56.76370882987976,2
1142,graficon46nodi/grafo5331.46,15,46,58,88,100,6.0,24,286,120.78544473648071,2
1143,graficon51nodi/grafo4600.51,15,51,62,89,100,5.0,7,177,13.870537519454956,2
1144,graficon40nodi/grafo3335.40,15,40,53,89,102,5.0,9,140,8.249790906906128,2
1145,graficon42nodi/grafo6257.42,15,42,60,85,103,6.0,18,247,8.113231658935547,2
1146,graficon36nodi/grafo5546.36,15,36,51,88,103,7.0,19,172,41.25870633125305,2
1147,graficon41nodi/grafo9946.41,15,41,48,85,92,2.0,5,96,0.8878192901611328,2
1148,graficon60nodi/grafo4886.60,15,60,73,85,98,7.0,23,283,321.8614547252655,2
1149,graficon40nodi/grafo7050.40,15,40,51,88,99,3.0,6,147,0.8718245029449463,2
1150,graficon49nodi/grafo4380.49,15,49,64,87,102,4.0,6,160,0.7957203388214111,2
1151,graficon55nodi/grafo3625.55,15,55,68,88,101,7.0,24,310,98.86368536949158,2
1152,graficon53nodi/grafo7688.53,15,53,65,88,100,5.0,14,235,14.917413234710693,2
1153,graficon39nodi/grafo5407.39,15,39,53,89,103,6.0,19,170,13.723493099212646,2
1154,graficon41nodi/grafo2781.41,15,41,61,87,107,10.0,33,261,377.5989968776703,2
1155,graficon37nodi/grafo5598.37,15,37,48,88,99,3.0,3,126,0.813305139541626,2
1156,graficon40nodi/grafo3997.40,15,40,56,88,104,8.0,26,321,75.02657580375671,2
1157,graficon43nodi/grafo7470.43,15,43,52,88,97,4.0,8,108,11.69971227645874,2
1158,graficon45nodi/grafo7442.45,15,45,53,86,94,2.0,2,99,0.5305168628692627,2
1159,graficon54nodi/grafo7723.54,15,54,73,86,105,8.0,33,243,600.4940671920776,9
1160,graficon42nodi/grafo7352.42,15,42,51,85,94,2.0,3,78,0.1619715690612793,2
1161,graficon40nodi/grafo7670.40,15,40,56,88,104,3.0,6,216,0.9954078197479248,2
1162,graficon43nodi/grafo5245.43,15,43,59,88,104,6.0,15,243,3.383375644683838,2
1163,graficon51nodi/grafo1486.51,15,51,60,87,96,3.0,6,139,1.8732495307922363,2
1164,graficon36nodi/grafo6049.36,15,36,45,87,96,2.0,4,91,0.43695616722106934,2
1165,graficon39nodi/grafo7415.39,15,39,53,88,102,6.0,12,158,18.908804178237915,2
1166,graficon40nodi/grafo5373.40,15,40,58,87,105,5.0,20,218,20.39519214630127,2
1167,graficon38nodi/grafo9979.38,15,38,50,86,98,5.0,12,96,13.431909322738647,2
1168,graficon48nodi/grafo5194.48,15,48,65,89,106,7.0,19,203,19.238324880599976,2
1169,graficon48nodi/grafo5357.48,15,48,64,85,101,9.0,30,204,237.46546268463135,2
1170,graficon36nodi/grafo11662.36,15,36,48,87,99,1.0,1,65,0.0698699951171875,2
1171,graficon42nodi/grafo7614.42,15,42,57,87,102,6.0,19,407,45.8483407497406,2
1172,graficon48nodi/grafo7272.48,15,48,57,86,95,2.0,3,141,0.2766451835632324,2
1173,graficon44nodi/grafo5878.44,15,44,56,87,99,4.0,10,142,1.4380362033843994,2
1174,graficon42nodi/grafo5958.42,15,42,56,86,100,5.0,13,161,38.26845669746399,2
1175,graficon58nodi/grafo1588.58,15,58,66,88,96,4.0,8,243,2.6959171295166016,2
1176,graficon52nodi/grafo3455.52,15,52,65,87,100,5.0,16,158,27.623170137405396,2
1177,graficon42nodi/grafo7583.42,15,42,56,86,100,5.0,17,161,70.65801692008972,2
1178,graficon49nodi/grafo7370.49,15,49,64,87,102,4.0,6,241,2.334852695465088,2
1179,graficon39nodi/grafo5157.39,15,39,54,88,103,4.0,10,200,3.127887010574341,2
1180,graficon47nodi/grafo6822.47,15,47,56,88,97,3.0,5,191,1.2249822616577148,2
1181,graficon43nodi/grafo6928.43,15,43,56,88,101,6.0,15,150,32.08320879936218,2
1182,graficon38nodi/grafo3421.38,15,38,52,89,103,7.0,22,168,403.7923672199249,2
1183,graficon39nodi/grafo3727.39,15,39,53,86,100,4.0,10,174,1.7589027881622314,2
1184,graficon44nodi/grafo6870.44,15,44,64,85,105,9.0,39,200,600.3948254585266,9
1185,graficon36nodi/grafo9853.36,15,36,48,87,99,1.0,1,65,0.06942868232727051,2
1186,graficon50nodi/grafo4518.50,15,50,66,87,103,6.0,15,237,34.02059721946716,2
1187,graficon42nodi/grafo7709.42,15,42,58,86,102,7.0,15,171,35.33833718299866,2
1188,graficon60nodi/grafo7155.60,15,60,70,86,96,4.0,6,254,1.2521443367004395,2
1189,graficon64nodi/grafo4420.64,15,64,81,88,105,7.0,21,255,57.722716331481934,2
1190,graficon47nodi/grafo6437.47,15,47,70,88,111,14.0,65,362,603.211677312851,9
1191,graficon45nodi/grafo3151.45,15,45,58,86,99,4.0,13,137,5.094595909118652,2
1192,graficon51nodi/grafo4369.51,15,51,67,87,103,5.0,18,271,28.149166107177734,2
1193,graficon38nodi/grafo3887.38,15,38,52,87,101,4.0,11,173,3.3799800872802734,2
1194,graficon44nodi/grafo6329.44,15,44,58,88,102,5.0,9,114,3.7193984985351562,2
1195,graficon50nodi/grafo1418.50,15,50,57,88,95,3.0,7,130,0.5806348323822021,2
1196,graficon43nodi/grafo6886.43,15,43,62,85,104,8.0,29,210,295.02364897727966,2
1197,graficon42nodi/grafo7012.42,15,42,59,88,105,6.0,17,209,37.44618201255798,2
1198,graficon34nodi/grafo5990.34,15,34,45,89,100,1.0,1,146,0.14239025115966797,2
1199,graficon56nodi/grafo4391.56,15,56,70,86,100,7.0,21,417,42.080620527267456,2
1200,graficon48nodi/grafo6689.48,15,48,57,86,95,4.0,7,148,1.4583630561828613,2
1201,graficon36nodi/grafo10457.36,15,36,45,93,102,2.0,4,96,0.462205171585083,2
1202,graficon46nodi/grafo5338.46,15,46,62,94,110,5.0,18,192,40.183571338653564,2
1203,graficon72nodi/grafo9639.72,15,72,80,94,102,6.0,15,288,41.15076732635498,2
1204,graficon44nodi/grafo3644.44,15,44,54,93,103,4.0,7,79,0.6308183670043945,2
1205,graficon54nodi/grafo3511.54,15,54,73,93,112,7.0,14,267,23.202972173690796,2
1206,graficon42nodi/grafo6946.42,15,42,58,94,110,7.0,20,211,127.62644052505493,2
1207,graficon57nodi/grafo5626.57,15,57,78,94,115,8.0,26,240,49.68529915809631,2
1208,graficon37nodi/grafo6217.37,15,37,53,94,110,6.0,20,185,56.4808144569397,2
1209,graficon60nodi/grafo4512.60,15,60,73,93,106,4.0,11,237,5.139355421066284,2
1210,graficon47nodi/grafo5432.47,15,47,68,92,113,10.0,25,339,126.50847840309143,2
1211,graficon55nodi/grafo4502.55,15,55,76,92,113,12.0,50,293,601.2675271034241,9
1212,graficon58nodi/grafo1247.58,15,58,68,94,104,4.0,14,197,3.1683509349823,2
1213,graficon43nodi/grafo6346.43,15,43,62,91,110,8.0,28,225,88.45266532897949,2
1214,graficon37nodi/grafo11625.37,15,37,51,92,106,3.0,7,95,0.6088089942932129,2
1215,graficon51nodi/grafo1470.51,15,51,69,90,108,7.0,32,316,41.70692706108093,2
1216,graficon64nodi/grafo8416.64,15,64,79,94,109,10.0,32,286,182.17167830467224,2
1217,graficon43nodi/grafo7441.43,15,43,60,92,109,8.0,32,174,600.3422741889954,9
1218,graficon40nodi/grafo5211.40,15,40,54,93,107,4.0,9,235,4.234172344207764,2
1219,graficon35nodi/grafo11326.35,15,35,42,91,98,2.0,3,91,0.5479633808135986,2
1220,graficon43nodi/grafo7157.43,15,43,53,90,100,3.0,8,107,2.303814649581909,2
1221,graficon39nodi/grafo3330.39,15,39,60,93,114,8.0,36,307,600.482522726059,9
1222,graficon40nodi/grafo3519.40,15,40,56,93,109,4.0,6,132,0.7427353858947754,2
1223,graficon57nodi/grafo4041.57,15,57,66,92,101,4.0,12,241,27.133921146392822,2
1224,graficon41nodi/grafo7124.41,15,41,59,94,112,5.0,12,163,9.728542566299438,2
1225,graficon61nodi/grafo4482.61,15,61,75,91,105,4.0,7,272,2.9467530250549316,2
1226,graficon49nodi/grafo5721.49,15,49,64,92,107,3.0,7,152,1.5515544414520264,2
1227,graficon42nodi/grafo5468.42,15,42,58,94,110,5.0,18,243,2.5249598026275635,2
1228,graficon37nodi/grafo1758.37,15,37,45,93,101,2.0,4,163,0.9099533557891846,2
1229,graficon36nodi/grafo11444.36,15,36,46,94,104,2.0,4,99,0.31961798667907715,2
1230,graficon37nodi/grafo11540.37,15,37,48,91,102,2.0,3,108,0.3786611557006836,2
1231,graficon37nodi/grafo7028.37,15,37,48,90,101,5.0,13,124,30.66257667541504,2
1232,graficon37nodi/grafo11417.37,15,37,49,90,102,2.0,3,97,0.5003383159637451,2
1233,graficon39nodi/grafo3187.39,15,39,53,91,105,5.0,15,193,4.264011859893799,2
1234,graficon39nodi/grafo9897.39,15,39,55,90,106,6.0,18,172,13.279811382293701,2
1235,graficon57nodi/grafo5748.57,15,57,76,94,113,8.0,24,322,72.36067247390747,2
1236,graficon38nodi/grafo10032.38,15,38,47,91,100,4.0,6,86,4.840365886688232,2
1237,graficon58nodi/grafo4796.58,15,58,73,90,105,7.0,21,184,37.97105526924133,2
1238,graficon40nodi/grafo10282.40,15,40,59,92,111,4.0,16,256,4.633501291275024,2
1239,graficon54nodi/grafo5002.54,15,54,64,91,101,5.0,8,243,4.494097948074341,2
1240,graficon44nodi/grafo2199.44,15,44,50,90,96,2.0,3,101,0.5016248226165771,2
1241,graficon38nodi/grafo10659.38,15,38,57,91,110,6.0,20,191,12.471892833709717,2
1242,graficon56nodi/grafo4409.56,15,56,67,93,104,2.0,6,125,0.5877530574798584,2
1243,graficon47nodi/grafo6408.47,15,47,57,90,100,3.0,8,162,0.9733119010925293,2
1244,graficon54nodi/grafo3858.54,15,54,68,92,106,7.0,23,230,224.5908534526825,2
1245,graficon43nodi/grafo5723.43,15,43,59,92,108,6.0,25,222,82.43588948249817,2
1246,graficon40nodi/grafo4010.40,15,40,52,92,104,3.0,9,125,2.16292142868042,2
1247,graficon62nodi/grafo6173.62,15,62,73,92,103,5.0,8,181,1.8497896194458008,2
1248,graficon45nodi/grafo5138.45,15,45,61,90,106,7.0,27,384,251.04779815673828,2
1249,graficon41nodi/grafo6164.41,15,41,55,91,105,5.0,15,200,12.684964179992676,2
1250,graficon41nodi/grafo3527.41,15,41,54,93,106,4.0,14,174,5.425905466079712,2
1251,graficon42nodi/grafo7642.42,15,42,62,90,110,7.0,22,292,23.651977062225342,2
1252,graficon46nodi/grafo3424.46,15,46,56,94,104,4.0,14,147,12.087022304534912,2
1253,graficon53nodi/grafo271.53,15,53,67,91,105,5.0,12,240,7.377285718917847,2
1254,graficon45nodi/grafo3660.45,15,45,60,90,105,6.0,22,203,72.82292056083679,2
1255,graficon40nodi/grafo5980.40,15,40,54,92,106,5.0,9,120,3.3774425983428955,2
1256,graficon44nodi/grafo6945.44,15,44,60,93,109,7.0,20,242,43.31315350532532,2
1257,graficon35nodi/grafo5299.35,15,35,44,91,100,2.0,7,117,0.9659829139709473,2
1258,graficon66nodi/grafo9143.66,15,66,84,94,112,10.0,36,307,288.3718328475952,2
1259,graficon55nodi/grafo4195.55,15,55,69,91,105,6.0,9,125,1.0271849632263184,2
1260,graficon58nodi/grafo6193.58,15,58,77,91,110,8.0,30,376,388.9037573337555,2
1261,graficon45nodi/grafo6524.45,15,45,59,94,108,5.0,14,211,27.876569032669067,2
1262,graficon54nodi/grafo4006.54,15,54,64,91,101,1.0,2,113,0.20956063270568848,2
1263,graficon38nodi/grafo11322.38,15,38,50,94,106,2.0,3,81,0.4711427688598633,2
1264,graficon46nodi/grafo6723.46,15,46,64,93,111,7.0,34,246,387.46629428863525,2
1265,graficon35nodi/grafo6517.35,15,35,49,93,107,6.0,14,141,27.802631378173828,2
1266,graficon49nodi/grafo3415.49,15,49,65,90,106,6.0,14,179,23.504876613616943,2
1267,graficon39nodi/grafo4005.39,15,39,52,91,104,6.0,18,174,192.52889466285706,2
1268,graficon52nodi/grafo4030.52,15,52,65,92,105,5.0,14,151,2.955174684524536,2
1269,graficon41nodi/grafo7098.41,15,41,59,92,110,8.0,38,321,600.5211100578308,9
1270,graficon43nodi/grafo5926.43,15,43,62,93,112,6.0,16,206,17.18593668937683,2
1271,graficon47nodi/grafo7625.47,15,47,67,94,114,7.0,28,234,13.094099044799805,2
1272,graficon41nodi/grafo5717.41,15,41,51,93,103,3.0,5,110,0.9582111835479736,2
1273,graficon66nodi/grafo9641.66,15,66,79,90,103,5.0,13,509,25.74573016166687,2
1274,graficon38nodi/grafo6578.38,15,38,53,93,108,3.0,8,120,1.58414888381958,2
1275,graficon42nodi/grafo3508.42,15,42,59,94,111,7.0,21,232,40.274800300598145,2
1276,graficon44nodi/grafo11403.44,15,44,60,98,114,6.0,17,248,8.011593103408813,2
1277,graficon43nodi/grafo7636.43,15,43,59,99,115,5.0,19,243,44.38406324386597,2
1278,graficon42nodi/grafo5817.42,15,42,60,99,117,5.0,12,129,8.54782223701477,2
1279,graficon51nodi/grafo3172.51,15,51,71,96,116,8.0,36,285,516.8092789649963,2
1280,graficon44nodi/grafo6432.44,15,44,54,95,105,2.0,4,134,0.6184191703796387,2
1281,graficon40nodi/grafo3621.40,15,40,50,95,105,2.0,8,130,0.8080315589904785,2
1282,graficon62nodi/grafo4646.62,15,62,78,96,112,4.0,12,399,4.940602779388428,2
1283,graficon52nodi/grafo7721.52,15,52,71,95,114,8.0,24,216,158.342205286026,2
1284,graficon45nodi/grafo7640.45,15,45,65,98,118,9.0,34,334,600.4523649215698,9
1285,graficon41nodi/grafo3781.41,15,41,58,96,113,7.0,22,283,62.60242486000061,2
1286,graficon57nodi/grafo4352.57,15,57,67,98,108,4.0,7,177,1.2251687049865723,2
1287,graficon40nodi/grafo6458.40,15,40,57,95,112,7.0,14,282,49.12074327468872,2
1288,graficon56nodi/grafo6568.56,15,56,69,98,111,8.0,19,255,152.5584695339203,2
1289,graficon50nodi/grafo4580.50,15,50,63,99,112,4.0,16,193,2.5275213718414307,2
1290,graficon53nodi/grafo3486.53,15,53,68,97,112,7.0,21,287,84.27689671516418,2
1291,graficon54nodi/grafo1483.54,15,54,67,98,111,5.0,10,154,18.001155614852905,2
1292,graficon47nodi/grafo6664.47,15,47,63,96,112,7.0,22,270,42.713011264801025,2
1293,graficon44nodi/grafo7761.44,15,44,55,98,109,3.0,10,175,2.8126935958862305,2
1294,graficon48nodi/grafo3769.48,15,48,63,99,114,7.0,21,213,170.7165699005127,2
1295,graficon44nodi/grafo3205.44,15,44,57,99,112,5.0,8,144,6.733748435974121,2
1296,graficon42nodi/grafo3439.42,15,42,57,95,110,4.0,10,221,16.692094564437866,2
1297,graficon41nodi/grafo5645.41,15,41,52,97,108,5.0,9,184,6.337255239486694,2
1298,graficon49nodi/grafo4012.49,15,49,65,99,115,7.0,23,214,155.95794868469238,2
1299,graficon38nodi/grafo3540.38,15,38,57,96,115,6.0,14,218,4.295083284378052,2
1300,graficon44nodi/grafo6960.44,15,44,61,98,115,5.0,21,216,46.581230878829956,2
1301,graficon43nodi/grafo4053.43,15,43,58,98,113,7.0,24,327,156.34068536758423,2
1302,graficon38nodi/grafo7478.38,15,38,47,98,107,3.0,6,104,1.1523919105529785,2
1303,graficon42nodi/grafo3402.42,15,42,62,99,119,8.0,25,224,179.04107284545898,2
1304,graficon40nodi/grafo3804.40,15,40,49,98,107,4.0,6,96,8.499573707580566,2
1305,graficon46nodi/grafo7713.46,15,46,67,96,117,10.0,47,455,600.4921624660492,9
1306,graficon54nodi/grafo4849.54,15,54,68,95,109,3.0,7,150,2.000624418258667,2
1307,graficon48nodi/grafo4473.48,15,48,61,95,108,2.0,3,176,0.7282576560974121,2
1308,graficon54nodi/grafo4530.54,15,54,76,97,119,10.0,51,335,600.5389370918274,9
1309,graficon41nodi/grafo2531.41,15,41,56,99,114,5.0,10,204,3.1085569858551025,2
1310,graficon61nodi/grafo8112.61,15,61,77,97,113,8.0,21,260,120.99447631835938,2
1311,graficon53nodi/grafo3763.53,15,53,72,95,114,8.0,24,301,306.59225964546204,2
1312,graficon39nodi/grafo3099.39,15,39,47,98,106,0.0,0,64,0.053406476974487305,2
1313,graficon44nodi/grafo7621.44,15,44,65,98,119,7.0,18,256,56.65230941772461,2
1314,graficon44nodi/grafo6263.44,15,44,66,96,118,9.0,29,285,600.4844653606415,9
1315,graficon60nodi/grafo7448.60,15,60,81,98,119,10.0,51,491,600.6697716712952,9
1316,graficon46nodi/grafo5480.46,15,46,63,95,112,7.0,20,182,35.08862042427063,2
1317,graficon39nodi/grafo7390.39,15,39,59,97,117,7.0,22,168,85.50793790817261,2
1318,graficon42nodi/grafo3258.42,15,42,58,96,112,6.0,16,200,29.62948441505432,2
1319,graficon52nodi/grafo6159.52,15,52,65,98,111,5.0,12,176,23.577494382858276,2
1320,graficon42nodi/grafo7485.42,15,42,56,99,113,7.0,17,159,144.0335488319397,2
1321,graficon49nodi/grafo7245.49,15,49,65,97,113,7.0,20,203,39.31001162528992,2
1322,graficon54nodi/grafo4488.54,15,54,69,95,110,6.0,16,213,47.166919469833374,2
1323,graficon42nodi/grafo6270.42,15,42,54,98,110,4.0,8,148,12.535625457763672,2
1324,graficon42nodi/grafo3277.42,15,42,56,95,109,6.0,16,178,79.47164845466614,2
1325,graficon46nodi/grafo5832.46,15,46,58,95,107,3.0,7,155,2.0332484245300293,2
1326,graficon60nodi/grafo4376.60,15,60,73,96,109,3.0,7,185,2.125277042388916,2
1327,graficon55nodi/grafo1549.55,15,55,66,99,110,4.0,7,277,2.4378035068511963,2
1328,graficon53nodi/grafo4871.53,15,53,71,98,116,6.0,20,291,600.4224379062653,9
1329,graficon60nodi/grafo8276.60,15,60,74,97,111,4.0,10,195,4.485270261764526,2
1330,graficon55nodi/grafo1465.55,15,55,65,95,105,4.0,14,200,4.443160772323608,2
1331,graficon53nodi/grafo5057.53,15,53,67,95,109,3.0,15,258,47.18629693984985,2
1332,graficon38nodi/grafo3383.38,15,38,62,98,122,13.0,63,427,600.5749671459198,9
1333,graficon38nodi/grafo3758.38,15,38,56,99,117,8.0,33,279,187.80545496940613,2
1334,graficon63nodi/grafo4664.63,15,63,77,99,113,5.0,13,168,12.680001020431519,2
1335,graficon46nodi/grafo3412.46,15,46,65,95,114,6.0,21,216,23.043070316314697,2
1336,graficon44nodi/grafo7591.44,15,44,61,95,112,9.0,27,305,328.0904116630554,2
1337,graficon53nodi/grafo1482.53,15,53,67,96,110,6.0,16,264,18.202723503112793,2
1338,graficon43nodi/grafo6921.43,15,43,55,97,109,4.0,10,147,3.610623359680176,2
1339,graficon41nodi/grafo6192.41,15,41,54,95,108,7.0,16,123,60.92773389816284,2
1340,graficon51nodi/grafo7730.51,15,51,67,95,111,7.0,15,222,24.654987812042236,2
1341,graficon39nodi/grafo7581.39,15,39,51,96,108,4.0,8,168,4.030374050140381,2
1342,graficon62nodi/grafo4312.62,15,62,74,96,108,7.0,15,248,8.618302345275879,2
1343,graficon42nodi/grafo3476.42,15,42,60,99,117,5.0,16,248,68.48140406608582,2
1344,graficon41nodi/grafo7204.41,15,41,54,99,112,4.0,13,250,3.2395858764648438,2
1345,graficon44nodi/grafo3603.44,15,44,66,99,121,11.0,53,387,600.5117342472076,9
1346,graficon39nodi/grafo11495.39,15,39,52,95,108,6.0,10,155,1.1654572486877441,2
1347,graficon39nodi/grafo3474.39,15,39,51,95,107,6.0,13,251,16.38363814353943,2
1348,graficon42nodi/grafo6308.42,15,42,62,96,116,8.0,27,412,29.77660083770752,2
1349,graficon40nodi/grafo5643.40,15,40,51,95,106,3.0,6,173,1.152987003326416,2
1350,graficon39nodi/grafo5974.39,15,39,53,97,111,3.0,11,214,1.843487024307251,2
1351,graficon41nodi/grafo6398.41,15,41,53,100,112,4.0,9,146,7.045839309692383,2
1352,graficon53nodi/grafo5091.53,15,53,77,102,126,11.0,37,238,600.4345872402191,9
1353,graficon49nodi/grafo5078.49,15,49,64,100,115,4.0,9,174,2.1115429401397705,2
1354,graficon41nodi/grafo5565.41,15,41,53,102,114,3.0,11,192,5.640196800231934,2
1355,graficon56nodi/grafo3328.56,15,56,76,104,124,12.0,56,367,600.7372179031372,9
1356,graficon52nodi/grafo3755.52,15,52,72,104,124,8.0,27,252,367.74008798599243,2
1357,graficon65nodi/grafo9317.65,15,65,80,100,115,6.0,24,280,29.823145627975464,2
1358,graficon42nodi/grafo7572.42,15,42,50,101,109,3.0,6,118,5.698778867721558,2
1359,graficon55nodi/grafo2141.55,15,55,76,102,123,9.0,32,377,574.9328455924988,2
1360,graficon47nodi/grafo1433.47,15,47,60,101,114,3.0,8,108,12.339128494262695,2
1361,graficon39nodi/grafo5798.39,15,39,55,104,120,6.0,13,162,32.40200090408325,2
1362,graficon55nodi/grafo4475.55,15,55,67,101,113,2.0,7,160,1.63743257522583,2
1363,graficon58nodi/grafo5350.58,15,58,74,104,120,10.0,31,412,600.9743151664734,9
1364,graficon71nodi/grafo9653.71,15,71,80,103,112,2.0,2,182,0.6836810111999512,2
1365,graficon63nodi/grafo4351.63,15,63,78,101,116,8.0,32,481,600.6742987632751,9
1366,graficon54nodi/grafo3785.54,15,54,70,101,117,9.0,26,223,398.85789942741394,2
1367,graficon37nodi/grafo11284.37,15,37,50,101,114,3.0,6,57,0.5836822986602783,2
1368,graficon38nodi/grafo2726.38,15,38,53,101,116,5.0,14,218,18.784005403518677,2
1369,graficon62nodi/grafo6805.62,15,62,75,104,117,5.0,7,228,1.636742115020752,2
1370,graficon67nodi/grafo9658.67,15,67,79,100,112,5.0,8,197,1.6235008239746094,2
1371,graficon60nodi/grafo3536.60,15,60,73,100,113,6.0,26,247,49.16166400909424,2
1372,graficon57nodi/grafo7289.57,15,57,72,100,115,7.0,21,240,129.76293182373047,2
1373,graficon59nodi/grafo4281.59,15,59,76,102,119,6.0,19,345,37.56570887565613,2
1374,graficon40nodi/grafo5568.40,15,40,59,100,119,7.0,20,221,43.83686828613281,2
1375,graficon61nodi/grafo8051.61,15,61,73,102,114,5.0,9,163,13.314719915390015,2
1376,graficon65nodi/grafo9375.65,15,65,76,102,113,4.0,7,212,10.217831134796143,2
1377,graficon44nodi/grafo5352.44,15,44,70,100,126,12.0,70,548,601.3098390102386,9
1378,graficon47nodi/grafo5710.47,15,47,62,103,118,5.0,15,226,13.104645252227783,2
1379,graficon50nodi/grafo1392.50,15,50,63,103,116,5.0,10,193,13.93014121055603,2
1380,graficon42nodi/grafo7610.42,15,42,55,103,116,3.0,7,80,4.167719841003418,2
1381,graficon40nodi/grafo6641.40,15,40,54,100,114,5.0,8,104,3.231152057647705,2
1382,graficon57nodi/grafo4452.57,15,57,76,104,123,6.0,20,300,17.607558012008667,2
1383,graficon48nodi/grafo6289.48,15,48,65,104,121,7.0,18,275,41.81323504447937,2
1384,graficon39nodi/grafo3375.39,15,39,59,103,123,7.0,20,204,46.183757305145264,2
1385,graficon45nodi/grafo7623.45,15,45,62,104,121,9.0,33,227,600.4679274559021,9
1386,graficon57nodi/grafo7770.57,15,57,69,102,114,5.0,7,228,8.876963138580322,2
1387,graficon46nodi/grafo6166.46,15,46,66,102,122,10.0,32,220,600.4495759010315,9
1388,graficon45nodi/grafo7391.45,15,45,61,100,116,7.0,21,226,64.39517211914062,2
1389,graficon48nodi/grafo7135.48,15,48,68,104,124,9.0,31,419,439.5682656764984,2
1390,graficon59nodi/grafo6718.59,15,59,73,103,117,4.0,10,250,2.362145185470581,2
1391,graficon36nodi/grafo2877.36,15,36,53,101,118,6.0,13,164,17.607436418533325,2
1392,graficon42nodi/grafo7744.42,15,42,52,100,110,3.0,5,90,2.2027738094329834,2
1393,graficon55nodi/grafo3834.55,15,55,80,103,128,10.0,36,252,600.8033046722412,9
1394,graficon50nodi/grafo1307.50,15,50,71,104,125,11.0,47,433,600.5808610916138,9
1395,graficon42nodi/grafo7026.42,15,42,55,101,114,4.0,10,118,2.489180564880371,2
1396,graficon42nodi/grafo7261.42,15,42,62,100,120,10.0,32,325,221.99638605117798,2
1397,graficon56nodi/grafo5341.56,15,56,79,101,124,13.0,48,293,600.5375671386719,9
1398,graficon56nodi/grafo4651.56,15,56,76,101,121,10.0,36,361,431.274774312973,2
1399,graficon35nodi/grafo5493.35,15,35,53,100,118,7.0,23,239,170.71877145767212,2
1400,graficon54nodi/grafo3748.54,15,54,73,104,123,9.0,33,268,600.3427736759186,9
1401,graficon56nodi/grafo1205.56,15,56,75,100,119,9.0,31,252,157.89901447296143,2
1402,graficon56nodi/grafo7738.56,15,56,79,102,125,9.0,37,347,512.2459917068481,2
1403,graficon61nodi/grafo3257.61,15,61,82,102,123,10.0,47,514,601.2077975273132,9
1404,graficon48nodi/grafo2254.48,15,48,66,102,120,7.0,22,275,94.14479112625122,2
1405,graficon42nodi/grafo5550.42,15,42,57,101,116,5.0,20,246,23.813684701919556,2
1406,graficon58nodi/grafo6722.58,15,58,69,103,114,5.0,18,203,26.47177028656006,2
1407,graficon50nodi/grafo6775.50,15,50,63,101,114,5.0,12,294,5.840120553970337,2
1408,graficon56nodi/grafo6630.56,15,56,68,103,115,6.0,24,290,310.1503858566284,2
1409,graficon51nodi/grafo7550.51,15,51,66,102,117,7.0,20,234,18.463069677352905,2
1410,graficon55nodi/grafo4367.55,15,55,72,103,120,4.0,12,172,5.479267358779907,2
1411,graficon40nodi/grafo7165.40,15,40,55,102,117,8.0,25,213,600.4266729354858,9
1412,graficon67nodi/grafo6272.67,15,67,72,100,105,1.0,1,88,0.08311891555786133,2
1413,graficon51nodi/grafo3484.51,15,51,68,104,121,9.0,34,246,600.4867537021637,9
1414,graficon53nodi/grafo2794.53,15,53,73,104,124,9.0,30,323,600.3941941261292,9
1415,graficon49nodi/grafo4734.49,15,49,59,101,111,2.0,3,132,1.0276086330413818,2
1416,graficon50nodi/grafo5745.50,15,50,75,101,126,13.0,56,283,600.7535684108734,9
1417,graficon63nodi/grafo1570.63,15,63,74,100,111,5.0,15,190,31.966495037078857,2
1418,graficon39nodi/grafo11671.39,15,39,52,101,114,4.0,10,149,3.040818929672241,2
1419,graficon67nodi/grafo1617.67,15,67,80,103,116,6.0,12,176,25.744931936264038,2
1420,graficon39nodi/grafo5762.39,15,39,59,103,123,6.0,20,202,44.45593285560608,2
1421,graficon54nodi/grafo4467.54,15,54,69,102,117,4.0,9,238,2.300049066543579,2
1422,graficon36nodi/grafo5175.36,15,36,45,101,110,2.0,5,88,0.696547269821167,2
1423,graficon49nodi/grafo5220.49,15,49,64,100,115,5.0,15,300,6.774434328079224,2
1424,graficon57nodi/grafo5032.57,15,57,69,101,113,3.0,7,238,19.50696897506714,2
1425,graficon44nodi/grafo5221.44,15,44,57,102,115,5.0,16,152,4.479892253875732,2
1426,graficon42nodi/grafo10008.42,15,42,61,107,126,7.0,17,223,54.17880463600159,2
1427,graficon44nodi/grafo3501.44,15,44,63,106,125,9.0,26,347,600.5243339538574,9
1428,graficon55nodi/grafo4528.55,15,55,67,106,118,2.0,5,155,0.9641768932342529,2
1429,graficon45nodi/grafo7219.45,15,45,59,108,122,6.0,14,222,28.782911777496338,2
1430,graficon39nodi/grafo5763.39,15,39,54,109,124,5.0,8,139,1.930492877960205,2
1431,graficon55nodi/grafo1361.55,15,55,66,106,117,3.0,9,279,2.5192883014678955,2
1432,graficon45nodi/grafo7555.45,15,45,58,106,119,5.0,8,127,5.658181428909302,2
1433,graficon54nodi/grafo7407.54,15,54,66,105,117,5.0,13,254,20.96573042869568,2
1434,graficon57nodi/grafo5924.57,15,57,74,105,122,6.0,18,207,33.80159115791321,2
1435,graficon44nodi/grafo6229.44,15,44,56,107,119,3.0,6,103,2.108543872833252,2
1436,graficon43nodi/grafo6343.43,15,43,55,106,118,5.0,12,152,41.072237968444824,2
1437,graficon48nodi/grafo6544.48,15,48,61,105,118,6.0,16,212,67.47137451171875,2
1438,graficon62nodi/grafo1215.62,15,62,82,105,125,11.0,46,379,600.5848548412323,9
1439,graficon51nodi/grafo3726.51,15,51,70,105,124,9.0,28,222,600.5296549797058,9
1440,graficon64nodi/grafo9460.64,15,64,78,107,121,5.0,18,255,12.751070022583008,2
1441,graficon47nodi/grafo5255.47,15,47,64,106,123,5.0,18,263,28.410634994506836,2
1442,graficon61nodi/grafo4491.61,15,61,79,109,127,6.0,20,177,5.467987298965454,2
1443,graficon44nodi/grafo5130.44,15,44,56,106,118,5.0,15,175,4.2689597606658936,2
1444,graficon45nodi/grafo6438.45,15,45,58,105,118,5.0,9,221,20.666786432266235,2
1445,graficon53nodi/grafo4079.53,15,53,62,107,116,5.0,10,146,11.958730220794678,2
1446,graficon40nodi/grafo10057.40,15,40,59,106,125,9.0,44,270,603.2140908241272,9
1447,graficon52nodi/grafo7181.52,15,52,81,109,138,14.0,53,348,600.7321553230286,9
1448,graficon46nodi/grafo5473.46,15,46,64,106,124,6.0,20,273,158.4315149784088,2
1449,graficon46nodi/grafo6674.46,15,46,62,107,123,8.0,18,206,29.27432632446289,2
1450,graficon51nodi/grafo4756.51,15,51,70,109,128,8.0,26,276,493.70811915397644,2
1451,graficon38nodi/grafo11400.38,15,38,49,109,120,4.0,8,101,19.498959064483643,2
1452,graficon43nodi/grafo6348.43,15,43,56,108,121,5.0,13,231,13.947702407836914,2
1453,graficon36nodi/grafo6109.36,15,36,52,106,122,5.0,13,181,13.376458168029785,2
1454,graficon53nodi/grafo4167.53,15,53,69,106,122,7.0,18,200,256.0397729873657,2
1455,graficon66nodi/grafo9206.66,15,66,84,109,127,8.0,34,272,600.7048919200897,9
1456,graficon58nodi/grafo3235.58,15,58,71,109,122,7.0,16,290,8.246782779693604,2
1457,graficon48nodi/grafo6554.48,15,48,70,107,129,9.0,48,406,600.8842604160309,9
1458,graficon60nodi/grafo1192.60,15,60,79,106,125,11.0,40,272,600.5704045295715,9
1459,graficon46nodi/grafo6771.46,15,46,55,107,116,3.0,5,132,0.9458386898040771,2
1460,graficon40nodi/grafo5231.40,15,40,56,108,124,6.0,14,214,55.642730474472046,2
1461,graficon38nodi/grafo6547.38,15,38,64,107,133,14.0,66,353,600.6516754627228,9
1462,graficon59nodi/grafo3194.59,15,59,67,106,114,3.0,3,133,0.3073463439941406,2
1463,graficon47nodi/grafo6384.47,15,47,72,108,133,11.0,44,389,600.5409750938416,9
1464,graficon42nodi/grafo7389.42,15,42,62,109,129,9.0,25,212,98.49109244346619,2
1465,graficon54nodi/grafo7090.54,15,54,72,107,125,8.0,29,376,600.7227449417114,9
1466,graficon43nodi/grafo3227.43,15,43,65,108,130,9.0,29,304,426.47869873046875,2
1467,graficon44nodi/grafo7751.44,15,44,58,105,119,4.0,10,116,3.1450557708740234,2
1468,graficon40nodi/grafo7767.40,15,40,54,107,121,5.0,9,105,8.440833330154419,2
1469,graficon49nodi/grafo7010.49,15,49,67,106,124,8.0,16,192,8.376242876052856,2
1470,graficon60nodi/grafo4421.60,15,60,73,106,119,6.0,16,283,86.5324273109436,2
1471,graficon52nodi/grafo1431.52,15,52,70,109,127,6.0,18,189,24.404181241989136,2
1472,graficon48nodi/grafo6390.48,15,48,65,109,126,6.0,18,212,29.685485124588013,2
1473,graficon46nodi/grafo5713.46,15,46,66,105,125,9.0,25,197,246.02893042564392,2
1474,graficon55nodi/grafo5960.55,15,55,79,108,132,13.0,64,571,600.6180622577667,9
1475,graficon55nodi/grafo4161.55,15,55,73,106,124,5.0,27,317,21.490113258361816,2
1476,graficon37nodi/grafo3359.37,15,37,58,109,130,6.0,20,288,26.543312311172485,2
1477,graficon52nodi/grafo5150.52,15,52,70,107,125,6.0,18,284,41.649089336395264,2
1478,graficon55nodi/grafo4967.55,15,55,66,109,120,4.0,11,180,44.42958211898804,2
1479,graficon49nodi/grafo2656.49,15,49,59,107,117,4.0,7,161,2.4356982707977295,2
1480,graficon44nodi/grafo7259.44,15,44,61,105,122,6.0,15,173,21.779106855392456,2
1481,graficon45nodi/grafo6396.45,15,45,65,108,128,9.0,26,205,168.0754153728485,2
1482,graficon47nodi/grafo3730.47,15,47,63,107,123,4.0,13,212,32.83024597167969,2
1483,graficon47nodi/grafo2478.47,15,47,62,105,120,7.0,21,236,69.88301968574524,2
1484,graficon59nodi/grafo6030.59,15,59,80,105,126,10.0,30,317,600.4795324802399,9
1485,graficon47nodi/grafo6696.47,15,47,66,106,125,8.0,23,247,71.61584973335266,2
1486,graficon60nodi/grafo5223.60,15,60,83,105,128,12.0,58,627,600.743720293045,9
1487,graficon40nodi/grafo4038.40,15,40,53,107,120,5.0,10,156,8.197709083557129,2
1488,graficon57nodi/grafo4177.57,15,57,76,107,126,7.0,22,385,73.45730328559875,2
1489,graficon57nodi/grafo5329.57,15,57,71,106,120,6.0,10,222,2.9190902709960938,2
1490,graficon57nodi/grafo5849.57,15,57,81,106,130,10.0,35,348,600.6397533416748,9
1491,graficon58nodi/grafo1501.58,15,58,72,108,122,3.0,6,148,0.8111469745635986,2
1492,graficon61nodi/grafo9391.61,15,61,78,107,124,5.0,18,219,36.57241201400757,2
1493,graficon55nodi/grafo3352.55,15,55,69,108,122,4.0,9,177,2.7631397247314453,2
1494,graficon38nodi/grafo3917.38,15,38,58,105,125,9.0,26,313,218.8568217754364,2
1495,graficon65nodi/grafo9118.65,15,65,84,105,124,6.0,13,277,7.88864278793335,2
1496,graficon59nodi/grafo5083.59,15,59,71,106,118,7.0,19,394,373.03299140930176,2
1497,graficon41nodi/grafo5811.41,15,41,59,105,123,7.0,31,229,376.41951036453247,2
1498,graficon52nodi/grafo3185.52,15,52,76,108,132,10.0,37,295,600.3951759338379,9
1499,graficon61nodi/grafo6898.61,15,61,72,109,120,5.0,12,231,37.54249310493469,2
1500,graficon49nodi/grafo6707.49,15,49,64,106,121,8.0,22,252,87.4627091884613,2
1501,graficon37nodi/grafo4080.37,15,37,57,112,132,9.0,27,340,600.4974887371063,9
1502,graficon54nodi/grafo1328.54,15,54,71,112,129,6.0,20,317,32.63715648651123,2
1503,graficon56nodi/grafo4416.56,15,56,70,114,128,6.0,14,190,25.999253034591675,2
1504,graficon59nodi/grafo4386.59,15,59,73,111,125,4.0,10,220,2.3839471340179443,2
1505,graficon54nodi/grafo4332.54,15,54,69,111,126,7.0,17,167,187.42000150680542,2
1506,graficon35nodi/grafo5351.35,15,35,51,111,127,5.0,10,185,12.460193634033203,2
1507,graficon56nodi/grafo4275.56,15,56,76,113,133,11.0,32,249,462.7465558052063,2
1508,graficon59nodi/grafo6792.59,15,59,76,114,131,7.0,26,364,153.88344621658325,2
1509,graficon69nodi/grafo7584.69,15,69,80,114,125,5.0,12,185,42.80416464805603,2
1510,graficon51nodi/grafo6893.51,15,51,68,114,131,6.0,17,223,141.02567172050476,2
1511,graficon58nodi/grafo5098.58,15,58,79,112,133,11.0,55,666,600.6856226921082,9
1512,graficon64nodi/grafo7471.64,15,64,76,110,122,6.0,13,273,5.077448606491089,2
1513,graficon74nodi/grafo8685.74,15,74,94,114,134,7.0,22,454,62.163044691085815,2
1514,graficon47nodi/grafo7236.47,15,47,70,111,134,9.0,36,364,558.4206614494324,2
1515,graficon60nodi/grafo4548.60,15,60,72,112,124,7.0,24,258,600.4877316951752,9
1516,graficon64nodi/grafo4288.64,15,64,81,111,128,8.0,21,300,90.77243685722351,2
1517,graficon77nodi/grafo8372.77,15,77,85,112,120,4.0,8,292,6.999583005905151,2
1518,graficon61nodi/grafo5418.61,15,61,82,112,133,5.0,18,451,8.246368885040283,2
1519,graficon59nodi/grafo4463.59,15,59,76,114,131,5.0,12,303,3.8902504444122314,2
1520,graficon58nodi/grafo4889.58,15,58,77,111,130,8.0,32,335,546.8122801780701,2
1521,graficon55nodi/grafo4661.55,15,55,69,111,125,7.0,18,175,152.3742892742157,2
1522,graficon43nodi/grafo5950.43,15,43,56,112,125,4.0,8,136,2.0699753761291504,2
1523,graficon44nodi/grafo5404.44,15,44,60,113,129,6.0,13,245,18.252540826797485,2
1524,graficon59nodi/grafo6503.59,15,59,73,111,125,4.0,13,189,8.723701000213623,2
1525,graficon35nodi/grafo5852.35,15,35,50,112,127,5.0,8,92,4.436818599700928,2
1526,graficon55nodi/grafo4318.55,15,55,81,114,140,12.0,53,437,601.0157325267792,9
1527,graficon63nodi/grafo9365.63,15,63,83,110,130,9.0,25,398,162.87746930122375,2
1528,graficon39nodi/grafo2982.39,15,39,52,112,125,4.0,7,156,12.246231079101562,2
1529,graficon58nodi/grafo6031.58,15,58,82,113,137,11.0,39,506,601.2197456359863,9
1530,graficon40nodi/grafo3131.40,15,40,53,112,125,4.0,14,194,5.561074256896973,2
1531,graficon66nodi/grafo1564.66,15,66,85,114,133,6.0,19,290,21.816290855407715,2
1532,graficon44nodi/grafo6276.44,15,44,62,112,130,7.0,13,138,19.00550079345703,2
1533,graficon65nodi/grafo9158.65,15,65,87,114,136,14.0,51,426,605.1514239311218,9
1534,graficon61nodi/grafo3853.61,15,61,79,113,131,7.0,30,299,138.10057592391968,2
1535,graficon61nodi/grafo9775.61,15,61,79,113,131,7.0,18,377,57.32900428771973,2
1536,graficon43nodi/grafo3947.43,15,43,63,114,134,5.0,12,256,4.127213001251221,2
1537,graficon42nodi/grafo7666.42,15,42,63,111,132,9.0,30,310,435.9260287284851,2
1538,graficon72nodi/grafo8975.72,15,72,87,112,127,7.0,32,408,601.0632288455963,9
1539,graficon51nodi/grafo4726.51,15,51,67,110,126,3.0,10,385,7.38126277923584,2
1540,graficon46nodi/grafo5659.46,15,46,60,110,124,5.0,13,208,16.19272541999817,2
1541,graficon63nodi/grafo2914.63,15,63,80,111,128,12.0,34,291,600.6331582069397,9
1542,graficon58nodi/grafo5008.58,15,58,77,114,133,6.0,27,296,53.30496120452881,2
1543,graficon59nodi/grafo6791.59,15,59,76,114,131,7.0,26,364,140.41925811767578,2
1544,graficon53nodi/grafo1262.53,15,53,74,114,135,10.0,48,359,307.27690601348877,2
1545,graficon56nodi/grafo6350.56,15,56,74,114,132,6.0,24,315,62.86505603790283,2
1546,graficon36nodi/grafo3241.36,15,36,47,110,121,3.0,9,122,1.5664644241333008,2
1547,graficon52nodi/grafo3628.52,15,52,71,114,133,6.0,13,296,11.063501596450806,2
1548,graficon40nodi/grafo4021.40,15,40,51,111,122,4.0,8,106,1.1151232719421387,2
1549,graficon60nodi/grafo5483.60,15,60,75,113,128,4.0,8,304,3.5463101863861084,2
1550,graficon42nodi/grafo5183.42,15,42,58,110,126,5.0,18,223,27.1939435005188,2
1551,graficon62nodi/grafo4952.62,15,62,78,110,126,6.0,19,303,15.715585947036743,2
1552,graficon44nodi/grafo6968.44,15,44,67,112,135,9.0,28,249,49.310518980026245,2
1553,graficon46nodi/grafo6553.46,15,46,66,111,131,7.0,14,204,80.43505692481995,2
1554,graficon56nodi/grafo6546.56,15,56,70,113,127,5.0,10,246,35.532267332077026,2
1555,graficon55nodi/grafo7054.55,15,55,79,112,136,9.0,48,516,600.8046503067017,9
1556,graficon62nodi/grafo6494.62,15,62,81,111,130,10.0,36,336,600.4915096759796,9
1557,graficon56nodi/grafo4322.56,15,56,78,113,135,9.0,34,304,438.77574920654297,2
1558,graficon62nodi/grafo7772.62,15,62,79,113,130,8.0,20,283,91.74163436889648,2
1559,graficon61nodi/grafo4616.61,15,61,81,111,131,8.0,23,350,328.6307783126831,2
1560,graficon63nodi/grafo4884.63,15,63,86,113,136,9.0,32,502,225.24922394752502,2
1561,graficon38nodi/grafo10618.38,15,38,54,113,129,7.0,24,170,219.63098454475403,2
1562,graficon52nodi/grafo6715.52,15,52,72,110,130,9.0,31,399,377.19246673583984,2
1563,graficon41nodi/grafo4031.41,15,41,62,111,132,8.0,26,231,231.53325605392456,2
1564,graficon53nodi/grafo5040.53,15,53,72,112,131,8.0,25,352,257.076149225235,2
1565,graficon63nodi/grafo4162.63,15,63,81,113,131,8.0,23,352,174.02493405342102,2
1566,graficon53nodi/grafo4750.53,15,53,64,113,124,4.0,7,140,1.4171485900878906,2
1567,graficon37nodi/grafo5965.37,15,37,52,113,128,4.0,12,175,5.657952070236206,2
1568,graficon41nodi/grafo149.41,15,41,54,111,124,4.0,10,165,9.124373197555542,2
1569,graficon68nodi/grafo4896.68,15,68,86,114,132,8.0,24,205,239.42583751678467,2
1570,graficon48nodi/grafo6561.48,15,48,68,111,131,6.0,17,284,77.60359978675842,2
1571,graficon64nodi/grafo9060.64,15,64,81,112,129,8.0,31,295,600.4874229431152,9
1572,graficon44nodi/grafo4022.44,15,44,63,113,132,6.0,20,302,27.79925799369812,2
1573,graficon39nodi/grafo3142.39,15,39,52,111,124,6.0,12,168,72.85047602653503,2
1574,graficon64nodi/grafo9057.64,15,64,85,114,135,11.0,38,372,600.5128848552704,9
1575,graficon38nodi/grafo7492.38,15,38,57,111,130,8.0,32,294,582.6620142459869,2
1576,graficon56nodi/grafo1366.56,15,56,70,115,129,5.0,7,195,17.576904296875,2
1577,graficon57nodi/grafo4130.57,15,57,79,117,139,9.0,42,405,600.9210224151611,9
1578,graficon55nodi/grafo6661.55,15,55,72,117,134,7.0,15,195,13.91439938545227,2
1579,graficon59nodi/grafo1342.59,15,59,70,117,128,5.0,14,321,73.94257020950317,2
1580,graficon64nodi/grafo9594.64,15,64,86,117,139,11.0,36,316,264.6286895275116,2
1581,graficon57nodi/grafo6107.57,15,57,75,119,137,9.0,25,320,320.94780683517456,2
1582,graficon64nodi/grafo9467.64,15,64,75,117,128,3.0,8,170,3.003213405609131,2
1583,graficon68nodi/grafo9749.68,15,68,82,119,133,6.0,15,296,73.0168342590332,2
1584,graficon56nodi/grafo1480.56,15,56,77,118,139,14.0,60,478,600.8187830448151,9
1585,graficon37nodi/grafo11566.37,15,37,53,116,132,4.0,14,179,4.784473419189453,2
1586,graficon62nodi/grafo5406.62,15,62,77,117,132,6.0,15,211,4.934130668640137,2
1587,graficon71nodi/grafo8270.71,15,71,91,118,138,8.0,25,254,83.62522101402283,2
1588,graficon54nodi/grafo5311.54,15,54,74,115,135,8.0,32,493,87.2632167339325,2
1589,graficon59nodi/grafo4198.59,15,59,75,115,131,6.0,26,283,82.95942234992981,2
1590,graficon51nodi/grafo6747.51,15,51,65,118,132,5.0,13,193,4.269660949707031,2
1591,graficon68nodi/grafo6622.68,15,68,77,115,124,3.0,4,175,0.6542613506317139,2
1592,graficon64nodi/grafo4563.64,15,64,87,118,141,15.0,61,564,601.2543652057648,9
1593,graficon64nodi/grafo5788.64,15,64,77,117,130,6.0,18,248,188.37525296211243,2
1594,graficon67nodi/grafo6909.67,15,67,77,115,125,4.0,15,217,23.680850505828857,2
1595,graficon53nodi/grafo4003.53,15,53,72,118,137,8.0,22,268,600.471593618393,9
1596,graficon54nodi/grafo6872.54,15,54,76,119,141,12.0,61,407,600.4798514842987,9
1597,graficon57nodi/grafo6269.57,15,57,75,118,136,9.0,38,330,604.6298608779907,9
1598,graficon58nodi/grafo4723.58,15,58,70,118,130,4.0,5,227,6.335988998413086,2
1599,graficon45nodi/grafo6297.45,15,45,60,115,130,5.0,13,156,3.246894359588623,2
1600,graficon39nodi/grafo9974.39,15,39,55,117,133,4.0,6,130,1.4288928508758545,2
1601,graficon55nodi/grafo4894.55,15,55,76,116,137,7.0,24,242,84.0174913406372,2
1602,graficon43nodi/grafo5515.43,15,43,64,116,137,9.0,34,357,600.4799182415009,9
1603,graficon52nodi/grafo3810.52,15,52,64,115,127,6.0,15,173,43.82871055603027,2
1604,graficon62nodi/grafo4293.62,15,62,77,115,130,7.0,21,374,82.5244369506836,2
1605,graficon57nodi/grafo3957.57,15,57,80,119,142,10.0,40,345,112.01515698432922,2
1606,graficon42nodi/grafo5345.42,15,42,55,118,131,4.0,7,168,22.595924615859985,2
1607,graficon44nodi/grafo7605.44,15,44,65,118,139,7.0,20,251,46.428366899490356,2
1608,graficon47nodi/grafo6300.47,15,47,72,117,142,14.0,49,400,600.8136322498322,9
1609,graficon63nodi/grafo9652.63,15,63,75,118,130,6.0,13,194,32.15332531929016,2
1610,graficon53nodi/grafo5729.53,15,53,75,115,137,9.0,37,363,79.11327528953552,2
1611,graficon58nodi/grafo6690.58,15,58,70,116,128,4.0,8,236,9.271328687667847,2
1612,graficon75nodi/grafo6954.75,15,75,90,117,132,6.0,19,216,130.5196180343628,2
1613,graficon51nodi/grafo3507.51,15,51,71,117,137,10.0,33,280,600.4084196090698,9
1614,graficon41nodi/grafo7137.41,15,41,59,115,133,8.0,18,177,120.3451337814331,2
1615,graficon69nodi/grafo8347.69,15,69,76,119,126,3.0,3,180,1.0264992713928223,2
1616,graficon64nodi/grafo4722.64,15,64,80,119,135,6.0,16,201,18.904717683792114,2
1617,graficon44nodi/grafo5243.44,15,44,61,118,135,8.0,18,236,39.57158589363098,2
1618,graficon51nodi/grafo4766.51,15,51,73,117,139,8.0,24,321,117.5856864452362,2
1619,graficon45nodi/grafo7039.45,15,45,63,116,134,5.0,11,228,17.63943362236023,2
1620,graficon66nodi/grafo1414.66,15,66,82,118,134,7.0,20,298,600.4893901348114,9
1621,graficon48nodi/grafo7601.48,15,48,64,118,134,7.0,21,217,45.2796995639801,2
1622,graficon63nodi/grafo9085.63,15,63,82,119,138,8.0,26,352,94.64812970161438,2
1623,graficon56nodi/grafo4621.56,15,56,67,119,130,5.0,12,179,7.1625237464904785,2
1624,graficon63nodi/grafo7961.63,15,63,76,117,130,4.0,7,216,2.2314939498901367,2
1625,graficon56nodi/grafo3760.56,15,56,69,115,128,3.0,8,162,2.6785614490509033,2
1626,graficon58nodi/grafo5173.58,15,58,83,115,140,10.0,41,385,600.542181968689,9
1627,graficon43nodi/grafo6391.43,15,43,62,119,138,7.0,28,276,409.2600612640381,2
1628,graficon37nodi/grafo5229.37,15,37,53,115,131,6.0,15,175,12.3876793384552,2
1629,graficon67nodi/grafo9070.67,15,67,88,116,137,13.0,45,391,601.4490358829498,9
1630,graficon76nodi/grafo8078.76,15,76,98,117,139,13.0,62,398,600.6880428791046,9
1631,graficon65nodi/grafo1527.65,15,65,77,117,129,4.0,10,187,3.033318042755127,2
1632,graficon37nodi/grafo6959.37,15,37,55,117,135,6.0,11,141,42.17189288139343,2
1633,graficon46nodi/grafo6724.46,15,46,66,118,138,9.0,27,283,600.4730401039124,9
1634,graficon43nodi/grafo5987.43,15,43,63,117,137,9.0,34,215,407.81615257263184,2
1635,graficon64nodi/grafo9098.64,15,64,80,117,133,6.0,17,203,17.738195657730103,2
1636,graficon54nodi/grafo3460.54,15,54,82,117,145,14.0,62,607,600.7218899726868,9
1637,graficon50nodi/grafo4869.50,15,50,69,117,136,7.0,20,255,25.346688270568848,2
1638,graficon44nodi/grafo4017.44,15,44,60,118,134,6.0,19,189,103.08877897262573,2
1639,graficon61nodi/grafo9367.61,15,61,77,117,133,5.0,16,367,19.24831771850586,2
1640,graficon37nodi/grafo6698.37,15,37,54,118,135,7.0,15,156,19.668092966079712,2
1641,graficon66nodi/grafo4656.66,15,66,81,119,134,6.0,16,254,245.97496390342712,2
1642,graficon52nodi/grafo4874.52,15,52,70,119,137,3.0,8,360,3.540928840637207,2
1643,graficon57nodi/grafo6446.57,15,57,68,116,127,3.0,4,163,0.8947391510009766,2
1644,graficon57nodi/grafo1567.57,15,57,74,118,135,6.0,16,194,17.233962297439575,2
1645,graficon60nodi/grafo7536.60,15,60,76,119,135,7.0,25,345,600.5347867012024,9
1646,graficon62nodi/grafo9405.62,15,62,82,117,137,9.0,37,556,600.5651135444641,9
1647,graficon58nodi/grafo4605.58,15,58,84,118,144,12.0,60,578,600.9521160125732,9
1648,graficon39nodi/grafo3902.39,15,39,53,116,130,5.0,15,266,3.339877128601074,2
1649,graficon46nodi/grafo6228.46,15,46,62,116,132,7.0,25,300,195.1801781654358,2
1650,graficon63nodi/grafo6941.63,15,63,82,116,135,9.0,27,296,455.0854709148407,2
1651,graficon58nodi/grafo5389.58,15,58,84,122,148,14.0,53,422,600.5563809871674,9
1652,graficon52nodi/grafo3704.52,15,52,70,121,139,8.0,26,329,142.50944638252258,2
1653,graficon60nodi/grafo5914.60,15,60,82,124,146,11.0,54,506,600.6908855438232,9
1654,graficon58nodi/grafo4730.58,15,58,86,123,151,9.0,35,543,284.6458885669708,2
1655,graficon68nodi/grafo8028.68,15,68,94,121,147,20.0,85,617,601.2791683673859,9
1656,graficon47nodi/grafo3846.47,15,47,65,124,142,8.0,15,293,13.54010272026062,2
1657,graficon46nodi/grafo6790.46,15,46,74,121,149,16.0,59,529,600.8791720867157,9
1658,graficon73nodi/grafo6710.73,15,73,94,124,145,11.0,42,518,600.562509059906,9
1659,graficon59nodi/grafo7328.59,15,59,71,120,132,5.0,9,165,5.259636163711548,2
1660,graficon46nodi/grafo7399.46,15,46,63,123,140,6.0,15,188,59.734484910964966,2
1661,graficon76nodi/grafo7967.76,15,76,100,121,145,12.0,49,798,450.89865708351135,2
1662,graficon67nodi/grafo8050.67,15,67,86,123,142,7.0,25,393,525.5988233089447,2
1663,graficon42nodi/grafo6310.42,15,42,63,122,143,8.0,25,262,321.45684123039246,2
1664,graficon56nodi/grafo3658.56,15,56,78,124,146,10.0,49,393,600.5660374164581,9
1665,graficon62nodi/grafo4245.62,15,62,84,121,143,10.0,39,257,600.4555530548096,9
1666,graficon77nodi/grafo4554.77,15,77,99,124,146,14.0,54,516,600.7402966022491,9
1667,graficon60nodi/grafo4856.60,15,60,80,122,142,6.0,23,288,67.51200103759766,2
1668,graficon53nodi/grafo4505.53,15,53,69,120,136,4.0,7,165,2.3357512950897217,2
1669,graficon43nodi/grafo5443.43,15,43,59,122,138,5.0,18,214,23.871487140655518,2
1670,graficon51nodi/grafo6475.51,15,51,66,122,137,7.0,18,184,75.33703351020813,2
1671,graficon47nodi/grafo7084.47,15,47,65,124,142,6.0,16,224,28.34055233001709,2
1672,graficon75nodi/grafo8507.75,15,75,88,123,136,5.0,11,182,75.72479915618896,2
1673,graficon48nodi/grafo1416.48,15,48,62,124,138,5.0,9,170,10.247377872467041,2
1674,graficon63nodi/grafo9234.63,15,63,87,120,144,11.0,46,306,600.6184847354889,9
1675,graficon51nodi/grafo4154.51,15,51,65,121,135,5.0,11,219,16.27484917640686,2
1676,graficon62nodi/grafo4988.62,15,62,78,121,137,7.0,26,305,600.3926224708557,9
1677,graficon61nodi/grafo6131.61,15,61,79,123,141,7.0,15,401,67.31644415855408,2
1678,graficon44nodi/grafo6911.44,15,44,59,124,139,4.0,7,129,0.9108712673187256,2
1679,graficon58nodi/grafo3448.58,15,58,85,124,151,13.0,47,408,600.6665596961975,9
1680,graficon60nodi/grafo8115.60,15,60,74,120,134,6.0,25,288,359.3337333202362,2
1681,graficon55nodi/grafo3950.55,15,55,74,121,140,6.0,20,275,59.18363118171692,2
1682,graficon64nodi/grafo9659.64,15,64,82,122,140,10.0,28,317,600.4919500350952,9
1683,graficon44nodi/grafo3705.44,15,44,57,120,133,3.0,8,173,1.6370007991790771,2
1684,graficon61nodi/grafo4313.61,15,61,89,120,148,14.0,46,361,600.5388028621674,9
1685,graficon57nodi/grafo3991.57,15,57,81,120,144,11.0,48,438,328.97277212142944,2
1686,graficon46nodi/grafo7405.46,15,46,64,123,141,7.0,27,284,229.77915692329407,2
1687,graficon57nodi/grafo3791.57,15,57,78,123,144,12.0,39,348,600.5103013515472,9
1688,graficon43nodi/grafo3269.43,15,43,58,122,137,4.0,10,202,2.192096710205078,2
1689,graficon39nodi/grafo6026.39,15,39,61,122,144,5.0,16,190,12.194069147109985,2
1690,graficon62nodi/grafo9822.62,15,62,89,124,151,20.0,69,475,600.9478199481964,9
1691,graficon49nodi/grafo4046.49,15,49,67,122,140,5.0,15,314,32.49769997596741,2
1692,graficon55nodi/grafo3346.55,15,55,74,122,141,6.0,17,250,64.13201451301575,2
1693,graficon56nodi/grafo4940.56,15,56,72,121,137,6.0,15,273,27.816516637802124,2
1694,graficon57nodi/grafo4083.57,15,57,78,124,145,11.0,33,301,600.445729970932,9
1695,graficon46nodi/grafo3636.46,15,46,62,121,137,6.0,14,260,15.108519315719604,2
1696,graficon55nodi/grafo4394.55,15,55,76,124,145,10.0,28,325,600.629182100296,9
1697,graficon42nodi/grafo6004.42,15,42,60,121,139,4.0,12,254,5.666118144989014,2
1698,graficon61nodi/grafo4331.61,15,61,78,124,141,5.0,15,234,23.875972509384155,2
1699,graficon69nodi/grafo7284.69,15,69,87,121,139,6.0,30,270,18.516566276550293,2
1700,graficon55nodi/grafo3598.55,15,55,73,122,140,7.0,22,283,587.0486459732056,2
1701,graficon55nodi/grafo4356.55,15,55,73,120,138,6.0,19,206,112.63393259048462,2
1702,graficon61nodi/grafo5755.61,15,61,85,124,148,13.0,46,333,601.1383612155914,9
1703,graficon38nodi/grafo11236.38,15,38,52,124,138,2.0,6,115,0.7279176712036133,2
1704,graficon56nodi/grafo5089.56,15,56,83,123,150,12.0,43,308,600.451043844223,9
1705,graficon46nodi/grafo7386.46,15,46,66,122,142,8.0,26,345,600.5457887649536,9
1706,graficon60nodi/grafo8159.60,15,60,85,122,147,10.0,33,479,600.6487419605255,9
1707,graficon61nodi/grafo3564.61,15,61,79,124,142,9.0,37,406,600.7464780807495,9
1708,graficon66nodi/grafo8771.66,15,66,88,123,145,7.0,23,292,75.49275922775269,2
1709,graficon56nodi/grafo5055.56,15,56,77,124,145,9.0,32,389,277.6002380847931,2
1710,graficon58nodi/grafo4280.58,15,58,75,120,137,6.0,17,298,125.32541680335999,2
1711,graficon69nodi/grafo4408.69,15,69,91,121,143,9.0,40,502,423.6254811286926,2
1712,graficon53nodi/grafo6767.53,15,53,73,121,141,9.0,26,532,271.92137265205383,2
1713,graficon63nodi/grafo4642.63,15,63,84,124,145,8.0,34,413,600.4646306037903,9
1714,graficon61nodi/grafo8562.61,15,61,80,122,141,9.0,28,295,281.28055810928345,2
1715,graficon37nodi/grafo3533.37,15,37,57,120,140,6.0,22,313,63.07660484313965,2
1716,graficon43nodi/grafo6008.43,15,43,68,124,149,10.0,31,342,256.1145408153534,2
1717,graficon60nodi/grafo3198.60,15,60,80,123,143,9.0,38,370,600.4372642040253,9
1718,graficon48nodi/grafo1488.48,15,48,58,122,132,4.0,7,164,13.122469186782837,2
1719,graficon60nodi/grafo7341.60,15,60,78,124,142,9.0,27,274,338.14851355552673,2
1720,graficon73nodi/grafo9705.73,15,73,94,124,145,9.0,20,351,138.68060779571533,2
1721,graficon62nodi/grafo5912.62,15,62,75,122,135,4.0,14,237,21.284964561462402,2
1722,graficon51nodi/grafo4451.51,15,51,72,124,145,8.0,20,248,63.780205965042114,2
1723,graficon69nodi/grafo7808.69,15,69,88,120,139,7.0,18,270,17.781558990478516,2
1724,graficon68nodi/grafo2711.68,15,68,82,124,138,5.0,12,311,11.223771095275879,2
1725,graficon63nodi/grafo4263.63,15,63,77,123,137,5.0,14,219,15.23466944694519,2
