Index,Data,combo_idx,Nodes,Edges,TotalNodes,TotalEdges,ObjVal,Crossings,EdgeLength,Runtime,Status
1,graficon13nodi/grafo2567.13,16,13,13,13,13,0.0,0,6,0.002541065216064453,2
2,graficon11nodi/grafo685.11,16,11,11,13,13,0.0,0,14,0.0037484169006347656,2
3,graficon10nodi/grafo2511.10,16,10,10,12,12,0.0,0,6,0.0020689964294433594,2
4,graficon12nodi/grafo957.12,16,12,11,13,12,0.0,0,10,0.0017685890197753906,2
5,graficon14nodi/grafo769.14,16,14,13,14,13,0.0,0,10,0.0014963150024414062,2
6,graficon10nodi/grafo1070.10,16,10,10,12,12,0.0,0,6,0.0010886192321777344,2
7,graficon10nodi/grafo473.10,16,10,10,12,12,0.0,0,6,0.001096963882446289,2
8,graficon14nodi/grafo371.14,16,14,13,14,13,0.0,0,6,0.0025632381439208984,2
9,graficon12nodi/grafo906.12,16,12,11,12,11,0.0,0,3,0.0008881092071533203,2
10,graficon11nodi/grafo927.11,16,11,10,11,10,0.0,0,6,0.001962900161743164,2
11,graficon10nodi/grafo758.10,16,10,10,12,12,0.0,0,6,0.002912282943725586,2
12,graficon12nodi/grafo122.12,16,12,11,12,11,0.0,0,5,0.0008528232574462891,2
13,graficon12nodi/grafo1843.12,16,12,15,14,17,1.0,2,15,0.028029918670654297,2
14,graficon10nodi/grafo898.10,16,10,9,10,9,0.0,0,2,0.0009200572967529297,2
15,graficon11nodi/grafo2433.11,16,11,11,13,13,0.0,0,3,0.0015099048614501953,2
16,graficon11nodi/grafo749.11,16,11,10,13,12,0.0,0,5,0.001968860626220703,2
17,graficon10nodi/grafo961.10,16,10,10,12,12,0.0,0,6,0.0011191368103027344,2
18,graficon10nodi/grafo1857.10,16,10,12,12,14,0.0,0,10,0.0020825862884521484,2
19,graficon11nodi/grafo1004.11,16,11,12,12,13,0.0,0,15,0.0027146339416503906,2
20,graficon11nodi/grafo675.11,16,11,11,13,13,0.0,0,4,0.0016350746154785156,2
21,graficon10nodi/grafo633.10,16,10,9,10,9,0.0,0,2,0.0007846355438232422,2
22,graficon13nodi/grafo2908.13,16,13,12,13,12,0.0,0,8,0.0011098384857177734,2
23,graficon11nodi/grafo441.11,16,11,11,13,13,0.0,0,14,0.002873659133911133,2
24,graficon11nodi/grafo2812.11,16,11,11,13,13,0.0,0,3,0.001863718032836914,2
25,graficon10nodi/grafo881.10,16,10,9,10,9,0.0,0,2,0.0010445117950439453,2
26,graficon10nodi/grafo455.10,16,10,10,13,13,0.0,0,4,0.0015020370483398438,2
27,graficon12nodi/grafo933.12,16,12,11,12,11,0.0,0,5,0.0007135868072509766,2
28,graficon12nodi/grafo256.12,16,12,11,12,11,0.0,0,2,0.0009429454803466797,2
29,graficon10nodi/grafo1098.10,16,10,9,10,9,0.0,0,2,0.0008533000946044922,2
30,graficon11nodi/grafo246.11,16,11,10,11,10,0.0,0,3,0.0012946128845214844,2
31,graficon12nodi/grafo2668.12,16,12,13,14,15,1.0,1,7,0.0021338462829589844,2
32,graficon12nodi/grafo667.12,16,12,12,13,13,0.0,0,15,0.0027742385864257812,2
33,graficon12nodi/grafo986.12,16,12,11,12,11,0.0,0,5,0.0009884834289550781,2
34,graficon10nodi/grafo782.10,16,10,9,10,9,0.0,0,2,0.0008630752563476562,2
35,graficon12nodi/grafo756.12,16,12,11,12,11,0.0,0,3,0.0010001659393310547,2
36,graficon11nodi/grafo1629.11,16,11,11,14,14,0.0,0,10,0.001687765121459961,2
37,graficon12nodi/grafo888.12,16,12,13,14,15,0.0,0,17,0.004019498825073242,2
38,graficon11nodi/grafo1162.11,16,11,11,12,12,0.0,0,6,0.0012745857238769531,2
39,graficon11nodi/grafo3101.11,16,11,11,13,13,0.0,0,3,0.0014903545379638672,2
40,graficon10nodi/grafo910.10,16,10,9,10,9,0.0,0,2,0.0008604526519775391,2
41,graficon13nodi/grafo514.13,16,13,12,13,12,0.0,0,4,0.0015497207641601562,2
42,graficon10nodi/grafo718.10,16,10,10,12,12,0.0,0,6,0.0016911029815673828,2
43,graficon10nodi/grafo1123.10,16,10,10,12,12,0.0,0,6,0.001369476318359375,2
44,graficon10nodi/grafo474.10,16,10,10,12,12,0.0,0,6,0.001562356948852539,2
45,graficon14nodi/grafo272.14,16,14,13,14,13,0.0,0,9,0.0019304752349853516,2
46,graficon11nodi/grafo1084.11,16,11,10,11,10,0.0,0,2,0.0010404586791992188,2
47,graficon11nodi/grafo2971.11,16,11,11,13,13,0.0,0,3,0.0021452903747558594,2
48,graficon11nodi/grafo313.11,16,11,10,13,12,0.0,0,12,0.0023419857025146484,2
49,graficon11nodi/grafo532.11,16,11,11,13,13,0.0,0,9,0.0025072097778320312,2
50,graficon11nodi/grafo857.11,16,11,11,12,12,0.0,0,12,0.003969430923461914,2
51,graficon10nodi/grafo978.10,16,10,10,12,12,0.0,0,6,0.001100301742553711,2
52,graficon13nodi/grafo1067.13,16,13,13,13,13,0.0,0,6,0.0021038055419921875,2
53,graficon12nodi/grafo2949.12,16,12,11,12,11,0.0,0,4,0.0011134147644042969,2
54,graficon10nodi/grafo962.10,16,10,10,12,12,0.0,0,6,0.001361846923828125,2
55,graficon10nodi/grafo460.10,16,10,9,10,9,0.0,0,2,0.0011641979217529297,2
56,graficon11nodi/grafo3073.11,16,11,11,13,13,0.0,0,3,0.0017576217651367188,2
57,graficon11nodi/grafo316.11,16,11,13,14,16,0.0,0,22,0.0039098262786865234,2
58,graficon13nodi/grafo2415.13,16,13,13,14,14,0.0,0,5,0.002042055130004883,2
59,graficon12nodi/grafo861.12,16,12,12,14,14,0.0,0,21,0.004533052444458008,2
60,graficon11nodi/grafo612.11,16,11,11,13,13,0.0,0,7,0.0011255741119384766,2
61,graficon10nodi/grafo513.10,16,10,10,12,12,0.0,0,6,0.0014805793762207031,2
62,graficon12nodi/grafo352.12,16,12,12,14,14,1.0,1,5,0.002376079559326172,2
63,graficon11nodi/grafo3113.11,16,11,11,13,13,0.0,0,3,0.0021719932556152344,2
64,graficon12nodi/grafo2651.12,16,12,13,12,13,1.0,2,13,0.0034732818603515625,2
65,graficon13nodi/grafo2595.13,16,13,12,13,12,0.0,0,5,0.0020825862884521484,2
66,graficon14nodi/grafo345.14,16,14,13,14,13,0.0,0,9,0.002004384994506836,2
67,graficon10nodi/grafo209.10,16,10,10,12,12,0.0,0,6,0.0012364387512207031,2
68,graficon11nodi/grafo1005.11,16,11,11,12,12,0.0,0,9,0.0012412071228027344,2
69,graficon10nodi/grafo1032.10,16,10,9,10,9,0.0,0,2,0.0009675025939941406,2
70,graficon10nodi/grafo210.10,16,10,10,12,12,0.0,0,6,0.0015211105346679688,2
71,graficon11nodi/grafo759.11,16,11,12,12,13,1.0,1,8,0.002541780471801758,2
72,graficon10nodi/grafo265.10,16,10,12,12,14,1.0,1,16,0.0033926963806152344,2
73,graficon12nodi/grafo2439.12,16,12,12,13,13,0.0,0,10,0.0018296241760253906,2
74,graficon11nodi/grafo748.11,16,11,11,13,13,0.0,0,8,0.001833200454711914,2
75,graficon11nodi/grafo2714.11,16,11,11,13,13,0.0,0,5,0.0021758079528808594,2
76,graficon15nodi/grafo886.15,16,15,15,18,18,0.0,0,19,0.0053730010986328125,2
77,graficon12nodi/grafo2359.12,16,12,17,16,21,2.0,3,67,0.015241146087646484,2
78,graficon17nodi/grafo565.17,16,17,17,19,19,0.0,0,7,0.0015931129455566406,2
79,graficon14nodi/grafo642.14,16,14,15,16,17,1.0,1,14,0.00580286979675293,2
80,graficon15nodi/grafo2783.15,16,15,17,19,21,1.0,1,21,0.006850004196166992,2
81,graficon12nodi/grafo2707.12,16,12,14,16,18,1.0,1,10,0.005282163619995117,2
82,graficon16nodi/grafo2861.16,16,16,15,18,17,1.0,1,22,0.008877754211425781,2
83,graficon16nodi/grafo853.16,16,16,16,16,16,0.0,0,11,0.002715587615966797,2
84,graficon17nodi/grafo1122.17,16,17,17,19,19,0.0,0,7,0.0017800331115722656,2
85,graficon11nodi/grafo2384.11,16,11,12,15,16,0.0,0,9,0.0016734600067138672,2
86,graficon15nodi/grafo1618.15,16,15,16,19,20,0.0,0,29,0.008229255676269531,2
87,graficon13nodi/grafo325.13,16,13,14,15,16,1.0,1,11,0.0032732486724853516,2
88,graficon17nodi/grafo1161.17,16,17,18,19,20,0.0,0,23,0.003696918487548828,2
89,graficon13nodi/grafo510.13,16,13,16,18,21,1.0,1,21,0.009682893753051758,2
90,graficon14nodi/grafo367.14,16,14,14,15,15,0.0,0,11,0.0046732425689697266,2
91,graficon13nodi/grafo477.13,16,13,13,15,15,0.0,0,4,0.0015587806701660156,2
92,graficon13nodi/grafo951.13,16,13,17,19,23,0.0,0,45,0.008428573608398438,2
93,graficon11nodi/grafo1734.11,16,11,14,17,20,1.0,1,34,0.005198001861572266,2
94,graficon15nodi/grafo2797.15,16,15,17,15,17,1.0,1,19,0.004311800003051758,2
95,graficon12nodi/grafo2335.12,16,12,14,19,21,0.0,0,14,0.004067897796630859,2
96,graficon10nodi/grafo1740.10,16,10,13,17,20,1.0,1,36,0.009786367416381836,2
97,graficon13nodi/grafo1853.13,16,13,15,17,19,1.0,4,46,0.03989839553833008,2
98,graficon16nodi/grafo2142.16,16,16,16,17,17,0.0,0,14,0.0034172534942626953,2
99,graficon14nodi/grafo956.14,16,14,15,15,16,1.0,1,12,0.005208730697631836,2
100,graficon15nodi/grafo585.15,16,15,16,19,20,0.0,0,31,0.007234334945678711,2
101,graficon14nodi/grafo2291.14,16,14,14,16,16,1.0,1,24,0.007691383361816406,2
102,graficon14nodi/grafo1658.14,16,14,15,19,20,0.0,0,16,0.003870725631713867,2
103,graficon13nodi/grafo559.13,16,13,15,19,21,0.0,0,17,0.0029916763305664062,2
104,graficon15nodi/grafo2377.15,16,15,15,16,16,0.0,0,11,0.0017914772033691406,2
105,graficon14nodi/grafo2189.14,16,14,16,17,19,1.0,1,26,0.0068225860595703125,2
106,graficon16nodi/grafo322.16,16,16,15,17,16,0.0,0,9,0.004753589630126953,2
107,graficon14nodi/grafo2460.14,16,14,14,15,15,0.0,0,9,0.0037877559661865234,2
108,graficon16nodi/grafo1177.16,16,16,15,17,16,0.0,0,15,0.002777576446533203,2
109,graficon13nodi/grafo203.13,16,13,14,15,16,1.0,1,9,0.005501508712768555,2
110,graficon13nodi/grafo387.13,16,13,15,19,21,1.0,1,20,0.012265205383300781,2
111,graficon15nodi/grafo1107.15,16,15,19,19,23,0.0,0,28,0.009750604629516602,2
112,graficon12nodi/grafo576.12,16,12,14,17,19,0.0,0,9,0.001573324203491211,2
113,graficon12nodi/grafo542.12,16,12,14,17,19,0.0,0,14,0.002382516860961914,2
114,graficon10nodi/grafo1898.10,16,10,15,16,21,1.0,1,34,0.008347272872924805,2
115,graficon12nodi/grafo543.12,16,12,12,15,15,1.0,1,8,0.004498004913330078,2
116,graficon14nodi/grafo843.14,16,14,14,15,15,0.0,0,24,0.004707813262939453,2
117,graficon14nodi/grafo1620.14,16,14,15,17,18,0.0,0,16,0.0028069019317626953,2
118,graficon14nodi/grafo255.14,16,14,16,16,18,1.0,3,36,0.03166341781616211,2
119,graficon14nodi/grafo899.14,16,14,15,15,16,1.0,1,28,0.008196353912353516,2
120,graficon17nodi/grafo422.17,16,17,17,18,18,0.0,0,29,0.009194612503051758,2
121,graficon13nodi/grafo440.13,16,13,14,18,19,0.0,0,18,0.003324270248413086,2
122,graficon11nodi/grafo280.11,16,11,12,15,16,0.0,0,21,0.0034160614013671875,2
123,graficon15nodi/grafo2331.15,16,15,17,17,19,0.0,0,19,0.003391265869140625,2
124,graficon11nodi/grafo1006.11,16,11,12,15,16,0.0,0,8,0.002526521682739258,2
125,graficon13nodi/grafo2218.13,16,13,13,16,16,1.0,1,13,0.004307985305786133,2
126,graficon14nodi/grafo3087.14,16,14,14,16,16,0.0,0,13,0.004956722259521484,2
127,graficon16nodi/grafo1069.16,16,16,15,17,16,0.0,0,14,0.002856731414794922,2
128,graficon14nodi/grafo524.14,16,14,15,15,16,0.0,0,13,0.002784252166748047,2
129,graficon11nodi/grafo1913.11,16,11,14,15,18,0.0,0,15,0.0037398338317871094,2
130,graficon14nodi/grafo2919.14,16,14,15,17,18,0.0,0,18,0.0034248828887939453,2
131,graficon16nodi/grafo418.16,16,16,18,19,21,0.0,0,34,0.007634878158569336,2
132,graficon13nodi/grafo1935.13,16,13,18,17,22,1.0,1,30,0.008144855499267578,2
133,graficon17nodi/grafo774.17,16,17,18,19,20,1.0,2,51,0.014508724212646484,2
134,graficon16nodi/grafo1029.16,16,16,16,18,18,0.0,0,8,0.001567840576171875,2
135,graficon12nodi/grafo2663.12,16,12,13,15,16,0.0,0,11,0.002500772476196289,2
136,graficon14nodi/grafo2634.14,16,14,13,15,14,0.0,0,12,0.003283977508544922,2
137,graficon12nodi/grafo2380.12,16,12,12,16,16,0.0,0,9,0.0036597251892089844,2
138,graficon17nodi/grafo2146.17,16,17,17,19,19,0.0,0,17,0.0030999183654785156,2
139,graficon14nodi/grafo2900.14,16,14,14,18,18,0.0,0,10,0.0033240318298339844,2
140,graficon13nodi/grafo430.13,16,13,14,16,17,0.0,0,10,0.0024755001068115234,2
141,graficon10nodi/grafo938.10,16,10,14,19,23,1.0,3,57,0.013103723526000977,2
142,graficon14nodi/grafo1063.14,16,14,15,18,19,0.0,0,11,0.0015320777893066406,2
143,graficon11nodi/grafo2964.11,16,11,12,19,20,0.0,0,12,0.002444028854370117,2
144,graficon13nodi/grafo989.13,16,13,14,18,19,0.0,0,12,0.002941131591796875,2
145,graficon11nodi/grafo822.11,16,11,13,18,20,1.0,1,13,0.0038671493530273438,2
146,graficon10nodi/grafo1774.10,16,10,15,16,21,1.0,1,34,0.008104801177978516,2
147,graficon11nodi/grafo900.11,16,11,13,18,20,0.0,0,9,0.0026187896728515625,2
148,graficon13nodi/grafo2927.13,16,13,14,19,20,1.0,1,23,1.1308884620666504,2
149,graficon13nodi/grafo2354.13,16,13,16,19,22,1.0,1,25,0.009112119674682617,2
150,graficon13nodi/grafo791.13,16,13,15,19,21,1.0,1,16,0.008365154266357422,2
151,graficon16nodi/grafo1945.16,16,16,17,23,24,2.0,2,29,0.04661417007446289,2
152,graficon17nodi/grafo2644.17,16,17,19,23,25,0.0,0,21,0.006395101547241211,2
153,graficon17nodi/grafo2882.17,16,17,18,24,25,0.0,0,27,0.006585597991943359,2
154,graficon19nodi/grafo794.19,16,19,21,22,24,1.0,1,23,0.007081747055053711,2
155,graficon14nodi/grafo489.14,16,14,15,22,23,1.0,1,16,0.005882978439331055,2
156,graficon18nodi/grafo1865.18,16,18,20,23,25,0.0,0,30,0.009161710739135742,2
157,graficon15nodi/grafo1970.15,16,15,17,22,24,0.0,0,18,0.003133535385131836,2
158,graficon14nodi/grafo2419.14,16,14,17,24,27,1.0,1,25,0.012295007705688477,2
159,graficon12nodi/grafo2855.12,16,12,17,24,29,1.0,1,21,0.008694171905517578,2
160,graficon13nodi/grafo1729.13,16,13,19,22,28,2.0,6,74,0.04321646690368652,2
161,graficon13nodi/grafo2832.13,16,13,14,23,24,0.0,0,20,0.005409717559814453,2
162,graficon18nodi/grafo1893.18,16,18,18,21,21,0.0,0,15,0.003859996795654297,2
163,graficon18nodi/grafo1059.18,16,18,18,22,22,0.0,0,10,0.0019383430480957031,2
164,graficon12nodi/grafo2890.12,16,12,14,20,22,0.0,0,18,0.005251646041870117,2
165,graficon16nodi/grafo2231.16,16,16,20,22,26,1.0,1,30,0.00854802131652832,2
166,graficon20nodi/grafo2767.20,16,20,22,24,26,1.0,1,33,0.010518074035644531,2
167,graficon20nodi/grafo3051.20,16,20,23,24,27,0.0,0,21,0.0036525726318359375,2
168,graficon12nodi/grafo638.12,16,12,17,22,27,0.0,0,31,0.0065495967864990234,2
169,graficon15nodi/grafo2233.15,16,15,20,23,28,0.0,0,42,0.011071920394897461,2
170,graficon16nodi/grafo275.16,16,16,18,24,26,1.0,1,27,0.007951974868774414,2
171,graficon22nodi/grafo2137.22,16,22,21,24,23,0.0,0,29,0.004301548004150391,2
172,graficon18nodi/grafo314.18,16,18,18,22,22,0.0,0,10,0.0024204254150390625,2
173,graficon15nodi/grafo2225.15,16,15,18,23,26,0.0,0,16,0.0042438507080078125,2
174,graficon11nodi/grafo1876.11,16,11,19,24,32,3.0,9,49,0.1946558952331543,2
175,graficon13nodi/grafo891.13,16,13,13,20,20,0.0,0,14,0.003681659698486328,2
176,graficon12nodi/grafo2675.12,16,12,14,20,22,0.0,0,18,0.005167722702026367,2
177,graficon11nodi/grafo1835.11,16,11,15,21,25,0.0,0,18,0.004931926727294922,2
178,graficon23nodi/grafo2357.23,16,23,22,24,23,0.0,0,38,0.010109424591064453,2
179,graficon15nodi/grafo1982.15,16,15,17,24,26,1.0,1,34,0.01016378402709961,2
180,graficon14nodi/grafo378.14,16,14,17,22,25,0.0,0,43,0.009104251861572266,2
181,graficon17nodi/grafo2324.17,16,17,21,23,27,1.0,2,27,0.012916326522827148,2
182,graficon13nodi/grafo964.13,16,13,16,23,26,0.0,0,27,0.006476402282714844,2
183,graficon19nodi/grafo423.19,16,19,21,23,25,0.0,0,29,0.008825540542602539,2
184,graficon13nodi/grafo2204.13,16,13,13,20,20,0.0,0,14,0.0051310062408447266,2
185,graficon13nodi/grafo443.13,16,13,15,20,22,1.0,2,15,0.03134322166442871,2
186,graficon20nodi/grafo215.20,16,20,22,24,26,1.0,1,33,0.011522054672241211,2
187,graficon14nodi/grafo1662.14,16,14,20,24,30,1.0,3,31,0.1225736141204834,2
188,graficon20nodi/grafo495.20,16,20,20,24,24,0.0,0,11,0.0027196407318115234,2
189,graficon16nodi/grafo2281.16,16,16,21,24,29,1.0,1,53,0.013536453247070312,2
190,graficon11nodi/grafo1054.11,16,11,15,23,27,0.0,0,42,0.00975942611694336,2
191,graficon16nodi/grafo661.16,16,16,17,21,22,1.0,1,11,0.007469892501831055,2
192,graficon12nodi/grafo844.12,16,12,18,20,26,1.0,2,40,0.015261650085449219,2
193,graficon19nodi/grafo1661.19,16,19,21,21,23,1.0,2,17,0.036292314529418945,2
194,graficon18nodi/grafo2186.18,16,18,23,23,28,1.0,4,25,0.0124664306640625,2
195,graficon12nodi/grafo2867.12,16,12,16,22,26,0.0,0,38,0.007988691329956055,2
196,graficon15nodi/grafo1136.15,16,15,17,24,26,0.0,0,19,0.005029201507568359,2
197,graficon20nodi/grafo1651.20,16,20,21,23,24,1.0,1,61,0.016530513763427734,2
198,graficon15nodi/grafo2157.15,16,15,15,20,20,0.0,0,13,0.0031294822692871094,2
199,graficon17nodi/grafo1634.17,16,17,18,20,21,1.0,1,49,0.01955127716064453,2
200,graficon16nodi/grafo2440.16,16,16,20,22,26,3.0,6,29,0.08272099494934082,2
201,graficon18nodi/grafo953.18,16,18,18,22,22,0.0,0,10,0.002070188522338867,2
202,graficon23nodi/grafo1485.23,16,23,22,23,22,0.0,0,21,0.006335020065307617,2
203,graficon13nodi/grafo2620.13,16,13,16,20,23,0.0,0,19,0.006023406982421875,2
204,graficon17nodi/grafo2680.17,16,17,22,22,27,2.0,2,60,0.03912758827209473,2
205,graficon20nodi/grafo1649.20,16,20,22,24,26,2.0,3,52,0.052593231201171875,2
206,graficon19nodi/grafo1897.19,16,19,20,24,25,0.0,0,65,0.015388011932373047,2
207,graficon13nodi/grafo2645.13,16,13,17,23,27,0.0,0,28,0.007812976837158203,2
208,graficon18nodi/grafo2480.18,16,18,21,22,25,0.0,0,41,0.008681774139404297,2
209,graficon13nodi/grafo2298.13,16,13,14,21,22,0.0,0,14,0.0034623146057128906,2
210,graficon15nodi/grafo739.15,16,15,18,23,26,0.0,0,34,0.009987115859985352,2
211,graficon17nodi/grafo2679.17,16,17,19,21,23,1.0,1,24,0.009438037872314453,2
212,graficon14nodi/grafo2430.14,16,14,15,21,22,0.0,0,14,0.0035529136657714844,2
213,graficon15nodi/grafo582.15,16,15,16,22,23,0.0,0,14,0.004365205764770508,2
214,graficon11nodi/grafo1619.11,16,11,15,21,25,1.0,3,28,0.05000472068786621,2
215,graficon15nodi/grafo1124.15,16,15,16,23,24,0.0,0,20,0.006476879119873047,2
216,graficon12nodi/grafo1763.12,16,12,21,22,31,1.0,2,56,0.039685964584350586,2
217,graficon17nodi/grafo1094.17,16,17,19,21,23,0.0,0,14,0.003902435302734375,2
218,graficon15nodi/grafo2903.15,16,15,16,20,21,1.0,1,21,0.007241249084472656,2
219,graficon11nodi/grafo1088.11,16,11,17,22,28,0.0,0,47,0.011940240859985352,2
220,graficon17nodi/grafo645.17,16,17,19,21,23,0.0,0,35,0.011508941650390625,2
221,graficon16nodi/grafo2537.16,16,16,19,21,24,0.0,0,21,0.0033147335052490234,2
222,graficon15nodi/grafo1030.15,16,15,16,23,24,0.0,0,20,0.00653386116027832,2
223,graficon14nodi/grafo242.14,16,14,16,21,23,0.0,0,20,0.0038263797760009766,2
224,graficon17nodi/grafo1009.17,16,17,17,24,24,0.0,0,13,0.0038051605224609375,2
225,graficon13nodi/grafo3112.13,16,13,14,20,21,0.0,0,12,0.0032460689544677734,2
226,graficon16nodi/grafo1731.16,16,16,19,25,28,0.0,0,20,0.008092164993286133,2
227,graficon16nodi/grafo967.16,16,16,17,26,27,0.0,0,9,0.00543522834777832,2
228,graficon17nodi/grafo1732.17,16,17,20,27,30,0.0,0,32,0.011525392532348633,2
229,graficon20nodi/grafo2272.20,16,20,23,27,30,0.0,0,42,0.013545036315917969,2
230,graficon18nodi/grafo1146.18,16,18,29,29,40,3.0,6,78,0.13868117332458496,2
231,graficon18nodi/grafo2289.18,16,18,20,25,27,0.0,0,32,0.007050275802612305,2
232,graficon16nodi/grafo2420.16,16,16,18,28,30,1.0,1,18,0.008833169937133789,2
233,graficon12nodi/grafo574.12,16,12,19,27,34,1.0,2,40,0.04963374137878418,2
234,graficon21nodi/grafo804.21,16,21,22,28,29,0.0,0,42,0.011671066284179688,2
235,graficon22nodi/grafo694.22,16,22,23,27,28,0.0,0,23,0.006175518035888672,2
236,graficon17nodi/grafo479.17,16,17,23,25,31,2.0,7,95,0.07813358306884766,2
237,graficon18nodi/grafo538.18,16,18,19,25,26,0.0,0,20,0.006742715835571289,2
238,graficon21nodi/grafo2416.21,16,21,24,29,32,1.0,1,24,0.009593009948730469,2
239,graficon17nodi/grafo2418.17,16,17,20,26,29,1.0,2,32,0.04741406440734863,2
240,graficon24nodi/grafo1463.24,16,24,25,25,26,0.0,0,30,0.0058476924896240234,2
241,graficon13nodi/grafo1885.13,16,13,16,25,28,0.0,0,21,0.0064008235931396484,2
242,graficon11nodi/grafo1697.11,16,11,17,28,34,2.0,2,21,0.06193947792053223,2
243,graficon15nodi/grafo583.15,16,15,19,25,29,2.0,2,39,0.10001611709594727,2
244,graficon19nodi/grafo2951.19,16,19,24,27,32,1.0,1,35,0.016948938369750977,2
245,graficon14nodi/grafo520.14,16,14,22,29,37,0.0,0,53,0.011998176574707031,2
246,graficon17nodi/grafo2594.17,16,17,21,25,29,2.0,3,48,0.08206605911254883,2
247,graficon18nodi/grafo993.18,16,18,23,28,33,1.0,4,46,0.015451192855834961,2
248,graficon21nodi/grafo127.21,16,21,21,26,26,0.0,0,23,0.0073070526123046875,2
249,graficon16nodi/grafo400.16,16,16,17,26,27,0.0,0,9,0.0058481693267822266,2
250,graficon17nodi/grafo302.17,16,17,19,28,30,0.0,0,18,0.005590200424194336,2
251,graficon21nodi/grafo158.21,16,21,24,29,32,1.0,1,42,0.016621112823486328,2
252,graficon16nodi/grafo540.16,16,16,17,26,27,0.0,0,9,0.005530834197998047,2
253,graficon13nodi/grafo2303.13,16,13,19,28,34,0.0,0,49,0.010947942733764648,2
254,graficon21nodi/grafo1937.21,16,21,24,26,29,2.0,4,36,0.062148332595825195,2
255,graficon15nodi/grafo778.15,16,15,17,26,28,0.0,0,16,0.0050051212310791016,2
256,graficon15nodi/grafo855.15,16,15,17,25,27,0.0,0,16,0.0038747787475585938,2
257,graficon18nodi/grafo1652.18,16,18,20,25,27,0.0,0,24,0.009851217269897461,2
258,graficon13nodi/grafo2659.13,16,13,16,25,28,0.0,0,31,0.009210824966430664,2
259,graficon17nodi/grafo2682.17,16,17,19,26,28,1.0,2,31,0.042017459869384766,2
260,graficon16nodi/grafo1119.16,16,16,22,28,34,1.0,4,50,0.04810833930969238,2
261,graficon14nodi/grafo1870.14,16,14,21,28,35,2.0,4,41,0.05136442184448242,2
262,graficon19nodi/grafo1172.19,16,19,23,26,30,1.0,1,36,0.012599945068359375,2
263,graficon13nodi/grafo511.13,16,13,14,25,26,0.0,0,6,0.002754688262939453,2
264,graficon18nodi/grafo1648.18,16,18,24,26,32,3.0,5,63,0.05301713943481445,2
265,graficon17nodi/grafo893.17,16,17,21,26,30,0.0,0,78,0.022695064544677734,2
266,graficon17nodi/grafo917.17,16,17,20,28,31,0.0,0,42,0.012188434600830078,2
267,graficon23nodi/grafo2256.23,16,23,26,29,32,0.0,0,31,0.0169680118560791,2
268,graficon18nodi/grafo2556.18,16,18,22,28,32,0.0,0,40,0.01514577865600586,2
269,graficon15nodi/grafo2921.15,16,15,17,27,29,0.0,0,17,0.006559610366821289,2
270,graficon21nodi/grafo1762.21,16,21,25,25,29,2.0,5,72,0.17092514038085938,2
271,graficon21nodi/grafo1064.21,16,21,26,25,30,4.0,13,46,0.20438885688781738,2
272,graficon18nodi/grafo784.18,16,18,23,25,30,2.0,4,52,0.0846107006072998,2
273,graficon16nodi/grafo2236.16,16,16,20,28,32,1.0,1,44,0.01840972900390625,2
274,graficon17nodi/grafo2345.17,16,17,20,26,29,1.0,1,24,0.008453607559204102,2
275,graficon18nodi/grafo2307.18,16,18,23,26,31,1.0,3,46,0.04231739044189453,2
276,graficon17nodi/grafo1056.17,16,17,22,29,34,1.0,1,33,0.013725519180297852,2
277,graficon18nodi/grafo1152.18,16,18,24,28,34,1.0,1,45,0.02049994468688965,2
278,graficon24nodi/grafo3100.24,16,24,28,26,30,2.0,2,56,0.04430842399597168,2
279,graficon16nodi/grafo279.16,16,16,19,27,30,0.0,0,26,0.00791788101196289,2
280,graficon17nodi/grafo2401.17,16,17,31,28,42,7.0,44,230,9.470739841461182,2
281,graficon16nodi/grafo2302.16,16,16,20,25,29,1.0,1,25,0.010030984878540039,2
282,graficon16nodi/grafo2525.16,16,16,19,26,29,1.0,1,28,0.010433197021484375,2
283,graficon17nodi/grafo2924.17,16,17,22,28,33,1.0,1,70,0.017964601516723633,2
284,graficon22nodi/grafo167.22,16,22,24,29,31,1.0,1,41,0.020200014114379883,2
285,graficon16nodi/grafo2542.16,16,16,21,26,31,1.0,1,42,0.012415170669555664,2
286,graficon16nodi/grafo2636.16,16,16,22,26,32,2.0,6,27,1.5600347518920898,2
287,graficon17nodi/grafo2758.17,16,17,20,26,29,1.0,1,19,0.008539199829101562,2
288,graficon20nodi/grafo2554.20,16,20,22,25,27,1.0,1,32,0.009310245513916016,2
289,graficon25nodi/grafo2775.25,16,25,26,25,26,1.0,2,64,0.0767526626586914,2
290,graficon19nodi/grafo409.19,16,19,22,25,28,1.0,3,59,0.06871414184570312,2
291,graficon16nodi/grafo2326.16,16,16,21,25,30,1.0,1,56,0.016593456268310547,2
292,graficon14nodi/grafo596.14,16,14,16,27,29,0.0,0,13,0.004645347595214844,2
293,graficon20nodi/grafo679.20,16,20,25,29,34,1.0,2,46,0.0782938003540039,2
294,graficon23nodi/grafo188.23,16,23,24,27,28,0.0,0,31,0.00765681266784668,2
295,graficon19nodi/grafo2449.19,16,19,24,25,30,1.0,5,60,0.044641971588134766,2
296,graficon23nodi/grafo1038.23,16,23,24,27,28,1.0,1,17,0.006909608840942383,2
297,graficon17nodi/grafo2177.17,16,17,22,26,31,0.0,0,46,0.014223098754882812,2
298,graficon20nodi/grafo786.20,16,20,23,26,29,1.0,2,67,0.06404471397399902,2
299,graficon17nodi/grafo1875.17,16,17,21,28,32,1.0,1,73,0.045387983322143555,2
300,graficon14nodi/grafo796.14,16,14,19,27,32,1.0,4,53,0.04043459892272949,2
301,graficon21nodi/grafo2119.21,16,21,27,32,38,3.0,8,110,0.18499279022216797,2
302,graficon15nodi/grafo1013.15,16,15,23,31,39,2.0,3,78,0.08252954483032227,2
303,graficon17nodi/grafo415.17,16,17,24,33,40,2.0,5,91,0.07997417449951172,2
304,graficon26nodi/grafo578.26,16,26,27,30,31,1.0,1,63,0.030216455459594727,2
305,graficon25nodi/grafo2077.25,16,25,29,31,35,3.0,8,94,0.2772660255432129,2
306,graficon29nodi/grafo2085.29,16,29,30,33,34,0.0,0,30,0.009760856628417969,2
307,graficon19nodi/grafo1834.19,16,19,23,32,36,0.0,0,28,0.009120464324951172,2
308,graficon24nodi/grafo1830.24,16,24,29,34,39,1.0,1,45,0.024835586547851562,2
309,graficon21nodi/grafo245.21,16,21,22,30,31,1.0,1,26,0.013829469680786133,2
310,graficon21nodi/grafo1645.21,16,21,23,30,32,0.0,0,69,0.01765727996826172,2
311,graficon20nodi/grafo1761.20,16,20,26,31,37,0.0,0,52,0.013164043426513672,2
312,graficon26nodi/grafo1805.26,16,26,31,33,38,3.0,7,54,0.16051673889160156,2
313,graficon18nodi/grafo2744.18,16,18,24,34,40,1.0,4,79,0.06526303291320801,2
314,graficon20nodi/grafo2268.20,16,20,24,32,36,1.0,4,45,0.04490303993225098,2
315,graficon25nodi/grafo2837.25,16,25,27,32,34,0.0,0,47,0.013561010360717773,2
316,graficon21nodi/grafo2833.21,16,21,24,30,33,1.0,1,32,0.014786481857299805,2
317,graficon20nodi/grafo3049.20,16,20,24,33,37,1.0,2,46,0.045426130294799805,2
318,graficon26nodi/grafo1799.26,16,26,30,32,36,1.0,4,68,0.060729026794433594,2
319,graficon17nodi/grafo1403.17,16,17,23,30,36,1.0,1,45,0.023449182510375977,2
320,graficon27nodi/grafo2498.27,16,27,32,34,39,2.0,3,65,0.147857666015625,2
321,graficon22nodi/grafo2819.22,16,22,25,33,36,0.0,0,21,0.0072917938232421875,2
322,graficon16nodi/grafo421.16,16,16,22,33,39,1.0,1,86,0.028250694274902344,2
323,graficon14nodi/grafo1074.14,16,14,19,32,37,1.0,2,31,0.041692495346069336,2
324,graficon24nodi/grafo918.24,16,24,24,32,32,0.0,0,37,0.009597063064575195,2
325,graficon18nodi/grafo1780.18,16,18,24,30,36,1.0,1,43,0.01626133918762207,2
326,graficon29nodi/grafo1198.29,16,29,29,31,31,1.0,1,32,0.014186620712280273,2
327,graficon15nodi/grafo2591.15,16,15,23,31,39,1.0,2,57,0.05353045463562012,2
328,graficon19nodi/grafo924.19,16,19,21,32,34,0.0,0,34,0.010582208633422852,2
329,graficon23nodi/grafo835.23,16,23,27,31,35,2.0,6,56,0.1800241470336914,2
330,graficon17nodi/grafo829.17,16,17,21,33,37,0.0,0,51,0.023543357849121094,2
331,graficon16nodi/grafo1635.16,16,16,25,34,43,1.0,1,73,1.1813991069793701,2
332,graficon14nodi/grafo649.14,16,14,24,32,42,2.0,7,98,0.1000068187713623,2
333,graficon18nodi/grafo1824.18,16,18,23,32,37,1.0,1,22,0.017575502395629883,2
334,graficon26nodi/grafo1629.26,16,26,29,30,33,1.0,1,37,0.034913063049316406,2
335,graficon15nodi/grafo1142.15,16,15,24,32,41,1.0,1,91,0.06292581558227539,2
336,graficon22nodi/grafo2410.22,16,22,24,30,32,1.0,1,23,0.009885311126708984,2
337,graficon23nodi/grafo2028.23,16,23,32,32,41,4.0,15,116,0.6484203338623047,2
338,graficon25nodi/grafo1040.25,16,25,32,34,41,4.0,15,133,0.2655675411224365,2
339,graficon17nodi/grafo2494.17,16,17,20,30,33,1.0,1,32,0.008924007415771484,2
340,graficon21nodi/grafo381.21,16,21,23,31,33,1.0,1,40,0.0132904052734375,2
341,graficon19nodi/grafo2425.19,16,19,23,30,34,1.0,2,49,0.0505220890045166,2
342,graficon26nodi/grafo1230.26,16,26,29,30,33,2.0,2,30,0.04517936706542969,2
343,graficon17nodi/grafo1861.17,16,17,21,34,38,2.0,2,28,0.06486892700195312,2
344,graficon27nodi/grafo1232.27,16,27,31,33,37,2.0,10,126,0.6609189510345459,2
345,graficon27nodi/grafo2582.27,16,27,27,34,34,0.0,0,35,0.009335517883300781,2
346,graficon24nodi/grafo2017.24,16,24,28,32,36,2.0,2,56,0.05785083770751953,2
347,graficon32nodi/grafo11636.32,16,32,32,33,33,0.0,0,38,0.005524873733520508,2
348,graficon19nodi/grafo621.19,16,19,27,30,38,1.0,4,72,0.02791905403137207,2
349,graficon16nodi/grafo2023.16,16,16,20,34,38,1.0,3,30,0.011664390563964844,2
350,graficon23nodi/grafo622.23,16,23,25,33,35,1.0,1,39,0.02258467674255371,2
351,graficon19nodi/grafo2135.19,16,19,23,33,37,1.0,3,52,0.1184847354888916,2
352,graficon15nodi/grafo879.15,16,15,20,30,35,0.0,0,46,0.019312143325805664,2
353,graficon22nodi/grafo1012.22,16,22,24,31,33,0.0,0,46,0.01575446128845215,2
354,graficon20nodi/grafo429.20,16,20,28,34,42,3.0,6,75,0.16612648963928223,2
355,graficon26nodi/grafo1269.26,16,26,28,31,33,0.0,0,82,0.02929091453552246,2
356,graficon17nodi/grafo2520.17,16,17,24,32,39,4.0,10,83,0.42714715003967285,2
357,graficon32nodi/grafo10052.32,16,32,33,34,35,0.0,0,36,0.005521297454833984,2
358,graficon20nodi/grafo874.20,16,20,25,34,39,1.0,1,39,0.023500919342041016,2
359,graficon20nodi/grafo1901.20,16,20,26,33,39,1.0,2,107,0.08060193061828613,2
360,graficon22nodi/grafo2456.22,16,22,26,33,37,0.0,0,43,0.018313884735107422,2
361,graficon17nodi/grafo276.17,16,17,20,31,34,1.0,1,28,0.0149078369140625,2
362,graficon25nodi/grafo575.25,16,25,29,34,38,2.0,3,55,0.096923828125,2
363,graficon17nodi/grafo517.17,16,17,23,33,39,1.0,1,52,0.01941704750061035,2
364,graficon19nodi/grafo1900.19,16,19,22,31,34,0.0,0,34,0.00919032096862793,2
365,graficon22nodi/grafo1422.22,16,22,22,30,30,0.0,0,36,0.01258540153503418,2
366,graficon25nodi/grafo862.25,16,25,28,33,36,1.0,1,73,0.029996633529663086,2
367,graficon23nodi/grafo545.23,16,23,28,32,37,1.0,1,31,0.011583566665649414,2
368,graficon24nodi/grafo2341.24,16,24,29,34,39,1.0,1,70,0.02245807647705078,2
369,graficon26nodi/grafo1512.26,16,26,30,34,38,2.0,2,63,0.11304950714111328,2
370,graficon18nodi/grafo1626.18,16,18,27,32,41,3.0,10,72,0.26552557945251465,2
371,graficon21nodi/grafo2378.21,16,21,25,31,35,1.0,2,51,0.04436612129211426,2
372,graficon25nodi/grafo2051.25,16,25,26,33,34,0.0,0,17,0.006596803665161133,2
373,graficon32nodi/grafo9919.32,16,32,32,33,33,0.0,0,38,0.0057163238525390625,2
374,graficon18nodi/grafo1940.18,16,18,24,31,37,1.0,1,31,0.017415523529052734,2
375,graficon25nodi/grafo1338.25,16,25,26,34,35,0.0,0,32,0.018930435180664062,2
376,graficon33nodi/grafo11170.33,16,33,42,39,48,2.0,3,76,0.11647772789001465,2
377,graficon23nodi/grafo2966.23,16,23,26,36,39,0.0,0,33,0.0101318359375,2
378,graficon29nodi/grafo1102.29,16,29,29,37,37,0.0,0,29,0.009496927261352539,2
379,graficon26nodi/grafo1340.26,16,26,31,38,43,2.0,4,68,0.20165276527404785,2
380,graficon22nodi/grafo1850.22,16,22,28,38,44,1.0,1,45,0.035155296325683594,2
381,graficon28nodi/grafo2572.28,16,28,34,38,44,1.0,3,72,0.09057784080505371,2
382,graficon17nodi/grafo420.17,16,17,25,37,45,2.0,3,70,0.05756402015686035,2
383,graficon20nodi/grafo2670.20,16,20,28,36,44,2.0,3,63,0.04946279525756836,2
384,graficon26nodi/grafo2766.26,16,26,32,38,44,2.0,2,40,0.10468697547912598,2
385,graficon29nodi/grafo1333.29,16,29,31,38,40,0.0,0,56,0.02858424186706543,2
386,graficon21nodi/grafo1863.21,16,21,26,35,40,2.0,6,79,0.1229255199432373,2
387,graficon27nodi/grafo1623.27,16,27,30,37,40,1.0,1,29,0.009594917297363281,2
388,graficon33nodi/grafo2828.33,16,33,37,38,42,2.0,3,52,0.05897402763366699,2
389,graficon26nodi/grafo2606.26,16,26,32,36,42,2.0,7,122,0.1602327823638916,2
390,graficon19nodi/grafo2371.19,16,19,24,35,40,0.0,0,63,0.02159404754638672,2
391,graficon25nodi/grafo2700.25,16,25,28,36,39,1.0,2,57,0.04223179817199707,2
392,graficon24nodi/grafo2587.24,16,24,28,36,40,2.0,7,70,0.1422736644744873,2
393,graficon15nodi/grafo947.15,16,15,24,39,48,2.0,4,66,0.12572646141052246,2
394,graficon19nodi/grafo2562.19,16,19,28,36,45,2.0,4,57,0.21765708923339844,2
395,graficon32nodi/grafo11456.32,16,32,33,35,36,1.0,1,39,0.008536577224731445,2
396,graficon27nodi/grafo248.27,16,27,33,38,44,2.0,6,94,0.27583956718444824,2
397,graficon22nodi/grafo2676.22,16,22,26,38,42,0.0,0,39,0.015315055847167969,2
398,graficon32nodi/grafo11607.32,16,32,38,39,45,3.0,5,82,0.17406940460205078,2
399,graficon19nodi/grafo2171.19,16,19,23,35,39,1.0,1,43,0.01953887939453125,2
400,graficon19nodi/grafo1666.19,16,19,28,37,46,1.0,1,94,0.03468465805053711,2
401,graficon33nodi/grafo11210.33,16,33,42,39,48,2.0,3,76,0.11322379112243652,2
402,graficon26nodi/grafo2123.26,16,26,28,35,37,1.0,1,76,0.030404329299926758,2
403,graficon26nodi/grafo3056.26,16,26,36,35,45,4.0,16,113,0.13617968559265137,2
404,graficon30nodi/grafo1582.30,16,30,34,35,39,2.0,2,105,0.1367349624633789,2
405,graficon24nodi/grafo1440.24,16,24,32,37,45,3.0,8,122,0.6906106472015381,2
406,graficon33nodi/grafo9903.33,16,33,42,39,48,2.0,3,76,0.11729907989501953,2
407,graficon23nodi/grafo1557.23,16,23,29,37,43,1.0,3,101,0.1678142547607422,2
408,graficon21nodi/grafo1941.21,16,21,26,37,42,1.0,1,36,0.024737834930419922,2
409,graficon13nodi/grafo317.13,16,13,21,38,46,1.0,3,60,0.08998918533325195,2
410,graficon33nodi/grafo154.33,16,33,34,36,37,0.0,0,62,0.012052059173583984,2
411,graficon31nodi/grafo10007.31,16,31,34,35,38,3.0,6,80,0.2847139835357666,2
412,graficon20nodi/grafo1764.20,16,20,25,37,42,1.0,2,40,0.04538106918334961,2
413,graficon31nodi/grafo5484.31,16,31,32,38,39,1.0,3,36,0.04333305358886719,2
414,graficon27nodi/grafo1286.27,16,27,31,36,40,2.0,3,51,0.07301068305969238,2
415,graficon23nodi/grafo2200.23,16,23,29,38,44,1.0,2,62,0.055588722229003906,2
416,graficon24nodi/grafo872.24,16,24,28,37,41,1.0,2,50,0.04512929916381836,2
417,graficon22nodi/grafo605.22,16,22,26,39,43,0.0,0,58,0.02959609031677246,2
418,graficon29nodi/grafo1034.29,16,29,32,38,41,1.0,1,73,0.03294086456298828,2
419,graficon21nodi/grafo2356.21,16,21,27,35,41,1.0,2,30,0.016896963119506836,2
420,graficon33nodi/grafo10134.33,16,33,34,37,38,1.0,1,35,0.019504547119140625,2
421,graficon32nodi/grafo9867.32,16,32,33,35,36,1.0,1,39,0.009803533554077148,2
422,graficon26nodi/grafo753.26,16,26,28,36,38,2.0,2,28,0.07899355888366699,2
423,graficon21nodi/grafo123.21,16,21,25,38,42,1.0,1,43,0.01938796043395996,2
424,graficon25nodi/grafo1360.25,16,25,30,35,40,3.0,7,77,0.22600173950195312,2
425,graficon27nodi/grafo174.27,16,27,28,36,37,1.0,1,64,0.02923870086669922,2
426,graficon20nodi/grafo251.20,16,20,23,36,39,1.0,1,35,0.027298450469970703,2
427,graficon18nodi/grafo2768.18,16,18,23,35,40,2.0,3,27,0.0816347599029541,2
428,graficon36nodi/grafo2402.36,16,36,38,39,41,0.0,0,67,0.025945186614990234,2
429,graficon30nodi/grafo1237.30,16,30,35,39,44,1.0,1,66,0.021965503692626953,2
430,graficon20nodi/grafo2284.20,16,20,30,37,47,4.0,8,69,2.848069906234741,2
431,graficon17nodi/grafo1160.17,16,17,23,39,45,1.0,1,66,0.021795988082885742,2
432,graficon27nodi/grafo2721.27,16,27,27,37,37,1.0,1,29,0.01659679412841797,2
433,graficon23nodi/grafo2691.23,16,23,31,39,47,1.0,6,99,0.19298911094665527,2
434,graficon22nodi/grafo2875.22,16,22,27,38,43,2.0,2,54,0.13758540153503418,2
435,graficon33nodi/grafo11130.33,16,33,42,39,48,2.0,3,76,0.11446261405944824,2
436,graficon18nodi/grafo2805.18,16,18,25,36,43,1.0,4,86,0.1042642593383789,2
437,graficon16nodi/grafo2584.16,16,16,22,39,45,1.0,2,33,0.018773794174194336,2
438,graficon17nodi/grafo597.17,16,17,24,36,43,0.0,0,70,0.021716594696044922,2
439,graficon24nodi/grafo1950.24,16,24,27,39,42,1.0,1,50,0.06852293014526367,2
440,graficon25nodi/grafo2067.25,16,25,28,38,41,1.0,1,31,0.023345947265625,2
441,graficon15nodi/grafo2448.15,16,15,23,38,46,1.0,2,53,0.0564422607421875,2
442,graficon26nodi/grafo1273.26,16,26,27,36,37,0.0,0,61,0.02467966079711914,2
443,graficon32nodi/grafo11397.32,16,32,33,37,38,0.0,0,34,0.012726306915283203,2
444,graficon33nodi/grafo11023.33,16,33,33,36,36,0.0,0,31,0.0069162845611572266,2
445,graficon33nodi/grafo11026.33,16,33,36,39,42,2.0,4,57,0.08782291412353516,2
446,graficon17nodi/grafo945.17,16,17,22,36,41,0.0,0,56,0.020189762115478516,2
447,graficon25nodi/grafo584.25,16,25,29,35,39,2.0,5,103,0.12885189056396484,2
448,graficon12nodi/grafo2426.12,16,12,18,38,44,0.0,0,41,0.019764184951782227,2
449,graficon18nodi/grafo2731.18,16,18,23,35,40,0.0,0,42,0.010850191116333008,2
450,graficon23nodi/grafo2217.23,16,23,29,35,41,3.0,13,69,0.4650692939758301,2
451,graficon26nodi/grafo2108.26,16,26,35,41,50,4.0,12,81,0.4263925552368164,2
452,graficon31nodi/grafo11581.31,16,31,36,42,47,2.0,5,104,0.2196180820465088,2
453,graficon25nodi/grafo1271.25,16,25,30,40,45,2.0,3,77,0.04334902763366699,2
454,graficon31nodi/grafo11454.31,16,31,36,42,47,2.0,5,104,0.2081310749053955,2
455,graficon25nodi/grafo163.25,16,25,37,44,56,7.0,38,211,101.18585681915283,2
456,graficon19nodi/grafo950.19,16,19,23,43,47,0.0,0,37,0.018234968185424805,2
457,graficon30nodi/grafo1252.30,16,30,34,43,47,0.0,0,59,0.019704103469848633,2
458,graficon27nodi/grafo1217.27,16,27,29,42,44,0.0,0,62,0.018798351287841797,2
459,graficon34nodi/grafo11331.34,16,34,41,43,50,1.0,4,54,0.047868967056274414,2
460,graficon20nodi/grafo1873.20,16,20,27,40,47,3.0,6,70,0.2006208896636963,2
461,graficon34nodi/grafo5197.34,16,34,36,43,45,0.0,0,40,0.014690160751342773,2
462,graficon28nodi/grafo1615.28,16,28,35,43,50,3.0,11,114,0.4278452396392822,2
463,graficon27nodi/grafo3039.27,16,27,31,44,48,1.0,1,55,0.021574974060058594,2
464,graficon37nodi/grafo2519.37,16,37,39,44,46,0.0,0,95,0.04242658615112305,2
465,graficon27nodi/grafo2037.27,16,27,31,42,46,2.0,2,82,0.535036563873291,2
466,graficon20nodi/grafo1757.20,16,20,25,41,46,1.0,1,43,0.024924039840698242,2
467,graficon23nodi/grafo551.23,16,23,29,43,49,0.0,0,56,0.025127410888671875,2
468,graficon32nodi/grafo10795.32,16,32,35,43,46,1.0,1,98,0.04991340637207031,2
469,graficon33nodi/grafo5994.33,16,33,36,42,45,0.0,0,56,0.019469738006591797,2
470,graficon23nodi/grafo2712.23,16,23,30,40,47,1.0,1,64,0.02909111976623535,2
471,graficon22nodi/grafo1894.22,16,22,30,40,48,3.0,7,87,0.08015275001525879,2
472,graficon28nodi/grafo1190.28,16,28,31,43,46,2.0,4,75,0.11482000350952148,2
473,graficon32nodi/grafo1455.32,16,32,38,43,49,1.0,2,102,0.11075758934020996,2
474,graficon18nodi/grafo1086.18,16,18,26,41,49,1.0,1,67,0.04033637046813965,2
475,graficon34nodi/grafo9918.34,16,34,34,43,43,0.0,0,20,0.005061626434326172,2
476,graficon32nodi/grafo1226.32,16,32,34,43,45,1.0,1,47,0.028749704360961914,2
477,graficon35nodi/grafo7133.35,16,35,38,43,46,1.0,4,63,0.08159995079040527,2
478,graficon34nodi/grafo11544.34,16,34,34,43,43,0.0,0,20,0.004850625991821289,2
479,graficon14nodi/grafo2738.14,16,14,23,40,49,1.0,1,65,0.03181147575378418,2
480,graficon27nodi/grafo2958.27,16,27,32,42,47,0.0,0,48,0.01616644859313965,2
481,graficon31nodi/grafo3686.31,16,31,36,42,47,2.0,5,104,0.2185354232788086,2
482,graficon14nodi/grafo701.14,16,14,20,42,48,1.0,1,43,0.02219390869140625,2
483,graficon33nodi/grafo9921.33,16,33,36,43,46,1.0,1,48,0.033141374588012695,2
484,graficon27nodi/grafo2876.27,16,27,32,41,46,2.0,3,76,0.06523847579956055,2
485,graficon25nodi/grafo1234.25,16,25,33,42,50,1.0,2,105,0.14844775199890137,2
486,graficon26nodi/grafo1285.26,16,26,30,42,46,1.0,3,42,0.05201005935668945,2
487,graficon30nodi/grafo2365.30,16,30,34,40,44,2.0,6,98,0.20902609825134277,2
488,graficon26nodi/grafo798.26,16,26,32,41,47,2.0,5,72,0.17580771446228027,2
489,graficon21nodi/grafo1682.21,16,21,41,43,63,7.0,38,187,26.07735252380371,2
490,graficon32nodi/grafo5244.32,16,32,38,42,48,0.0,0,36,0.017319440841674805,2
491,graficon23nodi/grafo2854.23,16,23,29,44,50,1.0,2,55,0.11202430725097656,2
492,graficon32nodi/grafo1053.32,16,32,41,43,52,3.0,9,174,0.9391329288482666,2
493,graficon21nodi/grafo2756.21,16,21,26,40,45,1.0,2,44,0.04681205749511719,2
494,graficon22nodi/grafo1503.22,16,22,26,44,48,0.0,0,35,0.016934633255004883,2
495,graficon22nodi/grafo2370.22,16,22,28,41,47,1.0,1,37,0.019477128982543945,2
496,graficon23nodi/grafo2769.23,16,23,27,44,48,2.0,3,57,0.12208080291748047,2
497,graficon28nodi/grafo124.28,16,28,29,41,42,1.0,1,33,0.015508651733398438,2
498,graficon31nodi/grafo9916.31,16,31,36,42,47,2.0,5,104,0.2200610637664795,2
499,graficon33nodi/grafo11631.33,16,33,43,41,51,3.0,3,73,0.12563085556030273,2
500,graficon30nodi/grafo1256.30,16,30,33,40,43,0.0,0,52,0.01655125617980957,2
501,graficon32nodi/grafo10231.32,16,32,35,43,46,0.0,0,49,0.013235330581665039,2
502,graficon34nodi/grafo11277.34,16,34,35,41,42,0.0,0,44,0.008106470108032227,2
503,graficon34nodi/grafo2464.34,16,34,38,44,48,2.0,5,106,0.3617255687713623,2
504,graficon27nodi/grafo1199.27,16,27,30,40,43,0.0,0,22,0.006079196929931641,2
505,graficon25nodi/grafo1614.25,16,25,27,41,43,1.0,1,72,0.027973651885986328,2
506,graficon29nodi/grafo1376.29,16,29,34,42,47,2.0,4,95,0.19736671447753906,2
507,graficon35nodi/grafo3480.35,16,35,35,44,44,0.0,0,79,0.024716615676879883,2
508,graficon29nodi/grafo1587.29,16,29,35,42,48,1.0,1,108,0.061461687088012695,2
509,graficon34nodi/grafo6050.34,16,34,41,43,50,2.0,3,55,0.0611567497253418,2
510,graficon25nodi/grafo2755.25,16,25,32,42,49,3.0,5,57,0.5528614521026611,2
511,graficon23nodi/grafo2853.23,16,23,34,40,51,6.0,20,111,17.676754236221313,2
512,graficon34nodi/grafo10281.34,16,34,41,42,49,1.0,1,63,0.03768730163574219,2
513,graficon34nodi/grafo11630.34,16,34,40,44,50,1.0,1,92,0.04320025444030762,2
514,graficon28nodi/grafo2436.28,16,28,37,44,53,4.0,12,150,7.371975660324097,2
515,graficon34nodi/grafo9878.34,16,34,39,41,46,1.0,2,66,0.06362295150756836,2
516,graficon32nodi/grafo3901.32,16,32,38,42,48,1.0,3,93,0.09098458290100098,2
517,graficon35nodi/grafo11455.35,16,35,35,42,42,0.0,0,44,0.01577138900756836,2
518,graficon28nodi/grafo296.28,16,28,36,43,51,4.0,16,98,0.7564496994018555,2
519,graficon25nodi/grafo1251.25,16,25,26,40,41,0.0,0,28,0.011442899703979492,2
520,graficon34nodi/grafo11319.34,16,34,40,42,48,1.0,3,84,0.137953519821167,2
521,graficon34nodi/grafo11660.34,16,34,36,43,45,1.0,1,94,0.0479891300201416,2
522,graficon31nodi/grafo2394.31,16,31,36,43,48,2.0,6,116,0.3113889694213867,2
523,graficon26nodi/grafo1218.26,16,26,28,42,44,0.0,0,51,0.029191970825195312,2
524,graficon37nodi/grafo6342.37,16,37,42,44,49,3.0,8,110,0.32569289207458496,2
525,graficon28nodi/grafo1311.28,16,28,34,42,48,3.0,6,78,0.3805274963378906,2
526,graficon19nodi/grafo1826.19,16,19,27,46,54,1.0,2,69,0.08802247047424316,2
527,graficon14nodi/grafo1951.14,16,14,25,46,57,2.0,4,82,0.15788841247558594,2
528,graficon37nodi/grafo3547.37,16,37,38,49,50,0.0,0,35,0.02182745933532715,2
529,graficon34nodi/grafo11207.34,16,34,38,48,52,2.0,5,70,0.12028622627258301,2
530,graficon31nodi/grafo10887.31,16,31,36,46,51,0.0,0,50,0.022078752517700195,2
531,graficon32nodi/grafo1255.32,16,32,37,46,51,1.0,1,57,0.024960041046142578,2
532,graficon28nodi/grafo1840.28,16,28,34,48,54,2.0,6,64,0.3653452396392822,2
533,graficon21nodi/grafo630.21,16,21,28,45,52,1.0,1,47,0.03541231155395508,2
534,graficon26nodi/grafo3044.26,16,26,34,48,56,2.0,4,81,0.2566230297088623,2
535,graficon23nodi/grafo1806.23,16,23,28,48,53,0.0,0,45,0.031198978424072266,2
536,graficon31nodi/grafo10458.31,16,31,36,46,51,0.0,0,50,0.021201372146606445,2
537,graficon35nodi/grafo10620.35,16,35,41,46,52,2.0,3,105,0.2909374237060547,2
538,graficon22nodi/grafo249.22,16,22,31,46,55,3.0,5,95,1.0114130973815918,2
539,graficon32nodi/grafo745.32,16,32,36,45,49,0.0,0,86,0.03413033485412598,2
540,graficon35nodi/grafo5759.35,16,35,39,45,49,1.0,1,32,0.012729406356811523,2
541,graficon33nodi/grafo11516.33,16,33,42,45,54,2.0,4,62,0.23806428909301758,2
542,graficon25nodi/grafo2437.25,16,25,30,48,53,1.0,1,37,0.021552085876464844,2
543,graficon31nodi/grafo1301.31,16,31,40,47,56,3.0,8,129,0.6789019107818604,2
544,graficon38nodi/grafo3332.38,16,38,43,45,50,1.0,3,155,0.22727560997009277,2
545,graficon22nodi/grafo2748.22,16,22,29,45,52,0.0,0,87,0.03532052040100098,2
546,graficon27nodi/grafo1253.27,16,27,32,45,50,1.0,2,120,0.15220928192138672,2
547,graficon36nodi/grafo3862.36,16,36,41,46,51,2.0,5,59,0.14919233322143555,2
548,graficon28nodi/grafo1202.28,16,28,36,45,53,2.0,5,89,0.14795780181884766,2
549,graficon37nodi/grafo5957.37,16,37,39,48,50,0.0,0,142,0.05096268653869629,2
550,graficon38nodi/grafo6734.38,16,38,41,45,48,1.0,1,97,0.06356644630432129,2
551,graficon36nodi/grafo5561.36,16,36,38,47,49,0.0,0,36,0.010016918182373047,2
552,graficon31nodi/grafo10011.31,16,31,36,46,51,0.0,0,50,0.021864652633666992,2
553,graficon36nodi/grafo6066.36,16,36,39,48,51,0.0,0,80,0.04321551322937012,2
554,graficon31nodi/grafo1362.31,16,31,37,45,51,1.0,1,78,0.061653852462768555,2
555,graficon27nodi/grafo1200.27,16,27,36,46,55,0.0,0,113,0.05540752410888672,2
556,graficon39nodi/grafo6087.39,16,39,46,48,55,4.0,10,77,0.8289427757263184,2
557,graficon33nodi/grafo5247.33,16,33,38,46,51,0.0,0,33,0.010938167572021484,2
558,graficon36nodi/grafo6811.36,16,36,44,48,56,1.0,2,58,0.07369470596313477,2
559,graficon23nodi/grafo1798.23,16,23,31,48,56,2.0,3,92,0.10138177871704102,2
560,graficon27nodi/grafo2275.27,16,27,32,46,51,2.0,2,78,0.25922155380249023,2
561,graficon26nodi/grafo2981.26,16,26,36,45,55,4.0,12,138,1.1751189231872559,2
562,graficon36nodi/grafo3414.36,16,36,39,46,49,2.0,2,45,0.14022111892700195,2
563,graficon19nodi/grafo2428.19,16,19,23,45,49,1.0,1,31,0.017133712768554688,2
564,graficon35nodi/grafo10085.35,16,35,41,46,52,4.0,12,97,8.718920230865479,2
565,graficon32nodi/grafo1379.32,16,32,39,48,55,1.0,3,83,0.13578224182128906,2
566,graficon26nodi/grafo173.26,16,26,31,46,51,2.0,4,75,0.08948326110839844,2
567,graficon38nodi/grafo5236.38,16,38,43,49,54,2.0,2,52,0.0777444839477539,2
568,graficon26nodi/grafo2399.26,16,26,31,46,51,1.0,2,73,0.037633657455444336,2
569,graficon31nodi/grafo11421.31,16,31,37,46,52,2.0,5,105,0.2806568145751953,2
570,graficon40nodi/grafo7698.40,16,40,47,49,56,1.0,1,116,0.06187772750854492,2
571,graficon35nodi/grafo1925.35,16,35,36,48,49,0.0,0,71,0.038400888442993164,2
572,graficon25nodi/grafo1319.25,16,25,31,47,53,3.0,4,94,0.5030038356781006,2
573,graficon26nodi/grafo2999.26,16,26,30,45,49,1.0,2,47,0.10135746002197266,2
574,graficon21nodi/grafo1632.21,16,21,26,48,53,0.0,0,35,0.01703476905822754,2
575,graficon32nodi/grafo9975.32,16,32,39,48,55,2.0,6,103,0.20793604850769043,2
576,graficon33nodi/grafo5182.33,16,33,38,49,54,0.0,0,67,0.0390775203704834,2
577,graficon32nodi/grafo11121.32,16,32,40,47,55,2.0,5,87,0.18465733528137207,2
578,graficon35nodi/grafo6642.35,16,35,42,49,56,2.0,5,95,0.15227055549621582,2
579,graficon28nodi/grafo932.28,16,28,35,45,52,1.0,3,112,0.22904014587402344,2
580,graficon34nodi/grafo2578.34,16,34,36,48,50,1.0,1,55,0.040998220443725586,2
581,graficon33nodi/grafo11538.33,16,33,38,47,52,1.0,3,88,0.20722031593322754,2
582,graficon33nodi/grafo10562.33,16,33,39,48,54,2.0,4,111,0.3136117458343506,2
583,graficon35nodi/grafo2815.35,16,35,43,47,55,2.0,10,97,0.28837013244628906,2
584,graficon18nodi/grafo374.18,16,18,25,46,53,0.0,0,59,0.031908273696899414,2
585,graficon34nodi/grafo5148.34,16,34,37,47,50,1.0,1,74,0.040271759033203125,2
586,graficon35nodi/grafo11567.35,16,35,43,45,53,1.0,1,82,0.03277111053466797,2
587,graficon31nodi/grafo1115.31,16,31,43,45,57,5.0,16,221,7.78894829750061,2
588,graficon34nodi/grafo2363.34,16,34,39,48,53,2.0,3,81,0.24463105201721191,2
589,graficon33nodi/grafo11375.33,16,33,39,48,54,1.0,4,89,0.16970324516296387,2
590,graficon36nodi/grafo5879.36,16,36,42,46,52,2.0,4,102,0.23948884010314941,2
591,graficon35nodi/grafo5820.35,16,35,38,45,48,1.0,1,57,0.031983137130737305,2
592,graficon17nodi/grafo678.17,16,17,25,48,56,1.0,1,56,0.028847932815551758,2
593,graficon32nodi/grafo9954.32,16,32,34,46,48,1.0,1,40,0.012700319290161133,2
594,graficon35nodi/grafo5966.35,16,35,45,47,57,4.0,10,82,0.9600875377655029,2
595,graficon35nodi/grafo5522.35,16,35,40,46,51,4.0,7,97,1.045346975326538,2
596,graficon22nodi/grafo2807.22,16,22,27,46,51,2.0,3,34,0.06461381912231445,2
597,graficon32nodi/grafo3106.32,16,32,38,48,54,2.0,3,93,1.8670916557312012,2
598,graficon36nodi/grafo5667.36,16,36,40,46,50,0.0,0,47,0.019075632095336914,2
599,graficon31nodi/grafo2262.31,16,31,40,47,56,1.0,3,109,0.18612241744995117,2
600,graficon33nodi/grafo10456.33,16,33,38,48,53,1.0,5,63,1.7470202445983887,2
601,graficon33nodi/grafo1915.33,16,33,44,54,65,2.0,2,150,0.5266292095184326,2
602,graficon36nodi/grafo3304.36,16,36,47,53,64,4.0,22,209,1.648115634918213,2
603,graficon36nodi/grafo11296.36,16,36,44,50,58,4.0,19,130,2.5341246128082275,2
604,graficon37nodi/grafo3729.37,16,37,45,54,62,2.0,3,119,0.1310291290283203,2
605,graficon36nodi/grafo2212.36,16,36,41,54,59,2.0,2,103,0.22045612335205078,2
606,graficon31nodi/grafo1989.31,16,31,33,54,56,0.0,0,48,0.029665708541870117,2
607,graficon35nodi/grafo10658.35,16,35,41,50,56,2.0,3,85,0.1863400936126709,2
608,graficon39nodi/grafo5309.39,16,39,46,54,61,3.0,7,163,4.3839311599731445,2
609,graficon34nodi/grafo5495.34,16,34,43,53,62,3.0,10,63,0.783926248550415,2
610,graficon37nodi/grafo3433.37,16,37,42,54,59,1.0,3,77,0.2689473628997803,2
611,graficon34nodi/grafo9882.34,16,34,39,50,55,0.0,0,72,0.03564620018005371,2
612,graficon22nodi/grafo1154.22,16,22,28,50,56,2.0,3,66,0.16120195388793945,2
613,graficon22nodi/grafo1715.22,16,22,34,54,66,2.0,4,148,0.31472110748291016,2
614,graficon36nodi/grafo3282.36,16,36,40,54,58,1.0,2,76,0.11843419075012207,2
615,graficon36nodi/grafo3153.36,16,36,43,53,60,1.0,2,75,0.11554765701293945,2
616,graficon34nodi/grafo4029.34,16,34,40,50,56,2.0,8,74,0.2360515594482422,2
617,graficon32nodi/grafo1784.32,16,32,36,52,56,2.0,4,51,0.09450578689575195,2
618,graficon33nodi/grafo2397.33,16,33,39,50,56,3.0,6,87,0.8675446510314941,2
619,graficon39nodi/grafo7363.39,16,39,43,51,55,2.0,4,158,0.41593265533447266,2
620,graficon34nodi/grafo11241.34,16,34,39,50,55,0.0,0,72,0.034380197525024414,2
621,graficon31nodi/grafo1689.31,16,31,34,53,56,0.0,0,57,0.024139881134033203,2
622,graficon39nodi/grafo6808.39,16,39,45,51,57,2.0,6,103,0.5359938144683838,2
623,graficon24nodi/grafo522.24,16,24,30,51,57,2.0,4,92,0.22139549255371094,2
624,graficon25nodi/grafo2016.25,16,25,33,50,58,1.0,2,73,0.13283610343933105,2
625,graficon24nodi/grafo1667.24,16,24,29,50,55,1.0,1,45,0.022259235382080078,2
626,graficon40nodi/grafo5346.40,16,40,44,52,56,2.0,9,90,0.5835006237030029,2
627,graficon34nodi/grafo11531.34,16,34,37,50,53,1.0,1,59,0.049976348876953125,2
628,graficon23nodi/grafo1974.23,16,23,27,54,58,1.0,1,61,0.03472781181335449,2
629,graficon30nodi/grafo1183.30,16,30,39,50,59,3.0,7,104,0.9277169704437256,2
630,graficon35nodi/grafo7366.35,16,35,43,51,59,1.0,1,97,0.08191919326782227,2
631,graficon33nodi/grafo9869.33,16,33,38,50,55,2.0,2,49,0.12987232208251953,2
632,graficon38nodi/grafo3247.38,16,38,43,50,55,2.0,4,84,0.4516415596008301,2
633,graficon36nodi/grafo5319.36,16,36,44,53,61,2.0,3,161,0.34335803985595703,2
634,graficon30nodi/grafo11384.30,16,30,34,50,54,1.0,2,59,0.037626028060913086,2
635,graficon38nodi/grafo3966.38,16,38,42,54,58,2.0,4,74,0.8627908229827881,2
636,graficon32nodi/grafo3012.32,16,32,38,54,60,1.0,3,137,0.37949681282043457,2
637,graficon33nodi/grafo1174.33,16,33,41,53,61,2.0,4,117,0.22902297973632812,2
638,graficon35nodi/grafo11415.35,16,35,43,52,60,4.0,7,88,0.5212547779083252,2
639,graficon36nodi/grafo10746.36,16,36,42,54,60,0.0,0,81,0.034395456314086914,2
640,graficon38nodi/grafo6579.38,16,38,49,54,65,4.0,9,122,1.1448066234588623,2
641,graficon32nodi/grafo10058.32,16,32,40,51,59,2.0,4,75,2.20656156539917,2
642,graficon34nodi/grafo11614.34,16,34,39,50,55,0.0,0,72,0.035485029220581055,2
643,graficon38nodi/grafo6106.38,16,38,47,53,62,5.0,13,125,14.74088454246521,2
644,graficon26nodi/grafo309.26,16,26,36,54,64,2.0,6,109,0.42166829109191895,2
645,graficon34nodi/grafo10483.34,16,34,45,50,61,4.0,10,82,10.70155668258667,2
646,graficon34nodi/grafo3023.34,16,34,42,54,62,2.0,2,100,0.2077655792236328,2
647,graficon35nodi/grafo11423.35,16,35,42,54,61,2.0,6,102,0.1002345085144043,2
648,graficon26nodi/grafo1952.26,16,26,31,54,59,1.0,3,67,0.21879005432128906,2
649,graficon38nodi/grafo5993.38,16,38,44,53,59,3.0,5,80,2.2645015716552734,2
650,graficon17nodi/grafo2227.17,16,17,25,50,58,1.0,2,69,0.29329681396484375,2
651,graficon34nodi/grafo2082.34,16,34,38,54,58,0.0,0,43,0.025804996490478516,2
652,graficon27nodi/grafo1746.27,16,27,38,52,63,2.0,3,108,0.09747648239135742,2
653,graficon33nodi/grafo3214.33,16,33,44,52,63,5.0,21,126,34.796573638916016,2
654,graficon28nodi/grafo3060.28,16,28,36,51,59,3.0,6,54,0.39108824729919434,2
655,graficon24nodi/grafo1158.24,16,24,34,52,62,2.0,8,145,0.8696253299713135,2
656,graficon33nodi/grafo11638.33,16,33,38,53,58,2.0,2,79,0.17329978942871094,2
657,graficon35nodi/grafo7548.35,16,35,42,54,61,1.0,1,109,0.20520281791687012,2
658,graficon34nodi/grafo5827.34,16,34,40,51,57,2.0,2,95,0.21621227264404297,2
659,graficon34nodi/grafo5485.34,16,34,43,52,61,2.0,7,86,0.4206211566925049,2
660,graficon35nodi/grafo6897.35,16,35,47,52,64,5.0,14,127,16.797605752944946,2
661,graficon34nodi/grafo5498.34,16,34,41,54,61,3.0,6,87,1.141751766204834,2
662,graficon34nodi/grafo5856.34,16,34,41,50,57,2.0,4,73,0.16590166091918945,2
663,graficon40nodi/grafo4073.40,16,40,42,51,53,2.0,3,150,2.330991744995117,2
664,graficon36nodi/grafo10619.36,16,36,41,51,56,1.0,1,92,0.04342460632324219,2
665,graficon42nodi/grafo7119.42,16,42,46,50,54,2.0,3,127,0.24632716178894043,2
666,graficon36nodi/grafo11525.36,16,36,45,53,62,4.0,7,83,3.6219236850738525,2
667,graficon35nodi/grafo11234.35,16,35,35,51,51,0.0,0,23,0.007863998413085938,2
668,graficon24nodi/grafo2787.24,16,24,35,51,62,4.0,8,109,5.1814656257629395,2
669,graficon40nodi/grafo3874.40,16,40,46,50,56,1.0,4,135,0.1628131866455078,2
670,graficon28nodi/grafo1569.28,16,28,36,53,61,1.0,1,89,0.047827720642089844,2
671,graficon35nodi/grafo2098.35,16,35,42,50,57,1.0,3,44,0.052306413650512695,2
672,graficon34nodi/grafo2031.34,16,34,42,53,61,3.0,6,117,0.8446271419525146,2
673,graficon30nodi/grafo11667.30,16,30,34,52,56,0.0,0,33,0.021547794342041016,2
674,graficon30nodi/grafo1345.30,16,30,44,50,64,6.0,21,283,18.396313190460205,2
675,graficon29nodi/grafo2054.29,16,29,35,50,56,2.0,3,46,0.09769701957702637,2
676,graficon41nodi/grafo4004.41,16,41,48,57,64,3.0,6,67,3.056868553161621,2
677,graficon37nodi/grafo2224.37,16,37,45,58,66,4.0,13,130,15.030596733093262,2
678,graficon34nodi/grafo6076.34,16,34,44,56,66,1.0,2,128,0.2554013729095459,2
679,graficon40nodi/grafo5714.40,16,40,52,59,71,5.0,27,183,31.980963468551636,2
680,graficon38nodi/grafo9968.38,16,38,44,55,61,1.0,1,63,0.04533839225769043,2
681,graficon28nodi/grafo1201.28,16,28,38,58,68,2.0,5,110,0.3785243034362793,2
682,graficon35nodi/grafo10708.35,16,35,46,55,66,7.0,25,207,479.4191744327545,2
683,graficon21nodi/grafo433.21,16,21,28,55,62,3.0,7,83,0.5077486038208008,2
684,graficon34nodi/grafo5143.34,16,34,40,57,63,1.0,1,47,0.014505624771118164,2
685,graficon36nodi/grafo11677.36,16,36,49,56,69,4.0,12,141,4.900207757949829,2
686,graficon37nodi/grafo3125.37,16,37,42,58,63,1.0,2,49,0.1387484073638916,2
687,graficon37nodi/grafo7307.37,16,37,47,55,65,3.0,4,77,0.2453012466430664,2
688,graficon37nodi/grafo6450.37,16,37,46,57,66,3.0,6,71,0.3319368362426758,2
689,graficon39nodi/grafo3679.39,16,39,43,56,60,2.0,5,99,0.41048455238342285,2
690,graficon38nodi/grafo6656.38,16,38,46,57,65,3.0,3,120,0.46839141845703125,2
691,graficon34nodi/grafo11409.34,16,34,35,56,57,1.0,1,46,0.023860931396484375,2
692,graficon38nodi/grafo6939.38,16,38,51,57,70,5.0,15,116,8.468329906463623,2
693,graficon33nodi/grafo2687.33,16,33,46,56,69,6.0,20,238,70.70526957511902,2
694,graficon38nodi/grafo3351.38,16,38,46,55,63,3.0,8,89,2.826089382171631,2
695,graficon37nodi/grafo7087.37,16,37,44,59,66,1.0,3,92,0.17758560180664062,2
696,graficon36nodi/grafo11468.36,16,36,47,58,69,7.0,28,172,600.2695484161377,9
697,graficon31nodi/grafo1946.31,16,31,38,59,66,3.0,4,63,0.6612422466278076,2
698,graficon32nodi/grafo1908.32,16,32,39,55,62,2.0,4,90,0.24687957763671875,2
699,graficon40nodi/grafo3255.40,16,40,46,56,62,4.0,11,104,14.894481658935547,2
700,graficon37nodi/grafo5301.37,16,37,44,58,65,2.0,4,83,0.4079017639160156,2
701,graficon35nodi/grafo5613.35,16,35,46,57,68,4.0,16,173,7.542244911193848,2
702,graficon35nodi/grafo2990.35,16,35,48,59,72,6.0,16,116,45.99087190628052,2
703,graficon43nodi/grafo6878.43,16,43,48,56,61,3.0,6,76,1.7528934478759766,2
704,graficon27nodi/grafo1390.27,16,27,39,57,69,4.0,12,132,0.8349142074584961,2
705,graficon36nodi/grafo6227.36,16,36,46,59,69,3.0,11,159,2.011908769607544,2
706,graficon39nodi/grafo3830.39,16,39,50,58,69,4.0,6,160,2.2484519481658936,2
707,graficon37nodi/grafo6796.37,16,37,49,57,69,4.0,10,144,2.0172226428985596,2
708,graficon33nodi/grafo5872.33,16,33,39,57,63,2.0,2,47,0.08650541305541992,2
709,graficon36nodi/grafo6071.36,16,36,43,59,66,2.0,4,67,0.283139705657959,2
710,graficon36nodi/grafo2465.36,16,36,44,58,66,3.0,6,136,0.8062629699707031,2
711,graficon38nodi/grafo7362.38,16,38,44,59,65,1.0,4,77,0.1903669834136963,2
712,graficon38nodi/grafo7290.38,16,38,47,58,67,4.0,11,185,12.112160682678223,2
713,graficon42nodi/grafo3239.42,16,42,48,56,62,2.0,6,159,0.5320301055908203,2
714,graficon44nodi/grafo3040.44,16,44,50,59,65,3.0,6,97,0.5108494758605957,2
715,graficon39nodi/grafo11577.39,16,39,49,55,65,5.0,11,135,1.7881393432617188,2
716,graficon40nodi/grafo4081.40,16,40,46,56,62,4.0,18,182,15.481612920761108,2
717,graficon42nodi/grafo6381.42,16,42,50,59,67,3.0,4,96,0.6446380615234375,2
718,graficon41nodi/grafo10067.41,16,41,47,58,64,2.0,3,72,0.1175079345703125,2
719,graficon37nodi/grafo11622.37,16,37,49,59,71,3.0,5,82,0.7845346927642822,2
720,graficon32nodi/grafo1992.32,16,32,36,57,61,2.0,2,71,0.154435396194458,2
721,graficon38nodi/grafo6467.38,16,38,43,59,64,2.0,3,70,0.19966959953308105,2
722,graficon40nodi/grafo6922.40,16,40,47,59,66,3.0,5,105,0.8104658126831055,2
723,graficon34nodi/grafo5303.34,16,34,44,59,69,2.0,2,94,0.30757570266723633,2
724,graficon34nodi/grafo11396.34,16,34,35,55,56,0.0,0,32,0.01217794418334961,2
725,graficon39nodi/grafo5122.39,16,39,51,59,71,5.0,16,229,18.95164918899536,2
726,graficon42nodi/grafo6223.42,16,42,45,59,62,1.0,2,69,0.09563851356506348,2
727,graficon40nodi/grafo2627.40,16,40,49,56,65,4.0,8,120,5.923486948013306,2
728,graficon41nodi/grafo6876.41,16,41,50,58,67,2.0,5,100,0.42595767974853516,2
729,graficon35nodi/grafo11548.35,16,35,46,55,66,7.0,25,207,478.1854794025421,2
730,graficon31nodi/grafo1637.31,16,31,41,56,66,4.0,15,124,7.9539384841918945,2
731,graficon38nodi/grafo3437.38,16,38,45,57,64,4.0,13,111,8.795530319213867,2
732,graficon35nodi/grafo10135.35,16,35,43,55,63,3.0,8,125,0.9432644844055176,2
733,graficon38nodi/grafo2960.38,16,38,48,56,66,5.0,17,127,25.491759777069092,2
734,graficon35nodi/grafo3720.35,16,35,46,59,70,3.0,6,143,1.6801753044128418,2
735,graficon36nodi/grafo6233.36,16,36,47,56,67,3.0,12,108,0.7989373207092285,2
736,graficon24nodi/grafo1966.24,16,24,34,58,68,1.0,3,90,0.1495974063873291,2
737,graficon38nodi/grafo3681.38,16,38,48,56,66,3.0,8,146,1.292809009552002,2
738,graficon36nodi/grafo5970.36,16,36,46,57,67,5.0,12,162,22.715990781784058,2
739,graficon26nodi/grafo1272.26,16,26,34,56,64,1.0,1,96,0.0853731632232666,2
740,graficon32nodi/grafo2968.32,16,32,41,55,64,4.0,12,121,2.09411883354187,2
741,graficon34nodi/grafo5917.34,16,34,41,58,65,1.0,2,65,0.10080766677856445,2
742,graficon35nodi/grafo11344.35,16,35,40,55,60,1.0,3,83,2.07361102104187,2
743,graficon47nodi/grafo1531.47,16,47,54,58,65,1.0,2,181,0.27937793731689453,2
744,graficon36nodi/grafo5264.36,16,36,41,59,64,0.0,0,74,0.024442195892333984,2
745,graficon36nodi/grafo7306.36,16,36,48,55,67,7.0,38,264,601.4471642971039,9
746,graficon34nodi/grafo3124.34,16,34,43,56,65,3.0,10,107,0.942589521408081,2
747,graficon35nodi/grafo11633.35,16,35,46,56,67,4.0,8,131,7.498657941818237,2
748,graficon40nodi/grafo6115.40,16,40,46,57,63,2.0,7,88,0.16175341606140137,2
749,graficon37nodi/grafo3554.37,16,37,41,57,61,0.0,0,64,0.033432960510253906,2
750,graficon36nodi/grafo10229.36,16,36,46,58,68,2.0,5,91,0.28707170486450195,2
751,graficon33nodi/grafo598.33,16,33,49,63,79,6.0,28,247,84.88278293609619,2
752,graficon44nodi/grafo7435.44,16,44,53,63,72,3.0,4,98,0.4485456943511963,2
753,graficon40nodi/grafo6485.40,16,40,51,62,73,5.0,18,121,26.56620192527771,2
754,graficon35nodi/grafo6035.35,16,35,50,61,76,4.0,11,175,4.118675231933594,2
755,graficon38nodi/grafo7531.38,16,38,44,61,67,2.0,4,98,0.20551633834838867,2
756,graficon37nodi/grafo11473.37,16,37,42,61,66,1.0,1,54,0.04394841194152832,2
757,graficon33nodi/grafo5821.33,16,33,43,62,72,1.0,4,105,0.13746047019958496,2
758,graficon39nodi/grafo5308.39,16,39,49,64,74,2.0,7,98,0.9232430458068848,2
759,graficon33nodi/grafo10454.33,16,33,41,61,69,2.0,3,62,0.22207427024841309,2
760,graficon42nodi/grafo7704.42,16,42,51,63,72,5.0,15,130,64.32201600074768,2
761,graficon33nodi/grafo2654.33,16,33,49,64,80,5.0,18,165,32.82258868217468,2
762,graficon36nodi/grafo11077.36,16,36,40,63,67,1.0,1,67,0.04115605354309082,2
763,graficon37nodi/grafo5888.37,16,37,50,60,73,6.0,9,107,6.049429178237915,2
764,graficon33nodi/grafo10732.33,16,33,37,60,64,1.0,1,62,0.057814598083496094,2
765,graficon25nodi/grafo2301.25,16,25,37,61,73,1.0,1,103,0.08874320983886719,2
766,graficon43nodi/grafo7428.43,16,43,52,60,69,2.0,9,127,0.4320199489593506,2
767,graficon32nodi/grafo2991.32,16,32,43,61,72,3.0,9,195,1.187889575958252,2
768,graficon41nodi/grafo3498.41,16,41,53,63,75,3.0,19,151,1.2970232963562012,2
769,graficon36nodi/grafo11414.36,16,36,47,62,73,5.0,10,98,7.593267202377319,2
770,graficon35nodi/grafo10841.35,16,35,45,62,72,3.0,13,136,1.2707257270812988,2
771,graficon38nodi/grafo2959.38,16,38,48,61,71,3.0,10,99,0.7497286796569824,2
772,graficon30nodi/grafo359.30,16,30,37,60,67,3.0,6,59,0.3441123962402344,2
773,graficon37nodi/grafo1555.37,16,37,48,61,72,4.0,19,137,2.380086660385132,2
774,graficon37nodi/grafo2398.37,16,37,47,64,74,3.0,14,168,1.155738115310669,2
775,graficon40nodi/grafo2729.40,16,40,46,64,70,3.0,6,100,0.854201078414917,2
776,graficon42nodi/grafo3325.42,16,42,52,64,74,2.0,5,143,0.5156083106994629,2
777,graficon36nodi/grafo10462.36,16,36,40,61,65,0.0,0,41,0.021596431732177734,2
778,graficon39nodi/grafo7630.39,16,39,46,62,69,3.0,8,101,7.843838453292847,2
779,graficon30nodi/grafo2012.30,16,30,46,64,80,5.0,18,198,30.945374965667725,2
780,graficon48nodi/grafo1669.48,16,48,59,62,73,5.0,16,215,1.7615652084350586,2
781,graficon40nodi/grafo3116.40,16,40,47,64,71,2.0,7,149,0.4579958915710449,2
782,graficon41nodi/grafo4047.41,16,41,48,63,70,1.0,1,104,0.11847114562988281,2
783,graficon44nodi/grafo3971.44,16,44,48,64,68,1.0,2,89,2.0201683044433594,2
784,graficon36nodi/grafo6093.36,16,36,43,63,70,3.0,10,59,5.7244274616241455,2
785,graficon39nodi/grafo6244.39,16,39,52,64,77,4.0,17,239,16.407593488693237,2
786,graficon34nodi/grafo5991.34,16,34,41,60,67,2.0,2,91,2.275780439376831,2
787,graficon38nodi/grafo5998.38,16,38,44,60,66,1.0,1,88,0.0804908275604248,2
788,graficon32nodi/grafo5807.32,16,32,41,64,73,1.0,2,66,0.24861931800842285,2
789,graficon29nodi/grafo2811.29,16,29,40,62,73,3.0,11,96,1.677201747894287,2
790,graficon33nodi/grafo11643.33,16,33,37,60,64,1.0,1,62,0.05861067771911621,2
791,graficon45nodi/grafo7711.45,16,45,53,64,72,2.0,4,99,0.43887829780578613,2
792,graficon35nodi/grafo3483.35,16,35,41,61,67,2.0,6,81,0.25212979316711426,2
793,graficon37nodi/grafo7410.37,16,37,51,61,75,5.0,20,125,12.869417428970337,2
794,graficon39nodi/grafo3792.39,16,39,49,61,71,3.0,9,105,1.2676222324371338,2
795,graficon46nodi/grafo7281.46,16,46,54,61,69,3.0,11,101,1.874908685684204,2
796,graficon41nodi/grafo7033.41,16,41,48,60,67,3.0,8,121,1.624701976776123,2
797,graficon37nodi/grafo6905.37,16,37,48,63,74,5.0,15,108,14.471392393112183,2
798,graficon33nodi/grafo1668.33,16,33,41,63,71,3.0,8,71,0.9410076141357422,2
799,graficon43nodi/grafo4042.43,16,43,47,60,64,0.0,0,99,0.0743861198425293,2
800,graficon37nodi/grafo3728.37,16,37,47,63,73,2.0,8,106,0.44593119621276855,2
801,graficon37nodi/grafo6219.37,16,37,45,62,70,3.0,6,113,0.36705923080444336,2
802,graficon37nodi/grafo2761.37,16,37,45,60,68,3.0,5,138,0.46790194511413574,2
803,graficon35nodi/grafo6010.35,16,35,44,60,69,4.0,11,126,10.127318143844604,2
804,graficon41nodi/grafo5637.41,16,41,49,61,69,3.0,6,152,0.6201105117797852,2
805,graficon36nodi/grafo5783.36,16,36,46,62,72,3.0,7,107,1.165271520614624,2
806,graficon42nodi/grafo5250.42,16,42,51,64,73,3.0,9,122,1.4330134391784668,2
807,graficon38nodi/grafo11452.38,16,38,50,62,74,6.0,24,140,203.70402121543884,2
808,graficon41nodi/grafo11172.41,16,41,51,62,72,2.0,10,136,0.5730597972869873,2
809,graficon37nodi/grafo7650.37,16,37,52,63,78,4.0,9,216,1.6184353828430176,2
810,graficon33nodi/grafo11527.33,16,33,40,62,69,2.0,3,100,0.32639431953430176,2
811,graficon40nodi/grafo6142.40,16,40,49,64,73,3.0,12,119,1.517665147781372,2
812,graficon36nodi/grafo5809.36,16,36,45,63,72,3.0,12,121,1.1930506229400635,2
813,graficon40nodi/grafo5426.40,16,40,50,62,72,4.0,20,267,113.22609424591064,2
814,graficon34nodi/grafo3076.34,16,34,39,61,66,1.0,3,59,0.17425537109375,2
815,graficon39nodi/grafo7374.39,16,39,51,62,74,6.0,22,181,111.36994338035583,2
816,graficon40nodi/grafo7706.40,16,40,51,60,71,4.0,21,169,12.338291883468628,2
817,graficon44nodi/grafo3602.44,16,44,53,62,71,4.0,17,224,27.94658136367798,2
818,graficon43nodi/grafo7484.43,16,43,49,63,69,3.0,6,132,4.417814254760742,2
819,graficon37nodi/grafo11410.37,16,37,45,64,72,3.0,4,88,0.32517194747924805,2
820,graficon35nodi/grafo6104.35,16,35,40,63,68,1.0,1,111,0.07676362991333008,2
821,graficon36nodi/grafo5360.36,16,36,44,62,70,3.0,7,76,1.4267022609710693,2
822,graficon38nodi/grafo5222.38,16,38,43,62,67,2.0,3,94,0.26753807067871094,2
823,graficon36nodi/grafo11309.36,16,36,46,61,71,5.0,15,151,35.299423694610596,2
824,graficon36nodi/grafo5457.36,16,36,43,61,68,2.0,5,61,0.21776151657104492,2
825,graficon37nodi/grafo7092.37,16,37,47,61,71,5.0,21,208,44.68009305000305,2
826,graficon38nodi/grafo1999.38,16,38,45,68,75,2.0,3,75,0.21952056884765625,2
827,graficon38nodi/grafo7684.38,16,38,54,68,84,5.0,22,243,16.68201231956482,2
828,graficon43nodi/grafo3669.43,16,43,52,67,76,4.0,9,238,2.9719018936157227,2
829,graficon40nodi/grafo11665.40,16,40,48,68,76,4.0,13,102,25.596864223480225,2
830,graficon39nodi/grafo10234.39,16,39,51,69,81,5.0,18,99,18.715269088745117,2
831,graficon40nodi/grafo6382.40,16,40,52,65,77,4.0,17,178,5.700772762298584,2
832,graficon44nodi/grafo7013.44,16,44,53,69,78,1.0,1,108,0.06403970718383789,2
833,graficon37nodi/grafo3341.37,16,37,50,66,79,6.0,18,211,63.700220823287964,2
834,graficon40nodi/grafo5504.40,16,40,53,66,79,5.0,15,126,9.701699256896973,2
835,graficon44nodi/grafo1219.44,16,44,48,66,70,0.0,0,65,0.03506302833557129,2
836,graficon29nodi/grafo3034.29,16,29,40,65,76,3.0,5,180,1.2163009643554688,2
837,graficon44nodi/grafo3831.44,16,44,52,67,75,3.0,9,199,3.5431268215179443,2
838,graficon35nodi/grafo3068.35,16,35,50,67,82,6.0,24,212,155.77927827835083,2
839,graficon40nodi/grafo9898.40,16,40,50,68,78,4.0,11,91,3.1264400482177734,2
840,graficon37nodi/grafo6847.37,16,37,47,67,77,2.0,3,132,0.3808600902557373,2
841,graficon40nodi/grafo5327.40,16,40,47,68,75,3.0,4,119,0.650789737701416,2
842,graficon44nodi/grafo6266.44,16,44,60,68,84,8.0,28,206,600.3435821533203,9
843,graficon39nodi/grafo6848.39,16,39,52,67,80,4.0,12,191,5.161570310592651,2
844,graficon30nodi/grafo2030.30,16,30,44,66,80,5.0,16,179,37.324941635131836,2
845,graficon40nodi/grafo6167.40,16,40,57,66,83,6.0,32,255,412.21236538887024,2
846,graficon39nodi/grafo2148.39,16,39,45,67,73,1.0,3,108,0.1784377098083496,2
847,graficon36nodi/grafo3734.36,16,36,46,67,77,3.0,8,207,7.961543798446655,2
848,graficon39nodi/grafo5789.39,16,39,58,69,88,7.0,29,163,175.2827126979828,2
849,graficon29nodi/grafo1284.29,16,29,40,65,76,4.0,7,148,1.623854637145996,2
850,graficon45nodi/grafo7024.45,16,45,50,65,70,3.0,7,78,1.1396219730377197,2
851,graficon33nodi/grafo5203.33,16,33,41,68,76,3.0,5,69,0.40927743911743164,2
852,graficon34nodi/grafo6218.34,16,34,40,65,71,2.0,4,65,0.30769801139831543,2
853,graficon43nodi/grafo7073.43,16,43,51,69,77,3.0,8,120,1.5278282165527344,2
854,graficon42nodi/grafo5867.42,16,42,52,69,79,5.0,16,238,55.58649682998657,2
855,graficon36nodi/grafo7509.36,16,36,45,69,78,3.0,7,95,8.446058988571167,2
856,graficon37nodi/grafo7743.37,16,37,55,68,86,7.0,31,243,228.10071063041687,2
857,graficon44nodi/grafo6915.44,16,44,58,68,82,5.0,21,159,22.361157178878784,2
858,graficon40nodi/grafo7570.40,16,40,52,68,80,5.0,18,174,13.946959257125854,2
859,graficon33nodi/grafo5787.33,16,33,40,66,73,1.0,3,47,0.13073039054870605,2
860,graficon34nodi/grafo11517.34,16,34,44,69,79,2.0,6,124,0.6990511417388916,2
861,graficon49nodi/grafo1560.49,16,49,59,68,78,4.0,10,122,2.1260926723480225,2
862,graficon47nodi/grafo3121.47,16,47,54,65,72,3.0,4,189,0.568507194519043,2
863,graficon38nodi/grafo2052.38,16,38,50,67,79,6.0,20,102,57.93401575088501,2
864,graficon41nodi/grafo3794.41,16,41,52,65,76,5.0,23,182,10.550837993621826,2
865,graficon38nodi/grafo3964.38,16,38,48,69,79,4.0,6,161,1.738567590713501,2
866,graficon39nodi/grafo7264.39,16,39,51,67,79,7.0,28,203,579.6477153301239,2
867,graficon38nodi/grafo3752.38,16,38,46,65,73,3.0,5,105,1.1927170753479004,2
868,graficon37nodi/grafo3576.37,16,37,49,69,81,5.0,19,167,57.88056969642639,2
869,graficon38nodi/grafo5949.38,16,38,50,66,78,2.0,4,196,0.6161990165710449,2
870,graficon29nodi/grafo2639.29,16,29,43,67,81,3.0,8,232,2.0398080348968506,2
871,graficon38nodi/grafo11575.38,16,38,46,66,74,4.0,16,82,16.870647192001343,2
872,graficon38nodi/grafo3321.38,16,38,53,66,81,7.0,21,200,47.35193133354187,2
873,graficon31nodi/grafo1429.31,16,31,45,65,79,5.0,18,192,19.781086683273315,2
874,graficon38nodi/grafo4013.38,16,38,49,67,78,3.0,11,112,1.1157310009002686,2
875,graficon28nodi/grafo1339.28,16,28,41,67,80,5.0,21,176,24.534831285476685,2
876,graficon35nodi/grafo2020.35,16,35,43,68,76,1.0,1,90,0.04761171340942383,2
877,graficon40nodi/grafo7409.40,16,40,48,65,73,3.0,7,102,0.8095390796661377,2
878,graficon42nodi/grafo6141.42,16,42,53,68,79,5.0,18,165,19.859341621398926,2
879,graficon38nodi/grafo3932.38,16,38,48,69,79,2.0,5,167,0.6760067939758301,2
880,graficon38nodi/grafo2986.38,16,38,50,67,79,5.0,22,153,29.14253282546997,2
881,graficon42nodi/grafo5771.42,16,42,51,68,77,3.0,7,105,2.4175965785980225,2
882,graficon45nodi/grafo7734.45,16,45,55,68,78,6.0,19,170,200.83152842521667,2
883,graficon42nodi/grafo3094.42,16,42,49,69,76,2.0,2,101,0.34805893898010254,2
884,graficon38nodi/grafo819.38,16,38,49,68,79,5.0,16,158,21.337241649627686,2
885,graficon39nodi/grafo6923.39,16,39,48,67,76,5.0,10,176,106.68072986602783,2
886,graficon33nodi/grafo10400.33,16,33,38,68,73,1.0,1,70,0.07568478584289551,2
887,graficon36nodi/grafo11346.36,16,36,49,69,82,6.0,14,129,122.4793348312378,2
888,graficon39nodi/grafo11565.39,16,39,45,65,71,2.0,4,64,0.22535967826843262,2
889,graficon50nodi/grafo1494.50,16,50,57,68,75,4.0,13,141,20.11146354675293,2
890,graficon38nodi/grafo10455.38,16,38,42,67,71,1.0,1,52,0.03426551818847656,2
891,graficon38nodi/grafo9852.38,16,38,48,66,76,4.0,10,114,16.381882190704346,2
892,graficon45nodi/grafo5975.45,16,45,52,66,73,2.0,7,115,1.3045566082000732,2
893,graficon39nodi/grafo4061.39,16,39,47,69,77,2.0,7,111,0.40310144424438477,2
894,graficon40nodi/grafo6955.40,16,40,52,69,81,3.0,11,159,13.883684396743774,2
895,graficon41nodi/grafo7624.41,16,41,54,69,82,5.0,11,253,25.73203134536743,2
896,graficon35nodi/grafo6116.35,16,35,43,69,77,3.0,5,85,0.48204684257507324,2
897,graficon51nodi/grafo1404.51,16,51,70,69,88,11.0,56,360,600.529426574707,9
898,graficon36nodi/grafo7553.36,16,36,52,69,85,6.0,20,174,31.09511399269104,2
899,graficon40nodi/grafo3711.40,16,40,53,68,81,2.0,4,186,0.4805307388305664,2
900,graficon37nodi/grafo2099.37,16,37,44,69,76,0.0,0,65,0.033075571060180664,2
901,graficon40nodi/grafo3916.40,16,40,51,71,82,3.0,8,154,1.723451852798462,2
902,graficon39nodi/grafo227.39,16,39,47,72,80,2.0,6,113,0.48139429092407227,2
903,graficon44nodi/grafo7217.44,16,44,53,70,79,3.0,8,162,5.007296562194824,2
904,graficon35nodi/grafo10277.35,16,35,45,71,81,4.0,9,168,2.5078487396240234,2
905,graficon37nodi/grafo2678.37,16,37,45,74,82,2.0,2,112,0.4652097225189209,2
906,graficon44nodi/grafo3432.44,16,44,55,72,83,5.0,13,107,9.034236907958984,2
907,graficon43nodi/grafo7404.43,16,43,55,73,85,5.0,11,110,23.642396688461304,2
908,graficon47nodi/grafo6168.47,16,47,50,70,73,1.0,1,148,0.08562159538269043,2
909,graficon44nodi/grafo5590.44,16,44,49,72,77,1.0,1,65,0.043515682220458984,2
910,graficon37nodi/grafo3954.37,16,37,50,70,83,5.0,18,186,3.6907520294189453,2
911,graficon40nodi/grafo490.40,16,40,45,71,76,1.0,1,59,0.0379183292388916,2
912,graficon38nodi/grafo3708.38,16,38,53,74,89,5.0,10,177,10.272114753723145,2
913,graficon34nodi/grafo10511.34,16,34,41,71,78,2.0,3,88,0.29358410835266113,2
914,graficon39nodi/grafo11357.39,16,39,48,71,80,4.0,12,121,8.328198432922363,2
915,graficon49nodi/grafo6373.49,16,49,56,73,80,5.0,15,169,50.61258268356323,2
916,graficon41nodi/grafo7372.41,16,41,55,71,85,6.0,21,317,44.960752964019775,2
917,graficon47nodi/grafo3806.47,16,47,52,71,76,3.0,3,123,2.4012160301208496,2
918,graficon40nodi/grafo7285.40,16,40,56,70,86,7.0,27,250,489.17951011657715,2
919,graficon36nodi/grafo5124.36,16,36,43,70,77,3.0,4,109,1.3312113285064697,2
920,graficon38nodi/grafo3457.38,16,38,43,70,75,1.0,1,64,0.05669450759887695,2
921,graficon40nodi/grafo3539.40,16,40,57,72,89,7.0,23,204,78.78490328788757,2
922,graficon39nodi/grafo3391.39,16,39,61,71,93,9.0,53,320,600.6919746398926,9
923,graficon38nodi/grafo6480.38,16,38,50,70,82,5.0,16,132,25.43011164665222,2
924,graficon42nodi/grafo3820.42,16,42,52,70,80,3.0,5,143,0.9612240791320801,2
925,graficon40nodi/grafo11283.40,16,40,52,74,86,5.0,14,150,28.891769409179688,2
926,graficon48nodi/grafo1535.48,16,48,53,72,77,1.0,1,93,0.052350521087646484,2
927,graficon44nodi/grafo11640.44,16,44,59,73,88,5.0,21,207,25.7419855594635,2
928,graficon30nodi/grafo1810.30,16,30,40,73,83,2.0,6,115,0.5568094253540039,2
929,graficon38nodi/grafo10767.38,16,38,50,72,84,6.0,7,240,33.14630579948425,2
930,graficon39nodi/grafo10062.39,16,39,44,74,79,3.0,5,69,0.49468398094177246,2
931,graficon42nodi/grafo6171.42,16,42,59,73,90,7.0,22,200,241.3947446346283,2
932,graficon41nodi/grafo7074.41,16,41,50,72,81,1.0,1,129,0.07742071151733398,2
933,graficon42nodi/grafo6304.42,16,42,55,73,86,4.0,19,266,15.112623691558838,2
934,graficon43nodi/grafo3801.43,16,43,52,70,79,3.0,6,99,0.7057058811187744,2
935,graficon40nodi/grafo3538.40,16,40,46,72,78,2.0,4,117,0.588533878326416,2
936,graficon38nodi/grafo10567.38,16,38,47,74,83,3.0,10,202,2.5106608867645264,2
937,graficon37nodi/grafo3445.37,16,37,46,73,82,4.0,10,99,0.7620172500610352,2
938,graficon37nodi/grafo11122.37,16,37,44,74,81,3.0,8,100,2.091472625732422,2
939,graficon35nodi/grafo3499.35,16,35,47,70,82,4.0,13,126,6.97570013999939,2
940,graficon42nodi/grafo7296.42,16,42,56,73,87,5.0,16,155,30.986051321029663,2
941,graficon38nodi/grafo10027.38,16,38,50,74,86,4.0,13,140,13.839439153671265,2
942,graficon40nodi/grafo6207.40,16,40,52,72,84,5.0,14,171,30.583722352981567,2
943,graficon35nodi/grafo3006.35,16,35,44,70,79,2.0,3,106,0.3281981945037842,2
944,graficon56nodi/grafo5979.56,16,56,69,72,85,7.0,29,424,505.5380074977875,2
945,graficon39nodi/grafo7283.39,16,39,50,74,85,4.0,14,217,14.629698753356934,2
946,graficon40nodi/grafo3229.40,16,40,48,74,82,3.0,4,102,5.077907085418701,2
947,graficon37nodi/grafo2528.37,16,37,50,70,83,3.0,6,140,0.532071590423584,2
948,graficon40nodi/grafo2963.40,16,40,49,70,79,4.0,10,138,13.663806200027466,2
949,graficon37nodi/grafo11238.37,16,37,47,70,80,3.0,7,151,0.5612137317657471,2
950,graficon34nodi/grafo5693.34,16,34,46,73,85,3.0,7,110,0.7394864559173584,2
951,graficon45nodi/grafo5623.45,16,45,55,74,84,2.0,3,198,3.64516282081604,2
952,graficon38nodi/grafo1157.38,16,38,48,73,83,2.0,5,84,2.5710527896881104,2
953,graficon36nodi/grafo9862.36,16,36,51,74,89,4.0,15,145,2.883288860321045,2
954,graficon39nodi/grafo10505.39,16,39,52,70,83,6.0,15,165,81.42705655097961,2
955,graficon34nodi/grafo9934.34,16,34,40,73,79,0.0,0,40,0.03401446342468262,2
956,graficon42nodi/grafo7692.42,16,42,54,74,86,4.0,9,129,11.166630029678345,2
957,graficon41nodi/grafo7635.41,16,41,53,71,83,6.0,30,199,475.25861620903015,2
958,graficon39nodi/grafo3849.39,16,39,50,71,82,5.0,13,257,22.93354082107544,2
959,graficon40nodi/grafo3287.40,16,40,52,71,83,4.0,13,118,9.090729236602783,2
960,graficon56nodi/grafo7164.56,16,56,68,70,82,4.0,12,148,1.6886498928070068,2
961,graficon43nodi/grafo7403.43,16,43,57,70,84,6.0,28,212,165.3113853931427,2
962,graficon39nodi/grafo6476.39,16,39,50,73,84,5.0,18,99,8.724030256271362,2
963,graficon41nodi/grafo5344.41,16,41,52,73,84,4.0,10,102,1.8698809146881104,2
964,graficon35nodi/grafo7560.35,16,35,45,72,82,3.0,6,92,0.9148099422454834,2
965,graficon39nodi/grafo11552.39,16,39,47,71,79,2.0,4,128,0.8627815246582031,2
966,graficon42nodi/grafo3865.42,16,42,56,73,87,6.0,20,138,99.79211115837097,2
967,graficon46nodi/grafo1581.46,16,46,52,71,77,2.0,3,131,0.6941487789154053,2
968,graficon38nodi/grafo7187.38,16,38,52,74,88,4.0,20,240,8.386597633361816,2
969,graficon57nodi/grafo5041.57,16,57,63,74,80,2.0,4,190,1.0499629974365234,2
970,graficon37nodi/grafo7512.37,16,37,45,71,79,1.0,2,120,0.24461579322814941,2
971,graficon39nodi/grafo7479.39,16,39,53,70,84,4.0,17,174,2.392479419708252,2
972,graficon46nodi/grafo5905.46,16,46,56,74,84,4.0,9,151,2.2757341861724854,2
973,graficon40nodi/grafo3387.40,16,40,53,74,87,6.0,22,178,143.22520327568054,2
974,graficon38nodi/grafo3915.38,16,38,44,71,77,1.0,2,105,0.3489503860473633,2
975,graficon37nodi/grafo11479.37,16,37,44,73,80,3.0,9,94,1.5557622909545898,2
976,graficon36nodi/grafo2504.36,16,36,49,76,89,5.0,13,142,20.91642689704895,2
977,graficon30nodi/grafo3011.30,16,30,41,76,87,3.0,4,157,1.050847053527832,2
978,graficon39nodi/grafo2310.39,16,39,59,77,97,8.0,24,274,221.68476462364197,2
979,graficon40nodi/grafo365.40,16,40,47,76,83,3.0,6,85,0.5898373126983643,2
980,graficon41nodi/grafo5534.41,16,41,49,77,85,3.0,5,109,1.1870720386505127,2
981,graficon36nodi/grafo5632.36,16,36,43,76,83,3.0,5,81,1.3147950172424316,2
982,graficon42nodi/grafo3895.42,16,42,55,79,92,9.0,33,221,600.3266265392303,9
983,graficon40nodi/grafo7534.40,16,40,54,76,90,6.0,20,216,96.87403964996338,2
984,graficon38nodi/grafo11163.38,16,38,50,77,89,4.0,21,193,3.4305105209350586,2
985,graficon36nodi/grafo5700.36,16,36,49,78,91,4.0,15,162,29.97735357284546,2
986,graficon41nodi/grafo7150.41,16,41,52,75,86,5.0,10,65,14.073062658309937,2
987,graficon38nodi/grafo9909.38,16,38,48,77,87,4.0,8,149,14.105640411376953,2
988,graficon41nodi/grafo6152.41,16,41,56,75,90,6.0,13,204,8.57146430015564,2
989,graficon44nodi/grafo3924.44,16,44,53,75,84,4.0,8,166,16.55414628982544,2
990,graficon38nodi/grafo5880.38,16,38,52,76,90,5.0,14,167,18.115818738937378,2
991,graficon31nodi/grafo1257.31,16,31,50,76,95,8.0,33,215,164.11793661117554,2
992,graficon40nodi/grafo9929.40,16,40,56,77,93,6.0,27,138,45.23360824584961,2
993,graficon43nodi/grafo7444.43,16,43,55,77,89,5.0,21,135,112.78744053840637,2
994,graficon33nodi/grafo1975.33,16,33,46,77,90,5.0,10,123,10.71021819114685,2
995,graficon44nodi/grafo5982.44,16,44,57,79,92,4.0,15,238,9.685020685195923,2
996,graficon49nodi/grafo1353.49,16,49,54,76,81,2.0,4,117,0.18789958953857422,2
997,graficon36nodi/grafo3379.36,16,36,44,75,83,1.0,1,89,0.05576634407043457,2
998,graficon37nodi/grafo5904.37,16,37,50,77,90,4.0,14,114,25.87946915626526,2
999,graficon37nodi/grafo3837.37,16,37,52,75,90,5.0,14,247,78.67370104789734,2
1000,graficon42nodi/grafo6032.42,16,42,51,76,85,3.0,7,125,8.333295106887817,2
1001,graficon40nodi/grafo7544.40,16,40,53,75,88,2.0,5,234,0.9634420871734619,2
1002,graficon38nodi/grafo7305.38,16,38,53,76,91,5.0,25,178,125.01433205604553,2
1003,graficon48nodi/grafo7046.48,16,48,54,76,82,2.0,2,179,0.5320267677307129,2
1004,graficon47nodi/grafo3232.47,16,47,55,77,85,2.0,4,109,0.41298580169677734,2
1005,graficon40nodi/grafo3885.40,16,40,51,75,86,2.0,7,134,0.5927069187164307,2
1006,graficon43nodi/grafo6858.43,16,43,61,77,95,7.0,26,194,466.98709058761597,2
1007,graficon43nodi/grafo5298.43,16,43,56,76,89,5.0,15,114,21.939964771270752,2
1008,graficon37nodi/grafo11609.37,16,37,44,77,84,3.0,9,86,14.587297916412354,2
1009,graficon43nodi/grafo7047.43,16,43,55,76,88,3.0,13,193,2.386380434036255,2
1010,graficon46nodi/grafo1484.46,16,46,57,78,89,5.0,16,283,21.763335943222046,2
1011,graficon37nodi/grafo5641.37,16,37,44,79,86,1.0,1,121,0.08220696449279785,2
1012,graficon47nodi/grafo7547.47,16,47,59,77,89,4.0,14,151,24.784667491912842,2
1013,graficon40nodi/grafo10494.40,16,40,50,78,88,4.0,9,112,15.782726287841797,2
1014,graficon37nodi/grafo2713.37,16,37,48,76,87,5.0,20,175,42.1282753944397,2
1015,graficon39nodi/grafo6248.39,16,39,50,79,90,3.0,7,189,2.775270700454712,2
1016,graficon38nodi/grafo5903.38,16,38,48,77,87,4.0,12,133,49.09641671180725,2
1017,graficon43nodi/grafo6296.43,16,43,59,79,95,9.0,30,294,600.4679889678955,9
1018,graficon41nodi/grafo6951.41,16,41,54,76,89,4.0,17,171,2.858358383178711,2
1019,graficon39nodi/grafo10733.39,16,39,53,79,93,3.0,12,157,5.181546211242676,2
1020,graficon41nodi/grafo7056.41,16,41,51,76,86,2.0,4,133,0.7336196899414062,2
1021,graficon46nodi/grafo3380.46,16,46,56,75,85,4.0,7,111,3.124666452407837,2
1022,graficon41nodi/grafo3534.41,16,41,49,77,85,3.0,8,132,10.586353302001953,2
1023,graficon39nodi/grafo3617.39,16,39,48,77,86,2.0,3,96,0.28567934036254883,2
1024,graficon38nodi/grafo11024.38,16,38,45,75,82,2.0,6,70,0.36827588081359863,2
1025,graficon49nodi/grafo1408.49,16,49,59,77,87,0.0,0,184,0.10899090766906738,2
1026,graficon46nodi/grafo7234.46,16,46,63,78,95,8.0,39,302,600.531786441803,9
1027,graficon45nodi/grafo3840.45,16,45,59,79,93,6.0,26,266,130.1099910736084,2
1028,graficon43nodi/grafo5371.43,16,43,57,79,93,4.0,12,109,2.0009348392486572,2
1029,graficon38nodi/grafo3671.38,16,38,47,75,84,2.0,6,80,0.6712064743041992,2
1030,graficon38nodi/grafo9893.38,16,38,49,76,87,4.0,8,91,8.1644127368927,2
1031,graficon35nodi/grafo4037.35,16,35,40,78,83,3.0,4,82,4.985704183578491,2
1032,graficon36nodi/grafo5155.36,16,36,47,79,90,4.0,8,147,10.349836349487305,2
1033,graficon42nodi/grafo7486.42,16,42,57,79,94,5.0,24,161,56.4081916809082,2
1034,graficon49nodi/grafo3418.49,16,49,63,79,93,6.0,18,156,125.79220294952393,2
1035,graficon38nodi/grafo9981.38,16,38,45,78,85,1.0,1,49,0.16702818870544434,2
1036,graficon27nodi/grafo2050.27,16,27,36,76,85,1.0,1,53,0.05577445030212402,2
1037,graficon29nodi/grafo2072.29,16,29,43,78,92,3.0,8,113,6.159909963607788,2
1038,graficon45nodi/grafo1836.45,16,45,58,77,90,4.0,16,205,4.512347221374512,2
1039,graficon34nodi/grafo3921.34,16,34,46,77,89,4.0,8,159,12.618919134140015,2
1040,graficon55nodi/grafo6415.55,16,55,59,76,80,1.0,3,92,0.34225964546203613,2
1041,graficon41nodi/grafo6191.41,16,41,52,78,89,4.0,13,220,22.30983805656433,2
1042,graficon46nodi/grafo1406.46,16,46,56,79,89,3.0,4,145,2.180455207824707,2
1043,graficon45nodi/grafo5925.45,16,45,56,79,90,5.0,17,184,22.99721598625183,2
1044,graficon35nodi/grafo3996.35,16,35,47,78,90,5.0,19,165,16.25468349456787,2
1045,graficon46nodi/grafo6678.46,16,46,55,77,86,2.0,2,136,0.654768705368042,2
1046,graficon43nodi/grafo3573.43,16,43,58,79,94,6.0,20,142,85.21004557609558,2
1047,graficon40nodi/grafo6972.40,16,40,51,77,88,4.0,6,140,1.1800258159637451,2
1048,graficon51nodi/grafo3958.51,16,51,62,77,88,6.0,21,261,281.080331325531,2
1049,graficon39nodi/grafo10192.39,16,39,48,78,87,4.0,10,127,7.145596027374268,2
1050,graficon45nodi/grafo6007.45,16,45,58,79,92,5.0,19,171,94.21890139579773,2
1051,graficon37nodi/grafo11553.37,16,37,49,83,95,3.0,5,70,0.5196597576141357,2
1052,graficon44nodi/grafo7454.44,16,44,56,84,96,5.0,13,148,62.79589343070984,2
1053,graficon40nodi/grafo5453.40,16,40,57,83,100,7.0,26,208,493.07845735549927,2
1054,graficon43nodi/grafo6144.43,16,43,56,80,93,4.0,13,163,20.87906837463379,2
1055,graficon38nodi/grafo5499.38,16,38,48,81,91,2.0,4,93,0.5887191295623779,2
1056,graficon41nodi/grafo6973.41,16,41,58,84,101,7.0,24,178,600.3509519100189,9
1057,graficon39nodi/grafo10037.39,16,39,50,80,91,4.0,11,138,21.288450956344604,2
1058,graficon36nodi/grafo11554.36,16,36,50,82,96,7.0,26,218,600.3562614917755,9
1059,graficon60nodi/grafo5751.60,16,60,75,84,99,6.0,31,431,164.0622317790985,2
1060,graficon42nodi/grafo5241.42,16,42,55,83,96,4.0,12,146,8.682531595230103,2
1061,graficon46nodi/grafo6628.46,16,46,63,83,100,7.0,29,454,600.7931792736053,9
1062,graficon39nodi/grafo9924.39,16,39,52,84,97,3.0,14,135,6.950510263442993,2
1063,graficon46nodi/grafo3661.46,16,46,56,83,93,2.0,9,147,3.5218546390533447,2
1064,graficon38nodi/grafo7549.38,16,38,50,82,94,5.0,15,140,115.8702883720398,2
1065,graficon39nodi/grafo11532.39,16,39,51,81,93,2.0,5,93,0.9792799949645996,2
1066,graficon47nodi/grafo1536.47,16,47,52,80,85,0.0,0,120,0.039653778076171875,2
1067,graficon38nodi/grafo4110.38,16,38,52,84,98,6.0,20,232,258.50674295425415,2
1068,graficon41nodi/grafo6857.41,16,41,54,83,96,4.0,9,110,0.9335429668426514,2
1069,graficon34nodi/grafo6118.34,16,34,42,82,90,1.0,1,89,0.08771371841430664,2
1070,graficon39nodi/grafo10014.39,16,39,52,83,96,5.0,15,108,24.571749448776245,2
1071,graficon43nodi/grafo7598.43,16,43,57,82,96,4.0,18,188,33.88265514373779,2
1072,graficon39nodi/grafo3329.39,16,39,50,80,91,4.0,11,115,10.35755968093872,2
1073,graficon43nodi/grafo1506.43,16,43,50,82,89,3.0,5,143,12.813947916030884,2
1074,graficon42nodi/grafo5595.42,16,42,56,80,94,5.0,14,236,53.89648389816284,2
1075,graficon41nodi/grafo2235.41,16,41,58,83,100,7.0,17,209,600.9973108768463,9
1076,graficon37nodi/grafo5408.37,16,37,57,84,104,10.0,37,222,603.5833547115326,9
1077,graficon56nodi/grafo7757.56,16,56,64,80,88,4.0,14,174,30.118449211120605,2
1078,graficon43nodi/grafo7465.43,16,43,60,80,97,6.0,23,260,92.87222480773926,2
1079,graficon42nodi/grafo5984.42,16,42,53,80,91,3.0,7,103,0.7475218772888184,2
1080,graficon49nodi/grafo2124.49,16,49,64,82,97,5.0,16,223,12.800683498382568,2
1081,graficon39nodi/grafo3939.39,16,39,50,83,94,5.0,14,120,69.95529675483704,2
1082,graficon41nodi/grafo6441.41,16,41,54,82,95,5.0,14,134,16.542379140853882,2
1083,graficon56nodi/grafo4306.56,16,56,63,84,91,1.0,3,199,0.41797590255737305,2
1084,graficon43nodi/grafo5339.43,16,43,54,81,92,5.0,9,135,9.107884883880615,2
1085,graficon36nodi/grafo3413.36,16,36,53,83,100,6.0,19,236,175.39998865127563,2
1086,graficon40nodi/grafo7766.40,16,40,50,80,90,5.0,14,122,91.31421828269958,2
1087,graficon41nodi/grafo3444.41,16,41,53,82,94,7.0,18,145,177.8724241256714,2
1088,graficon55nodi/grafo6789.55,16,55,60,81,86,2.0,6,237,1.7644124031066895,2
1089,graficon32nodi/grafo1421.32,16,32,45,80,93,2.0,9,157,0.874215841293335,2
1090,graficon36nodi/grafo5865.36,16,36,44,83,91,1.0,2,81,0.19266390800476074,2
1091,graficon42nodi/grafo3326.42,16,42,60,82,100,9.0,43,229,601.2424147129059,9
1092,graficon43nodi/grafo3360.43,16,43,56,83,96,4.0,13,231,22.924692153930664,2
1093,graficon44nodi/grafo5765.44,16,44,59,84,99,5.0,18,229,114.29106545448303,2
1094,graficon38nodi/grafo10031.38,16,38,49,84,95,4.0,5,118,5.536799907684326,2
1095,graficon46nodi/grafo5873.46,16,46,57,83,94,3.0,8,177,5.510018348693848,2
1096,graficon43nodi/grafo5486.43,16,43,54,81,92,6.0,18,185,373.4149510860443,2
1097,graficon40nodi/grafo6472.40,16,40,57,84,101,6.0,23,293,109.7034478187561,2
1098,graficon47nodi/grafo6781.47,16,47,66,82,101,9.0,21,243,530.5724451541901,2
1099,graficon36nodi/grafo3953.36,16,36,48,83,95,2.0,4,124,0.4098093509674072,2
1100,graficon43nodi/grafo5760.43,16,43,55,84,96,4.0,9,146,27.323327779769897,2
1101,graficon26nodi/grafo914.26,16,26,42,83,99,7.0,32,204,600.4015476703644,9
1102,graficon38nodi/grafo7227.38,16,38,54,80,96,5.0,19,231,9.43224024772644,2
1103,graficon40nodi/grafo7652.40,16,40,55,80,95,6.0,16,131,103.92783045768738,2
1104,graficon37nodi/grafo11359.37,16,37,47,83,93,3.0,9,149,0.6552469730377197,2
1105,graficon42nodi/grafo1092.42,16,42,53,81,92,3.0,12,132,24.17833185195923,2
1106,graficon39nodi/grafo10835.39,16,39,45,82,88,2.0,4,75,0.29903197288513184,2
1107,graficon40nodi/grafo7432.40,16,40,47,80,87,2.0,6,115,0.4392082691192627,2
1108,graficon45nodi/grafo7099.45,16,45,56,84,95,3.0,18,197,6.672719240188599,2
1109,graficon44nodi/grafo7381.44,16,44,65,81,102,11.0,50,370,600.528350353241,9
1110,graficon42nodi/grafo7049.42,16,42,54,81,93,4.0,18,185,32.57553768157959,2
1111,graficon40nodi/grafo7542.40,16,40,51,81,92,5.0,12,99,28.322367429733276,2
1112,graficon42nodi/grafo6058.42,16,42,54,81,93,5.0,12,130,28.12534236907959,2
1113,graficon40nodi/grafo3753.40,16,40,53,81,94,6.0,22,130,183.72453784942627,2
1114,graficon48nodi/grafo6376.48,16,48,61,81,94,6.0,16,162,84.96252846717834,2
1115,graficon42nodi/grafo7146.42,16,42,54,82,94,3.0,4,174,2.119434118270874,2
1116,graficon39nodi/grafo3944.39,16,39,54,84,99,4.0,10,184,3.833409070968628,2
1117,graficon41nodi/grafo7373.41,16,41,58,80,97,7.0,47,348,600.4623286724091,9
1118,graficon19nodi/grafo2375.19,16,19,35,80,96,5.0,20,189,2.939558267593384,2
1119,graficon41nodi/grafo5234.41,16,41,51,83,93,2.0,6,133,0.8548564910888672,2
1120,graficon55nodi/grafo3570.55,16,55,66,83,94,3.0,14,238,7.406638860702515,2
1121,graficon49nodi/grafo3626.49,16,49,61,81,93,6.0,25,273,413.92331767082214,2
1122,graficon47nodi/grafo6600.47,16,47,68,84,105,8.0,45,353,600.7787234783173,9
1123,graficon39nodi/grafo3793.39,16,39,53,81,95,4.0,14,194,32.61651873588562,2
1124,graficon41nodi/grafo7007.41,16,41,55,84,98,7.0,23,216,592.1463432312012,2
1125,graficon39nodi/grafo5742.39,16,39,56,83,100,6.0,20,239,61.13367056846619,2
1126,graficon40nodi/grafo7541.40,16,40,53,89,102,5.0,16,201,122.51908159255981,2
1127,graficon54nodi/grafo4016.54,16,54,65,88,99,3.0,9,130,1.4816672801971436,2
1128,graficon45nodi/grafo7241.45,16,45,62,86,103,5.0,13,230,19.737184047698975,2
1129,graficon43nodi/grafo6406.43,16,43,57,86,100,4.0,10,216,15.34086275100708,2
1130,graficon42nodi/grafo7246.42,16,42,53,89,100,4.0,13,106,2.8139772415161133,2
1131,graficon44nodi/grafo7720.44,16,44,61,88,105,6.0,25,207,136.60629534721375,2
1132,graficon46nodi/grafo7742.46,16,46,58,85,97,5.0,21,231,134.54519534111023,2
1133,graficon44nodi/grafo7169.44,16,44,56,85,97,5.0,17,157,162.80691194534302,2
1134,graficon52nodi/grafo1591.52,16,52,62,85,95,2.0,7,103,0.8705754280090332,2
1135,graficon48nodi/grafo5501.48,16,48,65,88,105,8.0,42,259,600.6192917823792,9
1136,graficon44nodi/grafo5554.44,16,44,61,89,106,4.0,19,285,12.675687313079834,2
1137,graficon39nodi/grafo7716.39,16,39,49,85,95,3.0,9,134,13.366542339324951,2
1138,graficon37nodi/grafo11653.37,16,37,51,87,101,2.0,3,73,0.3225278854370117,2
1139,graficon58nodi/grafo4792.58,16,58,69,88,99,1.0,4,157,0.26119565963745117,2
1140,graficon49nodi/grafo7578.49,16,49,57,89,97,3.0,6,153,10.469402551651001,2
1141,graficon61nodi/grafo5831.61,16,61,72,88,99,6.0,29,289,288.0630965232849,2
1142,graficon46nodi/grafo5331.46,16,46,58,88,100,6.0,26,282,600.7971923351288,9
1143,graficon51nodi/grafo4600.51,16,51,62,89,100,4.0,9,190,8.480219602584839,2
1144,graficon40nodi/grafo3335.40,16,40,53,89,102,5.0,9,140,14.761327981948853,2
1145,graficon42nodi/grafo6257.42,16,42,60,85,103,5.0,24,239,40.17535996437073,2
1146,graficon36nodi/grafo5546.36,16,36,51,88,103,6.0,21,180,343.1678147315979,2
1147,graficon41nodi/grafo9946.41,16,41,48,85,92,2.0,5,91,1.6432790756225586,2
1148,graficon60nodi/grafo4886.60,16,60,73,85,98,6.0,30,252,365.90061688423157,2
1149,graficon40nodi/grafo7050.40,16,40,51,88,99,3.0,6,152,1.4830646514892578,2
1150,graficon49nodi/grafo4380.49,16,49,64,87,102,4.0,6,164,5.477112531661987,2
1151,graficon55nodi/grafo3625.55,16,55,68,88,101,7.0,25,314,600.4211189746857,9
1152,graficon53nodi/grafo7688.53,16,53,65,88,100,5.0,14,240,33.90388250350952,2
1153,graficon39nodi/grafo5407.39,16,39,53,89,103,6.0,20,166,128.5587375164032,2
1154,graficon41nodi/grafo2781.41,16,41,61,87,107,8.0,42,252,600.4231028556824,9
1155,graficon37nodi/grafo5598.37,16,37,48,88,99,3.0,3,126,2.9601495265960693,2
1156,graficon40nodi/grafo3997.40,16,40,56,88,104,8.0,32,320,600.410609960556,9
1157,graficon43nodi/grafo7470.43,16,43,52,88,97,4.0,10,121,14.024114847183228,2
1158,graficon45nodi/grafo7442.45,16,45,53,86,94,2.0,2,105,2.6707608699798584,2
1159,graficon54nodi/grafo7723.54,16,54,73,86,105,8.0,38,273,600.3191993236542,9
1160,graficon42nodi/grafo7352.42,16,42,51,85,94,2.0,4,77,0.33190202713012695,2
1161,graficon40nodi/grafo7670.40,16,40,56,88,104,3.0,6,218,1.1419284343719482,2
1162,graficon43nodi/grafo5245.43,16,43,59,88,104,4.0,19,252,4.399777412414551,2
1163,graficon51nodi/grafo1486.51,16,51,60,87,96,3.0,6,139,1.717555046081543,2
1164,graficon36nodi/grafo6049.36,16,36,45,87,96,2.0,5,90,0.6307852268218994,2
1165,graficon39nodi/grafo7415.39,16,39,53,88,102,5.0,14,164,33.792973041534424,2
1166,graficon40nodi/grafo5373.40,16,40,58,87,105,5.0,23,224,76.75452923774719,2
1167,graficon38nodi/grafo9979.38,16,38,50,86,98,5.0,15,100,42.335346698760986,2
1168,graficon48nodi/grafo5194.48,16,48,65,89,106,6.0,25,200,86.93267297744751,2
1169,graficon48nodi/grafo5357.48,16,48,64,85,101,9.0,31,209,600.4228508472443,9
1170,graficon36nodi/grafo11662.36,16,36,48,87,99,1.0,1,65,0.06766819953918457,2
1171,graficon42nodi/grafo7614.42,16,42,57,87,102,6.0,20,429,157.57709980010986,2
1172,graficon48nodi/grafo7272.48,16,48,57,86,95,2.0,4,152,0.639941930770874,2
1173,graficon44nodi/grafo5878.44,16,44,56,87,99,3.0,12,167,3.742823600769043,2
1174,graficon42nodi/grafo5958.42,16,42,56,86,100,5.0,16,159,71.24863791465759,2
1175,graficon58nodi/grafo1588.58,16,58,66,88,96,4.0,10,238,31.1864595413208,2
1176,graficon52nodi/grafo3455.52,16,52,65,87,100,4.0,20,179,36.405237436294556,2
1177,graficon42nodi/grafo7583.42,16,42,56,86,100,5.0,21,188,178.31178307533264,2
1178,graficon49nodi/grafo7370.49,16,49,64,87,102,3.0,8,243,2.2209768295288086,2
1179,graficon39nodi/grafo5157.39,16,39,54,88,103,4.0,15,193,24.772658348083496,2
1180,graficon47nodi/grafo6822.47,16,47,56,88,97,3.0,5,191,1.3326327800750732,2
1181,graficon43nodi/grafo6928.43,16,43,56,88,101,5.0,18,172,101.61995196342468,2
1182,graficon38nodi/grafo3421.38,16,38,52,89,103,7.0,25,183,600.4243686199188,9
1183,graficon39nodi/grafo3727.39,16,39,53,86,100,4.0,9,164,27.112096309661865,2
1184,graficon44nodi/grafo6870.44,16,44,64,85,105,9.0,44,202,600.3711133003235,9
1185,graficon36nodi/grafo9853.36,16,36,48,87,99,1.0,1,65,0.0665435791015625,2
1186,graficon50nodi/grafo4518.50,16,50,66,87,103,6.0,17,234,71.37801098823547,2
1187,graficon42nodi/grafo7709.42,16,42,58,86,102,7.0,22,170,398.0313289165497,2
1188,graficon60nodi/grafo7155.60,16,60,70,86,96,4.0,7,264,1.7515363693237305,2
1189,graficon64nodi/grafo4420.64,16,64,81,88,105,7.0,22,264,551.3324456214905,2
1190,graficon47nodi/grafo6437.47,16,47,70,88,111,11.0,84,458,600.7434484958649,9
1191,graficon45nodi/grafo3151.45,16,45,58,86,99,4.0,16,137,29.59486174583435,2
1192,graficon51nodi/grafo4369.51,16,51,67,87,103,4.0,20,260,32.73890471458435,2
1193,graficon38nodi/grafo3887.38,16,38,52,87,101,4.0,15,175,19.216759204864502,2
1194,graficon44nodi/grafo6329.44,16,44,58,88,102,4.0,10,103,8.125321626663208,2
1195,graficon50nodi/grafo1418.50,16,50,57,88,95,3.0,9,131,0.6917035579681396,2
1196,graficon43nodi/grafo6886.43,16,43,62,85,104,8.0,37,219,600.4255194664001,9
1197,graficon42nodi/grafo7012.42,16,42,59,88,105,6.0,17,210,260.4629456996918,2
1198,graficon34nodi/grafo5990.34,16,34,45,89,100,1.0,1,146,0.14987707138061523,2
1199,graficon56nodi/grafo4391.56,16,56,70,86,100,7.0,26,403,379.46465969085693,2
1200,graficon48nodi/grafo6689.48,16,48,57,86,95,3.0,9,134,2.715742826461792,2
1201,graficon36nodi/grafo10457.36,16,36,45,93,102,2.0,4,89,0.7854475975036621,2
1202,graficon46nodi/grafo5338.46,16,46,62,94,110,5.0,19,193,178.26963233947754,2
1203,graficon72nodi/grafo9639.72,16,72,80,94,102,6.0,18,283,267.08871507644653,2
1204,graficon44nodi/grafo3644.44,16,44,54,93,103,4.0,8,78,0.7395126819610596,2
1205,graficon54nodi/grafo3511.54,16,54,73,93,112,6.0,19,260,79.2947199344635,2
1206,graficon42nodi/grafo6946.42,16,42,58,94,110,6.0,25,184,215.45760416984558,2
1207,graficon57nodi/grafo5626.57,16,57,78,94,115,8.0,33,247,600.3735549449921,9
1208,graficon37nodi/grafo6217.37,16,37,53,94,110,6.0,21,191,293.9806594848633,2
1209,graficon60nodi/grafo4512.60,16,60,73,93,106,4.0,11,240,19.81930136680603,2
1210,graficon47nodi/grafo5432.47,16,47,68,92,113,9.0,32,354,600.4813115596771,9
1211,graficon55nodi/grafo4502.55,16,55,76,92,113,10.0,62,410,601.3957586288452,9
1212,graficon58nodi/grafo1247.58,16,58,68,94,104,4.0,14,196,10.600300073623657,2
1213,graficon43nodi/grafo6346.43,16,43,62,91,110,7.0,32,210,513.0943276882172,2
1214,graficon37nodi/grafo11625.37,16,37,51,92,106,3.0,9,90,1.4503004550933838,2
1215,graficon51nodi/grafo1470.51,16,51,69,90,108,7.0,32,315,160.562353849411,2
1216,graficon64nodi/grafo8416.64,16,64,79,94,109,11.0,36,328,601.1279296875,9
1217,graficon43nodi/grafo7441.43,16,43,60,92,109,8.0,39,231,600.6050062179565,9
1218,graficon40nodi/grafo5211.40,16,40,54,93,107,4.0,9,240,3.678412675857544,2
1219,graficon35nodi/grafo11326.35,16,35,42,91,98,2.0,3,89,0.5485775470733643,2
1220,graficon43nodi/grafo7157.43,16,43,53,90,100,3.0,8,107,5.191315174102783,2
1221,graficon39nodi/grafo3330.39,16,39,60,93,114,8.0,36,302,600.6076211929321,9
1222,graficon40nodi/grafo3519.40,16,40,56,93,109,4.0,6,132,1.9020237922668457,2
1223,graficon57nodi/grafo4041.57,16,57,66,92,101,4.0,15,254,43.32207107543945,2
1224,graficon41nodi/grafo7124.41,16,41,59,94,112,5.0,15,171,18.293513536453247,2
1225,graficon61nodi/grafo4482.61,16,61,75,91,105,3.0,9,224,2.471186637878418,2
1226,graficon49nodi/grafo5721.49,16,49,64,92,107,3.0,9,184,2.1394872665405273,2
1227,graficon42nodi/grafo5468.42,16,42,58,94,110,5.0,20,242,18.15149688720703,2
1228,graficon37nodi/grafo1758.37,16,37,45,93,101,2.0,4,161,0.46021032333374023,2
1229,graficon36nodi/grafo11444.36,16,36,46,94,104,2.0,5,95,0.5185356140136719,2
1230,graficon37nodi/grafo11540.37,16,37,48,91,102,2.0,4,109,0.6211934089660645,2
1231,graficon37nodi/grafo7028.37,16,37,48,90,101,5.0,16,167,172.5115671157837,2
1232,graficon37nodi/grafo11417.37,16,37,49,90,102,2.0,4,96,0.527686595916748,2
1233,graficon39nodi/grafo3187.39,16,39,53,91,105,5.0,18,183,34.918612241744995,2
1234,graficon39nodi/grafo9897.39,16,39,55,90,106,6.0,20,174,67.32352614402771,2
1235,graficon57nodi/grafo5748.57,16,57,76,94,113,7.0,30,298,519.1344895362854,2
1236,graficon38nodi/grafo10032.38,16,38,47,91,100,4.0,9,99,6.336020469665527,2
1237,graficon58nodi/grafo4796.58,16,58,73,90,105,7.0,21,188,552.5578458309174,2
1238,graficon40nodi/grafo10282.40,16,40,59,92,111,4.0,16,262,7.6217427253723145,2
1239,graficon54nodi/grafo5002.54,16,54,64,91,101,5.0,11,235,56.17153573036194,2
1240,graficon44nodi/grafo2199.44,16,44,50,90,96,2.0,4,103,0.7855286598205566,2
1241,graficon38nodi/grafo10659.38,16,38,57,91,110,6.0,21,189,56.260130167007446,2
1242,graficon56nodi/grafo4409.56,16,56,67,93,104,2.0,6,125,0.5194854736328125,2
1243,graficon47nodi/grafo6408.47,16,47,57,90,100,3.0,9,161,2.983924388885498,2
1244,graficon54nodi/grafo3858.54,16,54,68,92,106,7.0,25,232,600.371630191803,9
1245,graficon43nodi/grafo5723.43,16,43,59,92,108,6.0,30,212,340.9591507911682,2
1246,graficon40nodi/grafo4010.40,16,40,52,92,104,3.0,8,132,20.31043243408203,2
1247,graficon62nodi/grafo6173.62,16,62,73,92,103,4.0,11,192,25.351598978042603,2
1248,graficon45nodi/grafo5138.45,16,45,61,90,106,6.0,31,378,602.4028985500336,9
1249,graficon41nodi/grafo6164.41,16,41,55,91,105,5.0,17,183,66.73074793815613,2
1250,graficon41nodi/grafo3527.41,16,41,54,93,106,4.0,19,198,36.1262948513031,2
1251,graficon42nodi/grafo7642.42,16,42,62,90,110,7.0,27,283,170.38813376426697,2
1252,graficon46nodi/grafo3424.46,16,46,56,94,104,4.0,15,159,30.55453395843506,2
1253,graficon53nodi/grafo271.53,16,53,67,91,105,5.0,14,246,20.338366508483887,2
1254,graficon45nodi/grafo3660.45,16,45,60,90,105,6.0,24,210,403.6079432964325,2
1255,graficon40nodi/grafo5980.40,16,40,54,92,106,5.0,10,116,13.244812488555908,2
1256,graficon44nodi/grafo6945.44,16,44,60,93,109,6.0,25,261,66.4367425441742,2
1257,graficon35nodi/grafo5299.35,16,35,44,91,100,2.0,8,123,3.214883804321289,2
1258,graficon66nodi/grafo9143.66,16,66,84,94,112,9.0,43,311,600.4934425354004,9
1259,graficon55nodi/grafo4195.55,16,55,69,91,105,6.0,9,134,12.284550905227661,2
1260,graficon58nodi/grafo6193.58,16,58,77,91,110,8.0,37,350,600.6885540485382,9
1261,graficon45nodi/grafo6524.45,16,45,59,94,108,5.0,19,211,142.4876208305359,2
1262,graficon54nodi/grafo4006.54,16,54,64,91,101,1.0,2,114,0.2152867317199707,2
1263,graficon38nodi/grafo11322.38,16,38,50,94,106,2.0,3,75,0.4418003559112549,2
1264,graficon46nodi/grafo6723.46,16,46,64,93,111,7.0,43,338,600.6638371944427,9
1265,graficon35nodi/grafo6517.35,16,35,49,93,107,5.0,18,157,50.189592361450195,2
1266,graficon49nodi/grafo3415.49,16,49,65,90,106,6.0,16,192,139.9951274394989,2
1267,graficon39nodi/grafo4005.39,16,39,52,91,104,6.0,22,204,269.94335889816284,2
1268,graficon52nodi/grafo4030.52,16,52,65,92,105,5.0,18,172,29.303120374679565,2
1269,graficon41nodi/grafo7098.41,16,41,59,92,110,8.0,44,303,600.4202353954315,9
1270,graficon43nodi/grafo5926.43,16,43,62,93,112,6.0,15,204,148.41608691215515,2
1271,graficon47nodi/grafo7625.47,16,47,67,94,114,7.0,30,232,218.8643593788147,2
1272,graficon41nodi/grafo5717.41,16,41,51,93,103,3.0,5,110,0.8899800777435303,2
1273,graficon66nodi/grafo9641.66,16,66,79,90,103,5.0,13,443,56.38645529747009,2
1274,graficon38nodi/grafo6578.38,16,38,53,93,108,3.0,8,120,1.3425922393798828,2
1275,graficon42nodi/grafo3508.42,16,42,59,94,111,7.0,26,229,424.39503288269043,2
1276,graficon44nodi/grafo11403.44,16,44,60,98,114,6.0,18,217,73.79518055915833,2
1277,graficon43nodi/grafo7636.43,16,43,59,99,115,5.0,20,243,157.24761724472046,2
1278,graficon42nodi/grafo5817.42,16,42,60,99,117,5.0,12,130,17.30573272705078,2
1279,graficon51nodi/grafo3172.51,16,51,71,96,116,8.0,41,298,600.6332697868347,9
1280,graficon44nodi/grafo6432.44,16,44,54,95,105,2.0,4,132,0.8681507110595703,2
1281,graficon40nodi/grafo3621.40,16,40,50,95,105,2.0,10,140,1.3862371444702148,2
1282,graficon62nodi/grafo4646.62,16,62,78,96,112,4.0,13,375,8.978981256484985,2
1283,graficon52nodi/grafo7721.52,16,52,71,95,114,7.0,30,234,213.4314045906067,2
1284,graficon45nodi/grafo7640.45,16,45,65,98,118,8.0,43,341,600.3959798812866,9
1285,graficon41nodi/grafo3781.41,16,41,58,96,113,7.0,27,273,596.9056890010834,2
1286,graficon57nodi/grafo4352.57,16,57,67,98,108,4.0,7,178,3.8434929847717285,2
1287,graficon40nodi/grafo6458.40,16,40,57,95,112,6.0,18,272,177.3382534980774,2
1288,graficon56nodi/grafo6568.56,16,56,69,98,111,6.0,28,265,247.6736855506897,2
1289,graficon50nodi/grafo4580.50,16,50,63,99,112,4.0,18,191,3.482050895690918,2
1290,graficon53nodi/grafo3486.53,16,53,68,97,112,6.0,27,286,600.4881603717804,9
1291,graficon54nodi/grafo1483.54,16,54,67,98,111,5.0,10,129,59.5917284488678,2
1292,graficon47nodi/grafo6664.47,16,47,63,96,112,6.0,28,276,324.5848970413208,2
1293,graficon44nodi/grafo7761.44,16,44,55,98,109,3.0,11,181,7.160336256027222,2
1294,graficon48nodi/grafo3769.48,16,48,63,99,114,6.0,26,226,600.5907199382782,9
1295,graficon44nodi/grafo3205.44,16,44,57,99,112,5.0,8,145,15.554613828659058,2
1296,graficon42nodi/grafo3439.42,16,42,57,95,110,4.0,13,232,27.28823184967041,2
1297,graficon41nodi/grafo5645.41,16,41,52,97,108,4.0,12,157,10.153571367263794,2
1298,graficon49nodi/grafo4012.49,16,49,65,99,115,7.0,24,222,600.4374778270721,9
1299,graficon38nodi/grafo3540.38,16,38,57,96,115,6.0,14,214,67.96318936347961,2
1300,graficon44nodi/grafo6960.44,16,44,61,98,115,4.0,27,220,113.67965602874756,2
1301,graficon43nodi/grafo4053.43,16,43,58,98,113,5.0,30,274,235.43854570388794,2
1302,graficon38nodi/grafo7478.38,16,38,47,98,107,3.0,7,124,10.564933061599731,2
1303,graficon42nodi/grafo3402.42,16,42,62,99,119,8.0,30,219,600.3629822731018,9
1304,graficon40nodi/grafo3804.40,16,40,49,98,107,4.0,7,91,14.15766453742981,2
1305,graficon46nodi/grafo7713.46,16,46,67,96,117,10.0,57,427,600.4390339851379,9
1306,graficon54nodi/grafo4849.54,16,54,68,95,109,3.0,7,152,4.01857328414917,2
1307,graficon48nodi/grafo4473.48,16,48,61,95,108,2.0,4,195,0.7465808391571045,2
1308,graficon54nodi/grafo4530.54,16,54,76,97,119,10.0,52,339,600.4387011528015,9
1309,graficon41nodi/grafo2531.41,16,41,56,99,114,5.0,13,228,30.019797563552856,2
1310,graficon61nodi/grafo8112.61,16,61,77,97,113,7.0,26,278,600.3802795410156,9
1311,graficon53nodi/grafo3763.53,16,53,72,95,114,7.0,29,287,600.5016677379608,9
1312,graficon39nodi/grafo3099.39,16,39,47,98,106,0.0,0,64,0.05849575996398926,2
1313,graficon44nodi/grafo7621.44,16,44,65,98,119,7.0,22,260,339.01483058929443,2
1314,graficon44nodi/grafo6263.44,16,44,66,96,118,9.0,37,252,600.3742866516113,9
1315,graficon60nodi/grafo7448.60,16,60,81,98,119,7.0,58,345,437.95864748954773,2
1316,graficon46nodi/grafo5480.46,16,46,63,95,112,6.0,25,181,138.18341708183289,2
1317,graficon39nodi/grafo7390.39,16,39,59,97,117,7.0,22,179,434.520544052124,2
1318,graficon42nodi/grafo3258.42,16,42,58,96,112,5.0,18,177,375.24891686439514,2
1319,graficon52nodi/grafo6159.52,16,52,65,98,111,5.0,15,175,106.7726616859436,2
1320,graficon42nodi/grafo7485.42,16,42,56,99,113,6.0,21,183,230.50683856010437,2
1321,graficon49nodi/grafo7245.49,16,49,65,97,113,7.0,23,199,600.375078201294,9
1322,graficon54nodi/grafo4488.54,16,54,69,95,110,6.0,17,209,255.49084734916687,2
1323,graficon42nodi/grafo6270.42,16,42,54,98,110,2.0,10,169,3.5484459400177,2
1324,graficon42nodi/grafo3277.42,16,42,56,95,109,5.0,20,188,141.70945811271667,2
1325,graficon46nodi/grafo5832.46,16,46,58,95,107,3.0,8,164,2.569268226623535,2
1326,graficon60nodi/grafo4376.60,16,60,73,96,109,3.0,9,175,3.711193561553955,2
1327,graficon55nodi/grafo1549.55,16,55,66,99,110,4.0,9,284,13.388385772705078,2
1328,graficon53nodi/grafo4871.53,16,53,71,98,116,5.0,23,278,333.52922224998474,2
1329,graficon60nodi/grafo8276.60,16,60,74,97,111,4.0,15,196,31.350151777267456,2
1330,graficon55nodi/grafo1465.55,16,55,65,95,105,4.0,17,205,68.29446125030518,2
1331,graficon53nodi/grafo5057.53,16,53,67,95,109,3.0,16,255,24.211289882659912,2
1332,graficon38nodi/grafo3383.38,16,38,62,98,122,13.0,76,476,600.5619695186615,9
1333,graficon38nodi/grafo3758.38,16,38,56,99,117,8.0,41,287,600.3926556110382,9
1334,graficon63nodi/grafo4664.63,16,63,77,99,113,4.0,16,224,25.86786699295044,2
1335,graficon46nodi/grafo3412.46,16,46,65,95,114,6.0,24,232,84.55093097686768,2
1336,graficon44nodi/grafo7591.44,16,44,61,95,112,8.0,38,415,600.6880490779877,9
1337,graficon53nodi/grafo1482.53,16,53,67,96,110,5.0,20,254,97.08043265342712,2
1338,graficon43nodi/grafo6921.43,16,43,55,97,109,4.0,12,142,21.572675943374634,2
1339,graficon41nodi/grafo6192.41,16,41,54,95,108,7.0,21,149,600.2912905216217,9
1340,graficon51nodi/grafo7730.51,16,51,67,95,111,6.0,21,223,102.28531551361084,2
1341,graficon39nodi/grafo7581.39,16,39,51,96,108,4.0,9,165,23.233503580093384,2
1342,graficon62nodi/grafo4312.62,16,62,74,96,108,6.0,21,257,348.36471009254456,2
1343,graficon42nodi/grafo3476.42,16,42,60,99,117,5.0,18,264,258.6296293735504,2
1344,graficon41nodi/grafo7204.41,16,41,54,99,112,4.0,13,248,4.636324167251587,2
1345,graficon44nodi/grafo3603.44,16,44,66,99,121,10.0,57,368,600.5798785686493,9
1346,graficon39nodi/grafo11495.39,16,39,52,95,108,5.0,12,164,18.036906003952026,2
1347,graficon39nodi/grafo3474.39,16,39,51,95,107,5.0,15,226,65.1242425441742,2
1348,graficon42nodi/grafo6308.42,16,42,62,96,116,8.0,33,421,601.2900712490082,9
1349,graficon40nodi/grafo5643.40,16,40,51,95,106,3.0,6,175,1.341609001159668,2
1350,graficon39nodi/grafo5974.39,16,39,53,97,111,3.0,13,220,2.7069790363311768,2
1351,graficon41nodi/grafo6398.41,16,41,53,100,112,4.0,11,131,36.122798442840576,2
1352,graficon53nodi/grafo5091.53,16,53,77,102,126,11.0,36,251,600.7765111923218,9
1353,graficon49nodi/grafo5078.49,16,49,64,100,115,4.0,11,190,13.54440450668335,2
1354,graficon41nodi/grafo5565.41,16,41,53,102,114,3.0,11,196,3.940389394760132,2
1355,graficon56nodi/grafo3328.56,16,56,76,104,124,11.0,62,381,601.2886915206909,9
1356,graficon52nodi/grafo3755.52,16,52,72,104,124,8.0,30,255,600.4538547992706,9
1357,graficon65nodi/grafo9317.65,16,65,80,100,115,6.0,24,284,228.3498022556305,2
1358,graficon42nodi/grafo7572.42,16,42,50,101,109,3.0,6,113,6.961083173751831,2
1359,graficon55nodi/grafo2141.55,16,55,76,102,123,9.0,32,372,600.6055490970612,9
1360,graficon47nodi/grafo1433.47,16,47,60,101,114,3.0,11,101,20.81767702102661,2
1361,graficon39nodi/grafo5798.39,16,39,55,104,120,5.0,18,188,40.79108214378357,2
1362,graficon55nodi/grafo4475.55,16,55,67,101,113,2.0,8,163,0.7138664722442627,2
1363,graficon58nodi/grafo5350.58,16,58,74,104,120,9.0,40,397,600.5453658103943,9
1364,graficon71nodi/grafo9653.71,16,71,80,103,112,2.0,2,179,1.5681509971618652,2
1365,graficon63nodi/grafo4351.63,16,63,78,101,116,7.0,38,508,600.598251581192,9
1366,graficon54nodi/grafo3785.54,16,54,70,101,117,8.0,33,271,600.3579320907593,9
1367,graficon37nodi/grafo11284.37,16,37,50,101,114,3.0,6,63,0.7998106479644775,2
1368,graficon38nodi/grafo2726.38,16,38,53,101,116,5.0,14,239,133.8608157634735,2
1369,graficon62nodi/grafo6805.62,16,62,75,104,117,5.0,10,233,5.487170696258545,2
1370,graficon67nodi/grafo9658.67,16,67,79,100,112,5.0,8,192,17.474124908447266,2
1371,graficon60nodi/grafo3536.60,16,60,73,100,113,6.0,31,254,420.1944715976715,2
1372,graficon57nodi/grafo7289.57,16,57,72,100,115,7.0,26,259,600.2781710624695,9
1373,graficon59nodi/grafo4281.59,16,59,76,102,119,6.0,21,311,283.162202835083,2
1374,graficon40nodi/grafo5568.40,16,40,59,100,119,7.0,20,226,600.782336473465,9
1375,graficon61nodi/grafo8051.61,16,61,73,102,114,4.0,13,162,14.839736461639404,2
1376,graficon65nodi/grafo9375.65,16,65,76,102,113,3.0,8,188,3.8416268825531006,2
1377,graficon44nodi/grafo5352.44,16,44,70,100,126,12.0,74,539,600.6727509498596,9
1378,graficon47nodi/grafo5710.47,16,47,62,103,118,4.0,20,220,127.71799302101135,2
1379,graficon50nodi/grafo1392.50,16,50,63,103,116,4.0,13,162,18.169849634170532,2
1380,graficon42nodi/grafo7610.42,16,42,55,103,116,3.0,7,84,0.727719783782959,2
1381,graficon40nodi/grafo6641.40,16,40,54,100,114,5.0,8,106,24.558762550354004,2
1382,graficon57nodi/grafo4452.57,16,57,76,104,123,5.0,27,250,137.6144676208496,2
1383,graficon48nodi/grafo6289.48,16,48,65,104,121,7.0,20,297,333.1471154689789,2
1384,graficon39nodi/grafo3375.39,16,39,59,103,123,7.0,23,206,339.9618272781372,2
1385,graficon45nodi/grafo7623.45,16,45,62,104,121,9.0,42,235,600.3630504608154,9
1386,graficon57nodi/grafo7770.57,16,57,69,102,114,4.0,9,246,14.370392560958862,2
1387,graficon46nodi/grafo6166.46,16,46,66,102,122,9.0,40,226,600.3381314277649,9
1388,graficon45nodi/grafo7391.45,16,45,61,100,116,7.0,27,217,600.346025466919,9
1389,graficon48nodi/grafo7135.48,16,48,68,104,124,8.0,42,409,600.468564748764,9
1390,graficon59nodi/grafo6718.59,16,59,73,103,117,4.0,13,262,5.941480398178101,2
1391,graficon36nodi/grafo2877.36,16,36,53,101,118,5.0,19,175,69.51741075515747,2
1392,graficon42nodi/grafo7744.42,16,42,52,100,110,3.0,7,93,0.6661245822906494,2
1393,graficon55nodi/grafo3834.55,16,55,80,103,128,8.0,43,377,600.4441382884979,9
1394,graficon50nodi/grafo1307.50,16,50,71,104,125,11.0,54,456,600.5665628910065,9
1395,graficon42nodi/grafo7026.42,16,42,55,101,114,4.0,12,131,2.8493430614471436,2
1396,graficon42nodi/grafo7261.42,16,42,62,100,120,10.0,37,341,600.5388510227203,9
1397,graficon56nodi/grafo5341.56,16,56,79,101,124,12.0,58,276,600.3142833709717,9
1398,graficon56nodi/grafo4651.56,16,56,76,101,121,9.0,45,378,600.4525887966156,9
1399,graficon35nodi/grafo5493.35,16,35,53,100,118,7.0,22,241,600.3243517875671,9
1400,graficon54nodi/grafo3748.54,16,54,73,104,123,8.0,37,259,600.2915725708008,9
1401,graficon56nodi/grafo1205.56,16,56,75,100,119,8.0,34,268,600.3745987415314,9
1402,graficon56nodi/grafo7738.56,16,56,79,102,125,9.0,40,388,604.7648947238922,9
1403,graficon61nodi/grafo3257.61,16,61,82,102,123,11.0,55,543,600.6721572875977,9
1404,graficon48nodi/grafo2254.48,16,48,66,102,120,6.0,28,284,339.27368545532227,2
1405,graficon42nodi/grafo5550.42,16,42,57,101,116,4.0,23,262,8.978706121444702,2
1406,graficon58nodi/grafo6722.58,16,58,69,103,114,5.0,19,208,89.60964560508728,2
1407,graficon50nodi/grafo6775.50,16,50,63,101,114,5.0,12,291,65.80145311355591,2
1408,graficon56nodi/grafo6630.56,16,56,68,103,115,6.0,28,279,600.370943069458,9
1409,graficon51nodi/grafo7550.51,16,51,66,102,117,7.0,25,235,287.9997639656067,2
1410,graficon55nodi/grafo4367.55,16,55,72,103,120,4.0,13,144,16.951077699661255,2
1411,graficon40nodi/grafo7165.40,16,40,55,102,117,8.0,30,208,600.3392214775085,9
1412,graficon67nodi/grafo6272.67,16,67,72,100,105,1.0,1,88,0.0690460205078125,2
1413,graficon51nodi/grafo3484.51,16,51,68,104,121,8.0,42,254,600.341878414154,9
1414,graficon53nodi/grafo2794.53,16,53,73,104,124,9.0,43,282,600.5465047359467,9
1415,graficon49nodi/grafo4734.49,16,49,59,101,111,2.0,3,128,0.820411205291748,2
1416,graficon50nodi/grafo5745.50,16,50,75,101,126,14.0,65,300,600.4137344360352,9
1417,graficon63nodi/grafo1570.63,16,63,74,100,111,4.0,18,200,4.026480674743652,2
1418,graficon39nodi/grafo11671.39,16,39,52,101,114,4.0,13,155,23.896509408950806,2
1419,graficon67nodi/grafo1617.67,16,67,80,103,116,5.0,13,183,40.71692705154419,2
1420,graficon39nodi/grafo5762.39,16,39,59,103,123,6.0,26,231,101.82981514930725,2
1421,graficon54nodi/grafo4467.54,16,54,69,102,117,4.0,10,230,27.185723066329956,2
1422,graficon36nodi/grafo5175.36,16,36,45,101,110,2.0,5,91,0.6308140754699707,2
1423,graficon49nodi/grafo5220.49,16,49,64,100,115,5.0,16,301,68.83990931510925,2
1424,graficon57nodi/grafo5032.57,16,57,69,101,113,3.0,8,246,40.93470072746277,2
1425,graficon44nodi/grafo5221.44,16,44,57,102,115,5.0,16,145,30.215161561965942,2
