Index,Data,combo_idx,Nodes,Edges,TotalNodes,TotalEdges,ObjVal,Crossings,EdgeLength,Runtime,Status
1,graficon13nodi/grafo2567.13,17,13,13,13,13,0.0,0,6,0.0031943321228027344,2
2,graficon11nodi/grafo685.11,17,11,11,13,13,0.0,0,14,0.004400491714477539,2
3,graficon10nodi/grafo2511.10,17,10,10,12,12,0.0,0,6,0.002187013626098633,2
4,graficon12nodi/grafo957.12,17,12,11,13,12,0.0,0,10,0.0015463829040527344,2
5,graficon14nodi/grafo769.14,17,14,13,14,13,0.0,0,10,0.0013356208801269531,2
6,graficon10nodi/grafo1070.10,17,10,10,12,12,0.0,0,6,0.0009322166442871094,2
7,graficon10nodi/grafo473.10,17,10,10,12,12,0.0,0,6,0.0016946792602539062,2
8,graficon14nodi/grafo371.14,17,14,13,14,13,0.0,0,6,0.0030565261840820312,2
9,graficon12nodi/grafo906.12,17,12,11,12,11,0.0,0,3,0.0009593963623046875,2
10,graficon11nodi/grafo927.11,17,11,10,11,10,0.0,0,6,0.0011587142944335938,2
11,graficon10nodi/grafo758.10,17,10,10,12,12,0.0,0,6,0.0019922256469726562,2
12,graficon12nodi/grafo122.12,17,12,11,12,11,0.0,0,5,0.0005385875701904297,2
13,graficon12nodi/grafo1843.12,17,12,15,14,17,1.0,2,15,0.010363578796386719,2
14,graficon10nodi/grafo898.10,17,10,9,10,9,0.0,0,2,0.0006585121154785156,2
15,graficon11nodi/grafo2433.11,17,11,11,13,13,0.0,0,3,0.0018706321716308594,2
16,graficon11nodi/grafo749.11,17,11,10,13,12,0.0,0,5,0.002552032470703125,2
17,graficon10nodi/grafo961.10,17,10,10,12,12,0.0,0,6,0.001232147216796875,2
18,graficon10nodi/grafo1857.10,17,10,12,12,14,0.0,0,10,0.0021009445190429688,2
19,graficon11nodi/grafo1004.11,17,11,12,12,13,0.0,0,15,0.0038933753967285156,2
20,graficon11nodi/grafo675.11,17,11,11,13,13,0.0,0,4,0.0018215179443359375,2
21,graficon10nodi/grafo633.10,17,10,9,10,9,0.0,0,2,0.0009679794311523438,2
22,graficon13nodi/grafo2908.13,17,13,12,13,12,0.0,0,8,0.0015261173248291016,2
23,graficon11nodi/grafo441.11,17,11,11,13,13,0.0,0,14,0.004126787185668945,2
24,graficon11nodi/grafo2812.11,17,11,11,13,13,0.0,0,3,0.001980304718017578,2
25,graficon10nodi/grafo881.10,17,10,9,10,9,0.0,0,2,0.0014138221740722656,2
26,graficon10nodi/grafo455.10,17,10,10,13,13,0.0,0,4,0.0020165443420410156,2
27,graficon12nodi/grafo933.12,17,12,11,12,11,0.0,0,5,0.0006546974182128906,2
28,graficon12nodi/grafo256.12,17,12,11,12,11,0.0,0,2,0.0008232593536376953,2
29,graficon10nodi/grafo1098.10,17,10,9,10,9,0.0,0,2,0.0007729530334472656,2
30,graficon11nodi/grafo246.11,17,11,10,11,10,0.0,0,3,0.0009095668792724609,2
31,graficon12nodi/grafo2668.12,17,12,13,14,15,1.0,1,7,0.02131342887878418,2
32,graficon12nodi/grafo667.12,17,12,12,13,13,0.0,0,15,0.002639293670654297,2
33,graficon12nodi/grafo986.12,17,12,11,12,11,0.0,0,5,0.00054931640625,2
34,graficon10nodi/grafo782.10,17,10,9,10,9,0.0,0,2,0.0007061958312988281,2
35,graficon12nodi/grafo756.12,17,12,11,12,11,0.0,0,3,0.0010094642639160156,2
36,graficon11nodi/grafo1629.11,17,11,11,14,14,0.0,0,10,0.0018541812896728516,2
37,graficon12nodi/grafo888.12,17,12,13,14,15,0.0,0,17,0.00489044189453125,2
38,graficon11nodi/grafo1162.11,17,11,11,12,12,0.0,0,6,0.0012900829315185547,2
39,graficon11nodi/grafo3101.11,17,11,11,13,13,0.0,0,3,0.0018210411071777344,2
40,graficon10nodi/grafo910.10,17,10,9,10,9,0.0,0,2,0.0007841587066650391,2
41,graficon13nodi/grafo514.13,17,13,12,13,12,0.0,0,4,0.0013222694396972656,2
42,graficon10nodi/grafo718.10,17,10,10,12,12,0.0,0,6,0.001880645751953125,2
43,graficon10nodi/grafo1123.10,17,10,10,12,12,0.0,0,6,0.0018124580383300781,2
44,graficon10nodi/grafo474.10,17,10,10,12,12,0.0,0,6,0.0016601085662841797,2
45,graficon14nodi/grafo272.14,17,14,13,14,13,0.0,0,9,0.002910614013671875,2
46,graficon11nodi/grafo1084.11,17,11,10,11,10,0.0,0,2,0.0008540153503417969,2
47,graficon11nodi/grafo2971.11,17,11,11,13,13,0.0,0,3,0.002462148666381836,2
48,graficon11nodi/grafo313.11,17,11,10,13,12,0.0,0,12,0.0033729076385498047,2
49,graficon11nodi/grafo532.11,17,11,11,13,13,0.0,0,9,0.0026857852935791016,2
50,graficon11nodi/grafo857.11,17,11,11,12,12,0.0,0,12,0.0041790008544921875,2
51,graficon10nodi/grafo978.10,17,10,10,12,12,0.0,0,6,0.0010178089141845703,2
52,graficon13nodi/grafo1067.13,17,13,13,13,13,0.0,0,6,0.0021800994873046875,2
53,graficon12nodi/grafo2949.12,17,12,11,12,11,0.0,0,4,0.0007295608520507812,2
54,graficon10nodi/grafo962.10,17,10,10,12,12,0.0,0,6,0.001215219497680664,2
55,graficon10nodi/grafo460.10,17,10,9,10,9,0.0,0,2,0.0005593299865722656,2
56,graficon11nodi/grafo3073.11,17,11,11,13,13,0.0,0,3,0.0012366771697998047,2
57,graficon11nodi/grafo316.11,17,11,13,14,16,0.0,0,22,0.004163980484008789,2
58,graficon13nodi/grafo2415.13,17,13,13,14,14,0.0,0,5,0.0018982887268066406,2
59,graficon12nodi/grafo861.12,17,12,12,14,14,0.0,0,21,0.005002260208129883,2
60,graficon11nodi/grafo612.11,17,11,11,13,13,0.0,0,7,0.001203298568725586,2
61,graficon10nodi/grafo513.10,17,10,10,12,12,0.0,0,6,0.0014104843139648438,2
62,graficon12nodi/grafo352.12,17,12,12,14,14,1.0,2,6,0.0026667118072509766,2
63,graficon11nodi/grafo3113.11,17,11,11,13,13,0.0,0,3,0.0014548301696777344,2
64,graficon12nodi/grafo2651.12,17,12,13,12,13,1.0,2,13,0.003297090530395508,2
65,graficon13nodi/grafo2595.13,17,13,12,13,12,0.0,0,5,0.0019462108612060547,2
66,graficon14nodi/grafo345.14,17,14,13,14,13,0.0,0,9,0.0021338462829589844,2
67,graficon10nodi/grafo209.10,17,10,10,12,12,0.0,0,6,0.0010209083557128906,2
68,graficon11nodi/grafo1005.11,17,11,11,12,12,0.0,0,9,0.001211404800415039,2
69,graficon10nodi/grafo1032.10,17,10,9,10,9,0.0,0,2,0.0006864070892333984,2
70,graficon10nodi/grafo210.10,17,10,10,12,12,0.0,0,6,0.0020742416381835938,2
71,graficon11nodi/grafo759.11,17,11,12,12,13,1.0,1,7,0.0030417442321777344,2
72,graficon10nodi/grafo265.10,17,10,12,12,14,1.0,1,16,0.005700111389160156,2
73,graficon12nodi/grafo2439.12,17,12,12,13,13,0.0,0,10,0.0019958019256591797,2
74,graficon11nodi/grafo748.11,17,11,11,13,13,0.0,0,8,0.0023679733276367188,2
75,graficon11nodi/grafo2714.11,17,11,11,13,13,0.0,0,5,0.0020961761474609375,2
76,graficon15nodi/grafo886.15,17,15,15,18,18,0.0,0,19,0.006770133972167969,2
77,graficon12nodi/grafo2359.12,17,12,17,16,21,2.0,3,64,0.017652273178100586,2
78,graficon17nodi/grafo565.17,17,17,17,19,19,0.0,0,7,0.0012655258178710938,2
79,graficon14nodi/grafo642.14,17,14,15,16,17,1.0,1,14,0.0052258968353271484,2
80,graficon15nodi/grafo2783.15,17,15,17,19,21,1.0,1,21,0.023960113525390625,2
81,graficon12nodi/grafo2707.12,17,12,14,16,18,1.0,1,11,0.010136127471923828,2
82,graficon16nodi/grafo2861.16,17,16,15,18,17,1.0,1,21,0.00718379020690918,2
83,graficon16nodi/grafo853.16,17,16,16,16,16,0.0,0,11,0.0024480819702148438,2
84,graficon17nodi/grafo1122.17,17,17,17,19,19,0.0,0,7,0.0013165473937988281,2
85,graficon11nodi/grafo2384.11,17,11,12,15,16,0.0,0,9,0.0010859966278076172,2
86,graficon15nodi/grafo1618.15,17,15,16,19,20,0.0,0,29,0.007313251495361328,2
87,graficon13nodi/grafo325.13,17,13,14,15,16,1.0,1,11,0.003037691116333008,2
88,graficon17nodi/grafo1161.17,17,17,18,19,20,0.0,0,23,0.003178119659423828,2
89,graficon13nodi/grafo510.13,17,13,16,18,21,1.0,1,21,0.008423805236816406,2
90,graficon14nodi/grafo367.14,17,14,14,15,15,0.0,0,11,0.0037353038787841797,2
91,graficon13nodi/grafo477.13,17,13,13,15,15,0.0,0,4,0.001176595687866211,2
92,graficon13nodi/grafo951.13,17,13,17,19,23,0.0,0,45,0.007565021514892578,2
93,graficon11nodi/grafo1734.11,17,11,14,17,20,1.0,1,36,0.00455164909362793,2
94,graficon15nodi/grafo2797.15,17,15,17,15,17,1.0,1,18,0.003933906555175781,2
95,graficon12nodi/grafo2335.12,17,12,14,19,21,0.0,0,14,0.0041768550872802734,2
96,graficon10nodi/grafo1740.10,17,10,13,17,20,1.0,1,37,0.013574838638305664,2
97,graficon13nodi/grafo1853.13,17,13,15,17,19,1.0,4,46,0.042816877365112305,2
98,graficon16nodi/grafo2142.16,17,16,16,17,17,0.0,0,14,0.004065990447998047,2
99,graficon14nodi/grafo956.14,17,14,15,15,16,1.0,1,13,0.02135920524597168,2
100,graficon15nodi/grafo585.15,17,15,16,19,20,0.0,0,31,0.006363630294799805,2
101,graficon14nodi/grafo2291.14,17,14,14,16,16,1.0,1,24,0.007097721099853516,2
102,graficon14nodi/grafo1658.14,17,14,15,19,20,0.0,0,16,0.003269195556640625,2
103,graficon13nodi/grafo559.13,17,13,15,19,21,0.0,0,17,0.002501249313354492,2
104,graficon15nodi/grafo2377.15,17,15,15,16,16,0.0,0,11,0.0013267993927001953,2
105,graficon14nodi/grafo2189.14,17,14,16,17,19,1.0,1,25,0.0065157413482666016,2
106,graficon16nodi/grafo322.16,17,16,15,17,16,0.0,0,9,0.0036439895629882812,2
107,graficon14nodi/grafo2460.14,17,14,14,15,15,0.0,0,9,0.0038225650787353516,2
108,graficon16nodi/grafo1177.16,17,16,15,17,16,0.0,0,15,0.002362966537475586,2
109,graficon13nodi/grafo203.13,17,13,14,15,16,1.0,1,16,0.010790109634399414,2
110,graficon13nodi/grafo387.13,17,13,15,19,21,1.0,2,23,0.009502172470092773,2
111,graficon15nodi/grafo1107.15,17,15,19,19,23,0.0,0,28,0.009292364120483398,2
112,graficon12nodi/grafo576.12,17,12,14,17,19,0.0,0,9,0.0015764236450195312,2
113,graficon12nodi/grafo542.12,17,12,14,17,19,0.0,0,14,0.002566814422607422,2
114,graficon10nodi/grafo1898.10,17,10,15,16,21,1.0,1,34,0.010212182998657227,2
115,graficon12nodi/grafo543.12,17,12,12,15,15,1.0,1,8,0.003320455551147461,2
116,graficon14nodi/grafo843.14,17,14,14,15,15,0.0,0,24,0.005543947219848633,2
117,graficon14nodi/grafo1620.14,17,14,15,17,18,0.0,0,16,0.002943277359008789,2
118,graficon14nodi/grafo255.14,17,14,16,16,18,1.0,3,36,0.011714935302734375,2
119,graficon14nodi/grafo899.14,17,14,15,15,16,1.0,1,26,0.009374141693115234,2
120,graficon17nodi/grafo422.17,17,17,17,18,18,0.0,0,29,0.010621786117553711,2
121,graficon13nodi/grafo440.13,17,13,14,18,19,0.0,0,18,0.00529932975769043,2
122,graficon11nodi/grafo280.11,17,11,12,15,16,0.0,0,21,0.004967212677001953,2
123,graficon15nodi/grafo2331.15,17,15,17,17,19,0.0,0,19,0.004137277603149414,2
124,graficon11nodi/grafo1006.11,17,11,12,15,16,0.0,0,8,0.00400853157043457,2
125,graficon13nodi/grafo2218.13,17,13,13,16,16,1.0,2,12,0.007559299468994141,2
126,graficon14nodi/grafo3087.14,17,14,14,16,16,0.0,0,13,0.007475852966308594,2
127,graficon16nodi/grafo1069.16,17,16,15,17,16,0.0,0,14,0.0029098987579345703,2
128,graficon14nodi/grafo524.14,17,14,15,15,16,0.0,0,13,0.004729270935058594,2
129,graficon11nodi/grafo1913.11,17,11,14,15,18,0.0,0,15,0.0050313472747802734,2
130,graficon14nodi/grafo2919.14,17,14,15,17,18,0.0,0,18,0.003985881805419922,2
131,graficon16nodi/grafo418.16,17,16,18,19,21,0.0,0,34,0.00905609130859375,2
132,graficon13nodi/grafo1935.13,17,13,18,17,22,1.0,2,34,0.03431439399719238,2
133,graficon17nodi/grafo774.17,17,17,18,19,20,1.0,3,45,0.012676477432250977,2
134,graficon16nodi/grafo1029.16,17,16,16,18,18,0.0,0,8,0.0010898113250732422,2
135,graficon12nodi/grafo2663.12,17,12,13,15,16,0.0,0,11,0.0019328594207763672,2
136,graficon14nodi/grafo2634.14,17,14,13,15,14,0.0,0,12,0.0022325515747070312,2
137,graficon12nodi/grafo2380.12,17,12,12,16,16,0.0,0,9,0.005286693572998047,2
138,graficon17nodi/grafo2146.17,17,17,17,19,19,0.0,0,17,0.004133939743041992,2
139,graficon14nodi/grafo2900.14,17,14,14,18,18,0.0,0,10,0.00511479377746582,2
140,graficon13nodi/grafo430.13,17,13,14,16,17,0.0,0,10,0.003206014633178711,2
141,graficon10nodi/grafo938.10,17,10,14,19,23,1.0,4,59,0.04208040237426758,2
142,graficon14nodi/grafo1063.14,17,14,15,18,19,0.0,0,11,0.001538991928100586,2
143,graficon11nodi/grafo2964.11,17,11,12,19,20,0.0,0,12,0.002068042755126953,2
144,graficon13nodi/grafo989.13,17,13,14,18,19,0.0,0,12,0.0024046897888183594,2
145,graficon11nodi/grafo822.11,17,11,13,18,20,1.0,1,12,0.0032432079315185547,2
146,graficon10nodi/grafo1774.10,17,10,15,16,21,1.0,1,34,0.007628202438354492,2
147,graficon11nodi/grafo900.11,17,11,13,18,20,0.0,0,9,0.0017850399017333984,2
148,graficon13nodi/grafo2927.13,17,13,14,19,20,1.0,1,24,0.023924589157104492,2
149,graficon13nodi/grafo2354.13,17,13,16,19,22,1.0,2,23,0.012217521667480469,2
150,graficon13nodi/grafo791.13,17,13,15,19,21,1.0,1,16,0.008522272109985352,2
151,graficon16nodi/grafo1945.16,17,16,17,23,24,2.0,4,37,0.04134726524353027,2
152,graficon17nodi/grafo2644.17,17,17,19,23,25,0.0,0,21,0.005599260330200195,2
153,graficon17nodi/grafo2882.17,17,17,18,24,25,0.0,0,27,0.005774497985839844,2
154,graficon19nodi/grafo794.19,17,19,21,22,24,1.0,2,20,0.007897138595581055,2
155,graficon14nodi/grafo489.14,17,14,15,22,23,1.0,1,16,0.005469560623168945,2
156,graficon18nodi/grafo1865.18,17,18,20,23,25,0.0,0,30,0.00789952278137207,2
157,graficon15nodi/grafo1970.15,17,15,17,22,24,0.0,0,18,0.0026373863220214844,2
158,graficon14nodi/grafo2419.14,17,14,17,24,27,1.0,2,26,0.015588760375976562,2
159,graficon12nodi/grafo2855.12,17,12,17,24,29,1.0,2,24,0.03394317626953125,2
160,graficon13nodi/grafo1729.13,17,13,19,22,28,2.0,6,75,0.04209089279174805,2
161,graficon13nodi/grafo2832.13,17,13,14,23,24,0.0,0,20,0.0050046443939208984,2
162,graficon18nodi/grafo1893.18,17,18,18,21,21,0.0,0,15,0.0028617382049560547,2
163,graficon18nodi/grafo1059.18,17,18,18,22,22,0.0,0,10,0.0015249252319335938,2
164,graficon12nodi/grafo2890.12,17,12,14,20,22,0.0,0,18,0.004532814025878906,2
165,graficon16nodi/grafo2231.16,17,16,20,22,26,1.0,1,32,0.0072858333587646484,2
166,graficon20nodi/grafo2767.20,17,20,22,24,26,1.0,1,33,0.012540817260742188,2
167,graficon20nodi/grafo3051.20,17,20,23,24,27,0.0,0,21,0.0055849552154541016,2
168,graficon12nodi/grafo638.12,17,12,17,22,27,0.0,0,31,0.0073394775390625,2
169,graficon15nodi/grafo2233.15,17,15,20,23,28,0.0,0,42,0.011586666107177734,2
170,graficon16nodi/grafo275.16,17,16,18,24,26,1.0,1,25,0.012368917465209961,2
171,graficon22nodi/grafo2137.22,17,22,21,24,23,0.0,0,29,0.003709554672241211,2
172,graficon18nodi/grafo314.18,17,18,18,22,22,0.0,0,10,0.0015327930450439453,2
173,graficon15nodi/grafo2225.15,17,15,18,23,26,0.0,0,16,0.0037670135498046875,2
174,graficon11nodi/grafo1876.11,17,11,19,24,32,3.0,8,45,0.17163538932800293,2
175,graficon13nodi/grafo891.13,17,13,13,20,20,0.0,0,14,0.003420591354370117,2
176,graficon12nodi/grafo2675.12,17,12,14,20,22,0.0,0,18,0.0045092105865478516,2
177,graficon11nodi/grafo1835.11,17,11,15,21,25,0.0,0,18,0.003911733627319336,2
178,graficon23nodi/grafo2357.23,17,23,22,24,23,0.0,0,38,0.008910417556762695,2
179,graficon15nodi/grafo1982.15,17,15,17,24,26,1.0,1,33,0.009010791778564453,2
180,graficon14nodi/grafo378.14,17,14,17,22,25,0.0,0,43,0.008191585540771484,2
181,graficon17nodi/grafo2324.17,17,17,21,23,27,1.0,2,27,0.011851787567138672,2
182,graficon13nodi/grafo964.13,17,13,16,23,26,0.0,0,27,0.005929470062255859,2
183,graficon19nodi/grafo423.19,17,19,21,23,25,0.0,0,29,0.007177829742431641,2
184,graficon13nodi/grafo2204.13,17,13,13,20,20,0.0,0,14,0.004453182220458984,2
185,graficon13nodi/grafo443.13,17,13,15,20,22,1.0,2,15,0.03612089157104492,2
186,graficon20nodi/grafo215.20,17,20,22,24,26,1.0,1,36,0.0324556827545166,2
187,graficon14nodi/grafo1662.14,17,14,20,24,30,1.0,3,31,0.08167529106140137,2
188,graficon20nodi/grafo495.20,17,20,20,24,24,0.0,0,11,0.0019087791442871094,2
189,graficon16nodi/grafo2281.16,17,16,21,24,29,1.0,1,52,0.03841757774353027,2
190,graficon11nodi/grafo1054.11,17,11,15,23,27,0.0,0,42,0.008668899536132812,2
191,graficon16nodi/grafo661.16,17,16,17,21,22,1.0,1,11,0.007021903991699219,2
192,graficon12nodi/grafo844.12,17,12,18,20,26,1.0,2,40,0.014223575592041016,2
193,graficon19nodi/grafo1661.19,17,19,21,21,23,1.0,2,17,0.024462461471557617,2
194,graficon18nodi/grafo2186.18,17,18,23,23,28,1.0,4,25,0.022280454635620117,2
195,graficon12nodi/grafo2867.12,17,12,16,22,26,0.0,0,38,0.006621122360229492,2
196,graficon15nodi/grafo1136.15,17,15,17,24,26,0.0,0,19,0.004473447799682617,2
197,graficon20nodi/grafo1651.20,17,20,21,23,24,1.0,2,58,0.03508329391479492,2
198,graficon15nodi/grafo2157.15,17,15,15,20,20,0.0,0,13,0.002475738525390625,2
199,graficon17nodi/grafo1634.17,17,17,18,20,21,1.0,2,46,0.041660308837890625,2
200,graficon16nodi/grafo2440.16,17,16,20,22,26,3.0,6,31,0.061990976333618164,2
201,graficon18nodi/grafo953.18,17,18,18,22,22,0.0,0,10,0.0014846324920654297,2
202,graficon23nodi/grafo1485.23,17,23,22,23,22,0.0,0,21,0.005381584167480469,2
203,graficon13nodi/grafo2620.13,17,13,16,20,23,0.0,0,19,0.005226612091064453,2
204,graficon17nodi/grafo2680.17,17,17,22,22,27,2.0,3,56,0.0430142879486084,2
205,graficon20nodi/grafo1649.20,17,20,22,24,26,2.0,3,47,0.0453641414642334,2
206,graficon19nodi/grafo1897.19,17,19,20,24,25,0.0,0,65,0.012655258178710938,2
207,graficon13nodi/grafo2645.13,17,13,17,23,27,0.0,0,28,0.007214069366455078,2
208,graficon18nodi/grafo2480.18,17,18,21,22,25,0.0,0,41,0.009173393249511719,2
209,graficon13nodi/grafo2298.13,17,13,14,21,22,0.0,0,14,0.004817962646484375,2
210,graficon15nodi/grafo739.15,17,15,18,23,26,0.0,0,34,0.011357545852661133,2
211,graficon17nodi/grafo2679.17,17,17,19,21,23,1.0,1,23,0.035187482833862305,2
212,graficon14nodi/grafo2430.14,17,14,15,21,22,0.0,0,14,0.0031731128692626953,2
213,graficon15nodi/grafo582.15,17,15,16,22,23,0.0,0,14,0.0037887096405029297,2
214,graficon11nodi/grafo1619.11,17,11,15,21,25,1.0,3,31,0.036103010177612305,2
215,graficon15nodi/grafo1124.15,17,15,16,23,24,0.0,0,20,0.005811452865600586,2
216,graficon12nodi/grafo1763.12,17,12,21,22,31,1.0,4,58,0.036997079849243164,2
217,graficon17nodi/grafo1094.17,17,17,19,21,23,0.0,0,14,0.003087282180786133,2
218,graficon15nodi/grafo2903.15,17,15,16,20,21,1.0,2,24,0.022377490997314453,2
219,graficon11nodi/grafo1088.11,17,11,17,22,28,0.0,0,47,0.010236024856567383,2
220,graficon17nodi/grafo645.17,17,17,19,21,23,0.0,0,35,0.010275125503540039,2
221,graficon16nodi/grafo2537.16,17,16,19,21,24,0.0,0,21,0.002608060836791992,2
222,graficon15nodi/grafo1030.15,17,15,16,23,24,0.0,0,20,0.005794525146484375,2
223,graficon14nodi/grafo242.14,17,14,16,21,23,0.0,0,20,0.003047466278076172,2
224,graficon17nodi/grafo1009.17,17,17,17,24,24,0.0,0,13,0.003118276596069336,2
225,graficon13nodi/grafo3112.13,17,13,14,20,21,0.0,0,12,0.0029053688049316406,2
226,graficon16nodi/grafo1731.16,17,16,19,25,28,0.0,0,20,0.007010936737060547,2
227,graficon16nodi/grafo967.16,17,16,17,26,27,0.0,0,9,0.004955291748046875,2
228,graficon17nodi/grafo1732.17,17,17,20,27,30,0.0,0,32,0.010745525360107422,2
229,graficon20nodi/grafo2272.20,17,20,23,27,30,0.0,0,42,0.011987924575805664,2
230,graficon18nodi/grafo1146.18,17,18,29,29,40,3.0,7,78,0.1803417205810547,2
231,graficon18nodi/grafo2289.18,17,18,20,25,27,0.0,0,32,0.005509138107299805,2
232,graficon16nodi/grafo2420.16,17,16,18,28,30,1.0,1,17,0.007047891616821289,2
233,graficon12nodi/grafo574.12,17,12,19,27,34,1.0,3,36,0.04498600959777832,2
234,graficon21nodi/grafo804.21,17,21,22,28,29,0.0,0,42,0.010503053665161133,2
235,graficon22nodi/grafo694.22,17,22,23,27,28,0.0,0,23,0.005437374114990234,2
236,graficon17nodi/grafo479.17,17,17,23,25,31,2.0,7,95,0.053543806076049805,2
237,graficon18nodi/grafo538.18,17,18,19,25,26,0.0,0,20,0.005643129348754883,2
238,graficon21nodi/grafo2416.21,17,21,24,29,32,1.0,1,23,0.008887052536010742,2
239,graficon17nodi/grafo2418.17,17,17,20,26,29,1.0,2,33,0.043369293212890625,2
240,graficon24nodi/grafo1463.24,17,24,25,25,26,0.0,0,30,0.007798433303833008,2
241,graficon13nodi/grafo1885.13,17,13,16,25,28,0.0,0,21,0.00955820083618164,2
242,graficon11nodi/grafo1697.11,17,11,17,28,34,2.0,2,21,0.06804442405700684,2
243,graficon15nodi/grafo583.15,17,15,19,25,29,2.0,2,39,0.07967710494995117,2
244,graficon19nodi/grafo2951.19,17,19,24,27,32,1.0,1,35,0.013224363327026367,2
245,graficon14nodi/grafo520.14,17,14,22,29,37,0.0,0,53,0.009754419326782227,2
246,graficon17nodi/grafo2594.17,17,17,21,25,29,2.0,3,48,0.06727099418640137,2
247,graficon18nodi/grafo993.18,17,18,23,28,33,1.0,6,40,0.027901411056518555,2
248,graficon21nodi/grafo127.21,17,21,21,26,26,0.0,0,23,0.008332967758178711,2
249,graficon16nodi/grafo400.16,17,16,17,26,27,0.0,0,9,0.006232023239135742,2
250,graficon17nodi/grafo302.17,17,17,19,28,30,0.0,0,18,0.005687713623046875,2
251,graficon21nodi/grafo158.21,17,21,24,29,32,1.0,1,42,0.043347835540771484,2
252,graficon16nodi/grafo540.16,17,16,17,26,27,0.0,0,9,0.006480216979980469,2
253,graficon13nodi/grafo2303.13,17,13,19,28,34,0.0,0,49,0.009801149368286133,2
254,graficon21nodi/grafo1937.21,17,21,24,26,29,2.0,7,32,0.047496795654296875,2
255,graficon15nodi/grafo778.15,17,15,17,26,28,0.0,0,16,0.004343509674072266,2
256,graficon15nodi/grafo855.15,17,15,17,25,27,0.0,0,16,0.003460407257080078,2
257,graficon18nodi/grafo1652.18,17,18,20,25,27,0.0,0,24,0.012257575988769531,2
258,graficon13nodi/grafo2659.13,17,13,16,25,28,0.0,0,31,0.011697530746459961,2
259,graficon17nodi/grafo2682.17,17,17,19,26,28,1.0,3,35,0.056876420974731445,2
260,graficon16nodi/grafo1119.16,17,16,22,28,34,1.0,3,50,0.05479073524475098,2
261,graficon14nodi/grafo1870.14,17,14,21,28,35,2.0,4,40,0.04685854911804199,2
262,graficon19nodi/grafo1172.19,17,19,23,26,30,1.0,1,38,0.014745235443115234,2
263,graficon13nodi/grafo511.13,17,13,14,25,26,0.0,0,6,0.003357410430908203,2
264,graficon18nodi/grafo1648.18,17,18,24,26,32,3.0,7,70,0.13319659233093262,2
265,graficon17nodi/grafo893.17,17,17,21,26,30,0.0,0,78,0.0193479061126709,2
266,graficon17nodi/grafo917.17,17,17,20,28,31,0.0,0,42,0.010161399841308594,2
267,graficon23nodi/grafo2256.23,17,23,26,29,32,0.0,0,31,0.014969348907470703,2
268,graficon18nodi/grafo2556.18,17,18,22,28,32,0.0,0,40,0.013396024703979492,2
269,graficon15nodi/grafo2921.15,17,15,17,27,29,0.0,0,17,0.004900932312011719,2
270,graficon21nodi/grafo1762.21,17,21,25,25,29,2.0,5,72,0.09818601608276367,2
271,graficon21nodi/grafo1064.21,17,21,26,25,30,4.0,13,57,0.2303774356842041,2
272,graficon18nodi/grafo784.18,17,18,23,25,30,2.0,4,52,0.05802559852600098,2
273,graficon16nodi/grafo2236.16,17,16,20,28,32,1.0,1,50,0.015506267547607422,2
274,graficon17nodi/grafo2345.17,17,17,20,26,29,1.0,1,20,0.02427840232849121,2
275,graficon18nodi/grafo2307.18,17,18,23,26,31,1.0,3,44,0.03585481643676758,2
276,graficon17nodi/grafo1056.17,17,17,22,29,34,1.0,2,35,0.012092351913452148,2
277,graficon18nodi/grafo1152.18,17,18,24,28,34,1.0,1,41,0.0169832706451416,2
278,graficon24nodi/grafo3100.24,17,24,28,26,30,2.0,2,53,0.055307626724243164,2
279,graficon16nodi/grafo279.16,17,16,19,27,30,0.0,0,26,0.007201671600341797,2
280,graficon17nodi/grafo2401.17,17,17,31,28,42,7.0,38,234,5.8368730545043945,2
281,graficon16nodi/grafo2302.16,17,16,20,25,29,1.0,2,27,0.02570939064025879,2
282,graficon16nodi/grafo2525.16,17,16,19,26,29,1.0,1,28,0.009137630462646484,2
283,graficon17nodi/grafo2924.17,17,17,22,28,33,1.0,1,74,0.03955531120300293,2
284,graficon22nodi/grafo167.22,17,22,24,29,31,1.0,1,36,0.017174959182739258,2
285,graficon16nodi/grafo2542.16,17,16,21,26,31,1.0,1,42,0.010869503021240234,2
286,graficon16nodi/grafo2636.16,17,16,22,26,32,2.0,6,27,1.4699819087982178,2
287,graficon17nodi/grafo2758.17,17,17,20,26,29,1.0,2,27,0.007404327392578125,2
288,graficon20nodi/grafo2554.20,17,20,22,25,27,1.0,1,32,0.024088621139526367,2
289,graficon25nodi/grafo2775.25,17,25,26,25,26,1.0,2,62,0.0571138858795166,2
290,graficon19nodi/grafo409.19,17,19,22,25,28,1.0,3,59,0.06833529472351074,2
291,graficon16nodi/grafo2326.16,17,16,21,25,30,1.0,1,56,0.015641450881958008,2
292,graficon14nodi/grafo596.14,17,14,16,27,29,0.0,0,13,0.0038995742797851562,2
293,graficon20nodi/grafo679.20,17,20,25,29,34,1.0,2,45,0.048720359802246094,2
294,graficon23nodi/grafo188.23,17,23,24,27,28,0.0,0,31,0.006529331207275391,2
295,graficon19nodi/grafo2449.19,17,19,24,25,30,1.0,6,61,0.042748451232910156,2
296,graficon23nodi/grafo1038.23,17,23,24,27,28,1.0,1,17,0.011747598648071289,2
297,graficon17nodi/grafo2177.17,17,17,22,26,31,0.0,0,46,0.012723684310913086,2
298,graficon20nodi/grafo786.20,17,20,23,26,29,1.0,2,54,0.04444265365600586,2
299,graficon17nodi/grafo1875.17,17,17,21,28,32,1.0,1,73,0.0426945686340332,2
300,graficon14nodi/grafo796.14,17,14,19,27,32,1.0,4,53,0.037253379821777344,2
301,graficon21nodi/grafo2119.21,17,21,27,32,38,3.0,12,115,0.1991438865661621,2
302,graficon15nodi/grafo1013.15,17,15,23,31,39,2.0,4,78,0.07075881958007812,2
303,graficon17nodi/grafo415.17,17,17,24,33,40,2.0,5,91,0.13360357284545898,2
304,graficon26nodi/grafo578.26,17,26,27,30,31,1.0,2,52,0.022978544235229492,2
305,graficon25nodi/grafo2077.25,17,25,29,31,35,3.0,13,88,0.2196183204650879,2
306,graficon29nodi/grafo2085.29,17,29,30,33,34,0.0,0,30,0.008072853088378906,2
307,graficon19nodi/grafo1834.19,17,19,23,32,36,0.0,0,28,0.00805974006652832,2
308,graficon24nodi/grafo1830.24,17,24,29,34,39,1.0,1,48,0.02382946014404297,2
309,graficon21nodi/grafo245.21,17,21,22,30,31,1.0,1,23,0.010572671890258789,2
310,graficon21nodi/grafo1645.21,17,21,23,30,32,0.0,0,69,0.015151023864746094,2
311,graficon20nodi/grafo1761.20,17,20,26,31,37,0.0,0,52,0.010577201843261719,2
312,graficon26nodi/grafo1805.26,17,26,31,33,38,3.0,6,38,0.14619851112365723,2
313,graficon18nodi/grafo2744.18,17,18,24,34,40,1.0,4,79,0.05616259574890137,2
314,graficon20nodi/grafo2268.20,17,20,24,32,36,1.0,3,44,0.04115438461303711,2
315,graficon25nodi/grafo2837.25,17,25,27,32,34,0.0,0,47,0.012342691421508789,2
316,graficon21nodi/grafo2833.21,17,21,24,30,33,1.0,2,31,0.04071545600891113,2
317,graficon20nodi/grafo3049.20,17,20,24,33,37,1.0,2,46,0.0422368049621582,2
318,graficon26nodi/grafo1799.26,17,26,30,32,36,1.0,5,71,0.05037403106689453,2
319,graficon17nodi/grafo1403.17,17,17,23,30,36,1.0,1,49,0.017949342727661133,2
320,graficon27nodi/grafo2498.27,17,27,32,34,39,2.0,3,60,0.11430716514587402,2
321,graficon22nodi/grafo2819.22,17,22,25,33,36,0.0,0,21,0.009283781051635742,2
322,graficon16nodi/grafo421.16,17,16,22,33,39,1.0,1,78,0.0317840576171875,2
323,graficon14nodi/grafo1074.14,17,14,19,32,37,1.0,2,33,0.03843975067138672,2
324,graficon24nodi/grafo918.24,17,24,24,32,32,0.0,0,37,0.007193565368652344,2
325,graficon18nodi/grafo1780.18,17,18,24,30,36,1.0,2,39,0.013411283493041992,2
326,graficon29nodi/grafo1198.29,17,29,29,31,31,1.0,1,35,0.035652875900268555,2
327,graficon15nodi/grafo2591.15,17,15,23,31,39,1.0,2,57,0.07667994499206543,2
328,graficon19nodi/grafo924.19,17,19,21,32,34,0.0,0,34,0.009160757064819336,2
329,graficon23nodi/grafo835.23,17,23,27,31,35,2.0,6,57,0.13572335243225098,2
330,graficon17nodi/grafo829.17,17,17,21,33,37,0.0,0,51,0.019929885864257812,2
331,graficon16nodi/grafo1635.16,17,16,25,34,43,1.0,1,73,0.048372745513916016,2
332,graficon14nodi/grafo649.14,17,14,24,32,42,2.0,7,98,0.08659839630126953,2
333,graficon18nodi/grafo1824.18,17,18,23,32,37,1.0,1,21,0.014870405197143555,2
334,graficon26nodi/grafo1629.26,17,26,29,30,33,1.0,1,30,0.023041248321533203,2
335,graficon15nodi/grafo1142.15,17,15,24,32,41,1.0,1,90,1.1726984977722168,2
336,graficon22nodi/grafo2410.22,17,22,24,30,32,1.0,1,23,0.00998234748840332,2
337,graficon23nodi/grafo2028.23,17,23,32,32,41,4.0,15,115,0.2317953109741211,2
338,graficon25nodi/grafo1040.25,17,25,32,34,41,4.0,13,108,0.23893046379089355,2
339,graficon17nodi/grafo2494.17,17,17,20,30,33,1.0,1,27,0.012960672378540039,2
340,graficon21nodi/grafo381.21,17,21,23,31,33,1.0,2,37,0.03399181365966797,2
341,graficon19nodi/grafo2425.19,17,19,23,30,34,1.0,2,49,0.047303199768066406,2
342,graficon26nodi/grafo1230.26,17,26,29,30,33,2.0,4,34,1.1820013523101807,2
343,graficon17nodi/grafo1861.17,17,17,21,34,38,2.0,4,30,0.07541751861572266,2
344,graficon27nodi/grafo1232.27,17,27,31,33,37,2.0,10,124,0.3851318359375,2
345,graficon27nodi/grafo2582.27,17,27,27,34,34,0.0,0,35,0.007719516754150391,2
346,graficon24nodi/grafo2017.24,17,24,28,32,36,2.0,2,54,0.0507664680480957,2
347,graficon32nodi/grafo11636.32,17,32,32,33,33,0.0,0,38,0.0044863224029541016,2
348,graficon19nodi/grafo621.19,17,19,27,30,38,1.0,4,72,0.02522587776184082,2
349,graficon16nodi/grafo2023.16,17,16,20,34,38,1.0,3,27,0.034964561462402344,2
350,graficon23nodi/grafo622.23,17,23,25,33,35,1.0,2,36,0.013799428939819336,2
351,graficon19nodi/grafo2135.19,17,19,23,33,37,1.0,3,52,0.0981283187866211,2
352,graficon15nodi/grafo879.15,17,15,20,30,35,0.0,0,46,0.019199848175048828,2
353,graficon22nodi/grafo1012.22,17,22,24,31,33,0.0,0,46,0.022587060928344727,2
354,graficon20nodi/grafo429.20,17,20,28,34,42,3.0,12,71,0.15762710571289062,2
355,graficon26nodi/grafo1269.26,17,26,28,31,33,0.0,0,82,0.025530099868774414,2
356,graficon17nodi/grafo2520.17,17,17,24,32,39,4.0,10,77,3.0526010990142822,2
357,graficon32nodi/grafo10052.32,17,32,33,34,35,0.0,0,36,0.004830121994018555,2
358,graficon20nodi/grafo874.20,17,20,25,34,39,1.0,2,40,0.01994490623474121,2
359,graficon20nodi/grafo1901.20,17,20,26,33,39,1.0,2,106,0.0841522216796875,2
360,graficon22nodi/grafo2456.22,17,22,26,33,37,0.0,0,43,0.015804767608642578,2
361,graficon17nodi/grafo276.17,17,17,20,31,34,1.0,1,23,0.012247085571289062,2
362,graficon25nodi/grafo575.25,17,25,29,34,38,2.0,3,55,0.09042167663574219,2
363,graficon17nodi/grafo517.17,17,17,23,33,39,1.0,1,51,1.1601097583770752,2
364,graficon19nodi/grafo1900.19,17,19,22,31,34,0.0,0,34,0.006871223449707031,2
365,graficon22nodi/grafo1422.22,17,22,22,30,30,0.0,0,36,0.010860204696655273,2
366,graficon25nodi/grafo862.25,17,25,28,33,36,1.0,1,75,0.028038501739501953,2
367,graficon23nodi/grafo545.23,17,23,28,32,37,1.0,1,33,0.04304194450378418,2
368,graficon24nodi/grafo2341.24,17,24,29,34,39,1.0,1,69,0.026366710662841797,2
369,graficon26nodi/grafo1512.26,17,26,30,34,38,2.0,3,64,0.1356041431427002,2
370,graficon18nodi/grafo1626.18,17,18,27,32,41,3.0,10,77,0.18012642860412598,2
371,graficon21nodi/grafo2378.21,17,21,25,31,35,1.0,2,51,0.039908647537231445,2
372,graficon25nodi/grafo2051.25,17,25,26,33,34,0.0,0,17,0.005187511444091797,2
373,graficon32nodi/grafo9919.32,17,32,32,33,33,0.0,0,38,0.0043926239013671875,2
374,graficon18nodi/grafo1940.18,17,18,24,31,37,1.0,1,31,0.024349689483642578,2
375,graficon25nodi/grafo1338.25,17,25,26,34,35,0.0,0,32,0.030477285385131836,2
376,graficon33nodi/grafo11170.33,17,33,42,39,48,2.0,3,76,0.10772466659545898,2
377,graficon23nodi/grafo2966.23,17,23,26,36,39,0.0,0,33,0.009850502014160156,2
378,graficon29nodi/grafo1102.29,17,29,29,37,37,0.0,0,29,0.008482694625854492,2
379,graficon26nodi/grafo1340.26,17,26,31,38,43,2.0,5,69,0.13861870765686035,2
380,graficon22nodi/grafo1850.22,17,22,28,38,44,1.0,1,45,0.04722023010253906,2
381,graficon28nodi/grafo2572.28,17,28,34,38,44,1.0,3,72,0.062386512756347656,2
382,graficon17nodi/grafo420.17,17,17,25,37,45,2.0,5,73,0.04778242111206055,2
383,graficon20nodi/grafo2670.20,17,20,28,36,44,2.0,3,63,0.04228067398071289,2
384,graficon26nodi/grafo2766.26,17,26,32,38,44,2.0,2,45,0.0726161003112793,2
385,graficon29nodi/grafo1333.29,17,29,31,38,40,0.0,0,56,0.02435779571533203,2
386,graficon21nodi/grafo1863.21,17,21,26,35,40,2.0,4,74,0.10942554473876953,2
387,graficon27nodi/grafo1623.27,17,27,30,37,40,1.0,2,23,0.008358240127563477,2
388,graficon33nodi/grafo2828.33,17,33,37,38,42,2.0,3,50,0.05309462547302246,2
389,graficon26nodi/grafo2606.26,17,26,32,36,42,2.0,8,113,0.20029449462890625,2
390,graficon19nodi/grafo2371.19,17,19,24,35,40,0.0,0,63,0.01894831657409668,2
391,graficon25nodi/grafo2700.25,17,25,28,36,39,1.0,2,57,0.038588762283325195,2
392,graficon24nodi/grafo2587.24,17,24,28,36,40,2.0,6,60,0.056446075439453125,2
393,graficon15nodi/grafo947.15,17,15,24,39,48,2.0,3,68,0.09061264991760254,2
394,graficon19nodi/grafo2562.19,17,19,28,36,45,2.0,5,54,0.10819411277770996,2
395,graficon32nodi/grafo11456.32,17,32,33,35,36,1.0,1,38,0.009288787841796875,2
396,graficon27nodi/grafo248.27,17,27,33,38,44,2.0,7,91,0.22249722480773926,2
397,graficon22nodi/grafo2676.22,17,22,26,38,42,0.0,0,39,0.01304483413696289,2
398,graficon32nodi/grafo11607.32,17,32,38,39,45,3.0,5,67,0.17232418060302734,2
399,graficon19nodi/grafo2171.19,17,19,23,35,39,1.0,1,43,0.015623807907104492,2
400,graficon19nodi/grafo1666.19,17,19,28,37,46,1.0,2,92,0.07775020599365234,2
401,graficon33nodi/grafo11210.33,17,33,42,39,48,2.0,3,76,0.09830069541931152,2
402,graficon26nodi/grafo2123.26,17,26,28,35,37,1.0,2,84,0.05764269828796387,2
403,graficon26nodi/grafo3056.26,17,26,36,35,45,4.0,16,113,0.12431669235229492,2
404,graficon30nodi/grafo1582.30,17,30,34,35,39,2.0,4,97,0.11034679412841797,2
405,graficon24nodi/grafo1440.24,17,24,32,37,45,3.0,10,98,0.5946307182312012,2
406,graficon33nodi/grafo9903.33,17,33,42,39,48,2.0,3,76,0.09801840782165527,2
407,graficon23nodi/grafo1557.23,17,23,29,37,43,1.0,4,84,0.06761670112609863,2
408,graficon21nodi/grafo1941.21,17,21,26,37,42,1.0,1,55,0.021486520767211914,2
409,graficon13nodi/grafo317.13,17,13,21,38,46,1.0,4,61,0.054379940032958984,2
410,graficon33nodi/grafo154.33,17,33,34,36,37,0.0,0,62,0.010887384414672852,2
411,graficon31nodi/grafo10007.31,17,31,34,35,38,3.0,5,68,0.2783489227294922,2
412,graficon20nodi/grafo1764.20,17,20,25,37,42,1.0,2,40,0.03880023956298828,2
413,graficon31nodi/grafo5484.31,17,31,32,38,39,1.0,3,40,0.053377628326416016,2
414,graficon27nodi/grafo1286.27,17,27,31,36,40,2.0,2,44,0.04765176773071289,2
415,graficon23nodi/grafo2200.23,17,23,29,38,44,1.0,3,60,0.0663459300994873,2
416,graficon24nodi/grafo872.24,17,24,28,37,41,1.0,2,50,0.038335323333740234,2
417,graficon22nodi/grafo605.22,17,22,26,39,43,0.0,0,58,0.02708292007446289,2
418,graficon29nodi/grafo1034.29,17,29,32,38,41,1.0,2,61,0.028350353240966797,2
419,graficon21nodi/grafo2356.21,17,21,27,35,41,1.0,2,33,0.013635635375976562,2
420,graficon33nodi/grafo10134.33,17,33,34,37,38,1.0,2,36,0.04205632209777832,2
421,graficon32nodi/grafo9867.32,17,32,33,35,36,1.0,1,38,0.007574796676635742,2
422,graficon26nodi/grafo753.26,17,26,28,36,38,2.0,3,18,0.0659482479095459,2
423,graficon21nodi/grafo123.21,17,21,25,38,42,1.0,1,41,0.04435014724731445,2
424,graficon25nodi/grafo1360.25,17,25,30,35,40,3.0,8,72,0.22386407852172852,2
425,graficon27nodi/grafo174.27,17,27,28,36,37,1.0,2,52,0.05006742477416992,2
426,graficon20nodi/grafo251.20,17,20,23,36,39,1.0,1,35,0.0419921875,2
427,graficon18nodi/grafo2768.18,17,18,23,35,40,2.0,4,28,0.06637358665466309,2
428,graficon36nodi/grafo2402.36,17,36,38,39,41,0.0,0,67,0.02254462242126465,2
429,graficon30nodi/grafo1237.30,17,30,35,39,44,1.0,1,67,0.032068729400634766,2
430,graficon20nodi/grafo2284.20,17,20,30,37,47,4.0,9,70,9.961199045181274,2
431,graficon17nodi/grafo1160.17,17,17,23,39,45,1.0,2,55,0.0299837589263916,2
432,graficon27nodi/grafo2721.27,17,27,27,37,37,1.0,1,29,0.01249837875366211,2
433,graficon23nodi/grafo2691.23,17,23,31,39,47,1.0,6,97,0.12073993682861328,2
434,graficon22nodi/grafo2875.22,17,22,27,38,43,2.0,4,56,0.12929868698120117,2
435,graficon33nodi/grafo11130.33,17,33,42,39,48,2.0,3,76,0.09474706649780273,2
436,graficon18nodi/grafo2805.18,17,18,25,36,43,1.0,4,86,0.06859779357910156,2
437,graficon16nodi/grafo2584.16,17,16,22,39,45,1.0,2,27,0.015418767929077148,2
438,graficon17nodi/grafo597.17,17,17,24,36,43,0.0,0,70,0.018877744674682617,2
439,graficon24nodi/grafo1950.24,17,24,27,39,42,1.0,1,48,0.050690412521362305,2
440,graficon25nodi/grafo2067.25,17,25,28,38,41,1.0,1,26,0.016643047332763672,2
441,graficon15nodi/grafo2448.15,17,15,23,38,46,1.0,2,53,0.051438331604003906,2
442,graficon26nodi/grafo1273.26,17,26,27,36,37,0.0,0,61,0.02082228660583496,2
443,graficon32nodi/grafo11397.32,17,32,33,37,38,0.0,0,34,0.009790658950805664,2
444,graficon33nodi/grafo11023.33,17,33,33,36,36,0.0,0,31,0.004833698272705078,2
445,graficon33nodi/grafo11026.33,17,33,36,39,42,2.0,4,60,0.11514472961425781,2
446,graficon17nodi/grafo945.17,17,17,22,36,41,0.0,0,56,0.0171506404876709,2
447,graficon25nodi/grafo584.25,17,25,29,35,39,2.0,5,97,0.20288968086242676,2
448,graficon12nodi/grafo2426.12,17,12,18,38,44,0.0,0,41,0.016592979431152344,2
449,graficon18nodi/grafo2731.18,17,18,23,35,40,0.0,0,42,0.00945281982421875,2
450,graficon23nodi/grafo2217.23,17,23,29,35,41,3.0,12,58,0.4279618263244629,2
451,graficon26nodi/grafo2108.26,17,26,35,41,50,4.0,14,82,0.3800771236419678,2
452,graficon31nodi/grafo11581.31,17,31,36,42,47,2.0,6,89,0.16148996353149414,2
453,graficon25nodi/grafo1271.25,17,25,30,40,45,2.0,5,78,0.09106135368347168,2
454,graficon31nodi/grafo11454.31,17,31,36,42,47,2.0,6,89,0.1611330509185791,2
455,graficon25nodi/grafo163.25,17,25,37,44,56,6.0,41,232,26.88391351699829,2
456,graficon19nodi/grafo950.19,17,19,23,43,47,0.0,0,37,0.014061450958251953,2
457,graficon30nodi/grafo1252.30,17,30,34,43,47,0.0,0,59,0.030733823776245117,2
458,graficon27nodi/grafo1217.27,17,27,29,42,44,0.0,0,62,0.02135467529296875,2
459,graficon34nodi/grafo11331.34,17,34,41,43,50,1.0,4,54,0.05137777328491211,2
460,graficon20nodi/grafo1873.20,17,20,27,40,47,3.0,8,72,1.8654272556304932,2
461,graficon34nodi/grafo5197.34,17,34,36,43,45,0.0,0,40,0.013805627822875977,2
462,graficon28nodi/grafo1615.28,17,28,35,43,50,3.0,11,113,0.4247281551361084,2
463,graficon27nodi/grafo3039.27,17,27,31,44,48,1.0,1,54,0.019353628158569336,2
464,graficon37nodi/grafo2519.37,17,37,39,44,46,0.0,0,95,0.03965449333190918,2
465,graficon27nodi/grafo2037.27,17,27,31,42,46,2.0,2,79,4.057256698608398,2
466,graficon20nodi/grafo1757.20,17,20,25,41,46,1.0,2,48,0.025773286819458008,2
467,graficon23nodi/grafo551.23,17,23,29,43,49,0.0,0,56,0.02259087562561035,2
468,graficon32nodi/grafo10795.32,17,32,35,43,46,1.0,2,99,0.04398655891418457,2
469,graficon33nodi/grafo5994.33,17,33,36,42,45,0.0,0,56,0.028925418853759766,2
470,graficon23nodi/grafo2712.23,17,23,30,40,47,1.0,1,65,0.0725550651550293,2
471,graficon22nodi/grafo1894.22,17,22,30,40,48,3.0,6,80,0.13756704330444336,2
472,graficon28nodi/grafo1190.28,17,28,31,43,46,2.0,6,101,0.1595602035522461,2
473,graficon32nodi/grafo1455.32,17,32,38,43,49,1.0,2,99,0.08335423469543457,2
474,graficon18nodi/grafo1086.18,17,18,26,41,49,1.0,1,68,0.03133749961853027,2
475,graficon34nodi/grafo9918.34,17,34,34,43,43,0.0,0,20,0.004331827163696289,2
476,graficon32nodi/grafo1226.32,17,32,34,43,45,1.0,2,44,0.022991657257080078,2
477,graficon35nodi/grafo7133.35,17,35,38,43,46,1.0,4,61,0.09105944633483887,2
478,graficon34nodi/grafo11544.34,17,34,34,43,43,0.0,0,20,0.00431370735168457,2
479,graficon14nodi/grafo2738.14,17,14,23,40,49,1.0,1,65,0.02713799476623535,2
480,graficon27nodi/grafo2958.27,17,27,32,42,47,0.0,0,48,0.01599884033203125,2
481,graficon31nodi/grafo3686.31,17,31,36,42,47,2.0,6,89,0.16894221305847168,2
482,graficon14nodi/grafo701.14,17,14,20,42,48,1.0,1,43,0.019670486450195312,2
483,graficon33nodi/grafo9921.33,17,33,36,43,46,1.0,1,45,0.03293657302856445,2
484,graficon27nodi/grafo2876.27,17,27,32,41,46,2.0,3,81,0.05857253074645996,2
485,graficon25nodi/grafo1234.25,17,25,33,42,50,1.0,2,105,0.134751558303833,2
486,graficon26nodi/grafo1285.26,17,26,30,42,46,1.0,3,44,0.03507232666015625,2
487,graficon30nodi/grafo2365.30,17,30,34,40,44,2.0,5,84,0.2079169750213623,2
488,graficon26nodi/grafo798.26,17,26,32,41,47,2.0,5,71,0.40125489234924316,2
489,graficon21nodi/grafo1682.21,17,21,41,43,63,7.0,42,191,12.445390462875366,2
490,graficon32nodi/grafo5244.32,17,32,38,42,48,0.0,0,36,0.01479029655456543,2
491,graficon23nodi/grafo2854.23,17,23,29,44,50,1.0,2,57,0.0758061408996582,2
492,graficon32nodi/grafo1053.32,17,32,41,43,52,3.0,7,169,0.8215446472167969,2
493,graficon21nodi/grafo2756.21,17,21,26,40,45,1.0,2,46,0.04298710823059082,2
494,graficon22nodi/grafo1503.22,17,22,26,44,48,0.0,0,35,0.014537811279296875,2
495,graficon22nodi/grafo2370.22,17,22,28,41,47,1.0,1,36,0.01897406578063965,2
496,graficon23nodi/grafo2769.23,17,23,27,44,48,2.0,3,39,0.09228229522705078,2
497,graficon28nodi/grafo124.28,17,28,29,41,42,1.0,1,33,0.013815641403198242,2
498,graficon31nodi/grafo9916.31,17,31,36,42,47,2.0,6,89,0.1629774570465088,2
499,graficon33nodi/grafo11631.33,17,33,43,41,51,3.0,6,73,0.18626666069030762,2
500,graficon30nodi/grafo1256.30,17,30,33,40,43,0.0,0,52,0.014600276947021484,2
501,graficon32nodi/grafo10231.32,17,32,35,43,46,0.0,0,49,0.011717557907104492,2
502,graficon34nodi/grafo11277.34,17,34,35,41,42,0.0,0,44,0.0070705413818359375,2
503,graficon34nodi/grafo2464.34,17,34,38,44,48,2.0,5,106,0.47154903411865234,2
504,graficon27nodi/grafo1199.27,17,27,30,40,43,0.0,0,22,0.00539851188659668,2
505,graficon25nodi/grafo1614.25,17,25,27,41,43,1.0,1,66,0.026396751403808594,2
506,graficon29nodi/grafo1376.29,17,29,34,42,47,2.0,6,102,1.4280691146850586,2
507,graficon35nodi/grafo3480.35,17,35,35,44,44,0.0,0,79,0.020702838897705078,2
508,graficon29nodi/grafo1587.29,17,29,35,42,48,1.0,2,108,0.14252471923828125,2
509,graficon34nodi/grafo6050.34,17,34,41,43,50,2.0,3,55,0.0529787540435791,2
510,graficon25nodi/grafo2755.25,17,25,32,42,49,3.0,10,56,0.2905466556549072,2
511,graficon23nodi/grafo2853.23,17,23,34,40,51,6.0,30,114,15.676800727844238,2
512,graficon34nodi/grafo10281.34,17,34,41,42,49,1.0,2,61,0.05842161178588867,2
513,graficon34nodi/grafo11630.34,17,34,40,44,50,1.0,1,92,0.03902006149291992,2
514,graficon28nodi/grafo2436.28,17,28,37,44,53,4.0,12,150,5.753123760223389,2
515,graficon34nodi/grafo9878.34,17,34,39,41,46,1.0,4,65,0.09262228012084961,2
516,graficon32nodi/grafo3901.32,17,32,38,42,48,1.0,3,94,0.09227466583251953,2
517,graficon35nodi/grafo11455.35,17,35,35,42,42,0.0,0,44,0.013300418853759766,2
518,graficon28nodi/grafo296.28,17,28,36,43,51,4.0,20,104,0.8706650733947754,2
519,graficon25nodi/grafo1251.25,17,25,26,40,41,0.0,0,28,0.010299205780029297,2
520,graficon34nodi/grafo11319.34,17,34,40,42,48,1.0,3,84,0.13166093826293945,2
521,graficon34nodi/grafo11660.34,17,34,36,43,45,1.0,1,93,0.11118555068969727,2
522,graficon31nodi/grafo2394.31,17,31,36,43,48,2.0,6,113,0.17427468299865723,2
523,graficon26nodi/grafo1218.26,17,26,28,42,44,0.0,0,51,0.02621316909790039,2
524,graficon37nodi/grafo6342.37,17,37,42,44,49,3.0,8,107,0.2748713493347168,2
525,graficon28nodi/grafo1311.28,17,28,34,42,48,3.0,6,77,0.35475730895996094,2
526,graficon19nodi/grafo1826.19,17,19,27,46,54,1.0,3,69,0.08595538139343262,2
527,graficon14nodi/grafo1951.14,17,14,25,46,57,2.0,5,83,0.14049029350280762,2
528,graficon37nodi/grafo3547.37,17,37,38,49,50,0.0,0,35,0.018692970275878906,2
529,graficon34nodi/grafo11207.34,17,34,38,48,52,2.0,5,69,0.07893490791320801,2
530,graficon31nodi/grafo10887.31,17,31,36,46,51,0.0,0,50,0.019376277923583984,2
531,graficon32nodi/grafo1255.32,17,32,37,46,51,1.0,2,56,0.05015850067138672,2
532,graficon28nodi/grafo1840.28,17,28,34,48,54,2.0,8,63,0.1784956455230713,2
533,graficon21nodi/grafo630.21,17,21,28,45,52,1.0,1,46,0.040950775146484375,2
534,graficon26nodi/grafo3044.26,17,26,34,48,56,2.0,5,81,0.1832261085510254,2
535,graficon23nodi/grafo1806.23,17,23,28,48,53,0.0,0,45,0.028255701065063477,2
536,graficon31nodi/grafo10458.31,17,31,36,46,51,0.0,0,50,0.01930975914001465,2
537,graficon35nodi/grafo10620.35,17,35,41,46,52,2.0,3,105,0.1340808868408203,2
538,graficon22nodi/grafo249.22,17,22,31,46,55,3.0,5,91,0.9313416481018066,2
539,graficon32nodi/grafo745.32,17,32,36,45,49,0.0,0,86,0.031587839126586914,2
540,graficon35nodi/grafo5759.35,17,35,39,45,49,1.0,1,32,0.03634452819824219,2
541,graficon33nodi/grafo11516.33,17,33,42,45,54,2.0,4,56,0.1847083568572998,2
542,graficon25nodi/grafo2437.25,17,25,30,48,53,1.0,1,38,0.020247936248779297,2
543,graficon31nodi/grafo1301.31,17,31,40,47,56,3.0,8,129,0.8027927875518799,2
544,graficon38nodi/grafo3332.38,17,38,43,45,50,1.0,3,155,0.21014022827148438,2
545,graficon22nodi/grafo2748.22,17,22,29,45,52,0.0,0,87,0.04752826690673828,2
546,graficon27nodi/grafo1253.27,17,27,32,45,50,1.0,2,119,0.16024994850158691,2
547,graficon36nodi/grafo3862.36,17,36,41,46,51,2.0,5,66,0.11814498901367188,2
548,graficon28nodi/grafo1202.28,17,28,36,45,53,2.0,7,96,0.1517932415008545,2
549,graficon37nodi/grafo5957.37,17,37,39,48,50,0.0,0,142,0.046897172927856445,2
550,graficon38nodi/grafo6734.38,17,38,41,45,48,1.0,1,93,0.2048182487487793,2
551,graficon36nodi/grafo5561.36,17,36,38,47,49,0.0,0,36,0.01685190200805664,2
552,graficon31nodi/grafo10011.31,17,31,36,46,51,0.0,0,50,0.03440666198730469,2
553,graficon36nodi/grafo6066.36,17,36,39,48,51,0.0,0,80,0.05309319496154785,2
554,graficon31nodi/grafo1362.31,17,31,37,45,51,1.0,1,82,0.12704896926879883,2
555,graficon27nodi/grafo1200.27,17,27,36,46,55,0.0,0,113,0.04997539520263672,2
556,graficon39nodi/grafo6087.39,17,39,46,48,55,4.0,10,73,7.860890865325928,2
557,graficon33nodi/grafo5247.33,17,33,38,46,51,0.0,0,33,0.008949756622314453,2
558,graficon36nodi/grafo6811.36,17,36,44,48,56,1.0,4,61,0.06821274757385254,2
559,graficon23nodi/grafo1798.23,17,23,31,48,56,1.0,6,97,0.1502528190612793,2
560,graficon27nodi/grafo2275.27,17,27,32,46,51,2.0,2,78,0.2261366844177246,2
561,graficon26nodi/grafo2981.26,17,26,36,45,55,4.0,11,134,0.8839542865753174,2
562,graficon36nodi/grafo3414.36,17,36,39,46,49,2.0,3,45,0.1316835880279541,2
563,graficon19nodi/grafo2428.19,17,19,23,45,49,1.0,1,33,0.016513347625732422,2
564,graficon35nodi/grafo10085.35,17,35,41,46,52,4.0,15,94,9.071254253387451,2
565,graficon32nodi/grafo1379.32,17,32,39,48,55,1.0,5,93,0.13581562042236328,2
566,graficon26nodi/grafo173.26,17,26,31,46,51,2.0,6,91,0.0917971134185791,2
567,graficon38nodi/grafo5236.38,17,38,43,49,54,2.0,2,55,0.06827783584594727,2
568,graficon26nodi/grafo2399.26,17,26,31,46,51,1.0,2,79,0.08328938484191895,2
569,graficon31nodi/grafo11421.31,17,31,37,46,52,2.0,4,101,0.2730684280395508,2
570,graficon40nodi/grafo7698.40,17,40,47,49,56,1.0,1,118,0.12804007530212402,2
571,graficon35nodi/grafo1925.35,17,35,36,48,49,0.0,0,71,0.03198575973510742,2
572,graficon25nodi/grafo1319.25,17,25,31,47,53,3.0,4,92,3.000623941421509,2
573,graficon26nodi/grafo2999.26,17,26,30,45,49,1.0,2,47,0.11149382591247559,2
574,graficon21nodi/grafo1632.21,17,21,26,48,53,0.0,0,35,0.014117956161499023,2
575,graficon32nodi/grafo9975.32,17,32,39,48,55,2.0,6,91,0.27572202682495117,2
576,graficon33nodi/grafo5182.33,17,33,38,49,54,0.0,0,67,0.03324270248413086,2
577,graficon32nodi/grafo11121.32,17,32,40,47,55,2.0,4,84,0.16585469245910645,2
578,graficon35nodi/grafo6642.35,17,35,42,49,56,2.0,5,91,0.13866233825683594,2
579,graficon28nodi/grafo932.28,17,28,35,45,52,1.0,2,76,1.5798802375793457,2
580,graficon34nodi/grafo2578.34,17,34,36,48,50,1.0,1,52,0.07111263275146484,2
581,graficon33nodi/grafo11538.33,17,33,38,47,52,1.0,3,83,0.19815373420715332,2
582,graficon33nodi/grafo10562.33,17,33,39,48,54,2.0,4,107,0.23492741584777832,2
583,graficon35nodi/grafo2815.35,17,35,43,47,55,2.0,9,96,0.28922295570373535,2
584,graficon18nodi/grafo374.18,17,18,25,46,53,0.0,0,59,0.036032915115356445,2
585,graficon34nodi/grafo5148.34,17,34,37,47,50,1.0,1,67,0.13519048690795898,2
586,graficon35nodi/grafo11567.35,17,35,43,45,53,1.0,2,83,0.08317804336547852,2
587,graficon31nodi/grafo1115.31,17,31,43,45,57,5.0,21,232,17.13601064682007,2
588,graficon34nodi/grafo2363.34,17,34,39,48,53,2.0,6,84,0.18095040321350098,2
589,graficon33nodi/grafo11375.33,17,33,39,48,54,1.0,5,87,0.1274728775024414,2
590,graficon36nodi/grafo5879.36,17,36,42,46,52,1.0,7,88,0.1454756259918213,2
591,graficon35nodi/grafo5820.35,17,35,38,45,48,1.0,1,52,0.032228946685791016,2
592,graficon17nodi/grafo678.17,17,17,25,48,56,1.0,1,52,0.033757686614990234,2
593,graficon32nodi/grafo9954.32,17,32,34,46,48,1.0,1,36,0.04367971420288086,2
594,graficon35nodi/grafo5966.35,17,35,45,47,57,3.0,20,84,0.2523670196533203,2
595,graficon35nodi/grafo5522.35,17,35,40,46,51,3.0,10,108,0.37101054191589355,2
596,graficon22nodi/grafo2807.22,17,22,27,46,51,2.0,2,34,0.04719734191894531,2
597,graficon32nodi/grafo3106.32,17,32,38,48,54,2.0,4,94,2.2176387310028076,2
598,graficon36nodi/grafo5667.36,17,36,40,46,50,0.0,0,47,0.016425609588623047,2
599,graficon31nodi/grafo2262.31,17,31,40,47,56,1.0,3,101,0.1472029685974121,2
600,graficon33nodi/grafo10456.33,17,33,38,48,53,1.0,5,61,0.11972880363464355,2
601,graficon33nodi/grafo1915.33,17,33,44,54,65,2.0,2,156,2.8168797492980957,2
602,graficon36nodi/grafo3304.36,17,36,47,53,64,4.0,24,217,1.4170331954956055,2
603,graficon36nodi/grafo11296.36,17,36,44,50,58,4.0,25,154,8.51178789138794,2
604,graficon37nodi/grafo3729.37,17,37,45,54,62,2.0,3,122,0.18475055694580078,2
605,graficon36nodi/grafo2212.36,17,36,41,54,59,2.0,2,103,0.20041584968566895,2
606,graficon31nodi/grafo1989.31,17,31,33,54,56,0.0,0,48,0.02430105209350586,2
607,graficon35nodi/grafo10658.35,17,35,41,50,56,2.0,3,84,0.16354870796203613,2
608,graficon39nodi/grafo5309.39,17,39,46,54,61,3.0,6,164,3.07145619392395,2
609,graficon34nodi/grafo5495.34,17,34,43,53,62,3.0,10,70,0.5573422908782959,2
610,graficon37nodi/grafo3433.37,17,37,42,54,59,1.0,3,75,0.2778959274291992,2
611,graficon34nodi/grafo9882.34,17,34,39,50,55,0.0,0,72,0.031074047088623047,2
612,graficon22nodi/grafo1154.22,17,22,28,50,56,2.0,4,69,0.13918352127075195,2
613,graficon22nodi/grafo1715.22,17,22,34,54,66,2.0,5,146,0.31864404678344727,2
614,graficon36nodi/grafo3282.36,17,36,40,54,58,1.0,3,77,0.1023411750793457,2
615,graficon36nodi/grafo3153.36,17,36,43,53,60,1.0,2,80,0.13367557525634766,2
616,graficon34nodi/grafo4029.34,17,34,40,50,56,2.0,8,84,0.1689128875732422,2
617,graficon32nodi/grafo1784.32,17,32,36,52,56,2.0,3,51,0.06702351570129395,2
618,graficon33nodi/grafo2397.33,17,33,39,50,56,3.0,6,82,0.6161575317382812,2
619,graficon39nodi/grafo7363.39,17,39,43,51,55,2.0,3,157,0.41382455825805664,2
620,graficon34nodi/grafo11241.34,17,34,39,50,55,0.0,0,72,0.030936717987060547,2
621,graficon31nodi/grafo1689.31,17,31,34,53,56,0.0,0,57,0.021193504333496094,2
622,graficon39nodi/grafo6808.39,17,39,45,51,57,2.0,10,116,0.2697789669036865,2
623,graficon24nodi/grafo522.24,17,24,30,51,57,2.0,4,92,0.1441669464111328,2
624,graficon25nodi/grafo2016.25,17,25,33,50,58,1.0,2,73,0.11437273025512695,2
625,graficon24nodi/grafo1667.24,17,24,29,50,55,1.0,2,41,0.018431901931762695,2
626,graficon40nodi/grafo5346.40,17,40,44,52,56,2.0,9,88,0.45933055877685547,2
627,graficon34nodi/grafo11531.34,17,34,37,50,53,1.0,1,59,0.04374098777770996,2
628,graficon23nodi/grafo1974.23,17,23,27,54,58,1.0,2,49,0.06765174865722656,2
629,graficon30nodi/grafo1183.30,17,30,39,50,59,3.0,12,106,1.1649916172027588,2
630,graficon35nodi/grafo7366.35,17,35,43,51,59,1.0,1,95,0.08566689491271973,2
631,graficon33nodi/grafo9869.33,17,33,38,50,55,2.0,3,47,1.8371162414550781,2
632,graficon38nodi/grafo3247.38,17,38,43,50,55,2.0,6,84,0.2949366569519043,2
633,graficon36nodi/grafo5319.36,17,36,44,53,61,2.0,3,166,0.39461350440979004,2
634,graficon30nodi/grafo11384.30,17,30,34,50,54,1.0,2,59,0.032614946365356445,2
635,graficon38nodi/grafo3966.38,17,38,42,54,58,2.0,4,75,0.5999875068664551,2
636,graficon32nodi/grafo3012.32,17,32,38,54,60,1.0,3,126,0.35396742820739746,2
637,graficon33nodi/grafo1174.33,17,33,41,53,61,2.0,6,130,0.1921079158782959,2
638,graficon35nodi/grafo11415.35,17,35,43,52,60,3.0,9,99,1.1338450908660889,2
639,graficon36nodi/grafo10746.36,17,36,42,54,60,0.0,0,81,0.030955076217651367,2
640,graficon38nodi/grafo6579.38,17,38,49,54,65,4.0,10,126,7.727185964584351,2
641,graficon32nodi/grafo10058.32,17,32,40,51,59,2.0,4,98,0.16237711906433105,2
642,graficon34nodi/grafo11614.34,17,34,39,50,55,0.0,0,72,0.030849695205688477,2
643,graficon38nodi/grafo6106.38,17,38,47,53,62,5.0,15,132,18.185335874557495,2
644,graficon26nodi/grafo309.26,17,26,36,54,64,2.0,6,110,0.3836662769317627,2
645,graficon34nodi/grafo10483.34,17,34,45,50,61,4.0,10,83,8.043395757675171,2
646,graficon34nodi/grafo3023.34,17,34,42,54,62,2.0,3,82,2.4497122764587402,2
647,graficon35nodi/grafo11423.35,17,35,42,54,61,2.0,6,102,0.10391783714294434,2
648,graficon26nodi/grafo1952.26,17,26,31,54,59,1.0,3,67,0.1591787338256836,2
649,graficon38nodi/grafo5993.38,17,38,44,53,59,3.0,7,75,2.2399954795837402,2
650,graficon17nodi/grafo2227.17,17,17,25,50,58,1.0,2,69,0.20288467407226562,2
651,graficon34nodi/grafo2082.34,17,34,38,54,58,0.0,0,43,0.02263808250427246,2
652,graficon27nodi/grafo1746.27,17,27,38,52,63,2.0,4,104,0.09211301803588867,2
653,graficon33nodi/grafo3214.33,17,33,44,52,63,5.0,25,130,17.608402490615845,2
654,graficon28nodi/grafo3060.28,17,28,36,51,59,3.0,6,55,0.32877659797668457,2
655,graficon24nodi/grafo1158.24,17,24,34,52,62,2.0,9,145,0.5221834182739258,2
656,graficon33nodi/grafo11638.33,17,33,38,53,58,2.0,2,79,0.1432783603668213,2
657,graficon35nodi/grafo7548.35,17,35,42,54,61,1.0,2,95,0.17399930953979492,2
658,graficon34nodi/grafo5827.34,17,34,40,51,57,2.0,2,94,0.37862682342529297,2
659,graficon34nodi/grafo5485.34,17,34,43,52,61,2.0,7,83,0.21409344673156738,2
660,graficon35nodi/grafo6897.35,17,35,47,52,64,5.0,17,131,8.82412314414978,2
661,graficon34nodi/grafo5498.34,17,34,41,54,61,3.0,7,95,3.5474748611450195,2
662,graficon34nodi/grafo5856.34,17,34,41,50,57,2.0,4,75,0.18566179275512695,2
663,graficon40nodi/grafo4073.40,17,40,42,51,53,2.0,3,138,2.343231439590454,2
664,graficon36nodi/grafo10619.36,17,36,41,51,56,1.0,1,96,0.040427446365356445,2
665,graficon42nodi/grafo7119.42,17,42,46,50,54,2.0,2,127,2.172581672668457,2
666,graficon36nodi/grafo11525.36,17,36,45,53,62,3.0,11,97,0.9255473613739014,2
667,graficon35nodi/grafo11234.35,17,35,35,51,51,0.0,0,23,0.007694244384765625,2
668,graficon24nodi/grafo2787.24,17,24,35,51,62,3.0,11,96,18.85358238220215,2
669,graficon40nodi/grafo3874.40,17,40,46,50,56,1.0,8,147,0.1974635124206543,2
670,graficon28nodi/grafo1569.28,17,28,36,53,61,1.0,1,86,0.12504291534423828,2
671,graficon35nodi/grafo2098.35,17,35,42,50,57,1.0,3,44,0.051969289779663086,2
672,graficon34nodi/grafo2031.34,17,34,42,53,61,3.0,7,120,1.0484461784362793,2
673,graficon30nodi/grafo11667.30,17,30,34,52,56,0.0,0,33,0.019679784774780273,2
674,graficon30nodi/grafo1345.30,17,30,44,50,64,6.0,23,271,78.24626898765564,2
675,graficon29nodi/grafo2054.29,17,29,35,50,56,2.0,4,47,0.06984496116638184,2
676,graficon41nodi/grafo4004.41,17,41,48,57,64,2.0,9,78,0.40765976905822754,2
677,graficon37nodi/grafo2224.37,17,37,45,58,66,4.0,15,136,16.65025019645691,2
678,graficon34nodi/grafo6076.34,17,34,44,56,66,1.0,2,133,0.22977733612060547,2
679,graficon40nodi/grafo5714.40,17,40,52,59,71,5.0,32,209,17.398554801940918,2
680,graficon38nodi/grafo9968.38,17,38,44,55,61,1.0,1,68,0.08647584915161133,2
681,graficon28nodi/grafo1201.28,17,28,38,58,68,2.0,9,110,0.31810665130615234,2
682,graficon35nodi/grafo10708.35,17,35,46,55,66,7.0,30,199,494.6741318702698,2
683,graficon21nodi/grafo433.21,17,21,28,55,62,2.0,8,72,0.755892276763916,2
684,graficon34nodi/grafo5143.34,17,34,40,57,63,1.0,1,47,0.0370938777923584,2
685,graficon36nodi/grafo11677.36,17,36,49,56,69,4.0,15,154,5.261601448059082,2
686,graficon37nodi/grafo3125.37,17,37,42,58,63,1.0,2,47,1.8243181705474854,2
687,graficon37nodi/grafo7307.37,17,37,47,55,65,3.0,3,75,0.26697254180908203,2
688,graficon37nodi/grafo6450.37,17,37,46,57,66,3.0,5,60,7.12271785736084,2
689,graficon39nodi/grafo3679.39,17,39,43,56,60,2.0,5,90,0.370898962020874,2
690,graficon38nodi/grafo6656.38,17,38,46,57,65,3.0,6,129,0.7658841609954834,2
691,graficon34nodi/grafo11409.34,17,34,35,56,57,1.0,2,39,0.04881119728088379,2
692,graficon38nodi/grafo6939.38,17,38,51,57,70,5.0,17,115,7.13745641708374,2
693,graficon33nodi/grafo2687.33,17,33,46,56,69,6.0,22,235,41.36564540863037,2
694,graficon38nodi/grafo3351.38,17,38,46,55,63,3.0,9,88,0.40155744552612305,2
695,graficon37nodi/grafo7087.37,17,37,44,59,66,1.0,3,92,0.15443801879882812,2
696,graficon36nodi/grafo11468.36,17,36,47,58,69,7.0,26,160,583.1180145740509,2
697,graficon31nodi/grafo1946.31,17,31,38,59,66,3.0,4,58,0.901695728302002,2
698,graficon32nodi/grafo1908.32,17,32,39,55,62,2.0,6,89,2.7443037033081055,2
699,graficon40nodi/grafo3255.40,17,40,46,56,62,4.0,14,90,1.9770238399505615,2
700,graficon37nodi/grafo5301.37,17,37,44,58,65,2.0,4,88,0.3421294689178467,2
701,graficon35nodi/grafo5613.35,17,35,46,57,68,4.0,16,140,9.683007717132568,2
702,graficon35nodi/grafo2990.35,17,35,48,59,72,6.0,15,117,55.68203520774841,2
703,graficon43nodi/grafo6878.43,17,43,48,56,61,3.0,9,73,1.6818618774414062,2
704,graficon27nodi/grafo1390.27,17,27,39,57,69,4.0,19,123,0.5141072273254395,2
705,graficon36nodi/grafo6227.36,17,36,46,59,69,3.0,14,156,1.416818618774414,2
706,graficon39nodi/grafo3830.39,17,39,50,58,69,4.0,11,170,6.6584532260894775,2
707,graficon37nodi/grafo6796.37,17,37,49,57,69,3.0,12,163,2.8127899169921875,2
708,graficon33nodi/grafo5872.33,17,33,39,57,63,2.0,2,44,0.0713801383972168,2
709,graficon36nodi/grafo6071.36,17,36,43,59,66,2.0,5,66,0.1783907413482666,2
710,graficon36nodi/grafo2465.36,17,36,44,58,66,2.0,10,159,1.26511549949646,2
711,graficon38nodi/grafo7362.38,17,38,44,59,65,1.0,5,82,0.14778876304626465,2
712,graficon38nodi/grafo7290.38,17,38,47,58,67,4.0,15,185,12.483490705490112,2
713,graficon42nodi/grafo3239.42,17,42,48,56,62,2.0,6,162,0.6531174182891846,2
714,graficon44nodi/grafo3040.44,17,44,50,59,65,3.0,7,103,0.9033279418945312,2
715,graficon39nodi/grafo11577.39,17,39,49,55,65,5.0,17,131,19.908665895462036,2
716,graficon40nodi/grafo4081.40,17,40,46,56,62,3.0,23,182,7.53269362449646,2
717,graficon42nodi/grafo6381.42,17,42,50,59,67,2.0,7,98,0.5351402759552002,2
718,graficon41nodi/grafo10067.41,17,41,47,58,64,2.0,4,79,0.04337716102600098,2
719,graficon37nodi/grafo11622.37,17,37,49,59,71,3.0,5,82,0.6582798957824707,2
720,graficon32nodi/grafo1992.32,17,32,36,57,61,2.0,2,74,0.13272833824157715,2
721,graficon38nodi/grafo6467.38,17,38,43,59,64,2.0,4,73,0.21458005905151367,2
722,graficon40nodi/grafo6922.40,17,40,47,59,66,3.0,5,104,0.741074800491333,2
723,graficon34nodi/grafo5303.34,17,34,44,59,69,2.0,2,91,0.24838590621948242,2
724,graficon34nodi/grafo11396.34,17,34,35,55,56,0.0,0,32,0.010353803634643555,2
725,graficon39nodi/grafo5122.39,17,39,51,59,71,5.0,17,231,21.4441978931427,2
726,graficon42nodi/grafo6223.42,17,42,45,59,62,1.0,2,67,0.08715486526489258,2
727,graficon40nodi/grafo2627.40,17,40,49,56,65,4.0,14,136,9.994164943695068,2
728,graficon41nodi/grafo6876.41,17,41,50,58,67,2.0,5,100,0.7929184436798096,2
729,graficon35nodi/grafo11548.35,17,35,46,55,66,7.0,30,199,474.7205855846405,2
730,graficon31nodi/grafo1637.31,17,31,41,56,66,4.0,17,133,7.4230358600616455,2
731,graficon38nodi/grafo3437.38,17,38,45,57,64,4.0,18,126,12.438013792037964,2
732,graficon35nodi/grafo10135.35,17,35,43,55,63,3.0,14,135,0.9661028385162354,2
733,graficon38nodi/grafo2960.38,17,38,48,56,66,4.0,21,149,14.209049701690674,2
734,graficon35nodi/grafo3720.35,17,35,46,59,70,2.0,11,141,1.1443736553192139,2
735,graficon36nodi/grafo6233.36,17,36,47,56,67,3.0,13,100,5.609874725341797,2
736,graficon24nodi/grafo1966.24,17,24,34,58,68,1.0,3,90,0.1363825798034668,2
737,graficon38nodi/grafo3681.38,17,38,48,56,66,3.0,12,138,0.9681112766265869,2
738,graficon36nodi/grafo5970.36,17,36,46,57,67,4.0,18,164,18.026812314987183,2
739,graficon26nodi/grafo1272.26,17,26,34,56,64,1.0,2,97,0.16100835800170898,2
740,graficon32nodi/grafo2968.32,17,32,41,55,64,4.0,12,122,8.936161994934082,2
741,graficon34nodi/grafo5917.34,17,34,41,58,65,1.0,4,69,0.08449625968933105,2
742,graficon35nodi/grafo11344.35,17,35,40,55,60,1.0,3,84,0.10648369789123535,2
743,graficon47nodi/grafo1531.47,17,47,54,58,65,1.0,2,177,0.2883009910583496,2
744,graficon36nodi/grafo5264.36,17,36,41,59,64,0.0,0,74,0.02026844024658203,2
745,graficon36nodi/grafo7306.36,17,36,48,55,67,7.0,44,271,499.31914806365967,2
746,graficon34nodi/grafo3124.34,17,34,43,56,65,3.0,10,105,0.9755799770355225,2
747,graficon35nodi/grafo11633.35,17,35,46,56,67,3.0,12,102,2.076714038848877,2
748,graficon40nodi/grafo6115.40,17,40,46,57,63,2.0,7,90,0.1480269432067871,2
749,graficon37nodi/grafo3554.37,17,37,41,57,61,0.0,0,64,0.027965307235717773,2
750,graficon36nodi/grafo10229.36,17,36,46,58,68,2.0,10,104,0.21623802185058594,2
751,graficon33nodi/grafo598.33,17,33,49,63,79,6.0,31,229,43.985323429107666,2
752,graficon44nodi/grafo7435.44,17,44,53,63,72,3.0,4,98,0.733208417892456,2
753,graficon40nodi/grafo6485.40,17,40,51,62,73,5.0,28,115,13.769517660140991,2
754,graficon35nodi/grafo6035.35,17,35,50,61,76,4.0,14,176,0.6350977420806885,2
755,graficon38nodi/grafo7531.38,17,38,44,61,67,2.0,4,99,0.15390610694885254,2
756,graficon37nodi/grafo11473.37,17,37,42,61,66,1.0,1,52,0.034688472747802734,2
757,graficon33nodi/grafo5821.33,17,33,43,62,72,1.0,4,105,0.1291184425354004,2
758,graficon39nodi/grafo5308.39,17,39,49,64,74,2.0,7,98,0.4087705612182617,2
759,graficon33nodi/grafo10454.33,17,33,41,61,69,2.0,3,60,0.1696317195892334,2
760,graficon42nodi/grafo7704.42,17,42,51,63,72,5.0,19,143,39.50552201271057,2
761,graficon33nodi/grafo2654.33,17,33,49,64,80,5.0,18,164,27.629029035568237,2
762,graficon36nodi/grafo11077.36,17,36,40,63,67,1.0,2,67,0.10225129127502441,2
763,graficon37nodi/grafo5888.37,17,37,50,60,73,6.0,15,111,13.05112886428833,2
764,graficon33nodi/grafo10732.33,17,33,37,60,64,1.0,2,79,0.07029342651367188,2
765,graficon25nodi/grafo2301.25,17,25,37,61,73,1.0,1,103,0.23470139503479004,2
766,graficon43nodi/grafo7428.43,17,43,52,60,69,2.0,9,128,0.2788233757019043,2
767,graficon32nodi/grafo2991.32,17,32,43,61,72,3.0,11,194,0.8808283805847168,2
768,graficon41nodi/grafo3498.41,17,41,53,63,75,3.0,19,147,8.324970722198486,2
769,graficon36nodi/grafo11414.36,17,36,47,62,73,5.0,12,99,18.718854427337646,2
770,graficon35nodi/grafo10841.35,17,35,45,62,72,3.0,11,137,1.2923052310943604,2
771,graficon38nodi/grafo2959.38,17,38,48,61,71,3.0,9,99,0.5886127948760986,2
772,graficon30nodi/grafo359.30,17,30,37,60,67,3.0,6,59,0.316115140914917,2
773,graficon37nodi/grafo1555.37,17,37,48,61,72,4.0,18,137,1.5737719535827637,2
774,graficon37nodi/grafo2398.37,17,37,47,64,74,3.0,14,170,2.0924246311187744,2
775,graficon40nodi/grafo2729.40,17,40,46,64,70,3.0,7,108,4.007897615432739,2
776,graficon42nodi/grafo3325.42,17,42,52,64,74,2.0,9,140,0.5667107105255127,2
777,graficon36nodi/grafo10462.36,17,36,40,61,65,0.0,0,41,0.01715540885925293,2
778,graficon39nodi/grafo7630.39,17,39,46,62,69,3.0,11,108,1.7494237422943115,2
779,graficon30nodi/grafo2012.30,17,30,46,64,80,5.0,21,205,14.964694023132324,2
780,graficon48nodi/grafo1669.48,17,48,59,62,73,5.0,19,221,2.301663398742676,2
781,graficon40nodi/grafo3116.40,17,40,47,64,71,2.0,9,165,0.4396171569824219,2
782,graficon41nodi/grafo4047.41,17,41,48,63,70,1.0,1,107,0.1526031494140625,2
783,graficon44nodi/grafo3971.44,17,44,48,64,68,1.0,3,97,0.35007357597351074,2
784,graficon36nodi/grafo6093.36,17,36,43,63,70,3.0,10,57,6.038028240203857,2
785,graficon39nodi/grafo6244.39,17,39,52,64,77,4.0,19,233,17.45639991760254,2
786,graficon34nodi/grafo5991.34,17,34,41,60,67,2.0,4,97,0.2909669876098633,2
787,graficon38nodi/grafo5998.38,17,38,44,60,66,1.0,1,86,0.15923237800598145,2
788,graficon32nodi/grafo5807.32,17,32,41,64,73,1.0,2,66,0.20762920379638672,2
789,graficon29nodi/grafo2811.29,17,29,40,62,73,3.0,12,103,0.9753336906433105,2
790,graficon33nodi/grafo11643.33,17,33,37,60,64,1.0,2,79,0.07509827613830566,2
791,graficon45nodi/grafo7711.45,17,45,53,64,72,2.0,4,101,0.28081297874450684,2
792,graficon35nodi/grafo3483.35,17,35,41,61,67,2.0,6,76,0.20070147514343262,2
793,graficon37nodi/grafo7410.37,17,37,51,61,75,5.0,21,129,10.541712045669556,2
794,graficon39nodi/grafo3792.39,17,39,49,61,71,3.0,9,152,0.9595417976379395,2
795,graficon46nodi/grafo7281.46,17,46,54,61,69,3.0,10,157,6.834916353225708,2
796,graficon41nodi/grafo7033.41,17,41,48,60,67,3.0,10,120,0.7706115245819092,2
797,graficon37nodi/grafo6905.37,17,37,48,63,74,5.0,16,112,26.803860187530518,2
798,graficon33nodi/grafo1668.33,17,33,41,63,71,3.0,9,81,0.6603584289550781,2
799,graficon43nodi/grafo4042.43,17,43,47,60,64,0.0,0,99,0.06237602233886719,2
800,graficon37nodi/grafo3728.37,17,37,47,63,73,2.0,7,104,0.4205176830291748,2
801,graficon37nodi/grafo6219.37,17,37,45,62,70,3.0,6,117,0.2814450263977051,2
802,graficon37nodi/grafo2761.37,17,37,45,60,68,3.0,6,133,0.6192173957824707,2
803,graficon35nodi/grafo6010.35,17,35,44,60,69,4.0,13,123,12.273234844207764,2
804,graficon41nodi/grafo5637.41,17,41,49,61,69,3.0,6,152,0.7432472705841064,2
805,graficon36nodi/grafo5783.36,17,36,46,62,72,3.0,6,102,4.365059852600098,2
806,graficon42nodi/grafo5250.42,17,42,51,64,73,3.0,14,134,0.7067162990570068,2
807,graficon38nodi/grafo11452.38,17,38,50,62,74,5.0,30,125,51.3085994720459,2
808,graficon41nodi/grafo11172.41,17,41,51,62,72,2.0,10,134,0.7486867904663086,2
809,graficon37nodi/grafo7650.37,17,37,52,63,78,4.0,10,222,2.1635489463806152,2
810,graficon33nodi/grafo11527.33,17,33,40,62,69,2.0,4,106,0.19661521911621094,2
811,graficon40nodi/grafo6142.40,17,40,49,64,73,3.0,14,105,1.3868415355682373,2
812,graficon36nodi/grafo5809.36,17,36,45,63,72,3.0,15,131,1.2626843452453613,2
813,graficon40nodi/grafo5426.40,17,40,50,62,72,4.0,28,298,51.21113395690918,2
814,graficon34nodi/grafo3076.34,17,34,39,61,66,1.0,3,59,0.19036459922790527,2
815,graficon39nodi/grafo7374.39,17,39,51,62,74,6.0,32,194,73.43689966201782,2
816,graficon40nodi/grafo7706.40,17,40,51,60,71,4.0,25,186,1.2377755641937256,2
817,graficon44nodi/grafo3602.44,17,44,53,62,71,4.0,19,233,16.132713079452515,2
818,graficon43nodi/grafo7484.43,17,43,49,63,69,3.0,6,132,5.96114444732666,2
819,graficon37nodi/grafo11410.37,17,37,45,64,72,3.0,6,89,3.0360937118530273,2
820,graficon35nodi/grafo6104.35,17,35,40,63,68,1.0,2,73,0.0586087703704834,2
821,graficon36nodi/grafo5360.36,17,36,44,62,70,3.0,10,82,4.805513858795166,2
822,graficon38nodi/grafo5222.38,17,38,43,62,67,2.0,6,95,0.2769591808319092,2
823,graficon36nodi/grafo11309.36,17,36,46,61,71,5.0,14,169,28.011046171188354,2
824,graficon36nodi/grafo5457.36,17,36,43,61,68,2.0,4,58,1.9638512134552002,2
825,graficon37nodi/grafo7092.37,17,37,47,61,71,5.0,24,225,24.048583984375,2
826,graficon38nodi/grafo1999.38,17,38,45,68,75,2.0,3,75,0.1753683090209961,2
827,graficon38nodi/grafo7684.38,17,38,54,68,84,5.0,23,248,22.456522703170776,2
828,graficon43nodi/grafo3669.43,17,43,52,67,76,4.0,10,226,16.29138970375061,2
829,graficon40nodi/grafo11665.40,17,40,48,68,76,4.0,9,108,11.568917274475098,2
830,graficon39nodi/grafo10234.39,17,39,51,69,81,5.0,18,141,24.336657762527466,2
831,graficon40nodi/grafo6382.40,17,40,52,65,77,4.0,22,180,13.138662815093994,2
832,graficon44nodi/grafo7013.44,17,44,53,69,78,1.0,1,101,0.05023503303527832,2
833,graficon37nodi/grafo3341.37,17,37,50,66,79,6.0,18,210,221.8824646472931,2
834,graficon40nodi/grafo5504.40,17,40,53,66,79,5.0,19,146,9.10575795173645,2
835,graficon44nodi/grafo1219.44,17,44,48,66,70,0.0,0,65,0.029566526412963867,2
836,graficon29nodi/grafo3034.29,17,29,40,65,76,3.0,6,174,1.7318735122680664,2
837,graficon44nodi/grafo3831.44,17,44,52,67,75,3.0,13,210,11.538914680480957,2
838,graficon35nodi/grafo3068.35,17,35,50,67,82,6.0,32,208,244.79524064064026,2
839,graficon40nodi/grafo9898.40,17,40,50,68,78,4.0,15,91,5.238631963729858,2
840,graficon37nodi/grafo6847.37,17,37,47,67,77,2.0,4,136,0.3391733169555664,2
841,graficon40nodi/grafo5327.40,17,40,47,68,75,3.0,4,119,4.038382053375244,2
842,graficon44nodi/grafo6266.44,17,44,60,68,84,8.0,44,218,600.4243805408478,9
843,graficon39nodi/grafo6848.39,17,39,52,67,80,4.0,14,192,10.84174633026123,2
844,graficon30nodi/grafo2030.30,17,30,44,66,80,5.0,18,185,35.82556390762329,2
845,graficon40nodi/grafo6167.40,17,40,57,66,83,5.0,43,259,196.00178360939026,2
846,graficon39nodi/grafo2148.39,17,39,45,67,73,1.0,6,112,0.20259594917297363,2
847,graficon36nodi/grafo3734.36,17,36,46,67,77,3.0,9,208,9.386147022247314,2
848,graficon39nodi/grafo5789.39,17,39,58,69,88,7.0,27,167,140.22585654258728,2
849,graficon29nodi/grafo1284.29,17,29,40,65,76,4.0,10,135,1.0879061222076416,2
850,graficon45nodi/grafo7024.45,17,45,50,65,70,3.0,8,76,0.7361114025115967,2
851,graficon33nodi/grafo5203.33,17,33,41,68,76,3.0,7,82,0.3122215270996094,2
852,graficon34nodi/grafo6218.34,17,34,40,65,71,1.0,6,67,0.15430545806884766,2
853,graficon43nodi/grafo7073.43,17,43,51,69,77,3.0,12,121,1.2220542430877686,2
854,graficon42nodi/grafo5867.42,17,42,52,69,79,5.0,19,274,67.06735682487488,2
855,graficon36nodi/grafo7509.36,17,36,45,69,78,3.0,10,101,4.956814527511597,2
856,graficon37nodi/grafo7743.37,17,37,55,68,86,7.0,31,214,232.44242119789124,2
857,graficon44nodi/grafo6915.44,17,44,58,68,82,5.0,24,163,16.870808601379395,2
858,graficon40nodi/grafo7570.40,17,40,52,68,80,5.0,21,175,35.192288398742676,2
859,graficon33nodi/grafo5787.33,17,33,40,66,73,1.0,3,48,0.09096169471740723,2
860,graficon34nodi/grafo11517.34,17,34,44,69,79,2.0,6,129,0.8339664936065674,2
861,graficon49nodi/grafo1560.49,17,49,59,68,78,4.0,9,128,2.587165355682373,2
862,graficon47nodi/grafo3121.47,17,47,54,65,72,3.0,5,180,1.4356389045715332,2
863,graficon38nodi/grafo2052.38,17,38,50,67,79,6.0,22,103,46.43934082984924,2
864,graficon41nodi/grafo3794.41,17,41,52,65,76,5.0,24,181,9.43700385093689,2
865,graficon38nodi/grafo3964.38,17,38,48,69,79,4.0,6,159,0.8802065849304199,2
866,graficon39nodi/grafo7264.39,17,39,51,67,79,7.0,28,199,542.1325294971466,2
867,graficon38nodi/grafo3752.38,17,38,46,65,73,3.0,6,104,6.448195219039917,2
868,graficon37nodi/grafo3576.37,17,37,49,69,81,5.0,21,172,56.86496448516846,2
869,graficon38nodi/grafo5949.38,17,38,50,66,78,2.0,4,208,0.5994315147399902,2
870,graficon29nodi/grafo2639.29,17,29,43,67,81,3.0,8,228,2.063600778579712,2
871,graficon38nodi/grafo11575.38,17,38,46,66,74,4.0,16,85,9.304611444473267,2
872,graficon38nodi/grafo3321.38,17,38,53,66,81,6.0,31,214,100.92321634292603,2
873,graficon31nodi/grafo1429.31,17,31,45,65,79,5.0,14,194,15.213846206665039,2
874,graficon38nodi/grafo4013.38,17,38,49,67,78,3.0,12,131,1.2624390125274658,2
875,graficon28nodi/grafo1339.28,17,28,41,67,80,5.0,17,177,19.383307456970215,2
876,graficon35nodi/grafo2020.35,17,35,43,68,76,1.0,1,89,0.14129257202148438,2
877,graficon40nodi/grafo7409.40,17,40,48,65,73,2.0,10,116,0.41950154304504395,2
878,graficon42nodi/grafo6141.42,17,42,53,68,79,5.0,24,159,15.501597881317139,2
879,graficon38nodi/grafo3932.38,17,38,48,69,79,2.0,5,166,0.4481029510498047,2
880,graficon38nodi/grafo2986.38,17,38,50,67,79,5.0,22,161,21.569270849227905,2
881,graficon42nodi/grafo5771.42,17,42,51,68,77,3.0,7,98,1.265599012374878,2
882,graficon45nodi/grafo7734.45,17,45,55,68,78,5.0,21,150,42.95200324058533,2
883,graficon42nodi/grafo3094.42,17,42,49,69,76,2.0,2,108,0.42657470703125,2
884,graficon38nodi/grafo819.38,17,38,49,68,79,5.0,21,167,24.550462007522583,2
885,graficon39nodi/grafo6923.39,17,39,48,67,76,5.0,10,170,109.96735310554504,2
886,graficon33nodi/grafo10400.33,17,33,38,68,73,1.0,2,79,0.15497183799743652,2
887,graficon36nodi/grafo11346.36,17,36,49,69,82,6.0,23,143,126.27051186561584,2
888,graficon39nodi/grafo11565.39,17,39,45,65,71,2.0,6,78,0.2797517776489258,2
889,graficon50nodi/grafo1494.50,17,50,57,68,75,4.0,15,148,18.700695991516113,2
890,graficon38nodi/grafo10455.38,17,38,42,67,71,1.0,2,45,0.032491207122802734,2
891,graficon38nodi/grafo9852.38,17,38,48,66,76,4.0,11,127,8.18267822265625,2
892,graficon45nodi/grafo5975.45,17,45,52,66,73,2.0,9,127,0.6139094829559326,2
893,graficon39nodi/grafo4061.39,17,39,47,69,77,2.0,7,111,0.32151031494140625,2
894,graficon40nodi/grafo6955.40,17,40,52,69,81,3.0,14,165,11.056141138076782,2
895,graficon41nodi/grafo7624.41,17,41,54,69,82,5.0,17,246,54.118706941604614,2
896,graficon35nodi/grafo6116.35,17,35,43,69,77,3.0,6,88,0.48658251762390137,2
897,graficon51nodi/grafo1404.51,17,51,70,69,88,10.0,64,361,600.4806158542633,9
898,graficon36nodi/grafo7553.36,17,36,52,69,85,6.0,22,174,65.75719261169434,2
899,graficon40nodi/grafo3711.40,17,40,53,68,81,2.0,4,186,0.6127743721008301,2
900,graficon37nodi/grafo2099.37,17,37,44,69,76,0.0,0,65,0.03149056434631348,2
901,graficon40nodi/grafo3916.40,17,40,51,71,82,3.0,11,159,10.808734655380249,2
902,graficon39nodi/grafo227.39,17,39,47,72,80,2.0,7,119,0.5282618999481201,2
903,graficon44nodi/grafo7217.44,17,44,53,70,79,3.0,9,160,0.75771164894104,2
904,graficon35nodi/grafo10277.35,17,35,45,71,81,4.0,9,165,15.576496839523315,2
905,graficon37nodi/grafo2678.37,17,37,45,74,82,2.0,2,115,0.602942943572998,2
906,graficon44nodi/grafo3432.44,17,44,55,72,83,5.0,16,94,20.271119594573975,2
907,graficon43nodi/grafo7404.43,17,43,55,73,85,4.0,17,169,12.345134973526001,2
908,graficon47nodi/grafo6168.47,17,47,50,70,73,1.0,2,148,1.9319019317626953,2
909,graficon44nodi/grafo5590.44,17,44,49,72,77,1.0,1,63,0.12749147415161133,2
910,graficon37nodi/grafo3954.37,17,37,50,70,83,5.0,19,180,22.916071891784668,2
911,graficon40nodi/grafo490.40,17,40,45,71,76,1.0,1,59,0.04246854782104492,2
912,graficon38nodi/grafo3708.38,17,38,53,74,89,5.0,14,184,26.037457942962646,2
913,graficon34nodi/grafo10511.34,17,34,41,71,78,2.0,5,91,0.30025696754455566,2
914,graficon39nodi/grafo11357.39,17,39,48,71,80,4.0,13,125,12.549504041671753,2
915,graficon49nodi/grafo6373.49,17,49,56,73,80,4.0,20,124,35.58597159385681,2
916,graficon41nodi/grafo7372.41,17,41,55,71,85,5.0,24,311,87.3668143749237,2
917,graficon47nodi/grafo3806.47,17,47,52,71,76,3.0,3,123,0.5321593284606934,2
918,graficon40nodi/grafo7285.40,17,40,56,70,86,7.0,29,233,554.9245774745941,2
919,graficon36nodi/grafo5124.36,17,36,43,70,77,3.0,6,112,9.769987106323242,2
920,graficon38nodi/grafo3457.38,17,38,43,70,75,1.0,1,78,0.1170511245727539,2
921,graficon40nodi/grafo3539.40,17,40,57,72,89,7.0,25,202,145.62673020362854,2
922,graficon39nodi/grafo3391.39,17,39,61,71,93,9.0,57,290,600.3992302417755,9
923,graficon38nodi/grafo6480.38,17,38,50,70,82,5.0,18,143,26.361886978149414,2
924,graficon42nodi/grafo3820.42,17,42,52,70,80,2.0,8,142,0.4871501922607422,2
925,graficon40nodi/grafo11283.40,17,40,52,74,86,5.0,19,151,19.145010948181152,2
926,graficon48nodi/grafo1535.48,17,48,53,72,77,1.0,1,101,0.0721433162689209,2
927,graficon44nodi/grafo11640.44,17,44,59,73,88,5.0,19,219,28.98303532600403,2
928,graficon30nodi/grafo1810.30,17,30,40,73,83,2.0,8,121,0.49698686599731445,2
929,graficon38nodi/grafo10767.38,17,38,50,72,84,4.0,13,143,15.88575291633606,2
930,graficon39nodi/grafo10062.39,17,39,44,74,79,3.0,9,82,0.5181853771209717,2
931,graficon42nodi/grafo6171.42,17,42,59,73,90,7.0,27,205,405.3232469558716,2
932,graficon41nodi/grafo7074.41,17,41,50,72,81,1.0,1,116,0.13175129890441895,2
933,graficon42nodi/grafo6304.42,17,42,55,73,86,4.0,21,287,18.99483370780945,2
934,graficon43nodi/grafo3801.43,17,43,52,70,79,3.0,5,101,0.5803446769714355,2
935,graficon40nodi/grafo3538.40,17,40,46,72,78,2.0,5,91,0.3771212100982666,2
936,graficon38nodi/grafo10567.38,17,38,47,74,83,3.0,11,195,2.499645471572876,2
937,graficon37nodi/grafo3445.37,17,37,46,73,82,4.0,11,93,0.5873935222625732,2
938,graficon37nodi/grafo11122.37,17,37,44,74,81,3.0,14,97,1.3957507610321045,2
939,graficon35nodi/grafo3499.35,17,35,47,70,82,4.0,11,115,7.392075061798096,2
940,graficon42nodi/grafo7296.42,17,42,56,73,87,5.0,15,138,36.758233070373535,2
941,graficon38nodi/grafo10027.38,17,38,50,74,86,4.0,15,141,10.13775372505188,2
942,graficon40nodi/grafo6207.40,17,40,52,72,84,4.0,20,139,46.4988694190979,2
943,graficon35nodi/grafo3006.35,17,35,44,70,79,2.0,3,104,0.315112829208374,2
944,graficon56nodi/grafo5979.56,17,56,69,72,85,7.0,29,428,451.4510359764099,2
945,graficon39nodi/grafo7283.39,17,39,50,74,85,4.0,18,217,30.02217936515808,2
946,graficon40nodi/grafo3229.40,17,40,48,74,82,3.0,6,132,0.9813904762268066,2
947,graficon37nodi/grafo2528.37,17,37,50,70,83,3.0,11,155,0.7847950458526611,2
948,graficon40nodi/grafo2963.40,17,40,49,70,79,4.0,14,176,12.18148159980774,2
949,graficon37nodi/grafo11238.37,17,37,47,70,80,3.0,8,138,0.7885093688964844,2
950,graficon34nodi/grafo5693.34,17,34,46,73,85,3.0,6,120,0.9435727596282959,2
951,graficon45nodi/grafo5623.45,17,45,55,74,84,2.0,3,186,4.097543716430664,2
952,graficon38nodi/grafo1157.38,17,38,48,73,83,2.0,5,82,0.26596784591674805,2
953,graficon36nodi/grafo9862.36,17,36,51,74,89,4.0,13,144,17.191785097122192,2
954,graficon39nodi/grafo10505.39,17,39,52,70,83,5.0,23,181,58.19977641105652,2
955,graficon34nodi/grafo9934.34,17,34,40,73,79,0.0,0,40,0.031178712844848633,2
956,graficon42nodi/grafo7692.42,17,42,54,74,86,4.0,11,140,15.000340223312378,2
957,graficon41nodi/grafo7635.41,17,41,53,71,83,6.0,31,201,524.8406136035919,2
958,graficon39nodi/grafo3849.39,17,39,50,71,82,4.0,18,240,32.90798759460449,2
959,graficon40nodi/grafo3287.40,17,40,52,71,83,4.0,22,131,1.833000898361206,2
960,graficon56nodi/grafo7164.56,17,56,68,70,82,4.0,13,155,1.4398438930511475,2
961,graficon43nodi/grafo7403.43,17,43,57,70,84,6.0,30,207,150.60304021835327,2
962,graficon39nodi/grafo6476.39,17,39,50,73,84,5.0,20,108,6.9818737506866455,2
963,graficon41nodi/grafo5344.41,17,41,52,73,84,4.0,11,109,2.0188255310058594,2
964,graficon35nodi/grafo7560.35,17,35,45,72,82,3.0,7,98,7.579365491867065,2
965,graficon39nodi/grafo11552.39,17,39,47,71,79,2.0,6,119,0.4867575168609619,2
966,graficon42nodi/grafo3865.42,17,42,56,73,87,6.0,26,143,99.68654537200928,2
967,graficon46nodi/grafo1581.46,17,46,52,71,77,2.0,4,101,0.9303135871887207,2
968,graficon38nodi/grafo7187.38,17,38,52,74,88,4.0,23,240,17.045971870422363,2
969,graficon57nodi/grafo5041.57,17,57,63,74,80,2.0,6,177,0.8932442665100098,2
970,graficon37nodi/grafo7512.37,17,37,45,71,79,1.0,2,121,0.2146434783935547,2
971,graficon39nodi/grafo7479.39,17,39,53,70,84,4.0,17,174,12.528486490249634,2
972,graficon46nodi/grafo5905.46,17,46,56,74,84,4.0,10,155,18.990540981292725,2
973,graficon40nodi/grafo3387.40,17,40,53,74,87,5.0,27,175,26.263912200927734,2
974,graficon38nodi/grafo3915.38,17,38,44,71,77,1.0,2,99,0.2979562282562256,2
975,graficon37nodi/grafo11479.37,17,37,44,73,80,3.0,9,111,1.3659403324127197,2
976,graficon36nodi/grafo2504.36,17,36,49,76,89,5.0,12,149,30.271236419677734,2
977,graficon30nodi/grafo3011.30,17,30,41,76,87,3.0,4,157,0.4824180603027344,2
978,graficon39nodi/grafo2310.39,17,39,59,77,97,8.0,26,280,600.3589971065521,9
979,graficon40nodi/grafo365.40,17,40,47,76,83,3.0,5,70,0.5082409381866455,2
980,graficon41nodi/grafo5534.41,17,41,49,77,85,3.0,5,106,1.4154045581817627,2
981,graficon36nodi/grafo5632.36,17,36,43,76,83,3.0,10,85,0.8479180335998535,2
982,graficon42nodi/grafo3895.42,17,42,55,79,92,9.0,40,225,600.4015207290649,9
983,graficon40nodi/grafo7534.40,17,40,54,76,90,6.0,21,221,194.58798718452454,2
984,graficon38nodi/grafo11163.38,17,38,50,77,89,4.0,19,188,19.020387411117554,2
985,graficon36nodi/grafo5700.36,17,36,49,78,91,4.0,16,169,29.547297477722168,2
986,graficon41nodi/grafo7150.41,17,41,52,75,86,5.0,14,83,16.118997812271118,2
987,graficon38nodi/grafo9909.38,17,38,48,77,87,4.0,16,161,18.75968909263611,2
988,graficon41nodi/grafo6152.41,17,41,56,75,90,6.0,15,205,29.23637628555298,2
989,graficon44nodi/grafo3924.44,17,44,53,75,84,4.0,16,145,24.08499026298523,2
990,graficon38nodi/grafo5880.38,17,38,52,76,90,5.0,15,166,27.1008517742157,2
991,graficon31nodi/grafo1257.31,17,31,50,76,95,8.0,28,231,220.70104503631592,2
992,graficon40nodi/grafo9929.40,17,40,56,77,93,6.0,30,152,14.886799097061157,2
993,graficon43nodi/grafo7444.43,17,43,55,77,89,5.0,26,145,117.3967034816742,2
994,graficon33nodi/grafo1975.33,17,33,46,77,90,5.0,11,123,5.802644729614258,2
995,graficon44nodi/grafo5982.44,17,44,57,79,92,4.0,20,263,3.1827876567840576,2
996,graficon49nodi/grafo1353.49,17,49,54,76,81,2.0,5,96,0.16240310668945312,2
997,graficon36nodi/grafo3379.36,17,36,44,75,83,1.0,1,86,0.08858561515808105,2
998,graficon37nodi/grafo5904.37,17,37,50,77,90,4.0,12,119,19.497639656066895,2
999,graficon37nodi/grafo3837.37,17,37,52,75,90,5.0,19,265,122.01369786262512,2
1000,graficon42nodi/grafo6032.42,17,42,51,76,85,3.0,7,127,1.884998083114624,2
1001,graficon40nodi/grafo7544.40,17,40,53,75,88,2.0,8,235,1.3548712730407715,2
1002,graficon38nodi/grafo7305.38,17,38,53,76,91,5.0,30,208,78.92781043052673,2
1003,graficon48nodi/grafo7046.48,17,48,54,76,82,2.0,2,178,0.4814107418060303,2
1004,graficon47nodi/grafo3232.47,17,47,55,77,85,2.0,5,104,0.3946115970611572,2
1005,graficon40nodi/grafo3885.40,17,40,51,75,86,2.0,7,134,0.5752565860748291,2
1006,graficon43nodi/grafo6858.43,17,43,61,77,95,7.0,27,212,600.411744594574,9
1007,graficon43nodi/grafo5298.43,17,43,56,76,89,5.0,18,123,68.889164686203,2
1008,graficon37nodi/grafo11609.37,17,37,44,77,84,3.0,9,75,1.183445692062378,2
1009,graficon43nodi/grafo7047.43,17,43,55,76,88,3.0,13,169,2.5529181957244873,2
1010,graficon46nodi/grafo1484.46,17,46,57,78,89,4.0,22,316,50.8849196434021,2
1011,graficon37nodi/grafo5641.37,17,37,44,79,86,1.0,2,113,0.27500057220458984,2
1012,graficon47nodi/grafo7547.47,17,47,59,77,89,4.0,19,141,9.160047769546509,2
1013,graficon40nodi/grafo10494.40,17,40,50,78,88,4.0,12,123,19.73967170715332,2
1014,graficon37nodi/grafo2713.37,17,37,48,76,87,5.0,21,172,33.69639015197754,2
1015,graficon39nodi/grafo6248.39,17,39,50,79,90,3.0,10,184,2.5274150371551514,2
1016,graficon38nodi/grafo5903.38,17,38,48,77,87,4.0,15,96,27.68299388885498,2
1017,graficon43nodi/grafo6296.43,17,43,59,79,95,9.0,34,378,600.3855648040771,9
1018,graficon41nodi/grafo6951.41,17,41,54,76,89,4.0,21,183,2.6281745433807373,2
1019,graficon39nodi/grafo10733.39,17,39,53,79,93,3.0,13,162,2.3564293384552,2
1020,graficon41nodi/grafo7056.41,17,41,51,76,86,2.0,5,133,0.6933503150939941,2
1021,graficon46nodi/grafo3380.46,17,46,56,75,85,4.0,10,98,16.115363597869873,2
1022,graficon41nodi/grafo3534.41,17,41,49,77,85,3.0,9,139,1.5057141780853271,2
1023,graficon39nodi/grafo3617.39,17,39,48,77,86,2.0,3,98,0.2368466854095459,2
1024,graficon38nodi/grafo11024.38,17,38,45,75,82,2.0,6,71,0.3763554096221924,2
1025,graficon49nodi/grafo1408.49,17,49,59,77,87,0.0,0,184,0.09959793090820312,2
1026,graficon46nodi/grafo7234.46,17,46,63,78,95,8.0,45,300,600.6761662960052,9
1027,graficon45nodi/grafo3840.45,17,45,59,79,93,6.0,27,297,104.18491792678833,2
1028,graficon43nodi/grafo5371.43,17,43,57,79,93,4.0,17,118,7.068324327468872,2
1029,graficon38nodi/grafo3671.38,17,38,47,75,84,2.0,6,88,1.0335068702697754,2
1030,graficon38nodi/grafo9893.38,17,38,49,76,87,3.0,11,90,3.231128692626953,2
1031,graficon35nodi/grafo4037.35,17,35,40,78,83,3.0,4,80,5.2945191860198975,2
1032,graficon36nodi/grafo5155.36,17,36,47,79,90,4.0,11,151,31.158531427383423,2
1033,graficon42nodi/grafo7486.42,17,42,57,79,94,5.0,23,153,62.924479961395264,2
1034,graficon49nodi/grafo3418.49,17,49,63,79,93,6.0,19,150,177.2831757068634,2
1035,graficon38nodi/grafo9981.38,17,38,45,78,85,1.0,2,62,0.1366596221923828,2
1036,graficon27nodi/grafo2050.27,17,27,36,76,85,1.0,1,53,0.05316567420959473,2
1037,graficon29nodi/grafo2072.29,17,29,43,78,92,3.0,9,113,1.3148760795593262,2
1038,graficon45nodi/grafo1836.45,17,45,58,77,90,4.0,24,244,3.747637987136841,2
1039,graficon34nodi/grafo3921.34,17,34,46,77,89,4.0,13,157,10.586212635040283,2
1040,graficon55nodi/grafo6415.55,17,55,59,76,80,1.0,4,97,0.21036601066589355,2
1041,graficon41nodi/grafo6191.41,17,41,52,78,89,4.0,12,217,41.23525285720825,2
1042,graficon46nodi/grafo1406.46,17,46,56,79,89,3.0,6,148,1.3243005275726318,2
1043,graficon45nodi/grafo5925.45,17,45,56,79,90,5.0,24,187,38.764920234680176,2
1044,graficon35nodi/grafo3996.35,17,35,47,78,90,5.0,23,152,56.08385443687439,2
1045,graficon46nodi/grafo6678.46,17,46,55,77,86,2.0,2,136,0.7518138885498047,2
1046,graficon43nodi/grafo3573.43,17,43,58,79,94,6.0,19,146,117.79204845428467,2
1047,graficon40nodi/grafo6972.40,17,40,51,77,88,4.0,6,139,1.5038223266601562,2
1048,graficon51nodi/grafo3958.51,17,51,62,77,88,6.0,21,252,448.4454107284546,2
1049,graficon39nodi/grafo10192.39,17,39,48,78,87,4.0,7,116,13.25086760520935,2
1050,graficon45nodi/grafo6007.45,17,45,58,79,92,5.0,22,189,134.83519196510315,2
1051,graficon37nodi/grafo11553.37,17,37,49,83,95,3.0,8,75,0.7201180458068848,2
1052,graficon44nodi/grafo7454.44,17,44,56,84,96,4.0,19,174,25.838956594467163,2
1053,graficon40nodi/grafo5453.40,17,40,57,83,100,7.0,24,214,425.28825330734253,2
1054,graficon43nodi/grafo6144.43,17,43,56,80,93,4.0,13,159,28.389986991882324,2
1055,graficon38nodi/grafo5499.38,17,38,48,81,91,2.0,5,97,2.5474584102630615,2
1056,graficon41nodi/grafo6973.41,17,41,58,84,101,7.0,19,213,600.5125641822815,9
1057,graficon39nodi/grafo10037.39,17,39,50,80,91,4.0,18,162,37.23620963096619,2
1058,graficon36nodi/grafo11554.36,17,36,50,82,96,7.0,22,218,600.7219851016998,9
1059,graficon60nodi/grafo5751.60,17,60,75,84,99,6.0,35,409,270.0992293357849,2
1060,graficon42nodi/grafo5241.42,17,42,55,83,96,4.0,15,156,1.4623215198516846,2
1061,graficon46nodi/grafo6628.46,17,46,63,83,100,7.0,43,479,600.8246977329254,9
1062,graficon39nodi/grafo9924.39,17,39,52,84,97,3.0,19,140,18.748661994934082,2
1063,graficon46nodi/grafo3661.46,17,46,56,83,93,2.0,9,148,0.9972319602966309,2
1064,graficon38nodi/grafo7549.38,17,38,50,82,94,5.0,17,140,102.98361849784851,2
1065,graficon39nodi/grafo11532.39,17,39,51,81,93,2.0,4,82,3.8702731132507324,2
1066,graficon47nodi/grafo1536.47,17,47,52,80,85,0.0,0,120,0.036685943603515625,2
1067,graficon38nodi/grafo4110.38,17,38,52,84,98,6.0,20,239,362.3152666091919,2
1068,graficon41nodi/grafo6857.41,17,41,54,83,96,4.0,11,110,1.9385521411895752,2
1069,graficon34nodi/grafo6118.34,17,34,42,82,90,1.0,2,99,0.17203426361083984,2
1070,graficon39nodi/grafo10014.39,17,39,52,83,96,5.0,17,112,25.79501461982727,2
1071,graficon43nodi/grafo7598.43,17,43,57,82,96,4.0,18,184,4.9856743812561035,2
1072,graficon39nodi/grafo3329.39,17,39,50,80,91,4.0,13,120,12.540485143661499,2
1073,graficon43nodi/grafo1506.43,17,43,50,82,89,3.0,8,146,2.1194818019866943,2
1074,graficon42nodi/grafo5595.42,17,42,56,80,94,5.0,14,236,125.95976877212524,2
1075,graficon41nodi/grafo2235.41,17,41,58,83,100,6.0,28,178,561.8307173252106,2
1076,graficon37nodi/grafo5408.37,17,37,57,84,104,10.0,41,228,600.239853143692,9
1077,graficon56nodi/grafo7757.56,17,56,64,80,88,4.0,16,183,4.5236804485321045,2
1078,graficon43nodi/grafo7465.43,17,43,60,80,97,6.0,28,264,284.41296672821045,2
1079,graficon42nodi/grafo5984.42,17,42,53,80,91,3.0,7,100,0.5522251129150391,2
1080,graficon49nodi/grafo2124.49,17,49,64,82,97,5.0,17,229,14.463005781173706,2
1081,graficon39nodi/grafo3939.39,17,39,50,83,94,5.0,18,127,23.61452579498291,2
1082,graficon41nodi/grafo6441.41,17,41,54,82,95,5.0,18,134,29.48259949684143,2
1083,graficon56nodi/grafo4306.56,17,56,63,84,91,1.0,2,200,0.2437891960144043,2
1084,graficon43nodi/grafo5339.43,17,43,54,81,92,5.0,12,156,18.130781173706055,2
1085,graficon36nodi/grafo3413.36,17,36,53,83,100,5.0,28,256,55.566720724105835,2
1086,graficon40nodi/grafo7766.40,17,40,50,80,90,5.0,19,92,65.27045679092407,2
1087,graficon41nodi/grafo3444.41,17,41,53,82,94,6.0,21,165,393.6592116355896,2
1088,graficon55nodi/grafo6789.55,17,55,60,81,86,2.0,8,238,1.1322286128997803,2
1089,graficon32nodi/grafo1421.32,17,32,45,80,93,2.0,11,156,0.6597745418548584,2
1090,graficon36nodi/grafo5865.36,17,36,44,83,91,1.0,2,81,0.23144102096557617,2
1091,graficon42nodi/grafo3326.42,17,42,60,82,100,8.0,57,236,600.4266431331635,9
1092,graficon43nodi/grafo3360.43,17,43,56,83,96,4.0,13,237,21.152461528778076,2
1093,graficon44nodi/grafo5765.44,17,44,59,84,99,5.0,23,234,149.0876727104187,2
1094,graficon38nodi/grafo10031.38,17,38,49,84,95,4.0,7,117,14.715327024459839,2
1095,graficon46nodi/grafo5873.46,17,46,57,83,94,3.0,11,177,2.5273518562316895,2
1096,graficon43nodi/grafo5486.43,17,43,54,81,92,6.0,20,198,600.5266642570496,9
1097,graficon40nodi/grafo6472.40,17,40,57,84,101,6.0,27,303,124.90613722801208,2
1098,graficon47nodi/grafo6781.47,17,47,66,82,101,9.0,23,246,600.3364639282227,9
1099,graficon36nodi/grafo3953.36,17,36,48,83,95,2.0,4,124,0.747913122177124,2
1100,graficon43nodi/grafo5760.43,17,43,55,84,96,4.0,10,126,49.22574186325073,2
1101,graficon26nodi/grafo914.26,17,26,42,83,99,7.0,39,215,600.360372543335,9
1102,graficon38nodi/grafo7227.38,17,38,54,80,96,5.0,19,226,4.057348966598511,2
1103,graficon40nodi/grafo7652.40,17,40,55,80,95,6.0,25,149,163.80454182624817,2
1104,graficon37nodi/grafo11359.37,17,37,47,83,93,3.0,7,149,1.1307876110076904,2
1105,graficon42nodi/grafo1092.42,17,42,53,81,92,3.0,16,120,4.68658709526062,2
1106,graficon39nodi/grafo10835.39,17,39,45,82,88,2.0,5,73,0.25048184394836426,2
1107,graficon40nodi/grafo7432.40,17,40,47,80,87,2.0,7,92,0.808189868927002,2
1108,graficon45nodi/grafo7099.45,17,45,56,84,95,3.0,19,206,3.1948471069335938,2
1109,graficon44nodi/grafo7381.44,17,44,65,81,102,10.0,72,365,600.4246146678925,9
1110,graficon42nodi/grafo7049.42,17,42,54,81,93,4.0,19,182,53.927852153778076,2
1111,graficon40nodi/grafo7542.40,17,40,51,81,92,5.0,16,87,35.07094383239746,2
1112,graficon42nodi/grafo6058.42,17,42,54,81,93,5.0,16,138,35.50799632072449,2
1113,graficon40nodi/grafo3753.40,17,40,53,81,94,6.0,22,135,109.28437089920044,2
1114,graficon48nodi/grafo6376.48,17,48,61,81,94,6.0,19,154,173.9712951183319,2
1115,graficon42nodi/grafo7146.42,17,42,54,82,94,3.0,4,174,19.858166694641113,2
1116,graficon39nodi/grafo3944.39,17,39,54,84,99,4.0,14,186,7.012701511383057,2
1117,graficon41nodi/grafo7373.41,17,41,58,80,97,7.0,55,392,600.4439249038696,9
1118,graficon19nodi/grafo2375.19,17,19,35,80,96,5.0,21,186,2.6125454902648926,2
1119,graficon41nodi/grafo5234.41,17,41,51,83,93,2.0,8,130,0.5656304359436035,2
1120,graficon55nodi/grafo3570.55,17,55,66,83,94,3.0,14,237,23.231483936309814,2
1121,graficon49nodi/grafo3626.49,17,49,61,81,93,6.0,35,259,335.3636050224304,2
1122,graficon47nodi/grafo6600.47,17,47,68,84,105,8.0,52,413,600.6759927272797,9
1123,graficon39nodi/grafo3793.39,17,39,53,81,95,4.0,14,193,28.21543598175049,2
1124,graficon41nodi/grafo7007.41,17,41,55,84,98,7.0,32,224,600.3990576267242,9
1125,graficon39nodi/grafo5742.39,17,39,56,83,100,6.0,27,235,237.28700304031372,2
1126,graficon40nodi/grafo7541.40,17,40,53,89,102,4.0,23,218,44.37241816520691,2
1127,graficon54nodi/grafo4016.54,17,54,65,88,99,3.0,9,134,1.6423602104187012,2
1128,graficon45nodi/grafo7241.45,17,45,62,86,103,5.0,13,242,34.76163125038147,2
1129,graficon43nodi/grafo6406.43,17,43,57,86,100,4.0,14,212,10.207985639572144,2
1130,graficon42nodi/grafo7246.42,17,42,53,89,100,4.0,13,112,2.287942886352539,2
1131,graficon44nodi/grafo7720.44,17,44,61,88,105,6.0,20,208,180.94155049324036,2
1132,graficon46nodi/grafo7742.46,17,46,58,85,97,4.0,22,244,105.79302906990051,2
1133,graficon44nodi/grafo7169.44,17,44,56,85,97,5.0,25,140,91.71455335617065,2
1134,graficon52nodi/grafo1591.52,17,52,62,85,95,2.0,8,114,0.7566535472869873,2
1135,graficon48nodi/grafo5501.48,17,48,65,88,105,8.0,48,258,600.4793856143951,9
1136,graficon44nodi/grafo5554.44,17,44,61,89,106,4.0,26,332,54.13134765625,2
1137,graficon39nodi/grafo7716.39,17,39,49,85,95,3.0,10,136,19.626062393188477,2
1138,graficon37nodi/grafo11653.37,17,37,51,87,101,2.0,4,79,0.3306887149810791,2
1139,graficon58nodi/grafo4792.58,17,58,69,88,99,1.0,4,158,0.2708141803741455,2
1140,graficon49nodi/grafo7578.49,17,49,57,89,97,3.0,11,115,3.2859480381011963,2
1141,graficon61nodi/grafo5831.61,17,61,72,88,99,6.0,38,253,426.8989350795746,2
1142,graficon46nodi/grafo5331.46,17,46,58,88,100,6.0,25,282,600.4211728572845,9
1143,graficon51nodi/grafo4600.51,17,51,62,89,100,4.0,9,185,18.877813577651978,2
1144,graficon40nodi/grafo3335.40,17,40,53,89,102,5.0,9,141,26.137670516967773,2
1145,graficon42nodi/grafo6257.42,17,42,60,85,103,5.0,26,238,45.008753538131714,2
1146,graficon36nodi/grafo5546.36,17,36,51,88,103,6.0,25,187,600.3311538696289,9
1147,graficon41nodi/grafo9946.41,17,41,48,85,92,2.0,6,89,1.5870511531829834,2
1148,graficon60nodi/grafo4886.60,17,60,73,85,98,6.0,37,233,302.4200358390808,2
1149,graficon40nodi/grafo7050.40,17,40,51,88,99,2.0,9,153,2.186419725418091,2
1150,graficon49nodi/grafo4380.49,17,49,64,87,102,4.0,7,165,1.6243040561676025,2
1151,graficon55nodi/grafo3625.55,17,55,68,88,101,7.0,25,315,600.4579613208771,9
1152,graficon53nodi/grafo7688.53,17,53,65,88,100,5.0,14,237,70.47603297233582,2
1153,graficon39nodi/grafo5407.39,17,39,53,89,103,6.0,22,165,126.88734102249146,2
1154,graficon41nodi/grafo2781.41,17,41,61,87,107,8.0,44,258,565.3125007152557,2
1155,graficon37nodi/grafo5598.37,17,37,48,88,99,3.0,6,130,2.1286470890045166,2
1156,graficon40nodi/grafo3997.40,17,40,56,88,104,7.0,43,323,600.4353876113892,9
1157,graficon43nodi/grafo7470.43,17,43,52,88,97,4.0,11,115,48.08087515830994,2
1158,graficon45nodi/grafo7442.45,17,45,53,86,94,2.0,3,91,0.6178798675537109,2
1159,graficon54nodi/grafo7723.54,17,54,73,86,105,8.0,49,274,600.3234989643097,9
1160,graficon42nodi/grafo7352.42,17,42,51,85,94,2.0,5,75,0.3315560817718506,2
1161,graficon40nodi/grafo7670.40,17,40,56,88,104,3.0,6,214,2.0528271198272705,2
1162,graficon43nodi/grafo5245.43,17,43,59,88,104,4.0,16,251,30.89788269996643,2
1163,graficon51nodi/grafo1486.51,17,51,60,87,96,2.0,9,148,1.906311273574829,2
1164,graficon36nodi/grafo6049.36,17,36,45,87,96,2.0,5,90,0.4345672130584717,2
1165,graficon39nodi/grafo7415.39,17,39,53,88,102,5.0,17,160,92.18318057060242,2
1166,graficon40nodi/grafo5373.40,17,40,58,87,105,5.0,32,244,87.45852398872375,2
1167,graficon38nodi/grafo9979.38,17,38,50,86,98,5.0,15,91,40.445947885513306,2
1168,graficon48nodi/grafo5194.48,17,48,65,89,106,6.0,25,200,123.7409930229187,2
1169,graficon48nodi/grafo5357.48,17,48,64,85,101,8.0,44,205,600.2894015312195,9
1170,graficon36nodi/grafo11662.36,17,36,48,87,99,1.0,2,62,0.16286563873291016,2
1171,graficon42nodi/grafo7614.42,17,42,57,87,102,6.0,21,427,246.26883792877197,2
1172,graficon48nodi/grafo7272.48,17,48,57,86,95,2.0,4,146,0.8681261539459229,2
1173,graficon44nodi/grafo5878.44,17,44,56,87,99,3.0,15,219,9.569584846496582,2
1174,graficon42nodi/grafo5958.42,17,42,56,86,100,5.0,19,161,81.28623604774475,2
1175,graficon58nodi/grafo1588.58,17,58,66,88,96,3.0,11,240,5.280317068099976,2
1176,graficon52nodi/grafo3455.52,17,52,65,87,100,4.0,20,176,16.094307899475098,2
1177,graficon42nodi/grafo7583.42,17,42,56,86,100,5.0,17,162,106.8474633693695,2
1178,graficon49nodi/grafo7370.49,17,49,64,87,102,3.0,8,248,2.7518186569213867,2
1179,graficon39nodi/grafo5157.39,17,39,54,88,103,3.0,17,180,2.7180063724517822,2
1180,graficon47nodi/grafo6822.47,17,47,56,88,97,3.0,6,189,2.0267016887664795,2
1181,graficon43nodi/grafo6928.43,17,43,56,88,101,5.0,26,196,112.43893146514893,2
1182,graficon38nodi/grafo3421.38,17,38,52,89,103,7.0,35,177,600.279767036438,9
1183,graficon39nodi/grafo3727.39,17,39,53,86,100,4.0,11,153,17.288352012634277,2
1184,graficon44nodi/grafo6870.44,17,44,64,85,105,9.0,45,196,600.21240401268,9
1185,graficon36nodi/grafo9853.36,17,36,48,87,99,1.0,2,62,0.15876436233520508,2
1186,graficon50nodi/grafo4518.50,17,50,66,87,103,6.0,18,230,65.95344638824463,2
1187,graficon42nodi/grafo7709.42,17,42,58,86,102,7.0,30,190,600.2975206375122,9
1188,graficon60nodi/grafo7155.60,17,60,70,86,96,4.0,5,262,12.715489864349365,2
1189,graficon64nodi/grafo4420.64,17,64,81,88,105,7.0,21,260,600.4898126125336,9
1190,graficon47nodi/grafo6437.47,17,47,70,88,111,10.0,86,398,600.6007239818573,9
1191,graficon45nodi/grafo3151.45,17,45,58,86,99,4.0,18,156,47.56169629096985,2
1192,graficon51nodi/grafo4369.51,17,51,67,87,103,4.0,23,208,33.709882736206055,2
1193,graficon38nodi/grafo3887.38,17,38,52,87,101,4.0,20,166,17.943535566329956,2
1194,graficon44nodi/grafo6329.44,17,44,58,88,102,4.0,15,114,14.000666856765747,2
1195,graficon50nodi/grafo1418.50,17,50,57,88,95,3.0,8,125,1.251469373703003,2
1196,graficon43nodi/grafo6886.43,17,43,62,85,104,8.0,42,218,600.4459636211395,9
1197,graficon42nodi/grafo7012.42,17,42,59,88,105,6.0,17,215,223.45443749427795,2
1198,graficon34nodi/grafo5990.34,17,34,45,89,100,1.0,1,145,0.2882568836212158,2
1199,graficon56nodi/grafo4391.56,17,56,70,86,100,6.0,33,401,99.51133513450623,2
1200,graficon48nodi/grafo6689.48,17,48,57,86,95,3.0,12,135,12.034545660018921,2
1201,graficon36nodi/grafo10457.36,17,36,45,93,102,2.0,4,89,0.6030557155609131,2
1202,graficon46nodi/grafo5338.46,17,46,62,94,110,5.0,22,198,230.46322870254517,2
1203,graficon72nodi/grafo9639.72,17,72,80,94,102,6.0,20,284,600.5620677471161,9
1204,graficon44nodi/grafo3644.44,17,44,54,93,103,4.0,10,81,0.9511897563934326,2
1205,graficon54nodi/grafo3511.54,17,54,73,93,112,6.0,25,266,353.5822582244873,2
1206,graficon42nodi/grafo6946.42,17,42,58,94,110,6.0,31,199,374.3142583370209,2
1207,graficon57nodi/grafo5626.57,17,57,78,94,115,8.0,32,249,600.4183576107025,9
1208,graficon37nodi/grafo6217.37,17,37,53,94,110,6.0,31,185,600.2510726451874,9
1209,graficon60nodi/grafo4512.60,17,60,73,93,106,4.0,19,229,71.87115812301636,2
1210,graficon47nodi/grafo5432.47,17,47,68,92,113,9.0,35,341,600.4589288234711,9
1211,graficon55nodi/grafo4502.55,17,55,76,92,113,10.0,62,378,600.450311422348,9
1212,graficon58nodi/grafo1247.58,17,58,68,94,104,4.0,21,181,2.839812994003296,2
1213,graficon43nodi/grafo6346.43,17,43,62,91,110,7.0,45,236,582.9368073940277,2
1214,graficon37nodi/grafo11625.37,17,37,51,92,106,3.0,6,89,7.2236480712890625,2
1215,graficon51nodi/grafo1470.51,17,51,69,90,108,7.0,37,320,264.6917722225189,2
1216,graficon64nodi/grafo8416.64,17,64,79,94,109,10.0,50,336,600.5656583309174,9
1217,graficon43nodi/grafo7441.43,17,43,60,92,109,8.0,48,244,600.4265644550323,9
1218,graficon40nodi/grafo5211.40,17,40,54,93,107,4.0,10,218,2.229875087738037,2
1219,graficon35nodi/grafo11326.35,17,35,42,91,98,2.0,3,89,0.40808939933776855,2
1220,graficon43nodi/grafo7157.43,17,43,53,90,100,3.0,9,107,2.515789270401001,2
1221,graficon39nodi/grafo3330.39,17,39,60,93,114,8.0,41,309,600.5347249507904,9
1222,graficon40nodi/grafo3519.40,17,40,56,93,109,4.0,11,154,9.078468322753906,2
1223,graficon57nodi/grafo4041.57,17,57,66,92,101,4.0,13,238,49.630730867385864,2
1224,graficon41nodi/grafo7124.41,17,41,59,94,112,5.0,20,136,23.13746476173401,2
1225,graficon61nodi/grafo4482.61,17,61,75,91,105,2.0,10,252,3.725592851638794,2
1226,graficon49nodi/grafo5721.49,17,49,64,92,107,3.0,7,155,1.9605624675750732,2
1227,graficon42nodi/grafo5468.42,17,42,58,94,110,5.0,30,271,33.94369959831238,2
1228,graficon37nodi/grafo1758.37,17,37,45,93,101,2.0,6,165,1.567298173904419,2
1229,graficon36nodi/grafo11444.36,17,36,46,94,104,2.0,6,103,0.5610506534576416,2
1230,graficon37nodi/grafo11540.37,17,37,48,91,102,2.0,3,108,0.495697021484375,2
1231,graficon37nodi/grafo7028.37,17,37,48,90,101,5.0,19,164,169.0563566684723,2
1232,graficon37nodi/grafo11417.37,17,37,49,90,102,2.0,3,96,0.5319430828094482,2
1233,graficon39nodi/grafo3187.39,17,39,53,91,105,5.0,21,196,40.785263776779175,2
1234,graficon39nodi/grafo9897.39,17,39,55,90,106,6.0,22,170,75.59132432937622,2
1235,graficon57nodi/grafo5748.57,17,57,76,94,113,7.0,32,294,600.5559079647064,9
1236,graficon38nodi/grafo10032.38,17,38,47,91,100,4.0,8,117,8.306979894638062,2
1237,graficon58nodi/grafo4796.58,17,58,73,90,105,7.0,26,179,600.2885422706604,9
1238,graficon40nodi/grafo10282.40,17,40,59,92,111,4.0,17,261,5.355222940444946,2
1239,graficon54nodi/grafo5002.54,17,54,64,91,101,4.0,15,244,21.73673987388611,2
1240,graficon44nodi/grafo2199.44,17,44,50,90,96,2.0,5,109,0.7015113830566406,2
1241,graficon38nodi/grafo10659.38,17,38,57,91,110,5.0,34,213,42.318015813827515,2
1242,graficon56nodi/grafo4409.56,17,56,67,93,104,2.0,10,126,0.2775096893310547,2
1243,graficon47nodi/grafo6408.47,17,47,57,90,100,3.0,10,160,1.505556344985962,2
1244,graficon54nodi/grafo3858.54,17,54,68,92,106,7.0,37,231,600.3470230102539,9
1245,graficon43nodi/grafo5723.43,17,43,59,92,108,6.0,27,219,220.62019062042236,2
1246,graficon40nodi/grafo4010.40,17,40,52,92,104,3.0,12,126,17.911704540252686,2
1247,graficon62nodi/grafo6173.62,17,62,73,92,103,4.0,16,188,15.55934739112854,2
1248,graficon45nodi/grafo5138.45,17,45,61,90,106,6.0,40,455,443.0420949459076,2
1249,graficon41nodi/grafo6164.41,17,41,55,91,105,5.0,16,201,80.50286388397217,2
1250,graficon41nodi/grafo3527.41,17,41,54,93,106,4.0,18,194,8.172232627868652,2
1251,graficon42nodi/grafo7642.42,17,42,62,90,110,6.0,31,293,91.90096759796143,2
1252,graficon46nodi/grafo3424.46,17,46,56,94,104,4.0,15,150,22.58827018737793,2
1253,graficon53nodi/grafo271.53,17,53,67,91,105,5.0,14,233,60.6798996925354,2
1254,graficon45nodi/grafo3660.45,17,45,60,90,105,6.0,25,208,220.93909883499146,2
1255,graficon40nodi/grafo5980.40,17,40,54,92,106,5.0,18,123,43.86168098449707,2
1256,graficon44nodi/grafo6945.44,17,44,60,93,109,6.0,28,247,203.1846718788147,2
1257,graficon35nodi/grafo5299.35,17,35,44,91,100,2.0,8,123,2.7277328968048096,2
1258,graficon66nodi/grafo9143.66,17,66,84,94,112,8.0,54,300,600.3682301044464,9
1259,graficon55nodi/grafo4195.55,17,55,69,91,105,6.0,12,134,17.187095642089844,2
1260,graficon58nodi/grafo6193.58,17,58,77,91,110,8.0,36,392,600.4513473510742,9
1261,graficon45nodi/grafo6524.45,17,45,59,94,108,4.0,21,209,69.60383152961731,2
1262,graficon54nodi/grafo4006.54,17,54,64,91,101,1.0,2,114,0.24964141845703125,2
1263,graficon38nodi/grafo11322.38,17,38,50,94,106,2.0,4,92,0.4572112560272217,2
1264,graficon46nodi/grafo6723.46,17,46,64,93,111,7.0,45,285,600.4413976669312,9
1265,graficon35nodi/grafo6517.35,17,35,49,93,107,5.0,20,149,45.54495310783386,2
1266,graficon49nodi/grafo3415.49,17,49,65,90,106,6.0,18,193,85.19053292274475,2
1267,graficon39nodi/grafo4005.39,17,39,52,91,104,6.0,22,191,279.57754611968994,2
1268,graficon52nodi/grafo4030.52,17,52,65,92,105,5.0,20,135,28.43409752845764,2
1269,graficon41nodi/grafo7098.41,17,41,59,92,110,8.0,66,301,600.4882516860962,9
1270,graficon43nodi/grafo5926.43,17,43,62,93,112,6.0,15,206,143.51214385032654,2
1271,graficon47nodi/grafo7625.47,17,47,67,94,114,7.0,42,224,316.51869654655457,2
1272,graficon41nodi/grafo5717.41,17,41,51,93,103,3.0,8,125,0.6707158088684082,2
1273,graficon66nodi/grafo9641.66,17,66,79,90,103,4.0,21,448,11.000942945480347,2
1274,graficon38nodi/grafo6578.38,17,38,53,93,108,3.0,13,120,1.7057266235351562,2
1275,graficon42nodi/grafo3508.42,17,42,59,94,111,7.0,22,231,600.4388484954834,9
1276,graficon44nodi/grafo11403.44,17,44,60,98,114,6.0,29,226,136.62980580329895,2
1277,graficon43nodi/grafo7636.43,17,43,59,99,115,5.0,23,248,193.56045579910278,2
1278,graficon42nodi/grafo5817.42,17,42,60,99,117,5.0,14,133,30.778611421585083,2
1279,graficon51nodi/grafo3172.51,17,51,71,96,116,8.0,39,285,600.4202218055725,9
1280,graficon44nodi/grafo6432.44,17,44,54,95,105,2.0,8,141,0.780597448348999,2
1281,graficon40nodi/grafo3621.40,17,40,50,95,105,2.0,8,128,1.0995063781738281,2
1282,graficon62nodi/grafo4646.62,17,62,78,96,112,4.0,21,406,27.67918610572815,2
1283,graficon52nodi/grafo7721.52,17,52,71,95,114,7.0,37,230,600.4421062469482,9
1284,graficon45nodi/grafo7640.45,17,45,65,98,118,9.0,38,340,600.852965593338,9
1285,graficon41nodi/grafo3781.41,17,41,58,96,113,7.0,27,273,600.3678431510925,9
1286,graficon57nodi/grafo4352.57,17,57,67,98,108,4.0,10,170,14.566190481185913,2
1287,graficon40nodi/grafo6458.40,17,40,57,95,112,6.0,20,272,565.4893667697906,2
1288,graficon56nodi/grafo6568.56,17,56,69,98,111,6.0,37,247,299.4769721031189,2
1289,graficon50nodi/grafo4580.50,17,50,63,99,112,3.0,24,190,2.169799327850342,2
1290,graficon53nodi/grafo3486.53,17,53,68,97,112,6.0,26,283,600.8406598567963,9
1291,graficon54nodi/grafo1483.54,17,54,67,98,111,5.0,14,155,60.37129759788513,2
1292,graficon47nodi/grafo6664.47,17,47,63,96,112,6.0,31,290,421.73860120773315,2
1293,graficon44nodi/grafo7761.44,17,44,55,98,109,3.0,11,172,20.260282516479492,2
1294,graficon48nodi/grafo3769.48,17,48,63,99,114,5.0,30,215,332.1445527076721,2
1295,graficon44nodi/grafo3205.44,17,44,57,99,112,5.0,10,152,58.06428503990173,2
1296,graficon42nodi/grafo3439.42,17,42,57,95,110,4.0,11,219,25.771695137023926,2
1297,graficon41nodi/grafo5645.41,17,41,52,97,108,4.0,12,162,19.84977960586548,2
1298,graficon49nodi/grafo4012.49,17,49,65,99,115,7.0,26,222,600.3408575057983,9
1299,graficon38nodi/grafo3540.38,17,38,57,96,115,6.0,18,201,151.49331879615784,2
1300,graficon44nodi/grafo6960.44,17,44,61,98,115,4.0,28,216,66.71036458015442,2
1301,graficon43nodi/grafo4053.43,17,43,58,98,113,5.0,40,311,285.4394154548645,2
1302,graficon38nodi/grafo7478.38,17,38,47,98,107,3.0,7,108,1.5380661487579346,2
1303,graficon42nodi/grafo3402.42,17,42,62,99,119,8.0,29,217,600.4307723045349,9
1304,graficon40nodi/grafo3804.40,17,40,49,98,107,3.0,10,119,1.8082661628723145,2
1305,graficon46nodi/grafo7713.46,17,46,67,96,117,10.0,55,450,600.4433996677399,9
1306,graficon54nodi/grafo4849.54,17,54,68,95,109,3.0,11,143,2.3156938552856445,2
1307,graficon48nodi/grafo4473.48,17,48,61,95,108,2.0,3,176,0.8606061935424805,2
1308,graficon54nodi/grafo4530.54,17,54,76,97,119,10.0,57,330,600.4721632003784,9
1309,graficon41nodi/grafo2531.41,17,41,56,99,114,5.0,15,211,106.95345759391785,2
1310,graficon61nodi/grafo8112.61,17,61,77,97,113,7.0,24,251,600.4473416805267,9
1311,graficon53nodi/grafo3763.53,17,53,72,95,114,7.0,26,310,600.8850483894348,9
1312,graficon39nodi/grafo3099.39,17,39,47,98,106,0.0,0,64,0.057695627212524414,2
1313,graficon44nodi/grafo7621.44,17,44,65,98,119,7.0,19,245,600.59845662117,9
1314,graficon44nodi/grafo6263.44,17,44,66,96,118,9.0,38,258,600.4038116931915,9
1315,graficon60nodi/grafo7448.60,17,60,81,98,119,7.0,71,368,388.0423240661621,2
1316,graficon46nodi/grafo5480.46,17,46,63,95,112,6.0,28,185,235.2513725757599,2
1317,graficon39nodi/grafo7390.39,17,39,59,97,117,7.0,34,189,397.7621076107025,2
1318,graficon42nodi/grafo3258.42,17,42,58,96,112,5.0,19,181,141.8527717590332,2
1319,graficon52nodi/grafo6159.52,17,52,65,98,111,5.0,16,178,108.72394680976868,2
1320,graficon42nodi/grafo7485.42,17,42,56,99,113,6.0,27,177,279.1643764972687,2
1321,graficon49nodi/grafo7245.49,17,49,65,97,113,7.0,26,207,600.3499255180359,9
1322,graficon54nodi/grafo4488.54,17,54,69,95,110,6.0,18,216,171.238840341568,2
1323,graficon42nodi/grafo6270.42,17,42,54,98,110,2.0,10,172,4.0857133865356445,2
1324,graficon42nodi/grafo3277.42,17,42,56,95,109,5.0,26,194,107.43052434921265,2
1325,graficon46nodi/grafo5832.46,17,46,58,95,107,3.0,8,162,2.263249397277832,2
1326,graficon60nodi/grafo4376.60,17,60,73,96,109,3.0,10,174,1.7139496803283691,2
1327,graficon55nodi/grafo1549.55,17,55,66,99,110,4.0,10,301,21.613149404525757,2
1328,graficon53nodi/grafo4871.53,17,53,71,98,116,5.0,31,286,235.87831282615662,2
1329,graficon60nodi/grafo8276.60,17,60,74,97,111,4.0,13,186,62.572669982910156,2
1330,graficon55nodi/grafo1465.55,17,55,65,95,105,4.0,15,214,19.881903409957886,2
1331,graficon53nodi/grafo5057.53,17,53,67,95,109,3.0,19,265,47.07452464103699,2
1332,graficon38nodi/grafo3383.38,17,38,62,98,122,13.0,85,455,600.7591354846954,9
1333,graficon38nodi/grafo3758.38,17,38,56,99,117,8.0,49,306,600.683191537857,9
1334,graficon63nodi/grafo4664.63,17,63,77,99,113,4.0,15,231,39.5205454826355,2
1335,graficon46nodi/grafo3412.46,17,46,65,95,114,6.0,24,237,158.9621822834015,2
1336,graficon44nodi/grafo7591.44,17,44,61,95,112,7.0,52,311,600.7465598583221,9
1337,graficon53nodi/grafo1482.53,17,53,67,96,110,5.0,25,251,284.65024304389954,2
1338,graficon43nodi/grafo6921.43,17,43,55,97,109,4.0,11,145,69.64526653289795,2
1339,graficon41nodi/grafo6192.41,17,41,54,95,108,7.0,24,134,600.4541795253754,9
1340,graficon51nodi/grafo7730.51,17,51,67,95,111,6.0,22,221,126.52167558670044,2
1341,graficon39nodi/grafo7581.39,17,39,51,96,108,4.0,14,171,49.54477095603943,2
1342,graficon62nodi/grafo4312.62,17,62,74,96,108,5.0,28,222,211.83499264717102,2
1343,graficon42nodi/grafo3476.42,17,42,60,99,117,4.0,25,261,41.346367597579956,2
1344,graficon41nodi/grafo7204.41,17,41,54,99,112,4.0,14,255,4.1206135749816895,2
1345,graficon44nodi/grafo3603.44,17,44,66,99,121,10.0,62,390,601.317476272583,9
1346,graficon39nodi/grafo11495.39,17,39,52,95,108,5.0,13,165,58.47028160095215,2
1347,graficon39nodi/grafo3474.39,17,39,51,95,107,5.0,22,232,160.21096181869507,2
1348,graficon42nodi/grafo6308.42,17,42,62,96,116,8.0,29,418,600.8613014221191,9
1349,graficon40nodi/grafo5643.40,17,40,51,95,106,3.0,6,172,8.57351040840149,2
1350,graficon39nodi/grafo5974.39,17,39,53,97,111,3.0,22,202,7.4077582359313965,2
