Index,Data,combo_idx,Nodes,Edges,TotalNodes,TotalEdges,ObjVal,Crossings,EdgeLength,Runtime,Status
1,graficon13nodi/grafo2567.13,18,13,13,13,13,0.0,0,6,0.0036368370056152344,2
2,graficon11nodi/grafo685.11,18,11,11,13,13,0.0,0,13,0.005749940872192383,2
3,graficon10nodi/grafo2511.10,18,10,10,12,12,0.0,0,6,0.0024063587188720703,2
4,graficon12nodi/grafo957.12,18,12,11,13,12,0.0,0,10,0.0019266605377197266,2
5,graficon14nodi/grafo769.14,18,14,13,14,13,0.0,0,10,0.0021076202392578125,2
6,graficon10nodi/grafo1070.10,18,10,10,12,12,0.0,0,6,0.0013189315795898438,2
7,graficon10nodi/grafo473.10,18,10,10,12,12,0.0,0,6,0.001148223876953125,2
8,graficon14nodi/grafo371.14,18,14,13,14,13,0.0,0,6,0.0022046566009521484,2
9,graficon12nodi/grafo906.12,18,12,11,12,11,0.0,0,3,0.0010771751403808594,2
10,graficon11nodi/grafo927.11,18,11,10,11,10,0.0,0,6,0.0012462139129638672,2
11,graficon10nodi/grafo758.10,18,10,10,12,12,0.0,0,6,0.0011150836944580078,2
12,graficon12nodi/grafo122.12,18,12,11,12,11,0.0,0,5,0.0008065700531005859,2
13,graficon12nodi/grafo1843.12,18,12,15,14,17,1.0,2,13,0.020266294479370117,2
14,graficon10nodi/grafo898.10,18,10,9,10,9,0.0,0,2,0.0007991790771484375,2
15,graficon11nodi/grafo2433.11,18,11,11,13,13,0.0,0,3,0.0014483928680419922,2
16,graficon11nodi/grafo749.11,18,11,10,13,12,0.0,0,5,0.00180816650390625,2
17,graficon10nodi/grafo961.10,18,10,10,12,12,0.0,0,6,0.0010297298431396484,2
18,graficon10nodi/grafo1857.10,18,10,12,12,14,0.0,0,10,0.0016140937805175781,2
19,graficon11nodi/grafo1004.11,18,11,12,12,13,0.0,0,15,0.0025713443756103516,2
20,graficon11nodi/grafo675.11,18,11,11,13,13,0.0,0,4,0.001708984375,2
21,graficon10nodi/grafo633.10,18,10,9,10,9,0.0,0,2,0.0014052391052246094,2
22,graficon13nodi/grafo2908.13,18,13,12,13,12,0.0,0,8,0.0018794536590576172,2
23,graficon11nodi/grafo441.11,18,11,11,13,13,0.0,0,14,0.004420757293701172,2
24,graficon11nodi/grafo2812.11,18,11,11,13,13,0.0,0,3,0.0020444393157958984,2
25,graficon10nodi/grafo881.10,18,10,9,10,9,0.0,0,2,0.0016608238220214844,2
26,graficon10nodi/grafo455.10,18,10,10,13,13,0.0,0,4,0.0022001266479492188,2
27,graficon12nodi/grafo933.12,18,12,11,12,11,0.0,0,5,0.0022611618041992188,2
28,graficon12nodi/grafo256.12,18,12,11,12,11,0.0,0,2,0.0012145042419433594,2
29,graficon10nodi/grafo1098.10,18,10,9,10,9,0.0,0,2,0.0011448860168457031,2
30,graficon11nodi/grafo246.11,18,11,10,11,10,0.0,0,3,0.0012905597686767578,2
31,graficon12nodi/grafo2668.12,18,12,13,14,15,1.0,1,7,0.002538919448852539,2
32,graficon12nodi/grafo667.12,18,12,12,13,13,0.0,0,16,0.002830982208251953,2
33,graficon12nodi/grafo986.12,18,12,11,12,11,0.0,0,5,0.0011148452758789062,2
34,graficon10nodi/grafo782.10,18,10,9,10,9,0.0,0,2,0.0012483596801757812,2
35,graficon12nodi/grafo756.12,18,12,11,12,11,0.0,0,3,0.001676797866821289,2
36,graficon11nodi/grafo1629.11,18,11,11,14,14,0.0,0,10,0.002717733383178711,2
37,graficon12nodi/grafo888.12,18,12,13,14,15,0.0,0,16,0.006424665451049805,2
38,graficon11nodi/grafo1162.11,18,11,11,12,12,0.0,0,6,0.0018935203552246094,2
39,graficon11nodi/grafo3101.11,18,11,11,13,13,0.0,0,3,0.003094911575317383,2
40,graficon10nodi/grafo910.10,18,10,9,10,9,0.0,0,2,0.001253366470336914,2
41,graficon13nodi/grafo514.13,18,13,12,13,12,0.0,0,4,0.001986265182495117,2
42,graficon10nodi/grafo718.10,18,10,10,12,12,0.0,0,6,0.002496480941772461,2
43,graficon10nodi/grafo1123.10,18,10,10,12,12,0.0,0,6,0.0024940967559814453,2
44,graficon10nodi/grafo474.10,18,10,10,12,12,0.0,0,6,0.0022056102752685547,2
45,graficon14nodi/grafo272.14,18,14,13,14,13,0.0,0,9,0.003509044647216797,2
46,graficon11nodi/grafo1084.11,18,11,10,11,10,0.0,0,2,0.0012340545654296875,2
47,graficon11nodi/grafo2971.11,18,11,11,13,13,0.0,0,3,0.0025663375854492188,2
48,graficon11nodi/grafo313.11,18,11,10,13,12,0.0,0,13,0.003732442855834961,2
49,graficon11nodi/grafo532.11,18,11,11,13,13,0.0,0,9,0.003305673599243164,2
50,graficon11nodi/grafo857.11,18,11,11,12,12,0.0,0,12,0.0045166015625,2
51,graficon10nodi/grafo978.10,18,10,10,12,12,0.0,0,6,0.0013582706451416016,2
52,graficon13nodi/grafo1067.13,18,13,13,13,13,0.0,0,6,0.002722024917602539,2
53,graficon12nodi/grafo2949.12,18,12,11,12,11,0.0,0,4,0.0011675357818603516,2
54,graficon10nodi/grafo962.10,18,10,10,12,12,0.0,0,6,0.001398324966430664,2
55,graficon10nodi/grafo460.10,18,10,9,10,9,0.0,0,2,0.0008096694946289062,2
56,graficon11nodi/grafo3073.11,18,11,11,13,13,0.0,0,3,0.0014357566833496094,2
57,graficon11nodi/grafo316.11,18,11,13,14,16,0.0,0,22,0.004510641098022461,2
58,graficon13nodi/grafo2415.13,18,13,13,14,14,0.0,0,5,0.002788066864013672,2
59,graficon12nodi/grafo861.12,18,12,12,14,14,0.0,0,21,0.007001638412475586,2
60,graficon11nodi/grafo612.11,18,11,11,13,13,0.0,0,7,0.0024442672729492188,2
61,graficon10nodi/grafo513.10,18,10,10,12,12,0.0,0,6,0.0020003318786621094,2
62,graficon12nodi/grafo352.12,18,12,12,14,14,1.0,1,6,0.0030677318572998047,2
63,graficon11nodi/grafo3113.11,18,11,11,13,13,0.0,0,3,0.0019714832305908203,2
64,graficon12nodi/grafo2651.12,18,12,13,12,13,1.0,2,13,0.003652334213256836,2
65,graficon13nodi/grafo2595.13,18,13,12,13,12,0.0,0,5,0.0023851394653320312,2
66,graficon14nodi/grafo345.14,18,14,13,14,13,0.0,0,9,0.002485990524291992,2
67,graficon10nodi/grafo209.10,18,10,10,12,12,0.0,0,6,0.0014157295227050781,2
68,graficon11nodi/grafo1005.11,18,11,11,12,12,0.0,0,9,0.001687765121459961,2
69,graficon10nodi/grafo1032.10,18,10,9,10,9,0.0,0,2,0.0009894371032714844,2
70,graficon10nodi/grafo210.10,18,10,10,12,12,0.0,0,6,0.002492666244506836,2
71,graficon11nodi/grafo759.11,18,11,12,12,13,1.0,1,7,0.003424406051635742,2
72,graficon10nodi/grafo265.10,18,10,12,12,14,1.0,1,16,0.004403829574584961,2
73,graficon12nodi/grafo2439.12,18,12,12,13,13,0.0,0,10,0.002315998077392578,2
74,graficon11nodi/grafo748.11,18,11,11,13,13,0.0,0,8,0.002450704574584961,2
75,graficon11nodi/grafo2714.11,18,11,11,13,13,0.0,0,5,0.0023915767669677734,2
76,graficon15nodi/grafo886.15,18,15,15,18,18,0.0,0,20,0.0064525604248046875,2
77,graficon12nodi/grafo2359.12,18,12,17,16,21,1.0,3,67,0.03392195701599121,2
78,graficon17nodi/grafo565.17,18,17,17,19,19,0.0,0,7,0.001569509506225586,2
79,graficon14nodi/grafo642.14,18,14,15,16,17,1.0,1,14,0.004528999328613281,2
80,graficon15nodi/grafo2783.15,18,15,17,19,21,1.0,1,24,0.0071489810943603516,2
81,graficon12nodi/grafo2707.12,18,12,14,16,18,1.0,1,10,0.004232645034790039,2
82,graficon16nodi/grafo2861.16,18,16,15,18,17,1.0,1,21,0.008128166198730469,2
83,graficon16nodi/grafo853.16,18,16,16,16,16,0.0,0,11,0.0026693344116210938,2
84,graficon17nodi/grafo1122.17,18,17,17,19,19,0.0,0,7,0.0016727447509765625,2
85,graficon11nodi/grafo2384.11,18,11,12,15,16,0.0,0,9,0.0025985240936279297,2
86,graficon15nodi/grafo1618.15,18,15,16,19,20,0.0,0,29,0.01176762580871582,2
87,graficon13nodi/grafo325.13,18,13,14,15,16,1.0,1,11,0.0038154125213623047,2
88,graficon17nodi/grafo1161.17,18,17,18,19,20,0.0,0,23,0.008212804794311523,2
89,graficon13nodi/grafo510.13,18,13,16,18,21,1.0,1,21,0.01241159439086914,2
90,graficon14nodi/grafo367.14,18,14,14,15,15,0.0,0,11,0.005767822265625,2
91,graficon13nodi/grafo477.13,18,13,13,15,15,0.0,0,4,0.0018620491027832031,2
92,graficon13nodi/grafo951.13,18,13,17,19,23,0.0,0,45,0.01209568977355957,2
93,graficon11nodi/grafo1734.11,18,11,14,17,20,1.0,1,36,0.006665468215942383,2
94,graficon15nodi/grafo2797.15,18,15,17,15,17,1.0,1,19,0.005031585693359375,2
95,graficon12nodi/grafo2335.12,18,12,14,19,21,0.0,0,14,0.00553584098815918,2
96,graficon10nodi/grafo1740.10,18,10,13,17,20,1.0,1,36,0.013338565826416016,2
97,graficon13nodi/grafo1853.13,18,13,15,17,19,1.0,3,45,0.040979623794555664,2
98,graficon16nodi/grafo2142.16,18,16,16,17,17,0.0,0,14,0.003245115280151367,2
99,graficon14nodi/grafo956.14,18,14,15,15,16,1.0,1,12,0.004063606262207031,2
100,graficon15nodi/grafo585.15,18,15,16,19,20,0.0,0,31,0.006386756896972656,2
101,graficon14nodi/grafo2291.14,18,14,14,16,16,1.0,1,25,0.007056474685668945,2
102,graficon14nodi/grafo1658.14,18,14,15,19,20,0.0,0,16,0.003454446792602539,2
103,graficon13nodi/grafo559.13,18,13,15,19,21,0.0,0,17,0.003011465072631836,2
104,graficon15nodi/grafo2377.15,18,15,15,16,16,0.0,0,11,0.0016484260559082031,2
105,graficon14nodi/grafo2189.14,18,14,16,17,19,1.0,1,27,0.006181478500366211,2
106,graficon16nodi/grafo322.16,18,16,15,17,16,0.0,0,9,0.0037229061126708984,2
107,graficon14nodi/grafo2460.14,18,14,14,15,15,0.0,0,9,0.0035445690155029297,2
108,graficon16nodi/grafo1177.16,18,16,15,17,16,0.0,0,15,0.002565622329711914,2
109,graficon13nodi/grafo203.13,18,13,14,15,16,1.0,1,9,0.006293058395385742,2
110,graficon13nodi/grafo387.13,18,13,15,19,21,1.0,1,20,0.012166976928710938,2
111,graficon15nodi/grafo1107.15,18,15,19,19,23,0.0,0,28,0.010182380676269531,2
112,graficon12nodi/grafo576.12,18,12,14,17,19,0.0,0,8,0.002100706100463867,2
113,graficon12nodi/grafo542.12,18,12,14,17,19,0.0,0,14,0.003000497817993164,2
114,graficon10nodi/grafo1898.10,18,10,15,16,21,1.0,1,34,0.009624719619750977,2
115,graficon12nodi/grafo543.12,18,12,12,15,15,1.0,1,9,0.004291534423828125,2
116,graficon14nodi/grafo843.14,18,14,14,15,15,0.0,0,25,0.007554769515991211,2
117,graficon14nodi/grafo1620.14,18,14,15,17,18,0.0,0,16,0.0034368038177490234,2
118,graficon14nodi/grafo255.14,18,14,16,16,18,1.0,2,35,0.011779546737670898,2
119,graficon14nodi/grafo899.14,18,14,15,15,16,1.0,1,26,0.011420249938964844,2
120,graficon17nodi/grafo422.17,18,17,17,18,18,0.0,0,29,0.012778759002685547,2
121,graficon13nodi/grafo440.13,18,13,14,18,19,0.0,0,17,0.005354642868041992,2
122,graficon11nodi/grafo280.11,18,11,12,15,16,0.0,0,21,0.0045740604400634766,2
123,graficon15nodi/grafo2331.15,18,15,17,17,19,0.0,0,19,0.0052144527435302734,2
124,graficon11nodi/grafo1006.11,18,11,12,15,16,0.0,0,8,0.0040624141693115234,2
125,graficon13nodi/grafo2218.13,18,13,13,16,16,1.0,1,13,0.005070686340332031,2
126,graficon14nodi/grafo3087.14,18,14,14,16,16,0.0,0,13,0.0072574615478515625,2
127,graficon16nodi/grafo1069.16,18,16,15,17,16,0.0,0,14,0.004274845123291016,2
128,graficon14nodi/grafo524.14,18,14,15,15,16,0.0,0,13,0.004909992218017578,2
129,graficon11nodi/grafo1913.11,18,11,14,15,18,0.0,0,15,0.0051767826080322266,2
130,graficon14nodi/grafo2919.14,18,14,15,17,18,0.0,0,20,0.004935264587402344,2
131,graficon16nodi/grafo418.16,18,16,18,19,21,0.0,0,34,0.009990453720092773,2
132,graficon13nodi/grafo1935.13,18,13,18,17,22,1.0,1,31,0.010597944259643555,2
133,graficon17nodi/grafo774.17,18,17,18,19,20,1.0,2,50,0.031212329864501953,2
134,graficon16nodi/grafo1029.16,18,16,16,18,18,0.0,0,8,0.001978158950805664,2
135,graficon12nodi/grafo2663.12,18,12,13,15,16,0.0,0,11,0.003085613250732422,2
136,graficon14nodi/grafo2634.14,18,14,13,15,14,0.0,0,12,0.0024673938751220703,2
137,graficon12nodi/grafo2380.12,18,12,12,16,16,0.0,0,10,0.004716634750366211,2
138,graficon17nodi/grafo2146.17,18,17,17,19,19,0.0,0,17,0.0032646656036376953,2
139,graficon14nodi/grafo2900.14,18,14,14,18,18,0.0,0,10,0.004534006118774414,2
140,graficon13nodi/grafo430.13,18,13,14,16,17,0.0,0,10,0.0031065940856933594,2
141,graficon10nodi/grafo938.10,18,10,14,19,23,1.0,3,55,0.028958797454833984,2
142,graficon14nodi/grafo1063.14,18,14,15,18,19,0.0,0,11,0.002067089080810547,2
143,graficon11nodi/grafo2964.11,18,11,12,19,20,0.0,0,12,0.0021147727966308594,2
144,graficon13nodi/grafo989.13,18,13,14,18,19,0.0,0,12,0.0025577545166015625,2
145,graficon11nodi/grafo822.11,18,11,13,18,20,1.0,1,13,0.0038747787475585938,2
146,graficon10nodi/grafo1774.10,18,10,15,16,21,1.0,1,34,0.00722813606262207,2
147,graficon11nodi/grafo900.11,18,11,13,18,20,0.0,0,9,0.002016782760620117,2
148,graficon13nodi/grafo2927.13,18,13,14,19,20,1.0,1,23,1.132704496383667,2
149,graficon13nodi/grafo2354.13,18,13,16,19,22,1.0,1,24,0.00864863395690918,2
150,graficon13nodi/grafo791.13,18,13,15,19,21,1.0,1,16,0.0070040225982666016,2
151,graficon16nodi/grafo1945.16,18,16,17,23,24,1.0,2,29,0.022238492965698242,2
152,graficon17nodi/grafo2644.17,18,17,19,23,25,0.0,0,23,0.005785226821899414,2
153,graficon17nodi/grafo2882.17,18,17,18,24,25,0.0,0,25,0.0062100887298583984,2
154,graficon19nodi/grafo794.19,18,19,21,22,24,1.0,1,23,0.00558018684387207,2
155,graficon14nodi/grafo489.14,18,14,15,22,23,1.0,1,15,0.0048444271087646484,2
156,graficon18nodi/grafo1865.18,18,18,20,23,25,0.0,0,30,0.007523059844970703,2
157,graficon15nodi/grafo1970.15,18,15,17,22,24,0.0,0,18,0.0029566287994384766,2
158,graficon14nodi/grafo2419.14,18,14,17,24,27,1.0,1,27,0.010784387588500977,2
159,graficon12nodi/grafo2855.12,18,12,17,24,29,1.0,1,21,0.007206916809082031,2
160,graficon13nodi/grafo1729.13,18,13,19,22,28,2.0,5,78,0.0281527042388916,2
161,graficon13nodi/grafo2832.13,18,13,14,23,24,0.0,0,20,0.006167888641357422,2
162,graficon18nodi/grafo1893.18,18,18,18,21,21,0.0,0,14,0.003368854522705078,2
163,graficon18nodi/grafo1059.18,18,18,18,22,22,0.0,0,10,0.0018303394317626953,2
164,graficon12nodi/grafo2890.12,18,12,14,20,22,0.0,0,18,0.004992246627807617,2
165,graficon16nodi/grafo2231.16,18,16,20,22,26,1.0,1,30,0.008202552795410156,2
166,graficon20nodi/grafo2767.20,18,20,22,24,26,1.0,1,33,0.010329484939575195,2
167,graficon20nodi/grafo3051.20,18,20,23,24,27,0.0,0,20,0.0038568973541259766,2
168,graficon12nodi/grafo638.12,18,12,17,22,27,0.0,0,32,0.005133152008056641,2
169,graficon15nodi/grafo2233.15,18,15,20,23,28,0.0,0,42,0.010693073272705078,2
170,graficon16nodi/grafo275.16,18,16,18,24,26,1.0,1,27,0.006629228591918945,2
171,graficon22nodi/grafo2137.22,18,22,21,24,23,0.0,0,29,0.003937244415283203,2
172,graficon18nodi/grafo314.18,18,18,18,22,22,0.0,0,10,0.0018908977508544922,2
173,graficon15nodi/grafo2225.15,18,15,18,23,26,0.0,0,16,0.003771543502807617,2
174,graficon11nodi/grafo1876.11,18,11,19,24,32,2.0,6,41,0.043476104736328125,2
175,graficon13nodi/grafo891.13,18,13,13,20,20,0.0,0,14,0.0034263134002685547,2
176,graficon12nodi/grafo2675.12,18,12,14,20,22,0.0,0,18,0.004290342330932617,2
177,graficon11nodi/grafo1835.11,18,11,15,21,25,0.0,0,18,0.004092693328857422,2
178,graficon23nodi/grafo2357.23,18,23,22,24,23,0.0,0,38,0.009560823440551758,2
179,graficon15nodi/grafo1982.15,18,15,17,24,26,1.0,1,36,0.00951385498046875,2
180,graficon14nodi/grafo378.14,18,14,17,22,25,0.0,0,37,0.008534669876098633,2
181,graficon17nodi/grafo2324.17,18,17,21,23,27,1.0,2,25,0.006238698959350586,2
182,graficon13nodi/grafo964.13,18,13,16,23,26,0.0,0,27,0.006124258041381836,2
183,graficon19nodi/grafo423.19,18,19,21,23,25,0.0,0,30,0.007478237152099609,2
184,graficon13nodi/grafo2204.13,18,13,13,20,20,0.0,0,17,0.005137920379638672,2
185,graficon13nodi/grafo443.13,18,13,15,20,22,1.0,2,16,0.014667272567749023,2
186,graficon20nodi/grafo215.20,18,20,22,24,26,1.0,1,36,0.01015329360961914,2
187,graficon14nodi/grafo1662.14,18,14,20,24,30,1.0,2,41,0.07833099365234375,2
188,graficon20nodi/grafo495.20,18,20,20,24,24,0.0,0,11,0.0024933815002441406,2
189,graficon16nodi/grafo2281.16,18,16,21,24,29,1.0,1,50,0.01202702522277832,2
190,graficon11nodi/grafo1054.11,18,11,15,23,27,0.0,0,42,0.007551908493041992,2
191,graficon16nodi/grafo661.16,18,16,17,21,22,1.0,1,11,0.00667119026184082,2
192,graficon12nodi/grafo844.12,18,12,18,20,26,1.0,2,43,0.011688947677612305,2
193,graficon19nodi/grafo1661.19,18,19,21,21,23,1.0,2,20,0.01081085205078125,2
194,graficon18nodi/grafo2186.18,18,18,23,23,28,1.0,3,21,0.006269216537475586,2
195,graficon12nodi/grafo2867.12,18,12,16,22,26,0.0,0,39,0.006783246994018555,2
196,graficon15nodi/grafo1136.15,18,15,17,24,26,0.0,0,20,0.004703998565673828,2
197,graficon20nodi/grafo1651.20,18,20,21,23,24,1.0,1,51,0.015346765518188477,2
198,graficon15nodi/grafo2157.15,18,15,15,20,20,0.0,0,13,0.002768278121948242,2
199,graficon17nodi/grafo1634.17,18,17,18,20,21,1.0,1,50,0.017789125442504883,2
200,graficon16nodi/grafo2440.16,18,16,20,22,26,2.0,4,27,0.050267696380615234,2
201,graficon18nodi/grafo953.18,18,18,18,22,22,0.0,0,10,0.0019979476928710938,2
202,graficon23nodi/grafo1485.23,18,23,22,23,22,0.0,0,26,0.006698131561279297,2
203,graficon13nodi/grafo2620.13,18,13,16,20,23,0.0,0,25,0.005578041076660156,2
204,graficon17nodi/grafo2680.17,18,17,22,22,27,1.0,2,59,0.013979673385620117,2
205,graficon20nodi/grafo1649.20,18,20,22,24,26,1.0,2,45,0.033571720123291016,2
206,graficon19nodi/grafo1897.19,18,19,20,24,25,0.0,0,47,0.014683246612548828,2
207,graficon13nodi/grafo2645.13,18,13,17,23,27,0.0,0,25,0.0075283050537109375,2
208,graficon18nodi/grafo2480.18,18,18,21,22,25,0.0,0,41,0.007982969284057617,2
209,graficon13nodi/grafo2298.13,18,13,14,21,22,0.0,0,14,0.003500699996948242,2
210,graficon15nodi/grafo739.15,18,15,18,23,26,0.0,0,40,0.008973836898803711,2
211,graficon17nodi/grafo2679.17,18,17,19,21,23,1.0,1,23,0.008029460906982422,2
212,graficon14nodi/grafo2430.14,18,14,15,21,22,0.0,0,16,0.003550291061401367,2
213,graficon15nodi/grafo582.15,18,15,16,22,23,0.0,0,12,0.004002809524536133,2
214,graficon11nodi/grafo1619.11,18,11,15,21,25,1.0,3,30,0.030122995376586914,2
215,graficon15nodi/grafo1124.15,18,15,16,23,24,0.0,0,19,0.006103515625,2
216,graficon12nodi/grafo1763.12,18,12,21,22,31,1.0,2,59,0.01400613784790039,2
217,graficon17nodi/grafo1094.17,18,17,19,21,23,0.0,0,14,0.003487825393676758,2
218,graficon15nodi/grafo2903.15,18,15,16,20,21,1.0,1,21,0.006699800491333008,2
219,graficon11nodi/grafo1088.11,18,11,17,22,28,0.0,0,49,0.010700464248657227,2
220,graficon17nodi/grafo645.17,18,17,19,21,23,0.0,0,32,0.017000675201416016,2
221,graficon16nodi/grafo2537.16,18,16,19,21,24,0.0,0,21,0.004107952117919922,2
222,graficon15nodi/grafo1030.15,18,15,16,23,24,0.0,0,19,0.011080503463745117,2
223,graficon14nodi/grafo242.14,18,14,16,21,23,0.0,0,21,0.005206108093261719,2
224,graficon17nodi/grafo1009.17,18,17,17,24,24,0.0,0,12,0.005223989486694336,2
225,graficon13nodi/grafo3112.13,18,13,14,20,21,0.0,0,12,0.00406193733215332,2
226,graficon16nodi/grafo1731.16,18,16,19,25,28,0.0,0,27,0.01323556900024414,2
227,graficon16nodi/grafo967.16,18,16,17,26,27,0.0,0,9,0.008533000946044922,2
228,graficon17nodi/grafo1732.17,18,17,20,27,30,0.0,0,34,0.01709580421447754,2
229,graficon20nodi/grafo2272.20,18,20,23,27,30,0.0,0,42,0.01846909523010254,2
230,graficon18nodi/grafo1146.18,18,18,29,29,40,3.0,6,77,0.10799837112426758,2
231,graficon18nodi/grafo2289.18,18,18,20,25,27,0.0,0,31,0.006623744964599609,2
232,graficon16nodi/grafo2420.16,18,16,18,28,30,1.0,1,18,0.014290094375610352,2
233,graficon12nodi/grafo574.12,18,12,19,27,34,1.0,2,32,0.03697633743286133,2
234,graficon21nodi/grafo804.21,18,21,22,28,29,0.0,0,42,0.014617443084716797,2
235,graficon22nodi/grafo694.22,18,22,23,27,28,0.0,0,24,0.007741689682006836,2
236,graficon17nodi/grafo479.17,18,17,23,25,31,3.0,7,96,0.05198216438293457,2
237,graficon18nodi/grafo538.18,18,18,19,25,26,0.0,0,21,0.007186174392700195,2
238,graficon21nodi/grafo2416.21,18,21,24,29,32,1.0,1,23,0.00800323486328125,2
239,graficon17nodi/grafo2418.17,18,17,20,26,29,1.0,2,33,0.04383444786071777,2
240,graficon24nodi/grafo1463.24,18,24,25,25,26,0.0,0,34,0.009569168090820312,2
241,graficon13nodi/grafo1885.13,18,13,16,25,28,0.0,0,29,0.009105205535888672,2
242,graficon11nodi/grafo1697.11,18,11,17,28,34,1.0,2,21,0.030222415924072266,2
243,graficon15nodi/grafo583.15,18,15,19,25,29,1.0,2,46,0.05154132843017578,2
244,graficon19nodi/grafo2951.19,18,19,24,27,32,1.0,1,37,0.014646530151367188,2
245,graficon14nodi/grafo520.14,18,14,22,29,37,0.0,0,53,0.01037907600402832,2
246,graficon17nodi/grafo2594.17,18,17,21,25,29,1.0,2,57,0.0539705753326416,2
247,graficon18nodi/grafo993.18,18,18,23,28,33,2.0,3,49,0.040400028228759766,2
248,graficon21nodi/grafo127.21,18,21,21,26,26,0.0,0,24,0.009327173233032227,2
249,graficon16nodi/grafo400.16,18,16,17,26,27,0.0,0,9,0.006478309631347656,2
250,graficon17nodi/grafo302.17,18,17,19,28,30,0.0,0,18,0.006297111511230469,2
251,graficon21nodi/grafo158.21,18,21,24,29,32,1.0,1,42,0.01824331283569336,2
252,graficon16nodi/grafo540.16,18,16,17,26,27,0.0,0,9,0.0051746368408203125,2
253,graficon13nodi/grafo2303.13,18,13,19,28,34,0.0,0,49,0.011025667190551758,2
254,graficon21nodi/grafo1937.21,18,21,24,26,29,1.0,4,34,0.024491071701049805,2
255,graficon15nodi/grafo778.15,18,15,17,26,28,0.0,0,16,0.004290342330932617,2
256,graficon15nodi/grafo855.15,18,15,17,25,27,0.0,0,16,0.0049822330474853516,2
257,graficon18nodi/grafo1652.18,18,18,20,25,27,0.0,0,24,0.012764453887939453,2
258,graficon13nodi/grafo2659.13,18,13,16,25,28,0.0,0,32,0.014743566513061523,2
259,graficon17nodi/grafo2682.17,18,17,19,26,28,1.0,2,37,0.039850711822509766,2
260,graficon16nodi/grafo1119.16,18,16,22,28,34,1.0,3,56,0.04005289077758789,2
261,graficon14nodi/grafo1870.14,18,14,21,28,35,1.0,3,47,0.04534411430358887,2
262,graficon19nodi/grafo1172.19,18,19,23,26,30,1.0,1,36,0.014652252197265625,2
263,graficon13nodi/grafo511.13,18,13,14,25,26,0.0,0,6,0.0035932064056396484,2
264,graficon18nodi/grafo1648.18,18,18,24,26,32,1.0,5,64,0.05362510681152344,2
265,graficon17nodi/grafo893.17,18,17,21,26,30,0.0,0,77,0.019295454025268555,2
266,graficon17nodi/grafo917.17,18,17,20,28,31,0.0,0,41,0.010397911071777344,2
267,graficon23nodi/grafo2256.23,18,23,26,29,32,0.0,0,32,0.015104532241821289,2
268,graficon18nodi/grafo2556.18,18,18,22,28,32,0.0,0,40,0.013720989227294922,2
269,graficon15nodi/grafo2921.15,18,15,17,27,29,0.0,0,16,0.0050618648529052734,2
270,graficon21nodi/grafo1762.21,18,21,25,25,29,3.0,5,70,0.14296936988830566,2
271,graficon21nodi/grafo1064.21,18,21,26,25,30,2.0,9,48,0.12891769409179688,2
272,graficon18nodi/grafo784.18,18,18,23,25,30,1.0,3,56,0.04818224906921387,2
273,graficon16nodi/grafo2236.16,18,16,20,28,32,1.0,1,45,0.014691591262817383,2
274,graficon17nodi/grafo2345.17,18,17,20,26,29,1.0,1,24,0.008722782135009766,2
275,graficon18nodi/grafo2307.18,18,18,23,26,31,1.0,3,43,0.04300546646118164,2
276,graficon17nodi/grafo1056.17,18,17,22,29,34,1.0,1,33,0.012453317642211914,2
277,graficon18nodi/grafo1152.18,18,18,24,28,34,1.0,1,42,0.017759084701538086,2
278,graficon24nodi/grafo3100.24,18,24,28,26,30,1.0,2,53,0.015161275863647461,2
279,graficon16nodi/grafo279.16,18,16,19,27,30,0.0,0,26,0.011974334716796875,2
280,graficon17nodi/grafo2401.17,18,17,31,28,42,8.0,34,233,0.7428364753723145,2
281,graficon16nodi/grafo2302.16,18,16,20,25,29,1.0,1,25,0.009923458099365234,2
282,graficon16nodi/grafo2525.16,18,16,19,26,29,1.0,1,28,0.009231090545654297,2
283,graficon17nodi/grafo2924.17,18,17,22,28,33,1.0,1,74,0.01490020751953125,2
284,graficon22nodi/grafo167.22,18,22,24,29,31,1.0,1,41,0.017705202102661133,2
285,graficon16nodi/grafo2542.16,18,16,21,26,31,1.0,1,42,0.010790824890136719,2
286,graficon16nodi/grafo2636.16,18,16,22,26,32,2.0,5,33,0.05339646339416504,2
287,graficon17nodi/grafo2758.17,18,17,20,26,29,1.0,1,17,0.011179447174072266,2
288,graficon20nodi/grafo2554.20,18,20,22,25,27,1.0,1,32,0.010979175567626953,2
289,graficon25nodi/grafo2775.25,18,25,26,25,26,2.0,2,65,0.06701469421386719,2
290,graficon19nodi/grafo409.19,18,19,22,25,28,1.0,2,67,0.06119585037231445,2
291,graficon16nodi/grafo2326.16,18,16,21,25,30,1.0,1,56,0.014425277709960938,2
292,graficon14nodi/grafo596.14,18,14,16,27,29,0.0,0,13,0.0042803287506103516,2
293,graficon20nodi/grafo679.20,18,20,25,29,34,1.0,2,48,0.08316612243652344,2
294,graficon23nodi/grafo188.23,18,23,24,27,28,0.0,0,31,0.007044076919555664,2
295,graficon19nodi/grafo2449.19,18,19,24,25,30,2.0,4,48,0.07854652404785156,2
296,graficon23nodi/grafo1038.23,18,23,24,27,28,1.0,1,17,0.005949258804321289,2
297,graficon17nodi/grafo2177.17,18,17,22,26,31,0.0,0,46,0.012600183486938477,2
298,graficon20nodi/grafo786.20,18,20,23,26,29,1.0,2,58,0.044656991958618164,2
299,graficon17nodi/grafo1875.17,18,17,21,28,32,1.0,1,73,0.04055595397949219,2
300,graficon14nodi/grafo796.14,18,14,19,27,32,1.0,3,58,0.03523564338684082,2
301,graficon21nodi/grafo2119.21,18,21,27,32,38,2.0,7,91,0.14322137832641602,2
302,graficon15nodi/grafo1013.15,18,15,23,31,39,1.0,2,75,0.06517314910888672,2
303,graficon17nodi/grafo415.17,18,17,24,33,40,3.0,5,91,0.11655306816101074,2
304,graficon26nodi/grafo578.26,18,26,27,30,31,1.0,1,68,0.0275723934173584,2
305,graficon25nodi/grafo2077.25,18,25,29,31,35,2.0,7,82,0.19743061065673828,2
306,graficon29nodi/grafo2085.29,18,29,30,33,34,0.0,0,29,0.009744882583618164,2
307,graficon19nodi/grafo1834.19,18,19,23,32,36,0.0,0,28,0.00920414924621582,2
308,graficon24nodi/grafo1830.24,18,24,29,34,39,1.0,1,45,0.023064136505126953,2
309,graficon21nodi/grafo245.21,18,21,22,30,31,1.0,1,26,0.011802911758422852,2
310,graficon21nodi/grafo1645.21,18,21,23,30,32,0.0,0,70,0.016233205795288086,2
311,graficon20nodi/grafo1761.20,18,20,26,31,37,0.0,0,55,0.010783672332763672,2
312,graficon26nodi/grafo1805.26,18,26,31,33,38,2.0,5,39,0.07833170890808105,2
313,graficon18nodi/grafo2744.18,18,18,24,34,40,1.0,3,76,0.04629373550415039,2
314,graficon20nodi/grafo2268.20,18,20,24,32,36,1.0,3,50,0.02025604248046875,2
315,graficon25nodi/grafo2837.25,18,25,27,32,34,0.0,0,47,0.011374950408935547,2
316,graficon21nodi/grafo2833.21,18,21,24,30,33,1.0,1,32,0.0139007568359375,2
317,graficon20nodi/grafo3049.20,18,20,24,33,37,2.0,2,45,0.04348492622375488,2
318,graficon26nodi/grafo1799.26,18,26,30,32,36,1.0,3,68,0.0504908561706543,2
319,graficon17nodi/grafo1403.17,18,17,23,30,36,1.0,1,46,0.019959688186645508,2
320,graficon27nodi/grafo2498.27,18,27,32,34,39,2.0,3,68,0.07807135581970215,2
321,graficon22nodi/grafo2819.22,18,22,25,33,36,0.0,0,20,0.0072650909423828125,2
322,graficon16nodi/grafo421.16,18,16,22,33,39,1.0,1,86,0.025242090225219727,2
323,graficon14nodi/grafo1074.14,18,14,19,32,37,1.0,2,35,0.04446864128112793,2
324,graficon24nodi/grafo918.24,18,24,24,32,32,0.0,0,35,0.00842595100402832,2
325,graficon18nodi/grafo1780.18,18,18,24,30,36,1.0,1,43,0.013374567031860352,2
326,graficon29nodi/grafo1198.29,18,29,29,31,31,1.0,1,32,0.011996984481811523,2
327,graficon15nodi/grafo2591.15,18,15,23,31,39,1.0,2,56,0.04907941818237305,2
328,graficon19nodi/grafo924.19,18,19,21,32,34,0.0,0,34,0.009303569793701172,2
329,graficon23nodi/grafo835.23,18,23,27,31,35,2.0,6,58,0.09174203872680664,2
330,graficon17nodi/grafo829.17,18,17,21,33,37,0.0,0,51,0.01846933364868164,2
331,graficon16nodi/grafo1635.16,18,16,25,34,43,1.0,1,72,0.06233811378479004,2
332,graficon14nodi/grafo649.14,18,14,24,32,42,2.0,5,88,0.07607531547546387,2
333,graficon18nodi/grafo1824.18,18,18,23,32,37,1.0,1,21,0.013846158981323242,2
334,graficon26nodi/grafo1629.26,18,26,29,30,33,1.0,1,32,1.133220911026001,2
335,graficon15nodi/grafo1142.15,18,15,24,32,41,1.0,1,91,0.059279441833496094,2
336,graficon22nodi/grafo2410.22,18,22,24,30,32,1.0,1,23,0.011571168899536133,2
337,graficon23nodi/grafo2028.23,18,23,32,32,41,3.0,12,79,0.2693634033203125,2
338,graficon25nodi/grafo1040.25,18,25,32,34,41,3.0,11,104,0.08156847953796387,2
339,graficon17nodi/grafo2494.17,18,17,20,30,33,1.0,1,27,0.007718563079833984,2
340,graficon21nodi/grafo381.21,18,21,23,31,33,1.0,1,33,0.01128077507019043,2
341,graficon19nodi/grafo2425.19,18,19,23,30,34,2.0,2,48,0.06294751167297363,2
342,graficon26nodi/grafo1230.26,18,26,29,30,33,1.0,2,28,0.03676724433898926,2
343,graficon17nodi/grafo1861.17,18,17,21,34,38,1.0,2,24,0.05698728561401367,2
344,graficon27nodi/grafo1232.27,18,27,31,33,37,2.0,7,118,0.35117459297180176,2
345,graficon27nodi/grafo2582.27,18,27,27,34,34,0.0,0,32,0.008862733840942383,2
346,graficon24nodi/grafo2017.24,18,24,28,32,36,1.0,2,59,0.05885004997253418,2
347,graficon32nodi/grafo11636.32,18,32,32,33,33,0.0,0,38,0.0051157474517822266,2
348,graficon19nodi/grafo621.19,18,19,27,30,38,3.0,3,78,0.06525039672851562,2
349,graficon16nodi/grafo2023.16,18,16,20,34,38,1.0,2,27,0.035924673080444336,2
350,graficon23nodi/grafo622.23,18,23,25,33,35,1.0,1,40,0.014734745025634766,2
351,graficon19nodi/grafo2135.19,18,19,23,33,37,1.0,2,41,0.06314229965209961,2
352,graficon15nodi/grafo879.15,18,15,20,30,35,0.0,0,46,0.01595473289489746,2
353,graficon22nodi/grafo1012.22,18,22,24,31,33,0.0,0,45,0.015046358108520508,2
354,graficon20nodi/grafo429.20,18,20,28,34,42,2.0,6,80,0.06473040580749512,2
355,graficon26nodi/grafo1269.26,18,26,28,31,33,0.0,0,77,0.027619600296020508,2
356,graficon17nodi/grafo2520.17,18,17,24,32,39,2.0,7,78,0.08920741081237793,2
357,graficon32nodi/grafo10052.32,18,32,33,34,35,0.0,0,36,0.006144523620605469,2
358,graficon20nodi/grafo874.20,18,20,25,34,39,1.0,1,41,0.02083563804626465,2
359,graficon20nodi/grafo1901.20,18,20,26,33,39,1.0,2,106,0.09378910064697266,2
360,graficon22nodi/grafo2456.22,18,22,26,33,37,0.0,0,43,0.01699090003967285,2
361,graficon17nodi/grafo276.17,18,17,20,31,34,1.0,1,28,0.011882781982421875,2
362,graficon25nodi/grafo575.25,18,25,29,34,38,1.0,2,52,0.06860852241516113,2
363,graficon17nodi/grafo517.17,18,17,23,33,39,1.0,1,52,0.016608715057373047,2
364,graficon19nodi/grafo1900.19,18,19,22,31,34,0.0,0,33,0.006926536560058594,2
365,graficon22nodi/grafo1422.22,18,22,22,30,30,0.0,0,37,0.011539936065673828,2
366,graficon25nodi/grafo862.25,18,25,28,33,36,1.0,1,75,0.04080080986022949,2
367,graficon23nodi/grafo545.23,18,23,28,32,37,1.0,1,31,0.0120849609375,2
368,graficon24nodi/grafo2341.24,18,24,29,34,39,1.0,1,69,0.0196840763092041,2
369,graficon26nodi/grafo1512.26,18,26,30,34,38,1.0,2,67,0.0716860294342041,2
370,graficon18nodi/grafo1626.18,18,18,27,32,41,2.0,8,77,0.10933494567871094,2
371,graficon21nodi/grafo2378.21,18,21,25,31,35,1.0,2,52,0.017400741577148438,2
372,graficon25nodi/grafo2051.25,18,25,26,33,34,0.0,0,17,0.0054035186767578125,2
373,graficon32nodi/grafo9919.32,18,32,32,33,33,0.0,0,38,0.005070209503173828,2
374,graficon18nodi/grafo1940.18,18,18,24,31,37,1.0,1,31,0.014478445053100586,2
375,graficon25nodi/grafo1338.25,18,25,26,34,35,0.0,0,37,0.01636052131652832,2
376,graficon33nodi/grafo11170.33,18,33,42,39,48,1.0,2,70,0.04848194122314453,2
377,graficon23nodi/grafo2966.23,18,23,26,36,39,0.0,0,38,0.009369850158691406,2
378,graficon29nodi/grafo1102.29,18,29,29,37,37,0.0,0,29,0.009104728698730469,2
379,graficon26nodi/grafo1340.26,18,26,31,38,43,2.0,4,68,0.054991960525512695,2
380,graficon22nodi/grafo1850.22,18,22,28,38,44,1.0,1,44,0.022853612899780273,2
381,graficon28nodi/grafo2572.28,18,28,34,38,44,2.0,3,72,0.0832984447479248,2
382,graficon17nodi/grafo420.17,18,17,25,37,45,2.0,3,69,0.05250883102416992,2
383,graficon20nodi/grafo2670.20,18,20,28,36,44,2.0,3,64,0.04719066619873047,2
384,graficon26nodi/grafo2766.26,18,26,32,38,44,1.0,2,42,0.015855789184570312,2
385,graficon29nodi/grafo1333.29,18,29,31,38,40,0.0,0,56,0.02418041229248047,2
386,graficon21nodi/grafo1863.21,18,21,26,35,40,2.0,4,68,0.1111762523651123,2
387,graficon27nodi/grafo1623.27,18,27,30,37,40,1.0,1,29,0.008611679077148438,2
388,graficon33nodi/grafo2828.33,18,33,37,38,42,1.0,3,51,0.03630208969116211,2
389,graficon26nodi/grafo2606.26,18,26,32,36,42,2.0,5,114,0.09005236625671387,2
390,graficon19nodi/grafo2371.19,18,19,24,35,40,0.0,0,63,0.01764059066772461,2
391,graficon25nodi/grafo2700.25,18,25,28,36,39,1.0,2,53,0.016081809997558594,2
392,graficon24nodi/grafo2587.24,18,24,28,36,40,1.0,5,64,0.0637671947479248,2
393,graficon15nodi/grafo947.15,18,15,24,39,48,1.0,3,72,0.06939530372619629,2
394,graficon19nodi/grafo2562.19,18,19,28,36,45,1.0,4,73,0.04733991622924805,2
395,graficon32nodi/grafo11456.32,18,32,33,35,36,1.0,1,43,0.008000612258911133,2
396,graficon27nodi/grafo248.27,18,27,33,38,44,1.0,4,82,0.14955615997314453,2
397,graficon22nodi/grafo2676.22,18,22,26,38,42,0.0,0,39,0.024316072463989258,2
398,graficon32nodi/grafo11607.32,18,32,38,39,45,1.0,4,73,0.0774695873260498,2
399,graficon19nodi/grafo2171.19,18,19,23,35,39,1.0,1,43,0.01616811752319336,2
400,graficon19nodi/grafo1666.19,18,19,28,37,46,1.0,1,95,0.04817318916320801,2
401,graficon33nodi/grafo11210.33,18,33,42,39,48,1.0,2,70,0.052779197692871094,2
402,graficon26nodi/grafo2123.26,18,26,28,35,37,1.0,1,76,0.02751469612121582,2
403,graficon26nodi/grafo3056.26,18,26,36,35,45,3.0,15,147,0.09743881225585938,2
404,graficon30nodi/grafo1582.30,18,30,34,35,39,1.0,2,99,0.0951085090637207,2
405,graficon24nodi/grafo1440.24,18,24,32,37,45,2.0,6,120,0.3810744285583496,2
406,graficon33nodi/grafo9903.33,18,33,42,39,48,1.0,2,70,0.05029487609863281,2
407,graficon23nodi/grafo1557.23,18,23,29,37,43,1.0,2,89,0.08430147171020508,2
408,graficon21nodi/grafo1941.21,18,21,26,37,42,1.0,1,46,0.021088600158691406,2
409,graficon13nodi/grafo317.13,18,13,21,38,46,1.0,2,53,0.056502342224121094,2
410,graficon33nodi/grafo154.33,18,33,34,36,37,0.0,0,60,0.01150965690612793,2
411,graficon31nodi/grafo10007.31,18,31,34,35,38,2.0,4,67,0.1017613410949707,2
412,graficon20nodi/grafo1764.20,18,20,25,37,42,1.0,2,54,0.04043006896972656,2
413,graficon31nodi/grafo5484.31,18,31,32,38,39,1.0,2,37,0.055861711502075195,2
414,graficon27nodi/grafo1286.27,18,27,31,36,40,1.0,2,45,0.019678592681884766,2
415,graficon23nodi/grafo2200.23,18,23,29,38,44,2.0,2,60,0.06095552444458008,2
416,graficon24nodi/grafo872.24,18,24,28,37,41,2.0,2,46,0.018008708953857422,2
417,graficon22nodi/grafo605.22,18,22,26,39,43,0.0,0,58,0.024977684020996094,2
418,graficon29nodi/grafo1034.29,18,29,32,38,41,1.0,1,73,0.02988123893737793,2
419,graficon21nodi/grafo2356.21,18,21,27,35,41,2.0,2,31,0.03422832489013672,2
420,graficon33nodi/grafo10134.33,18,33,34,37,38,1.0,1,35,0.015703916549682617,2
421,graficon32nodi/grafo9867.32,18,32,33,35,36,1.0,1,43,0.007955789566040039,2
422,graficon26nodi/grafo753.26,18,26,28,36,38,1.0,2,28,0.012045860290527344,2
423,graficon21nodi/grafo123.21,18,21,25,38,42,1.0,1,41,0.01668238639831543,2
424,graficon25nodi/grafo1360.25,18,25,30,35,40,3.0,5,70,0.07408404350280762,2
425,graficon27nodi/grafo174.27,18,27,28,36,37,1.0,1,65,0.051988840103149414,2
426,graficon20nodi/grafo251.20,18,20,23,36,39,1.0,1,35,0.021111011505126953,2
427,graficon18nodi/grafo2768.18,18,18,23,35,40,1.0,2,29,0.04795551300048828,2
428,graficon36nodi/grafo2402.36,18,36,38,39,41,0.0,0,73,0.022558927536010742,2
429,graficon30nodi/grafo1237.30,18,30,35,39,44,1.0,1,66,0.02260422706604004,2
430,graficon20nodi/grafo2284.20,18,20,30,37,47,2.0,6,67,0.15637850761413574,2
431,graficon17nodi/grafo1160.17,18,17,23,39,45,1.0,1,66,0.018617868423461914,2
432,graficon27nodi/grafo2721.27,18,27,27,37,37,1.0,1,29,0.01488947868347168,2
433,graficon23nodi/grafo2691.23,18,23,31,39,47,2.0,5,102,0.16660237312316895,2
434,graficon22nodi/grafo2875.22,18,22,27,38,43,1.0,2,53,0.04495429992675781,2
435,graficon33nodi/grafo11130.33,18,33,42,39,48,1.0,2,70,0.05036473274230957,2
436,graficon18nodi/grafo2805.18,18,18,25,36,43,2.0,3,84,0.08678030967712402,2
437,graficon16nodi/grafo2584.16,18,16,22,39,45,1.0,2,31,0.01409006118774414,2
438,graficon17nodi/grafo597.17,18,17,24,36,43,0.0,0,68,0.019080162048339844,2
439,graficon24nodi/grafo1950.24,18,24,27,39,42,1.0,1,51,0.06402039527893066,2
440,graficon25nodi/grafo2067.25,18,25,28,38,41,1.0,1,31,0.02022099494934082,2
441,graficon15nodi/grafo2448.15,18,15,23,38,46,2.0,2,68,0.0268404483795166,2
442,graficon26nodi/grafo1273.26,18,26,27,36,37,0.0,0,68,0.029870986938476562,2
443,graficon32nodi/grafo11397.32,18,32,33,37,38,0.0,0,34,0.010547876358032227,2
444,graficon33nodi/grafo11023.33,18,33,33,36,36,0.0,0,25,0.0061931610107421875,2
445,graficon33nodi/grafo11026.33,18,33,36,39,42,1.0,3,60,0.06113028526306152,2
446,graficon17nodi/grafo945.17,18,17,22,36,41,0.0,0,56,0.018022775650024414,2
447,graficon25nodi/grafo584.25,18,25,29,35,39,2.0,4,107,0.1018533706665039,2
448,graficon12nodi/grafo2426.12,18,12,18,38,44,0.0,0,47,0.0164334774017334,2
449,graficon18nodi/grafo2731.18,18,18,23,35,40,0.0,0,41,0.010016679763793945,2
450,graficon23nodi/grafo2217.23,18,23,29,35,41,3.0,9,54,0.18990325927734375,2
451,graficon26nodi/grafo2108.26,18,26,35,41,50,3.0,10,78,0.18227314949035645,2
452,graficon31nodi/grafo11581.31,18,31,36,42,47,2.0,4,107,0.1598975658416748,2
453,graficon25nodi/grafo1271.25,18,25,30,40,45,2.0,3,77,0.06918954849243164,2
454,graficon31nodi/grafo11454.31,18,31,36,42,47,2.0,4,107,0.16864442825317383,2
455,graficon25nodi/grafo163.25,18,25,37,44,56,5.0,26,199,1.7910685539245605,2
456,graficon19nodi/grafo950.19,18,19,23,43,47,0.0,0,37,0.015349626541137695,2
457,graficon30nodi/grafo1252.30,18,30,34,43,47,0.0,0,59,0.017084360122680664,2
458,graficon27nodi/grafo1217.27,18,27,29,42,44,0.0,0,60,0.01665973663330078,2
459,graficon34nodi/grafo11331.34,18,34,41,43,50,1.0,3,59,0.05321073532104492,2
460,graficon20nodi/grafo1873.20,18,20,27,40,47,2.0,6,62,0.10384821891784668,2
461,graficon34nodi/grafo5197.34,18,34,36,43,45,0.0,0,39,0.014261960983276367,2
462,graficon28nodi/grafo1615.28,18,28,35,43,50,3.0,8,115,0.16260552406311035,2
463,graficon27nodi/grafo3039.27,18,27,31,44,48,1.0,1,55,0.022682666778564453,2
464,graficon37nodi/grafo2519.37,18,37,39,44,46,0.0,0,95,0.08741331100463867,2
465,graficon27nodi/grafo2037.27,18,27,31,42,46,1.0,2,81,0.12562131881713867,2
466,graficon20nodi/grafo1757.20,18,20,25,41,46,1.0,1,43,0.02269887924194336,2
467,graficon23nodi/grafo551.23,18,23,29,43,49,0.0,0,68,0.023784399032592773,2
468,graficon32nodi/grafo10795.32,18,32,35,43,46,1.0,1,99,0.045293569564819336,2
469,graficon33nodi/grafo5994.33,18,33,36,42,45,0.0,0,51,0.01885056495666504,2
470,graficon23nodi/grafo2712.23,18,23,30,40,47,1.0,1,65,0.025201082229614258,2
471,graficon22nodi/grafo1894.22,18,22,30,40,48,1.0,5,89,0.05661201477050781,2
472,graficon28nodi/grafo1190.28,18,28,31,43,46,1.0,3,95,0.09675741195678711,2
473,graficon32nodi/grafo1455.32,18,32,38,43,49,2.0,2,99,0.12356448173522949,2
474,graficon18nodi/grafo1086.18,18,18,26,41,49,1.0,1,67,0.03859305381774902,2
475,graficon34nodi/grafo9918.34,18,34,34,43,43,0.0,0,20,0.005101442337036133,2
476,graficon32nodi/grafo1226.32,18,32,34,43,45,1.0,1,47,0.02379298210144043,2
477,graficon35nodi/grafo7133.35,18,35,38,43,46,2.0,3,62,0.08632898330688477,2
478,graficon34nodi/grafo11544.34,18,34,34,43,43,0.0,0,20,0.004678249359130859,2
479,graficon14nodi/grafo2738.14,18,14,23,40,49,1.0,1,65,0.02704143524169922,2
480,graficon27nodi/grafo2958.27,18,27,32,42,47,0.0,0,48,0.016227006912231445,2
481,graficon31nodi/grafo3686.31,18,31,36,42,47,2.0,4,107,0.16795825958251953,2
482,graficon14nodi/grafo701.14,18,14,20,42,48,1.0,1,43,0.020099163055419922,2
483,graficon33nodi/grafo9921.33,18,33,36,43,46,1.0,1,47,0.02906060218811035,2
484,graficon27nodi/grafo2876.27,18,27,32,41,46,1.0,2,75,0.026090621948242188,2
485,graficon25nodi/grafo1234.25,18,25,33,42,50,1.0,2,105,0.16425490379333496,2
486,graficon26nodi/grafo1285.26,18,26,30,42,46,1.0,2,37,0.047937870025634766,2
487,graficon30nodi/grafo2365.30,18,30,34,40,44,2.0,4,111,0.1859908103942871,2
488,graficon26nodi/grafo798.26,18,26,32,41,47,3.0,5,70,0.16847729682922363,2
489,graficon21nodi/grafo1682.21,18,21,41,43,63,8.0,33,178,1.404421329498291,2
490,graficon32nodi/grafo5244.32,18,32,38,42,48,0.0,0,36,0.016579389572143555,2
491,graficon23nodi/grafo2854.23,18,23,29,44,50,2.0,2,58,0.12985610961914062,2
492,graficon32nodi/grafo1053.32,18,32,41,43,52,2.0,6,178,0.21694397926330566,2
493,graficon21nodi/grafo2756.21,18,21,26,40,45,1.0,2,43,0.05191397666931152,2
494,graficon22nodi/grafo1503.22,18,22,26,44,48,0.0,0,35,0.014195680618286133,2
495,graficon22nodi/grafo2370.22,18,22,28,41,47,1.0,1,37,0.02052903175354004,2
496,graficon23nodi/grafo2769.23,18,23,27,44,48,1.0,2,57,0.05858182907104492,2
497,graficon28nodi/grafo124.28,18,28,29,41,42,1.0,1,38,0.013379335403442383,2
498,graficon31nodi/grafo9916.31,18,31,36,42,47,2.0,4,107,0.16565275192260742,2
499,graficon33nodi/grafo11631.33,18,33,43,41,51,1.0,3,73,0.06218099594116211,2
500,graficon30nodi/grafo1256.30,18,30,33,40,43,0.0,0,53,0.015442609786987305,2
501,graficon32nodi/grafo10231.32,18,32,35,43,46,0.0,0,50,0.012301921844482422,2
502,graficon34nodi/grafo11277.34,18,34,35,41,42,0.0,0,33,0.007721424102783203,2
503,graficon34nodi/grafo2464.34,18,34,38,44,48,2.0,5,105,0.2597029209136963,2
504,graficon27nodi/grafo1199.27,18,27,30,40,43,0.0,0,24,0.006484508514404297,2
505,graficon25nodi/grafo1614.25,18,25,27,41,43,1.0,1,72,0.024382829666137695,2
506,graficon29nodi/grafo1376.29,18,29,34,42,47,1.0,3,87,0.14586663246154785,2
507,graficon35nodi/grafo3480.35,18,35,35,44,44,0.0,0,80,0.0214691162109375,2
508,graficon29nodi/grafo1587.29,18,29,35,42,48,1.0,1,108,0.0543673038482666,2
509,graficon34nodi/grafo6050.34,18,34,41,43,50,2.0,3,56,0.04395341873168945,2
510,graficon25nodi/grafo2755.25,18,25,32,42,49,1.0,5,54,0.25522303581237793,2
511,graficon23nodi/grafo2853.23,18,23,34,40,51,4.0,15,114,0.4012141227722168,2
512,graficon34nodi/grafo10281.34,18,34,41,42,49,1.0,1,63,0.03119516372680664,2
513,graficon34nodi/grafo11630.34,18,34,40,44,50,1.0,1,92,0.038620710372924805,2
514,graficon28nodi/grafo2436.28,18,28,37,44,53,2.0,8,131,0.4738442897796631,2
515,graficon34nodi/grafo9878.34,18,34,39,41,46,1.0,2,66,0.06011795997619629,2
516,graficon32nodi/grafo3901.32,18,32,38,42,48,1.0,3,88,0.07458090782165527,2
517,graficon35nodi/grafo11455.35,18,35,35,42,42,0.0,0,46,0.013902425765991211,2
518,graficon28nodi/grafo296.28,18,28,36,43,51,4.0,11,111,0.22023487091064453,2
519,graficon25nodi/grafo1251.25,18,25,26,40,41,0.0,0,28,0.009987354278564453,2
520,graficon34nodi/grafo11319.34,18,34,40,42,48,2.0,3,85,0.09369754791259766,2
521,graficon34nodi/grafo11660.34,18,34,36,43,45,1.0,1,95,0.042929887771606445,2
522,graficon31nodi/grafo2394.31,18,31,36,43,48,2.0,5,121,0.31045985221862793,2
523,graficon26nodi/grafo1218.26,18,26,28,42,44,0.0,0,62,0.027550697326660156,2
524,graficon37nodi/grafo6342.37,18,37,42,44,49,2.0,7,109,0.34564924240112305,2
525,graficon28nodi/grafo1311.28,18,28,34,42,48,2.0,5,93,0.16659259796142578,2
526,graficon19nodi/grafo1826.19,18,19,27,46,54,2.0,2,69,0.09001469612121582,2
527,graficon14nodi/grafo1951.14,18,14,25,46,57,1.0,3,78,0.10506439208984375,2
528,graficon37nodi/grafo3547.37,18,37,38,49,50,0.0,0,35,0.017717599868774414,2
529,graficon34nodi/grafo11207.34,18,34,38,48,52,2.0,4,65,0.09228253364562988,2
530,graficon31nodi/grafo10887.31,18,31,36,46,51,0.0,0,49,0.03442263603210449,2
531,graficon32nodi/grafo1255.32,18,32,37,46,51,1.0,1,57,0.02759528160095215,2
532,graficon28nodi/grafo1840.28,18,28,34,48,54,1.0,4,58,0.09483981132507324,2
533,graficon21nodi/grafo630.21,18,21,28,45,52,1.0,1,47,0.03068852424621582,2
534,graficon26nodi/grafo3044.26,18,26,34,48,56,1.0,3,82,0.13753342628479004,2
535,graficon23nodi/grafo1806.23,18,23,28,48,53,0.0,0,45,0.027434587478637695,2
536,graficon31nodi/grafo10458.31,18,31,36,46,51,0.0,0,49,0.019134521484375,2
537,graficon35nodi/grafo10620.35,18,35,41,46,52,1.0,3,109,0.16947126388549805,2
538,graficon22nodi/grafo249.22,18,22,31,46,55,1.0,4,92,0.20370960235595703,2
539,graficon32nodi/grafo745.32,18,32,36,45,49,0.0,0,86,0.030740737915039062,2
540,graficon35nodi/grafo5759.35,18,35,39,45,49,1.0,1,32,0.010863542556762695,2
541,graficon33nodi/grafo11516.33,18,33,42,45,54,1.0,4,58,0.2061927318572998,2
542,graficon25nodi/grafo2437.25,18,25,30,48,53,1.0,1,37,0.024000167846679688,2
543,graficon31nodi/grafo1301.31,18,31,40,47,56,2.0,7,126,0.3706371784210205,2
544,graficon38nodi/grafo3332.38,18,38,43,45,50,2.0,2,158,0.18053293228149414,2
545,graficon22nodi/grafo2748.22,18,22,29,45,52,0.0,0,83,0.03199458122253418,2
546,graficon27nodi/grafo1253.27,18,27,32,45,50,1.0,2,117,0.09990644454956055,2
547,graficon36nodi/grafo3862.36,18,36,41,46,51,1.0,4,74,0.07549595832824707,2
548,graficon28nodi/grafo1202.28,18,28,36,45,53,2.0,4,84,0.07877779006958008,2
549,graficon37nodi/grafo5957.37,18,37,39,48,50,0.0,0,142,0.04464221000671387,2
550,graficon38nodi/grafo6734.38,18,38,41,45,48,1.0,1,97,0.10497260093688965,2
551,graficon36nodi/grafo5561.36,18,36,38,47,49,0.0,0,36,0.009169816970825195,2
552,graficon31nodi/grafo10011.31,18,31,36,46,51,0.0,0,49,0.019132614135742188,2
553,graficon36nodi/grafo6066.36,18,36,39,48,51,0.0,0,80,0.054441213607788086,2
554,graficon31nodi/grafo1362.31,18,31,37,45,51,1.0,1,78,0.05271577835083008,2
555,graficon27nodi/grafo1200.27,18,27,36,46,55,0.0,0,113,0.05136370658874512,2
556,graficon39nodi/grafo6087.39,18,39,46,48,55,3.0,9,78,0.24837827682495117,2
557,graficon33nodi/grafo5247.33,18,33,38,46,51,0.0,0,33,0.009029626846313477,2
558,graficon36nodi/grafo6811.36,18,36,44,48,56,1.0,2,52,0.0817568302154541,2
559,graficon23nodi/grafo1798.23,18,23,31,48,56,1.0,3,90,0.06193065643310547,2
560,graficon27nodi/grafo2275.27,18,27,32,46,51,1.0,2,78,0.09802055358886719,2
561,graficon26nodi/grafo2981.26,18,26,36,45,55,2.0,10,139,0.1007070541381836,2
562,graficon36nodi/grafo3414.36,18,36,39,46,49,1.0,2,48,0.0844423770904541,2
563,graficon19nodi/grafo2428.19,18,19,23,45,49,1.0,1,29,0.025781631469726562,2
564,graficon35nodi/grafo10085.35,18,35,41,46,52,2.0,8,92,0.3582489490509033,2
565,graficon32nodi/grafo1379.32,18,32,39,48,55,3.0,3,86,0.09656000137329102,2
566,graficon26nodi/grafo173.26,18,26,31,46,51,1.0,3,74,0.066864013671875,2
567,graficon38nodi/grafo5236.38,18,38,43,49,54,1.0,2,49,0.02480792999267578,2
568,graficon26nodi/grafo2399.26,18,26,31,46,51,1.0,2,82,0.07898402214050293,2
569,graficon31nodi/grafo11421.31,18,31,37,46,52,2.0,4,97,0.12142372131347656,2
570,graficon40nodi/grafo7698.40,18,40,47,49,56,1.0,1,116,0.04959821701049805,2
571,graficon35nodi/grafo1925.35,18,35,36,48,49,0.0,0,71,0.030579328536987305,2
572,graficon25nodi/grafo1319.25,18,25,31,47,53,1.0,3,93,0.11747908592224121,2
573,graficon26nodi/grafo2999.26,18,26,30,45,49,1.0,2,47,0.03493237495422363,2
574,graficon21nodi/grafo1632.21,18,21,26,48,53,0.0,0,35,0.018958330154418945,2
575,graficon32nodi/grafo9975.32,18,32,39,48,55,1.0,4,115,0.14898324012756348,2
576,graficon33nodi/grafo5182.33,18,33,38,49,54,0.0,0,66,0.033710479736328125,2
577,graficon32nodi/grafo11121.32,18,32,40,47,55,2.0,4,84,0.18270134925842285,2
578,graficon35nodi/grafo6642.35,18,35,42,49,56,3.0,5,95,0.1908094882965088,2
579,graficon28nodi/grafo932.28,18,28,35,45,52,1.0,2,76,0.03412461280822754,2
580,graficon34nodi/grafo2578.34,18,34,36,48,50,1.0,1,52,0.03443503379821777,2
581,graficon33nodi/grafo11538.33,18,33,38,47,52,1.0,3,78,0.13094139099121094,2
582,graficon33nodi/grafo10562.33,18,33,39,48,54,1.0,4,103,0.19222259521484375,2
583,graficon35nodi/grafo2815.35,18,35,43,47,55,2.0,9,75,0.3950326442718506,2
584,graficon18nodi/grafo374.18,18,18,25,46,53,0.0,0,59,0.027952909469604492,2
585,graficon34nodi/grafo5148.34,18,34,37,47,50,1.0,1,74,0.035681962966918945,2
586,graficon35nodi/grafo11567.35,18,35,43,45,53,1.0,1,83,0.03465580940246582,2
587,graficon31nodi/grafo1115.31,18,31,43,45,57,2.0,12,241,0.41814684867858887,2
588,graficon34nodi/grafo2363.34,18,34,39,48,53,1.0,3,78,0.07456421852111816,2
589,graficon33nodi/grafo11375.33,18,33,39,48,54,2.0,3,90,0.11816072463989258,2
590,graficon36nodi/grafo5879.36,18,36,42,46,52,2.0,4,101,0.10769367218017578,2
591,graficon35nodi/grafo5820.35,18,35,38,45,48,1.0,1,59,0.0281221866607666,2
592,graficon17nodi/grafo678.17,18,17,25,48,56,1.0,1,58,0.02331829071044922,2
593,graficon32nodi/grafo9954.32,18,32,34,46,48,1.0,1,39,0.011353492736816406,2
594,graficon35nodi/grafo5966.35,18,35,45,47,57,3.0,10,84,0.10892415046691895,2
595,graficon35nodi/grafo5522.35,18,35,40,46,51,3.0,6,103,0.19852948188781738,2
596,graficon22nodi/grafo2807.22,18,22,27,46,51,1.0,2,34,0.058446645736694336,2
597,graficon32nodi/grafo3106.32,18,32,38,48,54,1.0,3,94,0.12207531929016113,2
598,graficon36nodi/grafo5667.36,18,36,40,46,50,0.0,0,47,0.016340017318725586,2
599,graficon31nodi/grafo2262.31,18,31,40,47,56,2.0,3,101,0.14717769622802734,2
600,graficon33nodi/grafo10456.33,18,33,38,48,53,1.0,4,58,0.15573692321777344,2
601,graficon33nodi/grafo1915.33,18,33,44,54,65,1.0,2,160,0.3409459590911865,2
602,graficon36nodi/grafo3304.36,18,36,47,53,64,8.0,15,145,0.8101630210876465,2
603,graficon36nodi/grafo11296.36,18,36,44,50,58,3.0,18,142,0.63511061668396,2
604,graficon37nodi/grafo3729.37,18,37,45,54,62,1.0,3,123,0.115631103515625,2
605,graficon36nodi/grafo2212.36,18,36,41,54,59,1.0,2,98,0.09424757957458496,2
606,graficon31nodi/grafo1989.31,18,31,33,54,56,0.0,0,48,0.02371811866760254,2
607,graficon35nodi/grafo10658.35,18,35,41,50,56,1.0,3,89,0.11191558837890625,2
608,graficon39nodi/grafo5309.39,18,39,46,54,61,1.0,5,152,0.4100515842437744,2
609,graficon34nodi/grafo5495.34,18,34,43,53,62,3.0,7,70,0.492600679397583,2
610,graficon37nodi/grafo3433.37,18,37,42,54,59,1.0,3,86,0.14983463287353516,2
611,graficon34nodi/grafo9882.34,18,34,39,50,55,0.0,0,72,0.030856847763061523,2
612,graficon22nodi/grafo1154.22,18,22,28,50,56,1.0,3,68,0.13715410232543945,2
613,graficon22nodi/grafo1715.22,18,22,34,54,66,1.0,3,134,0.3637125492095947,2
614,graficon36nodi/grafo3282.36,18,36,40,54,58,1.0,2,77,0.21061944961547852,2
615,graficon36nodi/grafo3153.36,18,36,43,53,60,1.0,2,84,0.10323190689086914,2
616,graficon34nodi/grafo4029.34,18,34,40,50,56,1.0,6,92,0.166961669921875,2
617,graficon32nodi/grafo1784.32,18,32,36,52,56,1.0,3,52,0.017256498336791992,2
618,graficon33nodi/grafo2397.33,18,33,39,50,56,2.0,5,78,0.31795501708984375,2
619,graficon39nodi/grafo7363.39,18,39,43,51,55,1.0,3,159,0.20275115966796875,2
620,graficon34nodi/grafo11241.34,18,34,39,50,55,0.0,0,72,0.03060746192932129,2
621,graficon31nodi/grafo1689.31,18,31,34,53,56,0.0,0,57,0.0205233097076416,2
622,graficon39nodi/grafo6808.39,18,39,45,51,57,2.0,6,103,0.14355087280273438,2
623,graficon24nodi/grafo522.24,18,24,30,51,57,2.0,4,105,0.11414384841918945,2
624,graficon25nodi/grafo2016.25,18,25,33,50,58,1.0,2,73,0.08134961128234863,2
625,graficon24nodi/grafo1667.24,18,24,29,50,55,1.0,1,44,0.02020096778869629,2
626,graficon40nodi/grafo5346.40,18,40,44,52,56,1.0,6,84,0.3914179801940918,2
627,graficon34nodi/grafo11531.34,18,34,37,50,53,1.0,1,59,0.0451810359954834,2
628,graficon23nodi/grafo1974.23,18,23,27,54,58,1.0,1,61,0.030319690704345703,2
629,graficon30nodi/grafo1183.30,18,30,39,50,59,2.0,6,105,0.4647214412689209,2
630,graficon35nodi/grafo7366.35,18,35,43,51,59,1.0,1,95,0.0732424259185791,2
631,graficon33nodi/grafo9869.33,18,33,38,50,55,1.0,2,50,0.0637505054473877,2
632,graficon38nodi/grafo3247.38,18,38,43,50,55,1.0,3,91,0.2738685607910156,2
633,graficon36nodi/grafo5319.36,18,36,44,53,61,1.0,2,155,0.2105700969696045,2
634,graficon30nodi/grafo11384.30,18,30,34,50,54,1.0,2,55,0.06518101692199707,2
635,graficon38nodi/grafo3966.38,18,38,42,54,58,1.0,4,88,0.1848926544189453,2
636,graficon32nodi/grafo3012.32,18,32,38,54,60,1.0,3,136,0.14018464088439941,2
637,graficon33nodi/grafo1174.33,18,33,41,53,61,2.0,4,116,0.3284637928009033,2
638,graficon35nodi/grafo11415.35,18,35,43,52,60,1.0,5,98,0.11228132247924805,2
639,graficon36nodi/grafo10746.36,18,36,42,54,60,0.0,0,81,0.030422210693359375,2
640,graficon38nodi/grafo6579.38,18,38,49,54,65,2.0,7,119,0.6302571296691895,2
641,graficon32nodi/grafo10058.32,18,32,40,51,59,1.0,3,76,0.10253596305847168,2
642,graficon34nodi/grafo11614.34,18,34,39,50,55,0.0,0,72,0.0310060977935791,2
643,graficon38nodi/grafo6106.38,18,38,47,53,62,3.0,11,122,1.1147046089172363,2
644,graficon26nodi/grafo309.26,18,26,36,54,64,3.0,6,111,0.17071175575256348,2
645,graficon34nodi/grafo10483.34,18,34,45,50,61,2.0,8,78,0.4816403388977051,2
646,graficon34nodi/grafo3023.34,18,34,42,54,62,1.0,2,99,0.09241056442260742,2
647,graficon35nodi/grafo11423.35,18,35,42,54,61,2.0,4,94,0.03843092918395996,2
648,graficon26nodi/grafo1952.26,18,26,31,54,59,1.0,3,71,0.13259649276733398,2
649,graficon38nodi/grafo5993.38,18,38,44,53,59,1.0,4,75,0.0971524715423584,2
650,graficon17nodi/grafo2227.17,18,17,25,50,58,1.0,2,68,0.10213375091552734,2
651,graficon34nodi/grafo2082.34,18,34,38,54,58,0.0,0,43,0.021943092346191406,2
652,graficon27nodi/grafo1746.27,18,27,38,52,63,2.0,3,108,0.07547616958618164,2
653,graficon33nodi/grafo3214.33,18,33,44,52,63,2.0,14,139,0.90334153175354,2
654,graficon28nodi/grafo3060.28,18,28,36,51,59,1.0,4,56,0.05444526672363281,2
655,graficon24nodi/grafo1158.24,18,24,34,52,62,1.0,6,142,0.5190880298614502,2
656,graficon33nodi/grafo11638.33,18,33,38,53,58,1.0,2,76,0.07194018363952637,2
657,graficon35nodi/grafo7548.35,18,35,42,54,61,1.0,1,108,0.18894243240356445,2
658,graficon34nodi/grafo5827.34,18,34,40,51,57,1.0,2,95,0.12333345413208008,2
659,graficon34nodi/grafo5485.34,18,34,43,52,61,3.0,5,79,0.16896915435791016,2
660,graficon35nodi/grafo6897.35,18,35,47,52,64,2.0,10,116,0.5230834484100342,2
661,graficon34nodi/grafo5498.34,18,34,41,54,61,1.0,4,106,0.17235660552978516,2
662,graficon34nodi/grafo5856.34,18,34,41,50,57,1.0,4,74,0.09140443801879883,2
663,graficon40nodi/grafo4073.40,18,40,42,51,53,1.0,2,130,0.42510032653808594,2
664,graficon36nodi/grafo10619.36,18,36,41,51,56,1.0,1,90,0.04266762733459473,2
665,graficon42nodi/grafo7119.42,18,42,46,50,54,1.0,2,115,0.12810087203979492,2
666,graficon36nodi/grafo11525.36,18,36,45,53,62,3.0,6,69,0.14763426780700684,2
667,graficon35nodi/grafo11234.35,18,35,35,51,51,0.0,0,23,0.008161783218383789,2
668,graficon24nodi/grafo2787.24,18,24,35,51,62,2.0,7,100,0.24613666534423828,2
669,graficon40nodi/grafo3874.40,18,40,46,50,56,1.0,4,155,0.19833731651306152,2
670,graficon28nodi/grafo1569.28,18,28,36,53,61,1.0,1,89,0.042795658111572266,2
671,graficon35nodi/grafo2098.35,18,35,42,50,57,2.0,3,50,0.09319043159484863,2
672,graficon34nodi/grafo2031.34,18,34,42,53,61,1.0,4,112,0.12392306327819824,2
673,graficon30nodi/grafo11667.30,18,30,34,52,56,0.0,0,33,0.03235006332397461,2
674,graficon30nodi/grafo1345.30,18,30,44,50,64,3.0,15,282,1.0732853412628174,2
675,graficon29nodi/grafo2054.29,18,29,35,50,56,1.0,2,46,0.0378262996673584,2
676,graficon41nodi/grafo4004.41,18,41,48,57,64,2.0,5,76,0.19061779975891113,2
677,graficon37nodi/grafo2224.37,18,37,45,58,66,3.0,11,142,1.046156406402588,2
678,graficon34nodi/grafo6076.34,18,34,44,56,66,1.0,2,121,0.12362480163574219,2
679,graficon40nodi/grafo5714.40,18,40,52,59,71,3.0,18,190,1.4563217163085938,2
680,graficon38nodi/grafo9968.38,18,38,44,55,61,1.0,1,63,0.04029273986816406,2
681,graficon28nodi/grafo1201.28,18,28,38,58,68,2.0,5,109,0.16845202445983887,2
682,graficon35nodi/grafo10708.35,18,35,46,55,66,4.0,19,198,1.3978960514068604,2
683,graficon21nodi/grafo433.21,18,21,28,55,62,1.0,5,70,0.08721280097961426,2
684,graficon34nodi/grafo5143.34,18,34,40,57,63,1.0,1,50,0.013100862503051758,2
685,graficon36nodi/grafo11677.36,18,36,49,56,69,2.0,8,114,0.4013073444366455,2
686,graficon37nodi/grafo3125.37,18,37,42,58,63,1.0,2,45,0.061300039291381836,2
687,graficon37nodi/grafo7307.37,18,37,47,55,65,1.0,3,77,0.07668733596801758,2
688,graficon37nodi/grafo6450.37,18,37,46,57,66,2.0,4,69,0.11382365226745605,2
689,graficon39nodi/grafo3679.39,18,39,43,56,60,2.0,5,93,0.5389935970306396,2
690,graficon38nodi/grafo6656.38,18,38,46,57,65,1.0,3,120,0.19433021545410156,2
691,graficon34nodi/grafo11409.34,18,34,35,56,57,1.0,1,44,0.021782636642456055,2
692,graficon38nodi/grafo6939.38,18,38,51,57,70,3.0,12,140,0.4393179416656494,2
693,graficon33nodi/grafo2687.33,18,33,46,56,69,3.0,15,233,1.1995439529418945,2
694,graficon38nodi/grafo3351.38,18,38,46,55,63,2.0,7,107,0.2187962532043457,2
695,graficon37nodi/grafo7087.37,18,37,44,59,66,1.0,2,82,0.1498398780822754,2
696,graficon36nodi/grafo11468.36,18,36,47,58,69,4.0,20,173,1.7433242797851562,2
697,graficon31nodi/grafo1946.31,18,31,38,59,66,1.0,3,55,0.08263754844665527,2
698,graficon32nodi/grafo1908.32,18,32,39,55,62,1.0,3,104,0.2306218147277832,2
699,graficon40nodi/grafo3255.40,18,40,46,56,62,2.0,8,105,0.2980835437774658,2
700,graficon37nodi/grafo5301.37,18,37,44,58,65,1.0,3,77,0.15950655937194824,2
701,graficon35nodi/grafo5613.35,18,35,46,57,68,2.0,11,171,0.5024380683898926,2
702,graficon35nodi/grafo2990.35,18,35,48,59,72,3.0,13,117,1.0189769268035889,2
703,graficon43nodi/grafo6878.43,18,43,48,56,61,1.0,5,73,0.3868989944458008,2
704,graficon27nodi/grafo1390.27,18,27,39,57,69,4.0,10,124,0.17204618453979492,2
705,graficon36nodi/grafo6227.36,18,36,46,59,69,2.0,8,150,0.6213994026184082,2
706,graficon39nodi/grafo3830.39,18,39,50,58,69,2.0,6,170,0.3624577522277832,2
707,graficon37nodi/grafo6796.37,18,37,49,57,69,2.0,7,151,0.4071831703186035,2
708,graficon33nodi/grafo5872.33,18,33,39,57,63,1.0,2,50,0.07730627059936523,2
709,graficon36nodi/grafo6071.36,18,36,43,59,66,1.0,3,63,0.08848977088928223,2
710,graficon36nodi/grafo2465.36,18,36,44,58,66,3.0,5,132,0.44162774085998535,2
711,graficon38nodi/grafo7362.38,18,38,44,59,65,1.0,3,81,0.08990144729614258,2
712,graficon38nodi/grafo7290.38,18,38,47,58,67,2.0,8,152,0.60148024559021,2
713,graficon42nodi/grafo3239.42,18,42,48,56,62,1.0,4,146,0.23907470703125,2
714,graficon44nodi/grafo3040.44,18,44,50,59,65,1.0,5,103,0.2340402603149414,2
715,graficon39nodi/grafo11577.39,18,39,49,55,65,2.0,9,117,0.6008396148681641,2
716,graficon40nodi/grafo4081.40,18,40,46,56,62,3.0,12,152,1.0090382099151611,2
717,graficon42nodi/grafo6381.42,18,42,50,59,67,1.0,4,98,0.11189031600952148,2
718,graficon41nodi/grafo10067.41,18,41,47,58,64,2.0,3,73,0.10889267921447754,2
719,graficon37nodi/grafo11622.37,18,37,49,59,71,1.0,5,76,0.20934319496154785,2
720,graficon32nodi/grafo1992.32,18,32,36,57,61,1.0,2,70,0.08820152282714844,2
721,graficon38nodi/grafo6467.38,18,38,43,59,64,1.0,2,64,0.07354164123535156,2
722,graficon40nodi/grafo6922.40,18,40,47,59,66,2.0,5,98,0.3388078212738037,2
723,graficon34nodi/grafo5303.34,18,34,44,59,69,1.0,2,91,0.15313410758972168,2
724,graficon34nodi/grafo11396.34,18,34,35,55,56,0.0,0,32,0.010721921920776367,2
725,graficon39nodi/grafo5122.39,18,39,51,59,71,5.0,15,234,1.3186500072479248,2
726,graficon42nodi/grafo6223.42,18,42,45,59,62,1.0,2,68,0.12310934066772461,2
727,graficon40nodi/grafo2627.40,18,40,49,56,65,1.0,7,121,0.3982272148132324,2
728,graficon41nodi/grafo6876.41,18,41,50,58,67,2.0,5,95,0.2154369354248047,2
729,graficon35nodi/grafo11548.35,18,35,46,55,66,4.0,19,198,1.385054588317871,2
730,graficon31nodi/grafo1637.31,18,31,41,56,66,2.0,10,125,0.7282915115356445,2
731,graficon38nodi/grafo3437.38,18,38,45,57,64,3.0,9,109,0.5988028049468994,2
732,graficon35nodi/grafo10135.35,18,35,43,55,63,3.0,7,121,0.23354697227478027,2
733,graficon38nodi/grafo2960.38,18,38,48,56,66,3.0,13,139,1.0232584476470947,2
734,graficon35nodi/grafo3720.35,18,35,46,59,70,3.0,6,141,0.5819413661956787,2
735,graficon36nodi/grafo6233.36,18,36,47,56,67,2.0,8,99,0.38536787033081055,2
736,graficon24nodi/grafo1966.24,18,24,34,58,68,1.0,2,88,0.12574410438537598,2
737,graficon38nodi/grafo3681.38,18,38,48,56,66,3.0,6,121,0.6040656566619873,2
738,graficon36nodi/grafo5970.36,18,36,46,57,67,3.0,10,155,1.324646234512329,2
739,graficon26nodi/grafo1272.26,18,26,34,56,64,1.0,1,96,0.07691335678100586,2
740,graficon32nodi/grafo2968.32,18,32,41,55,64,2.0,8,113,0.21929597854614258,2
741,graficon34nodi/grafo5917.34,18,34,41,58,65,2.0,2,65,0.07059788703918457,2
742,graficon35nodi/grafo11344.35,18,35,40,55,60,1.0,3,84,0.0831458568572998,2
743,graficon47nodi/grafo1531.47,18,47,54,58,65,1.0,2,168,0.20159316062927246,2
744,graficon36nodi/grafo5264.36,18,36,41,59,64,0.0,0,71,0.029781341552734375,2
745,graficon36nodi/grafo7306.36,18,36,48,55,67,8.0,30,260,7.15044641494751,2
746,graficon34nodi/grafo3124.34,18,34,43,56,65,2.0,8,111,0.5722143650054932,2
747,graficon35nodi/grafo11633.35,18,35,46,56,67,2.0,7,128,0.7258803844451904,2
748,graficon40nodi/grafo6115.40,18,40,46,57,63,2.0,5,81,0.08188796043395996,2
749,graficon37nodi/grafo3554.37,18,37,41,57,61,0.0,0,71,0.039090633392333984,2
750,graficon36nodi/grafo10229.36,18,36,46,58,68,2.0,5,91,0.11616063117980957,2
751,graficon33nodi/grafo598.33,18,33,49,63,79,5.0,23,225,2.4467055797576904,2
752,graficon44nodi/grafo7435.44,18,44,53,63,72,2.0,4,98,0.1611034870147705,2
753,graficon40nodi/grafo6485.40,18,40,51,62,73,6.0,15,114,1.8669404983520508,2
754,graficon35nodi/grafo6035.35,18,35,50,61,76,2.0,9,190,0.2969856262207031,2
755,graficon38nodi/grafo7531.38,18,38,44,61,67,2.0,3,99,0.08943438529968262,2
756,graficon37nodi/grafo11473.37,18,37,42,61,66,1.0,1,58,0.035887718200683594,2
757,graficon33nodi/grafo5821.33,18,33,43,62,72,1.0,4,90,0.035223960876464844,2
758,graficon39nodi/grafo5308.39,18,39,49,64,74,2.0,7,96,0.2501049041748047,2
759,graficon33nodi/grafo10454.33,18,33,41,61,69,1.0,3,74,0.10939574241638184,2
760,graficon42nodi/grafo7704.42,18,42,51,63,72,3.0,10,140,0.9466211795806885,2
761,graficon33nodi/grafo2654.33,18,33,49,64,80,3.0,14,156,1.0724472999572754,2
762,graficon36nodi/grafo11077.36,18,36,40,63,67,1.0,1,65,0.0372166633605957,2
763,graficon37nodi/grafo5888.37,18,37,50,60,73,2.0,9,104,0.39853715896606445,2
764,graficon33nodi/grafo10732.33,18,33,37,60,64,1.0,1,77,0.0837242603302002,2
765,graficon25nodi/grafo2301.25,18,25,37,61,73,1.0,1,103,0.07889866828918457,2
766,graficon43nodi/grafo7428.43,18,43,52,60,69,1.0,6,132,0.22852015495300293,2
767,graficon32nodi/grafo2991.32,18,32,43,61,72,2.0,6,161,0.36534762382507324,2
768,graficon41nodi/grafo3498.41,18,41,53,63,75,3.0,13,138,1.1991593837738037,2
769,graficon36nodi/grafo11414.36,18,36,47,62,73,2.0,9,98,0.22843527793884277,2
770,graficon35nodi/grafo10841.35,18,35,45,62,72,2.0,9,130,0.3188140392303467,2
771,graficon38nodi/grafo2959.38,18,38,48,61,71,2.0,7,100,0.36559486389160156,2
772,graficon30nodi/grafo359.30,18,30,37,60,67,2.0,4,55,0.12982916831970215,2
773,graficon37nodi/grafo1555.37,18,37,48,61,72,4.0,15,123,1.9269554615020752,2
774,graficon37nodi/grafo2398.37,18,37,47,64,74,3.0,10,148,0.5544171333312988,2
775,graficon40nodi/grafo2729.40,18,40,46,64,70,1.0,4,99,0.2756824493408203,2
776,graficon42nodi/grafo3325.42,18,42,52,64,74,3.0,5,141,0.5285298824310303,2
777,graficon36nodi/grafo10462.36,18,36,40,61,65,0.0,0,34,0.020633459091186523,2
778,graficon39nodi/grafo7630.39,18,39,46,62,69,2.0,8,106,0.6462154388427734,2
779,graficon30nodi/grafo2012.30,18,30,46,64,80,3.0,16,202,1.9052021503448486,2
780,graficon48nodi/grafo1669.48,18,48,59,62,73,3.0,15,284,1.969938039779663,2
781,graficon40nodi/grafo3116.40,18,40,47,64,71,2.0,5,152,0.20071721076965332,2
782,graficon41nodi/grafo4047.41,18,41,48,63,70,1.0,1,104,0.10613751411437988,2
783,graficon44nodi/grafo3971.44,18,44,48,64,68,1.0,2,99,0.25089573860168457,2
784,graficon36nodi/grafo6093.36,18,36,43,63,70,1.0,7,69,0.3694934844970703,2
785,graficon39nodi/grafo6244.39,18,39,52,64,77,4.0,12,219,1.243039846420288,2
786,graficon34nodi/grafo5991.34,18,34,41,60,67,1.0,2,89,0.13611292839050293,2
787,graficon38nodi/grafo5998.38,18,38,44,60,66,1.0,1,88,0.07392215728759766,2
788,graficon32nodi/grafo5807.32,18,32,41,64,73,1.0,2,64,0.11894536018371582,2
789,graficon29nodi/grafo2811.29,18,29,40,62,73,2.0,9,93,0.4296255111694336,2
790,graficon33nodi/grafo11643.33,18,33,37,60,64,1.0,1,77,0.08327078819274902,2
791,graficon45nodi/grafo7711.45,18,45,53,64,72,1.0,3,82,0.29799914360046387,2
792,graficon35nodi/grafo3483.35,18,35,41,61,67,1.0,4,76,0.14089560508728027,2
793,graficon37nodi/grafo7410.37,18,37,51,61,75,3.0,15,126,0.9997646808624268,2
794,graficon39nodi/grafo3792.39,18,39,49,61,71,2.0,7,138,0.6343033313751221,2
795,graficon46nodi/grafo7281.46,18,46,54,61,69,2.0,9,148,0.5439543724060059,2
796,graficon41nodi/grafo7033.41,18,41,48,60,67,2.0,8,118,0.6568694114685059,2
797,graficon37nodi/grafo6905.37,18,37,48,63,74,2.0,11,103,0.746732234954834,2
798,graficon33nodi/grafo1668.33,18,33,41,63,71,2.0,6,74,0.3937246799468994,2
799,graficon43nodi/grafo4042.43,18,43,47,60,64,0.0,0,100,0.06664252281188965,2
800,graficon37nodi/grafo3728.37,18,37,47,63,73,2.0,6,97,0.5611870288848877,2
801,graficon37nodi/grafo6219.37,18,37,45,62,70,2.0,4,114,0.1598358154296875,2
802,graficon37nodi/grafo2761.37,18,37,45,60,68,2.0,5,141,0.13905000686645508,2
803,graficon35nodi/grafo6010.35,18,35,44,60,69,2.0,8,115,0.44422483444213867,2
804,graficon41nodi/grafo5637.41,18,41,49,61,69,2.0,5,145,0.34357476234436035,2
805,graficon36nodi/grafo5783.36,18,36,46,62,72,2.0,6,95,0.3937652111053467,2
806,graficon42nodi/grafo5250.42,18,42,51,64,73,2.0,7,117,0.5256972312927246,2
807,graficon38nodi/grafo11452.38,18,38,50,62,74,4.0,17,159,2.3803141117095947,2
808,graficon41nodi/grafo11172.41,18,41,51,62,72,2.0,8,128,0.6176223754882812,2
809,graficon37nodi/grafo7650.37,18,37,52,63,78,2.0,9,216,0.5130865573883057,2
810,graficon33nodi/grafo11527.33,18,33,40,62,69,1.0,3,98,0.11234116554260254,2
811,graficon40nodi/grafo6142.40,18,40,49,64,73,2.0,8,111,0.7530078887939453,2
812,graficon36nodi/grafo5809.36,18,36,45,63,72,3.0,8,149,0.5427017211914062,2
813,graficon40nodi/grafo5426.40,18,40,50,62,72,3.0,14,268,4.57973313331604,2
814,graficon34nodi/grafo3076.34,18,34,39,61,66,1.0,2,58,0.15108752250671387,2
815,graficon39nodi/grafo7374.39,18,39,51,62,74,3.0,17,168,2.4552061557769775,2
816,graficon40nodi/grafo7706.40,18,40,51,60,71,4.0,14,170,0.8096649646759033,2
817,graficon44nodi/grafo3602.44,18,44,53,62,71,4.0,12,215,1.1482136249542236,2
818,graficon43nodi/grafo7484.43,18,43,49,63,69,1.0,4,135,0.3576200008392334,2
819,graficon37nodi/grafo11410.37,18,37,45,64,72,2.0,4,86,0.10506701469421387,2
820,graficon35nodi/grafo6104.35,18,35,40,63,68,1.0,1,87,0.09904336929321289,2
821,graficon36nodi/grafo5360.36,18,36,44,62,70,2.0,6,77,0.3245248794555664,2
822,graficon38nodi/grafo5222.38,18,38,43,62,67,2.0,3,96,0.21995162963867188,2
823,graficon36nodi/grafo11309.36,18,36,46,61,71,2.0,12,166,0.6645641326904297,2
824,graficon36nodi/grafo5457.36,18,36,43,61,68,2.0,4,63,0.16020464897155762,2
825,graficon37nodi/grafo7092.37,18,37,47,61,71,5.0,18,230,3.0842649936676025,2
826,graficon38nodi/grafo1999.38,18,38,45,68,75,1.0,2,75,0.07583045959472656,2
827,graficon38nodi/grafo7684.38,18,38,54,68,84,4.0,15,224,1.6091632843017578,2
828,graficon43nodi/grafo3669.43,18,43,52,67,76,1.0,6,227,0.6271958351135254,2
829,graficon40nodi/grafo11665.40,18,40,48,68,76,2.0,9,98,0.7165250778198242,2
830,graficon39nodi/grafo10234.39,18,39,51,69,81,3.0,13,117,0.6634855270385742,2
831,graficon40nodi/grafo6382.40,18,40,52,65,77,3.0,12,167,0.6380858421325684,2
832,graficon44nodi/grafo7013.44,18,44,53,69,78,1.0,1,105,0.061290740966796875,2
833,graficon37nodi/grafo3341.37,18,37,50,66,79,3.0,12,216,0.9395577907562256,2
834,graficon40nodi/grafo5504.40,18,40,53,66,79,2.0,10,161,0.826249361038208,2
835,graficon44nodi/grafo1219.44,18,44,48,66,70,0.0,0,65,0.030478715896606445,2
836,graficon29nodi/grafo3034.29,18,29,40,65,76,1.0,4,168,0.2139294147491455,2
837,graficon44nodi/grafo3831.44,18,44,52,67,75,3.0,8,183,1.4434003829956055,2
838,graficon35nodi/grafo3068.35,18,35,50,67,82,3.0,16,204,1.8222706317901611,2
839,graficon40nodi/grafo9898.40,18,40,50,68,78,2.0,9,91,0.4591255187988281,2
840,graficon37nodi/grafo6847.37,18,37,47,67,77,1.0,2,140,0.18472814559936523,2
841,graficon40nodi/grafo5327.40,18,40,47,68,75,2.0,4,117,0.2783315181732178,2
842,graficon44nodi/grafo6266.44,18,44,60,68,84,3.0,23,201,3.6451494693756104,2
843,graficon39nodi/grafo6848.39,18,39,52,67,80,3.0,8,178,0.7025930881500244,2
844,graficon30nodi/grafo2030.30,18,30,44,66,80,3.0,14,154,1.2641534805297852,2
845,graficon40nodi/grafo6167.40,18,40,57,66,83,3.0,22,233,3.5835020542144775,2
846,graficon39nodi/grafo2148.39,18,39,45,67,73,1.0,3,103,0.13727784156799316,2
847,graficon36nodi/grafo3734.36,18,36,46,67,77,1.0,6,210,0.7013981342315674,2
848,graficon39nodi/grafo5789.39,18,39,58,69,88,4.0,24,150,3.7808737754821777,2
849,graficon29nodi/grafo1284.29,18,29,40,65,76,2.0,6,140,0.43962597846984863,2
850,graficon45nodi/grafo7024.45,18,45,50,65,70,1.0,5,76,0.18910455703735352,2
851,graficon33nodi/grafo5203.33,18,33,41,68,76,1.0,5,64,0.08228468894958496,2
852,graficon34nodi/grafo6218.34,18,34,40,65,71,1.0,3,76,0.10799741744995117,2
853,graficon43nodi/grafo7073.43,18,43,51,69,77,2.0,7,116,0.43146419525146484,2
854,graficon42nodi/grafo5867.42,18,42,52,69,79,4.0,12,237,1.1400954723358154,2
855,graficon36nodi/grafo7509.36,18,36,45,69,78,2.0,6,88,0.7315464019775391,2
856,graficon37nodi/grafo7743.37,18,37,55,68,86,3.0,21,255,2.3244853019714355,2
857,graficon44nodi/grafo6915.44,18,44,58,68,82,5.0,17,141,1.3857195377349854,2
858,graficon40nodi/grafo7570.40,18,40,52,68,80,2.0,14,165,1.150130033493042,2
859,graficon33nodi/grafo5787.33,18,33,40,66,73,1.0,2,44,0.09097957611083984,2
860,graficon34nodi/grafo11517.34,18,34,44,69,79,1.0,5,123,0.616558313369751,2
861,graficon49nodi/grafo1560.49,18,49,59,68,78,3.0,9,120,0.5499780178070068,2
862,graficon47nodi/grafo3121.47,18,47,54,65,72,1.0,3,204,0.45943617820739746,2
863,graficon38nodi/grafo2052.38,18,38,50,67,79,4.0,14,97,1.0080482959747314,2
864,graficon41nodi/grafo3794.41,18,41,52,65,76,3.0,18,174,0.7756469249725342,2
865,graficon38nodi/grafo3964.38,18,38,48,69,79,2.0,6,160,0.4525289535522461,2
866,graficon39nodi/grafo7264.39,18,39,51,67,79,6.0,20,153,2.066023349761963,2
867,graficon38nodi/grafo3752.38,18,38,46,65,73,2.0,4,108,0.39001035690307617,2
868,graficon37nodi/grafo3576.37,18,37,49,69,81,3.0,13,173,1.1967008113861084,2
869,graficon38nodi/grafo5949.38,18,38,50,66,78,2.0,4,194,0.5406463146209717,2
870,graficon29nodi/grafo2639.29,18,29,43,67,81,3.0,6,229,0.3037559986114502,2
871,graficon38nodi/grafo11575.38,18,38,46,66,74,3.0,11,106,0.7706120014190674,2
872,graficon38nodi/grafo3321.38,18,38,53,66,81,2.0,16,188,1.1739261150360107,2
873,graficon31nodi/grafo1429.31,18,31,45,65,79,3.0,14,182,1.2802488803863525,2
874,graficon38nodi/grafo4013.38,18,38,49,67,78,2.0,9,132,0.6098411083221436,2
875,graficon28nodi/grafo1339.28,18,28,41,67,80,3.0,15,186,0.7490079402923584,2
876,graficon35nodi/grafo2020.35,18,35,43,68,76,1.0,1,90,0.06498861312866211,2
877,graficon40nodi/grafo7409.40,18,40,48,65,73,2.0,5,95,0.13147211074829102,2
878,graficon42nodi/grafo6141.42,18,42,53,68,79,3.0,13,106,1.3503963947296143,2
879,graficon38nodi/grafo3932.38,18,38,48,69,79,1.0,5,166,0.30242347717285156,2
880,graficon38nodi/grafo2986.38,18,38,50,67,79,4.0,17,145,2.5111782550811768,2
881,graficon42nodi/grafo5771.42,18,42,51,68,77,2.0,5,125,0.57865309715271,2
882,graficon45nodi/grafo7734.45,18,45,55,68,78,3.0,13,140,1.491084337234497,2
883,graficon42nodi/grafo3094.42,18,42,49,69,76,1.0,2,115,0.16926312446594238,2
884,graficon38nodi/grafo819.38,18,38,49,68,79,4.0,13,149,0.7475271224975586,2
885,graficon39nodi/grafo6923.39,18,39,48,67,76,2.0,10,164,1.0459051132202148,2
886,graficon33nodi/grafo10400.33,18,33,38,68,73,1.0,1,75,0.10512089729309082,2
887,graficon36nodi/grafo11346.36,18,36,49,69,82,2.0,12,110,0.2919278144836426,2
888,graficon39nodi/grafo11565.39,18,39,45,65,71,1.0,4,69,0.1905651092529297,2
889,graficon50nodi/grafo1494.50,18,50,57,68,75,2.0,9,132,0.8976545333862305,2
890,graficon38nodi/grafo10455.38,18,38,42,67,71,1.0,1,51,0.030161380767822266,2
891,graficon38nodi/grafo9852.38,18,38,48,66,76,2.0,7,126,0.44182395935058594,2
892,graficon45nodi/grafo5975.45,18,45,52,66,73,2.0,5,122,0.516197919845581,2
893,graficon39nodi/grafo4061.39,18,39,47,69,77,3.0,5,104,0.16912508010864258,2
894,graficon40nodi/grafo6955.40,18,40,52,69,81,3.0,8,162,0.9746077060699463,2
895,graficon41nodi/grafo7624.41,18,41,54,69,82,5.0,11,250,2.7872912883758545,2
896,graficon35nodi/grafo6116.35,18,35,43,69,77,1.0,5,95,0.23902153968811035,2
897,graficon51nodi/grafo1404.51,18,51,70,69,88,7.0,38,352,10.016344547271729,2
898,graficon36nodi/grafo7553.36,18,36,52,69,85,2.0,15,159,1.2040915489196777,2
899,graficon40nodi/grafo3711.40,18,40,53,68,81,2.0,3,188,0.2921581268310547,2
900,graficon37nodi/grafo2099.37,18,37,44,69,76,0.0,0,64,0.05238080024719238,2
901,graficon40nodi/grafo3916.40,18,40,51,71,82,3.0,6,137,0.779749870300293,2
902,graficon39nodi/grafo227.39,18,39,47,72,80,1.0,4,109,0.27568840980529785,2
903,graficon44nodi/grafo7217.44,18,44,53,70,79,2.0,7,162,0.4840676784515381,2
904,graficon35nodi/grafo10277.35,18,35,45,71,81,2.0,8,167,0.6357393264770508,2
905,graficon37nodi/grafo2678.37,18,37,45,74,82,1.0,2,112,0.23620343208312988,2
906,graficon44nodi/grafo3432.44,18,44,55,72,83,1.0,9,102,0.2604377269744873,2
907,graficon43nodi/grafo7404.43,18,43,55,73,85,2.0,9,187,0.9434776306152344,2
908,graficon47nodi/grafo6168.47,18,47,50,70,73,1.0,1,148,0.07889318466186523,2
909,graficon44nodi/grafo5590.44,18,44,49,72,77,1.0,1,65,0.03821754455566406,2
910,graficon37nodi/grafo3954.37,18,37,50,70,83,3.0,12,134,0.8136043548583984,2
911,graficon40nodi/grafo490.40,18,40,45,71,76,1.0,1,61,0.035460472106933594,2
912,graficon38nodi/grafo3708.38,18,38,53,74,89,2.0,8,170,0.44884681701660156,2
913,graficon34nodi/grafo10511.34,18,34,41,71,78,2.0,3,88,0.17519164085388184,2
914,graficon39nodi/grafo11357.39,18,39,48,71,80,2.0,8,107,0.33231472969055176,2
915,graficon49nodi/grafo6373.49,18,49,56,73,80,2.0,10,148,0.8682739734649658,2
916,graficon41nodi/grafo7372.41,18,41,55,71,85,3.0,14,320,4.252830743789673,2
917,graficon47nodi/grafo3806.47,18,47,52,71,76,1.0,3,118,0.21255016326904297,2
918,graficon40nodi/grafo7285.40,18,40,56,70,86,4.0,20,244,3.739196538925171,2
919,graficon36nodi/grafo5124.36,18,36,43,70,77,2.0,4,102,1.4008958339691162,2
920,graficon38nodi/grafo3457.38,18,38,43,70,75,1.0,1,64,0.05156254768371582,2
921,graficon40nodi/grafo3539.40,18,40,57,72,89,3.0,20,194,1.3353028297424316,2
922,graficon39nodi/grafo3391.39,18,39,61,71,93,8.0,38,319,5.742161512374878,2
923,graficon38nodi/grafo6480.38,18,38,50,70,82,2.0,11,126,0.7193953990936279,2
924,graficon42nodi/grafo3820.42,18,42,52,70,80,2.0,5,134,0.5130927562713623,2
925,graficon40nodi/grafo11283.40,18,40,52,74,86,3.0,11,122,0.9420831203460693,2
926,graficon48nodi/grafo1535.48,18,48,53,72,77,1.0,1,107,0.0459444522857666,2
927,graficon44nodi/grafo11640.44,18,44,59,73,88,3.0,15,204,1.8980767726898193,2
928,graficon30nodi/grafo1810.30,18,30,40,73,83,2.0,4,120,0.30498170852661133,2
929,graficon38nodi/grafo10767.38,18,38,50,72,84,2.0,7,240,1.0541906356811523,2
930,graficon39nodi/grafo10062.39,18,39,44,74,79,2.0,5,68,0.32183361053466797,2
931,graficon42nodi/grafo6171.42,18,42,59,73,90,3.0,18,198,2.635411500930786,2
932,graficon41nodi/grafo7074.41,18,41,50,72,81,1.0,1,129,0.06663250923156738,2
933,graficon42nodi/grafo6304.42,18,42,55,73,86,3.0,13,259,0.6726562976837158,2
934,graficon43nodi/grafo3801.43,18,43,52,70,79,1.0,5,97,0.1580507755279541,2
935,graficon40nodi/grafo3538.40,18,40,46,72,78,1.0,3,92,0.3371317386627197,2
936,graficon38nodi/grafo10567.38,18,38,47,74,83,3.0,9,190,1.1877250671386719,2
937,graficon37nodi/grafo3445.37,18,37,46,73,82,2.0,7,73,0.3377234935760498,2
938,graficon37nodi/grafo11122.37,18,37,44,74,81,2.0,7,84,0.5173137187957764,2
939,graficon35nodi/grafo3499.35,18,35,47,70,82,4.0,9,119,0.3718900680541992,2
940,graficon42nodi/grafo7296.42,18,42,56,73,87,3.0,11,150,0.7128944396972656,2
941,graficon38nodi/grafo10027.38,18,38,50,74,86,2.0,9,137,0.5302140712738037,2
942,graficon40nodi/grafo6207.40,18,40,52,72,84,3.0,11,162,0.8809552192687988,2
943,graficon35nodi/grafo3006.35,18,35,44,70,79,1.0,3,105,0.15880370140075684,2
944,graficon56nodi/grafo5979.56,18,56,69,72,85,4.0,21,424,6.467726230621338,2
945,graficon39nodi/grafo7283.39,18,39,50,74,85,4.0,11,210,1.5104448795318604,2
946,graficon40nodi/grafo3229.40,18,40,48,74,82,1.0,3,81,0.20685672760009766,2
947,graficon37nodi/grafo2528.37,18,37,50,70,83,2.0,6,140,0.6406736373901367,2
948,graficon40nodi/grafo2963.40,18,40,49,70,79,2.0,7,146,0.7386825084686279,2
949,graficon37nodi/grafo11238.37,18,37,47,70,80,2.0,5,149,0.1579267978668213,2
950,graficon34nodi/grafo5693.34,18,34,46,73,85,2.0,5,113,0.49867916107177734,2
951,graficon45nodi/grafo5623.45,18,45,55,74,84,1.0,2,194,0.9603829383850098,2
952,graficon38nodi/grafo1157.38,18,38,48,73,83,3.0,5,83,0.17946338653564453,2
953,graficon36nodi/grafo9862.36,18,36,51,74,89,2.0,10,153,0.8520119190216064,2
954,graficon39nodi/grafo10505.39,18,39,52,70,83,3.0,12,173,1.287395715713501,2
955,graficon34nodi/grafo9934.34,18,34,40,73,79,0.0,0,40,0.04561948776245117,2
956,graficon42nodi/grafo7692.42,18,42,54,74,86,2.0,9,136,0.8466086387634277,2
957,graficon41nodi/grafo7635.41,18,41,53,71,83,4.0,21,203,5.296106576919556,2
958,graficon39nodi/grafo3849.39,18,39,50,71,82,3.0,9,248,1.4174964427947998,2
959,graficon40nodi/grafo3287.40,18,40,52,71,83,2.0,11,148,0.9408512115478516,2
960,graficon56nodi/grafo7164.56,18,56,68,70,82,3.0,9,153,0.9670696258544922,2
961,graficon43nodi/grafo7403.43,18,43,57,70,84,7.0,22,208,6.236921787261963,2
962,graficon39nodi/grafo6476.39,18,39,50,73,84,3.0,14,95,0.5748047828674316,2
963,graficon41nodi/grafo5344.41,18,41,52,73,84,2.0,8,108,0.48530077934265137,2
964,graficon35nodi/grafo7560.35,18,35,45,72,82,2.0,5,94,0.2767333984375,2
965,graficon39nodi/grafo11552.39,18,39,47,71,79,1.0,4,139,0.42124366760253906,2
966,graficon42nodi/grafo3865.42,18,42,56,73,87,4.0,15,150,1.7887957096099854,2
967,graficon46nodi/grafo1581.46,18,46,52,71,77,1.0,2,116,0.39174485206604004,2
968,graficon38nodi/grafo7187.38,18,38,52,74,88,3.0,18,229,2.205451250076294,2
969,graficon57nodi/grafo5041.57,18,57,63,74,80,1.0,4,294,1.002274751663208,2
970,graficon37nodi/grafo7512.37,18,37,45,71,79,2.0,2,120,0.17193937301635742,2
971,graficon39nodi/grafo7479.39,18,39,53,70,84,2.0,13,182,1.0809135437011719,2
972,graficon46nodi/grafo5905.46,18,46,56,74,84,2.0,7,148,0.7847504615783691,2
973,graficon40nodi/grafo3387.40,18,40,53,74,87,3.0,15,171,1.4777436256408691,2
974,graficon38nodi/grafo3915.38,18,38,44,71,77,1.0,2,91,0.19486021995544434,2
975,graficon37nodi/grafo11479.37,18,37,44,73,80,2.0,6,97,0.468395471572876,2
976,graficon36nodi/grafo2504.36,18,36,49,76,89,2.0,9,135,0.7085912227630615,2
977,graficon30nodi/grafo3011.30,18,30,41,76,87,1.0,4,154,0.1683509349822998,2
978,graficon39nodi/grafo2310.39,18,39,59,77,97,3.0,21,279,1.3202829360961914,2
979,graficon40nodi/grafo365.40,18,40,47,76,83,1.0,4,87,0.2094879150390625,2
980,graficon41nodi/grafo5534.41,18,41,49,77,85,1.0,5,110,0.43893933296203613,2
981,graficon36nodi/grafo5632.36,18,36,43,76,83,1.0,5,74,0.15788793563842773,2
982,graficon42nodi/grafo3895.42,18,42,55,79,92,5.0,22,199,3.24932861328125,2
983,graficon40nodi/grafo7534.40,18,40,54,76,90,3.0,15,240,1.9870448112487793,2
984,graficon38nodi/grafo11163.38,18,38,50,77,89,4.0,14,168,0.8435242176055908,2
985,graficon36nodi/grafo5700.36,18,36,49,78,91,3.0,11,194,1.2416856288909912,2
986,graficon41nodi/grafo7150.41,18,41,52,75,86,2.0,8,75,0.8519539833068848,2
987,graficon38nodi/grafo9909.38,18,38,48,77,87,2.0,8,148,0.18321585655212402,2
988,graficon41nodi/grafo6152.41,18,41,56,75,90,2.0,12,169,1.4869966506958008,2
989,graficon44nodi/grafo3924.44,18,44,53,75,84,3.0,8,165,1.2489292621612549,2
990,graficon38nodi/grafo5880.38,18,38,52,76,90,2.0,12,185,0.49957895278930664,2
991,graficon31nodi/grafo1257.31,18,31,50,76,95,5.0,22,235,1.235081434249878,2
992,graficon40nodi/grafo9929.40,18,40,56,77,93,4.0,19,124,0.9375627040863037,2
993,graficon43nodi/grafo7444.43,18,43,55,77,89,3.0,15,123,1.597888469696045,2
994,graficon33nodi/grafo1975.33,18,33,46,77,90,2.0,9,116,0.25907039642333984,2
995,graficon44nodi/grafo5982.44,18,44,57,79,92,3.0,12,248,2.1950478553771973,2
996,graficon49nodi/grafo1353.49,18,49,54,76,81,1.0,3,104,0.14429068565368652,2
997,graficon36nodi/grafo3379.36,18,36,44,75,83,1.0,1,89,0.050673723220825195,2
998,graficon37nodi/grafo5904.37,18,37,50,77,90,2.0,10,124,1.0373663902282715,2
999,graficon37nodi/grafo3837.37,18,37,52,75,90,2.0,13,226,2.5867807865142822,2
1000,graficon42nodi/grafo6032.42,18,42,51,76,85,2.0,5,125,0.34812378883361816,2
1001,graficon40nodi/grafo7544.40,18,40,53,75,88,2.0,4,228,0.6531221866607666,2
1002,graficon38nodi/grafo7305.38,18,38,53,76,91,3.0,17,179,3.541996479034424,2
1003,graficon48nodi/grafo7046.48,18,48,54,76,82,1.0,2,125,0.25899600982666016,2
1004,graficon47nodi/grafo3232.47,18,47,55,77,85,2.0,4,103,0.3088254928588867,2
1005,graficon40nodi/grafo3885.40,18,40,51,75,86,2.0,6,129,0.8022871017456055,2
1006,graficon43nodi/grafo6858.43,18,43,61,77,95,5.0,19,209,3.6354176998138428,2
1007,graficon43nodi/grafo5298.43,18,43,56,76,89,2.0,11,116,0.7746427059173584,2
1008,graficon37nodi/grafo11609.37,18,37,44,77,84,2.0,6,72,0.42185473442077637,2
1009,graficon43nodi/grafo7047.43,18,43,55,76,88,3.0,9,155,1.5123014450073242,2
1010,graficon46nodi/grafo1484.46,18,46,57,78,89,2.0,11,277,2.52774977684021,2
1011,graficon37nodi/grafo5641.37,18,37,44,79,86,1.0,1,121,0.06738710403442383,2
1012,graficon47nodi/grafo7547.47,18,47,59,77,89,2.0,10,133,0.8241028785705566,2
1013,graficon40nodi/grafo10494.40,18,40,50,78,88,1.0,6,112,0.47934627532958984,2
1014,graficon37nodi/grafo2713.37,18,37,48,76,87,3.0,14,166,1.565809965133667,2
1015,graficon39nodi/grafo6248.39,18,39,50,79,90,1.0,6,165,0.3992021083831787,2
1016,graficon38nodi/grafo5903.38,18,38,48,77,87,2.0,8,118,0.6675417423248291,2
1017,graficon43nodi/grafo6296.43,18,43,59,79,95,3.0,25,339,10.455798149108887,2
1018,graficon41nodi/grafo6951.41,18,41,54,76,89,4.0,13,187,0.778393030166626,2
1019,graficon39nodi/grafo10733.39,18,39,53,79,93,2.0,8,143,0.8883910179138184,2
1020,graficon41nodi/grafo7056.41,18,41,51,76,86,1.0,3,126,0.6726763248443604,2
1021,graficon46nodi/grafo3380.46,18,46,56,75,85,2.0,7,115,0.5246307849884033,2
1022,graficon41nodi/grafo3534.41,18,41,49,77,85,1.0,6,131,0.8571767807006836,2
1023,graficon39nodi/grafo3617.39,18,39,48,77,86,1.0,2,98,0.18551158905029297,2
1024,graficon38nodi/grafo11024.38,18,38,45,75,82,2.0,4,76,0.24294734001159668,2
1025,graficon49nodi/grafo1408.49,18,49,59,77,87,0.0,0,184,0.09531116485595703,2
1026,graficon46nodi/grafo7234.46,18,46,63,78,95,5.0,26,295,11.899329662322998,2
1027,graficon45nodi/grafo3840.45,18,45,59,79,93,3.0,19,286,2.4930942058563232,2
1028,graficon43nodi/grafo5371.43,18,43,57,79,93,2.0,10,110,0.5490102767944336,2
1029,graficon38nodi/grafo3671.38,18,38,47,75,84,1.0,5,82,0.18973779678344727,2
1030,graficon38nodi/grafo9893.38,18,38,49,76,87,1.0,6,94,0.5362355709075928,2
1031,graficon35nodi/grafo4037.35,18,35,40,78,83,1.0,3,78,0.3465840816497803,2
1032,graficon36nodi/grafo5155.36,18,36,47,79,90,1.0,7,145,1.0292282104492188,2
1033,graficon42nodi/grafo7486.42,18,42,57,79,94,3.0,16,164,1.7776222229003906,2
1034,graficon49nodi/grafo3418.49,18,49,63,79,93,2.0,13,149,2.1580810546875,2
1035,graficon38nodi/grafo9981.38,18,38,45,78,85,1.0,1,48,0.14124846458435059,2
1036,graficon27nodi/grafo2050.27,18,27,36,76,85,1.0,1,53,0.049727678298950195,2
1037,graficon29nodi/grafo2072.29,18,29,43,78,92,2.0,6,131,0.48319339752197266,2
1038,graficon45nodi/grafo1836.45,18,45,58,77,90,5.0,15,204,1.3041167259216309,2
1039,graficon34nodi/grafo3921.34,18,34,46,77,89,2.0,7,162,0.7583043575286865,2
1040,graficon55nodi/grafo6415.55,18,55,59,76,80,1.0,2,115,0.24300384521484375,2
1041,graficon41nodi/grafo6191.41,18,41,52,78,89,2.0,10,207,0.9786195755004883,2
1042,graficon46nodi/grafo1406.46,18,46,56,79,89,1.0,4,145,0.5525820255279541,2
1043,graficon45nodi/grafo5925.45,18,45,56,79,90,4.0,14,170,1.2477917671203613,2
1044,graficon35nodi/grafo3996.35,18,35,47,78,90,3.0,13,157,0.8124186992645264,2
1045,graficon46nodi/grafo6678.46,18,46,55,77,86,1.0,2,133,0.3498525619506836,2
1046,graficon43nodi/grafo3573.43,18,43,58,79,94,3.0,15,139,2.4157042503356934,2
1047,graficon40nodi/grafo6972.40,18,40,51,77,88,1.0,6,142,0.41745662689208984,2
1048,graficon51nodi/grafo3958.51,18,51,62,77,88,3.0,16,241,4.398895025253296,2
1049,graficon39nodi/grafo10192.39,18,39,48,78,87,2.0,7,120,0.7733469009399414,2
1050,graficon45nodi/grafo6007.45,18,45,58,79,92,3.0,13,183,2.254383087158203,2
1051,graficon37nodi/grafo11553.37,18,37,49,83,95,1.0,4,69,0.11345601081848145,2
1052,graficon44nodi/grafo7454.44,18,44,56,84,96,2.0,11,156,1.3285555839538574,2
1053,graficon40nodi/grafo5453.40,18,40,57,83,100,4.0,19,207,3.7184343338012695,2
1054,graficon43nodi/grafo6144.43,18,43,56,80,93,3.0,9,226,1.102104902267456,2
1055,graficon38nodi/grafo5499.38,18,38,48,81,91,1.0,3,89,0.36890387535095215,2
1056,graficon41nodi/grafo6973.41,18,41,58,84,101,2.0,16,200,3.0313360691070557,2
1057,graficon39nodi/grafo10037.39,18,39,50,80,91,1.0,9,150,0.860936164855957,2
1058,graficon36nodi/grafo11554.36,18,36,50,82,96,3.0,22,197,2.1509175300598145,2
1059,graficon60nodi/grafo5751.60,18,60,75,84,99,5.0,21,474,19.815874814987183,2
1060,graficon42nodi/grafo5241.42,18,42,55,83,96,2.0,11,143,0.6875462532043457,2
1061,graficon46nodi/grafo6628.46,18,46,63,83,100,8.0,26,471,24.596169471740723,2
1062,graficon39nodi/grafo9924.39,18,39,52,84,97,3.0,12,138,1.3944826126098633,2
1063,graficon46nodi/grafo3661.46,18,46,56,83,93,1.0,6,130,0.35323023796081543,2
1064,graficon38nodi/grafo7549.38,18,38,50,82,94,2.0,12,139,0.9127402305603027,2
1065,graficon39nodi/grafo11532.39,18,39,51,81,93,1.0,4,86,0.4340791702270508,2
1066,graficon47nodi/grafo1536.47,18,47,52,80,85,0.0,0,120,0.03589200973510742,2
1067,graficon38nodi/grafo4110.38,18,38,52,84,98,3.0,14,220,2.003687620162964,2
1068,graficon41nodi/grafo6857.41,18,41,54,83,96,1.0,6,99,0.17754006385803223,2
1069,graficon34nodi/grafo6118.34,18,34,42,82,90,1.0,1,88,0.0802469253540039,2
1070,graficon39nodi/grafo10014.39,18,39,52,83,96,2.0,10,138,1.053873062133789,2
1071,graficon43nodi/grafo7598.43,18,43,57,82,96,2.0,12,159,1.3657448291778564,2
1072,graficon39nodi/grafo3329.39,18,39,50,80,91,2.0,8,108,0.8307840824127197,2
1073,graficon43nodi/grafo1506.43,18,43,50,82,89,1.0,4,164,0.3617086410522461,2
1074,graficon42nodi/grafo5595.42,18,42,56,80,94,4.0,12,217,2.6930088996887207,2
1075,graficon41nodi/grafo2235.41,18,41,58,83,100,2.0,15,198,2.039911985397339,2
1076,graficon37nodi/grafo5408.37,18,37,57,84,104,3.0,29,211,5.591184139251709,2
1077,graficon56nodi/grafo7757.56,18,56,64,80,88,2.0,10,176,1.5119550228118896,2
1078,graficon43nodi/grafo7465.43,18,43,60,80,97,7.0,18,307,2.6741535663604736,2
1079,graficon42nodi/grafo5984.42,18,42,53,80,91,2.0,6,104,0.42708826065063477,2
1080,graficon49nodi/grafo2124.49,18,49,64,82,97,2.0,11,224,1.2423560619354248,2
1081,graficon39nodi/grafo3939.39,18,39,50,83,94,2.0,10,123,1.7591831684112549,2
1082,graficon41nodi/grafo6441.41,18,41,54,82,95,2.0,11,135,0.8424854278564453,2
1083,graficon56nodi/grafo4306.56,18,56,63,84,91,1.0,2,175,0.3228628635406494,2
1084,graficon43nodi/grafo5339.43,18,43,54,81,92,1.0,9,135,0.7288875579833984,2
1085,graficon36nodi/grafo3413.36,18,36,53,83,100,3.0,16,257,3.6989424228668213,2
1086,graficon40nodi/grafo7766.40,18,40,50,80,90,3.0,11,95,0.8836159706115723,2
1087,graficon41nodi/grafo3444.41,18,41,53,82,94,2.0,13,141,1.23482346534729,2
1088,graficon55nodi/grafo6789.55,18,55,60,81,86,2.0,4,231,1.1632359027862549,2
1089,graficon32nodi/grafo1421.32,18,32,45,80,93,4.0,6,139,0.2579953670501709,2
1090,graficon36nodi/grafo5865.36,18,36,44,83,91,1.0,2,85,0.19045615196228027,2
1091,graficon42nodi/grafo3326.42,18,42,60,82,100,4.0,30,211,6.920271635055542,2
1092,graficon43nodi/grafo3360.43,18,43,56,83,96,2.0,11,214,2.0277645587921143,2
1093,graficon44nodi/grafo5765.44,18,44,59,84,99,3.0,13,237,3.707467555999756,2
1094,graficon38nodi/grafo10031.38,18,38,49,84,95,2.0,5,119,0.4878835678100586,2
1095,graficon46nodi/grafo5873.46,18,46,57,83,94,2.0,6,176,0.8997921943664551,2
1096,graficon43nodi/grafo5486.43,18,43,54,81,92,2.0,14,179,2.1869354248046875,2
1097,graficon40nodi/grafo6472.40,18,40,57,84,101,8.0,22,288,5.827239990234375,2
1098,graficon47nodi/grafo6781.47,18,47,66,82,101,3.0,19,246,3.0688719749450684,2
1099,graficon36nodi/grafo3953.36,18,36,48,83,95,1.0,3,126,0.14075517654418945,2
1100,graficon43nodi/grafo5760.43,18,43,55,84,96,2.0,8,150,0.7815041542053223,2
1101,graficon26nodi/grafo914.26,18,26,42,83,99,4.0,23,196,3.234750509262085,2
1102,graficon38nodi/grafo7227.38,18,38,54,80,96,3.0,15,210,1.5075523853302002,2
1103,graficon40nodi/grafo7652.40,18,40,55,80,95,4.0,14,126,0.9819738864898682,2
1104,graficon37nodi/grafo11359.37,18,37,47,83,93,2.0,6,154,0.5960202217102051,2
1105,graficon42nodi/grafo1092.42,18,42,53,81,92,2.0,8,127,0.9853363037109375,2
1106,graficon39nodi/grafo10835.39,18,39,45,82,88,1.0,3,70,0.1723475456237793,2
1107,graficon40nodi/grafo7432.40,18,40,47,80,87,1.0,4,94,0.20709228515625,2
1108,graficon45nodi/grafo7099.45,18,45,56,84,95,3.0,12,210,2.501325845718384,2
1109,graficon44nodi/grafo7381.44,18,44,65,81,102,5.0,38,353,10.704573154449463,2
1110,graficon42nodi/grafo7049.42,18,42,54,81,93,3.0,12,167,1.5285654067993164,2
1111,graficon40nodi/grafo7542.40,18,40,51,81,92,3.0,9,115,1.0063269138336182,2
1112,graficon42nodi/grafo6058.42,18,42,54,81,93,2.0,9,129,1.2233762741088867,2
1113,graficon40nodi/grafo3753.40,18,40,53,81,94,2.0,16,133,1.5052850246429443,2
1114,graficon48nodi/grafo6376.48,18,48,61,81,94,2.0,14,155,1.2217235565185547,2
1115,graficon42nodi/grafo7146.42,18,42,54,82,94,1.0,4,175,1.075392723083496,2
1116,graficon39nodi/grafo3944.39,18,39,54,84,99,2.0,9,178,1.0719799995422363,2
1117,graficon41nodi/grafo7373.41,18,41,58,80,97,5.0,33,337,13.065825939178467,2
1118,graficon19nodi/grafo2375.19,18,19,35,80,96,4.0,14,184,0.5308670997619629,2
1119,graficon41nodi/grafo5234.41,18,41,51,83,93,1.0,4,141,0.3103621006011963,2
1120,graficon55nodi/grafo3570.55,18,55,66,83,94,2.0,11,198,2.657439708709717,2
1121,graficon49nodi/grafo3626.49,18,49,61,81,93,3.0,18,270,7.8228137493133545,2
1122,graficon47nodi/grafo6600.47,18,47,68,84,105,4.0,30,317,10.427341222763062,2
1123,graficon39nodi/grafo3793.39,18,39,53,81,95,2.0,12,181,1.2241251468658447,2
1124,graficon41nodi/grafo7007.41,18,41,55,84,98,6.0,19,206,4.293310165405273,2
1125,graficon39nodi/grafo5742.39,18,39,56,83,100,3.0,15,232,2.3626110553741455,2
1126,graficon40nodi/grafo7541.40,18,40,53,89,102,2.0,12,218,2.008328437805176,2
1127,graficon54nodi/grafo4016.54,18,54,65,88,99,1.0,6,146,0.3818550109863281,2
1128,graficon45nodi/grafo7241.45,18,45,62,86,103,2.0,10,231,1.3554050922393799,2
1129,graficon43nodi/grafo6406.43,18,43,57,86,100,2.0,10,217,1.127476453781128,2
1130,graficon42nodi/grafo7246.42,18,42,53,89,100,2.0,9,103,0.8825922012329102,2
1131,graficon44nodi/grafo7720.44,18,44,61,88,105,4.0,17,200,2.535069227218628,2
1132,graficon46nodi/grafo7742.46,18,46,58,85,97,3.0,14,271,3.0405983924865723,2
1133,graficon44nodi/grafo7169.44,18,44,56,85,97,2.0,13,156,1.555680274963379,2
1134,graficon52nodi/grafo1591.52,18,52,62,85,95,2.0,5,106,0.8212358951568604,2
1135,graficon48nodi/grafo5501.48,18,48,65,88,105,4.0,28,290,12.769147396087646,2
1136,graficon44nodi/grafo5554.44,18,44,61,89,106,4.0,13,340,3.5585052967071533,2
1137,graficon39nodi/grafo7716.39,18,39,49,85,95,2.0,7,143,1.0178730487823486,2
1138,graficon37nodi/grafo11653.37,18,37,51,87,101,1.0,2,92,0.19640493392944336,2
1139,graficon58nodi/grafo4792.58,18,58,69,88,99,2.0,4,156,0.29012227058410645,2
1140,graficon49nodi/grafo7578.49,18,49,57,89,97,1.0,6,125,0.6774439811706543,2
1141,graficon61nodi/grafo5831.61,18,61,72,88,99,5.0,23,292,9.555314302444458,2
1142,graficon46nodi/grafo5331.46,18,46,58,88,100,5.0,20,289,10.212457418441772,2
1143,graficon51nodi/grafo4600.51,18,51,62,89,100,2.0,7,177,0.694366455078125,2
1144,graficon40nodi/grafo3335.40,18,40,53,89,102,2.0,9,136,1.2265498638153076,2
1145,graficon42nodi/grafo6257.42,18,42,60,85,103,3.0,16,250,1.9024670124053955,2
1146,graficon36nodi/grafo5546.36,18,36,51,88,103,3.0,16,166,3.694352149963379,2
1147,graficon41nodi/grafo9946.41,18,41,48,85,92,1.0,5,95,0.8006327152252197,2
1148,graficon60nodi/grafo4886.60,18,60,73,85,98,3.0,20,252,5.824227571487427,2
1149,graficon40nodi/grafo7050.40,18,40,51,88,99,1.0,5,140,0.318418025970459,2
1150,graficon49nodi/grafo4380.49,18,49,64,87,102,3.0,6,163,0.4464991092681885,2
1151,graficon55nodi/grafo3625.55,18,55,68,88,101,4.0,20,311,11.600761890411377,2
1152,graficon53nodi/grafo7688.53,18,53,65,88,100,3.0,13,233,3.532416820526123,2
1153,graficon39nodi/grafo5407.39,18,39,53,89,103,4.0,18,165,1.3604962825775146,2
1154,graficon41nodi/grafo2781.41,18,41,61,87,107,9.0,28,263,5.471731424331665,2
1155,graficon37nodi/grafo5598.37,18,37,48,88,99,1.0,3,129,0.5693197250366211,2
1156,graficon40nodi/grafo3997.40,18,40,56,88,104,5.0,22,305,4.129607200622559,2
1157,graficon43nodi/grafo7470.43,18,43,52,88,97,2.0,7,108,0.5358784198760986,2
1158,graficon45nodi/grafo7442.45,18,45,53,86,94,1.0,2,108,0.43972015380859375,2
1159,graficon54nodi/grafo7723.54,18,54,73,86,105,4.0,29,245,8.152485847473145,2
1160,graficon42nodi/grafo7352.42,18,42,51,85,94,2.0,3,76,0.13382530212402344,2
1161,graficon40nodi/grafo7670.40,18,40,56,88,104,1.0,5,215,1.2850024700164795,2
1162,graficon43nodi/grafo5245.43,18,43,59,88,104,4.0,13,237,1.936997890472412,2
1163,graficon51nodi/grafo1486.51,18,51,60,87,96,2.0,5,122,1.0553855895996094,2
1164,graficon36nodi/grafo6049.36,18,36,45,87,96,1.0,4,90,0.42076706886291504,2
1165,graficon39nodi/grafo7415.39,18,39,53,88,102,3.0,11,159,1.3978192806243896,2
1166,graficon40nodi/grafo5373.40,18,40,58,87,105,4.0,17,208,5.3428795337677,2
1167,graficon38nodi/grafo9979.38,18,38,50,86,98,2.0,10,87,0.680487871170044,2
1168,graficon48nodi/grafo5194.48,18,48,65,89,106,4.0,17,263,1.5628705024719238,2
1169,graficon48nodi/grafo5357.48,18,48,64,85,101,5.0,25,209,5.808944940567017,2
1170,graficon36nodi/grafo11662.36,18,36,48,87,99,1.0,1,65,0.06363439559936523,2
1171,graficon42nodi/grafo7614.42,18,42,57,87,102,4.0,16,431,9.647962808609009,2
1172,graficon48nodi/grafo7272.48,18,48,57,86,95,2.0,3,147,0.2615046501159668,2
1173,graficon44nodi/grafo5878.44,18,44,56,87,99,2.0,9,155,0.8041718006134033,2
1174,graficon42nodi/grafo5958.42,18,42,56,86,100,3.0,11,172,1.2243411540985107,2
1175,graficon58nodi/grafo1588.58,18,58,66,88,96,3.0,7,237,1.6345438957214355,2
1176,graficon52nodi/grafo3455.52,18,52,65,87,100,2.0,14,149,2.497446298599243,2
1177,graficon42nodi/grafo7583.42,18,42,56,86,100,4.0,15,150,2.6929404735565186,2
1178,graficon49nodi/grafo7370.49,18,49,64,87,102,1.0,6,239,0.5397582054138184,2
1179,graficon39nodi/grafo5157.39,18,39,54,88,103,3.0,10,189,1.798691749572754,2
1180,graficon47nodi/grafo6822.47,18,47,56,88,97,1.0,5,187,0.5756087303161621,2
1181,graficon43nodi/grafo6928.43,18,43,56,88,101,2.0,13,157,2.2348811626434326,2
1182,graficon38nodi/grafo3421.38,18,38,52,89,103,3.0,21,164,6.334116458892822,2
1183,graficon39nodi/grafo3727.39,18,39,53,86,100,3.0,9,155,1.231680154800415,2
1184,graficon44nodi/grafo6870.44,18,44,64,85,105,3.0,34,177,7.204244613647461,2
1185,graficon36nodi/grafo9853.36,18,36,48,87,99,1.0,1,65,0.06400108337402344,2
1186,graficon50nodi/grafo4518.50,18,50,66,87,103,4.0,15,240,1.5787537097930908,2
1187,graficon42nodi/grafo7709.42,18,42,58,86,102,3.0,15,174,1.909529447555542,2
1188,graficon60nodi/grafo7155.60,18,60,70,86,96,1.0,5,258,1.074439525604248,2
1189,graficon64nodi/grafo4420.64,18,64,81,88,105,4.0,18,260,6.6745171546936035,2
1190,graficon47nodi/grafo6437.47,18,47,70,88,111,8.0,56,346,49.5296094417572,2
1191,graficon45nodi/grafo3151.45,18,45,58,86,99,3.0,12,146,1.5843620300292969,2
1192,graficon51nodi/grafo4369.51,18,51,67,87,103,3.0,15,273,5.29968786239624,2
1193,graficon38nodi/grafo3887.38,18,38,52,87,101,2.0,10,164,1.1585524082183838,2
1194,graficon44nodi/grafo6329.44,18,44,58,88,102,2.0,8,113,0.6793692111968994,2
1195,graficon50nodi/grafo1418.50,18,50,57,88,95,1.0,6,129,0.26152706146240234,2
1196,graficon43nodi/grafo6886.43,18,43,62,85,104,4.0,25,217,4.081762790679932,2
1197,graficon42nodi/grafo7012.42,18,42,59,88,105,3.0,15,235,1.6170127391815186,2
1198,graficon34nodi/grafo5990.34,18,34,45,89,100,1.0,1,146,0.17788958549499512,2
1199,graficon56nodi/grafo4391.56,18,56,70,86,100,3.0,19,381,7.782148122787476,2
1200,graficon48nodi/grafo6689.48,18,48,57,86,95,2.0,6,144,2.084907054901123,2
1201,graficon36nodi/grafo10457.36,18,36,45,93,102,1.0,4,99,0.40857648849487305,2
1202,graficon46nodi/grafo5338.46,18,46,62,94,110,4.0,16,197,5.295776605606079,2
1203,graficon72nodi/grafo9639.72,18,72,80,94,102,2.0,13,267,6.989753246307373,2
1204,graficon44nodi/grafo3644.44,18,44,54,93,103,2.0,7,80,0.26259875297546387,2
1205,graficon54nodi/grafo3511.54,18,54,73,93,112,2.0,13,257,1.5867831707000732,2
1206,graficon42nodi/grafo6946.42,18,42,58,94,110,3.0,17,218,2.5263400077819824,2
1207,graficon57nodi/grafo5626.57,18,57,78,94,115,3.0,24,227,5.49444055557251,2
1208,graficon37nodi/grafo6217.37,18,37,53,94,110,3.0,17,180,2.173781633377075,2
1209,graficon60nodi/grafo4512.60,18,60,73,93,106,3.0,11,244,2.7632570266723633,2
1210,graficon47nodi/grafo5432.47,18,47,68,92,113,4.0,22,335,7.83472204208374,2
1211,graficon55nodi/grafo4502.55,18,55,76,92,113,5.0,43,308,74.62813711166382,2
1212,graficon58nodi/grafo1247.58,18,58,68,94,104,4.0,12,206,2.185276746749878,2
1213,graficon43nodi/grafo6346.43,18,43,62,91,110,5.0,24,195,5.649800062179565,2
1214,graficon37nodi/grafo11625.37,18,37,51,92,106,2.0,6,89,0.3788430690765381,2
1215,graficon51nodi/grafo1470.51,18,51,69,90,108,5.0,28,288,6.607537269592285,2
1216,graficon64nodi/grafo8416.64,18,64,79,94,109,3.0,27,312,17.879108905792236,2
1217,graficon43nodi/grafo7441.43,18,43,60,92,109,4.0,27,193,11.940685033798218,2
1218,graficon40nodi/grafo5211.40,18,40,54,93,107,2.0,8,235,0.7250940799713135,2
1219,graficon35nodi/grafo11326.35,18,35,42,91,98,1.0,3,94,0.237654447555542,2
1220,graficon43nodi/grafo7157.43,18,43,53,90,100,2.0,7,105,0.843799352645874,2
1221,graficon39nodi/grafo3330.39,18,39,60,93,114,4.0,30,280,16.369019746780396,2
1222,graficon40nodi/grafo3519.40,18,40,56,93,109,2.0,6,130,0.2416090965270996,2
1223,graficon57nodi/grafo4041.57,18,57,66,92,101,3.0,11,231,2.490159034729004,2
1224,graficon41nodi/grafo7124.41,18,41,59,94,112,2.0,12,156,0.9331831932067871,2
1225,graficon61nodi/grafo4482.61,18,61,75,91,105,2.0,6,266,0.9543135166168213,2
1226,graficon49nodi/grafo5721.49,18,49,64,92,107,2.0,7,174,0.8910374641418457,2
1227,graficon42nodi/grafo5468.42,18,42,58,94,110,4.0,16,242,1.2727112770080566,2
1228,graficon37nodi/grafo1758.37,18,37,45,93,101,1.0,4,159,0.692596435546875,2
1229,graficon36nodi/grafo11444.36,18,36,46,94,104,1.0,4,99,0.2311396598815918,2
1230,graficon37nodi/grafo11540.37,18,37,48,91,102,1.0,3,108,0.24931788444519043,2
1231,graficon37nodi/grafo7028.37,18,37,48,90,101,3.0,11,107,1.6306307315826416,2
1232,graficon37nodi/grafo11417.37,18,37,49,90,102,1.0,3,98,0.21623849868774414,2
1233,graficon39nodi/grafo3187.39,18,39,53,91,105,3.0,13,210,1.2557084560394287,2
1234,graficon39nodi/grafo9897.39,18,39,55,90,106,3.0,16,171,1.4238932132720947,2
1235,graficon57nodi/grafo5748.57,18,57,76,94,113,3.0,20,321,6.0332067012786865,2
1236,graficon38nodi/grafo10032.38,18,38,47,91,100,2.0,6,100,0.523331880569458,2
1237,graficon58nodi/grafo4796.58,18,58,73,90,105,3.0,19,203,3.5277020931243896,2
1238,graficon40nodi/grafo10282.40,18,40,59,92,111,2.0,14,253,2.7691781520843506,2
1239,graficon54nodi/grafo5002.54,18,54,64,91,101,2.0,8,246,1.4354593753814697,2
1240,graficon44nodi/grafo2199.44,18,44,50,90,96,1.0,3,105,0.5169172286987305,2
1241,graficon38nodi/grafo10659.38,18,38,57,91,110,6.0,17,244,1.3967039585113525,2
1242,graficon56nodi/grafo4409.56,18,56,67,93,104,2.0,6,135,0.4176149368286133,2
1243,graficon47nodi/grafo6408.47,18,47,57,90,100,2.0,7,152,0.9173638820648193,2
1244,graficon54nodi/grafo3858.54,18,54,68,92,106,3.0,20,209,9.871005535125732,2
1245,graficon43nodi/grafo5723.43,18,43,59,92,108,5.0,21,205,8.348005294799805,2
1246,graficon40nodi/grafo4010.40,18,40,52,92,104,2.0,8,132,1.56390380859375,2
1247,graficon62nodi/grafo6173.62,18,62,73,92,103,2.0,8,180,0.8312320709228516,2
1248,graficon45nodi/grafo5138.45,18,45,61,90,106,5.0,24,465,15.006030321121216,2
1249,graficon41nodi/grafo6164.41,18,41,55,91,105,3.0,13,183,1.4837231636047363,2
1250,graficon41nodi/grafo3527.41,18,41,54,93,106,2.0,13,173,1.155381441116333,2
1251,graficon42nodi/grafo7642.42,18,42,62,90,110,4.0,19,293,3.2587499618530273,2
1252,graficon46nodi/grafo3424.46,18,46,56,94,104,2.0,12,134,1.5050384998321533,2
1253,graficon53nodi/grafo271.53,18,53,67,91,105,3.0,10,249,3.3421196937561035,2
1254,graficon45nodi/grafo3660.45,18,45,60,90,105,3.0,19,205,4.549428462982178,2
1255,graficon40nodi/grafo5980.40,18,40,54,92,106,2.0,9,121,1.16933012008667,2
1256,graficon44nodi/grafo6945.44,18,44,60,93,109,4.0,18,249,7.097138166427612,2
1257,graficon35nodi/grafo5299.35,18,35,44,91,100,3.0,6,109,0.7201576232910156,2
1258,graficon66nodi/grafo9143.66,18,66,84,94,112,4.0,30,255,28.08355736732483,2
1259,graficon55nodi/grafo4195.55,18,55,69,91,105,2.0,8,127,0.7662491798400879,2
1260,graficon58nodi/grafo6193.58,18,58,77,91,110,4.0,25,367,18.053507089614868,2
1261,graficon45nodi/grafo6524.45,18,45,59,94,108,2.0,13,236,2.0943539142608643,2
1262,graficon54nodi/grafo4006.54,18,54,64,91,101,1.0,2,113,0.15763258934020996,2
1263,graficon38nodi/grafo11322.38,18,38,50,94,106,1.0,3,79,0.26037120819091797,2
1264,graficon46nodi/grafo6723.46,18,46,64,93,111,6.0,29,257,13.398671865463257,2
1265,graficon35nodi/grafo6517.35,18,35,49,93,107,3.0,12,145,0.8609774112701416,2
1266,graficon49nodi/grafo3415.49,18,49,65,90,106,3.0,13,174,1.1176402568817139,2
1267,graficon39nodi/grafo4005.39,18,39,52,91,104,3.0,16,178,5.034142732620239,2
1268,graficon52nodi/grafo4030.52,18,52,65,92,105,4.0,12,167,1.3105616569519043,2
1269,graficon41nodi/grafo7098.41,18,41,59,92,110,5.0,33,270,15.100447416305542,2
1270,graficon43nodi/grafo5926.43,18,43,62,93,112,3.0,14,202,1.5693926811218262,2
1271,graficon47nodi/grafo7625.47,18,47,67,94,114,10.0,27,238,4.011779546737671,2
1272,graficon41nodi/grafo5717.41,18,41,51,93,103,1.0,5,111,0.6605241298675537,2
1273,graficon66nodi/grafo9641.66,18,66,79,90,103,2.0,11,442,7.598020315170288,2
1274,graficon38nodi/grafo6578.38,18,38,53,93,108,2.0,7,121,0.4522688388824463,2
1275,graficon42nodi/grafo3508.42,18,42,59,94,111,5.0,18,229,2.7428178787231445,2
1276,graficon44nodi/grafo11403.44,18,44,60,98,114,2.0,15,259,6.212261438369751,2
1277,graficon43nodi/grafo7636.43,18,43,59,99,115,3.0,18,230,3.837871789932251,2
1278,graficon42nodi/grafo5817.42,18,42,60,99,117,3.0,11,133,1.4301304817199707,2
1279,graficon51nodi/grafo3172.51,18,51,71,96,116,4.0,31,320,17.45210027694702,2
1280,graficon44nodi/grafo6432.44,18,44,54,95,105,2.0,4,143,0.7303781509399414,2
1281,graficon40nodi/grafo3621.40,18,40,50,95,105,2.0,7,131,0.6348507404327393,2
1282,graficon62nodi/grafo4646.62,18,62,78,96,112,4.0,12,382,4.608179807662964,2
1283,graficon52nodi/grafo7721.52,18,52,71,95,114,3.0,20,298,8.99878478050232,2
1284,graficon45nodi/grafo7640.45,18,45,65,98,118,5.0,29,320,16.01183295249939,2
1285,graficon41nodi/grafo3781.41,18,41,58,96,113,3.0,20,262,4.235262393951416,2
1286,graficon57nodi/grafo4352.57,18,57,67,98,108,1.0,6,185,0.4835219383239746,2
1287,graficon40nodi/grafo6458.40,18,40,57,95,112,3.0,13,277,2.5380311012268066,2
1288,graficon56nodi/grafo6568.56,18,56,69,98,111,2.0,19,253,6.129703044891357,2
1289,graficon50nodi/grafo4580.50,18,50,63,99,112,3.0,14,199,1.2892651557922363,2
1290,graficon53nodi/grafo3486.53,18,53,68,97,112,3.0,19,279,6.834347724914551,2
1291,graficon54nodi/grafo1483.54,18,54,67,98,111,2.0,9,169,1.0949337482452393,2
1292,graficon47nodi/grafo6664.47,18,47,63,96,112,4.0,19,271,6.465322494506836,2
1293,graficon44nodi/grafo7761.44,18,44,55,98,109,2.0,9,183,1.8315677642822266,2
1294,graficon48nodi/grafo3769.48,18,48,63,99,114,4.0,18,248,5.667179107666016,2
1295,graficon44nodi/grafo3205.44,18,44,57,99,112,1.0,7,141,0.8571460247039795,2
1296,graficon42nodi/grafo3439.42,18,42,57,95,110,2.0,10,251,1.7993204593658447,2
1297,graficon41nodi/grafo5645.41,18,41,52,97,108,3.0,8,189,0.8677840232849121,2
1298,graficon49nodi/grafo4012.49,18,49,65,99,115,3.0,20,223,4.723857164382935,2
1299,graficon38nodi/grafo3540.38,18,38,57,96,115,4.0,14,206,1.8760993480682373,2
1300,graficon44nodi/grafo6960.44,18,44,61,98,115,4.0,18,225,4.876804828643799,2
1301,graficon43nodi/grafo4053.43,18,43,58,98,113,4.0,20,326,14.296105146408081,2
1302,graficon38nodi/grafo7478.38,18,38,47,98,107,1.0,5,102,0.4587376117706299,2
1303,graficon42nodi/grafo3402.42,18,42,62,99,119,3.0,23,237,6.127608776092529,2
1304,graficon40nodi/grafo3804.40,18,40,49,98,107,2.0,5,96,0.611147403717041,2
1305,graficon46nodi/grafo7713.46,18,46,67,96,117,7.0,40,432,17.76815414428711,2
1306,graficon54nodi/grafo4849.54,18,54,68,95,109,2.0,6,149,1.0955371856689453,2
1307,graficon48nodi/grafo4473.48,18,48,61,95,108,2.0,3,178,0.7214260101318359,2
1308,graficon54nodi/grafo4530.54,18,54,76,97,119,8.0,44,327,22.723356008529663,2
1309,graficon41nodi/grafo2531.41,18,41,56,99,114,2.0,9,208,1.4566829204559326,2
1310,graficon61nodi/grafo8112.61,18,61,77,97,113,3.0,18,268,5.447191953659058,2
1311,graficon53nodi/grafo3763.53,18,53,72,95,114,5.0,20,294,7.13366436958313,2
1312,graficon39nodi/grafo3099.39,18,39,47,98,106,0.0,0,64,0.05208468437194824,2
1313,graficon44nodi/grafo7621.44,18,44,65,98,119,3.0,17,272,3.4507484436035156,2
1314,graficon44nodi/grafo6263.44,18,44,66,96,118,4.0,26,251,5.640585899353027,2
1315,graficon60nodi/grafo7448.60,18,60,81,98,119,8.0,44,483,41.27731227874756,2
1316,graficon46nodi/grafo5480.46,18,46,63,95,112,3.0,17,169,2.0812020301818848,2
1317,graficon39nodi/grafo7390.39,18,39,59,97,117,3.0,19,189,5.228068590164185,2
1318,graficon42nodi/grafo3258.42,18,42,58,96,112,3.0,14,175,2.2799532413482666,2
1319,graficon52nodi/grafo6159.52,18,52,65,98,111,2.0,10,175,1.5945210456848145,2
1320,graficon42nodi/grafo7485.42,18,42,56,99,113,4.0,15,163,4.630073308944702,2
1321,graficon49nodi/grafo7245.49,18,49,65,97,113,3.0,18,199,3.454521656036377,2
1322,graficon54nodi/grafo4488.54,18,54,69,95,110,3.0,15,204,2.4909589290618896,2
1323,graficon42nodi/grafo6270.42,18,42,54,98,110,3.0,7,147,1.2072396278381348,2
1324,graficon42nodi/grafo3277.42,18,42,56,95,109,2.0,14,176,3.016693353652954,2
1325,graficon46nodi/grafo5832.46,18,46,58,95,107,2.0,6,156,1.2066221237182617,2
1326,graficon60nodi/grafo4376.60,18,60,73,96,109,3.0,6,185,1.1533868312835693,2
1327,graficon55nodi/grafo1549.55,18,55,66,99,110,2.0,6,278,2.042848825454712,2
1328,graficon53nodi/grafo4871.53,18,53,71,98,116,3.0,17,286,9.885522842407227,2
1329,graficon60nodi/grafo8276.60,18,60,74,97,111,4.0,10,179,2.282282590866089,2
1330,graficon55nodi/grafo1465.55,18,55,65,95,105,3.0,12,211,2.924240827560425,2
1331,graficon53nodi/grafo5057.53,18,53,67,95,109,3.0,13,275,6.311197996139526,2
1332,graficon38nodi/grafo3383.38,18,38,62,98,122,6.0,54,402,33.13950228691101,2
1333,graficon38nodi/grafo3758.38,18,38,56,99,117,4.0,28,261,4.511445045471191,2
1334,graficon63nodi/grafo4664.63,18,63,77,99,113,2.0,11,162,1.6662659645080566,2
1335,graficon46nodi/grafo3412.46,18,46,65,95,114,3.0,18,226,3.684572696685791,2
1336,graficon44nodi/grafo7591.44,18,44,61,95,112,5.0,26,302,13.587353229522705,2
1337,graficon53nodi/grafo1482.53,18,53,67,96,110,2.0,14,257,2.1003177165985107,2
1338,graficon43nodi/grafo6921.43,18,43,55,97,109,3.0,9,137,1.4599168300628662,2
1339,graficon41nodi/grafo6192.41,18,41,54,95,108,3.0,14,146,2.0227787494659424,2
1340,graficon51nodi/grafo7730.51,18,51,67,95,111,3.0,14,223,1.8585565090179443,2
1341,graficon39nodi/grafo7581.39,18,39,51,96,108,2.0,8,152,1.1343050003051758,2
1342,graficon62nodi/grafo4312.62,18,62,74,96,108,2.0,14,251,4.464790344238281,2
1343,graficon42nodi/grafo3476.42,18,42,60,99,117,3.0,15,249,8.250247240066528,2
1344,graficon41nodi/grafo7204.41,18,41,54,99,112,2.0,13,232,3.977271318435669,2
1345,graficon44nodi/grafo3603.44,18,44,66,99,121,6.0,47,372,232.3374240398407,2
1346,graficon39nodi/grafo11495.39,18,39,52,95,108,2.0,9,161,0.6876814365386963,2
1347,graficon39nodi/grafo3474.39,18,39,51,95,107,3.0,11,241,3.521947145462036,2
1348,graficon42nodi/grafo6308.42,18,42,62,96,116,3.0,23,370,4.060917854309082,2
1349,graficon40nodi/grafo5643.40,18,40,51,95,106,1.0,5,184,0.8808548450469971,2
1350,graficon39nodi/grafo5974.39,18,39,53,97,111,3.0,11,212,1.3555967807769775,2
1351,graficon41nodi/grafo6398.41,18,41,53,100,112,2.0,8,129,0.5336909294128418,2
1352,graficon53nodi/grafo5091.53,18,53,77,102,126,6.0,34,251,14.692209959030151,2
1353,graficon49nodi/grafo5078.49,18,49,64,100,115,3.0,8,152,1.1452269554138184,2
1354,graficon41nodi/grafo5565.41,18,41,53,102,114,2.0,10,194,2.0946359634399414,2
1355,graficon56nodi/grafo3328.56,18,56,76,104,124,6.0,48,366,43.01369571685791,2
1356,graficon52nodi/grafo3755.52,18,52,72,104,124,5.0,23,232,11.762335300445557,2
1357,graficon65nodi/grafo9317.65,18,65,80,100,115,6.0,21,264,7.254765033721924,2
1358,graficon42nodi/grafo7572.42,18,42,50,101,109,1.0,5,136,0.5495109558105469,2
1359,graficon55nodi/grafo2141.55,18,55,76,102,123,4.0,27,364,13.851348400115967,2
1360,graficon47nodi/grafo1433.47,18,47,60,101,114,4.0,8,109,1.7654392719268799,2
1361,graficon39nodi/grafo5798.39,18,39,55,104,120,3.0,12,177,1.750046968460083,2
1362,graficon55nodi/grafo4475.55,18,55,67,101,113,1.0,6,144,0.5812549591064453,2
1363,graficon58nodi/grafo5350.58,18,58,74,104,120,5.0,27,395,9.829474210739136,2
1364,graficon71nodi/grafo9653.71,18,71,80,103,112,1.0,2,182,0.631749153137207,2
1365,graficon63nodi/grafo4351.63,18,63,78,101,116,6.0,29,520,27.780230045318604,2
1366,graficon54nodi/grafo3785.54,18,54,70,101,117,3.0,24,192,8.316890478134155,2
1367,graficon37nodi/grafo11284.37,18,37,50,101,114,1.0,5,61,0.187117338180542,2
1368,graficon38nodi/grafo2726.38,18,38,53,101,116,2.0,12,235,1.6372408866882324,2
1369,graficon62nodi/grafo6805.62,18,62,75,104,117,2.0,7,230,1.6371710300445557,2
1370,graficon67nodi/grafo9658.67,18,67,79,100,112,1.0,7,196,0.39475250244140625,2
1371,graficon60nodi/grafo3536.60,18,60,73,100,113,3.0,22,308,5.830751419067383,2
1372,graficon57nodi/grafo7289.57,18,57,72,100,115,4.0,18,251,4.2565226554870605,2
1373,graficon59nodi/grafo4281.59,18,59,76,102,119,3.0,17,300,10.664231300354004,2
1374,graficon40nodi/grafo5568.40,18,40,59,100,119,3.0,17,217,2.607239007949829,2
1375,graficon61nodi/grafo8051.61,18,61,73,102,114,1.0,9,145,1.1414623260498047,2
1376,graficon65nodi/grafo9375.65,18,65,76,102,113,2.0,6,216,1.191145420074463,2
1377,graficon44nodi/grafo5352.44,18,44,70,100,126,9.0,59,552,31.8248233795166,2
1378,graficon47nodi/grafo5710.47,18,47,62,103,118,4.0,14,234,6.605640649795532,2
1379,graficon50nodi/grafo1392.50,18,50,63,103,116,2.0,9,180,1.3046815395355225,2
1380,graficon42nodi/grafo7610.42,18,42,55,103,116,2.0,6,86,0.3594372272491455,2
1381,graficon40nodi/grafo6641.40,18,40,54,100,114,1.0,7,104,0.4815683364868164,2
1382,graficon57nodi/grafo4452.57,18,57,76,104,123,7.0,18,225,3.8666250705718994,2
1383,graficon48nodi/grafo6289.48,18,48,65,104,121,2.0,15,270,3.832390785217285,2
1384,graficon39nodi/grafo3375.39,18,39,59,103,123,5.0,20,206,2.7244081497192383,2
1385,graficon45nodi/grafo7623.45,18,45,62,104,121,4.0,28,207,15.979347229003906,2
1386,graficon57nodi/grafo7770.57,18,57,69,102,114,2.0,7,226,2.7431750297546387,2
1387,graficon46nodi/grafo6166.46,18,46,66,102,122,5.0,28,233,20.6303231716156,2
1388,graficon45nodi/grafo7391.45,18,45,61,100,116,3.0,18,223,5.637867212295532,2
1389,graficon48nodi/grafo7135.48,18,48,68,104,124,6.0,30,412,17.44837737083435,2
1390,graficon59nodi/grafo6718.59,18,59,73,103,117,2.0,9,255,1.6181259155273438,2
1391,graficon36nodi/grafo2877.36,18,36,53,101,118,3.0,13,173,1.6926207542419434,2
1392,graficon42nodi/grafo7744.42,18,42,52,100,110,1.0,5,88,0.1553342342376709,2
1393,graficon55nodi/grafo3834.55,18,55,80,103,128,5.0,34,270,28.2213032245636,2
1394,graficon50nodi/grafo1307.50,18,50,71,104,125,4.0,40,440,23.45167374610901,2
1395,graficon42nodi/grafo7026.42,18,42,55,101,114,4.0,9,114,0.8722362518310547,2
1396,graficon42nodi/grafo7261.42,18,42,62,100,120,5.0,28,337,11.93977975845337,2
1397,graficon56nodi/grafo5341.56,18,56,79,101,124,5.0,40,303,25.574724197387695,2
1398,graficon56nodi/grafo4651.56,18,56,76,101,121,4.0,31,336,12.630643844604492,2
1399,graficon35nodi/grafo5493.35,18,35,53,100,118,3.0,20,231,3.9912970066070557,2
1400,graficon54nodi/grafo3748.54,18,54,73,104,123,5.0,29,208,21.694652795791626,2
1401,graficon56nodi/grafo1205.56,18,56,75,100,119,4.0,26,268,7.668368577957153,2
1402,graficon56nodi/grafo7738.56,18,56,79,102,125,6.0,31,391,25.148348569869995,2
1403,graficon61nodi/grafo3257.61,18,61,82,102,123,4.0,40,517,55.22336792945862,2
1404,graficon48nodi/grafo2254.48,18,48,66,102,120,3.0,19,270,10.912176370620728,2
1405,graficon42nodi/grafo5550.42,18,42,57,101,116,2.0,17,229,1.9387242794036865,2
1406,graficon58nodi/grafo6722.58,18,58,69,103,114,2.0,15,225,2.1540768146514893,2
1407,graficon50nodi/grafo6775.50,18,50,63,101,114,2.0,12,297,3.0382652282714844,2
1408,graficon56nodi/grafo6630.56,18,56,68,103,115,3.0,20,272,6.636285781860352,2
1409,graficon51nodi/grafo7550.51,18,51,66,102,117,3.0,18,250,3.0774075984954834,2
1410,graficon55nodi/grafo4367.55,18,55,72,103,120,3.0,10,163,1.4861791133880615,2
1411,graficon40nodi/grafo7165.40,18,40,55,102,117,4.0,21,215,7.47731351852417,2
1412,graficon67nodi/grafo6272.67,18,67,72,100,105,1.0,1,90,0.07087016105651855,2
1413,graficon51nodi/grafo3484.51,18,51,68,104,121,5.0,29,248,13.516570806503296,2
1414,graficon53nodi/grafo2794.53,18,53,73,104,124,7.0,29,313,16.161571741104126,2
1415,graficon49nodi/grafo4734.49,18,49,59,101,111,1.0,3,129,0.666273832321167,2
1416,graficon50nodi/grafo5745.50,18,50,75,101,126,6.0,47,258,43.530115604400635,2
1417,graficon63nodi/grafo1570.63,18,63,74,100,111,3.0,13,200,2.170318365097046,2
1418,graficon39nodi/grafo11671.39,18,39,52,101,114,4.0,9,149,1.8096554279327393,2
1419,graficon67nodi/grafo1617.67,18,67,80,103,116,2.0,10,162,2.5441126823425293,2
1420,graficon39nodi/grafo5762.39,18,39,59,103,123,4.0,19,215,4.420698404312134,2
1421,graficon54nodi/grafo4467.54,18,54,69,102,117,3.0,8,254,1.764892578125,2
1422,graficon36nodi/grafo5175.36,18,36,45,101,110,2.0,5,85,0.28629422187805176,2
1423,graficon49nodi/grafo5220.49,18,49,64,100,115,4.0,14,322,4.941288471221924,2
1424,graficon57nodi/grafo5032.57,18,57,69,101,113,2.0,6,240,1.9357647895812988,2
1425,graficon44nodi/grafo5221.44,18,44,57,102,115,2.0,14,146,1.457360029220581,2
1426,graficon42nodi/grafo10008.42,18,42,61,107,126,3.0,15,221,2.054354667663574,2
1427,graficon44nodi/grafo3501.44,18,44,63,106,125,4.0,24,352,13.13299560546875,2
1428,graficon55nodi/grafo4528.55,18,55,67,106,118,2.0,5,156,0.7568120956420898,2
1429,graficon45nodi/grafo7219.45,18,45,59,108,122,3.0,14,224,4.348056077957153,2
1430,graficon39nodi/grafo5763.39,18,39,54,109,124,2.0,7,134,1.1608843803405762,2
1431,graficon55nodi/grafo1361.55,18,55,66,106,117,2.0,8,283,1.0566027164459229,2
1432,graficon45nodi/grafo7555.45,18,45,58,106,119,2.0,7,136,0.8319203853607178,2
1433,graficon54nodi/grafo7407.54,18,54,66,105,117,3.0,12,215,4.277438163757324,2
1434,graficon57nodi/grafo5924.57,18,57,74,105,122,3.0,15,217,2.653005838394165,2
1435,graficon44nodi/grafo6229.44,18,44,56,107,119,2.0,6,109,0.5367996692657471,2
1436,graficon43nodi/grafo6343.43,18,43,55,106,118,2.0,10,138,1.7476778030395508,2
1437,graficon48nodi/grafo6544.48,18,48,61,105,118,2.0,14,217,3.913395404815674,2
1438,graficon62nodi/grafo1215.62,18,62,82,105,125,6.0,41,344,31.621686220169067,2
1439,graficon51nodi/grafo3726.51,18,51,70,105,124,3.0,24,218,13.944477319717407,2
1440,graficon64nodi/grafo9460.64,18,64,78,107,121,3.0,15,296,8.774441480636597,2
1441,graficon47nodi/grafo5255.47,18,47,64,106,123,3.0,16,272,3.9977774620056152,2
1442,graficon61nodi/grafo4491.61,18,61,79,109,127,2.0,17,174,2.870966911315918,2
1443,graficon44nodi/grafo5130.44,18,44,56,106,118,3.0,13,169,1.7081797122955322,2
1444,graficon45nodi/grafo6438.45,18,45,58,105,118,2.0,9,209,1.8070433139801025,2
1445,graficon53nodi/grafo4079.53,18,53,62,107,116,2.0,9,121,1.0322325229644775,2
1446,graficon40nodi/grafo10057.40,18,40,59,106,125,6.0,39,271,81.23130464553833,2
1447,graficon52nodi/grafo7181.52,18,52,81,109,138,5.0,48,325,53.81826400756836,2
1448,graficon46nodi/grafo5473.46,18,46,64,106,124,3.0,17,267,3.6211471557617188,2
1449,graficon46nodi/grafo6674.46,18,46,62,107,123,3.0,15,213,2.2388803958892822,2
1450,graficon51nodi/grafo4756.51,18,51,70,109,128,3.0,22,302,5.158119201660156,2
1451,graficon38nodi/grafo11400.38,18,38,49,109,120,1.0,7,115,0.2761375904083252,2
1452,graficon43nodi/grafo6348.43,18,43,56,108,121,4.0,13,240,1.7231104373931885,2
1453,graficon36nodi/grafo6109.36,18,36,52,106,122,2.0,12,191,2.4168076515197754,2
1454,graficon53nodi/grafo4167.53,18,53,69,106,122,3.0,17,200,3.8600680828094482,2
1455,graficon66nodi/grafo9206.66,18,66,84,109,127,5.0,29,239,30.388879537582397,2
1456,graficon58nodi/grafo3235.58,18,58,71,109,122,3.0,14,282,3.1585850715637207,2
1457,graficon48nodi/grafo6554.48,18,48,70,107,129,6.0,44,378,22.36968231201172,2
1458,graficon60nodi/grafo1192.60,18,60,79,106,125,5.0,34,268,12.385775089263916,2
1459,graficon46nodi/grafo6771.46,18,46,55,107,116,2.0,5,133,0.5867528915405273,2
1460,graficon40nodi/grafo5231.40,18,40,56,108,124,3.0,14,227,4.07298469543457,2
1461,graficon38nodi/grafo6547.38,18,38,64,107,133,9.0,55,332,115.67410659790039,2
1462,graficon59nodi/grafo3194.59,18,59,67,106,114,1.0,3,138,0.24346423149108887,2
1463,graficon47nodi/grafo6384.47,18,47,72,108,133,6.0,39,379,32.142770767211914,2
1464,graficon42nodi/grafo7389.42,18,42,62,109,129,4.0,22,218,7.694841384887695,2
1465,graficon54nodi/grafo7090.54,18,54,72,107,125,5.0,25,396,23.52779793739319,2
1466,graficon43nodi/grafo3227.43,18,43,65,108,130,4.0,26,318,6.102731704711914,2
1467,graficon44nodi/grafo7751.44,18,44,58,105,119,2.0,9,117,0.963679313659668,2
1468,graficon40nodi/grafo7767.40,18,40,54,107,121,2.0,8,100,0.6616213321685791,2
1469,graficon49nodi/grafo7010.49,18,49,67,106,124,3.0,14,185,1.7539138793945312,2
1470,graficon60nodi/grafo4421.60,18,60,73,106,119,2.0,14,285,6.076014280319214,2
1471,graficon52nodi/grafo1431.52,18,52,70,109,127,4.0,15,190,1.5682682991027832,2
1472,graficon48nodi/grafo6390.48,18,48,65,109,126,3.0,16,201,2.8662171363830566,2
1473,graficon46nodi/grafo5713.46,18,46,66,105,125,3.0,22,200,6.601782560348511,2
1474,graficon55nodi/grafo5960.55,18,55,79,108,132,8.0,55,588,59.125123262405396,2
1475,graficon55nodi/grafo4161.55,18,55,73,106,124,10.0,24,315,9.078696727752686,2
1476,graficon37nodi/grafo3359.37,18,37,58,109,130,5.0,18,287,3.4322009086608887,2
1477,graficon52nodi/grafo5150.52,18,52,70,107,125,5.0,16,268,4.323347568511963,2
1478,graficon55nodi/grafo4967.55,18,55,66,109,120,2.0,10,190,3.3281102180480957,2
1479,graficon49nodi/grafo2656.49,18,49,59,107,117,1.0,6,169,0.9432299137115479,2
1480,graficon44nodi/grafo7259.44,18,44,61,105,122,5.0,14,173,1.5973484516143799,2
1481,graficon45nodi/grafo6396.45,18,45,65,108,128,4.0,23,213,6.994249105453491,2
1482,graficon47nodi/grafo3730.47,18,47,63,107,123,3.0,11,203,2.844571352005005,2
1483,graficon47nodi/grafo2478.47,18,47,62,105,120,4.0,18,289,5.21863579750061,2
1484,graficon59nodi/grafo6030.59,18,59,80,105,126,5.0,27,309,14.432671785354614,2
1485,graficon47nodi/grafo6696.47,18,47,66,106,125,4.0,21,237,3.405006170272827,2
1486,graficon60nodi/grafo5223.60,18,60,83,105,128,8.0,49,609,54.77751708030701,2
1487,graficon40nodi/grafo4038.40,18,40,53,107,120,2.0,9,151,1.3061370849609375,2
1488,graficon57nodi/grafo4177.57,18,57,76,107,126,3.0,19,399,12.016568660736084,2
1489,graficon57nodi/grafo5329.57,18,57,71,106,120,2.0,9,211,1.912426233291626,2
1490,graficon57nodi/grafo5849.57,18,57,81,106,130,5.0,32,303,25.88696837425232,2
1491,graficon58nodi/grafo1501.58,18,58,72,108,122,1.0,5,152,0.21674752235412598,2
1492,graficon61nodi/grafo9391.61,18,61,78,107,124,4.0,18,185,3.227030038833618,2
1493,graficon55nodi/grafo3352.55,18,55,69,108,122,2.0,8,165,1.4188783168792725,2
1494,graficon38nodi/grafo3917.38,18,38,58,105,125,4.0,24,324,13.117658376693726,2
1495,graficon65nodi/grafo9118.65,18,65,84,105,124,2.0,11,311,3.2769384384155273,2
1496,graficon59nodi/grafo5083.59,18,59,71,106,118,3.0,16,376,6.068784236907959,2
1497,graficon41nodi/grafo5811.41,18,41,59,105,123,5.0,26,239,7.213772535324097,2
1498,graficon52nodi/grafo3185.52,18,52,76,108,132,4.0,32,244,11.574702501296997,2
1499,graficon61nodi/grafo6898.61,18,61,72,109,120,1.0,10,224,2.615769147872925,2
1500,graficon49nodi/grafo6707.49,18,49,64,106,121,4.0,20,258,5.425695180892944,2
1501,graficon37nodi/grafo4080.37,18,37,57,112,132,5.0,26,368,9.660489320755005,2
1502,graficon54nodi/grafo1328.54,18,54,71,112,129,2.0,18,322,3.3453283309936523,2
1503,graficon56nodi/grafo4416.56,18,56,70,114,128,3.0,14,175,1.982966423034668,2
1504,graficon59nodi/grafo4386.59,18,59,73,111,125,2.0,9,210,1.5353343486785889,2
1505,graficon54nodi/grafo4332.54,18,54,69,111,126,3.0,15,189,5.302404403686523,2
1506,graficon35nodi/grafo5351.35,18,35,51,111,127,3.0,9,167,0.9622468948364258,2
1507,graficon56nodi/grafo4275.56,18,56,76,113,133,4.0,27,275,7.6844305992126465,2
1508,graficon59nodi/grafo6792.59,18,59,76,114,131,5.0,25,361,19.624715089797974,2
1509,graficon69nodi/grafo7584.69,18,69,80,114,125,2.0,12,195,3.086632251739502,2
1510,graficon51nodi/grafo6893.51,18,51,68,114,131,3.0,15,234,5.095207691192627,2
1511,graficon58nodi/grafo5098.58,18,58,79,112,133,7.0,47,637,33.061004877090454,2
1512,graficon64nodi/grafo7471.64,18,64,76,110,122,3.0,12,303,1.9522900581359863,2
1513,graficon74nodi/grafo8685.74,18,74,94,114,134,7.0,19,443,17.690975427627563,2
1514,graficon47nodi/grafo7236.47,18,47,70,111,134,5.0,30,379,12.721201181411743,2
1515,graficon60nodi/grafo4548.60,18,60,72,112,124,6.0,20,297,10.654783487319946,2
1516,graficon64nodi/grafo4288.64,18,64,81,111,128,2.0,18,289,8.499812841415405,2
1517,graficon77nodi/grafo8372.77,18,77,85,112,120,2.0,8,306,5.406921148300171,2
1518,graficon61nodi/grafo5418.61,18,61,82,112,133,4.0,16,451,7.003243684768677,2
1519,graficon59nodi/grafo4463.59,18,59,76,114,131,3.0,10,288,1.8194308280944824,2
1520,graficon58nodi/grafo4889.58,18,58,77,111,130,5.0,27,346,30.255250930786133,2
1521,graficon55nodi/grafo4661.55,18,55,69,111,125,2.0,15,195,2.9382269382476807,2
1522,graficon43nodi/grafo5950.43,18,43,56,112,125,3.0,8,131,1.021056890487671,2
1523,graficon44nodi/grafo5404.44,18,44,60,113,129,2.0,13,250,2.9849889278411865,2
1524,graficon59nodi/grafo6503.59,18,59,73,111,125,3.0,12,157,2.876385450363159,2
1525,graficon35nodi/grafo5852.35,18,35,50,112,127,2.0,7,90,0.9949240684509277,2
1526,graficon55nodi/grafo4318.55,18,55,81,114,140,7.0,45,434,27.854695558547974,2
1527,graficon63nodi/grafo9365.63,18,63,83,110,130,4.0,23,408,17.43063497543335,2
1528,graficon39nodi/grafo2982.39,18,39,52,112,125,2.0,7,146,0.9381039142608643,2
1529,graficon58nodi/grafo6031.58,18,58,82,113,137,7.0,36,478,41.570765256881714,2
1530,graficon40nodi/grafo3131.40,18,40,53,112,125,3.0,12,210,2.242826461791992,2
1531,graficon66nodi/grafo1564.66,18,66,85,114,133,4.0,16,288,7.717188358306885,2
1532,graficon44nodi/grafo6276.44,18,44,62,112,130,3.0,11,141,1.6309711933135986,2
1533,graficon65nodi/grafo9158.65,18,65,87,114,136,9.0,45,426,113.07864546775818,2
1534,graficon61nodi/grafo3853.61,18,61,79,113,131,3.0,26,294,20.550630807876587,2
1535,graficon61nodi/grafo9775.61,18,61,79,113,131,2.0,16,435,13.482117414474487,2
1536,graficon43nodi/grafo3947.43,18,43,63,114,134,2.0,11,256,1.4720444679260254,2
1537,graficon42nodi/grafo7666.42,18,42,63,111,132,6.0,25,320,17.27336072921753,2
1538,graficon72nodi/grafo8975.72,18,72,87,112,127,3.0,27,443,39.685490131378174,2
1539,graficon51nodi/grafo4726.51,18,51,67,110,126,2.0,9,397,8.793312072753906,2
1540,graficon46nodi/grafo5659.46,18,46,60,110,124,2.0,11,213,1.5157134532928467,2
1541,graficon63nodi/grafo2914.63,18,63,80,111,128,3.0,29,259,27.42529559135437,2
1542,graficon58nodi/grafo5008.58,18,58,77,114,133,3.0,23,260,10.198795080184937,2
1543,graficon59nodi/grafo6791.59,18,59,76,114,131,5.0,25,361,21.411244869232178,2
1544,graficon53nodi/grafo1262.53,18,53,74,114,135,7.0,40,379,31.205257654190063,2
1545,graficon56nodi/grafo6350.56,18,56,74,114,132,6.0,20,301,6.944485187530518,2
1546,graficon36nodi/grafo3241.36,18,36,47,110,121,2.0,8,112,0.9333798885345459,2
1547,graficon52nodi/grafo3628.52,18,52,71,114,133,4.0,13,296,2.9847562313079834,2
1548,graficon40nodi/grafo4021.40,18,40,51,111,122,3.0,8,105,0.783653974533081,2
1549,graficon60nodi/grafo5483.60,18,60,75,113,128,3.0,7,317,2.9165680408477783,2
1550,graficon42nodi/grafo5183.42,18,42,58,110,126,3.0,16,203,5.876368761062622,2
1551,graficon62nodi/grafo4952.62,18,62,78,110,126,3.0,16,315,7.16818642616272,2
1552,graficon44nodi/grafo6968.44,18,44,67,112,135,5.0,24,252,3.7030177116394043,2
1553,graficon46nodi/grafo6553.46,18,46,66,111,131,2.0,14,215,3.1390631198883057,2
1554,graficon56nodi/grafo6546.56,18,56,70,113,127,2.0,9,222,4.507035493850708,2
1555,graficon55nodi/grafo7054.55,18,55,79,112,136,5.0,40,410,74.25981330871582,2
1556,graficon62nodi/grafo6494.62,18,62,81,111,130,6.0,30,325,19.047136545181274,2
1557,graficon56nodi/grafo4322.56,18,56,78,113,135,5.0,32,300,21.47660756111145,2
1558,graficon62nodi/grafo7772.62,18,62,79,113,130,3.0,19,273,11.478024959564209,2
1559,graficon61nodi/grafo4616.61,18,61,81,111,131,4.0,20,335,18.270978689193726,2
1560,graficon63nodi/grafo4884.63,18,63,86,113,136,7.0,30,501,16.897704601287842,2
1561,graficon38nodi/grafo10618.38,18,38,54,113,129,3.0,20,182,4.564457654953003,2
1562,graficon52nodi/grafo6715.52,18,52,72,110,130,5.0,26,419,26.370493173599243,2
1563,graficon41nodi/grafo4031.41,18,41,62,111,132,3.0,23,247,5.987328052520752,2
1564,graficon53nodi/grafo5040.53,18,53,72,112,131,3.0,21,352,10.337185382843018,2
1565,graficon63nodi/grafo4162.63,18,63,81,113,131,3.0,20,355,12.902247428894043,2
1566,graficon53nodi/grafo4750.53,18,53,64,113,124,2.0,6,136,0.6725959777832031,2
1567,graficon37nodi/grafo5965.37,18,37,52,113,128,3.0,10,173,2.0696451663970947,2
1568,graficon41nodi/grafo149.41,18,41,54,111,124,2.0,9,157,1.4969217777252197,2
1569,graficon68nodi/grafo4896.68,18,68,86,114,132,3.0,20,193,4.688218116760254,2
1570,graficon48nodi/grafo6561.48,18,48,68,111,131,3.0,15,321,7.311583518981934,2
1571,graficon64nodi/grafo9060.64,18,64,81,112,129,4.0,26,294,23.168890476226807,2
1572,graficon44nodi/grafo4022.44,18,44,63,113,132,2.0,17,288,6.646371603012085,2
1573,graficon39nodi/grafo3142.39,18,39,52,111,124,2.0,10,171,1.805788516998291,2
1574,graficon64nodi/grafo9057.64,18,64,85,114,135,4.0,32,354,23.498721837997437,2
1575,graficon38nodi/grafo7492.38,18,38,57,111,130,5.0,27,315,17.456159114837646,2
1576,graficon56nodi/grafo1366.56,18,56,70,115,129,1.0,6,191,0.9168963432312012,2
1577,graficon57nodi/grafo4130.57,18,57,79,117,139,7.0,38,402,200.06319880485535,2
1578,graficon55nodi/grafo6661.55,18,55,72,117,134,2.0,13,202,2.0364789962768555,2
1579,graficon59nodi/grafo1342.59,18,59,70,117,128,2.0,13,245,7.0867650508880615,2
1580,graficon64nodi/grafo9594.64,18,64,86,117,139,4.0,31,308,29.91558861732483,2
1581,graficon57nodi/grafo6107.57,18,57,75,119,137,2.0,22,317,17.985809087753296,2
1582,graficon64nodi/grafo9467.64,18,64,75,117,128,2.0,8,177,1.6980485916137695,2
1583,graficon68nodi/grafo9749.68,18,68,82,119,133,2.0,14,307,8.851128816604614,2
1584,graficon56nodi/grafo1480.56,18,56,77,118,139,8.0,50,429,74.93948173522949,2
1585,graficon37nodi/grafo11566.37,18,37,53,116,132,3.0,12,153,2.101823091506958,2
1586,graficon62nodi/grafo5406.62,18,62,77,117,132,2.0,14,202,3.5269973278045654,2
1587,graficon71nodi/grafo8270.71,18,71,91,118,138,3.0,22,260,12.992626667022705,2
1588,graficon54nodi/grafo5311.54,18,54,74,115,135,5.0,27,473,22.02150535583496,2
1589,graficon59nodi/grafo4198.59,18,59,75,115,131,5.0,23,248,9.375547647476196,2
1590,graficon51nodi/grafo6747.51,18,51,65,118,132,3.0,11,183,2.375246047973633,2
1591,graficon68nodi/grafo6622.68,18,68,77,115,124,1.0,4,173,0.3676145076751709,2
1592,graficon64nodi/grafo4563.64,18,64,87,118,141,7.0,56,507,107.80964732170105,2
1593,graficon64nodi/grafo5788.64,18,64,77,117,130,3.0,15,254,7.265495538711548,2
1594,graficon67nodi/grafo6909.67,18,67,77,115,125,2.0,13,189,4.102577209472656,2
1595,graficon53nodi/grafo4003.53,18,53,72,118,137,5.0,22,265,21.210030555725098,2
1596,graficon54nodi/grafo6872.54,18,54,76,119,141,7.0,51,363,184.93502068519592,2
1597,graficon57nodi/grafo6269.57,18,57,75,118,136,4.0,32,314,99.32728934288025,2
1598,graficon58nodi/grafo4723.58,18,58,70,118,130,2.0,5,230,1.4705371856689453,2
1599,graficon45nodi/grafo6297.45,18,45,60,115,130,2.0,11,153,1.7809696197509766,2
1600,graficon39nodi/grafo9974.39,18,39,55,117,133,1.0,5,133,0.6114649772644043,2
1601,graficon55nodi/grafo4894.55,18,55,76,116,137,5.0,20,244,9.233782052993774,2
1602,graficon43nodi/grafo5515.43,18,43,64,116,137,5.0,29,346,25.58547329902649,2
1603,graficon52nodi/grafo3810.52,18,52,64,115,127,3.0,13,161,4.244210243225098,2
1604,graficon62nodi/grafo4293.62,18,62,77,115,130,3.0,19,372,8.861519575119019,2
1605,graficon57nodi/grafo3957.57,18,57,80,119,142,5.0,34,338,14.450281143188477,2
1606,graficon42nodi/grafo5345.42,18,42,55,118,131,2.0,6,150,1.4185993671417236,2
1607,graficon44nodi/grafo7605.44,18,44,65,118,139,4.0,17,261,3.1550941467285156,2
1608,graficon47nodi/grafo6300.47,18,47,72,117,142,5.0,42,352,60.24845767021179,2
1609,graficon63nodi/grafo9652.63,18,63,75,118,130,2.0,12,201,4.021075963973999,2
1610,graficon53nodi/grafo5729.53,18,53,75,115,137,5.0,34,352,10.949737548828125,2
1611,graficon58nodi/grafo6690.58,18,58,70,116,128,3.0,7,220,1.2278296947479248,2
1612,graficon75nodi/grafo6954.75,18,75,90,117,132,4.0,16,219,13.750290632247925,2
1613,graficon51nodi/grafo3507.51,18,51,71,117,137,4.0,28,290,11.637925863265991,2
1614,graficon41nodi/grafo7137.41,18,41,59,115,133,3.0,18,176,6.157447576522827,2
1615,graficon69nodi/grafo8347.69,18,69,76,119,126,1.0,3,170,0.5893054008483887,2
1616,graficon64nodi/grafo4722.64,18,64,80,119,135,2.0,14,215,2.316878318786621,2
1617,graficon44nodi/grafo5243.44,18,44,61,118,135,3.0,18,251,3.4727747440338135,2
1618,graficon51nodi/grafo4766.51,18,51,73,117,139,3.0,20,311,8.524359464645386,2
1619,graficon45nodi/grafo7039.45,18,45,63,116,134,2.0,10,237,1.8534321784973145,2
1620,graficon66nodi/grafo1414.66,18,66,82,118,134,3.0,18,288,18.245393991470337,2
1621,graficon48nodi/grafo7601.48,18,48,64,118,134,3.0,18,204,5.574169635772705,2
1622,graficon63nodi/grafo9085.63,18,63,82,119,138,5.0,24,344,11.922939538955688,2
1623,graficon56nodi/grafo4621.56,18,56,67,119,130,3.0,10,161,0.8998136520385742,2
1624,graficon63nodi/grafo7961.63,18,63,76,117,130,2.0,6,233,1.303919792175293,2
1625,graficon56nodi/grafo3760.56,18,56,69,115,128,1.0,8,156,0.763359546661377,2
1626,graficon58nodi/grafo5173.58,18,58,83,115,140,4.0,36,377,45.001622438430786,2
1627,graficon43nodi/grafo6391.43,18,43,62,119,138,9.0,24,289,15.038172483444214,2
1628,graficon37nodi/grafo5229.37,18,37,53,115,131,3.0,13,179,1.8300018310546875,2
1629,graficon67nodi/grafo9070.67,18,67,88,116,137,4.0,39,385,70.79075002670288,2
1630,graficon76nodi/grafo8078.76,18,76,98,117,139,7.0,53,510,148.67197942733765,2
1631,graficon65nodi/grafo1527.65,18,65,77,117,129,2.0,9,196,1.642071008682251,2
1632,graficon37nodi/grafo6959.37,18,37,55,117,135,2.0,10,128,1.3212125301361084,2
1633,graficon46nodi/grafo6724.46,18,46,66,118,138,4.0,23,255,115.81424856185913,2
1634,graficon43nodi/grafo5987.43,18,43,63,117,137,5.0,30,215,3.8695030212402344,2
1635,graficon64nodi/grafo9098.64,18,64,80,117,133,2.0,15,232,2.1367015838623047,2
1636,graficon54nodi/grafo3460.54,18,54,82,117,145,7.0,52,622,67.70212697982788,2
1637,graficon50nodi/grafo4869.50,18,50,69,117,136,3.0,18,234,5.291061639785767,2
1638,graficon44nodi/grafo4017.44,18,44,60,118,134,4.0,16,213,6.177181720733643,2
1639,graficon61nodi/grafo9367.61,18,61,77,117,133,6.0,14,336,8.487290859222412,2
1640,graficon37nodi/grafo6698.37,18,37,54,118,135,3.0,13,153,2.2563424110412598,2
1641,graficon66nodi/grafo4656.66,18,66,81,119,134,2.0,15,263,9.627860307693481,2
1642,graficon52nodi/grafo4874.52,18,52,70,119,137,2.0,7,314,2.637809991836548,2
1643,graficon57nodi/grafo6446.57,18,57,68,116,127,2.0,4,164,1.174175500869751,2
1644,graficon57nodi/grafo1567.57,18,57,74,118,135,3.0,14,185,2.699002981185913,2
1645,graficon60nodi/grafo7536.60,18,60,76,119,135,6.0,23,349,23.358217239379883,2
1646,graficon62nodi/grafo9405.62,18,62,82,117,137,4.0,32,560,39.40400171279907,2
1647,graficon58nodi/grafo4605.58,18,58,84,118,144,7.0,50,583,57.23949074745178,2
1648,graficon39nodi/grafo3902.39,18,39,53,116,130,8.0,13,194,1.7649781703948975,2
1649,graficon46nodi/grafo6228.46,18,46,62,116,132,4.0,21,298,7.902193069458008,2
1650,graficon63nodi/grafo6941.63,18,63,82,116,135,4.0,23,298,13.739400863647461,2
1651,graficon58nodi/grafo5389.58,18,58,84,122,148,5.0,45,418,85.19188523292542,2
1652,graficon52nodi/grafo3704.52,18,52,70,121,139,4.0,24,333,11.262136936187744,2
1653,graficon60nodi/grafo5914.60,18,60,82,124,146,6.0,45,401,153.04573607444763,2
1654,graficon58nodi/grafo4730.58,18,58,86,123,151,6.0,32,591,29.384421348571777,2
1655,graficon68nodi/grafo8028.68,18,68,94,121,147,8.0,71,603,228.87443590164185,2
1656,graficon47nodi/grafo3846.47,18,47,65,124,142,2.0,14,304,2.410395622253418,2
1657,graficon46nodi/grafo6790.46,18,46,74,121,149,10.0,50,522,180.39396214485168,2
1658,graficon73nodi/grafo6710.73,18,73,94,124,145,7.0,39,502,24.882325649261475,2
1659,graficon59nodi/grafo7328.59,18,59,71,120,132,2.0,8,164,0.8274703025817871,2
1660,graficon46nodi/grafo7399.46,18,46,63,123,140,3.0,15,173,6.347064018249512,2
1661,graficon76nodi/grafo7967.76,18,76,100,121,145,5.0,44,782,68.91880416870117,2
1662,graficon67nodi/grafo8050.67,18,67,86,123,142,4.0,22,393,38.16217350959778,2
1663,graficon42nodi/grafo6310.42,18,42,63,122,143,3.0,21,224,7.313507795333862,2
1664,graficon56nodi/grafo3658.56,18,56,78,124,146,11.0,44,389,35.86871862411499,2
1665,graficon62nodi/grafo4245.62,18,62,84,121,143,5.0,33,272,29.54922366142273,2
1666,graficon77nodi/grafo4554.77,18,77,99,124,146,11.0,51,518,145.01046586036682,2
1667,graficon60nodi/grafo4856.60,18,60,80,122,142,4.0,22,298,7.981986999511719,2
1668,graficon53nodi/grafo4505.53,18,53,69,120,136,2.0,7,165,2.2405078411102295,2
1669,graficon43nodi/grafo5443.43,18,43,59,122,138,3.0,16,204,5.678614854812622,2
1670,graficon51nodi/grafo6475.51,18,51,66,122,137,3.0,16,170,3.3942980766296387,2
1671,graficon47nodi/grafo7084.47,18,47,65,124,142,3.0,14,222,8.787715911865234,2
1672,graficon75nodi/grafo8507.75,18,75,88,123,136,2.0,11,177,41.600210666656494,2
1673,graficon48nodi/grafo1416.48,18,48,62,124,138,2.0,8,176,1.190596103668213,2
1674,graficon63nodi/grafo9234.63,18,63,87,120,144,6.0,39,372,41.130274057388306,2
1675,graficon51nodi/grafo4154.51,18,51,65,121,135,2.0,10,222,2.6416332721710205,2
1676,graficon62nodi/grafo4988.62,18,62,78,121,137,3.0,22,287,45.86935305595398,2
1677,graficon61nodi/grafo6131.61,18,61,79,123,141,3.0,14,403,16.63357663154602,2
1678,graficon44nodi/grafo6911.44,18,44,59,124,139,2.0,6,126,0.6801013946533203,2
1679,graficon58nodi/grafo3448.58,18,58,85,124,151,5.0,40,412,51.13539910316467,2
1680,graficon60nodi/grafo8115.60,18,60,74,120,134,4.0,21,284,19.009158849716187,2
1681,graficon55nodi/grafo3950.55,18,55,74,121,140,3.0,19,275,17.666954040527344,2
1682,graficon64nodi/grafo9659.64,18,64,82,122,140,4.0,27,312,27.45640802383423,2
1683,graficon44nodi/grafo3705.44,18,44,57,120,133,1.0,7,149,1.6188268661499023,2
1684,graficon61nodi/grafo4313.61,18,61,89,120,148,7.0,41,302,184.72495222091675,2
1685,graficon57nodi/grafo3991.57,18,57,81,120,144,6.0,40,432,29.612643718719482,2
1686,graficon46nodi/grafo7405.46,18,46,64,123,141,3.0,23,249,13.574715375900269,2
1687,graficon57nodi/grafo3791.57,18,57,78,123,144,3.0,33,325,26.98370337486267,2
1688,graficon43nodi/grafo3269.43,18,43,58,122,137,2.0,9,186,1.564016580581665,2
1689,graficon39nodi/grafo6026.39,18,39,61,122,144,3.0,14,181,2.8226895332336426,2
1690,graficon62nodi/grafo9822.62,18,62,89,124,151,7.0,58,504,228.84440279006958,2
1691,graficon49nodi/grafo4046.49,18,49,67,122,140,3.0,13,267,8.843213558197021,2
1692,graficon55nodi/grafo3346.55,18,55,74,122,141,3.0,15,273,5.295071363449097,2
1693,graficon56nodi/grafo4940.56,18,56,72,121,137,3.0,13,289,3.565798759460449,2
1694,graficon57nodi/grafo4083.57,18,57,78,124,145,3.0,29,296,21.029324054718018,2
1695,graficon46nodi/grafo3636.46,18,46,62,121,137,3.0,12,243,2.814150333404541,2
1696,graficon55nodi/grafo4394.55,18,55,76,124,145,4.0,25,310,63.838141441345215,2
1697,graficon42nodi/grafo6004.42,18,42,60,121,139,3.0,10,183,2.135281801223755,2
1698,graficon61nodi/grafo4331.61,18,61,78,124,141,3.0,13,233,2.1812338829040527,2
1699,graficon69nodi/grafo7284.69,18,69,87,121,139,5.0,26,270,9.10190486907959,2
1700,graficon55nodi/grafo3598.55,18,55,73,122,140,3.0,20,267,8.680780410766602,2
1701,graficon55nodi/grafo4356.55,18,55,73,120,138,4.0,17,186,5.609174728393555,2
1702,graficon61nodi/grafo5755.61,18,61,85,124,148,8.0,42,361,42.698033571243286,2
1703,graficon38nodi/grafo11236.38,18,38,52,124,138,2.0,5,127,0.6770532131195068,2
1704,graficon56nodi/grafo5089.56,18,56,83,123,150,7.0,39,284,161.7827663421631,2
1705,graficon46nodi/grafo7386.46,18,46,66,122,142,3.0,25,321,26.576082229614258,2
1706,graficon60nodi/grafo8159.60,18,60,85,122,147,5.0,31,475,27.00046181678772,2
1707,graficon61nodi/grafo3564.61,18,61,79,124,142,5.0,33,419,63.26115822792053,2
1708,graficon66nodi/grafo8771.66,18,66,88,123,145,4.0,21,258,8.493868112564087,2
1709,graficon56nodi/grafo5055.56,18,56,77,124,145,3.0,28,354,8.899436235427856,2
1710,graficon58nodi/grafo4280.58,18,58,75,120,137,2.0,16,293,11.3002769947052,2
1711,graficon69nodi/grafo4408.69,18,69,91,121,143,6.0,34,513,63.763694524765015,2
1712,graficon53nodi/grafo6767.53,18,53,73,121,141,3.0,24,411,27.299962520599365,2
1713,graficon63nodi/grafo4642.63,18,63,84,124,145,6.0,29,312,36.374202728271484,2
1714,graficon61nodi/grafo8562.61,18,61,80,122,141,5.0,24,292,4.292855262756348,2
1715,graficon37nodi/grafo3533.37,18,37,57,120,140,3.0,20,297,8.369619369506836,2
1716,graficon43nodi/grafo6008.43,18,43,68,124,149,5.0,27,349,15.764087915420532,2
1717,graficon60nodi/grafo3198.60,18,60,80,123,143,5.0,32,354,30.99650478363037,2
1718,graficon48nodi/grafo1488.48,18,48,58,122,132,2.0,7,176,1.6023523807525635,2
1719,graficon60nodi/grafo7341.60,18,60,78,124,142,4.0,23,247,3.184837818145752,2
1720,graficon73nodi/grafo9705.73,18,73,94,124,145,4.0,20,347,13.184562921524048,2
1721,graficon62nodi/grafo5912.62,18,62,75,122,135,3.0,12,189,11.198884963989258,2
1722,graficon51nodi/grafo4451.51,18,51,72,124,145,3.0,18,249,2.4664995670318604,2
1723,graficon69nodi/grafo7808.69,18,69,88,120,139,4.0,17,273,13.053699254989624,2
1724,graficon68nodi/grafo2711.68,18,68,82,124,138,2.0,10,304,2.917555332183838,2
1725,graficon63nodi/grafo4263.63,18,63,77,123,137,2.0,13,204,2.440807580947876,2
1726,graficon66nodi/grafo9266.66,18,66,93,127,154,5.0,47,525,72.91326975822449,2
1727,graficon48nodi/grafo7477.48,18,48,69,126,147,4.0,28,326,23.354357957839966,2
1728,graficon65nodi/grafo4828.65,18,65,88,125,148,4.0,23,487,16.591761112213135,2
1729,graficon59nodi/grafo4124.59,18,59,82,126,149,3.0,18,222,5.288989067077637,2
1730,graficon51nodi/grafo3677.51,18,51,71,129,149,3.0,22,271,15.275604248046875,2
1731,graficon54nodi/grafo3737.54,18,54,77,127,150,4.0,31,298,41.83474922180176,2
1732,graficon64nodi/grafo9716.64,18,64,82,125,143,4.0,20,316,9.473606586456299,2
1733,graficon60nodi/grafo6454.60,18,60,78,125,143,3.0,18,196,8.67294955253601,2
1734,graficon63nodi/grafo9179.63,18,63,74,125,136,1.0,7,193,4.524111270904541,2
1735,graficon46nodi/grafo6834.46,18,46,67,127,148,5.0,29,238,6.311950922012329,2
1736,graficon50nodi/grafo4950.50,18,50,64,125,139,2.0,8,268,1.482858657836914,2
1737,graficon67nodi/grafo5107.67,18,67,80,129,142,3.0,15,309,4.659959554672241,2
1738,graficon44nodi/grafo7398.44,18,44,58,128,142,2.0,12,147,2.2654240131378174,2
1739,graficon59nodi/grafo6969.59,18,59,79,129,149,4.0,22,178,7.168668508529663,2
1740,graficon54nodi/grafo3614.54,18,54,75,125,146,4.0,26,360,13.578798770904541,2
1741,graficon60nodi/grafo4876.60,18,60,78,127,145,3.0,23,262,10.480812311172485,2
1742,graficon40nodi/grafo10615.40,18,40,50,129,139,1.0,1,96,0.1336348056793213,2
1743,graficon69nodi/grafo9667.69,18,69,88,126,145,5.0,19,476,18.307508945465088,2
1744,graficon41nodi/grafo3889.41,18,41,55,126,140,3.0,12,153,1.6284756660461426,2
1745,graficon43nodi/grafo7193.43,18,43,64,125,146,4.0,25,215,6.299561977386475,2
1746,graficon68nodi/grafo9145.68,18,68,86,129,147,3.0,23,316,27.96872615814209,2
1747,graficon68nodi/grafo8032.68,18,68,83,126,141,2.0,5,217,1.5603225231170654,2
1748,graficon56nodi/grafo4601.56,18,56,71,125,140,2.0,12,202,2.126244306564331,2
1749,graficon57nodi/grafo4462.57,18,57,67,127,137,1.0,5,189,0.6160933971405029,2
1750,graficon69nodi/grafo7516.69,18,69,88,128,147,5.0,36,314,45.6095826625824,2
1751,graficon56nodi/grafo3789.56,18,56,79,129,152,6.0,31,257,37.42839694023132,2
1752,graficon49nodi/grafo1542.49,18,49,59,126,136,2.0,5,140,0.8788161277770996,2
1753,graficon56nodi/grafo3569.56,18,56,75,125,144,4.0,23,331,12.807149648666382,2
1754,graficon62nodi/grafo9583.62,18,62,77,129,144,2.0,13,199,2.0641660690307617,2
1755,graficon56nodi/grafo5249.56,18,56,85,125,154,4.0,36,596,50.142327547073364,2
1756,graficon48nodi/grafo3561.48,18,48,68,127,147,3.0,28,247,14.228222131729126,2
1757,graficon63nodi/grafo3204.63,18,63,87,128,152,7.0,40,512,61.392940521240234,2
1758,graficon53nodi/grafo7077.53,18,53,73,126,146,4.0,16,277,4.425890684127808,2
1759,graficon56nodi/grafo5077.56,18,56,79,125,148,5.0,35,296,68.94013142585754,2
1760,graficon57nodi/grafo4700.57,18,57,76,125,144,5.0,21,284,1.9808096885681152,2
1761,graficon58nodi/grafo7346.58,18,58,78,125,145,4.0,23,276,13.724011421203613,2
1762,graficon57nodi/grafo5317.57,18,57,73,127,143,3.0,21,320,25.7695255279541,2
1763,graficon61nodi/grafo4497.61,18,61,82,125,146,9.0,48,415,135.78437542915344,2
1764,graficon65nodi/grafo9519.65,18,65,85,128,148,4.0,22,237,4.502065896987915,2
1765,graficon55nodi/grafo3183.55,18,55,67,125,137,2.0,9,183,2.2469680309295654,2
1766,graficon71nodi/grafo9009.71,18,71,83,128,140,3.0,18,352,17.395649909973145,2
1767,graficon58nodi/grafo6840.58,18,58,73,125,140,2.0,10,226,2.3215057849884033,2
1768,graficon57nodi/grafo4773.57,18,57,79,128,150,5.0,30,353,26.24889588356018,2
1769,graficon54nodi/grafo6321.54,18,54,71,129,146,3.0,17,207,6.621445178985596,2
1770,graficon65nodi/grafo2881.65,18,65,76,129,140,2.0,9,199,4.538970947265625,2
1771,graficon50nodi/grafo6410.50,18,50,69,128,147,2.0,16,242,3.114142894744873,2
1772,graficon64nodi/grafo9180.64,18,64,80,127,143,5.0,23,200,22.09601378440857,2
1773,graficon55nodi/grafo6500.55,18,55,75,125,145,5.0,26,428,41.17100977897644,2
1774,graficon74nodi/grafo7149.74,18,74,93,127,146,2.0,14,210,5.222810745239258,2
1775,graficon66nodi/grafo8998.66,18,66,99,127,160,inf,0,0,601.0085690021515,9
1776,graficon60nodi/grafo5896.60,18,60,84,128,152,6.0,27,481,56.32218599319458,2
1777,graficon48nodi/grafo6833.48,18,48,69,129,150,3.0,19,247,9.377103805541992,2
1778,graficon44nodi/grafo6938.44,18,44,61,127,144,4.0,15,186,3.8838255405426025,2
1779,graficon60nodi/grafo4138.60,18,60,83,129,152,6.0,40,341,209.91247391700745,2
1780,graficon63nodi/grafo5858.63,18,63,83,126,146,5.0,24,430,30.85232973098755,2
1781,graficon61nodi/grafo6803.61,18,61,87,125,151,6.0,49,490,370.7949936389923,2
1782,graficon54nodi/grafo4701.54,18,54,67,126,139,2.0,8,159,1.4060726165771484,2
1783,graficon43nodi/grafo5467.43,18,43,73,129,159,6.0,49,441,98.3120665550232,2
1784,graficon62nodi/grafo9257.62,18,62,85,128,151,3.0,38,568,86.14724969863892,2
1785,graficon59nodi/grafo6980.59,18,59,79,129,149,4.0,22,178,9.00332498550415,2
1786,graficon65nodi/grafo9475.65,18,65,84,126,145,4.0,25,244,26.53597855567932,2
1787,graficon54nodi/grafo7613.54,18,54,78,127,151,8.0,32,369,9.747099876403809,2
1788,graficon43nodi/grafo5187.43,18,43,61,129,147,4.0,12,146,2.0254156589508057,2
1789,graficon41nodi/grafo3701.41,18,41,58,127,144,5.0,22,226,4.00600004196167,2
1790,graficon49nodi/grafo3085.49,18,49,72,128,151,3.0,26,258,11.459153175354004,2
1791,graficon68nodi/grafo9378.68,18,68,81,125,138,2.0,13,217,5.133829832077026,2
1792,graficon59nodi/grafo5600.59,18,59,78,125,144,3.0,19,335,15.501826763153076,2
1793,graficon46nodi/grafo6986.46,18,46,63,127,144,5.0,16,216,3.6750032901763916,2
1794,graficon78nodi/grafo8145.78,18,78,98,127,147,inf,0,0,600.7842645645142,9
1795,graficon61nodi/grafo4392.61,18,61,75,125,139,2.0,17,324,18.802616596221924,2
1796,graficon68nodi/grafo4472.68,18,68,90,128,150,4.0,21,391,14.012262105941772,2
1797,graficon80nodi/grafo9560.80,18,80,100,127,147,inf,0,0,600.95725440979,9
1798,graficon57nodi/grafo6238.57,18,57,87,128,158,5.0,42,461,79.42666387557983,2
1799,graficon62nodi/grafo2002.62,18,62,77,126,141,2.0,18,329,13.833721160888672,2
1800,graficon59nodi/grafo4615.59,18,59,75,129,145,2.0,14,181,2.5753772258758545,2
1801,graficon56nodi/grafo4685.56,18,56,71,132,147,2.0,8,234,0.588878870010376,2
1802,graficon65nodi/grafo4904.65,18,65,78,130,143,1.0,5,287,7.0401930809021,2
1803,graficon75nodi/grafo7926.75,18,75,93,131,149,5.0,26,496,66.29536604881287,2
1804,graficon65nodi/grafo9415.65,18,65,85,131,151,5.0,37,477,193.67077255249023,2
1805,graficon48nodi/grafo5672.48,18,48,70,132,154,4.0,24,319,36.68817758560181,2
1806,graficon54nodi/grafo3189.54,18,54,84,132,162,11.0,54,448,269.76846170425415,2
1807,graficon63nodi/grafo4702.63,18,63,89,134,160,6.0,64,534,600.670768737793,9
1808,graficon60nodi/grafo8898.60,18,60,78,130,148,3.0,17,321,14.748170614242554,2
1809,graficon70nodi/grafo1381.70,18,70,87,133,150,1.0,9,228,2.9828922748565674,2
1810,graficon62nodi/grafo8037.62,18,62,81,132,151,3.0,21,248,37.42394161224365,2
1811,graficon70nodi/grafo8234.70,18,70,89,131,150,5.0,22,210,18.41313910484314,2
1812,graficon63nodi/grafo7806.63,18,63,83,132,152,3.0,14,267,8.725317478179932,2
1813,graficon53nodi/grafo4882.53,18,53,75,133,155,4.0,23,235,14.095046997070312,2
1814,graficon69nodi/grafo1568.69,18,69,89,131,151,3.0,16,328,20.45422077178955,2
1815,graficon56nodi/grafo1478.56,18,56,69,132,145,1.0,6,207,2.0821778774261475,2
1816,graficon67nodi/grafo9187.67,18,67,93,133,159,6.0,69,556,600.7804388999939,9
1817,graficon40nodi/grafo2593.40,18,40,55,130,145,2.0,8,123,1.2563982009887695,2
1818,graficon72nodi/grafo9592.72,18,72,86,132,146,2.0,18,165,10.67598843574524,2
1819,graficon38nodi/grafo6416.38,18,38,57,131,150,3.0,13,139,1.963775634765625,2
1820,graficon65nodi/grafo6412.65,18,65,82,133,150,6.0,21,332,23.986525058746338,2
1821,graficon54nodi/grafo4969.54,18,54,85,130,161,12.0,55,505,229.57280898094177,2
1822,graficon63nodi/grafo9400.63,18,63,85,134,156,3.0,28,254,11.305810928344727,2
1823,graficon66nodi/grafo1298.66,18,66,82,131,147,5.0,20,314,51.93595623970032,2
1824,graficon56nodi/grafo7752.56,18,56,69,134,147,3.0,10,250,5.308154821395874,2
1825,graficon67nodi/grafo9754.67,18,67,96,131,160,5.0,51,596,196.1164586544037,2
1826,graficon55nodi/grafo5444.55,18,55,70,134,149,2.0,15,264,7.354710340499878,2
1827,graficon66nodi/grafo4404.66,18,66,81,131,146,3.0,18,188,13.447988986968994,2
1828,graficon42nodi/grafo4033.42,18,42,64,133,155,3.0,19,315,4.966902494430542,2
1829,graficon69nodi/grafo9191.69,18,69,90,134,155,4.0,23,394,37.24052810668945,2
1830,graficon71nodi/grafo8560.71,18,71,93,132,154,11.0,43,450,427.76788306236267,2
1831,graficon46nodi/grafo5778.46,18,46,69,132,155,4.0,27,383,18.140517234802246,2
1832,graficon51nodi/grafo4577.51,18,51,68,132,149,4.0,19,300,12.088940143585205,2
1833,graficon60nodi/grafo7493.60,18,60,83,131,154,4.0,32,487,69.33144569396973,2
1834,graficon68nodi/grafo1575.68,18,68,84,133,149,4.0,13,216,6.660101890563965,2
1835,graficon45nodi/grafo6295.45,18,45,67,130,152,4.0,28,354,19.79802703857422,2
1836,graficon68nodi/grafo1303.68,18,68,84,131,147,3.0,15,275,12.581062316894531,2
1837,graficon65nodi/grafo9272.65,18,65,81,130,146,5.0,22,327,39.07492542266846,2
1838,graficon65nodi/grafo9575.65,18,65,82,130,147,2.0,16,205,6.063013553619385,2
1839,graficon64nodi/grafo5067.64,18,64,82,131,149,3.0,18,338,30.491011381149292,2
1840,graficon63nodi/grafo4679.63,18,63,87,131,155,5.0,43,366,404.57194995880127,2
1841,graficon69nodi/grafo8072.69,18,69,88,132,151,2.0,15,251,7.504910230636597,2
1842,graficon56nodi/grafo3427.56,18,56,81,131,156,7.0,48,563,164.59590792655945,2
1843,graficon46nodi/grafo6994.46,18,46,64,134,152,3.0,16,318,11.58201265335083,2
1844,graficon66nodi/grafo4737.66,18,66,86,132,152,4.0,28,348,49.61038517951965,2
1845,graficon56nodi/grafo5851.56,18,56,75,131,150,4.0,25,305,9.639834642410278,2
1846,graficon63nodi/grafo5068.63,18,63,87,132,156,6.0,46,417,558.1410355567932,2
1847,graficon55nodi/grafo1487.55,18,55,71,130,146,3.0,17,273,6.950554370880127,2
1848,graficon60nodi/grafo9141.60,18,60,82,130,152,4.0,25,189,7.782191038131714,2
1849,graficon44nodi/grafo6014.44,18,44,59,133,148,2.0,10,189,2.0461862087249756,2
1850,graficon55nodi/grafo6741.55,18,55,80,131,156,6.0,48,332,394.8236427307129,2
1851,graficon66nodi/grafo4727.66,18,66,88,133,155,3.0,27,473,88.84577584266663,2
1852,graficon60nodi/grafo5435.60,18,60,85,132,157,6.0,49,499,167.7961621284485,2
1853,graficon41nodi/grafo3340.41,18,41,54,130,143,3.0,8,171,1.8420684337615967,2
1854,graficon65nodi/grafo9417.65,18,65,88,132,155,3.0,12,304,8.91593313217163,2
1855,graficon61nodi/grafo7324.61,18,61,77,132,148,2.0,17,289,17.133853912353516,2
1856,graficon70nodi/grafo9841.70,18,70,97,131,158,5.0,55,410,185.79506516456604,2
1857,graficon69nodi/grafo7954.69,18,69,103,134,168,inf,0,0,601.0099377632141,9
1858,graficon48nodi/grafo3327.48,18,48,73,133,158,5.0,25,393,25.161518335342407,2
1859,graficon60nodi/grafo8610.60,18,60,77,133,150,3.0,14,187,4.043840169906616,2
1860,graficon71nodi/grafo5375.71,18,71,93,132,154,inf,0,0,601.0148985385895,9
1861,graficon60nodi/grafo4910.60,18,60,76,132,148,3.0,18,214,4.709644556045532,2
1862,graficon63nodi/grafo1606.63,18,63,85,133,155,5.0,29,386,54.562416315078735,2
1863,graficon83nodi/grafo8245.83,18,83,104,130,151,5.0,41,627,308.51408100128174,2
1864,graficon59nodi/grafo4591.59,18,59,83,131,155,3.0,25,381,36.999481201171875,2
1865,graficon54nodi/grafo1545.54,18,54,71,134,151,3.0,17,313,9.566418647766113,2
1866,graficon53nodi/grafo5052.53,18,53,77,130,154,6.0,31,431,50.29779291152954,2
1867,graficon51nodi/grafo7562.51,18,51,81,133,163,10.0,73,500,448.1541635990143,2
1868,graficon58nodi/grafo5403.58,18,58,77,130,149,5.0,31,555,40.7465386390686,2
1869,graficon79nodi/grafo9810.79,18,79,101,133,155,6.0,47,472,600.6949243545532,9
1870,graficon48nodi/grafo5806.48,18,48,65,130,147,4.0,14,267,4.109744071960449,2
1871,graficon49nodi/grafo5654.49,18,49,68,130,149,7.0,19,278,5.206842660903931,2
1872,graficon60nodi/grafo6316.60,18,60,82,132,154,4.0,34,367,29.336613178253174,2
1873,graficon63nodi/grafo9246.63,18,63,89,133,159,6.0,46,518,162.72829246520996,2
1874,graficon71nodi/grafo9173.71,18,71,105,134,168,12.0,72,799,396.58005261421204,2
1875,graficon78nodi/grafo9549.78,18,78,97,132,151,9.0,43,642,375.8280813694,2
1876,graficon64nodi/grafo4584.64,18,64,89,136,161,4.0,34,369,68.87652087211609,2
1877,graficon47nodi/grafo6821.47,18,47,68,138,159,4.0,23,215,8.24415898323059,2
1878,graficon61nodi/grafo8397.61,18,61,82,138,159,4.0,26,247,36.54111337661743,2
1879,graficon52nodi/grafo6177.52,18,52,69,139,156,3.0,13,187,4.441863298416138,2
1880,graficon56nodi/grafo3772.56,18,56,83,138,165,6.0,34,396,166.27191543579102,2
1881,graficon62nodi/grafo4790.62,18,62,85,135,158,6.0,36,362,28.38953924179077,2
1882,graficon51nodi/grafo1520.51,18,51,65,139,153,2.0,19,188,7.775716304779053,2
1883,graficon71nodi/grafo4197.71,18,71,97,139,165,5.0,29,377,57.04626941680908,2
1884,graficon76nodi/grafo4174.76,18,76,98,135,157,5.0,27,317,25.88105607032776,2
1885,graficon62nodi/grafo5986.62,18,62,88,137,163,inf,0,0,600.7320895195007,9
1886,graficon62nodi/grafo7813.62,18,62,81,135,154,5.0,24,316,17.016636848449707,2
1887,graficon57nodi/grafo7627.57,18,57,85,135,163,6.0,47,485,173.22741842269897,2
1888,graficon61nodi/grafo5559.61,18,61,75,139,153,3.0,17,194,12.971796751022339,2
1889,graficon58nodi/grafo6457.58,18,58,84,137,163,4.0,42,427,96.72794389724731,2
1890,graficon53nodi/grafo6147.53,18,53,63,139,149,2.0,6,121,1.447594404220581,2
1891,graficon59nodi/grafo4900.59,18,59,83,139,163,4.0,26,369,24.89723300933838,2
1892,graficon54nodi/grafo4928.54,18,54,72,139,157,4.0,22,241,12.053874731063843,2
1893,graficon58nodi/grafo7022.58,18,58,80,136,158,6.0,31,362,37.85520672798157,2
1894,graficon77nodi/grafo9389.77,18,77,99,136,158,6.0,37,353,173.54689240455627,2
1895,graficon67nodi/grafo8161.67,18,67,90,138,161,4.0,29,338,55.76922130584717,2
1896,graficon47nodi/grafo6701.47,18,47,74,136,163,5.0,44,422,83.98801922798157,2
1897,graficon70nodi/grafo9708.70,18,70,91,139,160,4.0,17,425,30.70699143409729,2
1898,graficon55nodi/grafo4299.55,18,55,79,138,162,7.0,38,325,46.992985010147095,2
1899,graficon55nodi/grafo5845.55,18,55,80,139,164,5.0,41,439,116.18950343132019,2
1900,graficon54nodi/grafo7468.54,18,54,81,138,165,6.0,42,352,298.8512833118439,2
1901,graficon73nodi/grafo4273.73,18,73,90,139,156,2.0,8,261,6.0459818840026855,2
1902,graficon67nodi/grafo5665.67,18,67,83,137,153,3.0,12,248,11.241560935974121,2
1903,graficon55nodi/grafo5023.55,18,55,78,136,159,5.0,28,374,38.09736227989197,2
1904,graficon66nodi/grafo9195.66,18,66,86,138,158,5.0,20,382,20.6961727142334,2
1905,graficon64nodi/grafo9364.64,18,64,91,136,163,6.0,35,449,61.056355714797974,2
1906,graficon61nodi/grafo6022.61,18,61,86,138,163,5.0,39,445,72.05365371704102,2
1907,graficon39nodi/grafo6294.39,18,39,58,138,157,4.0,16,245,2.586214065551758,2
1908,graficon57nodi/grafo3386.57,18,57,86,135,164,6.0,39,334,89.19371438026428,2
1909,graficon55nodi/grafo3797.55,18,55,79,135,159,4.0,24,363,27.975727081298828,2
1910,graficon66nodi/grafo4881.66,18,66,83,138,155,3.0,17,287,10.254621744155884,2
1911,graficon59nodi/grafo4611.59,18,59,81,137,159,4.0,19,388,10.818183422088623,2
1912,graficon59nodi/grafo3674.59,18,59,90,139,170,6.0,57,542,154.30905866622925,2
1913,graficon66nodi/grafo9366.66,18,66,85,139,158,3.0,26,387,76.16830492019653,2
1914,graficon81nodi/grafo5469.81,18,81,98,137,154,5.0,28,557,96.5907769203186,2
1915,graficon77nodi/grafo9780.77,18,77,96,138,157,4.0,28,605,130.3585352897644,2
1916,graficon76nodi/grafo8522.76,18,76,99,135,158,5.0,21,504,29.703845500946045,2
1917,graficon80nodi/grafo9582.80,18,80,101,138,159,5.0,32,451,90.58876705169678,2
1918,graficon79nodi/grafo6720.79,18,79,102,139,162,5.0,41,367,159.203688621521,2
1919,graficon68nodi/grafo9632.68,18,68,91,139,162,5.0,37,441,148.87032222747803,2
1920,graficon68nodi/grafo7293.68,18,68,79,137,148,2.0,7,234,2.1388940811157227,2
1921,graficon77nodi/grafo4393.77,18,77,97,136,156,4.0,28,272,14.484078168869019,2
1922,graficon81nodi/grafo4257.81,18,81,107,136,162,9.0,65,640,249.94096398353577,2
1923,graficon62nodi/grafo5084.62,18,62,80,137,155,2.0,13,285,7.617538690567017,2
1924,graficon38nodi/grafo11345.38,18,38,56,139,157,2.0,7,132,1.3887214660644531,2
1925,graficon61nodi/grafo4922.61,18,61,91,138,168,5.0,36,399,100.18390274047852,2
1926,graficon71nodi/grafo5179.71,18,71,98,136,163,8.0,63,736,447.45458579063416,2
1927,graficon47nodi/grafo6691.47,18,47,67,139,159,3.0,23,291,12.407788753509521,2
1928,graficon68nodi/grafo1565.68,18,68,83,136,151,2.0,9,245,3.130784034729004,2
1929,graficon78nodi/grafo8409.78,18,78,103,137,162,5.0,37,571,140.39757561683655,2
1930,graficon62nodi/grafo4877.62,18,62,85,137,160,6.0,29,326,21.78350043296814,2
1931,graficon69nodi/grafo8995.69,18,69,90,136,157,4.0,25,347,34.97582030296326,2
1932,graficon64nodi/grafo4413.64,18,64,87,138,161,3.0,20,265,12.896486759185791,2
1933,graficon69nodi/grafo7938.69,18,69,90,139,160,5.0,48,440,164.66655087471008,2
1934,graficon70nodi/grafo8047.70,18,70,98,138,166,12.0,70,530,422.590167760849,2
1935,graficon67nodi/grafo4635.67,18,67,79,139,151,1.0,5,280,9.11090350151062,2
1936,graficon85nodi/grafo8547.85,18,85,104,139,158,5.0,38,395,283.7459485530853,2
1937,graficon58nodi/grafo6312.58,18,58,87,138,167,8.0,48,528,301.35413122177124,2
1938,graficon39nodi/grafo4104.39,18,39,55,139,155,3.0,10,187,3.2071657180786133,2
1939,graficon81nodi/grafo4522.81,18,81,94,136,149,2.0,10,266,4.9316489696502686,2
1940,graficon93nodi/grafo8962.93,18,93,109,135,151,3.0,23,366,29.12251925468445,2
1941,graficon54nodi/grafo4346.54,18,54,80,138,164,9.0,43,401,99.72712779045105,2
1942,graficon67nodi/grafo1518.67,18,67,85,135,153,7.0,29,336,45.57615661621094,2
1943,graficon62nodi/grafo5134.62,18,62,80,136,154,2.0,16,180,4.140969753265381,2
1944,graficon42nodi/grafo7588.42,18,42,62,138,158,3.0,23,200,26.344406843185425,2
1945,graficon56nodi/grafo6721.56,18,56,77,135,156,4.0,32,337,107.91719794273376,2
1946,graficon61nodi/grafo8268.61,18,61,89,137,165,6.0,33,405,47.23840808868408,2
1947,graficon67nodi/grafo7882.67,18,67,81,137,151,2.0,11,260,10.350091695785522,2
1948,graficon75nodi/grafo4276.75,18,75,96,137,158,4.0,26,344,28.628501176834106,2
1949,graficon74nodi/grafo5001.74,18,74,91,135,152,2.0,17,315,11.612483263015747,2
1950,graficon65nodi/grafo4774.65,18,65,85,138,158,2.0,15,282,12.425293445587158,2
1951,graficon60nodi/grafo3653.60,18,60,86,141,167,5.0,41,405,50.64354157447815,2
1952,graficon65nodi/grafo9512.65,18,65,93,142,170,6.0,51,555,272.9921157360077,2
1953,graficon71nodi/grafo7021.71,18,71,89,144,162,3.0,15,216,4.177299499511719,2
1954,graficon65nodi/grafo9304.65,18,65,91,144,170,5.0,45,486,108.47553730010986,2
1955,graficon74nodi/grafo9719.74,18,74,106,143,175,13.0,92,574,600.9080364704132,9
1956,graficon50nodi/grafo7712.50,18,50,67,142,159,3.0,12,183,2.3315987586975098,2
1957,graficon65nodi/grafo4738.65,18,65,89,141,165,5.0,36,545,75.45552372932434,2
1958,graficon43nodi/grafo7458.43,18,43,61,142,160,4.0,21,191,5.005308628082275,2
1959,graficon61nodi/grafo9017.61,18,61,80,144,163,4.0,10,212,3.0255870819091797,2
1960,graficon72nodi/grafo6528.72,18,72,87,141,156,2.0,18,358,19.985527515411377,2
1961,graficon55nodi/grafo4357.55,18,55,74,140,159,2.0,12,203,3.5808022022247314,2
1962,graficon61nodi/grafo4181.61,18,61,78,144,161,3.0,18,294,17.987555027008057,2
1963,graficon89nodi/grafo6694.89,18,89,103,140,154,2.0,19,390,13.52956247329712,2
1964,graficon81nodi/grafo7951.81,18,81,99,143,161,6.0,39,600,553.7924997806549,2
1965,graficon65nodi/grafo8405.65,18,65,92,142,169,7.0,45,378,78.48012948036194,2
1966,graficon71nodi/grafo6545.71,18,71,89,142,160,4.0,27,436,48.908939599990845,2
1967,graficon63nodi/grafo9109.63,18,63,88,142,167,6.0,49,363,316.42648243904114,2
1968,graficon52nodi/grafo6386.52,18,52,79,142,169,5.0,43,403,154.4562919139862,2
1969,graficon56nodi/grafo4175.56,18,56,73,141,158,2.0,12,249,3.343964099884033,2
1970,graficon78nodi/grafo9693.78,18,78,103,143,168,3.0,37,644,89.75809335708618,2
1971,graficon89nodi/grafo8947.89,18,89,116,143,170,5.0,51,525,221.1152310371399,2
1972,graficon52nodi/grafo3211.52,18,52,77,141,166,5.0,40,303,59.55688810348511,2
1973,graficon70nodi/grafo8238.70,18,70,89,144,163,3.0,23,427,62.29504156112671,2
1974,graficon63nodi/grafo7972.63,18,63,90,143,170,13.0,52,529,155.6954300403595,2
1975,graficon83nodi/grafo9440.83,18,83,108,140,165,11.0,37,441,48.39306330680847,2
1976,graficon69nodi/grafo8401.69,18,69,100,143,174,6.0,57,625,184.40958499908447,2
1977,graficon68nodi/grafo9165.68,18,68,91,142,165,5.0,36,459,60.17588973045349,2
1978,graficon53nodi/grafo3357.53,18,53,73,140,160,3.0,21,279,14.313448429107666,2
1979,graficon53nodi/grafo4996.53,18,53,69,142,158,3.0,19,250,7.407176733016968,2
1980,graficon61nodi/grafo4239.61,18,61,76,143,158,2.0,8,153,2.1379477977752686,2
1981,graficon56nodi/grafo7664.56,18,56,74,143,161,4.0,18,174,8.508228302001953,2
1982,graficon51nodi/grafo1383.51,18,51,74,140,163,4.0,24,252,17.704752922058105,2
1983,graficon57nodi/grafo6842.57,18,57,74,141,158,3.0,16,177,16.879981517791748,2
1984,graficon71nodi/grafo7810.71,18,71,92,142,163,4.0,37,384,90.1136245727539,2
1985,graficon64nodi/grafo9007.64,18,64,101,144,181,inf,0,0,600.9389183521271,9
1986,graficon66nodi/grafo9398.66,18,66,90,141,165,4.0,32,312,54.19639015197754,2
1987,graficon52nodi/grafo6375.52,18,52,79,142,169,5.0,43,403,159.52077889442444,2
1988,graficon83nodi/grafo7841.83,18,83,107,144,168,9.0,43,420,143.764662027359,2
1989,graficon60nodi/grafo8868.60,18,60,75,141,156,3.0,15,145,5.280224323272705,2
1990,graficon69nodi/grafo7855.69,18,69,84,142,157,6.0,24,409,31.185469150543213,2
1991,graficon56nodi/grafo3584.56,18,56,80,141,165,4.0,31,281,45.70471143722534,2
1992,graficon61nodi/grafo7596.61,18,61,85,140,164,5.0,33,378,107.78528189659119,2
1993,graficon57nodi/grafo3818.57,18,57,77,142,162,3.0,25,345,12.996278285980225,2
1994,graficon75nodi/grafo8517.75,18,75,95,142,162,5.0,27,568,82.62383508682251,2
1995,graficon63nodi/grafo9291.63,18,63,88,140,165,7.0,54,567,447.2099313735962,2
1996,graficon47nodi/grafo3948.47,18,47,66,141,160,4.0,20,182,7.103476285934448,2
1997,graficon76nodi/grafo9253.76,18,76,105,141,170,inf,0,0,601.5613374710083,9
1998,graficon53nodi/grafo4803.53,18,53,70,143,160,3.0,17,288,9.794816017150879,2
1999,graficon69nodi/grafo9729.69,18,69,103,144,178,inf,0,0,601.097207069397,9
2000,graficon54nodi/grafo3284.54,18,54,82,142,170,5.0,47,334,115.46938467025757,2
2001,graficon68nodi/grafo9328.68,18,68,99,143,174,inf,0,0,600.7230150699615,9
2002,graficon43nodi/grafo4055.43,18,43,61,141,159,4.0,21,228,11.530842542648315,2
2003,graficon70nodi/grafo8229.70,18,70,97,143,170,4.0,34,337,79.53153920173645,2
2004,graficon64nodi/grafo9178.64,18,64,87,141,164,5.0,27,358,145.1502125263214,2
2005,graficon69nodi/grafo9816.69,18,69,96,141,168,8.0,49,440,207.2633101940155,2
2006,graficon52nodi/grafo4677.52,18,52,72,143,163,2.0,15,222,3.804018259048462,2
2007,graficon72nodi/grafo4810.72,18,72,88,143,159,3.0,11,243,6.841192960739136,2
2008,graficon51nodi/grafo6012.51,18,51,81,142,172,4.0,28,417,38.68185567855835,2
2009,graficon62nodi/grafo4487.62,18,62,86,140,164,7.0,49,386,183.8148262500763,2
2010,graficon59nodi/grafo4390.59,18,59,89,143,173,6.0,59,551,503.9206335544586,2
2011,graficon78nodi/grafo4220.78,18,78,98,143,163,3.0,22,308,46.28947448730469,2
2012,graficon71nodi/grafo8336.71,18,71,91,144,164,8.0,34,348,74.73102951049805,2
2013,graficon70nodi/grafo5094.70,18,70,91,141,162,5.0,35,489,186.23207235336304,2
2014,graficon62nodi/grafo8989.62,18,62,80,141,159,3.0,16,231,9.528536319732666,2
2015,graficon75nodi/grafo4669.75,18,75,96,142,163,3.0,16,298,8.779258012771606,2
2016,graficon58nodi/grafo4899.58,18,58,80,141,163,5.0,31,457,53.08434820175171,2
2017,graficon75nodi/grafo9188.75,18,75,92,140,157,3.0,18,280,10.19791841506958,2
2018,graficon67nodi/grafo9712.67,18,67,85,140,158,2.0,14,274,5.524214744567871,2
2019,graficon79nodi/grafo9244.79,18,79,98,142,161,6.0,38,488,139.58474612236023,2
2020,graficon57nodi/grafo4919.57,18,57,74,143,160,2.0,9,221,2.293703317642212,2
2021,graficon70nodi/grafo8187.70,18,70,89,140,159,4.0,30,370,45.15775108337402,2
2022,graficon58nodi/grafo5075.58,18,58,75,144,161,4.0,21,185,11.1580491065979,2
2023,graficon70nodi/grafo9739.70,18,70,85,144,159,2.0,11,167,3.3692808151245117,2
2024,graficon74nodi/grafo4178.74,18,74,99,141,166,6.0,30,356,31.295023918151855,2
2025,graficon59nodi/grafo7660.59,18,59,81,140,162,4.0,31,378,76.31052875518799,2
2026,graficon55nodi/grafo5671.55,18,55,83,148,176,8.0,52,669,109.40623617172241,2
2027,graficon60nodi/grafo4443.60,18,60,83,145,168,6.0,24,397,10.675809621810913,2
2028,graficon46nodi/grafo6688.46,18,46,65,146,165,4.0,19,175,7.926855564117432,2
2029,graficon91nodi/grafo10239.91,18,91,123,146,178,inf,0,0,601.2049129009247,9
2030,graficon90nodi/grafo10642.90,18,90,118,146,174,inf,0,0,601.1215975284576,9
2031,graficon61nodi/grafo4749.61,18,61,73,147,159,4.0,10,230,4.260921478271484,2
2032,graficon58nodi/grafo4974.58,18,58,79,145,166,4.0,18,301,17.43445086479187,2
2033,graficon60nodi/grafo4039.60,18,60,90,145,175,6.0,63,531,541.9215612411499,2
2034,graficon74nodi/grafo8591.74,18,74,93,149,168,4.0,28,406,27.488964557647705,2
2035,graficon73nodi/grafo9038.73,18,73,94,148,169,5.0,31,515,92.33198356628418,2
2036,graficon70nodi/grafo9068.70,18,70,90,149,169,3.0,21,230,8.10755729675293,2
2037,graficon72nodi/grafo9449.72,18,72,100,147,175,7.0,68,435,595.3344569206238,2
2038,graficon72nodi/grafo9423.72,18,72,100,149,177,6.0,39,472,144.37935972213745,2
2039,graficon67nodi/grafo7896.67,18,67,95,148,176,5.0,42,409,214.90277791023254,2
2040,graficon77nodi/grafo4837.77,18,77,106,146,175,8.0,56,679,280.36578130722046,2
2041,graficon53nodi/grafo4486.53,18,53,70,147,164,3.0,18,235,11.453188180923462,2
2042,graficon55nodi/grafo3181.55,18,55,77,147,169,4.0,25,292,31.88151264190674,2
2043,graficon65nodi/grafo4912.65,18,65,92,147,174,9.0,48,422,258.409752368927,2
2044,graficon53nodi/grafo3973.53,18,53,69,148,164,4.0,15,248,8.866832256317139,2
2045,graficon68nodi/grafo4476.68,18,68,95,147,174,8.0,43,349,59.74136257171631,2
2046,graficon75nodi/grafo1451.75,18,75,88,145,158,3.0,11,260,10.146190166473389,2
2047,graficon71nodi/grafo5039.71,18,71,96,149,174,4.0,32,577,87.83632969856262,2
2048,graficon57nodi/grafo3428.57,18,57,80,145,168,5.0,33,424,53.396695137023926,2
2049,graficon78nodi/grafo8175.78,18,78,95,146,163,4.0,20,382,30.81309199333191,2
2050,graficon73nodi/grafo8860.73,18,73,101,148,176,6.0,38,598,85.95205354690552,2
2051,graficon56nodi/grafo4424.56,18,56,74,146,164,3.0,19,285,7.021224021911621,2
2052,graficon44nodi/grafo7431.44,18,44,64,148,168,3.0,24,361,17.97556710243225,2
2053,graficon68nodi/grafo9540.68,18,68,95,147,174,6.0,41,564,143.98521637916565,2
2054,graficon59nodi/grafo4628.59,18,59,80,147,168,4.0,19,333,26.069743394851685,2
2055,graficon51nodi/grafo3333.51,18,51,71,147,167,4.0,22,205,3.6880812644958496,2
2056,graficon74nodi/grafo8049.74,18,74,103,145,174,11.0,73,464,600.8518886566162,9
2057,graficon75nodi/grafo9736.75,18,75,90,147,162,6.0,14,230,2.973468542098999,2
2058,graficon94nodi/grafo8861.94,18,94,107,145,158,8.0,35,500,46.50932550430298,2
2059,graficon62nodi/grafo4538.62,18,62,85,148,171,6.0,38,411,65.82499146461487,2
2060,graficon63nodi/grafo9336.63,18,63,89,146,172,4.0,39,577,195.82797265052795,2
2061,graficon83nodi/grafo4144.83,18,83,110,146,173,14.0,80,637,600.8835563659668,9
2062,graficon67nodi/grafo4208.67,18,67,92,147,172,6.0,41,407,122.88623285293579,2
2063,graficon76nodi/grafo5898.76,18,76,96,148,168,4.0,34,606,187.62106800079346,2
2064,graficon70nodi/grafo7801.70,18,70,88,149,167,5.0,20,263,9.865336656570435,2
2065,graficon82nodi/grafo8144.82,18,82,100,146,164,4.0,26,370,30.588598489761353,2
2066,graficon55nodi/grafo5884.55,18,55,79,146,170,4.0,29,365,31.883251667022705,2
2067,graficon70nodi/grafo9373.70,18,70,87,149,166,3.0,18,363,16.962802410125732,2
2068,graficon65nodi/grafo1302.65,18,65,87,149,171,3.0,20,298,3.949780225753784,2
2069,graficon57nodi/grafo3610.57,18,57,80,149,172,3.0,29,250,25.895671606063843,2
2070,graficon76nodi/grafo4484.76,18,76,101,149,174,6.0,35,384,101.04090356826782,2
2071,graficon66nodi/grafo8917.66,18,66,100,145,179,inf,0,0,600.9249501228333,9
2072,graficon72nodi/grafo4126.72,18,72,89,148,165,2.0,17,219,8.932593822479248,2
2073,graficon77nodi/grafo9793.77,18,77,96,146,165,5.0,31,608,135.11262035369873,2
2074,graficon62nodi/grafo4691.62,18,62,85,149,172,5.0,33,407,81.44307041168213,2
2075,graficon59nodi/grafo6657.59,18,59,79,148,168,5.0,22,244,23.979036808013916,2
2076,graficon74nodi/grafo4732.74,18,74,96,147,169,5.0,22,310,24.687744140625,2
2077,graficon43nodi/grafo7334.43,18,43,63,146,166,2.0,13,160,2.5487990379333496,2
2078,graficon80nodi/grafo4618.80,18,80,104,149,173,6.0,64,424,600.7689352035522,9
2079,graficon73nodi/grafo5074.73,18,73,95,149,171,inf,0,0,600.8865823745728,9
2080,graficon54nodi/grafo4590.54,18,54,72,148,166,3.0,17,244,17.859992265701294,2
2081,graficon69nodi/grafo8132.69,18,69,95,146,172,4.0,34,434,186.29444122314453,2
2082,graficon66nodi/grafo8339.66,18,66,90,146,170,11.0,38,296,53.918227195739746,2
2083,graficon61nodi/grafo8424.61,18,61,83,148,170,4.0,28,449,37.19059181213379,2
2084,graficon43nodi/grafo2506.43,18,43,56,145,158,3.0,14,212,6.259765863418579,2
2085,graficon76nodi/grafo4492.76,18,76,102,149,175,5.0,33,576,28.817734003067017,2
2086,graficon61nodi/grafo7814.61,18,61,90,147,176,4.0,31,472,30.032196044921875,2
2087,graficon62nodi/grafo8572.62,18,62,87,147,172,9.0,52,532,131.65496635437012,2
2088,graficon60nodi/grafo4335.60,18,60,87,149,176,4.0,27,381,28.699011087417603,2
2089,graficon93nodi/grafo11193.93,18,93,120,145,172,inf,0,0,601.3396992683411,9
2090,graficon36nodi/grafo3182.36,18,36,53,147,164,7.0,25,354,11.044858694076538,2
2091,graficon83nodi/grafo7891.83,18,83,113,149,179,inf,0,0,600.9204504489899,9
2092,graficon45nodi/grafo6906.45,18,45,66,145,166,4.0,22,346,20.559369564056396,2
2093,graficon62nodi/grafo4653.62,18,62,95,148,181,7.0,66,689,414.1361303329468,2
2094,graficon75nodi/grafo5859.75,18,75,96,146,167,5.0,40,530,600.9048087596893,9
2095,graficon82nodi/grafo7860.82,18,82,113,146,177,inf,0,0,600.8860654830933,9
2096,graficon61nodi/grafo9494.61,18,61,80,146,165,2.0,15,439,8.76189661026001,2
2097,graficon59nodi/grafo5159.59,18,59,84,146,171,5.0,29,526,59.30091571807861,2
2098,graficon85nodi/grafo4294.85,18,85,107,146,168,3.0,31,531,251.1543734073639,2
2099,graficon84nodi/grafo8318.84,18,84,110,147,173,inf,0,0,601.2730886936188,9
2100,graficon66nodi/grafo2089.66,18,66,84,146,164,7.0,35,505,169.5371448993683,2
2101,graficon70nodi/grafo7779.70,18,70,90,150,170,3.0,24,324,66.6043472290039,2
2102,graficon49nodi/grafo3526.49,18,49,71,151,173,4.0,33,258,105.64248847961426,2
2103,graficon61nodi/grafo9451.61,18,61,97,153,189,inf,0,0,601.341784954071,9
2104,graficon66nodi/grafo8977.66,18,66,81,150,165,4.0,19,293,25.18479037284851,2
2105,graficon74nodi/grafo8677.74,18,74,96,151,173,4.0,33,368,199.24416518211365,2
2106,graficon68nodi/grafo1420.68,18,68,90,150,172,4.0,24,279,7.420791149139404,2
2107,graficon59nodi/grafo3398.59,18,59,87,151,179,8.999999999998984,40,436,259.0491364002228,2
2108,graficon61nodi/grafo8417.61,18,61,89,154,182,5.0,36,295,34.60506749153137,2
2109,graficon80nodi/grafo9100.80,18,80,105,153,178,6.0,33,403,123.89229273796082,2
2110,graficon63nodi/grafo4793.63,18,63,86,151,174,7.0,25,361,19.005189895629883,2
2111,graficon74nodi/grafo5959.74,18,74,91,151,168,4.0,25,407,58.10714316368103,2
2112,graficon92nodi/grafo11259.92,18,92,106,153,167,3.0,17,467,13.581926822662354,2
2113,graficon61nodi/grafo4128.61,18,61,88,151,178,4.0,27,398,93.62105512619019,2
2114,graficon55nodi/grafo4850.55,18,55,75,154,174,4.0,16,335,19.962824821472168,2
2115,graficon70nodi/grafo9175.70,18,70,94,150,174,4.0,40,403,86.75512337684631,2
2116,graficon53nodi/grafo3208.53,18,53,80,150,177,5.0,43,297,179.12700843811035,2
2117,graficon63nodi/grafo9298.63,18,63,85,154,176,3.0,24,314,3.8535897731781006,2
2118,graficon81nodi/grafo7975.81,18,81,98,151,168,3.0,18,435,22.748451232910156,2
2119,graficon63nodi/grafo4693.63,18,63,82,154,173,2.0,13,306,19.477397918701172,2
2120,graficon73nodi/grafo7983.73,18,73,95,150,172,4.0,32,278,67.14008331298828,2
2121,graficon39nodi/grafo2969.39,18,39,57,152,170,3.0,19,190,17.745948314666748,2
2122,graficon59nodi/grafo3903.59,18,59,83,151,175,4.0,21,362,16.394448280334473,2
2123,graficon69nodi/grafo4801.69,18,69,95,154,180,4.0,43,386,600.577760219574,9
2124,graficon77nodi/grafo6779.77,18,77,99,153,175,2.0,18,362,23.222527027130127,2
2125,graficon57nodi/grafo3166.57,18,57,75,153,171,4.0,21,230,27.991162061691284,2
2126,graficon62nodi/grafo4431.62,18,62,80,153,171,4.0,19,223,10.530628442764282,2
2127,graficon67nodi/grafo9481.67,18,67,90,151,174,5.0,31,361,54.7578489780426,2
2128,graficon78nodi/grafo9551.78,18,78,92,152,166,2.0,18,463,42.81657099723816,2
2129,graficon77nodi/grafo8561.77,18,77,97,154,174,4.0,24,398,83.94146347045898,2
2130,graficon75nodi/grafo4802.75,18,75,98,150,173,2.0,13,237,6.788872480392456,2
2131,graficon60nodi/grafo9419.60,18,60,83,153,176,3.0,29,323,42.79659724235535,2
2132,graficon70nodi/grafo8376.70,18,70,96,152,178,8.0,42,498,113.24411225318909,2
2133,graficon58nodi/grafo4228.58,18,58,81,151,174,6.0,43,536,128.95793104171753,2
2134,graficon85nodi/grafo9469.85,18,85,109,154,178,5.0,38,480,163.19180750846863,2
2135,graficon71nodi/grafo1476.71,18,71,95,154,178,6.0,34,518,117.71487593650818,2
2136,graficon79nodi/grafo5080.79,18,79,107,154,182,4.0,39,584,74.24227690696716,2
2137,graficon96nodi/grafo10855.96,18,96,113,151,168,5.0,25,516,119.56710886955261,2
2138,graficon75nodi/grafo8524.75,18,75,91,150,166,4.0,17,298,9.864332437515259,2
2139,graficon67nodi/grafo1235.67,18,67,88,153,174,4.0,24,318,12.831735372543335,2
2140,graficon87nodi/grafo8766.87,18,87,116,151,180,inf,0,0,600.9781291484833,9
2141,graficon43nodi/grafo7295.43,18,43,67,151,175,5.0,33,289,48.212271213531494,2
2142,graficon65nodi/grafo9665.65,18,65,86,152,173,2.0,7,192,1.32820463180542,2
2143,graficon82nodi/grafo6810.82,18,82,101,154,173,5.0,27,284,30.62967538833618,2
2144,graficon78nodi/grafo9397.78,18,78,96,154,172,2.0,12,500,24.07366681098938,2
2145,graficon56nodi/grafo7199.56,18,56,79,153,176,4.0,19,389,27.32129955291748,2
2146,graficon48nodi/grafo3373.48,18,48,74,152,178,6.0,33,453,67.56461691856384,2
2147,graficon58nodi/grafo5313.58,18,58,80,153,175,5.0,27,303,26.52035903930664,2
2148,graficon62nodi/grafo4857.62,18,62,76,151,165,3.0,12,185,3.3112051486968994,2
2149,graficon60nodi/grafo8116.60,18,60,80,151,171,2.0,15,305,24.02097988128662,2
2150,graficon72nodi/grafo1370.72,18,72,89,150,167,3.0,16,224,5.06583309173584,2
2151,graficon66nodi/grafo4224.66,18,66,95,150,179,4.0,46,518,601.1119298934937,9
2152,graficon68nodi/grafo4474.68,18,68,99,154,185,inf,0,0,601.7914338111877,9
2153,graficon66nodi/grafo7817.66,18,66,94,150,178,6.0,69,441,600.9115993976593,9
2154,graficon63nodi/grafo9671.63,18,63,80,154,171,3.0,16,276,31.277164459228516,2
2155,graficon81nodi/grafo5018.81,18,81,102,152,173,3.0,28,374,106.63364744186401,2
2156,graficon77nodi/grafo5678.77,18,77,101,150,174,inf,0,0,601.1791236400604,9
2157,graficon65nodi/grafo4776.65,18,65,95,151,181,9.0,71,614,600.946138381958,9
2158,graficon55nodi/grafo4827.55,18,55,73,153,171,3.0,18,288,6.541284084320068,2
2159,graficon59nodi/grafo4252.59,18,59,83,152,176,2.0,18,276,22.742519855499268,2
2160,graficon57nodi/grafo6423.57,18,57,77,154,174,3.0,20,235,18.022544622421265,2
2161,graficon60nodi/grafo3138.60,18,60,85,154,179,5.0,39,317,88.0341305732727,2
2162,graficon71nodi/grafo8552.71,18,71,93,151,173,7.0,37,490,137.16317343711853,2
2163,graficon60nodi/grafo4183.60,18,60,77,150,167,2.0,13,262,5.191596746444702,2
2164,graficon62nodi/grafo7923.62,18,62,88,151,177,7.0,43,587,170.7711718082428,2
2165,graficon42nodi/grafo7629.42,18,42,65,153,176,3.0,16,310,15.670161485671997,2
2166,graficon75nodi/grafo8433.75,18,75,98,154,177,6.0,40,359,78.70534300804138,2
2167,graficon78nodi/grafo4948.78,18,78,103,154,179,6.0,34,307,103.17983150482178,2
2168,graficon76nodi/grafo2762.76,18,76,97,152,173,8.0,40,587,112.9166910648346,2
2169,graficon74nodi/grafo4523.74,18,74,93,151,170,4.0,25,310,69.75607895851135,2
2170,graficon56nodi/grafo7695.56,18,56,79,154,177,5.0,34,269,152.49963116645813,2
2171,graficon69nodi/grafo8212.69,18,69,95,153,179,3.0,22,334,47.206589460372925,2
2172,graficon61nodi/grafo6584.61,18,61,84,154,177,9.0,39,443,50.71275615692139,2
2173,graficon40nodi/grafo5719.40,18,40,64,151,175,3.0,25,351,23.377847909927368,2
2174,graficon79nodi/grafo9247.79,18,79,99,151,171,3.0,36,582,64.10602045059204,2
2175,graficon55nodi/grafo6784.55,18,55,72,151,168,2.0,19,277,13.111852407455444,2
2176,graficon62nodi/grafo9707.62,18,62,82,156,176,4.0,28,270,51.224406480789185,2
2177,graficon76nodi/grafo6078.76,18,76,97,155,176,inf,0,0,601.290509223938,9
2178,graficon64nodi/grafo5072.64,18,64,86,158,180,4.0,35,312,56.42988991737366,2
2179,graficon77nodi/grafo4123.77,18,77,108,159,190,11.0,52,577,336.8153586387634,2
2180,graficon76nodi/grafo6065.76,18,76,110,159,193,inf,0,0,601.036230802536,9
2181,graficon54nodi/grafo4217.54,18,54,75,158,179,4.0,30,386,100.42015838623047,2
2182,graficon63nodi/grafo4681.63,18,63,79,158,174,3.0,15,302,17.22452664375305,2
2183,graficon80nodi/grafo5558.80,18,80,108,156,184,7.0,49,669,185.69476985931396,2
2184,graficon66nodi/grafo9507.66,18,66,96,155,185,6.0,54,426,388.0802721977234,2
2185,graficon58nodi/grafo3502.58,18,58,77,155,174,2.0,15,368,10.321096897125244,2
2186,graficon74nodi/grafo9113.74,18,74,94,158,178,3.0,23,231,13.38391923904419,2
2187,graficon76nodi/grafo8151.76,18,76,93,156,173,5.0,26,491,96.76952981948853,2
2188,graficon62nodi/grafo4215.62,18,62,85,155,178,6.0,39,553,162.53774237632751,2
2189,graficon60nodi/grafo4116.60,18,60,88,158,186,6.0,53,450,467.37889552116394,2
2190,graficon61nodi/grafo9818.61,18,61,88,155,182,6.0,59,415,382.8005292415619,2
2191,graficon68nodi/grafo9123.68,18,68,103,157,192,6.0,67,549,483.04947090148926,2
2192,graficon78nodi/grafo4360.78,18,78,101,159,182,6.0,35,551,52.92680811882019,2
2193,graficon87nodi/grafo7977.87,18,87,105,158,176,3.0,29,406,158.4993772506714,2
2194,graficon45nodi/grafo5161.45,18,45,73,155,183,5.0,40,428,80.47273230552673,2
2195,graficon74nodi/grafo4457.74,18,74,88,158,172,2.0,7,175,2.5820982456207275,2
2196,graficon66nodi/grafo9387.66,18,66,84,156,174,3.0,16,308,17.90780258178711,2
2197,graficon78nodi/grafo5073.78,18,78,100,159,181,6.0,32,460,107.4576187133789,2
2198,graficon47nodi/grafo5358.47,18,47,75,158,186,11.0,46,401,221.88002634048462,2
2199,graficon62nodi/grafo9556.62,18,62,87,158,183,6.0,31,424,119.62942838668823,2
2200,graficon52nodi/grafo5105.52,18,52,81,156,185,6.0,28,387,40.940375089645386,2
2201,graficon47nodi/grafo5715.47,18,47,69,156,178,6.0,27,283,29.722954988479614,2
2202,graficon98nodi/grafo10553.98,18,98,117,156,175,4.0,28,505,170.03909468650818,2
2203,graficon59nodi/grafo4859.59,18,59,78,155,174,5.0,22,446,32.749151945114136,2
2204,graficon72nodi/grafo5664.72,18,72,95,158,181,4.0,35,599,138.80114340782166,2
2205,graficon63nodi/grafo4637.63,18,63,84,157,178,7.0,41,429,105.22505927085876,2
2206,graficon58nodi/grafo4706.58,18,58,83,155,180,6.0,44,430,210.24750423431396,2
2207,graficon63nodi/grafo9579.63,18,63,92,157,186,inf,0,0,600.8883724212646,9
2208,graficon73nodi/grafo5393.73,18,73,94,156,177,5.0,36,416,85.56653165817261,2
2209,graficon72nodi/grafo9552.72,18,72,98,159,185,inf,0,0,601.425523519516,9
2210,graficon86nodi/grafo8770.86,18,86,107,156,177,4.0,18,310,9.306423902511597,2
2211,graficon43nodi/grafo7031.43,18,43,63,155,175,4.0,23,256,15.075871229171753,2
2212,graficon56nodi/grafo7508.56,18,56,81,155,180,3.0,31,373,55.78332495689392,2
2213,graficon67nodi/grafo9610.67,18,67,94,157,184,5.0,49,604,235.72073912620544,2
2214,graficon74nodi/grafo9293.74,18,74,99,155,180,5.0,43,473,284.7598559856415,2
2215,graficon63nodi/grafo9675.63,18,63,89,157,183,5.0,36,470,184.2528040409088,2
2216,graficon83nodi/grafo8308.83,18,83,102,156,175,8.0,44,443,110.96704411506653,2
2217,graficon66nodi/grafo9679.66,18,66,95,157,186,6.0,50,469,600.841813325882,9
2218,graficon81nodi/grafo4929.81,18,81,99,159,177,5.0,30,446,135.1269495487213,2
2219,graficon62nodi/grafo6206.62,18,62,95,159,192,8.0,55,545,406.0759918689728,2
2220,graficon68nodi/grafo9036.68,18,68,95,155,182,6.0,54,626,338.29283380508423,2
2221,graficon88nodi/grafo8841.88,18,88,118,158,188,inf,0,0,600.8496265411377,9
2222,graficon64nodi/grafo9402.64,18,64,90,155,181,6.0,36,390,180.69699716567993,2
2223,graficon71nodi/grafo9066.71,18,71,94,155,178,9.0,40,322,476.888192653656,2
2224,graficon64nodi/grafo9420.64,18,64,85,155,176,7.0,23,314,21.137556076049805,2
2225,graficon67nodi/grafo4314.67,18,67,102,155,190,6.0,56,517,149.9827480316162,2
2226,graficon83nodi/grafo5246.83,18,83,115,157,189,inf,0,0,601.3624968528748,9
2227,graficon59nodi/grafo3286.59,18,59,83,157,181,5.0,33,373,73.2571132183075,2
2228,graficon68nodi/grafo9284.68,18,68,94,157,183,8.0,50,467,480.8785574436188,2
2229,graficon55nodi/grafo7207.55,18,55,77,159,181,4.0,23,227,16.313462257385254,2
2230,graficon72nodi/grafo6714.72,18,72,95,156,179,4.0,21,484,34.80270028114319,2
2231,graficon56nodi/grafo3292.56,18,56,84,157,185,5.0,39,468,93.8481068611145,2
2232,graficon68nodi/grafo8031.68,18,68,93,156,181,4.0,27,451,36.402382612228394,2
2233,graficon60nodi/grafo5862.60,18,60,87,157,184,inf,0,0,600.9528584480286,9
2234,graficon61nodi/grafo4345.61,18,61,83,156,178,4.0,31,377,135.0943078994751,2
2235,graficon85nodi/grafo8690.85,18,85,107,155,177,4.0,32,406,38.58352446556091,2
2236,graficon58nodi/grafo4361.58,18,58,90,158,190,6.0,65,504,600.7815532684326,9
2237,graficon69nodi/grafo9399.69,18,69,96,159,186,9.0,57,605,601.0746853351593,9
2238,graficon59nodi/grafo6914.59,18,59,86,159,186,5.0,33,388,26.008184671401978,2
2239,graficon53nodi/grafo3190.53,18,53,84,155,186,9.0,57,472,255.3058738708496,2
2240,graficon75nodi/grafo5434.75,18,75,93,159,177,4.0,24,343,404.05364656448364,2
2241,graficon51nodi/grafo3443.51,18,51,73,157,179,5.0,25,262,14.941631317138672,2
2242,graficon60nodi/grafo1619.60,18,60,75,159,174,2.0,9,169,3.07768177986145,2
2243,graficon70nodi/grafo9065.70,18,70,92,155,177,4.0,24,327,62.84199571609497,2
2244,graficon69nodi/grafo9330.69,18,69,92,157,180,3.0,23,398,48.242334842681885,2
2245,graficon93nodi/grafo11288.93,18,93,114,159,180,2.0,17,262,5.464696168899536,2
2246,graficon54nodi/grafo6225.54,18,54,82,159,187,6.0,49,445,85.61933517456055,2
2247,graficon53nodi/grafo5971.53,18,53,83,155,185,5.0,39,442,41.56698203086853,2
2248,graficon40nodi/grafo5972.40,18,40,64,158,182,4.0,36,343,13.26665997505188,2
2249,graficon70nodi/grafo4450.70,18,70,93,156,179,4.0,15,219,4.014626979827881,2
2250,graficon72nodi/grafo8140.72,18,72,97,157,182,9.0,37,503,82.45842027664185,2
2251,graficon51nodi/grafo4160.51,18,51,70,162,181,2.0,12,201,2.676945686340332,2
2252,graficon61nodi/grafo4251.61,18,61,90,160,189,8.0,45,511,94.0803542137146,2
2253,graficon83nodi/grafo4986.83,18,83,107,163,187,8.0,45,412,72.1046633720398,2
2254,graficon73nodi/grafo4298.73,18,73,91,162,180,4.0,22,342,34.74869990348816,2
2255,graficon81nodi/grafo7843.81,18,81,107,160,186,4.0,36,456,101.75128245353699,2
2256,graficon80nodi/grafo9795.80,18,80,117,162,199,inf,0,0,601.5033452510834,9
2257,graficon83nodi/grafo7069.83,18,83,106,162,185,5.0,37,441,85.29421615600586,2
2258,graficon68nodi/grafo7902.68,18,68,96,164,192,5.0,51,465,164.60947489738464,2
2259,graficon78nodi/grafo4323.78,18,78,100,164,186,6.0,29,377,68.76668167114258,2
2260,graficon84nodi/grafo4402.84,18,84,103,160,179,4.0,22,299,21.919414281845093,2
2261,graficon67nodi/grafo7863.67,18,67,92,163,188,7.0,42,573,361.6988904476166,2
2262,graficon76nodi/grafo5725.76,18,76,95,160,179,5.0,33,478,58.47938108444214,2
2263,graficon60nodi/grafo8735.60,18,60,86,161,187,7.0,45,381,65.18927597999573,2
2264,graficon65nodi/grafo1189.65,18,65,81,161,177,3.0,14,232,12.9810049533844,2
2265,graficon67nodi/grafo9149.67,18,67,92,160,185,8.0,48,536,407.0097060203552,2
2266,graficon69nodi/grafo5310.69,18,69,87,160,178,6.0,36,475,320.7491297721863,2
2267,graficon41nodi/grafo7228.41,18,41,67,164,190,3.0,28,285,30.76259183883667,2
2268,graficon62nodi/grafo6413.62,18,62,95,164,197,7.0,53,480,111.50646042823792,2
2269,graficon85nodi/grafo9603.85,18,85,110,163,188,inf,0,0,600.632726430893,9
2270,graficon54nodi/grafo6529.54,18,54,67,163,176,2.0,8,211,4.184518098831177,2
2271,graficon77nodi/grafo8143.77,18,77,99,162,184,4.0,33,447,102.83650875091553,2
2272,graficon82nodi/grafo6849.82,18,82,104,164,186,6.0,38,416,79.25449466705322,2
2273,graficon79nodi/grafo9323.79,18,79,95,163,179,3.0,18,353,24.51877760887146,2
2274,graficon83nodi/grafo9489.83,18,83,110,164,191,10.0,42,418,133.78547620773315,2
2275,graficon65nodi/grafo9510.65,18,65,89,160,184,5.0,33,576,162.00494170188904,2
2276,graficon56nodi/grafo4847.56,18,56,86,163,193,5.0,32,351,60.086955070495605,2
2277,graficon66nodi/grafo9501.66,18,66,105,163,202,inf,0,0,601.1644699573517,9
2278,graficon68nodi/grafo9073.68,18,68,85,160,177,3.0,20,208,7.035827159881592,2
2279,graficon75nodi/grafo9147.75,18,75,106,160,191,6.0,66,654,600.703394651413,9
2280,graficon76nodi/grafo4614.76,18,76,101,163,188,7.0,38,553,69.20085144042969,2
2281,graficon70nodi/grafo9506.70,18,70,91,160,181,8.0,34,367,159.75935673713684,2
2282,graficon63nodi/grafo9442.63,18,63,81,164,182,3.0,23,268,12.753319025039673,2
2283,graficon80nodi/grafo7862.80,18,80,104,164,188,5.0,47,477,387.39223980903625,2
2284,graficon79nodi/grafo9381.79,18,79,104,161,186,inf,0,0,600.7063038349152,9
2285,graficon42nodi/grafo4096.42,18,42,65,162,185,5.0,35,306,181.2631766796112,2
2286,graficon74nodi/grafo8232.74,18,74,98,163,187,4.0,29,415,49.83741736412048,2
2287,graficon62nodi/grafo8053.62,18,62,91,164,193,6.0,54,555,245.50041937828064,2
2288,graficon64nodi/grafo9437.64,18,64,82,161,179,2.0,10,240,5.431680679321289,2
2289,graficon64nodi/grafo9081.64,18,64,98,163,197,5.0,41,452,134.8760621547699,2
2290,graficon62nodi/grafo4647.62,18,62,89,162,189,6.0,47,433,124.38552236557007,2
2291,graficon59nodi/grafo4939.59,18,59,71,163,175,2.0,5,175,1.810434103012085,2
2292,graficon73nodi/grafo7483.73,18,73,92,161,180,4.0,25,372,40.003764152526855,2
2293,graficon53nodi/grafo3289.53,18,53,76,160,183,3.0,29,295,33.20153856277466,2
2294,graficon75nodi/grafo8639.75,18,75,108,163,196,14.0,81,796,601.3618440628052,9
2295,graficon69nodi/grafo5962.69,18,69,88,164,183,3.0,28,480,64.80477738380432,2
2296,graficon61nodi/grafo4598.61,18,61,79,161,179,4.0,29,346,61.65857458114624,2
2297,graficon72nodi/grafo5108.72,18,72,88,163,179,2.0,17,343,21.57513976097107,2
2298,graficon76nodi/grafo8164.76,18,76,96,163,183,3.0,25,370,56.47015380859375,2
2299,graficon79nodi/grafo8550.79,18,79,100,164,185,5.0,36,695,343.14526987075806,2
2300,graficon86nodi/grafo9614.86,18,86,112,160,186,inf,0,0,601.1208219528198,9
2301,graficon81nodi/grafo4971.81,18,81,101,160,180,4.0,36,512,56.81897473335266,2
2302,graficon68nodi/grafo6765.68,18,68,82,164,178,3.0,15,344,13.58839750289917,2
2303,graficon64nodi/grafo3557.64,18,64,85,163,184,3.0,20,247,17.122860431671143,2
2304,graficon72nodi/grafo7865.72,18,72,102,162,192,6.0,50,530,269.32917499542236,2
2305,graficon71nodi/grafo1497.71,18,71,95,163,187,5.0,43,572,195.15666460990906,2
2306,graficon78nodi/grafo4432.78,18,78,105,164,191,4.0,28,488,59.0308358669281,2
2307,graficon72nodi/grafo8043.72,18,72,100,162,190,6.0,49,446,246.3400571346283,2
2308,graficon61nodi/grafo4892.61,18,61,79,161,179,3.0,14,238,5.328328371047974,2
2309,graficon69nodi/grafo7901.69,18,69,93,161,185,5.0,42,381,167.75141549110413,2
2310,graficon78nodi/grafo5647.78,18,78,96,161,179,4.0,26,407,54.91286063194275,2
2311,graficon66nodi/grafo4466.66,18,66,102,160,196,6.0,76,535,300.1809070110321,2
2312,graficon93nodi/grafo10425.93,18,93,122,163,192,6.0,69,486,364.0110001564026,2
2313,graficon76nodi/grafo7361.76,18,76,92,163,179,2.0,12,375,10.003151178359985,2
2314,graficon65nodi/grafo9411.65,18,65,95,162,192,11.0,67,471,600.7453639507294,9
2315,graficon68nodi/grafo4454.68,18,68,96,163,191,8.0,54,572,234.4357430934906,2
2316,graficon61nodi/grafo5281.61,18,61,87,162,188,8.0,43,439,76.06301021575928,2
2317,graficon83nodi/grafo8062.83,18,83,107,164,188,5.0,43,353,119.52177000045776,2
2318,graficon62nodi/grafo5011.62,18,62,85,162,185,3.0,27,346,30.872395515441895,2
2319,graficon73nodi/grafo8621.73,18,73,103,160,190,5.0,42,557,112.16620802879333,2
2320,graficon59nodi/grafo6151.59,18,59,75,160,176,2.0,17,211,3.7829177379608154,2
2321,graficon60nodi/grafo8869.60,18,60,79,164,183,5.0,16,311,9.711246967315674,2
2322,graficon69nodi/grafo9763.69,18,69,95,162,188,7.0,43,505,151.80748653411865,2
2323,graficon75nodi/grafo8459.75,18,75,93,161,179,4.0,21,354,38.77102255821228,2
2324,graficon63nodi/grafo4241.63,18,63,89,164,190,6.0,37,511,60.107062578201294,2
2325,graficon84nodi/grafo7949.84,18,84,109,160,185,6.0,47,466,282.31894040107727,2
2326,graficon75nodi/grafo6681.75,18,75,106,169,200,inf,0,0,600.828296661377,9
2327,graficon69nodi/grafo7177.69,18,69,88,167,186,4.0,29,313,19.10226798057556,2
2328,graficon77nodi/grafo4347.77,18,77,101,165,189,6.0,40,539,81.78819727897644,2
2329,graficon40nodi/grafo3171.40,18,40,56,169,185,2.0,10,220,1.1972453594207764,2
2330,graficon73nodi/grafo8040.73,18,73,103,167,197,6.0,54,644,246.39864301681519,2
2331,graficon81nodi/grafo9254.81,18,81,105,169,193,4.0,35,428,76.46973872184753,2
2332,graficon68nodi/grafo1213.68,18,68,86,169,187,3.0,15,212,6.602985858917236,2
2333,graficon76nodi/grafo7058.76,18,76,96,165,185,4.0,37,332,179.0128161907196,2
2334,graficon67nodi/grafo7816.67,18,67,98,166,197,6.0,40,851,265.7453730106354,2
2335,graficon76nodi/grafo9277.76,18,76,102,167,193,inf,0,0,600.7434334754944,9
2336,graficon93nodi/grafo10858.93,18,93,118,165,190,7.0,48,468,118.99734449386597,2
2337,graficon91nodi/grafo8668.91,18,91,115,167,191,3.0,28,311,22.89783000946045,2
2338,graficon72nodi/grafo9079.72,18,72,91,165,184,3.0,20,276,21.18436598777771,2
2339,graficon70nodi/grafo9474.70,18,70,90,165,185,3.0,18,228,9.006999254226685,2
2340,graficon59nodi/grafo4113.59,18,59,84,166,191,4.0,25,328,25.577632665634155,2
2341,graficon68nodi/grafo4337.68,18,68,95,169,196,7.0,45,513,179.28603720664978,2
2342,graficon84nodi/grafo8087.84,18,84,114,166,196,12.0,72,613,324.0006945133209,2
2343,graficon74nodi/grafo8205.74,18,74,105,167,198,5.0,47,460,342.54698300361633,2
2344,graficon72nodi/grafo9828.72,18,72,95,165,188,4.0,26,345,23.850449085235596,2
2345,graficon81nodi/grafo4534.81,18,81,101,166,186,4.0,26,323,41.59167003631592,2
2346,graficon62nodi/grafo6080.62,18,62,90,167,195,8.0,62,582,600.8922519683838,9
2347,graficon80nodi/grafo8089.80,18,80,107,167,194,8.0,44,441,161.06938552856445,2
2348,graficon81nodi/grafo7782.81,18,81,102,166,187,5.0,32,532,120.64813494682312,2
2349,graficon69nodi/grafo5059.69,18,69,99,169,199,7.0,52,717,156.43077182769775,2
2350,graficon77nodi/grafo8315.77,18,77,100,167,190,inf,0,0,601.1320233345032,9
2351,graficon63nodi/grafo9221.63,18,63,100,165,202,inf,0,0,601.120813369751,9
2352,graficon69nodi/grafo8227.69,18,69,107,169,207,inf,0,0,601.2026128768921,9
2353,graficon45nodi/grafo7558.45,18,45,74,166,195,4.0,38,301,221.7506821155548,2
2354,graficon83nodi/grafo8160.83,18,83,118,166,201,inf,0,0,601.4232490062714,9
2355,graficon89nodi/grafo8670.89,18,89,109,166,186,3.0,16,250,3.1625945568084717,2
2356,graficon71nodi/grafo5097.71,18,71,104,167,200,10.0,69,595,307.54585671424866,2
2357,graficon51nodi/grafo3790.51,18,51,74,169,192,4.0,24,309,10.553044080734253,2
2358,graficon80nodi/grafo8716.80,18,80,101,165,186,7.0,38,525,172.1230571269989,2
2359,graficon66nodi/grafo9536.66,18,66,93,167,194,4.0,26,297,9.024550199508667,2
2360,graficon53nodi/grafo3297.53,18,53,74,166,187,3.0,25,300,30.486093044281006,2
2361,graficon57nodi/grafo3477.57,18,57,88,167,198,5.0,56,507,109.78300380706787,2
2362,graficon75nodi/grafo8493.75,18,75,94,168,187,3.0,24,310,33.557246923446655,2
2363,graficon78nodi/grafo6434.78,18,78,97,166,185,3.0,17,396,7.4186670780181885,2
2364,graficon88nodi/grafo8914.88,18,88,107,167,186,5.0,24,464,63.104676246643066,2
2365,graficon40nodi/grafo7680.40,18,40,55,166,181,3.0,12,203,2.2457516193389893,2
2366,graficon82nodi/grafo9137.82,18,82,106,169,193,5.0,39,512,126.0318558216095,2
2367,graficon77nodi/grafo8165.77,18,77,109,169,201,inf,0,0,601.1157491207123,9
2368,graficon64nodi/grafo4480.64,18,64,88,168,192,5.0,34,344,76.975994348526,2
2369,graficon84nodi/grafo6815.84,18,84,108,166,190,5.0,55,683,318.7492892742157,2
2370,graficon76nodi/grafo9718.76,18,76,93,167,184,3.0,13,260,10.577245712280273,2
2371,graficon56nodi/grafo4831.56,18,56,86,165,195,8.0,50,442,184.192129611969,2
2372,graficon75nodi/grafo9735.75,18,75,100,169,194,6.0,28,328,25.264267206192017,2
2373,graficon72nodi/grafo9084.72,18,72,92,169,189,3.0,18,293,18.62568950653076,2
2374,graficon81nodi/grafo9731.81,18,81,109,165,193,5.0,27,469,36.86944556236267,2
2375,graficon67nodi/grafo9086.67,18,67,96,166,195,5.0,41,436,83.07026529312134,2
2376,graficon78nodi/grafo8258.78,18,78,105,165,192,6.0,57,450,265.5561981201172,2
2377,graficon79nodi/grafo4961.79,18,79,100,169,190,3.0,23,299,24.15533137321472,2
2378,graficon91nodi/grafo8154.91,18,91,109,169,187,5.0,24,490,100.90930676460266,2
2379,graficon78nodi/grafo8413.78,18,78,98,167,187,3.0,27,373,59.389567852020264,2
2380,graficon83nodi/grafo6806.83,18,83,109,168,194,9.0,57,711,600.6975235939026,9
2381,graficon64nodi/grafo4478.64,18,64,83,168,187,4.0,16,228,7.173003196716309,2
2382,graficon76nodi/grafo5841.76,18,76,100,166,190,8.0,40,410,71.75322079658508,2
2383,graficon70nodi/grafo8356.70,18,70,103,166,199,inf,0,0,601.1079640388489,9
2384,graficon87nodi/grafo8487.87,18,87,112,166,191,4.0,44,467,207.73428606987,2
2385,graficon78nodi/grafo4926.78,18,78,103,166,191,6.0,47,617,135.406724691391,2
2386,graficon81nodi/grafo8271.81,18,81,113,166,198,12.0,60,466,536.7661793231964,2
2387,graficon77nodi/grafo6502.77,18,77,95,165,183,6.0,20,274,38.0752854347229,2
2388,graficon78nodi/grafo6090.78,18,78,94,167,183,2.0,11,343,15.991093158721924,2
2389,graficon76nodi/grafo8456.76,18,76,102,168,194,5.0,51,488,554.053210735321,2
2390,graficon89nodi/grafo8595.89,18,89,112,167,190,7.0,40,433,256.7571265697479,2
2391,graficon83nodi/grafo6468.83,18,83,110,165,192,5.0,55,562,498.5678412914276,2
2392,graficon92nodi/grafo8825.92,18,92,124,168,200,inf,0,0,601.1412599086761,9
2393,graficon73nodi/grafo8069.73,18,73,94,165,186,5.0,27,361,37.79461312294006,2
2394,graficon92nodi/grafo9471.92,18,92,122,168,198,inf,0,0,600.9681935310364,9
2395,graficon62nodi/grafo5754.62,18,62,89,168,195,8.0,37,459,62.343708992004395,2
2396,graficon82nodi/grafo8423.82,18,82,109,167,194,inf,0,0,601.088048696518,9
2397,graficon96nodi/grafo11391.96,18,96,126,167,197,inf,0,0,601.4020416736603,9
2398,graficon91nodi/grafo8787.91,18,91,119,169,197,inf,0,0,600.9477922916412,9
2399,graficon77nodi/grafo8064.77,18,77,107,166,196,9.0,66,570,170.63519740104675,2
2400,graficon86nodi/grafo8693.86,18,86,109,166,189,3.0,30,411,184.477796792984,2
2401,graficon47nodi/grafo7216.47,18,47,77,170,200,6.0,56,476,80.39703726768494,2
2402,graficon68nodi/grafo6575.68,18,68,100,172,204,inf,0,0,600.8551054000854,9
2403,graficon63nodi/grafo4396.63,18,63,83,171,191,2.0,13,226,4.686593532562256,2
2404,graficon53nodi/grafo7066.53,18,53,77,174,198,2.0,18,491,26.633965730667114,2
2405,graficon70nodi/grafo9454.70,18,70,109,173,212,inf,0,0,601.0348031520844,9
2406,graficon83nodi/grafo9099.83,18,83,106,171,194,4.0,32,297,98.8989462852478,2
2407,graficon77nodi/grafo9229.77,18,77,99,173,195,3.0,24,586,79.0360107421875,2
2408,graficon82nodi/grafo5005.82,18,82,105,171,194,6.0,39,526,331.5159773826599,2
2409,graficon65nodi/grafo4711.65,18,65,85,173,193,4.0,34,429,85.82627296447754,2
2410,graficon78nodi/grafo9010.78,18,78,99,172,193,4.0,26,428,26.563124418258667,2
2411,graficon61nodi/grafo3376.61,18,61,86,172,197,7.0,38,455,32.14006209373474,2
2412,graficon58nodi/grafo4864.58,18,58,73,173,188,2.0,9,216,4.057264804840088,2
2413,graficon84nodi/grafo7788.84,18,84,116,170,202,9.0,76,619,601.1568200588226,9
2414,graficon69nodi/grafo9642.69,18,69,91,173,195,3.0,21,344,19.225200414657593,2
2415,graficon77nodi/grafo7775.77,18,77,109,174,206,inf,0,0,600.9397187232971,9
2416,graficon56nodi/grafo6519.56,18,56,74,172,190,2.0,17,268,14.59449577331543,2
2417,graficon79nodi/grafo9722.79,18,79,110,170,201,6.0,57,632,220.9951832294464,2
2418,graficon77nodi/grafo4423.77,18,77,96,172,191,3.0,24,324,32.996562004089355,2
2419,graficon74nodi/grafo8289.74,18,74,101,170,197,3.0,29,304,34.90949034690857,2
2420,graficon73nodi/grafo8386.73,18,73,99,173,199,8.0,49,557,327.1104247570038,2
2421,graficon99nodi/grafo10061.99,18,99,131,171,203,inf,0,0,601.1170909404755,9
2422,graficon100nodi/grafo10679.100,18,100,129,173,202,3.0,28,449,44.04274773597717,2
2423,graficon52nodi/grafo4374.52,18,52,73,170,191,3.0,22,375,17.756197929382324,2
2424,graficon72nodi/grafo4807.72,18,72,91,171,190,2.0,14,278,12.109260320663452,2
2425,graficon73nodi/grafo8337.73,18,73,93,174,194,4.0,26,349,48.94307541847229,2
2426,graficon82nodi/grafo8437.82,18,82,115,171,204,inf,0,0,601.4934668540955,9
2427,graficon85nodi/grafo8583.85,18,85,103,172,190,4.0,22,546,109.04400849342346,2
2428,graficon97nodi/grafo10253.97,18,97,125,174,202,inf,0,0,601.1070418357849,9
2429,graficon78nodi/grafo9762.78,18,78,106,174,202,inf,0,0,601.2320671081543,9
2430,graficon77nodi/grafo4511.77,18,77,103,174,200,inf,0,0,600.8852097988129,9
2431,graficon75nodi/grafo5594.75,18,75,92,174,191,5.0,30,496,182.64298033714294,2
2432,graficon67nodi/grafo9220.67,18,67,101,171,205,inf,0,0,600.9877247810364,9
2433,graficon51nodi/grafo3616.51,18,51,73,172,194,4.0,25,294,9.651156902313232,2
2434,graficon64nodi/grafo4547.64,18,64,88,174,198,7.0,41,387,71.28827619552612,2
2435,graficon67nodi/grafo7838.67,18,67,92,171,196,4.0,27,399,34.18087077140808,2
2436,graficon95nodi/grafo3741.95,18,95,120,173,198,inf,0,0,600.8332984447479,9
2437,graficon98nodi/grafo10718.98,18,98,120,173,195,6.0,38,408,305.38945293426514,2
2438,graficon89nodi/grafo8503.89,18,89,107,171,189,5.0,31,531,141.14437532424927,2
2439,graficon61nodi/grafo9779.61,18,61,90,172,201,6.0,55,540,300.3684139251709,2
2440,graficon68nodi/grafo9479.68,18,68,105,170,207,inf,0,0,601.3458521366119,9
2441,graficon75nodi/grafo4187.75,18,75,101,171,197,4.0,31,426,97.2983169555664,2
2442,graficon59nodi/grafo4808.59,18,59,78,174,193,2.0,13,241,3.869163751602173,2
2443,graficon75nodi/grafo9782.75,18,75,96,171,192,11.0,43,498,251.1339612007141,2
2444,graficon87nodi/grafo7861.87,18,87,118,172,203,6.0,55,852,249.39750695228577,2
2445,graficon75nodi/grafo8939.75,18,75,93,174,192,7.0,32,347,78.1796543598175,2
2446,graficon74nodi/grafo8231.74,18,74,99,170,195,8.0,38,513,51.32346439361572,2
2447,graficon74nodi/grafo7825.74,18,74,105,171,202,8.0,71,637,601.140709400177,9
2448,graficon75nodi/grafo4233.75,18,75,105,173,203,5.0,43,421,90.61923170089722,2
2449,graficon95nodi/grafo10430.95,18,95,120,172,197,6.0,41,492,131.2917697429657,2
2450,graficon74nodi/grafo9574.74,18,74,107,173,206,inf,0,0,600.8830935955048,9
2451,graficon80nodi/grafo7886.80,18,80,101,172,193,3.0,13,415,8.780829429626465,2
2452,graficon66nodi/grafo9393.66,18,66,87,173,194,3.0,20,295,9.119752168655396,2
2453,graficon47nodi/grafo1979.47,18,47,64,170,187,3.0,12,312,4.6122541427612305,2
2454,graficon67nodi/grafo9515.67,18,67,89,170,192,4.0,27,434,54.29190158843994,2
2455,graficon95nodi/grafo10352.95,18,95,123,174,202,7.0,50,452,262.48892736434937,2
2456,graficon77nodi/grafo8068.77,18,77,105,174,202,6.0,40,341,67.70304465293884,2
2457,graficon65nodi/grafo9216.65,18,65,81,171,187,4.0,7,258,1.1885228157043457,2
2458,graficon80nodi/grafo5132.80,18,80,106,171,197,inf,0,0,601.3813951015472,9
2459,graficon67nodi/grafo9108.67,18,67,101,174,208,inf,0,0,601.0971612930298,9
2460,graficon83nodi/grafo8430.83,18,83,118,172,207,inf,0,0,600.9866292476654,9
2461,graficon62nodi/grafo7875.62,18,62,100,174,212,inf,0,0,601.0508284568787,9
2462,graficon68nodi/grafo8041.68,18,68,106,171,209,inf,0,0,601.2913069725037,9
2463,graficon89nodi/grafo8842.89,18,89,122,173,206,inf,0,0,601.4001972675323,9
2464,graficon87nodi/grafo9026.87,18,87,107,170,190,3.0,25,409,159.2200882434845,2
2465,graficon80nodi/grafo9096.80,18,80,108,170,198,8.0,41,548,213.59342122077942,2
2466,graficon65nodi/grafo9624.65,18,65,80,171,186,5.0,29,612,184.9098846912384,2
2467,graficon94nodi/grafo6764.94,18,94,118,172,196,4.0,34,292,94.36992192268372,2
2468,graficon58nodi/grafo5110.58,18,58,85,170,197,5.0,35,347,42.039013385772705,2
2469,graficon73nodi/grafo9686.73,18,73,103,173,203,5.0,48,447,328.6466965675354,2
2470,graficon64nodi/grafo9516.64,18,64,92,172,200,3.0,30,411,62.767465353012085,2
2471,graficon90nodi/grafo8186.90,18,90,116,174,200,6.0,52,554,141.12982082366943,2
2472,graficon85nodi/grafo8148.85,18,85,119,174,208,inf,0,0,601.1999664306641,9
2473,graficon56nodi/grafo3698.56,18,56,87,174,205,6.0,52,578,192.4213924407959,2
2474,graficon56nodi/grafo4655.56,18,56,80,174,198,4.0,26,390,8.331648349761963,2
2475,graficon66nodi/grafo9386.66,18,66,86,173,193,2.0,13,347,9.954771995544434,2
