Index,Data,combo_idx,Nodes,Edges,TotalNodes,TotalEdges,ObjVal,Crossings,EdgeLength,Runtime,Status
1,graficon13nodi/grafo2567.13,19,13,13,13,13,0.0,0,6,0.0035767555236816406,2
2,graficon11nodi/grafo685.11,19,11,11,13,13,0.0,0,13,0.005526065826416016,2
3,graficon10nodi/grafo2511.10,19,10,10,12,12,0.0,0,6,0.0024640560150146484,2
4,graficon12nodi/grafo957.12,19,12,11,13,12,0.0,0,10,0.0020568370819091797,2
5,graficon14nodi/grafo769.14,19,14,13,14,13,0.0,0,10,0.0017971992492675781,2
6,graficon10nodi/grafo1070.10,19,10,10,12,12,0.0,0,6,0.0011212825775146484,2
7,graficon10nodi/grafo473.10,19,10,10,12,12,0.0,0,6,0.0011456012725830078,2
8,graficon14nodi/grafo371.14,19,14,13,14,13,0.0,0,6,0.0023148059844970703,2
9,graficon12nodi/grafo906.12,19,12,11,12,11,0.0,0,3,0.001631021499633789,2
10,graficon11nodi/grafo927.11,19,11,10,11,10,0.0,0,6,0.0016164779663085938,2
11,graficon10nodi/grafo758.10,19,10,10,12,12,0.0,0,6,0.0011339187622070312,2
12,graficon12nodi/grafo122.12,19,12,11,12,11,0.0,0,5,0.0008301734924316406,2
13,graficon12nodi/grafo1843.12,19,12,15,14,17,1.0,2,13,0.02046990394592285,2
14,graficon10nodi/grafo898.10,19,10,9,10,9,0.0,0,2,0.0007851123809814453,2
15,graficon11nodi/grafo2433.11,19,11,11,13,13,0.0,0,3,0.001730203628540039,2
16,graficon11nodi/grafo749.11,19,11,10,13,12,0.0,0,5,0.0018076896667480469,2
17,graficon10nodi/grafo961.10,19,10,10,12,12,0.0,0,6,0.0010542869567871094,2
18,graficon10nodi/grafo1857.10,19,10,12,12,14,0.0,0,10,0.001718282699584961,2
19,graficon11nodi/grafo1004.11,19,11,12,12,13,0.0,0,15,0.0025932788848876953,2
20,graficon11nodi/grafo675.11,19,11,11,13,13,0.0,0,4,0.0018146038055419922,2
21,graficon10nodi/grafo633.10,19,10,9,10,9,0.0,0,2,0.0010824203491210938,2
22,graficon13nodi/grafo2908.13,19,13,12,13,12,0.0,0,8,0.0015599727630615234,2
23,graficon11nodi/grafo441.11,19,11,11,13,13,0.0,0,14,0.003895998001098633,2
24,graficon11nodi/grafo2812.11,19,11,11,13,13,0.0,0,3,0.001814126968383789,2
25,graficon10nodi/grafo881.10,19,10,9,10,9,0.0,0,2,0.0015714168548583984,2
26,graficon10nodi/grafo455.10,19,10,10,13,13,0.0,0,4,0.0022859573364257812,2
27,graficon12nodi/grafo933.12,19,12,11,12,11,0.0,0,5,0.0011856555938720703,2
28,graficon12nodi/grafo256.12,19,12,11,12,11,0.0,0,2,0.0013892650604248047,2
29,graficon10nodi/grafo1098.10,19,10,9,10,9,0.0,0,2,0.001215219497680664,2
30,graficon11nodi/grafo246.11,19,11,10,11,10,0.0,0,3,0.001519918441772461,2
31,graficon12nodi/grafo2668.12,19,12,13,14,15,1.0,1,7,0.003162860870361328,2
32,graficon12nodi/grafo667.12,19,12,12,13,13,0.0,0,16,0.003193378448486328,2
33,graficon12nodi/grafo986.12,19,12,11,12,11,0.0,0,5,0.0009763240814208984,2
34,graficon10nodi/grafo782.10,19,10,9,10,9,0.0,0,2,0.0010638236999511719,2
35,graficon12nodi/grafo756.12,19,12,11,12,11,0.0,0,3,0.001238107681274414,2
36,graficon11nodi/grafo1629.11,19,11,11,14,14,0.0,0,10,0.0019352436065673828,2
37,graficon12nodi/grafo888.12,19,12,13,14,15,0.0,0,16,0.005285501480102539,2
38,graficon11nodi/grafo1162.11,19,11,11,12,12,0.0,0,6,0.0013515949249267578,2
39,graficon11nodi/grafo3101.11,19,11,11,13,13,0.0,0,3,0.0018343925476074219,2
40,graficon10nodi/grafo910.10,19,10,9,10,9,0.0,0,2,0.0010814666748046875,2
41,graficon13nodi/grafo514.13,19,13,12,13,12,0.0,0,4,0.001682281494140625,2
42,graficon10nodi/grafo718.10,19,10,10,12,12,0.0,0,6,0.002206563949584961,2
43,graficon10nodi/grafo1123.10,19,10,10,12,12,0.0,0,6,0.0022666454315185547,2
44,graficon10nodi/grafo474.10,19,10,10,12,12,0.0,0,6,0.002393007278442383,2
45,graficon14nodi/grafo272.14,19,14,13,14,13,0.0,0,9,0.003130674362182617,2
46,graficon11nodi/grafo1084.11,19,11,10,11,10,0.0,0,2,0.0011224746704101562,2
47,graficon11nodi/grafo2971.11,19,11,11,13,13,0.0,0,3,0.001959085464477539,2
48,graficon11nodi/grafo313.11,19,11,10,13,12,0.0,0,13,0.0034227371215820312,2
49,graficon11nodi/grafo532.11,19,11,11,13,13,0.0,0,9,0.003004312515258789,2
50,graficon11nodi/grafo857.11,19,11,11,12,12,0.0,0,12,0.004097938537597656,2
51,graficon10nodi/grafo978.10,19,10,10,12,12,0.0,0,6,0.0013272762298583984,2
52,graficon13nodi/grafo1067.13,19,13,13,13,13,0.0,0,6,0.0023012161254882812,2
53,graficon12nodi/grafo2949.12,19,12,11,12,11,0.0,0,4,0.0010840892791748047,2
54,graficon10nodi/grafo962.10,19,10,10,12,12,0.0,0,6,0.001405477523803711,2
55,graficon10nodi/grafo460.10,19,10,9,10,9,0.0,0,2,0.0009875297546386719,2
56,graficon11nodi/grafo3073.11,19,11,11,13,13,0.0,0,3,0.001775503158569336,2
57,graficon11nodi/grafo316.11,19,11,13,14,16,0.0,0,22,0.0039861202239990234,2
58,graficon13nodi/grafo2415.13,19,13,13,14,14,0.0,0,5,0.0030226707458496094,2
59,graficon12nodi/grafo861.12,19,12,12,14,14,0.0,0,21,0.007481813430786133,2
60,graficon11nodi/grafo612.11,19,11,11,13,13,0.0,0,7,0.0019698143005371094,2
61,graficon10nodi/grafo513.10,19,10,10,12,12,0.0,0,6,0.0022039413452148438,2
62,graficon12nodi/grafo352.12,19,12,12,14,14,1.0,1,6,0.003428220748901367,2
63,graficon11nodi/grafo3113.11,19,11,11,13,13,0.0,0,3,0.002233743667602539,2
64,graficon12nodi/grafo2651.12,19,12,13,12,13,1.0,2,13,0.004095315933227539,2
65,graficon13nodi/grafo2595.13,19,13,12,13,12,0.0,0,5,0.0030002593994140625,2
66,graficon14nodi/grafo345.14,19,14,13,14,13,0.0,0,9,0.002996206283569336,2
67,graficon10nodi/grafo209.10,19,10,10,12,12,0.0,0,6,0.0014567375183105469,2
68,graficon11nodi/grafo1005.11,19,11,11,12,12,0.0,0,9,0.0019075870513916016,2
69,graficon10nodi/grafo1032.10,19,10,9,10,9,0.0,0,2,0.0012078285217285156,2
70,graficon10nodi/grafo210.10,19,10,10,12,12,0.0,0,6,0.0025043487548828125,2
71,graficon11nodi/grafo759.11,19,11,12,12,13,1.0,1,7,0.0038635730743408203,2
72,graficon10nodi/grafo265.10,19,10,12,12,14,1.0,1,16,0.005245208740234375,2
73,graficon12nodi/grafo2439.12,19,12,12,13,13,0.0,0,10,0.002268075942993164,2
74,graficon11nodi/grafo748.11,19,11,11,13,13,0.0,0,8,0.0026466846466064453,2
75,graficon11nodi/grafo2714.11,19,11,11,13,13,0.0,0,5,0.0024869441986083984,2
76,graficon15nodi/grafo886.15,19,15,15,18,18,0.0,0,20,0.0067844390869140625,2
77,graficon12nodi/grafo2359.12,19,12,17,16,21,1.0,3,67,0.03601217269897461,2
78,graficon17nodi/grafo565.17,19,17,17,19,19,0.0,0,7,0.0016031265258789062,2
79,graficon14nodi/grafo642.14,19,14,15,16,17,1.0,1,14,0.005395174026489258,2
80,graficon15nodi/grafo2783.15,19,15,17,19,21,1.0,1,24,0.005877017974853516,2
81,graficon12nodi/grafo2707.12,19,12,14,16,18,1.0,1,10,0.004736900329589844,2
82,graficon16nodi/grafo2861.16,19,16,15,18,17,1.0,1,21,0.008221149444580078,2
83,graficon16nodi/grafo853.16,19,16,16,16,16,0.0,0,11,0.002704620361328125,2
84,graficon17nodi/grafo1122.17,19,17,17,19,19,0.0,0,7,0.001737833023071289,2
85,graficon11nodi/grafo2384.11,19,11,12,15,16,0.0,0,9,0.0017118453979492188,2
86,graficon15nodi/grafo1618.15,19,15,16,19,20,0.0,0,29,0.008708477020263672,2
87,graficon13nodi/grafo325.13,19,13,14,15,16,1.0,1,11,0.0026247501373291016,2
88,graficon17nodi/grafo1161.17,19,17,18,19,20,0.0,0,23,0.003507375717163086,2
89,graficon13nodi/grafo510.13,19,13,16,18,21,1.0,1,21,0.00758051872253418,2
90,graficon14nodi/grafo367.14,19,14,14,15,15,0.0,0,11,0.0040454864501953125,2
91,graficon13nodi/grafo477.13,19,13,13,15,15,0.0,0,4,0.0014638900756835938,2
92,graficon13nodi/grafo951.13,19,13,17,19,23,0.0,0,45,0.007674694061279297,2
93,graficon11nodi/grafo1734.11,19,11,14,17,20,1.0,1,36,0.004509449005126953,2
94,graficon15nodi/grafo2797.15,19,15,17,15,17,1.0,1,19,0.0038766860961914062,2
95,graficon12nodi/grafo2335.12,19,12,14,19,21,0.0,0,14,0.0036559104919433594,2
96,graficon10nodi/grafo1740.10,19,10,13,17,20,1.0,1,36,0.008551836013793945,2
97,graficon13nodi/grafo1853.13,19,13,15,17,19,1.0,3,45,0.036599159240722656,2
98,graficon16nodi/grafo2142.16,19,16,16,17,17,0.0,0,14,0.0033168792724609375,2
99,graficon14nodi/grafo956.14,19,14,15,15,16,1.0,1,12,0.0041735172271728516,2
100,graficon15nodi/grafo585.15,19,15,16,19,20,0.0,0,31,0.006445169448852539,2
101,graficon14nodi/grafo2291.14,19,14,14,16,16,1.0,1,25,0.007113218307495117,2
102,graficon14nodi/grafo1658.14,19,14,15,19,20,0.0,0,16,0.003492116928100586,2
103,graficon13nodi/grafo559.13,19,13,15,19,21,0.0,0,17,0.0030303001403808594,2
104,graficon15nodi/grafo2377.15,19,15,15,16,16,0.0,0,11,0.0016732215881347656,2
105,graficon14nodi/grafo2189.14,19,14,16,17,19,1.0,1,27,0.006238222122192383,2
106,graficon16nodi/grafo322.16,19,16,15,17,16,0.0,0,9,0.0037403106689453125,2
107,graficon14nodi/grafo2460.14,19,14,14,15,15,0.0,0,9,0.0035858154296875,2
108,graficon16nodi/grafo1177.16,19,16,15,17,16,0.0,0,15,0.0026040077209472656,2
109,graficon13nodi/grafo203.13,19,13,14,15,16,1.0,1,9,0.005535125732421875,2
110,graficon13nodi/grafo387.13,19,13,15,19,21,1.0,1,20,0.00772404670715332,2
111,graficon15nodi/grafo1107.15,19,15,19,19,23,0.0,0,28,0.007541179656982422,2
112,graficon12nodi/grafo576.12,19,12,14,17,19,0.0,0,8,0.0017745494842529297,2
113,graficon12nodi/grafo542.12,19,12,14,17,19,0.0,0,14,0.002458810806274414,2
114,graficon10nodi/grafo1898.10,19,10,15,16,21,1.0,1,34,0.007393598556518555,2
115,graficon12nodi/grafo543.12,19,12,12,15,15,1.0,1,9,0.0034399032592773438,2
116,graficon14nodi/grafo843.14,19,14,14,15,15,0.0,0,25,0.008540630340576172,2
117,graficon14nodi/grafo1620.14,19,14,15,17,18,0.0,0,16,0.0037064552307128906,2
118,graficon14nodi/grafo255.14,19,14,16,16,18,1.0,2,35,0.012467622756958008,2
119,graficon14nodi/grafo899.14,19,14,15,15,16,1.0,1,26,0.01189565658569336,2
120,graficon17nodi/grafo422.17,19,17,17,18,18,0.0,0,29,0.012530803680419922,2
121,graficon13nodi/grafo440.13,19,13,14,18,19,0.0,0,17,0.005943775177001953,2
122,graficon11nodi/grafo280.11,19,11,12,15,16,0.0,0,21,0.005276679992675781,2
123,graficon15nodi/grafo2331.15,19,15,17,17,19,0.0,0,19,0.005371570587158203,2
124,graficon11nodi/grafo1006.11,19,11,12,15,16,0.0,0,8,0.0039730072021484375,2
125,graficon13nodi/grafo2218.13,19,13,13,16,16,1.0,1,13,0.005455493927001953,2
126,graficon14nodi/grafo3087.14,19,14,14,16,16,0.0,0,13,0.006276369094848633,2
127,graficon16nodi/grafo1069.16,19,16,15,17,16,0.0,0,14,0.003014087677001953,2
128,graficon14nodi/grafo524.14,19,14,15,15,16,0.0,0,13,0.00410151481628418,2
129,graficon11nodi/grafo1913.11,19,11,14,15,18,0.0,0,15,0.004645347595214844,2
130,graficon14nodi/grafo2919.14,19,14,15,17,18,0.0,0,20,0.004776477813720703,2
131,graficon16nodi/grafo418.16,19,16,18,19,21,0.0,0,34,0.009099960327148438,2
132,graficon13nodi/grafo1935.13,19,13,18,17,22,1.0,1,31,0.008406877517700195,2
133,graficon17nodi/grafo774.17,19,17,18,19,20,1.0,2,50,0.025952816009521484,2
134,graficon16nodi/grafo1029.16,19,16,16,18,18,0.0,0,8,0.002154827117919922,2
135,graficon12nodi/grafo2663.12,19,12,13,15,16,0.0,0,11,0.0027213096618652344,2
136,graficon14nodi/grafo2634.14,19,14,13,15,14,0.0,0,12,0.002930879592895508,2
137,graficon12nodi/grafo2380.12,19,12,12,16,16,0.0,0,10,0.004511833190917969,2
138,graficon17nodi/grafo2146.17,19,17,17,19,19,0.0,0,17,0.0027916431427001953,2
139,graficon14nodi/grafo2900.14,19,14,14,18,18,0.0,0,10,0.0029535293579101562,2
140,graficon13nodi/grafo430.13,19,13,14,16,17,0.0,0,10,0.0023376941680908203,2
141,graficon10nodi/grafo938.10,19,10,14,19,23,1.0,3,55,0.02404952049255371,2
142,graficon14nodi/grafo1063.14,19,14,15,18,19,0.0,0,11,0.0019681453704833984,2
143,graficon11nodi/grafo2964.11,19,11,12,19,20,0.0,0,12,0.002105236053466797,2
144,graficon13nodi/grafo989.13,19,13,14,18,19,0.0,0,12,0.0033140182495117188,2
145,graficon11nodi/grafo822.11,19,11,13,18,20,1.0,1,13,0.004428863525390625,2
146,graficon10nodi/grafo1774.10,19,10,15,16,21,1.0,1,34,0.00983881950378418,2
147,graficon11nodi/grafo900.11,19,11,13,18,20,0.0,0,9,0.0025746822357177734,2
148,graficon13nodi/grafo2927.13,19,13,14,19,20,1.0,1,23,1.131340503692627,2
149,graficon13nodi/grafo2354.13,19,13,16,19,22,1.0,1,24,0.008615970611572266,2
150,graficon13nodi/grafo791.13,19,13,15,19,21,1.0,1,16,0.007126569747924805,2
151,graficon16nodi/grafo1945.16,19,16,17,23,24,1.0,2,29,0.021630287170410156,2
152,graficon17nodi/grafo2644.17,19,17,19,23,25,0.0,0,23,0.005844593048095703,2
153,graficon17nodi/grafo2882.17,19,17,18,24,25,0.0,0,25,0.006012916564941406,2
154,graficon19nodi/grafo794.19,19,19,21,22,24,1.0,1,23,0.005864620208740234,2
155,graficon14nodi/grafo489.14,19,14,15,22,23,1.0,1,15,0.004891157150268555,2
156,graficon18nodi/grafo1865.18,19,18,20,23,25,0.0,0,30,0.0078051090240478516,2
157,graficon15nodi/grafo1970.15,19,15,17,22,24,0.0,0,18,0.003348827362060547,2
158,graficon14nodi/grafo2419.14,19,14,17,24,27,1.0,1,27,0.010215044021606445,2
159,graficon12nodi/grafo2855.12,19,12,17,24,29,1.0,1,21,0.007857084274291992,2
160,graficon13nodi/grafo1729.13,19,13,19,22,28,2.0,5,78,0.017157316207885742,2
161,graficon13nodi/grafo2832.13,19,13,14,23,24,0.0,0,20,0.004843950271606445,2
162,graficon18nodi/grafo1893.18,19,18,18,21,21,0.0,0,14,0.0032978057861328125,2
163,graficon18nodi/grafo1059.18,19,18,18,22,22,0.0,0,10,0.001949310302734375,2
164,graficon12nodi/grafo2890.12,19,12,14,20,22,0.0,0,18,0.0045278072357177734,2
165,graficon16nodi/grafo2231.16,19,16,20,22,26,1.0,1,30,0.007732391357421875,2
166,graficon20nodi/grafo2767.20,19,20,22,24,26,1.0,1,33,0.00993204116821289,2
167,graficon20nodi/grafo3051.20,19,20,23,24,27,0.0,0,20,0.004221916198730469,2
168,graficon12nodi/grafo638.12,19,12,17,22,27,0.0,0,32,0.00550389289855957,2
169,graficon15nodi/grafo2233.15,19,15,20,23,28,0.0,0,42,0.011505603790283203,2
170,graficon16nodi/grafo275.16,19,16,18,24,26,1.0,1,27,0.006898403167724609,2
171,graficon22nodi/grafo2137.22,19,22,21,24,23,0.0,0,29,0.003918886184692383,2
172,graficon18nodi/grafo314.18,19,18,18,22,22,0.0,0,10,0.0018475055694580078,2
173,graficon15nodi/grafo2225.15,19,15,18,23,26,0.0,0,16,0.004003286361694336,2
174,graficon11nodi/grafo1876.11,19,11,19,24,32,2.0,6,41,0.03813982009887695,2
175,graficon13nodi/grafo891.13,19,13,13,20,20,0.0,0,14,0.003406047821044922,2
176,graficon12nodi/grafo2675.12,19,12,14,20,22,0.0,0,18,0.0044307708740234375,2
177,graficon11nodi/grafo1835.11,19,11,15,21,25,0.0,0,18,0.004117012023925781,2
178,graficon23nodi/grafo2357.23,19,23,22,24,23,0.0,0,38,0.009126424789428711,2
179,graficon15nodi/grafo1982.15,19,15,17,24,26,1.0,1,36,0.008869409561157227,2
180,graficon14nodi/grafo378.14,19,14,17,22,25,0.0,0,37,0.008029937744140625,2
181,graficon17nodi/grafo2324.17,19,17,21,23,27,1.0,2,25,0.006485700607299805,2
182,graficon13nodi/grafo964.13,19,13,16,23,26,0.0,0,27,0.006119489669799805,2
183,graficon19nodi/grafo423.19,19,19,21,23,25,0.0,0,30,0.007619142532348633,2
184,graficon13nodi/grafo2204.13,19,13,13,20,20,0.0,0,17,0.004773616790771484,2
185,graficon13nodi/grafo443.13,19,13,15,20,22,1.0,2,16,0.014275789260864258,2
186,graficon20nodi/grafo215.20,19,20,22,24,26,1.0,1,36,0.010048151016235352,2
187,graficon14nodi/grafo1662.14,19,14,20,24,30,1.0,2,41,0.07786250114440918,2
188,graficon20nodi/grafo495.20,19,20,20,24,24,0.0,0,11,0.0022287368774414062,2
189,graficon16nodi/grafo2281.16,19,16,21,24,29,1.0,1,50,0.012598752975463867,2
190,graficon11nodi/grafo1054.11,19,11,15,23,27,0.0,0,42,0.007871866226196289,2
191,graficon16nodi/grafo661.16,19,16,17,21,22,1.0,1,11,0.0068209171295166016,2
192,graficon12nodi/grafo844.12,19,12,18,20,26,1.0,2,43,0.012339353561401367,2
193,graficon19nodi/grafo1661.19,19,19,21,21,23,1.0,2,20,0.01088261604309082,2
194,graficon18nodi/grafo2186.18,19,18,23,23,28,1.0,3,21,0.0061492919921875,2
195,graficon12nodi/grafo2867.12,19,12,16,22,26,0.0,0,39,0.006882667541503906,2
196,graficon15nodi/grafo1136.15,19,15,17,24,26,0.0,0,20,0.004495382308959961,2
197,graficon20nodi/grafo1651.20,19,20,21,23,24,1.0,1,51,0.01544189453125,2
198,graficon15nodi/grafo2157.15,19,15,15,20,20,0.0,0,13,0.002744436264038086,2
199,graficon17nodi/grafo1634.17,19,17,18,20,21,1.0,1,50,0.01792597770690918,2
200,graficon16nodi/grafo2440.16,19,16,20,22,26,2.0,4,27,0.050781965255737305,2
201,graficon18nodi/grafo953.18,19,18,18,22,22,0.0,0,10,0.0020020008087158203,2
202,graficon23nodi/grafo1485.23,19,23,22,23,22,0.0,0,26,0.0068662166595458984,2
203,graficon13nodi/grafo2620.13,19,13,16,20,23,0.0,0,25,0.005684375762939453,2
204,graficon17nodi/grafo2680.17,19,17,22,22,27,1.0,2,59,0.014195680618286133,2
205,graficon20nodi/grafo1649.20,19,20,22,24,26,1.0,2,45,0.03357839584350586,2
206,graficon19nodi/grafo1897.19,19,19,20,24,25,0.0,0,47,0.014550447463989258,2
207,graficon13nodi/grafo2645.13,19,13,17,23,27,0.0,0,25,0.007756948471069336,2
208,graficon18nodi/grafo2480.18,19,18,21,22,25,0.0,0,41,0.008213996887207031,2
209,graficon13nodi/grafo2298.13,19,13,14,21,22,0.0,0,14,0.0038220882415771484,2
210,graficon15nodi/grafo739.15,19,15,18,23,26,0.0,0,40,0.011639595031738281,2
211,graficon17nodi/grafo2679.17,19,17,19,21,23,1.0,1,23,0.009266376495361328,2
212,graficon14nodi/grafo2430.14,19,14,15,21,22,0.0,0,16,0.0036025047302246094,2
213,graficon15nodi/grafo582.15,19,15,16,22,23,0.0,0,12,0.004086971282958984,2
214,graficon11nodi/grafo1619.11,19,11,15,21,25,1.0,3,30,0.024888992309570312,2
215,graficon15nodi/grafo1124.15,19,15,16,23,24,0.0,0,19,0.006312370300292969,2
216,graficon12nodi/grafo1763.12,19,12,21,22,31,1.0,2,59,0.014318704605102539,2
217,graficon17nodi/grafo1094.17,19,17,19,21,23,0.0,0,14,0.0034704208374023438,2
218,graficon15nodi/grafo2903.15,19,15,16,20,21,1.0,1,21,0.006774425506591797,2
219,graficon11nodi/grafo1088.11,19,11,17,22,28,0.0,0,49,0.01441192626953125,2
220,graficon17nodi/grafo645.17,19,17,19,21,23,0.0,0,32,0.013840436935424805,2
221,graficon16nodi/grafo2537.16,19,16,19,21,24,0.0,0,21,0.003771066665649414,2
222,graficon15nodi/grafo1030.15,19,15,16,23,24,0.0,0,19,0.010248184204101562,2
223,graficon14nodi/grafo242.14,19,14,16,21,23,0.0,0,21,0.004933834075927734,2
224,graficon17nodi/grafo1009.17,19,17,17,24,24,0.0,0,12,0.004873752593994141,2
225,graficon13nodi/grafo3112.13,19,13,14,20,21,0.0,0,12,0.0038962364196777344,2
226,graficon16nodi/grafo1731.16,19,16,19,25,28,0.0,0,27,0.01019430160522461,2
227,graficon16nodi/grafo967.16,19,16,17,26,27,0.0,0,9,0.007812976837158203,2
228,graficon17nodi/grafo1732.17,19,17,20,27,30,0.0,0,34,0.015100240707397461,2
229,graficon20nodi/grafo2272.20,19,20,23,27,30,0.0,0,42,0.014403820037841797,2
230,graficon18nodi/grafo1146.18,19,18,29,29,40,3.0,6,77,0.10259771347045898,2
231,graficon18nodi/grafo2289.18,19,18,20,25,27,0.0,0,31,0.006737709045410156,2
232,graficon16nodi/grafo2420.16,19,16,18,28,30,1.0,1,18,0.008426189422607422,2
233,graficon12nodi/grafo574.12,19,12,19,27,34,1.0,2,32,0.03136491775512695,2
234,graficon21nodi/grafo804.21,19,21,22,28,29,0.0,0,42,0.011799812316894531,2
235,graficon22nodi/grafo694.22,19,22,23,27,28,0.0,0,24,0.0072405338287353516,2
236,graficon17nodi/grafo479.17,19,17,23,25,31,3.0,7,96,0.05054211616516113,2
237,graficon18nodi/grafo538.18,19,18,19,25,26,0.0,0,21,0.006200313568115234,2
238,graficon21nodi/grafo2416.21,19,21,24,29,32,1.0,1,23,0.008060693740844727,2
239,graficon17nodi/grafo2418.17,19,17,20,26,29,1.0,2,33,0.04446005821228027,2
240,graficon24nodi/grafo1463.24,19,24,25,25,26,0.0,0,34,0.010852575302124023,2
241,graficon13nodi/grafo1885.13,19,13,16,25,28,0.0,0,29,0.010317087173461914,2
242,graficon11nodi/grafo1697.11,19,11,17,28,34,1.0,2,21,0.031737565994262695,2
243,graficon15nodi/grafo583.15,19,15,19,25,29,1.0,2,46,0.05228614807128906,2
244,graficon19nodi/grafo2951.19,19,19,24,27,32,1.0,1,37,0.014919042587280273,2
245,graficon14nodi/grafo520.14,19,14,22,29,37,0.0,0,53,0.01063227653503418,2
246,graficon17nodi/grafo2594.17,19,17,21,25,29,1.0,2,57,0.05424022674560547,2
247,graficon18nodi/grafo993.18,19,18,23,28,33,2.0,3,49,0.04207205772399902,2
248,graficon21nodi/grafo127.21,19,21,21,26,26,0.0,0,24,0.0067942142486572266,2
249,graficon16nodi/grafo400.16,19,16,17,26,27,0.0,0,9,0.005099773406982422,2
250,graficon17nodi/grafo302.17,19,17,19,28,30,0.0,0,18,0.005209445953369141,2
251,graficon21nodi/grafo158.21,19,21,24,29,32,1.0,1,42,0.02538299560546875,2
252,graficon16nodi/grafo540.16,19,16,17,26,27,0.0,0,9,0.008466243743896484,2
253,graficon13nodi/grafo2303.13,19,13,19,28,34,0.0,0,49,0.014314651489257812,2
254,graficon21nodi/grafo1937.21,19,21,24,26,29,1.0,4,34,0.03408002853393555,2
255,graficon15nodi/grafo778.15,19,15,17,26,28,0.0,0,16,0.005429983139038086,2
256,graficon15nodi/grafo855.15,19,15,17,25,27,0.0,0,16,0.005616903305053711,2
257,graficon18nodi/grafo1652.18,19,18,20,25,27,0.0,0,24,0.015083551406860352,2
258,graficon13nodi/grafo2659.13,19,13,16,25,28,0.0,0,32,0.014059066772460938,2
259,graficon17nodi/grafo2682.17,19,17,19,26,28,1.0,2,37,0.04117989540100098,2
260,graficon16nodi/grafo1119.16,19,16,22,28,34,1.0,3,56,0.045453548431396484,2
261,graficon14nodi/grafo1870.14,19,14,21,28,35,1.0,3,47,0.02666473388671875,2
262,graficon19nodi/grafo1172.19,19,19,23,26,30,1.0,1,36,0.011754035949707031,2
263,graficon13nodi/grafo511.13,19,13,14,25,26,0.0,0,6,0.004445075988769531,2
264,graficon18nodi/grafo1648.18,19,18,24,26,32,1.0,5,64,0.059714555740356445,2
265,graficon17nodi/grafo893.17,19,17,21,26,30,0.0,0,77,0.01964092254638672,2
266,graficon17nodi/grafo917.17,19,17,20,28,31,0.0,0,41,0.010560989379882812,2
267,graficon23nodi/grafo2256.23,19,23,26,29,32,0.0,0,32,0.015335321426391602,2
268,graficon18nodi/grafo2556.18,19,18,22,28,32,0.0,0,40,0.01399540901184082,2
269,graficon15nodi/grafo2921.15,19,15,17,27,29,0.0,0,16,0.005301713943481445,2
270,graficon21nodi/grafo1762.21,19,21,25,25,29,3.0,5,70,0.14393854141235352,2
271,graficon21nodi/grafo1064.21,19,21,26,25,30,2.0,9,48,0.1284937858581543,2
272,graficon18nodi/grafo784.18,19,18,23,25,30,1.0,3,56,0.04849982261657715,2
273,graficon16nodi/grafo2236.16,19,16,20,28,32,1.0,1,45,0.014947175979614258,2
274,graficon17nodi/grafo2345.17,19,17,20,26,29,1.0,1,24,0.00764012336730957,2
275,graficon18nodi/grafo2307.18,19,18,23,26,31,1.0,3,43,0.036095380783081055,2
276,graficon17nodi/grafo1056.17,19,17,22,29,34,1.0,1,33,0.012492895126342773,2
277,graficon18nodi/grafo1152.18,19,18,24,28,34,1.0,1,42,0.018019914627075195,2
278,graficon24nodi/grafo3100.24,19,24,28,26,30,1.0,2,53,0.015269279479980469,2
279,graficon16nodi/grafo279.16,19,16,19,27,30,0.0,0,26,0.007375955581665039,2
280,graficon17nodi/grafo2401.17,19,17,31,28,42,7.0,35,209,0.8100619316101074,2
281,graficon16nodi/grafo2302.16,19,16,20,25,29,1.0,1,25,0.00905919075012207,2
282,graficon16nodi/grafo2525.16,19,16,19,26,29,1.0,1,28,0.008840322494506836,2
283,graficon17nodi/grafo2924.17,19,17,22,28,33,1.0,1,74,0.015220403671264648,2
284,graficon22nodi/grafo167.22,19,22,24,29,31,1.0,1,41,0.017793893814086914,2
285,graficon16nodi/grafo2542.16,19,16,21,26,31,1.0,1,42,0.018774032592773438,2
286,graficon16nodi/grafo2636.16,19,16,22,26,32,2.0,5,33,0.07151484489440918,2
287,graficon17nodi/grafo2758.17,19,17,20,26,29,1.0,1,17,0.012714862823486328,2
288,graficon20nodi/grafo2554.20,19,20,22,25,27,1.0,1,32,0.012412548065185547,2
289,graficon25nodi/grafo2775.25,19,25,26,25,26,2.0,2,65,0.0667579174041748,2
290,graficon19nodi/grafo409.19,19,19,22,25,28,1.0,2,67,0.06149411201477051,2
291,graficon16nodi/grafo2326.16,19,16,21,25,30,1.0,1,56,0.014542579650878906,2
292,graficon14nodi/grafo596.14,19,14,16,27,29,0.0,0,13,0.0042858123779296875,2
293,graficon20nodi/grafo679.20,19,20,25,29,34,1.0,2,48,0.08190202713012695,2
294,graficon23nodi/grafo188.23,19,23,24,27,28,0.0,0,31,0.0071523189544677734,2
295,graficon19nodi/grafo2449.19,19,19,24,25,30,2.0,4,48,0.07699370384216309,2
296,graficon23nodi/grafo1038.23,19,23,24,27,28,1.0,1,17,0.006010770797729492,2
297,graficon17nodi/grafo2177.17,19,17,22,26,31,0.0,0,46,0.012905597686767578,2
298,graficon20nodi/grafo786.20,19,20,23,26,29,1.0,2,58,0.04496598243713379,2
299,graficon17nodi/grafo1875.17,19,17,21,28,32,1.0,1,73,0.04113435745239258,2
300,graficon14nodi/grafo796.14,19,14,19,27,32,1.0,3,58,0.035651445388793945,2
301,graficon21nodi/grafo2119.21,19,21,27,32,38,2.0,7,91,0.1432809829711914,2
302,graficon15nodi/grafo1013.15,19,15,23,31,39,1.0,2,75,0.06411862373352051,2
303,graficon17nodi/grafo415.17,19,17,24,33,40,3.0,5,91,0.1163027286529541,2
304,graficon26nodi/grafo578.26,19,26,27,30,31,1.0,1,68,0.02791595458984375,2
305,graficon25nodi/grafo2077.25,19,25,29,31,35,2.0,7,82,0.15716791152954102,2
306,graficon29nodi/grafo2085.29,19,29,30,33,34,0.0,0,29,0.00960397720336914,2
307,graficon19nodi/grafo1834.19,19,19,23,32,36,0.0,0,28,0.00907444953918457,2
308,graficon24nodi/grafo1830.24,19,24,29,34,39,1.0,1,45,0.02324819564819336,2
309,graficon21nodi/grafo245.21,19,21,22,30,31,1.0,1,26,0.011866569519042969,2
310,graficon21nodi/grafo1645.21,19,21,23,30,32,0.0,0,70,0.016499996185302734,2
311,graficon20nodi/grafo1761.20,19,20,26,31,37,0.0,0,55,0.010973930358886719,2
312,graficon26nodi/grafo1805.26,19,26,31,33,38,2.0,5,39,0.0751340389251709,2
313,graficon18nodi/grafo2744.18,19,18,24,34,40,1.0,3,76,0.02758169174194336,2
314,graficon20nodi/grafo2268.20,19,20,24,32,36,1.0,3,50,0.016657114028930664,2
315,graficon25nodi/grafo2837.25,19,25,27,32,34,0.0,0,47,0.012080192565917969,2
316,graficon21nodi/grafo2833.21,19,21,24,30,33,1.0,1,32,0.014016151428222656,2
317,graficon20nodi/grafo3049.20,19,20,24,33,37,2.0,2,45,0.043707847595214844,2
318,graficon26nodi/grafo1799.26,19,26,30,32,36,1.0,3,68,0.07678890228271484,2
319,graficon17nodi/grafo1403.17,19,17,23,30,36,1.0,1,46,0.019472837448120117,2
320,graficon27nodi/grafo2498.27,19,27,32,34,39,2.0,3,68,0.07810521125793457,2
321,graficon22nodi/grafo2819.22,19,22,25,33,36,0.0,0,20,0.007277011871337891,2
322,graficon16nodi/grafo421.16,19,16,22,33,39,1.0,1,86,0.02583599090576172,2
323,graficon14nodi/grafo1074.14,19,14,19,32,37,1.0,2,35,0.044741153717041016,2
324,graficon24nodi/grafo918.24,19,24,24,32,32,0.0,0,35,0.008479595184326172,2
325,graficon18nodi/grafo1780.18,19,18,24,30,36,1.0,1,43,0.013598918914794922,2
326,graficon29nodi/grafo1198.29,19,29,29,31,31,1.0,1,32,0.012201786041259766,2
327,graficon15nodi/grafo2591.15,19,15,23,31,39,1.0,2,56,0.048271894454956055,2
328,graficon19nodi/grafo924.19,19,19,21,32,34,0.0,0,34,0.009445428848266602,2
329,graficon23nodi/grafo835.23,19,23,27,31,35,2.0,6,58,0.09170103073120117,2
330,graficon17nodi/grafo829.17,19,17,21,33,37,0.0,0,51,0.018718719482421875,2
331,graficon16nodi/grafo1635.16,19,16,25,34,43,1.0,1,72,0.06172895431518555,2
332,graficon14nodi/grafo649.14,19,14,24,32,42,2.0,5,88,0.07636427879333496,2
333,graficon18nodi/grafo1824.18,19,18,23,32,37,1.0,1,21,0.014068603515625,2
334,graficon26nodi/grafo1629.26,19,26,29,30,33,1.0,1,32,1.1330158710479736,2
335,graficon15nodi/grafo1142.15,19,15,24,32,41,1.0,1,91,0.060315847396850586,2
336,graficon22nodi/grafo2410.22,19,22,24,30,32,1.0,1,23,0.008853435516357422,2
337,graficon23nodi/grafo2028.23,19,23,32,32,41,3.0,12,79,0.2673182487487793,2
338,graficon25nodi/grafo1040.25,19,25,32,34,41,3.0,11,104,0.08193063735961914,2
339,graficon17nodi/grafo2494.17,19,17,20,30,33,1.0,1,27,0.007782936096191406,2
340,graficon21nodi/grafo381.21,19,21,23,31,33,1.0,1,33,0.011501312255859375,2
341,graficon19nodi/grafo2425.19,19,19,23,30,34,2.0,2,48,0.08589601516723633,2
342,graficon26nodi/grafo1230.26,19,26,29,30,33,1.0,2,28,0.03569984436035156,2
343,graficon17nodi/grafo1861.17,19,17,21,34,38,1.0,2,24,0.05525517463684082,2
344,graficon27nodi/grafo1232.27,19,27,31,33,37,2.0,7,118,0.3621714115142822,2
345,graficon27nodi/grafo2582.27,19,27,27,34,34,0.0,0,32,0.008855104446411133,2
346,graficon24nodi/grafo2017.24,19,24,28,32,36,1.0,2,59,0.05911445617675781,2
347,graficon32nodi/grafo11636.32,19,32,32,33,33,0.0,0,38,0.005239963531494141,2
348,graficon19nodi/grafo621.19,19,19,27,30,38,3.0,3,78,0.05935502052307129,2
349,graficon16nodi/grafo2023.16,19,16,20,34,38,1.0,2,27,0.03350114822387695,2
350,graficon23nodi/grafo622.23,19,23,25,33,35,1.0,1,40,0.014966011047363281,2
351,graficon19nodi/grafo2135.19,19,19,23,33,37,1.0,2,41,0.06326103210449219,2
352,graficon15nodi/grafo879.15,19,15,20,30,35,0.0,0,46,0.016035079956054688,2
353,graficon22nodi/grafo1012.22,19,22,24,31,33,0.0,0,45,0.015215635299682617,2
354,graficon20nodi/grafo429.20,19,20,28,34,42,2.0,6,80,0.06627416610717773,2
355,graficon26nodi/grafo1269.26,19,26,28,31,33,0.0,0,77,0.028151512145996094,2
356,graficon17nodi/grafo2520.17,19,17,24,32,39,2.0,7,78,0.08991813659667969,2
357,graficon32nodi/grafo10052.32,19,32,33,34,35,0.0,0,36,0.006082773208618164,2
358,graficon20nodi/grafo874.20,19,20,25,34,39,1.0,1,41,0.02104353904724121,2
359,graficon20nodi/grafo1901.20,19,20,26,33,39,1.0,2,106,0.09549355506896973,2
360,graficon22nodi/grafo2456.22,19,22,26,33,37,0.0,0,43,0.017075061798095703,2
361,graficon17nodi/grafo276.17,19,17,20,31,34,1.0,1,28,0.012079477310180664,2
362,graficon25nodi/grafo575.25,19,25,29,34,38,1.0,2,52,0.07051944732666016,2
363,graficon17nodi/grafo517.17,19,17,23,33,39,1.0,1,52,0.01693248748779297,2
364,graficon19nodi/grafo1900.19,19,19,22,31,34,0.0,0,33,0.0071218013763427734,2
365,graficon22nodi/grafo1422.22,19,22,22,30,30,0.0,0,37,0.011887311935424805,2
366,graficon25nodi/grafo862.25,19,25,28,33,36,1.0,1,75,0.03686356544494629,2
367,graficon23nodi/grafo545.23,19,23,28,32,37,1.0,1,31,0.010652780532836914,2
368,graficon24nodi/grafo2341.24,19,24,29,34,39,1.0,1,69,0.019845962524414062,2
369,graficon26nodi/grafo1512.26,19,26,30,34,38,1.0,2,67,0.0721747875213623,2
370,graficon18nodi/grafo1626.18,19,18,27,32,41,2.0,8,77,0.11144399642944336,2
371,graficon21nodi/grafo2378.21,19,21,25,31,35,1.0,2,52,0.016558170318603516,2
372,graficon25nodi/grafo2051.25,19,25,26,33,34,0.0,0,17,0.007289409637451172,2
373,graficon32nodi/grafo9919.32,19,32,32,33,33,0.0,0,38,0.006527900695800781,2
374,graficon18nodi/grafo1940.18,19,18,24,31,37,1.0,1,31,0.01464700698852539,2
375,graficon25nodi/grafo1338.25,19,25,26,34,35,0.0,0,37,0.02374744415283203,2
376,graficon33nodi/grafo11170.33,19,33,42,39,48,1.0,2,70,0.05390739440917969,2
377,graficon23nodi/grafo2966.23,19,23,26,36,39,0.0,0,38,0.009532451629638672,2
378,graficon29nodi/grafo1102.29,19,29,29,37,37,0.0,0,29,0.009058475494384766,2
379,graficon26nodi/grafo1340.26,19,26,31,38,43,2.0,4,68,0.055136680603027344,2
380,graficon22nodi/grafo1850.22,19,22,28,38,44,1.0,1,44,0.022971153259277344,2
381,graficon28nodi/grafo2572.28,19,28,34,38,44,2.0,3,72,0.07351326942443848,2
382,graficon17nodi/grafo420.17,19,17,25,37,45,2.0,3,69,0.051648855209350586,2
383,graficon20nodi/grafo2670.20,19,20,28,36,44,2.0,3,64,0.04703950881958008,2
384,graficon26nodi/grafo2766.26,19,26,32,38,44,1.0,2,42,0.015889406204223633,2
385,graficon29nodi/grafo1333.29,19,29,31,38,40,0.0,0,56,0.024608612060546875,2
386,graficon21nodi/grafo1863.21,19,21,26,35,40,2.0,4,68,0.11141371726989746,2
387,graficon27nodi/grafo1623.27,19,27,30,37,40,1.0,1,29,0.008701801300048828,2
388,graficon33nodi/grafo2828.33,19,33,37,38,42,1.0,3,51,0.03665614128112793,2
389,graficon26nodi/grafo2606.26,19,26,32,36,42,2.0,5,114,0.08997750282287598,2
390,graficon19nodi/grafo2371.19,19,19,24,35,40,0.0,0,63,0.018023967742919922,2
391,graficon25nodi/grafo2700.25,19,25,28,36,39,1.0,2,53,0.016294002532958984,2
392,graficon24nodi/grafo2587.24,19,24,28,36,40,1.0,5,64,0.06433558464050293,2
393,graficon15nodi/grafo947.15,19,15,24,39,48,1.0,3,72,0.12509775161743164,2
394,graficon19nodi/grafo2562.19,19,19,28,36,45,1.0,4,73,0.046923160552978516,2
395,graficon32nodi/grafo11456.32,19,32,33,35,36,1.0,1,43,0.007991313934326172,2
396,graficon27nodi/grafo248.27,19,27,33,38,44,1.0,4,82,0.1479334831237793,2
397,graficon22nodi/grafo2676.22,19,22,26,38,42,0.0,0,39,0.013265132904052734,2
398,graficon32nodi/grafo11607.32,19,32,38,39,45,1.0,4,73,0.06291389465332031,2
399,graficon19nodi/grafo2171.19,19,19,23,35,39,1.0,1,43,0.016305923461914062,2
400,graficon19nodi/grafo1666.19,19,19,28,37,46,1.0,1,95,0.03113079071044922,2
401,graficon33nodi/grafo11210.33,19,33,42,39,48,1.0,2,70,0.050093889236450195,2
402,graficon26nodi/grafo2123.26,19,26,28,35,37,1.0,1,76,0.02775430679321289,2
403,graficon26nodi/grafo3056.26,19,26,36,35,45,3.0,15,147,0.09830355644226074,2
404,graficon30nodi/grafo1582.30,19,30,34,35,39,1.0,2,99,0.09538125991821289,2
405,graficon24nodi/grafo1440.24,19,24,32,37,45,2.0,6,120,0.37927865982055664,2
406,graficon33nodi/grafo9903.33,19,33,42,39,48,1.0,2,70,0.05053400993347168,2
407,graficon23nodi/grafo1557.23,19,23,29,37,43,1.0,2,89,0.08536887168884277,2
408,graficon21nodi/grafo1941.21,19,21,26,37,42,1.0,1,46,0.02146291732788086,2
409,graficon13nodi/grafo317.13,19,13,21,38,46,1.0,2,53,0.05744814872741699,2
410,graficon33nodi/grafo154.33,19,33,34,36,37,0.0,0,60,0.01172018051147461,2
411,graficon31nodi/grafo10007.31,19,31,34,35,38,2.0,4,67,0.12895703315734863,2
412,graficon20nodi/grafo1764.20,19,20,25,37,42,1.0,2,54,0.03970503807067871,2
413,graficon31nodi/grafo5484.31,19,31,32,38,39,1.0,2,37,0.05668020248413086,2
414,graficon27nodi/grafo1286.27,19,27,31,36,40,1.0,2,45,0.020164012908935547,2
415,graficon23nodi/grafo2200.23,19,23,29,38,44,2.0,2,60,0.06149721145629883,2
416,graficon24nodi/grafo872.24,19,24,28,37,41,2.0,2,46,0.018234968185424805,2
417,graficon22nodi/grafo605.22,19,22,26,39,43,0.0,0,58,0.02570939064025879,2
418,graficon29nodi/grafo1034.29,19,29,32,38,41,1.0,1,73,0.029908418655395508,2
419,graficon21nodi/grafo2356.21,19,21,27,35,41,2.0,2,31,0.03443098068237305,2
420,graficon33nodi/grafo10134.33,19,33,34,37,38,1.0,1,35,0.01987171173095703,2
421,graficon32nodi/grafo9867.32,19,32,33,35,36,1.0,1,43,0.008120298385620117,2
422,graficon26nodi/grafo753.26,19,26,28,36,38,1.0,2,28,0.012192249298095703,2
423,graficon21nodi/grafo123.21,19,21,25,38,42,1.0,1,41,0.01705169677734375,2
424,graficon25nodi/grafo1360.25,19,25,30,35,40,3.0,5,70,0.07379293441772461,2
425,graficon27nodi/grafo174.27,19,27,28,36,37,1.0,1,65,0.0665750503540039,2
426,graficon20nodi/grafo251.20,19,20,23,36,39,1.0,1,35,0.02335977554321289,2
427,graficon18nodi/grafo2768.18,19,18,23,35,40,1.0,2,29,0.04809141159057617,2
428,graficon36nodi/grafo2402.36,19,36,38,39,41,0.0,0,73,0.022893905639648438,2
429,graficon30nodi/grafo1237.30,19,30,35,39,44,1.0,1,66,0.022768735885620117,2
430,graficon20nodi/grafo2284.20,19,20,30,37,47,2.0,6,67,0.1563417911529541,2
431,graficon17nodi/grafo1160.17,19,17,23,39,45,1.0,1,66,0.01875925064086914,2
432,graficon27nodi/grafo2721.27,19,27,27,37,37,1.0,1,29,0.014982223510742188,2
433,graficon23nodi/grafo2691.23,19,23,31,39,47,2.0,5,102,0.17139339447021484,2
434,graficon22nodi/grafo2875.22,19,22,27,38,43,1.0,2,53,0.04508805274963379,2
435,graficon33nodi/grafo11130.33,19,33,42,39,48,1.0,2,70,0.049829959869384766,2
436,graficon18nodi/grafo2805.18,19,18,25,36,43,2.0,3,84,0.08144307136535645,2
437,graficon16nodi/grafo2584.16,19,16,22,39,45,1.0,2,31,0.014233112335205078,2
438,graficon17nodi/grafo597.17,19,17,24,36,43,0.0,0,68,0.033095359802246094,2
439,graficon24nodi/grafo1950.24,19,24,27,39,42,1.0,1,51,0.07212305068969727,2
440,graficon25nodi/grafo2067.25,19,25,28,38,41,1.0,1,31,0.03377199172973633,2
441,graficon15nodi/grafo2448.15,19,15,23,38,46,2.0,2,68,0.03359723091125488,2
442,graficon26nodi/grafo1273.26,19,26,27,36,37,0.0,0,68,0.022318363189697266,2
443,graficon32nodi/grafo11397.32,19,32,33,37,38,0.0,0,34,0.010623455047607422,2
444,graficon33nodi/grafo11023.33,19,33,33,36,36,0.0,0,25,0.006186723709106445,2
445,graficon33nodi/grafo11026.33,19,33,36,39,42,1.0,3,60,0.060587406158447266,2
446,graficon17nodi/grafo945.17,19,17,22,36,41,0.0,0,56,0.024086952209472656,2
447,graficon25nodi/grafo584.25,19,25,29,35,39,2.0,4,107,0.10129547119140625,2
448,graficon12nodi/grafo2426.12,19,12,18,38,44,0.0,0,47,0.01666116714477539,2
449,graficon18nodi/grafo2731.18,19,18,23,35,40,0.0,0,41,0.010312080383300781,2
450,graficon23nodi/grafo2217.23,19,23,29,35,41,3.0,9,54,0.1780693531036377,2
451,graficon26nodi/grafo2108.26,19,26,35,41,50,3.0,10,78,0.19901680946350098,2
452,graficon31nodi/grafo11581.31,19,31,36,42,47,2.0,4,107,0.172898530960083,2
453,graficon25nodi/grafo1271.25,19,25,30,40,45,2.0,3,77,0.06934189796447754,2
454,graficon31nodi/grafo11454.31,19,31,36,42,47,2.0,4,107,0.16729974746704102,2
455,graficon25nodi/grafo163.25,19,25,37,44,56,4.0,27,201,1.5545704364776611,2
456,graficon19nodi/grafo950.19,19,19,23,43,47,0.0,0,37,0.015148401260375977,2
457,graficon30nodi/grafo1252.30,19,30,34,43,47,0.0,0,59,0.0250852108001709,2
458,graficon27nodi/grafo1217.27,19,27,29,42,44,0.0,0,60,0.01675724983215332,2
459,graficon34nodi/grafo11331.34,19,34,41,43,50,1.0,3,59,0.053217172622680664,2
460,graficon20nodi/grafo1873.20,19,20,27,40,47,2.0,6,62,0.13339638710021973,2
461,graficon34nodi/grafo5197.34,19,34,36,43,45,0.0,0,39,0.014049530029296875,2
462,graficon28nodi/grafo1615.28,19,28,35,43,50,3.0,8,115,0.1627945899963379,2
463,graficon27nodi/grafo3039.27,19,27,31,44,48,1.0,1,55,0.0189359188079834,2
464,graficon37nodi/grafo2519.37,19,37,39,44,46,0.0,0,95,0.08761143684387207,2
465,graficon27nodi/grafo2037.27,19,27,31,42,46,1.0,2,81,0.1250288486480713,2
466,graficon20nodi/grafo1757.20,19,20,25,41,46,1.0,1,43,0.02294754981994629,2
467,graficon23nodi/grafo551.23,19,23,29,43,49,0.0,0,68,0.02433919906616211,2
468,graficon32nodi/grafo10795.32,19,32,35,43,46,1.0,1,99,0.045989036560058594,2
469,graficon33nodi/grafo5994.33,19,33,36,42,45,0.0,0,51,0.019441604614257812,2
470,graficon23nodi/grafo2712.23,19,23,30,40,47,1.0,1,65,0.02566981315612793,2
471,graficon22nodi/grafo1894.22,19,22,30,40,48,1.0,5,89,0.05673646926879883,2
472,graficon28nodi/grafo1190.28,19,28,31,43,46,1.0,3,95,0.09569239616394043,2
473,graficon32nodi/grafo1455.32,19,32,38,43,49,2.0,2,99,0.1266157627105713,2
474,graficon18nodi/grafo1086.18,19,18,26,41,49,1.0,1,67,0.037186622619628906,2
475,graficon34nodi/grafo9918.34,19,34,34,43,43,0.0,0,20,0.0049207210540771484,2
476,graficon32nodi/grafo1226.32,19,32,34,43,45,1.0,1,47,0.023581743240356445,2
477,graficon35nodi/grafo7133.35,19,35,38,43,46,2.0,3,62,0.08541250228881836,2
478,graficon34nodi/grafo11544.34,19,34,34,43,43,0.0,0,20,0.005011796951293945,2
479,graficon14nodi/grafo2738.14,19,14,23,40,49,1.0,1,65,0.027409791946411133,2
480,graficon27nodi/grafo2958.27,19,27,32,42,47,0.0,0,48,0.016566753387451172,2
481,graficon31nodi/grafo3686.31,19,31,36,42,47,2.0,4,107,0.16821813583374023,2
482,graficon14nodi/grafo701.14,19,14,20,42,48,1.0,1,43,0.020235300064086914,2
483,graficon33nodi/grafo9921.33,19,33,36,43,46,1.0,1,47,0.029347658157348633,2
484,graficon27nodi/grafo2876.27,19,27,32,41,46,1.0,2,75,0.026334047317504883,2
485,graficon25nodi/grafo1234.25,19,25,33,42,50,1.0,2,105,0.16320180892944336,2
486,graficon26nodi/grafo1285.26,19,26,30,42,46,1.0,2,37,0.04665541648864746,2
487,graficon30nodi/grafo2365.30,19,30,34,40,44,2.0,4,111,0.18565678596496582,2
488,graficon26nodi/grafo798.26,19,26,32,41,47,3.0,5,70,0.1738579273223877,2
489,graficon21nodi/grafo1682.21,19,21,41,43,63,8.0,33,177,1.5699763298034668,2
490,graficon32nodi/grafo5244.32,19,32,38,42,48,0.0,0,36,0.01627945899963379,2
491,graficon23nodi/grafo2854.23,19,23,29,44,50,2.0,2,58,0.12758541107177734,2
492,graficon32nodi/grafo1053.32,19,32,41,43,52,2.0,6,178,0.20674347877502441,2
493,graficon21nodi/grafo2756.21,19,21,26,40,45,1.0,2,43,0.05307435989379883,2
494,graficon22nodi/grafo1503.22,19,22,26,44,48,0.0,0,35,0.014270544052124023,2
495,graficon22nodi/grafo2370.22,19,22,28,41,47,1.0,1,37,0.017085790634155273,2
496,graficon23nodi/grafo2769.23,19,23,27,44,48,1.0,2,57,0.057520389556884766,2
497,graficon28nodi/grafo124.28,19,28,29,41,42,1.0,1,38,0.013416051864624023,2
498,graficon31nodi/grafo9916.31,19,31,36,42,47,2.0,4,107,0.16987323760986328,2
499,graficon33nodi/grafo11631.33,19,33,43,41,51,1.0,3,73,0.06162095069885254,2
500,graficon30nodi/grafo1256.30,19,30,33,40,43,0.0,0,53,0.01544809341430664,2
501,graficon32nodi/grafo10231.32,19,32,35,43,46,0.0,0,50,0.012501955032348633,2
502,graficon34nodi/grafo11277.34,19,34,35,41,42,0.0,0,33,0.00793004035949707,2
503,graficon34nodi/grafo2464.34,19,34,38,44,48,2.0,5,105,0.2606227397918701,2
504,graficon27nodi/grafo1199.27,19,27,30,40,43,0.0,0,24,0.006578683853149414,2
505,graficon25nodi/grafo1614.25,19,25,27,41,43,1.0,1,72,0.024605751037597656,2
506,graficon29nodi/grafo1376.29,19,29,34,42,47,1.0,3,87,0.14366865158081055,2
507,graficon35nodi/grafo3480.35,19,35,35,44,44,0.0,0,80,0.021955013275146484,2
508,graficon29nodi/grafo1587.29,19,29,35,42,48,1.0,1,108,0.054888248443603516,2
509,graficon34nodi/grafo6050.34,19,34,41,43,50,2.0,3,56,0.04758763313293457,2
510,graficon25nodi/grafo2755.25,19,25,32,42,49,1.0,5,54,0.28443169593811035,2
511,graficon23nodi/grafo2853.23,19,23,34,40,51,4.0,15,114,0.39695239067077637,2
512,graficon34nodi/grafo10281.34,19,34,41,42,49,1.0,1,63,0.03127288818359375,2
513,graficon34nodi/grafo11630.34,19,34,40,44,50,1.0,1,92,0.03937578201293945,2
514,graficon28nodi/grafo2436.28,19,28,37,44,53,2.0,8,131,0.47652316093444824,2
515,graficon34nodi/grafo9878.34,19,34,39,41,46,1.0,2,66,0.06055259704589844,2
516,graficon32nodi/grafo3901.32,19,32,38,42,48,1.0,3,88,0.0747063159942627,2
517,graficon35nodi/grafo11455.35,19,35,35,42,42,0.0,0,46,0.014195442199707031,2
518,graficon28nodi/grafo296.28,19,28,36,43,51,4.0,11,111,0.251572847366333,2
519,graficon25nodi/grafo1251.25,19,25,26,40,41,0.0,0,28,0.010269403457641602,2
520,graficon34nodi/grafo11319.34,19,34,40,42,48,2.0,3,85,0.09382390975952148,2
521,graficon34nodi/grafo11660.34,19,34,36,43,45,1.0,1,95,0.04322934150695801,2
522,graficon31nodi/grafo2394.31,19,31,36,43,48,2.0,5,121,0.311687707901001,2
523,graficon26nodi/grafo1218.26,19,26,28,42,44,0.0,0,62,0.0285491943359375,2
524,graficon37nodi/grafo6342.37,19,37,42,44,49,2.0,7,109,0.34067487716674805,2
525,graficon28nodi/grafo1311.28,19,28,34,42,48,2.0,5,93,0.16556477546691895,2
526,graficon19nodi/grafo1826.19,19,19,27,46,54,2.0,2,69,0.0897359848022461,2
527,graficon14nodi/grafo1951.14,19,14,25,46,57,1.0,3,78,0.10273885726928711,2
528,graficon37nodi/grafo3547.37,19,37,38,49,50,0.0,0,35,0.01817917823791504,2
529,graficon34nodi/grafo11207.34,19,34,38,48,52,2.0,4,65,0.09493851661682129,2
530,graficon31nodi/grafo10887.31,19,31,36,46,51,0.0,0,49,0.01943063735961914,2
531,graficon32nodi/grafo1255.32,19,32,37,46,51,1.0,1,57,0.021608352661132812,2
532,graficon28nodi/grafo1840.28,19,28,34,48,54,1.0,4,58,0.09509968757629395,2
533,graficon21nodi/grafo630.21,19,21,28,45,52,1.0,1,47,0.03120708465576172,2
534,graficon26nodi/grafo3044.26,19,26,34,48,56,1.0,3,82,0.1381833553314209,2
535,graficon23nodi/grafo1806.23,19,23,28,48,53,0.0,0,45,0.02768850326538086,2
536,graficon31nodi/grafo10458.31,19,31,36,46,51,0.0,0,49,0.01921677589416504,2
537,graficon35nodi/grafo10620.35,19,35,41,46,52,1.0,3,109,0.13665342330932617,2
538,graficon22nodi/grafo249.22,19,22,31,46,55,1.0,4,92,0.20366859436035156,2
539,graficon32nodi/grafo745.32,19,32,36,45,49,0.0,0,86,0.03098011016845703,2
540,graficon35nodi/grafo5759.35,19,35,39,45,49,1.0,1,32,0.010904312133789062,2
541,graficon33nodi/grafo11516.33,19,33,42,45,54,1.0,4,58,0.2009410858154297,2
542,graficon25nodi/grafo2437.25,19,25,30,48,53,1.0,1,37,0.018770933151245117,2
543,graficon31nodi/grafo1301.31,19,31,40,47,56,2.0,7,126,0.3735682964324951,2
544,graficon38nodi/grafo3332.38,19,38,43,45,50,2.0,2,158,0.19288158416748047,2
545,graficon22nodi/grafo2748.22,19,22,29,45,52,0.0,0,83,0.03241443634033203,2
546,graficon27nodi/grafo1253.27,19,27,32,45,50,1.0,2,117,0.1010293960571289,2
547,graficon36nodi/grafo3862.36,19,36,41,46,51,1.0,4,74,0.07037496566772461,2
548,graficon28nodi/grafo1202.28,19,28,36,45,53,2.0,4,84,0.0817406177520752,2
549,graficon37nodi/grafo5957.37,19,37,39,48,50,0.0,0,142,0.07259511947631836,2
550,graficon38nodi/grafo6734.38,19,38,41,45,48,1.0,1,97,0.10470795631408691,2
551,graficon36nodi/grafo5561.36,19,36,38,47,49,0.0,0,36,0.009186983108520508,2
552,graficon31nodi/grafo10011.31,19,31,36,46,51,0.0,0,49,0.01950693130493164,2
553,graficon36nodi/grafo6066.36,19,36,39,48,51,0.0,0,80,0.03658413887023926,2
554,graficon31nodi/grafo1362.31,19,31,37,45,51,1.0,1,78,0.05330204963684082,2
555,graficon27nodi/grafo1200.27,19,27,36,46,55,0.0,0,113,0.05235576629638672,2
556,graficon39nodi/grafo6087.39,19,39,46,48,55,3.0,9,78,0.2394423484802246,2
557,graficon33nodi/grafo5247.33,19,33,38,46,51,0.0,0,33,0.016516923904418945,2
558,graficon36nodi/grafo6811.36,19,36,44,48,56,1.0,2,52,0.08204460144042969,2
559,graficon23nodi/grafo1798.23,19,23,31,48,56,1.0,3,90,0.06392455101013184,2
560,graficon27nodi/grafo2275.27,19,27,32,46,51,1.0,2,78,0.09856772422790527,2
561,graficon26nodi/grafo2981.26,19,26,36,45,55,2.0,10,139,0.10336565971374512,2
562,graficon36nodi/grafo3414.36,19,36,39,46,49,1.0,2,48,0.08548116683959961,2
563,graficon19nodi/grafo2428.19,19,19,23,45,49,1.0,1,29,0.01467752456665039,2
564,graficon35nodi/grafo10085.35,19,35,41,46,52,2.0,8,92,0.35485243797302246,2
565,graficon32nodi/grafo1379.32,19,32,39,48,55,3.0,3,86,0.0978689193725586,2
566,graficon26nodi/grafo173.26,19,26,31,46,51,1.0,3,74,0.06627607345581055,2
567,graficon38nodi/grafo5236.38,19,38,43,49,54,1.0,2,49,0.025118350982666016,2
568,graficon26nodi/grafo2399.26,19,26,31,46,51,1.0,2,82,0.0789949893951416,2
569,graficon31nodi/grafo11421.31,19,31,37,46,52,2.0,4,97,0.1209263801574707,2
570,graficon40nodi/grafo7698.40,19,40,47,49,56,1.0,1,116,0.050293684005737305,2
571,graficon35nodi/grafo1925.35,19,35,36,48,49,0.0,0,71,0.03098273277282715,2
572,graficon25nodi/grafo1319.25,19,25,31,47,53,1.0,3,93,0.11847043037414551,2
573,graficon26nodi/grafo2999.26,19,26,30,45,49,1.0,2,47,0.019559621810913086,2
574,graficon21nodi/grafo1632.21,19,21,26,48,53,0.0,0,35,0.014675140380859375,2
575,graficon32nodi/grafo9975.32,19,32,39,48,55,1.0,4,115,0.14885878562927246,2
576,graficon33nodi/grafo5182.33,19,33,38,49,54,0.0,0,66,0.034416913986206055,2
577,graficon32nodi/grafo11121.32,19,32,40,47,55,2.0,4,84,0.18976902961730957,2
578,graficon35nodi/grafo6642.35,19,35,42,49,56,3.0,5,95,0.1868588924407959,2
579,graficon28nodi/grafo932.28,19,28,35,45,52,1.0,2,76,0.03489112854003906,2
580,graficon34nodi/grafo2578.34,19,34,36,48,50,1.0,1,52,0.034651994705200195,2
581,graficon33nodi/grafo11538.33,19,33,38,47,52,1.0,3,78,0.14073419570922852,2
582,graficon33nodi/grafo10562.33,19,33,39,48,54,1.0,4,103,0.19010496139526367,2
583,graficon35nodi/grafo2815.35,19,35,43,47,55,2.0,9,75,0.3754117488861084,2
584,graficon18nodi/grafo374.18,19,18,25,46,53,0.0,0,59,0.028477191925048828,2
585,graficon34nodi/grafo5148.34,19,34,37,47,50,1.0,1,74,0.03588056564331055,2
586,graficon35nodi/grafo11567.35,19,35,43,45,53,1.0,1,83,0.04624533653259277,2
587,graficon31nodi/grafo1115.31,19,31,43,45,57,2.0,12,241,0.425342321395874,2
588,graficon34nodi/grafo2363.34,19,34,39,48,53,1.0,3,78,0.0749061107635498,2
589,graficon33nodi/grafo11375.33,19,33,39,48,54,2.0,3,90,0.11996221542358398,2
590,graficon36nodi/grafo5879.36,19,36,42,46,52,2.0,4,101,0.09116482734680176,2
591,graficon35nodi/grafo5820.35,19,35,38,45,48,1.0,1,59,0.029141664505004883,2
592,graficon17nodi/grafo678.17,19,17,25,48,56,1.0,1,58,0.023712873458862305,2
593,graficon32nodi/grafo9954.32,19,32,34,46,48,1.0,1,39,0.011503934860229492,2
594,graficon35nodi/grafo5966.35,19,35,45,47,57,3.0,10,84,0.10940170288085938,2
595,graficon35nodi/grafo5522.35,19,35,40,46,51,3.0,6,103,0.2015986442565918,2
596,graficon22nodi/grafo2807.22,19,22,27,46,51,1.0,2,34,0.06413817405700684,2
597,graficon32nodi/grafo3106.32,19,32,38,48,54,1.0,3,94,0.12279462814331055,2
598,graficon36nodi/grafo5667.36,19,36,40,46,50,0.0,0,47,0.01678776741027832,2
599,graficon31nodi/grafo2262.31,19,31,40,47,56,2.0,3,101,0.14324641227722168,2
600,graficon33nodi/grafo10456.33,19,33,38,48,53,1.0,4,58,0.12432360649108887,2
601,graficon33nodi/grafo1915.33,19,33,44,54,65,1.0,2,160,0.33212733268737793,2
602,graficon36nodi/grafo3304.36,19,36,47,53,64,8.0,15,145,0.8582048416137695,2
603,graficon36nodi/grafo11296.36,19,36,44,50,58,3.0,18,142,0.635521411895752,2
604,graficon37nodi/grafo3729.37,19,37,45,54,62,1.0,3,123,0.11799144744873047,2
605,graficon36nodi/grafo2212.36,19,36,41,54,59,1.0,2,98,0.1187281608581543,2
606,graficon31nodi/grafo1989.31,19,31,33,54,56,0.0,0,48,0.023346900939941406,2
607,graficon35nodi/grafo10658.35,19,35,41,50,56,1.0,3,89,0.11145138740539551,2
608,graficon39nodi/grafo5309.39,19,39,46,54,61,1.0,5,152,0.4103226661682129,2
609,graficon34nodi/grafo5495.34,19,34,43,53,62,3.0,7,70,0.4908871650695801,2
610,graficon37nodi/grafo3433.37,19,37,42,54,59,1.0,3,86,0.1452474594116211,2
611,graficon34nodi/grafo9882.34,19,34,39,50,55,0.0,0,72,0.03145289421081543,2
612,graficon22nodi/grafo1154.22,19,22,28,50,56,1.0,3,68,0.0946040153503418,2
613,graficon22nodi/grafo1715.22,19,22,34,54,66,1.0,3,134,0.3671150207519531,2
614,graficon36nodi/grafo3282.36,19,36,40,54,58,1.0,2,77,0.22350144386291504,2
615,graficon36nodi/grafo3153.36,19,36,43,53,60,1.0,2,84,0.10317087173461914,2
616,graficon34nodi/grafo4029.34,19,34,40,50,56,1.0,6,92,0.1674201488494873,2
617,graficon32nodi/grafo1784.32,19,32,36,52,56,1.0,3,52,0.01732945442199707,2
618,graficon33nodi/grafo2397.33,19,33,39,50,56,2.0,5,78,0.33104872703552246,2
619,graficon39nodi/grafo7363.39,19,39,43,51,55,1.0,3,159,0.22171592712402344,2
620,graficon34nodi/grafo11241.34,19,34,39,50,55,0.0,0,72,0.030995845794677734,2
621,graficon31nodi/grafo1689.31,19,31,34,53,56,0.0,0,57,0.021094799041748047,2
622,graficon39nodi/grafo6808.39,19,39,45,51,57,2.0,6,103,0.14374423027038574,2
623,graficon24nodi/grafo522.24,19,24,30,51,57,2.0,4,105,0.11930632591247559,2
624,graficon25nodi/grafo2016.25,19,25,33,50,58,1.0,2,73,0.08021140098571777,2
625,graficon24nodi/grafo1667.24,19,24,29,50,55,1.0,1,44,0.02038860321044922,2
626,graficon40nodi/grafo5346.40,19,40,44,52,56,1.0,6,84,0.39873290061950684,2
627,graficon34nodi/grafo11531.34,19,34,37,50,53,1.0,1,59,0.04572296142578125,2
628,graficon23nodi/grafo1974.23,19,23,27,54,58,1.0,1,61,0.030825376510620117,2
629,graficon30nodi/grafo1183.30,19,30,39,50,59,2.0,6,105,0.47592782974243164,2
630,graficon35nodi/grafo7366.35,19,35,43,51,59,1.0,1,95,0.07396197319030762,2
631,graficon33nodi/grafo9869.33,19,33,38,50,55,1.0,2,50,0.06338024139404297,2
632,graficon38nodi/grafo3247.38,19,38,43,50,55,1.0,3,91,0.31069254875183105,2
633,graficon36nodi/grafo5319.36,19,36,44,53,61,1.0,2,155,0.20886945724487305,2
634,graficon30nodi/grafo11384.30,19,30,34,50,54,1.0,2,55,0.0639345645904541,2
635,graficon38nodi/grafo3966.38,19,38,42,54,58,1.0,4,88,0.18529415130615234,2
636,graficon32nodi/grafo3012.32,19,32,38,54,60,1.0,3,136,0.14127016067504883,2
637,graficon33nodi/grafo1174.33,19,33,41,53,61,2.0,4,116,0.3326606750488281,2
638,graficon35nodi/grafo11415.35,19,35,43,52,60,1.0,5,98,0.11257076263427734,2
639,graficon36nodi/grafo10746.36,19,36,42,54,60,0.0,0,81,0.03078603744506836,2
640,graficon38nodi/grafo6579.38,19,38,49,54,65,2.0,7,119,0.6413302421569824,2
641,graficon32nodi/grafo10058.32,19,32,40,51,59,1.0,3,76,0.1021430492401123,2
642,graficon34nodi/grafo11614.34,19,34,39,50,55,0.0,0,72,0.03158855438232422,2
643,graficon38nodi/grafo6106.38,19,38,47,53,62,3.0,11,122,1.12266206741333,2
644,graficon26nodi/grafo309.26,19,26,36,54,64,3.0,6,111,0.17069745063781738,2
645,graficon34nodi/grafo10483.34,19,34,45,50,61,2.0,8,78,0.4767277240753174,2
646,graficon34nodi/grafo3023.34,19,34,42,54,62,1.0,2,99,0.09261941909790039,2
647,graficon35nodi/grafo11423.35,19,35,42,54,61,2.0,4,94,0.03874659538269043,2
648,graficon26nodi/grafo1952.26,19,26,31,54,59,1.0,3,71,0.10290861129760742,2
649,graficon38nodi/grafo5993.38,19,38,44,53,59,1.0,4,75,0.09950089454650879,2
650,graficon17nodi/grafo2227.17,19,17,25,50,58,1.0,2,68,0.10277557373046875,2
651,graficon34nodi/grafo2082.34,19,34,38,54,58,0.0,0,43,0.022193193435668945,2
652,graficon27nodi/grafo1746.27,19,27,38,52,63,2.0,3,108,0.0761117935180664,2
653,graficon33nodi/grafo3214.33,19,33,44,52,63,2.0,14,139,0.8956782817840576,2
654,graficon28nodi/grafo3060.28,19,28,36,51,59,1.0,4,56,0.0553128719329834,2
655,graficon24nodi/grafo1158.24,19,24,34,52,62,1.0,6,142,0.5164992809295654,2
656,graficon33nodi/grafo11638.33,19,33,38,53,58,1.0,2,76,0.07232809066772461,2
657,graficon35nodi/grafo7548.35,19,35,42,54,61,1.0,1,108,0.17935681343078613,2
658,graficon34nodi/grafo5827.34,19,34,40,51,57,1.0,2,95,0.12287068367004395,2
659,graficon34nodi/grafo5485.34,19,34,43,52,61,3.0,5,79,0.16842055320739746,2
660,graficon35nodi/grafo6897.35,19,35,47,52,64,2.0,10,116,0.5115768909454346,2
661,graficon34nodi/grafo5498.34,19,34,41,54,61,1.0,4,106,0.17464756965637207,2
662,graficon34nodi/grafo5856.34,19,34,41,50,57,1.0,4,74,0.09237217903137207,2
663,graficon40nodi/grafo4073.40,19,40,42,51,53,1.0,2,130,0.4220290184020996,2
664,graficon36nodi/grafo10619.36,19,36,41,51,56,1.0,1,90,0.04311871528625488,2
665,graficon42nodi/grafo7119.42,19,42,46,50,54,1.0,2,115,0.13102221488952637,2
666,graficon36nodi/grafo11525.36,19,36,45,53,62,3.0,6,69,0.14233779907226562,2
667,graficon35nodi/grafo11234.35,19,35,35,51,51,0.0,0,23,0.00838923454284668,2
668,graficon24nodi/grafo2787.24,19,24,35,51,62,2.0,7,100,0.2458505630493164,2
669,graficon40nodi/grafo3874.40,19,40,46,50,56,1.0,4,155,0.1964578628540039,2
670,graficon28nodi/grafo1569.28,19,28,36,53,61,1.0,1,89,0.043288230895996094,2
671,graficon35nodi/grafo2098.35,19,35,42,50,57,2.0,3,50,0.09348654747009277,2
672,graficon34nodi/grafo2031.34,19,34,42,53,61,1.0,4,112,0.12452483177185059,2
673,graficon30nodi/grafo11667.30,19,30,34,52,56,0.0,0,33,0.019190073013305664,2
674,graficon30nodi/grafo1345.30,19,30,44,50,64,3.0,15,282,1.0601606369018555,2
675,graficon29nodi/grafo2054.29,19,29,35,50,56,1.0,2,46,0.03823065757751465,2
676,graficon41nodi/grafo4004.41,19,41,48,57,64,2.0,5,76,0.19060325622558594,2
677,graficon37nodi/grafo2224.37,19,37,45,58,66,3.0,11,142,1.0375819206237793,2
678,graficon34nodi/grafo6076.34,19,34,44,56,66,1.0,2,121,0.12331533432006836,2
679,graficon40nodi/grafo5714.40,19,40,52,59,71,3.0,18,190,1.4661366939544678,2
680,graficon38nodi/grafo9968.38,19,38,44,55,61,1.0,1,63,0.041023969650268555,2
681,graficon28nodi/grafo1201.28,19,28,38,58,68,2.0,5,109,0.17688918113708496,2
682,graficon35nodi/grafo10708.35,19,35,46,55,66,4.0,19,198,1.4082016944885254,2
683,graficon21nodi/grafo433.21,19,21,28,55,62,1.0,5,70,0.08754491806030273,2
684,graficon34nodi/grafo5143.34,19,34,40,57,63,1.0,1,50,0.02375626564025879,2
685,graficon36nodi/grafo11677.36,19,36,49,56,69,2.0,8,114,0.3831794261932373,2
686,graficon37nodi/grafo3125.37,19,37,42,58,63,1.0,2,45,0.06129717826843262,2
687,graficon37nodi/grafo7307.37,19,37,47,55,65,1.0,3,77,0.07580971717834473,2
688,graficon37nodi/grafo6450.37,19,37,46,57,66,2.0,4,69,0.11634588241577148,2
689,graficon39nodi/grafo3679.39,19,39,43,56,60,2.0,5,93,0.538684606552124,2
690,graficon38nodi/grafo6656.38,19,38,46,57,65,1.0,3,120,0.1647956371307373,2
691,graficon34nodi/grafo11409.34,19,34,35,56,57,1.0,1,44,0.022496938705444336,2
692,graficon38nodi/grafo6939.38,19,38,51,57,70,3.0,12,140,0.4326057434082031,2
693,graficon33nodi/grafo2687.33,19,33,46,56,69,3.0,15,233,1.1884081363677979,2
694,graficon38nodi/grafo3351.38,19,38,46,55,63,2.0,7,107,0.1855607032775879,2
695,graficon37nodi/grafo7087.37,19,37,44,59,66,1.0,2,82,0.15390229225158691,2
696,graficon36nodi/grafo11468.36,19,36,47,58,69,3.0,21,162,1.7220418453216553,2
697,graficon31nodi/grafo1946.31,19,31,38,59,66,1.0,3,55,0.08472013473510742,2
698,graficon32nodi/grafo1908.32,19,32,39,55,62,1.0,3,104,0.22707462310791016,2
699,graficon40nodi/grafo3255.40,19,40,46,56,62,2.0,8,105,0.29767608642578125,2
700,graficon37nodi/grafo5301.37,19,37,44,58,65,1.0,3,77,0.1521015167236328,2
701,graficon35nodi/grafo5613.35,19,35,46,57,68,2.0,11,171,0.49753499031066895,2
702,graficon35nodi/grafo2990.35,19,35,48,59,72,3.0,13,117,1.0437135696411133,2
703,graficon43nodi/grafo6878.43,19,43,48,56,61,1.0,5,73,0.38794422149658203,2
704,graficon27nodi/grafo1390.27,19,27,39,57,69,4.0,10,124,0.17303085327148438,2
705,graficon36nodi/grafo6227.36,19,36,46,59,69,2.0,8,150,0.6261987686157227,2
706,graficon39nodi/grafo3830.39,19,39,50,58,69,2.0,6,170,0.3724536895751953,2
707,graficon37nodi/grafo6796.37,19,37,49,57,69,2.0,7,151,0.4093010425567627,2
708,graficon33nodi/grafo5872.33,19,33,39,57,63,1.0,2,50,0.07818722724914551,2
709,graficon36nodi/grafo6071.36,19,36,43,59,66,1.0,3,63,0.0897064208984375,2
710,graficon36nodi/grafo2465.36,19,36,44,58,66,3.0,5,132,0.44151735305786133,2
711,graficon38nodi/grafo7362.38,19,38,44,59,65,1.0,3,81,0.09080624580383301,2
712,graficon38nodi/grafo7290.38,19,38,47,58,67,2.0,8,152,0.5992083549499512,2
713,graficon42nodi/grafo3239.42,19,42,48,56,62,1.0,4,146,0.23917341232299805,2
714,graficon44nodi/grafo3040.44,19,44,50,59,65,1.0,5,103,0.23932886123657227,2
715,graficon39nodi/grafo11577.39,19,39,49,55,65,2.0,9,117,0.6218271255493164,2
716,graficon40nodi/grafo4081.40,19,40,46,56,62,3.0,12,152,0.9630765914916992,2
717,graficon42nodi/grafo6381.42,19,42,50,59,67,1.0,4,98,0.11322689056396484,2
718,graficon41nodi/grafo10067.41,19,41,47,58,64,2.0,3,73,0.08307886123657227,2
719,graficon37nodi/grafo11622.37,19,37,49,59,71,1.0,5,76,0.2099161148071289,2
720,graficon32nodi/grafo1992.32,19,32,36,57,61,1.0,2,70,0.13018274307250977,2
721,graficon38nodi/grafo6467.38,19,38,43,59,64,1.0,2,64,0.0722801685333252,2
722,graficon40nodi/grafo6922.40,19,40,47,59,66,2.0,5,98,0.30673718452453613,2
723,graficon34nodi/grafo5303.34,19,34,44,59,69,1.0,2,91,0.153670072555542,2
724,graficon34nodi/grafo11396.34,19,34,35,55,56,0.0,0,32,0.010962486267089844,2
725,graficon39nodi/grafo5122.39,19,39,51,59,71,5.0,15,234,1.3323643207550049,2
726,graficon42nodi/grafo6223.42,19,42,45,59,62,1.0,2,68,0.10798311233520508,2
727,graficon40nodi/grafo2627.40,19,40,49,56,65,1.0,7,121,0.3965761661529541,2
728,graficon41nodi/grafo6876.41,19,41,50,58,67,2.0,5,95,0.22425055503845215,2
729,graficon35nodi/grafo11548.35,19,35,46,55,66,4.0,19,198,1.3914992809295654,2
730,graficon31nodi/grafo1637.31,19,31,41,56,66,2.0,10,125,0.7541506290435791,2
731,graficon38nodi/grafo3437.38,19,38,45,57,64,3.0,9,109,0.5572836399078369,2
732,graficon35nodi/grafo10135.35,19,35,43,55,63,3.0,7,121,0.23815345764160156,2
733,graficon38nodi/grafo2960.38,19,38,48,56,66,3.0,13,139,1.0393016338348389,2
734,graficon35nodi/grafo3720.35,19,35,46,59,70,3.0,6,141,0.5904223918914795,2
735,graficon36nodi/grafo6233.36,19,36,47,56,67,2.0,8,99,0.39054274559020996,2
736,graficon24nodi/grafo1966.24,19,24,34,58,68,1.0,2,88,0.12141919136047363,2
737,graficon38nodi/grafo3681.38,19,38,48,56,66,3.0,6,121,0.6213860511779785,2
738,graficon36nodi/grafo5970.36,19,36,46,57,67,3.0,10,155,1.303429126739502,2
739,graficon26nodi/grafo1272.26,19,26,34,56,64,1.0,1,96,0.10284972190856934,2
740,graficon32nodi/grafo2968.32,19,32,41,55,64,2.0,8,113,0.22553038597106934,2
741,graficon34nodi/grafo5917.34,19,34,41,58,65,2.0,2,65,0.07065105438232422,2
742,graficon35nodi/grafo11344.35,19,35,40,55,60,1.0,3,84,0.08340787887573242,2
743,graficon47nodi/grafo1531.47,19,47,54,58,65,1.0,2,168,0.2046668529510498,2
744,graficon36nodi/grafo5264.36,19,36,41,59,64,0.0,0,71,0.02259063720703125,2
745,graficon36nodi/grafo7306.36,19,36,48,55,67,6.0,31,269,27.049176931381226,2
746,graficon34nodi/grafo3124.34,19,34,43,56,65,2.0,8,111,0.5990073680877686,2
747,graficon35nodi/grafo11633.35,19,35,46,56,67,2.0,7,128,0.726088285446167,2
748,graficon40nodi/grafo6115.40,19,40,46,57,63,2.0,5,81,0.10538744926452637,2
749,graficon37nodi/grafo3554.37,19,37,41,57,61,0.0,0,71,0.0468897819519043,2
750,graficon36nodi/grafo10229.36,19,36,46,58,68,2.0,5,91,0.11943173408508301,2
751,graficon33nodi/grafo598.33,19,33,49,63,79,5.0,24,243,3.222849130630493,2
752,graficon44nodi/grafo7435.44,19,44,53,63,72,2.0,4,98,0.16174626350402832,2
753,graficon40nodi/grafo6485.40,19,40,51,62,73,6.0,15,114,1.873056173324585,2
754,graficon35nodi/grafo6035.35,19,35,50,61,76,2.0,9,190,0.28038549423217773,2
755,graficon38nodi/grafo7531.38,19,38,44,61,67,2.0,3,99,0.09002971649169922,2
756,graficon37nodi/grafo11473.37,19,37,42,61,66,1.0,1,58,0.03654980659484863,2
757,graficon33nodi/grafo5821.33,19,33,43,62,72,1.0,4,90,0.035508155822753906,2
758,graficon39nodi/grafo5308.39,19,39,49,64,74,2.0,7,96,0.2710440158843994,2
759,graficon33nodi/grafo10454.33,19,33,41,61,69,1.0,3,74,0.10977530479431152,2
760,graficon42nodi/grafo7704.42,19,42,51,63,72,3.0,10,140,0.910691499710083,2
761,graficon33nodi/grafo2654.33,19,33,49,64,80,3.0,14,156,1.0822608470916748,2
762,graficon36nodi/grafo11077.36,19,36,40,63,67,1.0,1,65,0.036962032318115234,2
763,graficon37nodi/grafo5888.37,19,37,50,60,73,2.0,9,104,0.39769840240478516,2
764,graficon33nodi/grafo10732.33,19,33,37,60,64,1.0,1,77,0.08630800247192383,2
765,graficon25nodi/grafo2301.25,19,25,37,61,73,1.0,1,103,0.07954525947570801,2
766,graficon43nodi/grafo7428.43,19,43,52,60,69,1.0,6,132,0.2315075397491455,2
767,graficon32nodi/grafo2991.32,19,32,43,61,72,2.0,6,161,0.3809835910797119,2
768,graficon41nodi/grafo3498.41,19,41,53,63,75,3.0,13,138,1.226679801940918,2
769,graficon36nodi/grafo11414.36,19,36,47,62,73,2.0,9,98,0.22807621955871582,2
770,graficon35nodi/grafo10841.35,19,35,45,62,72,2.0,9,130,0.3105051517486572,2
771,graficon38nodi/grafo2959.38,19,38,48,61,71,2.0,7,100,0.36191844940185547,2
772,graficon30nodi/grafo359.30,19,30,37,60,67,2.0,4,55,0.12919092178344727,2
773,graficon37nodi/grafo1555.37,19,37,48,61,72,4.0,15,123,1.9267725944519043,2
774,graficon37nodi/grafo2398.37,19,37,47,64,74,3.0,10,148,0.577476978302002,2
775,graficon40nodi/grafo2729.40,19,40,46,64,70,1.0,4,99,0.2846496105194092,2
776,graficon42nodi/grafo3325.42,19,42,52,64,74,3.0,5,141,0.5354104042053223,2
777,graficon36nodi/grafo10462.36,19,36,40,61,65,0.0,0,34,0.02113056182861328,2
778,graficon39nodi/grafo7630.39,19,39,46,62,69,2.0,8,106,0.6311788558959961,2
779,graficon30nodi/grafo2012.30,19,30,46,64,80,3.0,16,202,1.8996250629425049,2
780,graficon48nodi/grafo1669.48,19,48,59,62,73,3.0,15,284,1.9371922016143799,2
781,graficon40nodi/grafo3116.40,19,40,47,64,71,2.0,5,152,0.1992502212524414,2
782,graficon41nodi/grafo4047.41,19,41,48,63,70,1.0,1,104,0.10519242286682129,2
783,graficon44nodi/grafo3971.44,19,44,48,64,68,1.0,2,99,0.2363286018371582,2
784,graficon36nodi/grafo6093.36,19,36,43,63,70,1.0,7,69,0.3610382080078125,2
785,graficon39nodi/grafo6244.39,19,39,52,64,77,4.0,12,219,1.1908111572265625,2
786,graficon34nodi/grafo5991.34,19,34,41,60,67,1.0,2,89,0.12684154510498047,2
787,graficon38nodi/grafo5998.38,19,38,44,60,66,1.0,1,88,0.07316088676452637,2
788,graficon32nodi/grafo5807.32,19,32,41,64,73,1.0,2,64,0.11818218231201172,2
789,graficon29nodi/grafo2811.29,19,29,40,62,73,2.0,9,93,0.40335512161254883,2
790,graficon33nodi/grafo11643.33,19,33,37,60,64,1.0,1,77,0.08288216590881348,2
791,graficon45nodi/grafo7711.45,19,45,53,64,72,1.0,3,82,0.30440807342529297,2
792,graficon35nodi/grafo3483.35,19,35,41,61,67,1.0,4,76,0.1448073387145996,2
793,graficon37nodi/grafo7410.37,19,37,51,61,75,3.0,15,126,0.982562780380249,2
794,graficon39nodi/grafo3792.39,19,39,49,61,71,2.0,7,138,0.6120426654815674,2
795,graficon46nodi/grafo7281.46,19,46,54,61,69,2.0,9,148,0.5532016754150391,2
796,graficon41nodi/grafo7033.41,19,41,48,60,67,2.0,8,118,0.6516478061676025,2
797,graficon37nodi/grafo6905.37,19,37,48,63,74,2.0,11,103,0.7503392696380615,2
798,graficon33nodi/grafo1668.33,19,33,41,63,71,2.0,6,74,0.39346885681152344,2
799,graficon43nodi/grafo4042.43,19,43,47,60,64,0.0,0,100,0.07513999938964844,2
800,graficon37nodi/grafo3728.37,19,37,47,63,73,2.0,6,97,0.5663707256317139,2
801,graficon37nodi/grafo6219.37,19,37,45,62,70,2.0,4,114,0.17100787162780762,2
802,graficon37nodi/grafo2761.37,19,37,45,60,68,2.0,5,141,0.13657617568969727,2
803,graficon35nodi/grafo6010.35,19,35,44,60,69,2.0,8,115,0.3892240524291992,2
804,graficon41nodi/grafo5637.41,19,41,49,61,69,2.0,5,145,0.33295130729675293,2
805,graficon36nodi/grafo5783.36,19,36,46,62,72,2.0,6,95,0.39009547233581543,2
806,graficon42nodi/grafo5250.42,19,42,51,64,73,2.0,7,117,0.5141820907592773,2
807,graficon38nodi/grafo11452.38,19,38,50,62,74,4.0,17,159,2.3310444355010986,2
808,graficon41nodi/grafo11172.41,19,41,51,62,72,2.0,8,128,0.6254761219024658,2
809,graficon37nodi/grafo7650.37,19,37,52,63,78,2.0,9,216,0.5728564262390137,2
810,graficon33nodi/grafo11527.33,19,33,40,62,69,1.0,3,98,0.11131525039672852,2
811,graficon40nodi/grafo6142.40,19,40,49,64,73,2.0,8,111,0.7590913772583008,2
812,graficon36nodi/grafo5809.36,19,36,45,63,72,3.0,8,149,0.5409619808197021,2
813,graficon40nodi/grafo5426.40,19,40,50,62,72,3.0,14,268,4.575444936752319,2
814,graficon34nodi/grafo3076.34,19,34,39,61,66,1.0,2,58,0.1225895881652832,2
815,graficon39nodi/grafo7374.39,19,39,51,62,74,3.0,17,168,2.419647216796875,2
816,graficon40nodi/grafo7706.40,19,40,51,60,71,4.0,14,170,0.8009140491485596,2
817,graficon44nodi/grafo3602.44,19,44,53,62,71,4.0,12,215,1.1462583541870117,2
818,graficon43nodi/grafo7484.43,19,43,49,63,69,1.0,4,135,0.3278229236602783,2
819,graficon37nodi/grafo11410.37,19,37,45,64,72,2.0,4,86,0.08962440490722656,2
820,graficon35nodi/grafo6104.35,19,35,40,63,68,1.0,1,87,0.06673336029052734,2
821,graficon36nodi/grafo5360.36,19,36,44,62,70,2.0,6,77,0.28905248641967773,2
822,graficon38nodi/grafo5222.38,19,38,43,62,67,2.0,3,96,0.21822547912597656,2
823,graficon36nodi/grafo11309.36,19,36,46,61,71,2.0,12,166,0.6613483428955078,2
824,graficon36nodi/grafo5457.36,19,36,43,61,68,2.0,4,63,0.1528608798980713,2
825,graficon37nodi/grafo7092.37,19,37,47,61,71,5.0,18,230,3.0793278217315674,2
826,graficon38nodi/grafo1999.38,19,38,45,68,75,1.0,2,75,0.07632040977478027,2
827,graficon38nodi/grafo7684.38,19,38,54,68,84,4.0,15,224,1.6001205444335938,2
828,graficon43nodi/grafo3669.43,19,43,52,67,76,1.0,6,227,0.6249444484710693,2
829,graficon40nodi/grafo11665.40,19,40,48,68,76,2.0,9,98,0.7055485248565674,2
830,graficon39nodi/grafo10234.39,19,39,51,69,81,3.0,13,117,0.6807613372802734,2
831,graficon40nodi/grafo6382.40,19,40,52,65,77,3.0,12,167,0.639561653137207,2
832,graficon44nodi/grafo7013.44,19,44,53,69,78,1.0,1,105,0.07935619354248047,2
833,graficon37nodi/grafo3341.37,19,37,50,66,79,3.0,12,216,0.9093489646911621,2
834,graficon40nodi/grafo5504.40,19,40,53,66,79,2.0,10,161,0.6736099720001221,2
835,graficon44nodi/grafo1219.44,19,44,48,66,70,0.0,0,65,0.03141307830810547,2
836,graficon29nodi/grafo3034.29,19,29,40,65,76,1.0,4,168,0.18121027946472168,2
837,graficon44nodi/grafo3831.44,19,44,52,67,75,3.0,8,183,1.447265863418579,2
838,graficon35nodi/grafo3068.35,19,35,50,67,82,3.0,16,204,1.827815294265747,2
839,graficon40nodi/grafo9898.40,19,40,50,68,78,2.0,9,91,0.46694326400756836,2
840,graficon37nodi/grafo6847.37,19,37,47,67,77,1.0,2,140,0.18815279006958008,2
841,graficon40nodi/grafo5327.40,19,40,47,68,75,2.0,4,117,0.2868039608001709,2
842,graficon44nodi/grafo6266.44,19,44,60,68,84,3.0,23,204,3.702899217605591,2
843,graficon39nodi/grafo6848.39,19,39,52,67,80,3.0,8,178,0.7032370567321777,2
844,graficon30nodi/grafo2030.30,19,30,44,66,80,3.0,14,154,1.2636668682098389,2
845,graficon40nodi/grafo6167.40,19,40,57,66,83,3.0,23,230,3.711369514465332,2
846,graficon39nodi/grafo2148.39,19,39,45,67,73,1.0,3,103,0.13805031776428223,2
847,graficon36nodi/grafo3734.36,19,36,46,67,77,1.0,6,210,0.680109977722168,2
848,graficon39nodi/grafo5789.39,19,39,58,69,88,3.0,25,155,3.868894577026367,2
849,graficon29nodi/grafo1284.29,19,29,40,65,76,2.0,6,140,0.44053053855895996,2
850,graficon45nodi/grafo7024.45,19,45,50,65,70,1.0,5,76,0.18950939178466797,2
851,graficon33nodi/grafo5203.33,19,33,41,68,76,1.0,5,64,0.08327913284301758,2
852,graficon34nodi/grafo6218.34,19,34,40,65,71,1.0,3,76,0.10939335823059082,2
853,graficon43nodi/grafo7073.43,19,43,51,69,77,2.0,7,116,0.4396970272064209,2
854,graficon42nodi/grafo5867.42,19,42,52,69,79,4.0,12,237,1.1282212734222412,2
855,graficon36nodi/grafo7509.36,19,36,45,69,78,2.0,6,88,0.7320168018341064,2
856,graficon37nodi/grafo7743.37,19,37,55,68,86,3.0,22,256,2.4922726154327393,2
857,graficon44nodi/grafo6915.44,19,44,58,68,82,5.0,17,141,1.3753242492675781,2
858,graficon40nodi/grafo7570.40,19,40,52,68,80,2.0,14,165,1.1487150192260742,2
859,graficon33nodi/grafo5787.33,19,33,40,66,73,1.0,2,44,0.09080791473388672,2
860,graficon34nodi/grafo11517.34,19,34,44,69,79,1.0,5,123,0.5904395580291748,2
861,graficon49nodi/grafo1560.49,19,49,59,68,78,3.0,9,120,0.559453010559082,2
862,graficon47nodi/grafo3121.47,19,47,54,65,72,1.0,3,204,0.4803931713104248,2
863,graficon38nodi/grafo2052.38,19,38,50,67,79,4.0,14,97,0.9973609447479248,2
864,graficon41nodi/grafo3794.41,19,41,52,65,76,3.0,18,174,0.7650744915008545,2
865,graficon38nodi/grafo3964.38,19,38,48,69,79,2.0,6,160,0.45087599754333496,2
866,graficon39nodi/grafo7264.39,19,39,51,67,79,4.0,21,153,1.9132657051086426,2
867,graficon38nodi/grafo3752.38,19,38,46,65,73,2.0,4,108,0.33191394805908203,2
868,graficon37nodi/grafo3576.37,19,37,49,69,81,3.0,13,173,1.2096078395843506,2
869,graficon38nodi/grafo5949.38,19,38,50,66,78,2.0,4,194,0.5287997722625732,2
870,graficon29nodi/grafo2639.29,19,29,43,67,81,3.0,6,229,0.3386197090148926,2
871,graficon38nodi/grafo11575.38,19,38,46,66,74,3.0,11,106,0.7782893180847168,2
872,graficon38nodi/grafo3321.38,19,38,53,66,81,2.0,16,188,1.1725690364837646,2
873,graficon31nodi/grafo1429.31,19,31,45,65,79,3.0,14,182,1.329378366470337,2
874,graficon38nodi/grafo4013.38,19,38,49,67,78,2.0,9,132,0.5945158004760742,2
875,graficon28nodi/grafo1339.28,19,28,41,67,80,3.0,15,186,0.7688612937927246,2
876,graficon35nodi/grafo2020.35,19,35,43,68,76,1.0,1,90,0.04355192184448242,2
877,graficon40nodi/grafo7409.40,19,40,48,65,73,2.0,5,95,0.133575439453125,2
878,graficon42nodi/grafo6141.42,19,42,53,68,79,3.0,13,106,1.3862919807434082,2
879,graficon38nodi/grafo3932.38,19,38,48,69,79,1.0,5,166,0.30159497261047363,2
880,graficon38nodi/grafo2986.38,19,38,50,67,79,4.0,17,145,2.5663578510284424,2
881,graficon42nodi/grafo5771.42,19,42,51,68,77,2.0,5,125,0.6207916736602783,2
882,graficon45nodi/grafo7734.45,19,45,55,68,78,3.0,13,140,1.5163743495941162,2
883,graficon42nodi/grafo3094.42,19,42,49,69,76,1.0,2,115,0.1690201759338379,2
884,graficon38nodi/grafo819.38,19,38,49,68,79,4.0,13,149,0.7980270385742188,2
885,graficon39nodi/grafo6923.39,19,39,48,67,76,2.0,10,164,1.078536033630371,2
886,graficon33nodi/grafo10400.33,19,33,38,68,73,1.0,1,75,0.07208490371704102,2
887,graficon36nodi/grafo11346.36,19,36,49,69,82,2.0,12,110,0.3025670051574707,2
888,graficon39nodi/grafo11565.39,19,39,45,65,71,1.0,4,69,0.19177603721618652,2
889,graficon50nodi/grafo1494.50,19,50,57,68,75,2.0,9,132,0.905583381652832,2
890,graficon38nodi/grafo10455.38,19,38,42,67,71,1.0,1,51,0.029454946517944336,2
891,graficon38nodi/grafo9852.38,19,38,48,66,76,2.0,7,126,0.43669843673706055,2
892,graficon45nodi/grafo5975.45,19,45,52,66,73,2.0,5,122,0.5318698883056641,2
893,graficon39nodi/grafo4061.39,19,39,47,69,77,3.0,5,104,0.16923761367797852,2
894,graficon40nodi/grafo6955.40,19,40,52,69,81,3.0,8,162,1.0002453327178955,2
895,graficon41nodi/grafo7624.41,19,41,54,69,82,5.0,11,250,2.8454513549804688,2
896,graficon35nodi/grafo6116.35,19,35,43,69,77,1.0,5,95,0.2384488582611084,2
897,graficon51nodi/grafo1404.51,19,51,70,69,88,6.0,39,342,9.03343152999878,2
898,graficon36nodi/grafo7553.36,19,36,52,69,85,2.0,15,159,1.1888115406036377,2
899,graficon40nodi/grafo3711.40,19,40,53,68,81,2.0,3,188,0.2920985221862793,2
900,graficon37nodi/grafo2099.37,19,37,44,69,76,0.0,0,64,0.032743215560913086,2
901,graficon40nodi/grafo3916.40,19,40,51,71,82,3.0,6,137,0.7813286781311035,2
902,graficon39nodi/grafo227.39,19,39,47,72,80,1.0,4,109,0.28688597679138184,2
903,graficon44nodi/grafo7217.44,19,44,53,70,79,2.0,7,162,0.4912586212158203,2
904,graficon35nodi/grafo10277.35,19,35,45,71,81,2.0,8,167,0.6348021030426025,2
905,graficon37nodi/grafo2678.37,19,37,45,74,82,1.0,2,112,0.2244880199432373,2
906,graficon44nodi/grafo3432.44,19,44,55,72,83,1.0,9,102,0.2567412853240967,2
907,graficon43nodi/grafo7404.43,19,43,55,73,85,2.0,9,187,0.9311087131500244,2
908,graficon47nodi/grafo6168.47,19,47,50,70,73,1.0,1,148,0.07720279693603516,2
909,graficon44nodi/grafo5590.44,19,44,49,72,77,1.0,1,65,0.037932634353637695,2
910,graficon37nodi/grafo3954.37,19,37,50,70,83,3.0,12,134,0.7822108268737793,2
911,graficon40nodi/grafo490.40,19,40,45,71,76,1.0,1,61,0.04437899589538574,2
912,graficon38nodi/grafo3708.38,19,38,53,74,89,2.0,8,170,0.46234989166259766,2
913,graficon34nodi/grafo10511.34,19,34,41,71,78,2.0,3,88,0.1725013256072998,2
914,graficon39nodi/grafo11357.39,19,39,48,71,80,2.0,8,107,0.31325769424438477,2
915,graficon49nodi/grafo6373.49,19,49,56,73,80,2.0,10,148,0.825049877166748,2
916,graficon41nodi/grafo7372.41,19,41,55,71,85,3.0,14,320,4.1343255043029785,2
917,graficon47nodi/grafo3806.47,19,47,52,71,76,1.0,3,118,0.18175649642944336,2
918,graficon40nodi/grafo7285.40,19,40,56,70,86,3.0,21,235,1.8747632503509521,2
919,graficon36nodi/grafo5124.36,19,36,43,70,77,2.0,4,102,1.3947699069976807,2
920,graficon38nodi/grafo3457.38,19,38,43,70,75,1.0,1,64,0.05140972137451172,2
921,graficon40nodi/grafo3539.40,19,40,57,72,89,3.0,20,196,2.159475088119507,2
922,graficon39nodi/grafo3391.39,19,39,61,71,93,7.0,39,331,5.725275278091431,2
923,graficon38nodi/grafo6480.38,19,38,50,70,82,2.0,11,126,0.7036058902740479,2
924,graficon42nodi/grafo3820.42,19,42,52,70,80,2.0,5,134,0.5092799663543701,2
925,graficon40nodi/grafo11283.40,19,40,52,74,86,3.0,11,122,0.9010462760925293,2
926,graficon48nodi/grafo1535.48,19,48,53,72,77,1.0,1,107,0.04674053192138672,2
927,graficon44nodi/grafo11640.44,19,44,59,73,88,3.0,15,204,1.8982081413269043,2
928,graficon30nodi/grafo1810.30,19,30,40,73,83,2.0,4,120,0.288867712020874,2
929,graficon38nodi/grafo10767.38,19,38,50,72,84,2.0,7,240,1.071885347366333,2
930,graficon39nodi/grafo10062.39,19,39,44,74,79,2.0,5,68,0.3205740451812744,2
931,graficon42nodi/grafo6171.42,19,42,59,73,90,3.0,18,198,2.68147611618042,2
932,graficon41nodi/grafo7074.41,19,41,50,72,81,1.0,1,129,0.06734228134155273,2
933,graficon42nodi/grafo6304.42,19,42,55,73,86,3.0,13,259,0.6778895854949951,2
934,graficon43nodi/grafo3801.43,19,43,52,70,79,1.0,5,97,0.15819215774536133,2
935,graficon40nodi/grafo3538.40,19,40,46,72,78,1.0,3,92,0.30960559844970703,2
936,graficon38nodi/grafo10567.38,19,38,47,74,83,3.0,9,190,1.1516947746276855,2
937,graficon37nodi/grafo3445.37,19,37,46,73,82,2.0,7,73,0.3337996006011963,2
938,graficon37nodi/grafo11122.37,19,37,44,74,81,2.0,7,84,0.5275733470916748,2
939,graficon35nodi/grafo3499.35,19,35,47,70,82,4.0,9,119,0.37598276138305664,2
940,graficon42nodi/grafo7296.42,19,42,56,73,87,3.0,11,150,0.6826786994934082,2
941,graficon38nodi/grafo10027.38,19,38,50,74,86,2.0,9,137,0.6166436672210693,2
942,graficon40nodi/grafo6207.40,19,40,52,72,84,3.0,11,162,0.8695893287658691,2
943,graficon35nodi/grafo3006.35,19,35,44,70,79,1.0,3,105,0.15963101387023926,2
944,graficon56nodi/grafo5979.56,19,56,69,72,85,4.0,22,425,7.7310631275177,2
945,graficon39nodi/grafo7283.39,19,39,50,74,85,4.0,11,210,1.504601001739502,2
946,graficon40nodi/grafo3229.40,19,40,48,74,82,1.0,3,81,0.21097469329833984,2
947,graficon37nodi/grafo2528.37,19,37,50,70,83,2.0,6,140,0.650477409362793,2
948,graficon40nodi/grafo2963.40,19,40,49,70,79,2.0,7,146,0.7344558238983154,2
949,graficon37nodi/grafo11238.37,19,37,47,70,80,2.0,5,149,0.1641838550567627,2
950,graficon34nodi/grafo5693.34,19,34,46,73,85,2.0,5,113,0.5079753398895264,2
951,graficon45nodi/grafo5623.45,19,45,55,74,84,1.0,2,194,0.9812984466552734,2
952,graficon38nodi/grafo1157.38,19,38,48,73,83,3.0,5,83,0.16198492050170898,2
953,graficon36nodi/grafo9862.36,19,36,51,74,89,2.0,10,153,0.883948564529419,2
954,graficon39nodi/grafo10505.39,19,39,52,70,83,3.0,12,173,1.371201992034912,2
955,graficon34nodi/grafo9934.34,19,34,40,73,79,0.0,0,40,0.02969813346862793,2
956,graficon42nodi/grafo7692.42,19,42,54,74,86,2.0,9,136,0.8924703598022461,2
957,graficon41nodi/grafo7635.41,19,41,53,71,83,4.0,22,209,6.045598745346069,2
958,graficon39nodi/grafo3849.39,19,39,50,71,82,3.0,9,248,1.453200101852417,2
959,graficon40nodi/grafo3287.40,19,40,52,71,83,2.0,11,148,0.9497513771057129,2
960,graficon56nodi/grafo7164.56,19,56,68,70,82,3.0,9,153,0.9767677783966064,2
961,graficon43nodi/grafo7403.43,19,43,57,70,84,4.0,23,204,6.8403565883636475,2
962,graficon39nodi/grafo6476.39,19,39,50,73,84,3.0,14,95,0.5616455078125,2
963,graficon41nodi/grafo5344.41,19,41,52,73,84,2.0,8,108,0.3694331645965576,2
964,graficon35nodi/grafo7560.35,19,35,45,72,82,2.0,5,94,0.22939014434814453,2
965,graficon39nodi/grafo11552.39,19,39,47,71,79,1.0,4,139,0.4180729389190674,2
966,graficon42nodi/grafo3865.42,19,42,56,73,87,4.0,15,150,1.7617733478546143,2
967,graficon46nodi/grafo1581.46,19,46,52,71,77,1.0,2,116,0.3967289924621582,2
968,graficon38nodi/grafo7187.38,19,38,52,74,88,3.0,18,229,2.2088305950164795,2
969,graficon57nodi/grafo5041.57,19,57,63,74,80,1.0,4,294,0.9983103275299072,2
970,graficon37nodi/grafo7512.37,19,37,45,71,79,2.0,2,120,0.16902971267700195,2
971,graficon39nodi/grafo7479.39,19,39,53,70,84,2.0,13,182,1.0793373584747314,2
972,graficon46nodi/grafo5905.46,19,46,56,74,84,2.0,7,148,0.7630658149719238,2
973,graficon40nodi/grafo3387.40,19,40,53,74,87,3.0,15,171,1.465796947479248,2
974,graficon38nodi/grafo3915.38,19,38,44,71,77,1.0,2,91,0.19785714149475098,2
975,graficon37nodi/grafo11479.37,19,37,44,73,80,2.0,6,97,0.5060205459594727,2
976,graficon36nodi/grafo2504.36,19,36,49,76,89,2.0,9,135,0.7335894107818604,2
977,graficon30nodi/grafo3011.30,19,30,41,76,87,1.0,4,154,0.17251968383789062,2
978,graficon39nodi/grafo2310.39,19,39,59,77,97,3.0,21,281,1.0540201663970947,2
979,graficon40nodi/grafo365.40,19,40,47,76,83,1.0,4,87,0.19945812225341797,2
980,graficon41nodi/grafo5534.41,19,41,49,77,85,1.0,5,110,0.4221930503845215,2
981,graficon36nodi/grafo5632.36,19,36,43,76,83,1.0,5,74,0.15923118591308594,2
982,graficon42nodi/grafo3895.42,19,42,55,79,92,4.0,23,210,3.445270538330078,2
983,graficon40nodi/grafo7534.40,19,40,54,76,90,3.0,15,240,1.923964262008667,2
984,graficon38nodi/grafo11163.38,19,38,50,77,89,4.0,14,168,0.8304095268249512,2
985,graficon36nodi/grafo5700.36,19,36,49,78,91,3.0,11,194,1.2027463912963867,2
986,graficon41nodi/grafo7150.41,19,41,52,75,86,2.0,8,75,0.8035118579864502,2
987,graficon38nodi/grafo9909.38,19,38,48,77,87,2.0,8,148,0.17568635940551758,2
988,graficon41nodi/grafo6152.41,19,41,56,75,90,2.0,12,169,1.4096274375915527,2
989,graficon44nodi/grafo3924.44,19,44,53,75,84,3.0,8,165,1.2019250392913818,2
990,graficon38nodi/grafo5880.38,19,38,52,76,90,2.0,12,185,0.47754883766174316,2
991,graficon31nodi/grafo1257.31,19,31,50,76,95,5.0,22,247,1.516181230545044,2
992,graficon40nodi/grafo9929.40,19,40,56,77,93,4.0,19,124,0.8872196674346924,2
993,graficon43nodi/grafo7444.43,19,43,55,77,89,3.0,15,123,1.5406346321105957,2
994,graficon33nodi/grafo1975.33,19,33,46,77,90,2.0,9,116,0.26347994804382324,2
995,graficon44nodi/grafo5982.44,19,44,57,79,92,3.0,12,248,2.1701998710632324,2
996,graficon49nodi/grafo1353.49,19,49,54,76,81,1.0,3,104,0.14162945747375488,2
997,graficon36nodi/grafo3379.36,19,36,44,75,83,1.0,1,89,0.07239294052124023,2
998,graficon37nodi/grafo5904.37,19,37,50,77,90,2.0,10,124,1.032482385635376,2
999,graficon37nodi/grafo3837.37,19,37,52,75,90,2.0,13,226,2.5846898555755615,2
1000,graficon42nodi/grafo6032.42,19,42,51,76,85,2.0,5,125,0.3509647846221924,2
1001,graficon40nodi/grafo7544.40,19,40,53,75,88,2.0,4,228,0.6612029075622559,2
1002,graficon38nodi/grafo7305.38,19,38,53,76,91,3.0,17,179,3.603048801422119,2
1003,graficon48nodi/grafo7046.48,19,48,54,76,82,1.0,2,125,0.24127602577209473,2
1004,graficon47nodi/grafo3232.47,19,47,55,77,85,2.0,4,103,0.3274967670440674,2
1005,graficon40nodi/grafo3885.40,19,40,51,75,86,2.0,6,129,0.7834272384643555,2
1006,graficon43nodi/grafo6858.43,19,43,61,77,95,5.0,19,209,3.7312567234039307,2
1007,graficon43nodi/grafo5298.43,19,43,56,76,89,2.0,11,116,0.773521900177002,2
1008,graficon37nodi/grafo11609.37,19,37,44,77,84,2.0,6,72,0.42160725593566895,2
1009,graficon43nodi/grafo7047.43,19,43,55,76,88,3.0,9,155,1.551553726196289,2
1010,graficon46nodi/grafo1484.46,19,46,57,78,89,2.0,11,277,2.5716264247894287,2
1011,graficon37nodi/grafo5641.37,19,37,44,79,86,1.0,1,121,0.06870889663696289,2
1012,graficon47nodi/grafo7547.47,19,47,59,77,89,2.0,10,133,0.855536699295044,2
1013,graficon40nodi/grafo10494.40,19,40,50,78,88,1.0,6,112,0.47989678382873535,2
1014,graficon37nodi/grafo2713.37,19,37,48,76,87,3.0,14,166,1.6007859706878662,2
1015,graficon39nodi/grafo6248.39,19,39,50,79,90,1.0,6,165,0.4209301471710205,2
1016,graficon38nodi/grafo5903.38,19,38,48,77,87,2.0,8,118,0.6813647747039795,2
1017,graficon43nodi/grafo6296.43,19,43,59,79,95,3.0,25,333,9.003767728805542,2
1018,graficon41nodi/grafo6951.41,19,41,54,76,89,4.0,13,187,0.7735710144042969,2
1019,graficon39nodi/grafo10733.39,19,39,53,79,93,2.0,8,143,0.8879306316375732,2
1020,graficon41nodi/grafo7056.41,19,41,51,76,86,1.0,3,126,0.6482439041137695,2
1021,graficon46nodi/grafo3380.46,19,46,56,75,85,2.0,7,115,0.5207397937774658,2
1022,graficon41nodi/grafo3534.41,19,41,49,77,85,1.0,6,131,0.8568596839904785,2
1023,graficon39nodi/grafo3617.39,19,39,48,77,86,1.0,2,98,0.1853945255279541,2
1024,graficon38nodi/grafo11024.38,19,38,45,75,82,2.0,4,76,0.24183154106140137,2
1025,graficon49nodi/grafo1408.49,19,49,59,77,87,0.0,0,184,0.09889888763427734,2
1026,graficon46nodi/grafo7234.46,19,46,63,78,95,4.0,27,290,14.736825704574585,2
1027,graficon45nodi/grafo3840.45,19,45,59,79,93,3.0,19,286,2.52243971824646,2
1028,graficon43nodi/grafo5371.43,19,43,57,79,93,2.0,10,110,0.5599405765533447,2
1029,graficon38nodi/grafo3671.38,19,38,47,75,84,1.0,5,82,0.1895439624786377,2
1030,graficon38nodi/grafo9893.38,19,38,49,76,87,1.0,6,94,0.5341722965240479,2
1031,graficon35nodi/grafo4037.35,19,35,40,78,83,1.0,3,78,0.3484935760498047,2
1032,graficon36nodi/grafo5155.36,19,36,47,79,90,1.0,7,145,1.0742030143737793,2
1033,graficon42nodi/grafo7486.42,19,42,57,79,94,3.0,16,164,1.8200445175170898,2
1034,graficon49nodi/grafo3418.49,19,49,63,79,93,2.0,13,149,2.210737466812134,2
1035,graficon38nodi/grafo9981.38,19,38,45,78,85,1.0,1,48,0.14182162284851074,2
1036,graficon27nodi/grafo2050.27,19,27,36,76,85,1.0,1,53,0.05138206481933594,2
1037,graficon29nodi/grafo2072.29,19,29,43,78,92,2.0,6,131,0.5273232460021973,2
1038,graficon45nodi/grafo1836.45,19,45,58,77,90,5.0,15,204,1.3329157829284668,2
1039,graficon34nodi/grafo3921.34,19,34,46,77,89,2.0,7,162,0.7742390632629395,2
1040,graficon55nodi/grafo6415.55,19,55,59,76,80,1.0,2,115,0.2585458755493164,2
1041,graficon41nodi/grafo6191.41,19,41,52,78,89,2.0,10,207,1.0063748359680176,2
1042,graficon46nodi/grafo1406.46,19,46,56,79,89,1.0,4,145,0.5571887493133545,2
1043,graficon45nodi/grafo5925.45,19,45,56,79,90,4.0,14,170,1.257986068725586,2
1044,graficon35nodi/grafo3996.35,19,35,47,78,90,3.0,13,157,0.8204460144042969,2
1045,graficon46nodi/grafo6678.46,19,46,55,77,86,1.0,2,133,0.3656613826751709,2
1046,graficon43nodi/grafo3573.43,19,43,58,79,94,3.0,15,139,2.415468215942383,2
1047,graficon40nodi/grafo6972.40,19,40,51,77,88,1.0,6,142,0.4077739715576172,2
1048,graficon51nodi/grafo3958.51,19,51,62,77,88,3.0,16,241,4.421428918838501,2
1049,graficon39nodi/grafo10192.39,19,39,48,78,87,2.0,7,120,0.7709996700286865,2
1050,graficon45nodi/grafo6007.45,19,45,58,79,92,3.0,13,183,2.253268241882324,2
1051,graficon37nodi/grafo11553.37,19,37,49,83,95,1.0,4,69,0.11504578590393066,2
1052,graficon44nodi/grafo7454.44,19,44,56,84,96,2.0,11,156,1.33858060836792,2
1053,graficon40nodi/grafo5453.40,19,40,57,83,100,4.0,19,207,3.6679844856262207,2
1054,graficon43nodi/grafo6144.43,19,43,56,80,93,3.0,9,226,1.0587079524993896,2
1055,graficon38nodi/grafo5499.38,19,38,48,81,91,1.0,3,89,0.36299729347229004,2
1056,graficon41nodi/grafo6973.41,19,41,58,84,101,2.0,16,200,2.996471881866455,2
1057,graficon39nodi/grafo10037.39,19,39,50,80,91,1.0,9,150,0.835129976272583,2
1058,graficon36nodi/grafo11554.36,19,36,50,82,96,3.0,23,189,2.099095582962036,2
1059,graficon60nodi/grafo5751.60,19,60,75,84,99,3.0,22,493,18.2578022480011,2
1060,graficon42nodi/grafo5241.42,19,42,55,83,96,2.0,11,143,0.6929376125335693,2
1061,graficon46nodi/grafo6628.46,19,46,63,83,100,5.0,27,477,23.962292432785034,2
1062,graficon39nodi/grafo9924.39,19,39,52,84,97,3.0,12,138,1.4259912967681885,2
1063,graficon46nodi/grafo3661.46,19,46,56,83,93,1.0,6,130,0.3653271198272705,2
1064,graficon38nodi/grafo7549.38,19,38,50,82,94,2.0,12,139,0.9192943572998047,2
1065,graficon39nodi/grafo11532.39,19,39,51,81,93,1.0,4,86,0.4377622604370117,2
1066,graficon47nodi/grafo1536.47,19,47,52,80,85,0.0,0,120,0.03574228286743164,2
1067,graficon38nodi/grafo4110.38,19,38,52,84,98,3.0,14,220,1.9589223861694336,2
1068,graficon41nodi/grafo6857.41,19,41,54,83,96,1.0,6,99,0.18273425102233887,2
1069,graficon34nodi/grafo6118.34,19,34,42,82,90,1.0,1,88,0.08039093017578125,2
1070,graficon39nodi/grafo10014.39,19,39,52,83,96,2.0,10,138,1.034759521484375,2
1071,graficon43nodi/grafo7598.43,19,43,57,82,96,2.0,12,159,1.358130693435669,2
1072,graficon39nodi/grafo3329.39,19,39,50,80,91,2.0,8,108,0.8195054531097412,2
1073,graficon43nodi/grafo1506.43,19,43,50,82,89,1.0,4,164,0.35602474212646484,2
1074,graficon42nodi/grafo5595.42,19,42,56,80,94,4.0,12,217,2.7105000019073486,2
1075,graficon41nodi/grafo2235.41,19,41,58,83,100,2.0,15,198,2.0520904064178467,2
1076,graficon37nodi/grafo5408.37,19,37,57,84,104,3.0,29,210,7.4297730922698975,2
1077,graficon56nodi/grafo7757.56,19,56,64,80,88,2.0,10,176,1.506669282913208,2
1078,graficon43nodi/grafo7465.43,19,43,60,80,97,7.0,18,307,2.638185739517212,2
1079,graficon42nodi/grafo5984.42,19,42,53,80,91,2.0,6,104,0.3916187286376953,2
1080,graficon49nodi/grafo2124.49,19,49,64,82,97,2.0,11,224,1.2133018970489502,2
1081,graficon39nodi/grafo3939.39,19,39,50,83,94,2.0,10,123,1.7090232372283936,2
1082,graficon41nodi/grafo6441.41,19,41,54,82,95,2.0,11,135,0.8290998935699463,2
1083,graficon56nodi/grafo4306.56,19,56,63,84,91,1.0,2,175,0.3108987808227539,2
1084,graficon43nodi/grafo5339.43,19,43,54,81,92,1.0,9,135,0.7174692153930664,2
1085,graficon36nodi/grafo3413.36,19,36,53,83,100,3.0,16,257,3.635770559310913,2
1086,graficon40nodi/grafo7766.40,19,40,50,80,90,3.0,11,95,0.8816604614257812,2
1087,graficon41nodi/grafo3444.41,19,41,53,82,94,2.0,13,141,1.2217464447021484,2
1088,graficon55nodi/grafo6789.55,19,55,60,81,86,2.0,4,231,1.1711719036102295,2
1089,graficon32nodi/grafo1421.32,19,32,45,80,93,4.0,6,139,0.22909998893737793,2
1090,graficon36nodi/grafo5865.36,19,36,44,83,91,1.0,2,85,0.18314766883850098,2
1091,graficon42nodi/grafo3326.42,19,42,60,82,100,4.0,31,214,8.136639833450317,2
1092,graficon43nodi/grafo3360.43,19,43,56,83,96,2.0,11,214,2.0321784019470215,2
1093,graficon44nodi/grafo5765.44,19,44,59,84,99,3.0,13,237,3.663160800933838,2
1094,graficon38nodi/grafo10031.38,19,38,49,84,95,2.0,5,119,0.48021817207336426,2
1095,graficon46nodi/grafo5873.46,19,46,57,83,94,2.0,6,176,0.8864455223083496,2
1096,graficon43nodi/grafo5486.43,19,43,54,81,92,2.0,14,179,2.1675589084625244,2
1097,graficon40nodi/grafo6472.40,19,40,57,84,101,8.0,22,296,3.7498695850372314,2
1098,graficon47nodi/grafo6781.47,19,47,66,82,101,3.0,19,246,3.0284085273742676,2
1099,graficon36nodi/grafo3953.36,19,36,48,83,95,1.0,3,126,0.14152812957763672,2
1100,graficon43nodi/grafo5760.43,19,43,55,84,96,2.0,8,150,0.7831146717071533,2
1101,graficon26nodi/grafo914.26,19,26,42,83,99,4.0,23,202,5.003029823303223,2
1102,graficon38nodi/grafo7227.38,19,38,54,80,96,3.0,15,210,1.5063374042510986,2
1103,graficon40nodi/grafo7652.40,19,40,55,80,95,4.0,14,126,0.9494171142578125,2
1104,graficon37nodi/grafo11359.37,19,37,47,83,93,2.0,6,154,0.5921881198883057,2
1105,graficon42nodi/grafo1092.42,19,42,53,81,92,2.0,8,127,0.9534788131713867,2
1106,graficon39nodi/grafo10835.39,19,39,45,82,88,1.0,3,70,0.16819095611572266,2
1107,graficon40nodi/grafo7432.40,19,40,47,80,87,1.0,4,94,0.23456883430480957,2
1108,graficon45nodi/grafo7099.45,19,45,56,84,95,3.0,12,210,2.471461534500122,2
1109,graficon44nodi/grafo7381.44,19,44,65,81,102,5.0,39,351,7.7665228843688965,2
1110,graficon42nodi/grafo7049.42,19,42,54,81,93,3.0,12,167,1.521308422088623,2
1111,graficon40nodi/grafo7542.40,19,40,51,81,92,3.0,9,115,0.9948768615722656,2
1112,graficon42nodi/grafo6058.42,19,42,54,81,93,2.0,9,129,1.2503550052642822,2
1113,graficon40nodi/grafo3753.40,19,40,53,81,94,2.0,16,133,1.4399499893188477,2
1114,graficon48nodi/grafo6376.48,19,48,61,81,94,2.0,14,155,1.212986707687378,2
1115,graficon42nodi/grafo7146.42,19,42,54,82,94,1.0,4,175,1.0434541702270508,2
1116,graficon39nodi/grafo3944.39,19,39,54,84,99,2.0,9,178,1.0842304229736328,2
1117,graficon41nodi/grafo7373.41,19,41,58,80,97,5.0,34,337,16.055874347686768,2
1118,graficon19nodi/grafo2375.19,19,19,35,80,96,4.0,14,184,0.5101404190063477,2
1119,graficon41nodi/grafo5234.41,19,41,51,83,93,1.0,4,141,0.2915968894958496,2
1120,graficon55nodi/grafo3570.55,19,55,66,83,94,2.0,11,198,2.7196969985961914,2
1121,graficon49nodi/grafo3626.49,19,49,61,81,93,3.0,18,270,7.876785516738892,2
1122,graficon47nodi/grafo6600.47,19,47,68,84,105,4.0,30,314,12.525503158569336,2
1123,graficon39nodi/grafo3793.39,19,39,53,81,95,2.0,12,181,1.2141592502593994,2
1124,graficon41nodi/grafo7007.41,19,41,55,84,98,6.0,19,206,4.1636457443237305,2
1125,graficon39nodi/grafo5742.39,19,39,56,83,100,3.0,15,232,2.3505091667175293,2
1126,graficon40nodi/grafo7541.40,19,40,53,89,102,2.0,12,218,1.9979703426361084,2
1127,graficon54nodi/grafo4016.54,19,54,65,88,99,1.0,6,146,0.37662315368652344,2
1128,graficon45nodi/grafo7241.45,19,45,62,86,103,2.0,10,231,1.3448195457458496,2
1129,graficon43nodi/grafo6406.43,19,43,57,86,100,2.0,10,217,1.10951566696167,2
1130,graficon42nodi/grafo7246.42,19,42,53,89,100,2.0,9,103,0.8749217987060547,2
1131,graficon44nodi/grafo7720.44,19,44,61,88,105,4.0,17,200,2.5017807483673096,2
1132,graficon46nodi/grafo7742.46,19,46,58,85,97,3.0,14,271,3.0180113315582275,2
1133,graficon44nodi/grafo7169.44,19,44,56,85,97,2.0,13,156,1.5479316711425781,2
1134,graficon52nodi/grafo1591.52,19,52,62,85,95,2.0,5,106,0.7930924892425537,2
1135,graficon48nodi/grafo5501.48,19,48,65,88,105,4.0,29,243,13.495733261108398,2
1136,graficon44nodi/grafo5554.44,19,44,61,89,106,4.0,13,340,3.6359827518463135,2
1137,graficon39nodi/grafo7716.39,19,39,49,85,95,2.0,7,143,1.0133943557739258,2
1138,graficon37nodi/grafo11653.37,19,37,51,87,101,1.0,2,92,0.16053032875061035,2
1139,graficon58nodi/grafo4792.58,19,58,69,88,99,2.0,4,156,0.26764988899230957,2
1140,graficon49nodi/grafo7578.49,19,49,57,89,97,1.0,6,125,0.6495568752288818,2
1141,graficon61nodi/grafo5831.61,19,61,72,88,99,4.0,24,273,10.52079963684082,2
1142,graficon46nodi/grafo5331.46,19,46,58,88,100,4.0,21,274,14.4315927028656,2
1143,graficon51nodi/grafo4600.51,19,51,62,89,100,2.0,7,177,0.7294797897338867,2
1144,graficon40nodi/grafo3335.40,19,40,53,89,102,2.0,9,136,1.2206952571868896,2
1145,graficon42nodi/grafo6257.42,19,42,60,85,103,3.0,16,250,1.858999490737915,2
1146,graficon36nodi/grafo5546.36,19,36,51,88,103,3.0,16,166,3.57367205619812,2
1147,graficon41nodi/grafo9946.41,19,41,48,85,92,1.0,5,95,0.7884714603424072,2
1148,graficon60nodi/grafo4886.60,19,60,73,85,98,3.0,20,249,8.276180505752563,2
1149,graficon40nodi/grafo7050.40,19,40,51,88,99,1.0,5,140,0.31486058235168457,2
1150,graficon49nodi/grafo4380.49,19,49,64,87,102,3.0,6,163,0.436154842376709,2
1151,graficon55nodi/grafo3625.55,19,55,68,88,101,3.0,21,300,12.095187902450562,2
1152,graficon53nodi/grafo7688.53,19,53,65,88,100,3.0,13,233,3.5388901233673096,2
1153,graficon39nodi/grafo5407.39,19,39,53,89,103,4.0,18,165,1.3628661632537842,2
1154,graficon41nodi/grafo2781.41,19,41,61,87,107,5.0,29,261,5.314602851867676,2
1155,graficon37nodi/grafo5598.37,19,37,48,88,99,1.0,3,129,0.6101152896881104,2
1156,graficon40nodi/grafo3997.40,19,40,56,88,104,4.0,23,308,4.642853736877441,2
1157,graficon43nodi/grafo7470.43,19,43,52,88,97,2.0,7,108,0.538031816482544,2
1158,graficon45nodi/grafo7442.45,19,45,53,86,94,1.0,2,108,0.4399740695953369,2
1159,graficon54nodi/grafo7723.54,19,54,73,86,105,4.0,30,248,7.843512773513794,2
1160,graficon42nodi/grafo7352.42,19,42,51,85,94,2.0,3,76,0.12851858139038086,2
1161,graficon40nodi/grafo7670.40,19,40,56,88,104,1.0,5,215,1.243250846862793,2
1162,graficon43nodi/grafo5245.43,19,43,59,88,104,4.0,13,237,1.86543869972229,2
1163,graficon51nodi/grafo1486.51,19,51,60,87,96,2.0,5,122,1.0132346153259277,2
1164,graficon36nodi/grafo6049.36,19,36,45,87,96,1.0,4,90,0.4246690273284912,2
1165,graficon39nodi/grafo7415.39,19,39,53,88,102,3.0,11,159,1.314176082611084,2
1166,graficon40nodi/grafo5373.40,19,40,58,87,105,4.0,17,208,5.185883045196533,2
1167,graficon38nodi/grafo9979.38,19,38,50,86,98,2.0,10,87,0.6761486530303955,2
1168,graficon48nodi/grafo5194.48,19,48,65,89,106,4.0,17,263,1.5135843753814697,2
1169,graficon48nodi/grafo5357.48,19,48,64,85,101,4.0,26,216,4.537723064422607,2
1170,graficon36nodi/grafo11662.36,19,36,48,87,99,1.0,1,65,0.06275248527526855,2
1171,graficon42nodi/grafo7614.42,19,42,57,87,102,4.0,16,431,9.673341035842896,2
1172,graficon48nodi/grafo7272.48,19,48,57,86,95,2.0,3,147,0.27272844314575195,2
1173,graficon44nodi/grafo5878.44,19,44,56,87,99,2.0,9,155,0.8220536708831787,2
1174,graficon42nodi/grafo5958.42,19,42,56,86,100,3.0,11,172,1.2636222839355469,2
1175,graficon58nodi/grafo1588.58,19,58,66,88,96,3.0,7,237,1.6931121349334717,2
1176,graficon52nodi/grafo3455.52,19,52,65,87,100,2.0,14,149,2.5842185020446777,2
1177,graficon42nodi/grafo7583.42,19,42,56,86,100,4.0,15,150,2.8273491859436035,2
1178,graficon49nodi/grafo7370.49,19,49,64,87,102,1.0,6,239,0.572676420211792,2
1179,graficon39nodi/grafo5157.39,19,39,54,88,103,3.0,10,189,1.88358736038208,2
1180,graficon47nodi/grafo6822.47,19,47,56,88,97,1.0,5,187,0.6192996501922607,2
1181,graficon43nodi/grafo6928.43,19,43,56,88,101,2.0,13,157,2.351557970046997,2
1182,graficon38nodi/grafo3421.38,19,38,52,89,103,3.0,21,164,6.955435752868652,2
1183,graficon39nodi/grafo3727.39,19,39,53,86,100,3.0,9,155,1.2648606300354004,2
1184,graficon44nodi/grafo6870.44,19,44,64,85,105,3.0,34,177,6.32793927192688,2
1185,graficon36nodi/grafo9853.36,19,36,48,87,99,1.0,1,65,0.06461739540100098,2
1186,graficon50nodi/grafo4518.50,19,50,66,87,103,4.0,15,240,1.5937137603759766,2
1187,graficon42nodi/grafo7709.42,19,42,58,86,102,3.0,15,174,1.8859608173370361,2
1188,graficon60nodi/grafo7155.60,19,60,70,86,96,1.0,5,258,1.1105473041534424,2
1189,graficon64nodi/grafo4420.64,19,64,81,88,105,4.0,18,260,6.532355308532715,2
1190,graficon47nodi/grafo6437.47,19,47,70,88,111,7.0,58,341,84.02747344970703,2
1191,graficon45nodi/grafo3151.45,19,45,58,86,99,3.0,12,146,1.5613768100738525,2
1192,graficon51nodi/grafo4369.51,19,51,67,87,103,3.0,15,273,5.293548583984375,2
1193,graficon38nodi/grafo3887.38,19,38,52,87,101,2.0,10,164,1.1753628253936768,2
1194,graficon44nodi/grafo6329.44,19,44,58,88,102,2.0,8,113,0.689197301864624,2
1195,graficon50nodi/grafo1418.50,19,50,57,88,95,1.0,6,129,0.2731928825378418,2
1196,graficon43nodi/grafo6886.43,19,43,62,85,104,4.0,26,208,4.111685037612915,2
1197,graficon42nodi/grafo7012.42,19,42,59,88,105,3.0,15,235,1.6018261909484863,2
1198,graficon34nodi/grafo5990.34,19,34,45,89,100,1.0,1,146,0.18013405799865723,2
1199,graficon56nodi/grafo4391.56,19,56,70,86,100,3.0,19,381,7.7594568729400635,2
1200,graficon48nodi/grafo6689.48,19,48,57,86,95,2.0,6,144,2.028728723526001,2
1201,graficon36nodi/grafo10457.36,19,36,45,93,102,1.0,4,99,0.36232757568359375,2
1202,graficon46nodi/grafo5338.46,19,46,62,94,110,4.0,16,197,5.246746063232422,2
1203,graficon72nodi/grafo9639.72,19,72,80,94,102,2.0,13,267,6.915748596191406,2
1204,graficon44nodi/grafo3644.44,19,44,54,93,103,2.0,7,80,0.3125135898590088,2
1205,graficon54nodi/grafo3511.54,19,54,73,93,112,2.0,13,257,1.5828118324279785,2
1206,graficon42nodi/grafo6946.42,19,42,58,94,110,3.0,17,218,2.4996962547302246,2
1207,graficon57nodi/grafo5626.57,19,57,78,94,115,3.0,25,241,5.142913103103638,2
1208,graficon37nodi/grafo6217.37,19,37,53,94,110,3.0,17,180,2.1093218326568604,2
1209,graficon60nodi/grafo4512.60,19,60,73,93,106,3.0,11,244,2.7152912616729736,2
1210,graficon47nodi/grafo5432.47,19,47,68,92,113,3.0,23,320,8.929255723953247,2
1211,graficon55nodi/grafo4502.55,19,55,76,92,113,4.0,45,318,165.4655556678772,2
1212,graficon58nodi/grafo1247.58,19,58,68,94,104,4.0,12,206,2.164970874786377,2
1213,graficon43nodi/grafo6346.43,19,43,62,91,110,4.0,25,208,7.342512369155884,2
1214,graficon37nodi/grafo11625.37,19,37,51,92,106,2.0,6,89,0.3766601085662842,2
1215,graficon51nodi/grafo1470.51,19,51,69,90,108,4.0,29,293,7.9645936489105225,2
1216,graficon64nodi/grafo8416.64,19,64,79,94,109,3.0,27,306,15.406430721282959,2
1217,graficon43nodi/grafo7441.43,19,43,60,92,109,4.0,27,195,14.30342173576355,2
1218,graficon40nodi/grafo5211.40,19,40,54,93,107,2.0,8,235,0.7112996578216553,2
1219,graficon35nodi/grafo11326.35,19,35,42,91,98,1.0,3,94,0.2452259063720703,2
1220,graficon43nodi/grafo7157.43,19,43,53,90,100,2.0,7,105,0.8162274360656738,2
1221,graficon39nodi/grafo3330.39,19,39,60,93,114,4.0,31,274,17.12852716445923,2
1222,graficon40nodi/grafo3519.40,19,40,56,93,109,2.0,6,130,0.24188661575317383,2
1223,graficon57nodi/grafo4041.57,19,57,66,92,101,3.0,11,231,2.392813205718994,2
1224,graficon41nodi/grafo7124.41,19,41,59,94,112,2.0,12,156,0.8932089805603027,2
1225,graficon61nodi/grafo4482.61,19,61,75,91,105,2.0,6,266,0.9230103492736816,2
1226,graficon49nodi/grafo5721.49,19,49,64,92,107,2.0,7,174,0.8771941661834717,2
1227,graficon42nodi/grafo5468.42,19,42,58,94,110,4.0,16,242,1.2107763290405273,2
1228,graficon37nodi/grafo1758.37,19,37,45,93,101,1.0,4,159,0.6716094017028809,2
1229,graficon36nodi/grafo11444.36,19,36,46,94,104,1.0,4,99,0.2213423252105713,2
1230,graficon37nodi/grafo11540.37,19,37,48,91,102,1.0,3,108,0.2397017478942871,2
1231,graficon37nodi/grafo7028.37,19,37,48,90,101,3.0,11,107,1.6288795471191406,2
1232,graficon37nodi/grafo11417.37,19,37,49,90,102,1.0,3,98,0.2203350067138672,2
1233,graficon39nodi/grafo3187.39,19,39,53,91,105,3.0,13,210,1.2754099369049072,2
1234,graficon39nodi/grafo9897.39,19,39,55,90,106,3.0,16,171,1.443455457687378,2
1235,graficon57nodi/grafo5748.57,19,57,76,94,113,3.0,20,325,6.272919654846191,2
1236,graficon38nodi/grafo10032.38,19,38,47,91,100,2.0,6,100,0.5316412448883057,2
1237,graficon58nodi/grafo4796.58,19,58,73,90,105,3.0,19,203,3.5774686336517334,2
1238,graficon40nodi/grafo10282.40,19,40,59,92,111,2.0,14,253,2.819489002227783,2
1239,graficon54nodi/grafo5002.54,19,54,64,91,101,2.0,8,246,1.4769158363342285,2
1240,graficon44nodi/grafo2199.44,19,44,50,90,96,1.0,3,105,0.5323061943054199,2
1241,graficon38nodi/grafo10659.38,19,38,57,91,110,6.0,17,244,1.4260315895080566,2
1242,graficon56nodi/grafo4409.56,19,56,67,93,104,2.0,6,135,0.4216892719268799,2
1243,graficon47nodi/grafo6408.47,19,47,57,90,100,2.0,7,152,0.9532687664031982,2
1244,graficon54nodi/grafo3858.54,19,54,68,92,106,3.0,21,220,13.054476022720337,2
1245,graficon43nodi/grafo5723.43,19,43,59,92,108,4.0,22,209,52.69174766540527,2
1246,graficon40nodi/grafo4010.40,19,40,52,92,104,2.0,8,132,1.5334827899932861,2
1247,graficon62nodi/grafo6173.62,19,62,73,92,103,2.0,8,180,0.8123173713684082,2
1248,graficon45nodi/grafo5138.45,19,45,61,90,106,5.0,25,472,13.503007411956787,2
1249,graficon41nodi/grafo6164.41,19,41,55,91,105,3.0,13,183,1.4710092544555664,2
1250,graficon41nodi/grafo3527.41,19,41,54,93,106,2.0,13,173,1.149308681488037,2
1251,graficon42nodi/grafo7642.42,19,42,62,90,110,4.0,19,293,3.207826614379883,2
1252,graficon46nodi/grafo3424.46,19,46,56,94,104,2.0,12,134,1.4663395881652832,2
1253,graficon53nodi/grafo271.53,19,53,67,91,105,3.0,10,249,3.290327787399292,2
1254,graficon45nodi/grafo3660.45,19,45,60,90,105,3.0,19,205,4.495368003845215,2
1255,graficon40nodi/grafo5980.40,19,40,54,92,106,2.0,9,121,1.1682538986206055,2
1256,graficon44nodi/grafo6945.44,19,44,60,93,109,4.0,18,249,7.07476282119751,2
1257,graficon35nodi/grafo5299.35,19,35,44,91,100,3.0,6,109,0.7222766876220703,2
1258,graficon66nodi/grafo9143.66,19,66,84,94,112,3.0,31,310,33.59304070472717,2
1259,graficon55nodi/grafo4195.55,19,55,69,91,105,2.0,8,127,0.799915075302124,2
1260,graficon58nodi/grafo6193.58,19,58,77,91,110,4.0,26,365,23.099022388458252,2
1261,graficon45nodi/grafo6524.45,19,45,59,94,108,2.0,13,236,2.147658109664917,2
1262,graficon54nodi/grafo4006.54,19,54,64,91,101,1.0,2,113,0.15573906898498535,2
1263,graficon38nodi/grafo11322.38,19,38,50,94,106,1.0,3,79,0.2721691131591797,2
1264,graficon46nodi/grafo6723.46,19,46,64,93,111,5.0,30,253,17.498038053512573,2
1265,graficon35nodi/grafo6517.35,19,35,49,93,107,3.0,12,145,0.8500339984893799,2
1266,graficon49nodi/grafo3415.49,19,49,65,90,106,3.0,13,174,1.1322100162506104,2
1267,graficon39nodi/grafo4005.39,19,39,52,91,104,3.0,16,178,5.152293682098389,2
1268,graficon52nodi/grafo4030.52,19,52,65,92,105,4.0,12,167,1.314070224761963,2
1269,graficon41nodi/grafo7098.41,19,41,59,92,110,5.0,34,287,14.785922765731812,2
1270,graficon43nodi/grafo5926.43,19,43,62,93,112,3.0,14,202,1.5281267166137695,2
1271,graficon47nodi/grafo7625.47,19,47,67,94,114,9.0,28,225,4.810359239578247,2
1272,graficon41nodi/grafo5717.41,19,41,51,93,103,1.0,5,111,0.6375603675842285,2
1273,graficon66nodi/grafo9641.66,19,66,79,90,103,2.0,11,442,7.487605810165405,2
1274,graficon38nodi/grafo6578.38,19,38,53,93,108,2.0,7,121,0.44035959243774414,2
1275,graficon42nodi/grafo3508.42,19,42,59,94,111,5.0,18,229,2.7529706954956055,2
1276,graficon44nodi/grafo11403.44,19,44,60,98,114,2.0,15,259,6.578264951705933,2
1277,graficon43nodi/grafo7636.43,19,43,59,99,115,3.0,18,230,3.9763505458831787,2
1278,graficon42nodi/grafo5817.42,19,42,60,99,117,3.0,11,133,1.478642225265503,2
1279,graficon51nodi/grafo3172.51,19,51,71,96,116,4.0,31,316,28.989522457122803,2
1280,graficon44nodi/grafo6432.44,19,44,54,95,105,2.0,4,143,0.7622601985931396,2
1281,graficon40nodi/grafo3621.40,19,40,50,95,105,2.0,7,131,0.6675572395324707,2
1282,graficon62nodi/grafo4646.62,19,62,78,96,112,4.0,12,382,4.696372032165527,2
1283,graficon52nodi/grafo7721.52,19,52,71,95,114,3.0,21,303,51.452027797698975,2
1284,graficon45nodi/grafo7640.45,19,45,65,98,118,4.0,30,326,13.10940408706665,2
1285,graficon41nodi/grafo3781.41,19,41,58,96,113,3.0,21,280,5.619948625564575,2
1286,graficon57nodi/grafo4352.57,19,57,67,98,108,1.0,6,185,0.48474740982055664,2
1287,graficon40nodi/grafo6458.40,19,40,57,95,112,3.0,13,277,2.477503538131714,2
1288,graficon56nodi/grafo6568.56,19,56,69,98,111,2.0,19,253,6.028264284133911,2
1289,graficon50nodi/grafo4580.50,19,50,63,99,112,3.0,14,199,1.282627820968628,2
1290,graficon53nodi/grafo3486.53,19,53,68,97,112,3.0,19,279,6.626424789428711,2
1291,graficon54nodi/grafo1483.54,19,54,67,98,111,2.0,9,169,1.043201208114624,2
1292,graficon47nodi/grafo6664.47,19,47,63,96,112,4.0,19,271,6.416264533996582,2
1293,graficon44nodi/grafo7761.44,19,44,55,98,109,2.0,9,183,1.7801804542541504,2
1294,graficon48nodi/grafo3769.48,19,48,63,99,114,4.0,18,248,5.741254568099976,2
1295,graficon44nodi/grafo3205.44,19,44,57,99,112,1.0,7,141,0.8709797859191895,2
1296,graficon42nodi/grafo3439.42,19,42,57,95,110,2.0,10,251,1.7347967624664307,2
1297,graficon41nodi/grafo5645.41,19,41,52,97,108,3.0,8,189,0.8674969673156738,2
1298,graficon49nodi/grafo4012.49,19,49,65,99,115,3.0,20,223,7.328114032745361,2
1299,graficon38nodi/grafo3540.38,19,38,57,96,115,4.0,14,206,1.8829288482666016,2
1300,graficon44nodi/grafo6960.44,19,44,61,98,115,4.0,18,225,4.8163368701934814,2
1301,graficon43nodi/grafo4053.43,19,43,58,98,113,4.0,21,313,16.081711053848267,2
1302,graficon38nodi/grafo7478.38,19,38,47,98,107,1.0,5,102,0.46782755851745605,2
1303,graficon42nodi/grafo3402.42,19,42,62,99,119,3.0,24,260,6.776274681091309,2
1304,graficon40nodi/grafo3804.40,19,40,49,98,107,2.0,5,96,0.5767889022827148,2
1305,graficon46nodi/grafo7713.46,19,46,67,96,117,6.0,41,407,19.248016119003296,2
1306,graficon54nodi/grafo4849.54,19,54,68,95,109,2.0,6,149,1.099736213684082,2
1307,graficon48nodi/grafo4473.48,19,48,61,95,108,2.0,3,178,0.7173311710357666,2
1308,graficon54nodi/grafo4530.54,19,54,76,97,119,7.0,46,319,46.81214118003845,2
1309,graficon41nodi/grafo2531.41,19,41,56,99,114,2.0,9,208,1.4991240501403809,2
1310,graficon61nodi/grafo8112.61,19,61,77,97,113,3.0,18,268,5.551045656204224,2
1311,graficon53nodi/grafo3763.53,19,53,72,95,114,4.0,21,284,8.8132905960083,2
1312,graficon39nodi/grafo3099.39,19,39,47,98,106,0.0,0,64,0.05217766761779785,2
1313,graficon44nodi/grafo7621.44,19,44,65,98,119,3.0,17,272,3.3884072303771973,2
1314,graficon44nodi/grafo6263.44,19,44,66,96,118,3.0,27,262,4.802090167999268,2
1315,graficon60nodi/grafo7448.60,19,60,81,98,119,6.0,45,509,70.69793057441711,2
1316,graficon46nodi/grafo5480.46,19,46,63,95,112,3.0,17,169,2.0902462005615234,2
1317,graficon39nodi/grafo7390.39,19,39,59,97,117,3.0,19,189,4.946887016296387,2
1318,graficon42nodi/grafo3258.42,19,42,58,96,112,3.0,14,175,2.1153109073638916,2
1319,graficon52nodi/grafo6159.52,19,52,65,98,111,2.0,10,175,1.5273101329803467,2
1320,graficon42nodi/grafo7485.42,19,42,56,99,113,4.0,15,163,4.353718042373657,2
1321,graficon49nodi/grafo7245.49,19,49,65,97,113,3.0,18,199,3.2542800903320312,2
1322,graficon54nodi/grafo4488.54,19,54,69,95,110,3.0,15,204,2.3288309574127197,2
1323,graficon42nodi/grafo6270.42,19,42,54,98,110,3.0,7,147,1.1413116455078125,2
1324,graficon42nodi/grafo3277.42,19,42,56,95,109,2.0,14,176,2.8169472217559814,2
1325,graficon46nodi/grafo5832.46,19,46,58,95,107,2.0,6,156,1.1280505657196045,2
1326,graficon60nodi/grafo4376.60,19,60,73,96,109,3.0,6,185,1.0780184268951416,2
1327,graficon55nodi/grafo1549.55,19,55,66,99,110,2.0,6,278,1.9422218799591064,2
1328,graficon53nodi/grafo4871.53,19,53,71,98,116,3.0,17,286,9.47434401512146,2
1329,graficon60nodi/grafo8276.60,19,60,74,97,111,4.0,10,179,2.20853590965271,2
1330,graficon55nodi/grafo1465.55,19,55,65,95,105,3.0,12,211,2.8125948905944824,2
1331,graficon53nodi/grafo5057.53,19,53,67,95,109,3.0,13,275,6.124716758728027,2
1332,graficon38nodi/grafo3383.38,19,38,62,98,122,5.0,56,407,31.79584264755249,2
1333,graficon38nodi/grafo3758.38,19,38,56,99,117,4.0,29,268,4.477216005325317,2
1334,graficon63nodi/grafo4664.63,19,63,77,99,113,2.0,11,162,1.5722243785858154,2
1335,graficon46nodi/grafo3412.46,19,46,65,95,114,3.0,18,226,3.4660892486572266,2
1336,graficon44nodi/grafo7591.44,19,44,61,95,112,5.0,27,302,15.471233367919922,2
1337,graficon53nodi/grafo1482.53,19,53,67,96,110,2.0,14,257,2.051542043685913,2
1338,graficon43nodi/grafo6921.43,19,43,55,97,109,3.0,9,137,1.3592355251312256,2
1339,graficon41nodi/grafo6192.41,19,41,54,95,108,3.0,14,146,1.8926279544830322,2
1340,graficon51nodi/grafo7730.51,19,51,67,95,111,3.0,14,223,1.755000352859497,2
1341,graficon39nodi/grafo7581.39,19,39,51,96,108,2.0,8,152,1.105337381362915,2
1342,graficon62nodi/grafo4312.62,19,62,74,96,108,2.0,14,251,4.362346172332764,2
1343,graficon42nodi/grafo3476.42,19,42,60,99,117,3.0,15,249,7.885478496551514,2
1344,graficon41nodi/grafo7204.41,19,41,54,99,112,2.0,13,232,3.7670180797576904,2
1345,graficon44nodi/grafo3603.44,19,44,66,99,121,5.0,49,350,305.7476043701172,2
1346,graficon39nodi/grafo11495.39,19,39,52,95,108,2.0,9,161,0.6174190044403076,2
1347,graficon39nodi/grafo3474.39,19,39,51,95,107,3.0,11,241,3.4606852531433105,2
1348,graficon42nodi/grafo6308.42,19,42,62,96,116,3.0,23,366,5.227609395980835,2
1349,graficon40nodi/grafo5643.40,19,40,51,95,106,1.0,5,184,0.8897645473480225,2
1350,graficon39nodi/grafo5974.39,19,39,53,97,111,3.0,11,212,1.3228495121002197,2
1351,graficon41nodi/grafo6398.41,19,41,53,100,112,2.0,8,129,0.5368266105651855,2
1352,graficon53nodi/grafo5091.53,19,53,77,102,126,5.0,35,246,16.365283489227295,2
1353,graficon49nodi/grafo5078.49,19,49,64,100,115,3.0,8,152,1.0923776626586914,2
1354,graficon41nodi/grafo5565.41,19,41,53,102,114,2.0,10,194,2.046518325805664,2
1355,graficon56nodi/grafo3328.56,19,56,76,104,124,6.0,50,351,58.21615123748779,2
1356,graficon52nodi/grafo3755.52,19,52,72,104,124,4.0,24,236,9.22140622138977,2
1357,graficon65nodi/grafo9317.65,19,65,80,100,115,3.0,22,263,6.547883987426758,2
1358,graficon42nodi/grafo7572.42,19,42,50,101,109,1.0,5,136,0.5428214073181152,2
1359,graficon55nodi/grafo2141.55,19,55,76,102,123,4.0,28,333,28.54617190361023,2
1360,graficon47nodi/grafo1433.47,19,47,60,101,114,4.0,8,109,1.677598476409912,2
1361,graficon39nodi/grafo5798.39,19,39,55,104,120,3.0,12,177,1.7058799266815186,2
1362,graficon55nodi/grafo4475.55,19,55,67,101,113,1.0,6,144,0.5712244510650635,2
1363,graficon58nodi/grafo5350.58,19,58,74,104,120,5.0,28,398,18.157630920410156,2
1364,graficon71nodi/grafo9653.71,19,71,80,103,112,1.0,2,182,0.608797550201416,2
1365,graficon63nodi/grafo4351.63,19,63,78,101,116,3.0,30,517,25.34832000732422,2
1366,graficon54nodi/grafo3785.54,19,54,70,101,117,3.0,25,190,34.49101400375366,2
1367,graficon37nodi/grafo11284.37,19,37,50,101,114,1.0,5,61,0.18632721900939941,2
1368,graficon38nodi/grafo2726.38,19,38,53,101,116,2.0,12,235,1.738062858581543,2
1369,graficon62nodi/grafo6805.62,19,62,75,104,117,2.0,7,230,1.7288222312927246,2
1370,graficon67nodi/grafo9658.67,19,67,79,100,112,1.0,7,196,0.4336824417114258,2
1371,graficon60nodi/grafo3536.60,19,60,73,100,113,3.0,22,311,3.8378140926361084,2
1372,graficon57nodi/grafo7289.57,19,57,72,100,115,4.0,18,251,4.4979407787323,2
1373,graficon59nodi/grafo4281.59,19,59,76,102,119,3.0,17,300,10.760697364807129,2
1374,graficon40nodi/grafo5568.40,19,40,59,100,119,3.0,17,217,2.673461675643921,2
1375,graficon61nodi/grafo8051.61,19,61,73,102,114,1.0,9,145,1.1527597904205322,2
1376,graficon65nodi/grafo9375.65,19,65,76,102,113,2.0,6,216,1.2343640327453613,2
1377,graficon44nodi/grafo5352.44,19,44,70,100,126,7.0,61,553,38.719552755355835,2
1378,graficon47nodi/grafo5710.47,19,47,62,103,118,4.0,14,234,6.734161376953125,2
1379,graficon50nodi/grafo1392.50,19,50,63,103,116,2.0,9,180,1.343817949295044,2
1380,graficon42nodi/grafo7610.42,19,42,55,103,116,2.0,6,86,0.3791627883911133,2
1381,graficon40nodi/grafo6641.40,19,40,54,100,114,1.0,7,104,0.45884156227111816,2
1382,graficon57nodi/grafo4452.57,19,57,76,104,123,7.0,18,225,4.094221591949463,2
1383,graficon48nodi/grafo6289.48,19,48,65,104,121,2.0,15,270,4.093721151351929,2
1384,graficon39nodi/grafo3375.39,19,39,59,103,123,4.0,21,202,3.2135274410247803,2
1385,graficon45nodi/grafo7623.45,19,45,62,104,121,4.0,28,204,20.15725302696228,2
1386,graficon57nodi/grafo7770.57,19,57,69,102,114,2.0,7,226,2.778032064437866,2
1387,graficon46nodi/grafo6166.46,19,46,66,102,122,4.0,29,210,22.254746675491333,2
1388,graficon45nodi/grafo7391.45,19,45,61,100,116,3.0,18,223,5.534503936767578,2
1389,graficon48nodi/grafo7135.48,19,48,68,104,124,6.0,30,414,19.956465482711792,2
1390,graficon59nodi/grafo6718.59,19,59,73,103,117,2.0,9,255,1.5633525848388672,2
1391,graficon36nodi/grafo2877.36,19,36,53,101,118,3.0,13,173,1.6915907859802246,2
1392,graficon42nodi/grafo7744.42,19,42,52,100,110,1.0,5,88,0.14939403533935547,2
1393,graficon55nodi/grafo3834.55,19,55,80,103,128,3.0,35,275,32.35789370536804,2
1394,graficon50nodi/grafo1307.50,19,50,71,104,125,4.0,42,430,29.38634490966797,2
1395,graficon42nodi/grafo7026.42,19,42,55,101,114,4.0,9,114,0.8440947532653809,2
1396,graficon42nodi/grafo7261.42,19,42,62,100,120,4.0,29,325,15.393300533294678,2
1397,graficon56nodi/grafo5341.56,19,56,79,101,124,4.0,42,310,36.4396333694458,2
1398,graficon56nodi/grafo4651.56,19,56,76,101,121,4.0,31,344,13.745902061462402,2
1399,graficon35nodi/grafo5493.35,19,35,53,100,118,3.0,20,228,3.839024066925049,2
1400,graficon54nodi/grafo3748.54,19,54,73,104,123,4.0,30,262,337.6990821361542,2
1401,graficon56nodi/grafo1205.56,19,56,75,100,119,4.0,27,254,7.005720853805542,2
1402,graficon56nodi/grafo7738.56,19,56,79,102,125,5.0,32,380,26.12140130996704,2
1403,graficon61nodi/grafo3257.61,19,61,82,102,123,4.0,41,515,73.52261543273926,2
1404,graficon48nodi/grafo2254.48,19,48,66,102,120,3.0,19,270,10.927291631698608,2
1405,graficon42nodi/grafo5550.42,19,42,57,101,116,2.0,17,229,1.917804479598999,2
1406,graficon58nodi/grafo6722.58,19,58,69,103,114,2.0,15,225,2.1541860103607178,2
1407,graficon50nodi/grafo6775.50,19,50,63,101,114,2.0,12,297,3.0404860973358154,2
1408,graficon56nodi/grafo6630.56,19,56,68,103,115,3.0,20,271,8.728166818618774,2
1409,graficon51nodi/grafo7550.51,19,51,66,102,117,3.0,18,250,3.1073291301727295,2
1410,graficon55nodi/grafo4367.55,19,55,72,103,120,3.0,10,163,1.509605884552002,2
1411,graficon40nodi/grafo7165.40,19,40,55,102,117,4.0,22,218,12.07743215560913,2
1412,graficon67nodi/grafo6272.67,19,67,72,100,105,1.0,1,90,0.06999635696411133,2
1413,graficon51nodi/grafo3484.51,19,51,68,104,121,5.0,30,247,17.19909691810608,2
1414,graficon53nodi/grafo2794.53,19,53,73,104,124,6.0,30,341,16.959272146224976,2
1415,graficon49nodi/grafo4734.49,19,49,59,101,111,1.0,3,129,0.6501317024230957,2
1416,graficon50nodi/grafo5745.50,19,50,75,101,126,5.0,49,274,222.92361545562744,2
1417,graficon63nodi/grafo1570.63,19,63,74,100,111,3.0,13,200,2.106490135192871,2
1418,graficon39nodi/grafo11671.39,19,39,52,101,114,4.0,9,149,1.6975655555725098,2
1419,graficon67nodi/grafo1617.67,19,67,80,103,116,2.0,10,162,2.405405044555664,2
1420,graficon39nodi/grafo5762.39,19,39,59,103,123,4.0,19,215,4.186056137084961,2
1421,graficon54nodi/grafo4467.54,19,54,69,102,117,3.0,8,254,1.6325809955596924,2
1422,graficon36nodi/grafo5175.36,19,36,45,101,110,2.0,5,85,0.26583242416381836,2
1423,graficon49nodi/grafo5220.49,19,49,64,100,115,4.0,14,322,4.571398973464966,2
1424,graficon57nodi/grafo5032.57,19,57,69,101,113,2.0,6,240,1.850235939025879,2
1425,graficon44nodi/grafo5221.44,19,44,57,102,115,2.0,14,146,1.4070029258728027,2
1426,graficon42nodi/grafo10008.42,19,42,61,107,126,3.0,15,221,1.9451045989990234,2
1427,graficon44nodi/grafo3501.44,19,44,63,106,125,4.0,25,317,12.603498220443726,2
1428,graficon55nodi/grafo4528.55,19,55,67,106,118,2.0,5,156,0.7566120624542236,2
1429,graficon45nodi/grafo7219.45,19,45,59,108,122,3.0,14,224,4.268949031829834,2
1430,graficon39nodi/grafo5763.39,19,39,54,109,124,2.0,7,134,1.182006597518921,2
1431,graficon55nodi/grafo1361.55,19,55,66,106,117,2.0,8,283,1.059976577758789,2
1432,graficon45nodi/grafo7555.45,19,45,58,106,119,2.0,7,136,0.8357410430908203,2
1433,graficon54nodi/grafo7407.54,19,54,66,105,117,3.0,12,215,4.210374355316162,2
1434,graficon57nodi/grafo5924.57,19,57,74,105,122,3.0,15,217,2.6674234867095947,2
1435,graficon44nodi/grafo6229.44,19,44,56,107,119,2.0,6,109,0.5418989658355713,2
1436,graficon43nodi/grafo6343.43,19,43,55,106,118,2.0,10,138,1.7512900829315186,2
1437,graficon48nodi/grafo6544.48,19,48,61,105,118,2.0,14,217,3.851102590560913,2
1438,graficon62nodi/grafo1215.62,19,62,82,105,125,5.0,42,351,36.26883125305176,2
1439,graficon51nodi/grafo3726.51,19,51,70,105,124,3.0,24,211,12.342180252075195,2
1440,graficon64nodi/grafo9460.64,19,64,78,107,121,3.0,15,296,9.667844533920288,2
1441,graficon47nodi/grafo5255.47,19,47,64,106,123,3.0,16,272,4.368968486785889,2
1442,graficon61nodi/grafo4491.61,19,61,79,109,127,2.0,17,174,3.1246838569641113,2
1443,graficon44nodi/grafo5130.44,19,44,56,106,118,3.0,13,169,1.8749699592590332,2
1444,graficon45nodi/grafo6438.45,19,45,58,105,118,2.0,9,209,1.9939091205596924,2
1445,graficon53nodi/grafo4079.53,19,53,62,107,116,2.0,9,121,1.086815595626831,2
1446,graficon40nodi/grafo10057.40,19,40,59,106,125,5.0,40,269,73.34315800666809,2
1447,graficon52nodi/grafo7181.52,19,52,81,109,138,5.0,50,422,131.5798544883728,2
1448,graficon46nodi/grafo5473.46,19,46,64,106,124,3.0,17,267,4.0284788608551025,2
1449,graficon46nodi/grafo6674.46,19,46,62,107,123,3.0,15,213,2.4642210006713867,2
1450,graficon51nodi/grafo4756.51,19,51,70,109,128,3.0,22,306,5.3896496295928955,2
1451,graficon38nodi/grafo11400.38,19,38,49,109,120,1.0,7,115,0.30219197273254395,2
1452,graficon43nodi/grafo6348.43,19,43,56,108,121,4.0,13,240,1.8404223918914795,2
1453,graficon36nodi/grafo6109.36,19,36,52,106,122,2.0,12,191,2.637767791748047,2
1454,graficon53nodi/grafo4167.53,19,53,69,106,122,3.0,17,200,4.082046031951904,2
1455,graficon66nodi/grafo9206.66,19,66,84,109,127,4.0,30,242,33.15233135223389,2
1456,graficon58nodi/grafo3235.58,19,58,71,109,122,3.0,14,282,3.449000597000122,2
1457,graficon48nodi/grafo6554.48,19,48,70,107,129,5.0,46,383,21.42739224433899,2
1458,graficon60nodi/grafo1192.60,19,60,79,106,125,5.0,34,270,14.461851835250854,2
1459,graficon46nodi/grafo6771.46,19,46,55,107,116,2.0,5,133,0.624805212020874,2
1460,graficon40nodi/grafo5231.40,19,40,56,108,124,3.0,14,227,4.488599538803101,2
1461,graficon38nodi/grafo6547.38,19,38,64,107,133,5.0,57,311,145.84364414215088,2
1462,graficon59nodi/grafo3194.59,19,59,67,106,114,1.0,3,138,0.2594428062438965,2
1463,graficon47nodi/grafo6384.47,19,47,72,108,133,5.0,40,351,40.59642481803894,2
1464,graficon42nodi/grafo7389.42,19,42,62,109,129,3.0,23,247,7.501899242401123,2
1465,graficon54nodi/grafo7090.54,19,54,72,107,125,4.0,26,398,30.043787717819214,2
1466,graficon43nodi/grafo3227.43,19,43,65,108,130,4.0,27,316,7.086322784423828,2
1467,graficon44nodi/grafo7751.44,19,44,58,105,119,2.0,9,117,1.0513300895690918,2
1468,graficon40nodi/grafo7767.40,19,40,54,107,121,2.0,8,100,0.7014234066009521,2
1469,graficon49nodi/grafo7010.49,19,49,67,106,124,3.0,14,185,1.902061939239502,2
1470,graficon60nodi/grafo4421.60,19,60,73,106,119,2.0,14,285,6.745481967926025,2
1471,graficon52nodi/grafo1431.52,19,52,70,109,127,4.0,15,190,1.6841883659362793,2
1472,graficon48nodi/grafo6390.48,19,48,65,109,126,3.0,16,201,3.109283685684204,2
1473,graficon46nodi/grafo5713.46,19,46,66,105,125,2.0,23,198,6.9083571434021,2
1474,graficon55nodi/grafo5960.55,19,55,79,108,132,7.0,57,586,67.17720484733582,2
1475,graficon55nodi/grafo4161.55,19,55,73,106,124,9.0,25,311,15.619441509246826,2
1476,graficon37nodi/grafo3359.37,19,37,58,109,130,5.0,18,287,3.889711380004883,2
1477,graficon52nodi/grafo5150.52,19,52,70,107,125,5.0,16,268,4.87091064453125,2
1478,graficon55nodi/grafo4967.55,19,55,66,109,120,2.0,10,190,3.6270835399627686,2
1479,graficon49nodi/grafo2656.49,19,49,59,107,117,1.0,6,169,1.0232017040252686,2
1480,graficon44nodi/grafo7259.44,19,44,61,105,122,5.0,14,173,1.78238844871521,2
1481,graficon45nodi/grafo6396.45,19,45,65,108,128,4.0,23,213,6.668611288070679,2
1482,graficon47nodi/grafo3730.47,19,47,63,107,123,3.0,11,203,3.10349440574646,2
1483,graficon47nodi/grafo2478.47,19,47,62,105,120,4.0,18,289,5.732140302658081,2
1484,graficon59nodi/grafo6030.59,19,59,80,105,126,4.0,28,310,18.212527990341187,2
1485,graficon47nodi/grafo6696.47,19,47,66,106,125,4.0,22,236,5.729039192199707,2
1486,graficon60nodi/grafo5223.60,19,60,83,105,128,6.0,51,603,80.77672076225281,2
1487,graficon40nodi/grafo4038.40,19,40,53,107,120,2.0,9,151,1.4304234981536865,2
1488,graficon57nodi/grafo4177.57,19,57,76,107,126,3.0,19,399,13.238630056381226,2
1489,graficon57nodi/grafo5329.57,19,57,71,106,120,2.0,9,211,2.0371038913726807,2
1490,graficon57nodi/grafo5849.57,19,57,81,106,130,4.0,33,305,96.7901394367218,2
1491,graficon58nodi/grafo1501.58,19,58,72,108,122,1.0,5,152,0.24186325073242188,2
1492,graficon61nodi/grafo9391.61,19,61,78,107,124,4.0,18,185,3.5310938358306885,2
1493,graficon55nodi/grafo3352.55,19,55,69,108,122,2.0,8,165,1.542750597000122,2
1494,graficon38nodi/grafo3917.38,19,38,58,105,125,3.0,25,336,15.58993911743164,2
1495,graficon65nodi/grafo9118.65,19,65,84,105,124,2.0,11,311,3.604550838470459,2
1496,graficon59nodi/grafo5083.59,19,59,71,106,118,3.0,16,376,6.651123046875,2
1497,graficon41nodi/grafo5811.41,19,41,59,105,123,4.0,27,241,6.519858121871948,2
1498,graficon52nodi/grafo3185.52,19,52,76,108,132,4.0,33,253,13.256598234176636,2
1499,graficon61nodi/grafo6898.61,19,61,72,109,120,1.0,10,224,2.9087305068969727,2
1500,graficon49nodi/grafo6707.49,19,49,64,106,121,4.0,21,246,7.58754563331604,2
1501,graficon37nodi/grafo4080.37,19,37,57,112,132,5.0,27,365,13.334908962249756,2
1502,graficon54nodi/grafo1328.54,19,54,71,112,129,2.0,18,322,3.6306402683258057,2
1503,graficon56nodi/grafo4416.56,19,56,70,114,128,3.0,14,175,2.0609190464019775,2
1504,graficon59nodi/grafo4386.59,19,59,73,111,125,2.0,9,210,1.578418254852295,2
1505,graficon54nodi/grafo4332.54,19,54,69,111,126,3.0,15,189,5.915636777877808,2
1506,graficon35nodi/grafo5351.35,19,35,51,111,127,3.0,9,167,1.0620505809783936,2
1507,graficon56nodi/grafo4275.56,19,56,76,113,133,4.0,28,263,13.809659004211426,2
1508,graficon59nodi/grafo6792.59,19,59,76,114,131,4.0,26,355,25.340588569641113,2
1509,graficon69nodi/grafo7584.69,19,69,80,114,125,2.0,12,195,3.485684633255005,2
1510,graficon51nodi/grafo6893.51,19,51,68,114,131,3.0,15,234,5.6542675495147705,2
1511,graficon58nodi/grafo5098.58,19,58,79,112,133,5.0,49,650,34.91845202445984,2
1512,graficon64nodi/grafo7471.64,19,64,76,110,122,3.0,12,303,2.2055885791778564,2
1513,graficon74nodi/grafo8685.74,19,74,94,114,134,7.0,19,443,20.205249071121216,2
1514,graficon47nodi/grafo7236.47,19,47,70,111,134,5.0,31,376,18.52449631690979,2
1515,graficon60nodi/grafo4548.60,19,60,72,112,124,5.0,21,298,25.14965009689331,2
1516,graficon64nodi/grafo4288.64,19,64,81,111,128,2.0,18,289,9.281685829162598,2
1517,graficon77nodi/grafo8372.77,19,77,85,112,120,2.0,8,306,5.915932655334473,2
1518,graficon61nodi/grafo5418.61,19,61,82,112,133,4.0,16,451,7.791999340057373,2
1519,graficon59nodi/grafo4463.59,19,59,76,114,131,3.0,10,288,1.9641313552856445,2
1520,graficon58nodi/grafo4889.58,19,58,77,111,130,4.0,28,350,30.724215030670166,2
1521,graficon55nodi/grafo4661.55,19,55,69,111,125,2.0,15,195,3.132007122039795,2
1522,graficon43nodi/grafo5950.43,19,43,56,112,125,3.0,8,131,1.091695785522461,2
1523,graficon44nodi/grafo5404.44,19,44,60,113,129,2.0,13,250,3.3436994552612305,2
1524,graficon59nodi/grafo6503.59,19,59,73,111,125,3.0,12,157,3.2139384746551514,2
1525,graficon35nodi/grafo5852.35,19,35,50,112,127,2.0,7,90,1.077031135559082,2
1526,graficon55nodi/grafo4318.55,19,55,81,114,140,6.0,46,445,32.896480083465576,2
1527,graficon63nodi/grafo9365.63,19,63,83,110,130,4.0,23,405,25.796892881393433,2
1528,graficon39nodi/grafo2982.39,19,39,52,112,125,2.0,7,146,1.0276753902435303,2
1529,graficon58nodi/grafo6031.58,19,58,82,113,137,5.0,37,504,54.7969446182251,2
1530,graficon40nodi/grafo3131.40,19,40,53,112,125,3.0,12,210,2.450063705444336,2
1531,graficon66nodi/grafo1564.66,19,66,85,114,133,4.0,16,288,8.708029985427856,2
1532,graficon44nodi/grafo6276.44,19,44,62,112,130,3.0,11,141,1.7588458061218262,2
1533,graficon65nodi/grafo9158.65,19,65,87,114,136,4.0,47,427,58.09932589530945,2
1534,graficon61nodi/grafo3853.61,19,61,79,113,131,3.0,27,298,22.14771270751953,2
1535,graficon61nodi/grafo9775.61,19,61,79,113,131,2.0,16,435,13.57034683227539,2
1536,graficon43nodi/grafo3947.43,19,43,63,114,134,2.0,11,256,1.4999630451202393,2
1537,graficon42nodi/grafo7666.42,19,42,63,111,132,4.0,26,321,21.417765140533447,2
1538,graficon72nodi/grafo8975.72,19,72,87,112,127,3.0,28,431,162.9911825656891,2
1539,graficon51nodi/grafo4726.51,19,51,67,110,126,2.0,9,397,8.660634994506836,2
1540,graficon46nodi/grafo5659.46,19,46,60,110,124,2.0,11,213,1.5278050899505615,2
1541,graficon63nodi/grafo2914.63,19,63,80,111,128,3.0,30,265,28.28444480895996,2
1542,graficon58nodi/grafo5008.58,19,58,77,114,133,2.0,24,267,8.9134361743927,2
1543,graficon59nodi/grafo6791.59,19,59,76,114,131,4.0,26,355,24.66625475883484,2
1544,graficon53nodi/grafo1262.53,19,53,74,114,135,7.0,40,368,41.2876398563385,2
1545,graficon56nodi/grafo6350.56,19,56,74,114,132,6.0,20,299,7.720719575881958,2
1546,graficon36nodi/grafo3241.36,19,36,47,110,121,2.0,8,112,0.9460470676422119,2
1547,graficon52nodi/grafo3628.52,19,52,71,114,133,4.0,13,296,3.016279935836792,2
1548,graficon40nodi/grafo4021.40,19,40,51,111,122,3.0,8,105,0.7877357006072998,2
1549,graficon60nodi/grafo5483.60,19,60,75,113,128,3.0,7,317,2.973343849182129,2
1550,graficon42nodi/grafo5183.42,19,42,58,110,126,3.0,16,203,5.926867246627808,2
1551,graficon62nodi/grafo4952.62,19,62,78,110,126,3.0,16,315,7.169837474822998,2
1552,graficon44nodi/grafo6968.44,19,44,67,112,135,5.0,24,251,2.5944979190826416,2
1553,graficon46nodi/grafo6553.46,19,46,66,111,131,2.0,14,215,3.1258583068847656,2
1554,graficon56nodi/grafo6546.56,19,56,70,113,127,2.0,9,222,4.57538914680481,2
1555,graficon55nodi/grafo7054.55,19,55,79,112,136,5.0,41,403,117.73658323287964,2
1556,graficon62nodi/grafo6494.62,19,62,81,111,130,4.0,31,323,21.00925898551941,2
1557,graficon56nodi/grafo4322.56,19,56,78,113,135,4.0,33,302,21.360543251037598,2
1558,graficon62nodi/grafo7772.62,19,62,79,113,130,3.0,19,273,11.468444108963013,2
1559,graficon61nodi/grafo4616.61,19,61,81,111,131,3.0,21,342,17.26684260368347,2
1560,graficon63nodi/grafo4884.63,19,63,86,113,136,7.0,30,504,18.79143500328064,2
1561,graficon38nodi/grafo10618.38,19,38,54,113,129,3.0,21,183,6.599563360214233,2
1562,graficon52nodi/grafo6715.52,19,52,72,110,130,4.0,27,410,29.35376811027527,2
1563,graficon41nodi/grafo4031.41,19,41,62,111,132,3.0,23,244,5.0110814571380615,2
1564,graficon53nodi/grafo5040.53,19,53,72,112,131,3.0,21,363,12.211907625198364,2
1565,graficon63nodi/grafo4162.63,19,63,81,113,131,3.0,20,355,14.683674812316895,2
1566,graficon53nodi/grafo4750.53,19,53,64,113,124,2.0,6,136,0.6622252464294434,2
1567,graficon37nodi/grafo5965.37,19,37,52,113,128,3.0,10,173,2.0570359230041504,2
1568,graficon41nodi/grafo149.41,19,41,54,111,124,2.0,9,157,1.4885239601135254,2
1569,graficon68nodi/grafo4896.68,19,68,86,114,132,3.0,20,196,5.135207653045654,2
1570,graficon48nodi/grafo6561.48,19,48,68,111,131,3.0,15,321,7.230593204498291,2
1571,graficon64nodi/grafo9060.64,19,64,81,112,129,4.0,26,296,34.985517263412476,2
1572,graficon44nodi/grafo4022.44,19,44,63,113,132,2.0,17,288,6.780103445053101,2
1573,graficon39nodi/grafo3142.39,19,39,52,111,124,2.0,10,171,1.8745834827423096,2
1574,graficon64nodi/grafo9057.64,19,64,85,114,135,4.0,33,336,25.736863374710083,2
1575,graficon38nodi/grafo7492.38,19,38,57,111,130,4.0,28,287,13.824003219604492,2
1576,graficon56nodi/grafo1366.56,19,56,70,115,129,1.0,6,191,0.9095008373260498,2
1577,graficon57nodi/grafo4130.57,19,57,79,117,139,5.0,39,408,226.04539728164673,2
1578,graficon55nodi/grafo6661.55,19,55,72,117,134,2.0,13,202,1.9178709983825684,2
1579,graficon59nodi/grafo1342.59,19,59,70,117,128,2.0,13,245,6.720465660095215,2
1580,graficon64nodi/grafo9594.64,19,64,86,117,139,4.0,31,311,30.56858730316162,2
1581,graficon57nodi/grafo6107.57,19,57,75,119,137,2.0,22,313,15.836571455001831,2
1582,graficon64nodi/grafo9467.64,19,64,75,117,128,2.0,8,177,1.5685913562774658,2
1583,graficon68nodi/grafo9749.68,19,68,82,119,133,2.0,14,307,8.117742538452148,2
1584,graficon56nodi/grafo1480.56,19,56,77,118,139,5.0,52,398,77.05331325531006,2
1585,graficon37nodi/grafo11566.37,19,37,53,116,132,3.0,12,153,2.063917398452759,2
1586,graficon62nodi/grafo5406.62,19,62,77,117,132,2.0,14,202,3.562012195587158,2
1587,graficon71nodi/grafo8270.71,19,71,91,118,138,3.0,23,247,17.863394737243652,2
1588,graficon54nodi/grafo5311.54,19,54,74,115,135,5.0,27,486,24.86130452156067,2
1589,graficon59nodi/grafo4198.59,19,59,75,115,131,4.0,24,314,10.200448989868164,2
1590,graficon51nodi/grafo6747.51,19,51,65,118,132,3.0,11,183,2.326673984527588,2
1591,graficon68nodi/grafo6622.68,19,68,77,115,124,1.0,4,173,0.36020469665527344,2
1592,graficon64nodi/grafo4563.64,19,64,87,118,141,6.0,58,508,119.91487383842468,2
1593,graficon64nodi/grafo5788.64,19,64,77,117,130,3.0,15,254,7.31650447845459,2
1594,graficon67nodi/grafo6909.67,19,67,77,115,125,2.0,13,189,4.118391513824463,2
1595,graficon53nodi/grafo4003.53,19,53,72,118,137,4.0,23,256,20.468296766281128,2
1596,graficon54nodi/grafo6872.54,19,54,76,119,141,5.0,53,366,315.8278696537018,2
1597,graficon57nodi/grafo6269.57,19,57,75,118,136,4.0,32,322,90.42817163467407,2
1598,graficon58nodi/grafo4723.58,19,58,70,118,130,2.0,5,230,1.4806668758392334,2
1599,graficon45nodi/grafo6297.45,19,45,60,115,130,2.0,11,153,1.7821903228759766,2
1600,graficon39nodi/grafo9974.39,19,39,55,117,133,1.0,5,133,0.6105935573577881,2
1601,graficon55nodi/grafo4894.55,19,55,76,116,137,3.0,21,234,6.55666184425354,2
1602,graficon43nodi/grafo5515.43,19,43,64,116,137,4.0,30,339,22.72851848602295,2
1603,graficon52nodi/grafo3810.52,19,52,64,115,127,3.0,13,161,4.246044874191284,2
1604,graficon62nodi/grafo4293.62,19,62,77,115,130,3.0,19,372,8.829741954803467,2
1605,graficon57nodi/grafo3957.57,19,57,80,119,142,4.0,35,335,17.099073886871338,2
1606,graficon42nodi/grafo5345.42,19,42,55,118,131,2.0,6,150,1.4360170364379883,2
1607,graficon44nodi/grafo7605.44,19,44,65,118,139,4.0,17,261,3.1222269535064697,2
1608,graficon47nodi/grafo6300.47,19,47,72,117,142,5.0,42,349,600.4687535762787,9
1609,graficon63nodi/grafo9652.63,19,63,75,118,130,2.0,12,201,3.998469591140747,2
1610,graficon53nodi/grafo5729.53,19,53,75,115,137,5.0,35,357,8.055527210235596,2
1611,graficon58nodi/grafo6690.58,19,58,70,116,128,3.0,7,220,1.1783339977264404,2
1612,graficon75nodi/grafo6954.75,19,75,90,117,132,4.0,16,219,13.56839895248413,2
1613,graficon51nodi/grafo3507.51,19,51,71,117,137,3.0,29,296,18.48808217048645,2
1614,graficon41nodi/grafo7137.41,19,41,59,115,133,3.0,18,176,6.113025426864624,2
1615,graficon69nodi/grafo8347.69,19,69,76,119,126,1.0,3,170,0.5787427425384521,2
1616,graficon64nodi/grafo4722.64,19,64,80,119,135,2.0,14,215,2.330963611602783,2
1617,graficon44nodi/grafo5243.44,19,44,61,118,135,3.0,18,251,3.5049867630004883,2
1618,graficon51nodi/grafo4766.51,19,51,73,117,139,3.0,20,306,8.733211040496826,2
1619,graficon45nodi/grafo7039.45,19,45,63,116,134,2.0,10,237,1.8689415454864502,2
1620,graficon66nodi/grafo1414.66,19,66,82,118,134,3.0,18,288,18.046074151992798,2
1621,graficon48nodi/grafo7601.48,19,48,64,118,134,3.0,18,204,5.656602144241333,2
1622,graficon63nodi/grafo9085.63,19,63,82,119,138,5.0,24,346,13.340832233428955,2
1623,graficon56nodi/grafo4621.56,19,56,67,119,130,3.0,10,161,0.9240012168884277,2
1624,graficon63nodi/grafo7961.63,19,63,76,117,130,2.0,6,233,1.2846496105194092,2
1625,graficon56nodi/grafo3760.56,19,56,69,115,128,1.0,8,156,0.7825603485107422,2
1626,graficon58nodi/grafo5173.58,19,58,83,115,140,4.0,37,372,55.13142228126526,2
1627,graficon43nodi/grafo6391.43,19,43,62,119,138,5.0,25,313,22.4181547164917,2
1628,graficon37nodi/grafo5229.37,19,37,53,115,131,3.0,13,179,1.8592591285705566,2
1629,graficon67nodi/grafo9070.67,19,67,88,116,137,4.0,40,388,66.8076012134552,2
1630,graficon76nodi/grafo8078.76,19,76,98,117,139,6.0,55,479,477.23381519317627,2
1631,graficon65nodi/grafo1527.65,19,65,77,117,129,2.0,9,196,1.6350464820861816,2
1632,graficon37nodi/grafo6959.37,19,37,55,117,135,2.0,10,128,1.278824806213379,2
1633,graficon46nodi/grafo6724.46,19,46,66,118,138,3.0,24,252,122.14507293701172,2
1634,graficon43nodi/grafo5987.43,19,43,63,117,137,4.0,31,223,4.720718860626221,2
1635,graficon64nodi/grafo9098.64,19,64,80,117,133,2.0,15,232,2.151580810546875,2
1636,graficon54nodi/grafo3460.54,19,54,82,117,145,5.0,54,645,91.37998557090759,2
1637,graficon50nodi/grafo4869.50,19,50,69,117,136,3.0,18,234,5.052333354949951,2
1638,graficon44nodi/grafo4017.44,19,44,60,118,134,4.0,16,213,5.8696112632751465,2
1639,graficon61nodi/grafo9367.61,19,61,77,117,133,6.0,14,336,8.133474349975586,2
1640,graficon37nodi/grafo6698.37,19,37,54,118,135,3.0,13,153,2.1045236587524414,2
1641,graficon66nodi/grafo4656.66,19,66,81,119,134,2.0,15,263,8.753346920013428,2
1642,graficon52nodi/grafo4874.52,19,52,70,119,137,2.0,7,314,2.413421630859375,2
1643,graficon57nodi/grafo6446.57,19,57,68,116,127,2.0,4,164,1.0867972373962402,2
1644,graficon57nodi/grafo1567.57,19,57,74,118,135,3.0,14,185,2.488208770751953,2
1645,graficon60nodi/grafo7536.60,19,60,76,119,135,3.0,24,335,17.280076265335083,2
1646,graficon62nodi/grafo9405.62,19,62,82,117,137,4.0,33,542,45.364370822906494,2
1647,graficon58nodi/grafo4605.58,19,58,84,118,144,6.0,52,596,76.17840528488159,2
1648,graficon39nodi/grafo3902.39,19,39,53,116,130,8.0,13,194,1.6845920085906982,2
1649,graficon46nodi/grafo6228.46,19,46,62,116,132,3.0,22,313,6.097967624664307,2
1650,graficon63nodi/grafo6941.63,19,63,82,116,135,4.0,24,201,18.086829900741577,2
1651,graficon58nodi/grafo5389.58,19,58,84,122,148,5.0,47,462,125.60975456237793,2
1652,graficon52nodi/grafo3704.52,19,52,70,121,139,4.0,24,320,16.220463275909424,2
1653,graficon60nodi/grafo5914.60,19,60,82,124,146,5.0,47,467,239.86658453941345,2
1654,graficon58nodi/grafo4730.58,19,58,86,123,151,4.0,33,539,33.18399167060852,2
1655,graficon68nodi/grafo8028.68,19,68,94,121,147,7.0,73,588,600.9854500293732,9
1656,graficon47nodi/grafo3846.47,19,47,65,124,142,2.0,14,304,2.4271178245544434,2
1657,graficon46nodi/grafo6790.46,19,46,74,121,149,7.0,52,513,266.4356367588043,2
1658,graficon73nodi/grafo6710.73,19,73,94,124,145,5.0,40,483,27.951564073562622,2
1659,graficon59nodi/grafo7328.59,19,59,71,120,132,2.0,8,164,0.8344564437866211,2
1660,graficon46nodi/grafo7399.46,19,46,63,123,140,3.0,15,173,6.530726909637451,2
1661,graficon76nodi/grafo7967.76,19,76,100,121,145,5.0,46,761,81.49931406974792,2
1662,graficon67nodi/grafo8050.67,19,67,86,123,142,3.0,23,381,36.83045434951782,2
1663,graficon42nodi/grafo6310.42,19,42,63,122,143,3.0,22,252,9.718453407287598,2
1664,graficon56nodi/grafo3658.56,19,56,78,124,146,9.0,46,394,51.47194814682007,2
1665,graficon62nodi/grafo4245.62,19,62,84,121,143,4.0,34,274,40.490633726119995,2
1666,graficon77nodi/grafo4554.77,19,77,99,124,146,6.0,53,457,151.19609212875366,2
1667,graficon60nodi/grafo4856.60,19,60,80,122,142,3.0,23,298,13.46287751197815,2
1668,graficon53nodi/grafo4505.53,19,53,69,120,136,2.0,7,165,2.19599986076355,2
1669,graficon43nodi/grafo5443.43,19,43,59,122,138,3.0,16,204,5.559324026107788,2
1670,graficon51nodi/grafo6475.51,19,51,66,122,137,3.0,16,170,3.3910224437713623,2
1671,graficon47nodi/grafo7084.47,19,47,65,124,142,3.0,14,222,8.68589997291565,2
1672,graficon75nodi/grafo8507.75,19,75,88,123,136,2.0,11,177,40.905030727386475,2
1673,graficon48nodi/grafo1416.48,19,48,62,124,138,2.0,8,176,1.1876206398010254,2
1674,graficon63nodi/grafo9234.63,19,63,87,120,144,6.0,39,375,50.060808420181274,2
1675,graficon51nodi/grafo4154.51,19,51,65,121,135,2.0,10,222,2.63871693611145,2
1676,graficon62nodi/grafo4988.62,19,62,78,121,137,3.0,23,282,139.1830542087555,2
1677,graficon61nodi/grafo6131.61,19,61,79,123,141,3.0,14,403,16.241553783416748,2
1678,graficon44nodi/grafo6911.44,19,44,59,124,139,2.0,6,126,0.7012557983398438,2
1679,graficon58nodi/grafo3448.58,19,58,85,124,151,5.0,42,422,76.59317898750305,2
1680,graficon60nodi/grafo8115.60,19,60,74,120,134,3.0,22,311,20.183987379074097,2
1681,graficon55nodi/grafo3950.55,19,55,74,121,140,3.0,19,275,17.589069366455078,2
1682,graficon64nodi/grafo9659.64,19,64,82,122,140,4.0,27,313,25.628971815109253,2
1683,graficon44nodi/grafo3705.44,19,44,57,120,133,1.0,7,149,1.6019930839538574,2
1684,graficon61nodi/grafo4313.61,19,61,89,120,148,4.0,42,312,184.35527992248535,2
1685,graficon57nodi/grafo3991.57,19,57,81,120,144,6.0,40,428,30.307143926620483,2
1686,graficon46nodi/grafo7405.46,19,46,64,123,141,3.0,24,242,13.194470167160034,2
1687,graficon57nodi/grafo3791.57,19,57,78,123,144,3.0,33,330,31.11796236038208,2
1688,graficon43nodi/grafo3269.43,19,43,58,122,137,2.0,9,186,1.5555963516235352,2
1689,graficon39nodi/grafo6026.39,19,39,61,122,144,3.0,14,181,2.798323154449463,2
1690,graficon62nodi/grafo9822.62,19,62,89,124,151,6.0,60,503,364.48333859443665,2
1691,graficon49nodi/grafo4046.49,19,49,67,122,140,3.0,13,267,8.774495124816895,2
1692,graficon55nodi/grafo3346.55,19,55,74,122,141,3.0,15,273,5.092539072036743,2
1693,graficon56nodi/grafo4940.56,19,56,72,121,137,3.0,13,289,3.5166842937469482,2
1694,graficon57nodi/grafo4083.57,19,57,78,124,145,3.0,29,293,22.76504397392273,2
1695,graficon46nodi/grafo3636.46,19,46,62,121,137,3.0,12,243,2.843163251876831,2
1696,graficon55nodi/grafo4394.55,19,55,76,124,145,4.0,26,302,50.63685870170593,2
1697,graficon42nodi/grafo6004.42,19,42,60,121,139,3.0,10,183,2.064671039581299,2
1698,graficon61nodi/grafo4331.61,19,61,78,124,141,3.0,13,233,2.1303939819335938,2
1699,graficon69nodi/grafo7284.69,19,69,87,121,139,3.0,27,245,11.164493083953857,2
1700,graficon55nodi/grafo3598.55,19,55,73,122,140,3.0,21,261,16.249855041503906,2
1701,graficon55nodi/grafo4356.55,19,55,73,120,138,4.0,17,186,5.581960916519165,2
1702,graficon61nodi/grafo5755.61,19,61,85,124,148,5.0,44,354,57.677666664123535,2
1703,graficon38nodi/grafo11236.38,19,38,52,124,138,2.0,5,127,0.6360278129577637,2
1704,graficon56nodi/grafo5089.56,19,56,83,123,150,4.0,40,268,600.5402839183807,9
1705,graficon46nodi/grafo7386.46,19,46,66,122,142,3.0,26,322,24.202826738357544,2
1706,graficon60nodi/grafo8159.60,19,60,85,122,147,5.0,31,478,35.9894015789032,2
1707,graficon61nodi/grafo3564.61,19,61,79,124,142,4.0,34,416,79.92639303207397,2
1708,graficon66nodi/grafo8771.66,19,66,88,123,145,4.0,22,273,12.01351547241211,2
1709,graficon56nodi/grafo5055.56,19,56,77,124,145,3.0,29,366,11.306719541549683,2
1710,graficon58nodi/grafo4280.58,19,58,75,120,137,2.0,16,293,11.064632415771484,2
1711,graficon69nodi/grafo4408.69,19,69,91,121,143,6.0,34,518,63.347968101501465,2
1712,graficon53nodi/grafo6767.53,19,53,73,121,141,3.0,25,416,39.59130358695984,2
1713,graficon63nodi/grafo4642.63,19,63,84,124,145,4.0,30,321,36.48049759864807,2
1714,graficon61nodi/grafo8562.61,19,61,80,122,141,4.0,25,292,7.221013784408569,2
1715,graficon37nodi/grafo3533.37,19,37,57,120,140,3.0,20,285,9.171531915664673,2
1716,graficon43nodi/grafo6008.43,19,43,68,124,149,5.0,28,333,19.856092929840088,2
1717,graficon60nodi/grafo3198.60,19,60,80,123,143,4.0,33,335,30.663472175598145,2
1718,graficon48nodi/grafo1488.48,19,48,58,122,132,2.0,7,176,1.6802942752838135,2
1719,graficon60nodi/grafo7341.60,19,60,78,124,142,3.0,24,295,3.4675066471099854,2
1720,graficon73nodi/grafo9705.73,19,73,94,124,145,4.0,21,358,14.419604301452637,2
1721,graficon62nodi/grafo5912.62,19,62,75,122,135,3.0,12,189,11.87144923210144,2
1722,graficon51nodi/grafo4451.51,19,51,72,124,145,3.0,18,249,2.6315486431121826,2
1723,graficon69nodi/grafo7808.69,19,69,88,120,139,4.0,17,273,13.757171154022217,2
1724,graficon68nodi/grafo2711.68,19,68,82,124,138,2.0,10,304,3.1726009845733643,2
1725,graficon63nodi/grafo4263.63,19,63,77,123,137,2.0,13,204,2.6301305294036865,2
1726,graficon66nodi/grafo9266.66,19,66,93,127,154,4.0,49,521,98.32701778411865,2
1727,graficon48nodi/grafo7477.48,19,48,69,126,147,3.0,29,335,21.99436068534851,2
1728,graficon65nodi/grafo4828.65,19,65,88,125,148,3.0,24,498,17.153525590896606,2
1729,graficon59nodi/grafo4124.59,19,59,82,126,149,3.0,18,222,5.103840112686157,2
1730,graficon51nodi/grafo3677.51,19,51,71,129,149,3.0,23,267,15.300983667373657,2
1731,graficon54nodi/grafo3737.54,19,54,77,127,150,4.0,32,296,45.3121223449707,2
1732,graficon64nodi/grafo9716.64,19,64,82,125,143,3.0,21,316,19.33230710029602,2
1733,graficon60nodi/grafo6454.60,19,60,78,125,143,3.0,18,196,9.16774868965149,2
1734,graficon63nodi/grafo9179.63,19,63,74,125,136,1.0,7,193,4.907677412033081,2
1735,graficon46nodi/grafo6834.46,19,46,67,127,148,5.0,30,238,17.681952476501465,2
1736,graficon50nodi/grafo4950.50,19,50,64,125,139,2.0,8,268,1.5885491371154785,2
1737,graficon67nodi/grafo5107.67,19,67,80,129,142,3.0,15,309,5.078949928283691,2
1738,graficon44nodi/grafo7398.44,19,44,58,128,142,2.0,12,147,2.3897457122802734,2
1739,graficon59nodi/grafo6969.59,19,59,79,129,149,4.0,23,195,8.69563889503479,2
1740,graficon54nodi/grafo3614.54,19,54,75,125,146,4.0,27,366,28.8091983795166,2
1741,graficon60nodi/grafo4876.60,19,60,78,127,145,3.0,24,272,15.60102391242981,2
1742,graficon40nodi/grafo10615.40,19,40,50,129,139,1.0,1,96,0.11638283729553223,2
1743,graficon69nodi/grafo9667.69,19,69,88,126,145,5.0,19,476,19.72616410255432,2
1744,graficon41nodi/grafo3889.41,19,41,55,126,140,3.0,12,153,1.7389562129974365,2
1745,graficon43nodi/grafo7193.43,19,43,64,125,146,4.0,26,200,13.518229484558105,2
1746,graficon68nodi/grafo9145.68,19,68,86,129,147,3.0,24,316,36.201791524887085,2
1747,graficon68nodi/grafo8032.68,19,68,83,126,141,2.0,5,217,1.648090124130249,2
1748,graficon56nodi/grafo4601.56,19,56,71,125,140,2.0,12,202,2.2670247554779053,2
1749,graficon57nodi/grafo4462.57,19,57,67,127,137,1.0,5,189,0.6393859386444092,2
1750,graficon69nodi/grafo7516.69,19,69,88,128,147,4.0,37,346,42.88763403892517,2
1751,graficon56nodi/grafo3789.56,19,56,79,129,152,5.0,32,275,55.27851605415344,2
1752,graficon49nodi/grafo1542.49,19,49,59,126,136,2.0,5,140,0.9448819160461426,2
1753,graficon56nodi/grafo3569.56,19,56,75,125,144,3.0,24,329,10.917618751525879,2
1754,graficon62nodi/grafo9583.62,19,62,77,129,144,2.0,13,199,2.1662511825561523,2
1755,graficon56nodi/grafo5249.56,19,56,85,125,154,4.0,36,579,61.75404739379883,2
1756,graficon48nodi/grafo3561.48,19,48,68,127,147,3.0,29,250,21.607652187347412,2
1757,graficon63nodi/grafo3204.63,19,63,87,128,152,5.0,41,498,118.55077362060547,2
1758,graficon53nodi/grafo7077.53,19,53,73,126,146,4.0,16,277,4.865251541137695,2
1759,graficon56nodi/grafo5077.56,19,56,79,125,148,5.0,36,306,74.69188475608826,2
1760,graficon57nodi/grafo4700.57,19,57,76,125,144,4.0,22,288,2.8863658905029297,2
1761,graficon58nodi/grafo7346.58,19,58,78,125,145,4.0,23,278,11.497093439102173,2
1762,graficon57nodi/grafo5317.57,19,57,73,127,143,3.0,22,318,27.055869340896606,2
1763,graficon61nodi/grafo4497.61,19,61,82,125,146,4.0,50,445,119.38555932044983,2
1764,graficon65nodi/grafo9519.65,19,65,85,128,148,3.0,23,246,6.0198071002960205,2
1765,graficon55nodi/grafo3183.55,19,55,67,125,137,2.0,9,183,2.4988250732421875,2
1766,graficon71nodi/grafo9009.71,19,71,83,128,140,3.0,18,352,19.572593450546265,2
1767,graficon58nodi/grafo6840.58,19,58,73,125,140,2.0,10,226,2.6222171783447266,2
1768,graficon57nodi/grafo4773.57,19,57,79,128,150,5.0,31,357,31.88268542289734,2
1769,graficon54nodi/grafo6321.54,19,54,71,129,146,3.0,17,207,7.587362766265869,2
1770,graficon65nodi/grafo2881.65,19,65,76,129,140,2.0,9,199,4.975605010986328,2
1771,graficon50nodi/grafo6410.50,19,50,69,128,147,2.0,16,242,3.2927417755126953,2
1772,graficon64nodi/grafo9180.64,19,64,80,127,143,3.0,24,205,31.40461802482605,2
1773,graficon55nodi/grafo6500.55,19,55,75,125,145,4.0,27,427,55.62656903266907,2
1774,graficon74nodi/grafo7149.74,19,74,93,127,146,2.0,14,210,5.19622802734375,2
1775,graficon66nodi/grafo8998.66,19,66,99,127,160,inf,0,0,601.0066616535187,9
1776,graficon60nodi/grafo5896.60,19,60,84,128,152,5.0,28,471,60.47277116775513,2
1777,graficon48nodi/grafo6833.48,19,48,69,129,150,3.0,19,247,9.279315710067749,2
1778,graficon44nodi/grafo6938.44,19,44,61,127,144,4.0,15,186,4.293131589889526,2
1779,graficon60nodi/grafo4138.60,19,60,83,129,152,4.0,42,401,190.7760045528412,2
1780,graficon63nodi/grafo5858.63,19,63,83,126,146,4.0,25,433,36.006316900253296,2
1781,graficon61nodi/grafo6803.61,19,61,87,125,151,6.0,50,518,601.0664117336273,9
1782,graficon54nodi/grafo4701.54,19,54,67,126,139,2.0,8,159,1.4680261611938477,2
1783,graficon43nodi/grafo5467.43,19,43,73,129,159,5.0,51,415,147.94361019134521,2
1784,graficon62nodi/grafo9257.62,19,62,85,128,151,3.0,38,569,108.64895915985107,2
1785,graficon59nodi/grafo6980.59,19,59,79,129,149,4.0,23,195,10.121781349182129,2
1786,graficon65nodi/grafo9475.65,19,65,84,126,145,4.0,26,217,97.3414192199707,2
1787,graficon54nodi/grafo7613.54,19,54,78,127,151,4.0,33,372,12.875861644744873,2
1788,graficon43nodi/grafo5187.43,19,43,61,129,147,4.0,12,146,2.0771639347076416,2
1789,graficon41nodi/grafo3701.41,19,41,58,127,144,4.0,23,269,4.626672983169556,2
1790,graficon49nodi/grafo3085.49,19,49,72,128,151,3.0,26,256,12.212183475494385,2
1791,graficon68nodi/grafo9378.68,19,68,81,125,138,2.0,13,217,5.559277057647705,2
1792,graficon59nodi/grafo5600.59,19,59,78,125,144,3.0,19,335,16.333053827285767,2
1793,graficon46nodi/grafo6986.46,19,46,63,127,144,5.0,16,216,3.73807954788208,2
1794,graficon78nodi/grafo8145.78,19,78,98,127,147,inf,0,0,600.8190677165985,9
1795,graficon61nodi/grafo4392.61,19,61,75,125,139,2.0,17,324,15.974200248718262,2
1796,graficon68nodi/grafo4472.68,19,68,90,128,150,4.0,22,369,14.843794822692871,2
1797,graficon80nodi/grafo9560.80,19,80,100,127,147,inf,0,0,600.8597085475922,9
1798,graficon57nodi/grafo6238.57,19,57,87,128,158,5.0,44,444,60.60840964317322,2
1799,graficon62nodi/grafo2002.62,19,62,77,126,141,2.0,18,329,16.102513790130615,2
1800,graficon59nodi/grafo4615.59,19,59,75,129,145,2.0,14,181,2.7979207038879395,2
1801,graficon56nodi/grafo4685.56,19,56,71,132,147,2.0,8,234,0.6509041786193848,2
1802,graficon65nodi/grafo4904.65,19,65,78,130,143,1.0,5,287,7.391953229904175,2
1803,graficon75nodi/grafo7926.75,19,75,93,131,149,3.0,27,504,69.4633469581604,2
1804,graficon65nodi/grafo9415.65,19,65,85,131,151,4.0,38,471,182.34513306617737,2
1805,graficon48nodi/grafo5672.48,19,48,70,132,154,4.0,24,321,55.22946906089783,2
1806,graficon54nodi/grafo3189.54,19,54,84,132,162,8.0,56,448,357.5123348236084,2
1807,graficon63nodi/grafo4702.63,19,63,89,134,160,5.0,67,532,600.7230715751648,9
1808,graficon60nodi/grafo8898.60,19,60,78,130,148,3.0,17,321,15.709068775177002,2
1809,graficon70nodi/grafo1381.70,19,70,87,133,150,1.0,9,228,3.0188581943511963,2
1810,graficon62nodi/grafo8037.62,19,62,81,132,151,3.0,21,236,57.61842131614685,2
1811,graficon70nodi/grafo8234.70,19,70,89,131,150,3.0,23,187,15.035131454467773,2
1812,graficon63nodi/grafo7806.63,19,63,83,132,152,3.0,14,267,7.7658984661102295,2
1813,graficon53nodi/grafo4882.53,19,53,75,133,155,4.0,24,225,12.524364948272705,2
1814,graficon69nodi/grafo1568.69,19,69,89,131,151,3.0,16,328,17.237030267715454,2
1815,graficon56nodi/grafo1478.56,19,56,69,132,145,1.0,6,207,1.886885643005371,2
1816,graficon67nodi/grafo9187.67,19,67,93,133,159,6.0,72,521,600.9516878128052,9
1817,graficon40nodi/grafo2593.40,19,40,55,130,145,2.0,8,123,1.1746416091918945,2
1818,graficon72nodi/grafo9592.72,19,72,86,132,146,2.0,18,165,9.444842338562012,2
1819,graficon38nodi/grafo6416.38,19,38,57,131,150,3.0,13,139,1.9106404781341553,2
1820,graficon65nodi/grafo6412.65,19,65,82,133,150,4.0,22,341,24.627891063690186,2
1821,graficon54nodi/grafo4969.54,19,54,85,130,161,8.0,57,505,310.38910269737244,2
1822,graficon63nodi/grafo9400.63,19,63,85,134,156,3.0,29,248,11.890020608901978,2
1823,graficon66nodi/grafo1298.66,19,66,82,131,147,4.0,21,309,57.68112897872925,2
1824,graficon56nodi/grafo7752.56,19,56,69,134,147,3.0,10,250,5.3344504833221436,2
1825,graficon67nodi/grafo9754.67,19,67,96,131,160,5.0,53,597,254.09851789474487,2
1826,graficon55nodi/grafo5444.55,19,55,70,134,149,2.0,15,264,7.438300371170044,2
1827,graficon66nodi/grafo4404.66,19,66,81,131,146,3.0,18,188,13.46332836151123,2
1828,graficon42nodi/grafo4033.42,19,42,64,133,155,3.0,19,315,4.918909549713135,2
1829,graficon69nodi/grafo9191.69,19,69,90,134,155,4.0,23,402,36.49297618865967,2
1830,graficon71nodi/grafo8560.71,19,71,93,132,154,6.0,45,394,600.9935095310211,9
1831,graficon46nodi/grafo5778.46,19,46,69,132,155,3.0,28,381,26.306623458862305,2
1832,graficon51nodi/grafo4577.51,19,51,68,132,149,4.0,19,300,13.752523183822632,2
1833,graficon60nodi/grafo7493.60,19,60,83,131,154,4.0,32,488,91.8469889163971,2
1834,graficon68nodi/grafo1575.68,19,68,84,133,149,4.0,13,216,6.284051179885864,2
1835,graficon45nodi/grafo6295.45,19,45,67,130,152,4.0,29,351,16.52835512161255,2
1836,graficon68nodi/grafo1303.68,19,68,84,131,147,3.0,15,275,12.830533027648926,2
1837,graficon65nodi/grafo9272.65,19,65,81,130,146,4.0,23,331,25.583045482635498,2
1838,graficon65nodi/grafo9575.65,19,65,82,130,147,2.0,16,205,6.290046453475952,2
1839,graficon64nodi/grafo5067.64,19,64,82,131,149,3.0,18,338,31.82841444015503,2
1840,graficon63nodi/grafo4679.63,19,63,87,131,155,5.0,43,364,601.2355494499207,9
1841,graficon69nodi/grafo8072.69,19,69,88,132,151,2.0,15,251,7.881654262542725,2
1842,graficon56nodi/grafo3427.56,19,56,81,131,156,6.0,50,568,193.7078001499176,2
1843,graficon46nodi/grafo6994.46,19,46,64,134,152,3.0,16,318,11.591234922409058,2
1844,graficon66nodi/grafo4737.66,19,66,86,132,152,4.0,28,349,61.73587942123413,2
1845,graficon56nodi/grafo5851.56,19,56,75,131,150,3.0,26,306,15.102843046188354,2
1846,graficon63nodi/grafo5068.63,19,63,87,132,156,6.0,48,361,600.9669814109802,9
1847,graficon55nodi/grafo1487.55,19,55,71,130,146,3.0,17,273,7.268402576446533,2
1848,graficon60nodi/grafo9141.60,19,60,82,130,152,3.0,26,197,12.162177801132202,2
1849,graficon44nodi/grafo6014.44,19,44,59,133,148,2.0,10,189,2.080510139465332,2
1850,graficon55nodi/grafo6741.55,19,55,80,131,156,6.0,49,289,600.9004592895508,9
1851,graficon66nodi/grafo4727.66,19,66,88,133,155,3.0,28,414,90.47617983818054,2
1852,graficon60nodi/grafo5435.60,19,60,85,132,157,5.0,50,515,153.46537327766418,2
1853,graficon41nodi/grafo3340.41,19,41,54,130,143,3.0,8,171,2.0459542274475098,2
1854,graficon65nodi/grafo9417.65,19,65,88,132,155,3.0,12,304,10.36306643486023,2
1855,graficon61nodi/grafo7324.61,19,61,77,132,148,2.0,17,289,19.858214139938354,2
1856,graficon70nodi/grafo9841.70,19,70,97,131,158,5.0,56,403,600.9462323188782,9
1857,graficon69nodi/grafo7954.69,19,69,103,134,168,inf,0,0,601.362297296524,9
1858,graficon48nodi/grafo3327.48,19,48,73,133,158,4.0,26,368,48.3140594959259,2
1859,graficon60nodi/grafo8610.60,19,60,77,133,150,3.0,14,187,4.709759712219238,2
1860,graficon71nodi/grafo5375.71,19,71,93,132,154,8.0,52,610,601.1626875400543,9
1861,graficon60nodi/grafo4910.60,19,60,76,132,148,3.0,18,214,5.39499568939209,2
1862,graficon63nodi/grafo1606.63,19,63,85,133,155,5.0,29,379,72.77160429954529,2
1863,graficon83nodi/grafo8245.83,19,83,104,130,151,4.0,43,630,602.6749224662781,9
1864,graficon59nodi/grafo4591.59,19,59,83,131,155,3.0,25,384,29.537851095199585,2
1865,graficon54nodi/grafo1545.54,19,54,71,134,151,3.0,17,313,9.37453293800354,2
1866,graficon53nodi/grafo5052.53,19,53,77,130,154,3.0,32,428,33.40036606788635,2
1867,graficon51nodi/grafo7562.51,19,51,81,133,163,6.0,76,506,473.76987051963806,2
1868,graficon58nodi/grafo5403.58,19,58,77,130,149,5.0,31,559,41.00511407852173,2
1869,graficon79nodi/grafo9810.79,19,79,101,133,155,6.0,49,494,600.9854946136475,9
1870,graficon48nodi/grafo5806.48,19,48,65,130,147,4.0,14,267,4.078885316848755,2
1871,graficon49nodi/grafo5654.49,19,49,68,130,149,7.0,19,278,5.057186603546143,2
1872,graficon60nodi/grafo6316.60,19,60,82,132,154,4.0,34,365,29.307509183883667,2
1873,graficon63nodi/grafo9246.63,19,63,89,133,159,6.0,48,479,269.3062627315521,2
1874,graficon71nodi/grafo9173.71,19,71,105,134,168,7.0,74,786,396.8980643749237,2
1875,graficon78nodi/grafo9549.78,19,78,97,132,151,5.0,45,559,522.5320971012115,2
1876,graficon64nodi/grafo4584.64,19,64,89,136,161,3.0,35,391,53.973249673843384,2
1877,graficon47nodi/grafo6821.47,19,47,68,138,159,4.0,24,219,19.143752813339233,2
1878,graficon61nodi/grafo8397.61,19,61,82,138,159,3.0,27,239,167.994704246521,2
1879,graficon52nodi/grafo6177.52,19,52,69,139,156,3.0,13,187,3.613295555114746,2
1880,graficon56nodi/grafo3772.56,19,56,83,138,165,5.0,35,418,198.32781600952148,2
1881,graficon62nodi/grafo4790.62,19,62,85,135,158,5.0,37,331,23.630277156829834,2
1882,graficon51nodi/grafo1520.51,19,51,65,139,153,2.0,19,188,7.6371941566467285,2
1883,graficon71nodi/grafo4197.71,19,71,97,139,165,4.0,30,389,105.82709431648254,2
1884,graficon76nodi/grafo4174.76,19,76,98,135,157,5.0,27,309,49.25446057319641,2
1885,graficon62nodi/grafo5986.62,19,62,88,137,163,7.0,70,478,600.7121498584747,9
1886,graficon62nodi/grafo7813.62,19,62,81,135,154,4.0,25,326,16.20841145515442,2
1887,graficon57nodi/grafo7627.57,19,57,85,135,163,5.0,49,490,202.03859210014343,2
1888,graficon61nodi/grafo5559.61,19,61,75,139,153,3.0,17,194,12.098100423812866,2
1889,graficon58nodi/grafo6457.58,19,58,84,137,163,4.0,44,421,419.57904076576233,2
1890,graficon53nodi/grafo6147.53,19,53,63,139,149,2.0,6,121,1.538703203201294,2
1891,graficon59nodi/grafo4900.59,19,59,83,139,163,4.0,26,369,29.448933839797974,2
1892,graficon54nodi/grafo4928.54,19,54,72,139,157,4.0,22,243,13.812390565872192,2
1893,graficon58nodi/grafo7022.58,19,58,80,136,158,5.0,32,364,51.64807987213135,2
1894,graficon77nodi/grafo9389.77,19,77,99,136,158,5.0,38,355,189.8933868408203,2
1895,graficon67nodi/grafo8161.67,19,67,90,138,161,4.0,29,326,85.80430698394775,2
1896,graficon47nodi/grafo6701.47,19,47,74,136,163,4.0,46,411,87.261727809906,2
1897,graficon70nodi/grafo9708.70,19,70,91,139,160,4.0,17,425,27.03316640853882,2
1898,graficon55nodi/grafo4299.55,19,55,79,138,162,4.0,39,327,39.143343448638916,2
1899,graficon55nodi/grafo5845.55,19,55,80,139,164,4.0,43,438,194.8509030342102,2
1900,graficon54nodi/grafo7468.54,19,54,81,138,165,4.0,44,352,291.799765586853,2
1901,graficon73nodi/grafo4273.73,19,73,90,139,156,2.0,8,261,4.639139175415039,2
1902,graficon67nodi/grafo5665.67,19,67,83,137,153,3.0,12,248,8.406091690063477,2
1903,graficon55nodi/grafo5023.55,19,55,78,136,159,5.0,29,363,115.38551187515259,2
1904,graficon66nodi/grafo9195.66,19,66,86,138,158,4.0,21,387,23.317034006118774,2
1905,graficon64nodi/grafo9364.64,19,64,91,136,163,5.0,36,445,44.07046318054199,2
1906,graficon61nodi/grafo6022.61,19,61,86,138,163,4.0,40,439,71.42036128044128,2
1907,graficon39nodi/grafo6294.39,19,39,58,138,157,4.0,16,245,2.3645377159118652,2
1908,graficon57nodi/grafo3386.57,19,57,86,135,164,5.0,40,334,67.56960320472717,2
1909,graficon55nodi/grafo3797.55,19,55,79,135,159,3.0,25,365,14.152089357376099,2
1910,graficon66nodi/grafo4881.66,19,66,83,138,155,3.0,17,287,8.164485454559326,2
1911,graficon59nodi/grafo4611.59,19,59,81,137,159,4.0,19,388,12.27284550666809,2
1912,graficon59nodi/grafo3674.59,19,59,90,139,170,5.0,59,552,583.8635230064392,2
1913,graficon66nodi/grafo9366.66,19,66,85,139,158,3.0,26,405,51.64353156089783,2
1914,graficon81nodi/grafo5469.81,19,81,98,137,154,4.0,29,533,138.74638509750366,2
1915,graficon77nodi/grafo9780.77,19,77,96,138,157,4.0,29,625,112.06838393211365,2
1916,graficon76nodi/grafo8522.76,19,76,99,135,158,5.0,21,508,22.28974747657776,2
1917,graficon80nodi/grafo9582.80,19,80,101,138,159,4.0,33,443,66.69655466079712,2
1918,graficon79nodi/grafo6720.79,19,79,102,139,162,4.0,42,372,185.83444714546204,2
1919,graficon68nodi/grafo9632.68,19,68,91,139,162,5.0,38,436,197.00197625160217,2
1920,graficon68nodi/grafo7293.68,19,68,79,137,148,2.0,7,234,1.951613426208496,2
1921,graficon77nodi/grafo4393.77,19,77,97,136,156,3.0,29,272,17.60279655456543,2
1922,graficon81nodi/grafo4257.81,19,81,107,136,162,7.0,66,645,246.8612380027771,2
1923,graficon62nodi/grafo5084.62,19,62,80,137,155,2.0,13,285,6.937093496322632,2
1924,graficon38nodi/grafo11345.38,19,38,56,139,157,2.0,7,132,1.294175148010254,2
1925,graficon61nodi/grafo4922.61,19,61,91,138,168,5.0,37,369,63.505486726760864,2
1926,graficon71nodi/grafo5179.71,19,71,98,136,163,6.0,65,749,518.8685896396637,2
1927,graficon47nodi/grafo6691.47,19,47,67,139,159,3.0,23,293,11.587255716323853,2
1928,graficon68nodi/grafo1565.68,19,68,83,136,151,2.0,9,245,2.775773763656616,2
1929,graficon78nodi/grafo8409.78,19,78,103,137,162,5.0,37,575,112.40808653831482,2
1930,graficon62nodi/grafo4877.62,19,62,85,137,160,5.0,30,324,23.10382580757141,2
1931,graficon69nodi/grafo8995.69,19,69,90,136,157,4.0,25,345,29.397554636001587,2
1932,graficon64nodi/grafo4413.64,19,64,87,138,161,3.0,21,263,10.898674964904785,2
1933,graficon69nodi/grafo7938.69,19,69,90,139,160,4.0,50,443,141.15525126457214,2
1934,graficon70nodi/grafo8047.70,19,70,98,138,166,8.0,73,555,600.765478849411,9
1935,graficon67nodi/grafo4635.67,19,67,79,139,151,1.0,5,280,6.318265914916992,2
1936,graficon85nodi/grafo8547.85,19,85,104,139,158,4.0,39,411,520.4571645259857,2
1937,graficon58nodi/grafo6312.58,19,58,87,138,167,5.0,50,518,263.50214099884033,2
1938,graficon39nodi/grafo4104.39,19,39,55,139,155,3.0,10,187,2.7187931537628174,2
1939,graficon81nodi/grafo4522.81,19,81,94,136,149,2.0,10,266,4.172881364822388,2
1940,graficon93nodi/grafo8962.93,19,93,109,135,151,3.0,24,364,31.85297727584839,2
1941,graficon54nodi/grafo4346.54,19,54,80,138,164,6.0,45,406,171.87830805778503,2
1942,graficon67nodi/grafo1518.67,19,67,85,135,153,5.0,30,346,58.73595976829529,2
1943,graficon62nodi/grafo5134.62,19,62,80,136,154,2.0,16,180,3.9588091373443604,2
1944,graficon42nodi/grafo7588.42,19,42,62,138,158,3.0,24,198,17.998717069625854,2
1945,graficon56nodi/grafo6721.56,19,56,77,135,156,3.0,33,333,254.41294860839844,2
1946,graficon61nodi/grafo8268.61,19,61,89,137,165,4.0,34,413,26.622913599014282,2
1947,graficon67nodi/grafo7882.67,19,67,81,137,151,2.0,11,260,8.780911922454834,2
1948,graficon75nodi/grafo4276.75,19,75,96,137,158,4.0,26,341,47.70275282859802,2
1949,graficon74nodi/grafo5001.74,19,74,91,135,152,2.0,17,315,13.31283712387085,2
1950,graficon65nodi/grafo4774.65,19,65,85,138,158,2.0,15,282,14.181241989135742,2
1951,graficon60nodi/grafo3653.60,19,60,86,141,167,5.0,42,403,86.86806082725525,2
1952,graficon65nodi/grafo9512.65,19,65,93,142,170,5.0,52,542,240.3312840461731,2
1953,graficon71nodi/grafo7021.71,19,71,89,144,162,3.0,15,216,4.9426515102386475,2
1954,graficon65nodi/grafo9304.65,19,65,91,144,170,5.0,46,476,133.79964971542358,2
1955,graficon74nodi/grafo9719.74,19,74,106,143,175,7.0,96,571,600.778644323349,9
1956,graficon50nodi/grafo7712.50,19,50,67,142,159,3.0,12,183,2.0952844619750977,2
1957,graficon65nodi/grafo4738.65,19,65,89,141,165,5.0,36,552,84.63364601135254,2
1958,graficon43nodi/grafo7458.43,19,43,61,142,160,3.0,22,184,7.529468059539795,2
1959,graficon61nodi/grafo9017.61,19,61,80,144,163,4.0,10,212,3.013068675994873,2
1960,graficon72nodi/grafo6528.72,19,72,87,141,156,2.0,18,358,20.474294185638428,2
1961,graficon55nodi/grafo4357.55,19,55,74,140,159,2.0,12,203,3.6935107707977295,2
1962,graficon61nodi/grafo4181.61,19,61,78,144,161,3.0,18,294,22.223926067352295,2
1963,graficon89nodi/grafo6694.89,19,89,103,140,154,2.0,19,390,17.473748207092285,2
1964,graficon81nodi/grafo7951.81,19,81,99,143,161,6.0,39,606,601.1090955734253,9
1965,graficon65nodi/grafo8405.65,19,65,92,142,169,5.0,47,402,116.58929228782654,2
1966,graficon71nodi/grafo6545.71,19,71,89,142,160,4.0,28,444,283.5741286277771,2
1967,graficon63nodi/grafo9109.63,19,63,88,142,167,4.0,51,357,600.7241897583008,9
1968,graficon52nodi/grafo6386.52,19,52,79,142,169,4.0,45,376,135.76601219177246,2
1969,graficon56nodi/grafo4175.56,19,56,73,141,158,2.0,12,249,4.081025123596191,2
1970,graficon78nodi/grafo9693.78,19,78,103,143,168,3.0,37,649,150.3607120513916,2
1971,graficon89nodi/grafo8947.89,19,89,116,143,170,5.0,51,530,545.6729080677032,2
1972,graficon52nodi/grafo3211.52,19,52,77,141,166,4.0,42,312,311.4048616886139,2
1973,graficon70nodi/grafo8238.70,19,70,89,144,163,3.0,24,431,92.80604720115662,2
1974,graficon63nodi/grafo7972.63,19,63,90,143,170,11.0,54,543,521.7627863883972,2
1975,graficon83nodi/grafo9440.83,19,83,108,140,165,7.0,38,426,101.56583452224731,2
1976,graficon69nodi/grafo8401.69,19,69,100,143,174,4.0,59,657,212.8316469192505,2
1977,graficon68nodi/grafo9165.68,19,68,91,142,165,4.0,37,457,73.07998204231262,2
1978,graficon53nodi/grafo3357.53,19,53,73,140,160,3.0,22,263,15.009099245071411,2
1979,graficon53nodi/grafo4996.53,19,53,69,142,158,3.0,19,250,7.481103897094727,2
1980,graficon61nodi/grafo4239.61,19,61,76,143,158,2.0,8,153,2.0988945960998535,2
1981,graficon56nodi/grafo7664.56,19,56,74,143,161,4.0,18,174,8.374295234680176,2
1982,graficon51nodi/grafo1383.51,19,51,74,140,163,3.0,25,257,19.73012399673462,2
1983,graficon57nodi/grafo6842.57,19,57,74,141,158,3.0,16,177,16.746758937835693,2
1984,graficon71nodi/grafo7810.71,19,71,92,142,163,4.0,37,401,122.20893406867981,2
1985,graficon64nodi/grafo9007.64,19,64,101,144,181,8.0,85,470,600.8845174312592,9
1986,graficon66nodi/grafo9398.66,19,66,90,141,165,3.0,33,343,55.7586944103241,2
1987,graficon52nodi/grafo6375.52,19,52,79,142,169,4.0,45,376,108.58728408813477,2
1988,graficon83nodi/grafo7841.83,19,83,107,144,168,7.0,45,429,419.87844586372375,2
1989,graficon60nodi/grafo8868.60,19,60,75,141,156,3.0,15,145,5.147535800933838,2
1990,graficon69nodi/grafo7855.69,19,69,84,142,157,5.0,25,379,49.94001579284668,2
1991,graficon56nodi/grafo3584.56,19,56,80,141,165,4.0,31,287,54.6266393661499,2
1992,graficon61nodi/grafo7596.61,19,61,85,140,164,5.0,34,387,64.20163297653198,2
1993,graficon57nodi/grafo3818.57,19,57,77,142,162,3.0,25,348,14.587903022766113,2
1994,graficon75nodi/grafo8517.75,19,75,95,142,162,4.0,28,617,58.27763247489929,2
1995,graficon63nodi/grafo9291.63,19,63,88,140,165,6.0,56,490,396.83775448799133,2
1996,graficon47nodi/grafo3948.47,19,47,66,141,160,3.0,21,188,6.6857829093933105,2
1997,graficon76nodi/grafo9253.76,19,76,105,141,170,inf,0,0,601.4485139846802,9
1998,graficon53nodi/grafo4803.53,19,53,70,143,160,3.0,17,288,7.473106861114502,2
1999,graficon69nodi/grafo9729.69,19,69,103,144,178,7.0,66,509,601.0126996040344,9
2000,graficon54nodi/grafo3284.54,19,54,82,142,170,4.0,49,335,305.15147399902344,2
2001,graficon68nodi/grafo9328.68,19,68,99,143,174,5.0,69,481,367.21402287483215,2
2002,graficon43nodi/grafo4055.43,19,43,61,141,159,4.0,22,264,20.727174520492554,2
2003,graficon70nodi/grafo8229.70,19,70,97,143,170,4.0,34,330,61.05338978767395,2
2004,graficon64nodi/grafo9178.64,19,64,87,141,164,5.0,28,321,38.76521635055542,2
2005,graficon69nodi/grafo9816.69,19,69,96,141,168,5.0,50,443,96.00173449516296,2
2006,graficon52nodi/grafo4677.52,19,52,72,143,163,2.0,15,222,3.1385912895202637,2
2007,graficon72nodi/grafo4810.72,19,72,88,143,159,3.0,11,243,4.791886806488037,2
2008,graficon51nodi/grafo6012.51,19,51,81,142,172,4.0,28,411,25.87063241004944,2
2009,graficon62nodi/grafo4487.62,19,62,86,140,164,6.0,50,386,513.417564868927,2
2010,graficon59nodi/grafo4390.59,19,59,89,143,173,6.0,60,557,291.7436726093292,2
2011,graficon78nodi/grafo4220.78,19,78,98,143,163,3.0,23,304,30.72223687171936,2
2012,graficon71nodi/grafo8336.71,19,71,91,144,164,5.0,35,331,59.2261688709259,2
2013,graficon70nodi/grafo5094.70,19,70,91,141,162,4.0,36,554,122.80346512794495,2
2014,graficon62nodi/grafo8989.62,19,62,80,141,159,3.0,16,231,9.331340074539185,2
2015,graficon75nodi/grafo4669.75,19,75,96,142,163,3.0,16,298,8.170633792877197,2
2016,graficon58nodi/grafo4899.58,19,58,80,141,163,5.0,31,451,76.30922770500183,2
2017,graficon75nodi/grafo9188.75,19,75,92,140,157,3.0,18,280,10.369791984558105,2
2018,graficon67nodi/grafo9712.67,19,67,85,140,158,2.0,14,274,5.636919736862183,2
2019,graficon79nodi/grafo9244.79,19,79,98,142,161,5.0,39,451,154.74848008155823,2
2020,graficon57nodi/grafo4919.57,19,57,74,143,160,2.0,9,221,2.6277310848236084,2
2021,graficon70nodi/grafo8187.70,19,70,89,140,159,4.0,30,371,57.47414946556091,2
2022,graficon58nodi/grafo5075.58,19,58,75,144,161,4.0,22,181,14.52472710609436,2
2023,graficon70nodi/grafo9739.70,19,70,85,144,159,2.0,11,167,3.288193702697754,2
2024,graficon74nodi/grafo4178.74,19,74,99,141,166,5.0,31,351,41.60372614860535,2
2025,graficon59nodi/grafo7660.59,19,59,81,140,162,3.0,32,368,25.997435092926025,2
2026,graficon55nodi/grafo5671.55,19,55,83,148,176,7.0,53,676,137.07022953033447,2
2027,graficon60nodi/grafo4443.60,19,60,83,145,168,5.0,25,398,12.0415198802948,2
2028,graficon46nodi/grafo6688.46,19,46,65,146,165,4.0,19,175,9.3727388381958,2
2029,graficon91nodi/grafo10239.91,19,91,123,146,178,inf,0,0,601.3780794143677,9
2030,graficon90nodi/grafo10642.90,19,90,118,146,174,inf,0,0,601.2462348937988,9
2031,graficon61nodi/grafo4749.61,19,61,73,147,159,4.0,10,230,3.878539562225342,2
2032,graficon58nodi/grafo4974.58,19,58,79,145,166,4.0,18,301,14.856430768966675,2
2033,graficon60nodi/grafo4039.60,19,60,90,145,175,6.0,65,504,600.8457067012787,9
2034,graficon74nodi/grafo8591.74,19,74,93,149,168,3.0,29,405,29.9064621925354,2
2035,graficon73nodi/grafo9038.73,19,73,94,148,169,4.0,32,476,111.35982537269592,2
2036,graficon70nodi/grafo9068.70,19,70,90,149,169,3.0,22,229,13.224821329116821,2
2037,graficon72nodi/grafo9449.72,19,72,100,147,175,6.0,71,429,600.9884400367737,9
2038,graficon72nodi/grafo9423.72,19,72,100,149,177,6.0,39,476,207.4221968650818,2
2039,graficon67nodi/grafo7896.67,19,67,95,148,176,5.0,44,421,560.1374800205231,2
2040,graficon77nodi/grafo4837.77,19,77,106,146,175,6.0,58,605,600.7962501049042,9
2041,graficon53nodi/grafo4486.53,19,53,70,147,164,3.0,18,235,13.523894309997559,2
2042,graficon55nodi/grafo3181.55,19,55,77,147,169,3.0,26,287,27.508727073669434,2
2043,graficon65nodi/grafo4912.65,19,65,92,147,174,4.0,50,403,398.09407234191895,2
2044,graficon53nodi/grafo3973.53,19,53,69,148,164,4.0,15,248,10.184040546417236,2
2045,graficon68nodi/grafo4476.68,19,68,95,147,174,6.0,45,347,164.0063443183899,2
2046,graficon75nodi/grafo1451.75,19,75,88,145,158,3.0,11,260,13.285495042800903,2
2047,graficon71nodi/grafo5039.71,19,71,96,149,174,4.0,32,583,102.56942415237427,2
2048,graficon57nodi/grafo3428.57,19,57,80,145,168,5.0,33,436,54.3838312625885,2
2049,graficon78nodi/grafo8175.78,19,78,95,146,163,4.0,21,379,27.33084750175476,2
2050,graficon73nodi/grafo8860.73,19,73,101,148,176,6.0,39,620,159.96344900131226,2
2051,graficon56nodi/grafo4424.56,19,56,74,146,164,3.0,19,285,8.274118185043335,2
2052,graficon44nodi/grafo7431.44,19,44,64,148,168,3.0,24,365,24.039623975753784,2
2053,graficon68nodi/grafo9540.68,19,68,95,147,174,4.0,42,528,169.1162028312683,2
2054,graficon59nodi/grafo4628.59,19,59,80,147,168,4.0,19,333,25.341153144836426,2
2055,graficon51nodi/grafo3333.51,19,51,71,147,167,4.0,23,202,5.947576284408569,2
2056,graficon74nodi/grafo8049.74,19,74,103,145,174,10.0,75,458,600.8540282249451,9
2057,graficon75nodi/grafo9736.75,19,75,90,147,162,6.0,14,230,2.909517526626587,2
2058,graficon94nodi/grafo8861.94,19,94,107,145,158,8.0,35,489,68.62474727630615,2
2059,graficon62nodi/grafo4538.62,19,62,85,148,171,5.0,39,422,99.85978078842163,2
2060,graficon63nodi/grafo9336.63,19,63,89,146,172,4.0,39,593,301.64395117759705,2
2061,graficon83nodi/grafo4144.83,19,83,110,146,173,inf,0,0,601.0309941768646,9
2062,graficon67nodi/grafo4208.67,19,67,92,147,172,5.0,43,418,165.1502661705017,2
2063,graficon76nodi/grafo5898.76,19,76,96,148,168,4.0,35,589,249.60489082336426,2
2064,graficon70nodi/grafo7801.70,19,70,88,149,167,4.0,21,268,10.095902919769287,2
2065,graficon82nodi/grafo8144.82,19,82,100,146,164,4.0,27,385,40.51321625709534,2
2066,graficon55nodi/grafo5884.55,19,55,79,146,170,4.0,30,367,35.27453851699829,2
2067,graficon70nodi/grafo9373.70,19,70,87,149,166,3.0,18,363,23.000056505203247,2
2068,graficon65nodi/grafo1302.65,19,65,87,149,171,3.0,21,298,6.334666013717651,2
2069,graficon57nodi/grafo3610.57,19,57,80,149,172,3.0,30,257,61.9432418346405,2
2070,graficon76nodi/grafo4484.76,19,76,101,149,174,5.0,36,368,237.4775676727295,2
2071,graficon66nodi/grafo8917.66,19,66,100,145,179,inf,0,0,600.8353822231293,9
2072,graficon72nodi/grafo4126.72,19,72,89,148,165,2.0,17,219,9.081804037094116,2
2073,graficon77nodi/grafo9793.77,19,77,96,146,165,5.0,31,603,206.78209805488586,2
2074,graficon62nodi/grafo4691.62,19,62,85,149,172,4.0,34,392,87.200119972229,2
2075,graficon59nodi/grafo6657.59,19,59,79,148,168,4.0,23,254,25.790159940719604,2
2076,graficon74nodi/grafo4732.74,19,74,96,147,169,4.0,23,252,46.97419214248657,2
2077,graficon43nodi/grafo7334.43,19,43,63,146,166,2.0,13,160,2.6053974628448486,2
2078,graficon80nodi/grafo4618.80,19,80,104,149,173,6.0,64,397,601.5312674045563,9
2079,graficon73nodi/grafo5074.73,19,73,95,149,171,inf,0,0,601.0076472759247,9
2080,graficon54nodi/grafo4590.54,19,54,72,148,166,3.0,17,244,17.641157150268555,2
2081,graficon69nodi/grafo8132.69,19,69,95,146,172,4.0,35,436,272.43301463127136,2
2082,graficon66nodi/grafo8339.66,19,66,90,146,170,10.0,39,308,54.911611557006836,2
2083,graficon61nodi/grafo8424.61,19,61,83,148,170,3.0,29,446,35.81560564041138,2
2084,graficon43nodi/grafo2506.43,19,43,56,145,158,3.0,14,212,5.7353925704956055,2
2085,graficon76nodi/grafo4492.76,19,76,102,149,175,5.0,34,524,42.667847871780396,2
2086,graficon61nodi/grafo7814.61,19,61,90,147,176,3.0,32,488,47.85260772705078,2
2087,graficon62nodi/grafo8572.62,19,62,87,147,172,6.0,54,477,470.35268568992615,2
2088,graficon60nodi/grafo4335.60,19,60,87,149,176,4.0,27,382,43.31214237213135,2
2089,graficon93nodi/grafo11193.93,19,93,120,145,172,inf,0,0,601.3500938415527,9
2090,graficon36nodi/grafo3182.36,19,36,53,147,164,6.0,26,365,11.207507848739624,2
2091,graficon83nodi/grafo7891.83,19,83,113,149,179,inf,0,0,600.8121795654297,9
2092,graficon45nodi/grafo6906.45,19,45,66,145,166,4.0,22,344,24.47344970703125,2
2093,graficon62nodi/grafo4653.62,19,62,95,148,181,7.0,69,666,600.8665804862976,9
2094,graficon75nodi/grafo5859.75,19,75,96,146,167,5.0,42,471,601.1906583309174,9
2095,graficon82nodi/grafo7860.82,19,82,113,146,177,inf,0,0,601.1067383289337,9
2096,graficon61nodi/grafo9494.61,19,61,80,146,165,2.0,15,439,8.69084358215332,2
2097,graficon59nodi/grafo5159.59,19,59,84,146,171,5.0,30,542,69.99691152572632,2
2098,graficon85nodi/grafo4294.85,19,85,107,146,168,3.0,32,540,600.8314352035522,9
2099,graficon84nodi/grafo8318.84,19,84,110,147,173,inf,0,0,601.3589251041412,9
2100,graficon66nodi/grafo2089.66,19,66,84,146,164,6.0,36,443,224.3382966518402,2
2101,graficon70nodi/grafo7779.70,19,70,90,150,170,2.0,25,349,43.061909437179565,2
2102,graficon49nodi/grafo3526.49,19,49,71,151,173,4.0,34,254,101.98123121261597,2
2103,graficon61nodi/grafo9451.61,19,61,97,153,189,inf,0,0,601.2685961723328,9
2104,graficon66nodi/grafo8977.66,19,66,81,150,165,4.0,19,293,27.403316497802734,2
2105,graficon74nodi/grafo8677.74,19,74,96,151,173,3.0,34,378,326.77752590179443,2
2106,graficon68nodi/grafo1420.68,19,68,90,150,172,3.0,25,291,8.286181449890137,2
2107,graficon59nodi/grafo3398.59,19,59,87,151,179,4.0,42,535,427.9516291618347,2
2108,graficon61nodi/grafo8417.61,19,61,89,154,182,4.0,37,337,42.153786420822144,2
2109,graficon80nodi/grafo9100.80,19,80,105,153,178,6.0,33,414,103.6144666671753,2
2110,graficon63nodi/grafo4793.63,19,63,86,151,174,4.0,26,356,21.484115839004517,2
2111,graficon74nodi/grafo5959.74,19,74,91,151,168,3.0,26,405,55.54361939430237,2
2112,graficon92nodi/grafo11259.92,19,92,106,153,167,3.0,17,467,16.42754030227661,2
2113,graficon61nodi/grafo4128.61,19,61,88,151,178,3.0,28,448,70.18079972267151,2
2114,graficon55nodi/grafo4850.55,19,55,75,154,174,4.0,16,335,18.74115300178528,2
2115,graficon70nodi/grafo9175.70,19,70,94,150,174,4.0,41,405,93.87529063224792,2
2116,graficon53nodi/grafo3208.53,19,53,80,150,177,5.0,44,311,600.9171946048737,9
2117,graficon63nodi/grafo9298.63,19,63,85,154,176,3.0,24,308,6.13090968132019,2
2118,graficon81nodi/grafo7975.81,19,81,98,151,168,3.0,18,435,31.772127866744995,2
2119,graficon63nodi/grafo4693.63,19,63,82,154,173,2.0,13,306,22.009763956069946,2
2120,graficon73nodi/grafo7983.73,19,73,95,150,172,3.0,33,278,80.38240456581116,2
2121,graficon39nodi/grafo2969.39,19,39,57,152,170,3.0,19,190,14.265046119689941,2
2122,graficon59nodi/grafo3903.59,19,59,83,151,175,3.0,22,361,15.231799125671387,2
2123,graficon69nodi/grafo4801.69,19,69,95,154,180,4.0,45,386,601.6209878921509,9
2124,graficon77nodi/grafo6779.77,19,77,99,153,175,2.0,18,362,22.623728275299072,2
2125,graficon57nodi/grafo3166.57,19,57,75,153,171,4.0,22,196,15.355774879455566,2
2126,graficon62nodi/grafo4431.62,19,62,80,153,171,4.0,19,223,10.492255449295044,2
2127,graficon67nodi/grafo9481.67,19,67,90,151,174,4.0,32,367,98.87291169166565,2
2128,graficon78nodi/grafo9551.78,19,78,92,152,166,2.0,18,463,46.635855197906494,2
2129,graficon77nodi/grafo8561.77,19,77,97,154,174,3.0,25,400,140.90269684791565,2
2130,graficon75nodi/grafo4802.75,19,75,98,150,173,2.0,13,237,7.190234661102295,2
2131,graficon60nodi/grafo9419.60,19,60,83,153,176,3.0,30,322,35.81848192214966,2
2132,graficon70nodi/grafo8376.70,19,70,96,152,178,6.0,44,504,140.5788414478302,2
2133,graficon58nodi/grafo4228.58,19,58,81,151,174,5.0,44,544,224.56930136680603,2
2134,graficon85nodi/grafo9469.85,19,85,109,154,178,5.0,39,481,154.6214244365692,2
2135,graficon71nodi/grafo1476.71,19,71,95,154,178,5.0,35,495,278.96954107284546,2
2136,graficon79nodi/grafo5080.79,19,79,107,154,182,4.0,40,565,83.40327835083008,2
2137,graficon96nodi/grafo10855.96,19,96,113,151,168,4.0,26,466,138.79434609413147,2
2138,graficon75nodi/grafo8524.75,19,75,91,150,166,4.0,17,298,10.981011390686035,2
2139,graficon67nodi/grafo1235.67,19,67,88,153,174,3.0,25,318,17.549248456954956,2
2140,graficon87nodi/grafo8766.87,19,87,116,151,180,inf,0,0,601.0496280193329,9
2141,graficon43nodi/grafo7295.43,19,43,67,151,175,5.0,34,290,45.99906253814697,2
2142,graficon65nodi/grafo9665.65,19,65,86,152,173,2.0,7,192,1.3219444751739502,2
2143,graficon82nodi/grafo6810.82,19,82,101,154,173,4.0,28,276,65.4464590549469,2
2144,graficon78nodi/grafo9397.78,19,78,96,154,172,2.0,12,500,21.09650468826294,2
2145,graficon56nodi/grafo7199.56,19,56,79,153,176,4.0,19,389,26.70197367668152,2
2146,graficon48nodi/grafo3373.48,19,48,74,152,178,4.0,34,423,69.53907251358032,2
2147,graficon58nodi/grafo5313.58,19,58,80,153,175,4.0,28,306,67.32710599899292,2
2148,graficon62nodi/grafo4857.62,19,62,76,151,165,3.0,12,185,3.297427177429199,2
2149,graficon60nodi/grafo8116.60,19,60,80,151,171,2.0,15,305,24.031553030014038,2
2150,graficon72nodi/grafo1370.72,19,72,89,150,167,3.0,16,224,4.8764190673828125,2
2151,graficon66nodi/grafo4224.66,19,66,95,150,179,4.0,47,516,600.6455795764923,9
2152,graficon68nodi/grafo4474.68,19,68,99,154,185,inf,0,0,601.2477540969849,9
2153,graficon66nodi/grafo7817.66,19,66,94,150,178,5.0,72,430,600.7288661003113,9
2154,graficon63nodi/grafo9671.63,19,63,80,154,171,3.0,16,276,38.68259882926941,2
2155,graficon81nodi/grafo5018.81,19,81,102,152,173,3.0,28,367,564.8374080657959,2
2156,graficon77nodi/grafo5678.77,19,77,101,150,174,inf,0,0,601.1229910850525,9
2157,graficon65nodi/grafo4776.65,19,65,95,151,181,inf,0,0,600.8791122436523,9
2158,graficon55nodi/grafo4827.55,19,55,73,153,171,3.0,18,288,7.795874834060669,2
2159,graficon59nodi/grafo4252.59,19,59,83,152,176,2.0,18,276,25.02365517616272,2
2160,graficon57nodi/grafo6423.57,19,57,77,154,174,3.0,21,207,22.923551559448242,2
2161,graficon60nodi/grafo3138.60,19,60,85,154,179,5.0,40,302,311.2264368534088,2
2162,graficon71nodi/grafo8552.71,19,71,93,151,173,5.0,38,491,143.70052194595337,2
2163,graficon60nodi/grafo4183.60,19,60,77,150,167,2.0,13,262,5.188974857330322,2
2164,graficon62nodi/grafo7923.62,19,62,88,151,177,5.0,45,585,155.91469931602478,2
2165,graficon42nodi/grafo7629.42,19,42,65,153,176,3.0,16,310,15.356988906860352,2
2166,graficon75nodi/grafo8433.75,19,75,98,154,177,4.0,42,358,102.3563141822815,2
2167,graficon78nodi/grafo4948.78,19,78,103,154,179,5.0,35,295,92.00542783737183,2
2168,graficon76nodi/grafo2762.76,19,76,97,152,173,6.0,42,571,109.57551670074463,2
2169,graficon74nodi/grafo4523.74,19,74,93,151,170,4.0,26,331,90.97211050987244,2
2170,graficon56nodi/grafo7695.56,19,56,79,154,177,3.0,35,274,258.3089601993561,2
2171,graficon69nodi/grafo8212.69,19,69,95,153,179,3.0,23,320,68.33091044425964,2
2172,graficon61nodi/grafo6584.61,19,61,84,154,177,7.0,40,437,112.92495799064636,2
2173,graficon40nodi/grafo5719.40,19,40,64,151,175,3.0,26,358,19.38866662979126,2
2174,graficon79nodi/grafo9247.79,19,79,99,151,171,3.0,36,576,73.50206899642944,2
2175,graficon55nodi/grafo6784.55,19,55,72,151,168,2.0,19,277,11.917217254638672,2
2176,graficon62nodi/grafo9707.62,19,62,82,156,176,3.0,29,277,33.204761266708374,2
2177,graficon76nodi/grafo6078.76,19,76,97,155,176,5.0,56,589,600.920360326767,9
2178,graficon64nodi/grafo5072.64,19,64,86,158,180,4.0,35,318,43.29028630256653,2
2179,graficon77nodi/grafo4123.77,19,77,108,159,190,5.0,53,565,600.8594138622284,9
2180,graficon76nodi/grafo6065.76,19,76,110,159,193,inf,0,0,601.0964624881744,9
2181,graficon54nodi/grafo4217.54,19,54,75,158,179,4.0,31,387,434.3820824623108,2
2182,graficon63nodi/grafo4681.63,19,63,79,158,174,3.0,15,302,17.88912582397461,2
2183,graficon80nodi/grafo5558.80,19,80,108,156,184,6.0,51,663,139.82887935638428,2
2184,graficon66nodi/grafo9507.66,19,66,96,155,185,5.0,56,461,419.85929346084595,2
2185,graficon58nodi/grafo3502.58,19,58,77,155,174,2.0,15,368,10.683159828186035,2
2186,graficon74nodi/grafo9113.74,19,74,94,158,178,3.0,23,233,13.435118198394775,2
2187,graficon76nodi/grafo8151.76,19,76,93,156,173,4.0,27,493,135.77776956558228,2
2188,graficon62nodi/grafo4215.62,19,62,85,155,178,6.0,39,556,419.24249839782715,2
2189,graficon60nodi/grafo4116.60,19,60,88,158,186,5.0,55,452,600.9729635715485,9
2190,graficon61nodi/grafo9818.61,19,61,88,155,182,6.0,60,404,216.95099353790283,2
2191,graficon68nodi/grafo9123.68,19,68,103,157,192,5.0,70,546,600.8109958171844,9
2192,graficon78nodi/grafo4360.78,19,78,101,159,182,6.0,36,556,58.49586820602417,2
2193,graficon87nodi/grafo7977.87,19,87,105,158,176,3.0,30,371,197.75751757621765,2
2194,graficon45nodi/grafo5161.45,19,45,73,155,183,5.0,42,424,68.52963256835938,2
2195,graficon74nodi/grafo4457.74,19,74,88,158,172,2.0,7,175,2.4323859214782715,2
2196,graficon66nodi/grafo9387.66,19,66,84,156,174,3.0,16,308,15.97110390663147,2
2197,graficon78nodi/grafo5073.78,19,78,100,159,181,5.0,33,459,162.58662629127502,2
2198,graficon47nodi/grafo5358.47,19,47,75,158,186,5.0,48,418,155.07521176338196,2
2199,graficon62nodi/grafo9556.62,19,62,87,158,183,5.0,32,403,128.1961793899536,2
2200,graficon52nodi/grafo5105.52,19,52,81,156,185,5.0,29,395,49.10202193260193,2
2201,graficon47nodi/grafo5715.47,19,47,69,156,178,6.0,27,279,28.72282862663269,2
2202,graficon98nodi/grafo10553.98,19,98,117,156,175,3.0,29,510,151.59506916999817,2
2203,graficon59nodi/grafo4859.59,19,59,78,155,174,4.0,23,446,14.93564748764038,2
2204,graficon72nodi/grafo5664.72,19,72,95,158,181,4.0,35,577,164.63356590270996,2
2205,graficon63nodi/grafo4637.63,19,63,84,157,178,3.0,43,398,42.629560232162476,2
2206,graficon58nodi/grafo4706.58,19,58,83,155,180,5.0,46,440,129.82314324378967,2
2207,graficon63nodi/grafo9579.63,19,63,92,157,186,7.0,55,587,600.8908393383026,9
2208,graficon73nodi/grafo5393.73,19,73,94,156,177,4.0,37,396,83.78491568565369,2
2209,graficon72nodi/grafo9552.72,19,72,98,159,185,7.0,60,782,601.279088973999,9
2210,graficon86nodi/grafo8770.86,19,86,107,156,177,4.0,18,310,8.077622175216675,2
2211,graficon43nodi/grafo7031.43,19,43,63,155,175,3.0,24,237,11.91260313987732,2
2212,graficon56nodi/grafo7508.56,19,56,81,155,180,3.0,31,363,55.18850088119507,2
2213,graficon67nodi/grafo9610.67,19,67,94,157,184,4.0,51,619,277.33363032341003,2
2214,graficon74nodi/grafo9293.74,19,74,99,155,180,3.0,44,489,304.74893712997437,2
2215,graficon63nodi/grafo9675.63,19,63,89,157,183,4.0,37,456,154.997784614563,2
2216,graficon83nodi/grafo8308.83,19,83,102,156,175,5.0,46,461,60.59594202041626,2
2217,graficon66nodi/grafo9679.66,19,66,95,157,186,5.0,52,412,600.9148061275482,9
2218,graficon81nodi/grafo4929.81,19,81,99,159,177,5.0,30,443,143.8561429977417,2
2219,graficon62nodi/grafo6206.62,19,62,95,159,192,5.0,57,544,343.64373993873596,2
2220,graficon68nodi/grafo9036.68,19,68,95,155,182,5.0,56,625,600.7258350849152,9
2221,graficon88nodi/grafo8841.88,19,88,118,158,188,4.0,58,715,600.8492426872253,9
2222,graficon64nodi/grafo9402.64,19,64,90,155,181,4.0,37,396,104.70183396339417,2
2223,graficon71nodi/grafo9066.71,19,71,94,155,178,5.0,42,383,600.6150689125061,9
2224,graficon64nodi/grafo9420.64,19,64,85,155,176,5.0,24,313,13.157769441604614,2
2225,graficon67nodi/grafo4314.67,19,67,102,155,190,4.0,58,532,145.51096153259277,2
2226,graficon83nodi/grafo5246.83,19,83,115,157,189,inf,0,0,601.1021685600281,9
2227,graficon59nodi/grafo3286.59,19,59,83,157,181,5.0,34,368,274.1641848087311,2
2228,graficon68nodi/grafo9284.68,19,68,94,157,183,5.0,52,454,533.500408411026,2
2229,graficon55nodi/grafo7207.55,19,55,77,159,181,3.0,24,330,12.819906234741211,2
2230,graficon72nodi/grafo6714.72,19,72,95,156,179,4.0,21,495,28.78580665588379,2
2231,graficon56nodi/grafo3292.56,19,56,84,157,185,5.0,40,460,80.03196454048157,2
2232,graficon68nodi/grafo8031.68,19,68,93,156,181,3.0,28,453,29.819148540496826,2
2233,graficon60nodi/grafo5862.60,19,60,87,157,184,inf,0,0,601.0524597167969,9
2234,graficon61nodi/grafo4345.61,19,61,83,156,178,4.0,32,349,107.00329279899597,2
2235,graficon85nodi/grafo8690.85,19,85,107,155,177,4.0,33,380,32.52198100090027,2
2236,graficon58nodi/grafo4361.58,19,58,90,158,190,6.0,66,506,601.0125064849854,9
2237,graficon69nodi/grafo9399.69,19,69,96,159,186,5.0,59,498,601.041656255722,9
2238,graficon59nodi/grafo6914.59,19,59,86,159,186,5.0,34,384,24.972508192062378,2
2239,graficon53nodi/grafo3190.53,19,53,84,155,186,6.0,59,449,281.44204688072205,2
2240,graficon75nodi/grafo5434.75,19,75,93,159,177,3.0,25,387,419.4126932621002,2
2241,graficon51nodi/grafo3443.51,19,51,73,157,179,3.0,26,212,12.910064697265625,2
2242,graficon60nodi/grafo1619.60,19,60,75,159,174,2.0,9,169,2.605297565460205,2
2243,graficon70nodi/grafo9065.70,19,70,92,155,177,3.0,25,328,54.4960355758667,2
2244,graficon69nodi/grafo9330.69,19,69,92,157,180,3.0,23,382,50.864089250564575,2
2245,graficon93nodi/grafo11288.93,19,93,114,159,180,2.0,17,262,4.642575740814209,2
2246,graficon54nodi/grafo6225.54,19,54,82,159,187,6.0,50,447,72.08698987960815,2
2247,graficon53nodi/grafo5971.53,19,53,83,155,185,4.0,40,443,57.79093647003174,2
2248,graficon40nodi/grafo5972.40,19,40,64,158,182,4.0,37,345,113.49102067947388,2
2249,graficon70nodi/grafo4450.70,19,70,93,156,179,4.0,15,219,4.5839362144470215,2
2250,graficon72nodi/grafo8140.72,19,72,97,157,182,8.0,38,526,128.55720782279968,2
2251,graficon51nodi/grafo4160.51,19,51,70,162,181,2.0,12,201,3.0764901638031006,2
2252,graficon61nodi/grafo4251.61,19,61,90,160,189,7.0,47,521,119.17090487480164,2
2253,graficon83nodi/grafo4986.83,19,83,107,163,187,5.0,46,413,89.51916289329529,2
2254,graficon73nodi/grafo4298.73,19,73,91,162,180,3.0,23,321,49.400723934173584,2
2255,graficon81nodi/grafo7843.81,19,81,107,160,186,4.0,36,447,248.32516026496887,2
2256,graficon80nodi/grafo9795.80,19,80,117,162,199,inf,0,0,601.6557886600494,9
2257,graficon83nodi/grafo7069.83,19,83,106,162,185,5.0,37,447,113.70193886756897,2
2258,graficon68nodi/grafo7902.68,19,68,96,164,192,5.0,51,463,601.1555004119873,9
2259,graficon78nodi/grafo4323.78,19,78,100,164,186,6.0,29,383,69.06653165817261,2
2260,graficon84nodi/grafo4402.84,19,84,103,160,179,3.0,23,305,25.32900333404541,2
2261,graficon67nodi/grafo7863.67,19,67,92,163,188,6.0,43,579,450.015665769577,2
2262,graficon76nodi/grafo5725.76,19,76,95,160,179,5.0,34,457,62.70104932785034,2
2263,graficon60nodi/grafo8735.60,19,60,86,161,187,7.0,46,362,79.28047060966492,2
2264,graficon65nodi/grafo1189.65,19,65,81,161,177,3.0,14,232,14.30383586883545,2
2265,graficon67nodi/grafo9149.67,19,67,92,160,185,7.0,50,507,600.9672837257385,9
2266,graficon69nodi/grafo5310.69,19,69,87,160,178,inf,0,0,600.9540433883667,9
2267,graficon41nodi/grafo7228.41,19,41,67,164,190,3.0,28,282,33.90673828125,2
2268,graficon62nodi/grafo6413.62,19,62,95,164,197,6.0,55,477,348.0106406211853,2
2269,graficon85nodi/grafo9603.85,19,85,110,163,188,inf,0,0,600.9586188793182,9
2270,graficon54nodi/grafo6529.54,19,54,67,163,176,2.0,8,211,3.9180352687835693,2
2271,graficon77nodi/grafo8143.77,19,77,99,162,184,3.0,34,461,99.27636861801147,2
2272,graficon82nodi/grafo6849.82,19,82,104,164,186,6.0,38,403,135.41945600509644,2
2273,graficon79nodi/grafo9323.79,19,79,95,163,179,3.0,18,353,21.75961446762085,2
2274,graficon83nodi/grafo9489.83,19,83,110,164,191,5.0,44,393,171.50439476966858,2
2275,graficon65nodi/grafo9510.65,19,65,89,160,184,5.0,33,577,176.5147500038147,2
2276,graficon56nodi/grafo4847.56,19,56,86,163,193,5.0,32,361,49.6284658908844,2
2277,graficon66nodi/grafo9501.66,19,66,105,163,202,inf,0,0,601.5509495735168,9
2278,graficon68nodi/grafo9073.68,19,68,85,160,177,3.0,20,215,11.901953935623169,2
2279,graficon75nodi/grafo9147.75,19,75,106,160,191,6.0,69,646,600.7181768417358,9
2280,graficon76nodi/grafo4614.76,19,76,101,163,188,6.0,39,557,99.93768572807312,2
2281,graficon70nodi/grafo9506.70,19,70,91,160,181,4.0,35,408,435.3659014701843,2
2282,graficon63nodi/grafo9442.63,19,63,81,164,182,2.0,24,254,7.602015495300293,2
2283,graficon80nodi/grafo7862.80,19,80,104,164,188,6.0,49,506,600.7390193939209,9
2284,graficon79nodi/grafo9381.79,19,79,104,161,186,7.0,50,461,600.6902995109558,9
2285,graficon42nodi/grafo4096.42,19,42,65,162,185,4.0,36,292,211.00159335136414,2
2286,graficon74nodi/grafo8232.74,19,74,98,163,187,4.0,30,416,55.79245066642761,2
2287,graficon62nodi/grafo8053.62,19,62,91,164,193,5.0,56,537,516.5546011924744,2
2288,graficon64nodi/grafo9437.64,19,64,82,161,179,2.0,10,240,5.017268657684326,2
2289,graficon64nodi/grafo9081.64,19,64,98,163,197,4.0,42,489,315.6436951160431,2
2290,graficon62nodi/grafo4647.62,19,62,89,162,189,5.0,49,438,142.5735604763031,2
2291,graficon59nodi/grafo4939.59,19,59,71,163,175,2.0,5,175,1.83321213722229,2
2292,graficon73nodi/grafo7483.73,19,73,92,161,180,3.0,26,387,48.28875112533569,2
2293,graficon53nodi/grafo3289.53,19,53,76,160,183,3.0,30,276,32.55464744567871,2
2294,graficon75nodi/grafo8639.75,19,75,108,163,196,7.0,84,822,600.8685448169708,9
2295,graficon69nodi/grafo5962.69,19,69,88,164,183,3.0,28,454,67.08658027648926,2
2296,graficon61nodi/grafo4598.61,19,61,79,161,179,4.0,30,328,433.42548751831055,2
2297,graficon72nodi/grafo5108.72,19,72,88,163,179,2.0,17,343,18.14549970626831,2
2298,graficon76nodi/grafo8164.76,19,76,96,163,183,3.0,25,359,50.24874401092529,2
2299,graficon79nodi/grafo8550.79,19,79,100,164,185,4.0,37,720,475.4618592262268,2
2300,graficon86nodi/grafo9614.86,19,86,112,160,186,inf,0,0,600.8230838775635,9
2301,graficon81nodi/grafo4971.81,19,81,101,160,180,3.0,37,506,59.6659255027771,2
2302,graficon68nodi/grafo6765.68,19,68,82,164,178,3.0,15,344,12.828123569488525,2
2303,graficon64nodi/grafo3557.64,19,64,85,163,184,2.0,21,247,13.238495826721191,2
2304,graficon72nodi/grafo7865.72,19,72,102,162,192,5.0,52,529,583.9093351364136,2
2305,graficon71nodi/grafo1497.71,19,71,95,163,187,5.0,43,572,375.5749888420105,2
2306,graficon78nodi/grafo4432.78,19,78,105,164,191,3.0,29,395,120.08404207229614,2
2307,graficon72nodi/grafo8043.72,19,72,100,162,190,5.0,51,469,570.7933824062347,2
2308,graficon61nodi/grafo4892.61,19,61,79,161,179,3.0,14,238,4.612560510635376,2
2309,graficon69nodi/grafo7901.69,19,69,93,161,185,4.0,44,370,145.91726756095886,2
2310,graficon78nodi/grafo5647.78,19,78,96,161,179,3.0,27,415,65.4946837425232,2
2311,graficon66nodi/grafo4466.66,19,66,102,160,196,6.0,76,525,331.14766788482666,2
2312,graficon93nodi/grafo10425.93,19,93,122,163,192,6.0,72,484,600.7221524715424,9
2313,graficon76nodi/grafo7361.76,19,76,92,163,179,2.0,12,375,8.74255895614624,2
2314,graficon65nodi/grafo9411.65,19,65,95,162,192,12.0,70,479,600.9626188278198,9
2315,graficon68nodi/grafo4454.68,19,68,96,163,191,7.0,56,552,299.31757164001465,2
2316,graficon61nodi/grafo5281.61,19,61,87,162,188,5.0,45,440,97.84222483634949,2
2317,graficon83nodi/grafo8062.83,19,83,107,164,188,5.0,45,368,213.70016622543335,2
2318,graficon62nodi/grafo5011.62,19,62,85,162,185,3.0,28,342,35.69605731964111,2
2319,graficon73nodi/grafo8621.73,19,73,103,160,190,5.0,42,552,89.18058609962463,2
2320,graficon59nodi/grafo6151.59,19,59,75,160,176,2.0,17,211,3.861140727996826,2
2321,graficon60nodi/grafo8869.60,19,60,79,164,183,5.0,16,311,9.967634439468384,2
2322,graficon69nodi/grafo9763.69,19,69,95,162,188,7.0,45,500,481.5348312854767,2
2323,graficon75nodi/grafo8459.75,19,75,93,161,179,3.0,22,384,46.601370334625244,2
2324,graficon63nodi/grafo4241.63,19,63,89,164,190,5.0,38,507,52.91060400009155,2
2325,graficon84nodi/grafo7949.84,19,84,109,160,185,4.0,49,474,471.12424659729004,2
2326,graficon75nodi/grafo6681.75,19,75,106,169,200,6.0,68,494,600.9275014400482,9
2327,graficon69nodi/grafo7177.69,19,69,88,167,186,3.0,30,315,26.95956039428711,2
2328,graficon77nodi/grafo4347.77,19,77,101,165,189,5.0,42,552,122.14891743659973,2
2329,graficon40nodi/grafo3171.40,19,40,56,169,185,2.0,10,220,1.1796135902404785,2
2330,graficon73nodi/grafo8040.73,19,73,103,167,197,4.0,56,649,266.4752995967865,2
2331,graficon81nodi/grafo9254.81,19,81,105,169,193,4.0,36,412,97.0345606803894,2
2332,graficon68nodi/grafo1213.68,19,68,86,169,187,3.0,15,212,6.737691640853882,2
2333,graficon76nodi/grafo7058.76,19,76,96,165,185,4.0,37,301,419.7260432243347,2
2334,graficon67nodi/grafo7816.67,19,67,98,166,197,4.0,42,861,269.17607951164246,2
2335,graficon76nodi/grafo9277.76,19,76,102,167,193,inf,0,0,600.8823082447052,9
2336,graficon93nodi/grafo10858.93,19,93,118,165,190,7.0,50,431,183.8076627254486,2
2337,graficon91nodi/grafo8668.91,19,91,115,167,191,3.0,28,309,41.882320165634155,2
2338,graficon72nodi/grafo9079.72,19,72,91,165,184,3.0,20,274,35.00477957725525,2
2339,graficon70nodi/grafo9474.70,19,70,90,165,185,3.0,18,228,9.066922426223755,2
2340,graficon59nodi/grafo4113.59,19,59,84,166,191,4.0,26,322,24.134761095046997,2
2341,graficon68nodi/grafo4337.68,19,68,95,169,196,5.0,47,508,542.7250440120697,2
2342,graficon84nodi/grafo8087.84,19,84,114,166,196,11.0,75,615,600.9144933223724,9
2343,graficon74nodi/grafo8205.74,19,74,105,167,198,5.0,47,458,427.4349191188812,2
2344,graficon72nodi/grafo9828.72,19,72,95,165,188,4.0,27,308,25.41433310508728,2
2345,graficon81nodi/grafo4534.81,19,81,101,166,186,4.0,26,326,44.41315221786499,2
2346,graficon62nodi/grafo6080.62,19,62,90,167,195,inf,0,0,601.367194890976,9
2347,graficon80nodi/grafo8089.80,19,80,107,167,194,5.0,46,457,429.121568441391,2
2348,graficon81nodi/grafo7782.81,19,81,102,166,187,3.0,33,543,98.44351553916931,2
2349,graficon69nodi/grafo5059.69,19,69,99,169,199,6.0,54,727,194.23639178276062,2
2350,graficon77nodi/grafo8315.77,19,77,100,167,190,7.0,53,621,600.6966989040375,9
2351,graficon63nodi/grafo9221.63,19,63,100,165,202,inf,0,0,601.1339473724365,9
2352,graficon69nodi/grafo8227.69,19,69,107,169,207,inf,0,0,601.2877497673035,9
2353,graficon45nodi/grafo7558.45,19,45,74,166,195,4.0,38,307,182.70006465911865,2
2354,graficon83nodi/grafo8160.83,19,83,118,166,201,inf,0,0,601.5568568706512,9
2355,graficon89nodi/grafo8670.89,19,89,109,166,186,3.0,16,250,3.566706657409668,2
2356,graficon71nodi/grafo5097.71,19,71,104,167,200,6.0,72,616,601.0999345779419,9
2357,graficon51nodi/grafo3790.51,19,51,74,169,192,4.0,24,306,10.0998375415802,2
2358,graficon80nodi/grafo8716.80,19,80,101,165,186,6.0,39,523,151.6107873916626,2
2359,graficon66nodi/grafo9536.66,19,66,93,167,194,4.0,27,309,12.895730018615723,2
2360,graficon53nodi/grafo3297.53,19,53,74,166,187,3.0,26,308,39.48778295516968,2
2361,graficon57nodi/grafo3477.57,19,57,88,167,198,5.0,56,504,137.93450379371643,2
2362,graficon75nodi/grafo8493.75,19,75,94,168,187,3.0,24,310,125.37248349189758,2
2363,graficon78nodi/grafo6434.78,19,78,97,166,185,3.0,17,396,8.510978698730469,2
2364,graficon88nodi/grafo8914.88,19,88,107,167,186,3.0,25,459,252.07714414596558,2
2365,graficon40nodi/grafo7680.40,19,40,55,166,181,3.0,12,203,2.6898305416107178,2
2366,graficon82nodi/grafo9137.82,19,82,106,169,193,4.0,40,498,136.1061143875122,2
2367,graficon77nodi/grafo8165.77,19,77,109,169,201,inf,0,0,601.3886504173279,9
2368,graficon64nodi/grafo4480.64,19,64,88,168,192,5.0,35,336,167.89313077926636,2
2369,graficon84nodi/grafo6815.84,19,84,108,166,190,5.0,56,678,600.903618812561,9
2370,graficon76nodi/grafo9718.76,19,76,93,167,184,3.0,13,260,12.238643884658813,2
2371,graficon56nodi/grafo4831.56,19,56,86,165,195,7.0,52,427,347.9096040725708,2
2372,graficon75nodi/grafo9735.75,19,75,100,169,194,4.0,29,351,28.260403394699097,2
2373,graficon72nodi/grafo9084.72,19,72,92,169,189,3.0,18,293,21.663419723510742,2
2374,graficon81nodi/grafo9731.81,19,81,109,165,193,4.0,28,477,53.16677188873291,2
2375,graficon67nodi/grafo9086.67,19,67,96,166,195,4.0,43,444,91.58916997909546,2
2376,graficon78nodi/grafo8258.78,19,78,105,165,192,5.0,59,462,600.8496217727661,9
2377,graficon79nodi/grafo4961.79,19,79,100,169,190,3.0,24,296,26.040941953659058,2
2378,graficon91nodi/grafo8154.91,19,91,109,169,187,4.0,25,490,193.9486472606659,2
2379,graficon78nodi/grafo8413.78,19,78,98,167,187,3.0,28,369,80.00531029701233,2
2380,graficon83nodi/grafo6806.83,19,83,109,168,194,7.0,59,732,600.7978899478912,9
2381,graficon64nodi/grafo4478.64,19,64,83,168,187,4.0,16,228,7.803467273712158,2
2382,graficon76nodi/grafo5841.76,19,76,100,166,190,5.0,42,419,190.0519504547119,2
2383,graficon70nodi/grafo8356.70,19,70,103,166,199,15.0,80,857,601.0566759109497,9
2384,graficon87nodi/grafo8487.87,19,87,112,166,191,4.0,44,470,347.72149538993835,2
2385,graficon78nodi/grafo4926.78,19,78,103,166,191,5.0,49,623,227.38686156272888,2
2386,graficon81nodi/grafo8271.81,19,81,113,166,198,8.0,62,448,600.7138304710388,9
2387,graficon77nodi/grafo6502.77,19,77,95,165,183,4.0,21,331,37.20727229118347,2
2388,graficon78nodi/grafo6090.78,19,78,94,167,183,2.0,11,343,13.586929559707642,2
2389,graficon76nodi/grafo8456.76,19,76,102,168,194,inf,0,0,600.9194982051849,9
2390,graficon89nodi/grafo8595.89,19,89,112,167,190,5.0,42,434,560.1567826271057,2
2391,graficon83nodi/grafo6468.83,19,83,110,165,192,4.0,57,587,600.9064090251923,9
2392,graficon92nodi/grafo8825.92,19,92,124,168,200,inf,0,0,601.1615424156189,9
2393,graficon73nodi/grafo8069.73,19,73,94,165,186,3.0,28,364,46.25727581977844,2
2394,graficon92nodi/grafo9471.92,19,92,122,168,198,6.0,64,533,601.1013698577881,9
2395,graficon62nodi/grafo5754.62,19,62,89,168,195,6.0,38,487,60.11226987838745,2
2396,graficon82nodi/grafo8423.82,19,82,109,167,194,8.0,47,544,601.1063733100891,9
2397,graficon96nodi/grafo11391.96,19,96,126,167,197,6.0,86,821,601.2095847129822,9
2398,graficon91nodi/grafo8787.91,19,91,119,169,197,5.0,59,566,600.8669292926788,9
2399,graficon77nodi/grafo8064.77,19,77,107,166,196,5.0,69,579,168.54112076759338,2
2400,graficon86nodi/grafo8693.86,19,86,109,166,189,3.0,31,466,133.06504583358765,2
