Index,Data,combo_idx,Nodes,Edges,TotalNodes,TotalEdges,ObjVal,Crossings,EdgeLength,Runtime,Status
1,graficon13nodi/grafo2567.13,20,13,13,13,13,0.0,0,6,0.003033876419067383,2
2,graficon11nodi/grafo685.11,20,11,11,13,13,0.0,0,13,0.004187583923339844,2
3,graficon10nodi/grafo2511.10,20,10,10,12,12,0.0,0,6,0.002969026565551758,2
4,graficon12nodi/grafo957.12,20,12,11,13,12,0.0,0,10,0.0029478073120117188,2
5,graficon14nodi/grafo769.14,20,14,13,14,13,0.0,0,10,0.002916097640991211,2
6,graficon10nodi/grafo1070.10,20,10,10,12,12,0.0,0,6,0.001556396484375,2
7,graficon10nodi/grafo473.10,20,10,10,12,12,0.0,0,6,0.0019054412841796875,2
8,graficon14nodi/grafo371.14,20,14,13,14,13,0.0,0,6,0.0030198097229003906,2
9,graficon12nodi/grafo906.12,20,12,11,12,11,0.0,0,3,0.0010747909545898438,2
10,graficon11nodi/grafo927.11,20,11,10,11,10,0.0,0,6,0.0019843578338623047,2
11,graficon10nodi/grafo758.10,20,10,10,12,12,0.0,0,6,0.002025604248046875,2
12,graficon12nodi/grafo122.12,20,12,11,12,11,0.0,0,5,0.0014696121215820312,2
13,graficon12nodi/grafo1843.12,20,12,15,14,17,1.0,2,13,0.010366439819335938,2
14,graficon10nodi/grafo898.10,20,10,9,10,9,0.0,0,2,0.0014984607696533203,2
15,graficon11nodi/grafo2433.11,20,11,11,13,13,0.0,0,3,0.0026149749755859375,2
16,graficon11nodi/grafo749.11,20,11,10,13,12,0.0,0,5,0.0034956932067871094,2
17,graficon10nodi/grafo961.10,20,10,10,12,12,0.0,0,6,0.0016841888427734375,2
18,graficon10nodi/grafo1857.10,20,10,12,12,14,0.0,0,10,0.001990079879760742,2
19,graficon11nodi/grafo1004.11,20,11,12,12,13,0.0,0,15,0.004685640335083008,2
20,graficon11nodi/grafo675.11,20,11,11,13,13,0.0,0,4,0.0024361610412597656,2
21,graficon10nodi/grafo633.10,20,10,9,10,9,0.0,0,2,0.0013966560363769531,2
22,graficon13nodi/grafo2908.13,20,13,12,13,12,0.0,0,8,0.0020945072174072266,2
23,graficon11nodi/grafo441.11,20,11,11,13,13,0.0,0,14,0.005265951156616211,2
24,graficon11nodi/grafo2812.11,20,11,11,13,13,0.0,0,3,0.0018470287322998047,2
25,graficon10nodi/grafo881.10,20,10,9,10,9,0.0,0,2,0.0017807483673095703,2
26,graficon10nodi/grafo455.10,20,10,10,13,13,0.0,0,4,0.002238750457763672,2
27,graficon12nodi/grafo933.12,20,12,11,12,11,0.0,0,5,0.0014514923095703125,2
28,graficon12nodi/grafo256.12,20,12,11,12,11,0.0,0,2,0.0015208721160888672,2
29,graficon10nodi/grafo1098.10,20,10,9,10,9,0.0,0,2,0.001531362533569336,2
30,graficon11nodi/grafo246.11,20,11,10,11,10,0.0,0,3,0.0015206336975097656,2
31,graficon12nodi/grafo2668.12,20,12,13,14,15,1.0,1,7,0.00331878662109375,2
32,graficon12nodi/grafo667.12,20,12,12,13,13,0.0,0,16,0.0038328170776367188,2
33,graficon12nodi/grafo986.12,20,12,11,12,11,0.0,0,5,0.0012717247009277344,2
34,graficon10nodi/grafo782.10,20,10,9,10,9,0.0,0,2,0.0014052391052246094,2
35,graficon12nodi/grafo756.12,20,12,11,12,11,0.0,0,3,0.0014395713806152344,2
36,graficon11nodi/grafo1629.11,20,11,11,14,14,0.0,0,10,0.002390146255493164,2
37,graficon12nodi/grafo888.12,20,12,13,14,15,0.0,0,16,0.0065991878509521484,2
38,graficon11nodi/grafo1162.11,20,11,11,12,12,0.0,0,6,0.0019214153289794922,2
39,graficon11nodi/grafo3101.11,20,11,11,13,13,0.0,0,3,0.0027353763580322266,2
40,graficon10nodi/grafo910.10,20,10,9,10,9,0.0,0,2,0.0014803409576416016,2
41,graficon13nodi/grafo514.13,20,13,12,13,12,0.0,0,4,0.0023550987243652344,2
42,graficon10nodi/grafo718.10,20,10,10,12,12,0.0,0,6,0.002619028091430664,2
43,graficon10nodi/grafo1123.10,20,10,10,12,12,0.0,0,6,0.002660989761352539,2
44,graficon10nodi/grafo474.10,20,10,10,12,12,0.0,0,6,0.002531290054321289,2
45,graficon14nodi/grafo272.14,20,14,13,14,13,0.0,0,9,0.0036432743072509766,2
46,graficon11nodi/grafo1084.11,20,11,10,11,10,0.0,0,2,0.0014312267303466797,2
47,graficon11nodi/grafo2971.11,20,11,11,13,13,0.0,0,3,0.001909017562866211,2
48,graficon11nodi/grafo313.11,20,11,10,13,12,0.0,0,13,0.0020172595977783203,2
49,graficon11nodi/grafo532.11,20,11,11,13,13,0.0,0,9,0.003749370574951172,2
50,graficon11nodi/grafo857.11,20,11,11,12,12,0.0,0,12,0.004446983337402344,2
51,graficon10nodi/grafo978.10,20,10,10,12,12,0.0,0,6,0.001247406005859375,2
52,graficon13nodi/grafo1067.13,20,13,13,13,13,0.0,0,6,0.004244327545166016,2
53,graficon12nodi/grafo2949.12,20,12,11,12,11,0.0,0,4,0.0014691352844238281,2
54,graficon10nodi/grafo962.10,20,10,10,12,12,0.0,0,6,0.0017011165618896484,2
55,graficon10nodi/grafo460.10,20,10,9,10,9,0.0,0,2,0.0007567405700683594,2
56,graficon11nodi/grafo3073.11,20,11,11,13,13,0.0,0,3,0.0022125244140625,2
57,graficon11nodi/grafo316.11,20,11,13,14,16,0.0,0,22,0.0040283203125,2
58,graficon13nodi/grafo2415.13,20,13,13,14,14,0.0,0,5,0.0031218528747558594,2
59,graficon12nodi/grafo861.12,20,12,12,14,14,0.0,0,21,0.007039546966552734,2
60,graficon11nodi/grafo612.11,20,11,11,13,13,0.0,0,7,0.002208232879638672,2
61,graficon10nodi/grafo513.10,20,10,10,12,12,0.0,0,6,0.00231170654296875,2
62,graficon12nodi/grafo352.12,20,12,12,14,14,1.0,1,6,0.003055095672607422,2
63,graficon11nodi/grafo3113.11,20,11,11,13,13,0.0,0,3,0.0025610923767089844,2
64,graficon12nodi/grafo2651.12,20,12,13,12,13,1.0,2,13,0.004816770553588867,2
65,graficon13nodi/grafo2595.13,20,13,12,13,12,0.0,0,5,0.003098011016845703,2
66,graficon14nodi/grafo345.14,20,14,13,14,13,0.0,0,9,0.0034444332122802734,2
67,graficon10nodi/grafo209.10,20,10,10,12,12,0.0,0,6,0.0018398761749267578,2
68,graficon11nodi/grafo1005.11,20,11,11,12,12,0.0,0,9,0.002230405807495117,2
69,graficon10nodi/grafo1032.10,20,10,9,10,9,0.0,0,2,0.0014073848724365234,2
70,graficon10nodi/grafo210.10,20,10,10,12,12,0.0,0,6,0.0019969940185546875,2
71,graficon11nodi/grafo759.11,20,11,12,12,13,1.0,1,7,0.0038471221923828125,2
72,graficon10nodi/grafo265.10,20,10,12,12,14,1.0,1,16,0.00427699089050293,2
73,graficon12nodi/grafo2439.12,20,12,12,13,13,0.0,0,10,0.002771615982055664,2
74,graficon11nodi/grafo748.11,20,11,11,13,13,0.0,0,8,0.002577066421508789,2
75,graficon11nodi/grafo2714.11,20,11,11,13,13,0.0,0,5,0.0022580623626708984,2
76,graficon15nodi/grafo886.15,20,15,15,18,18,0.0,0,20,0.006783246994018555,2
77,graficon12nodi/grafo2359.12,20,12,17,16,21,1.0,3,67,0.03315448760986328,2
78,graficon17nodi/grafo565.17,20,17,17,19,19,0.0,0,7,0.0029370784759521484,2
79,graficon14nodi/grafo642.14,20,14,15,16,17,1.0,1,14,0.0062749385833740234,2
80,graficon15nodi/grafo2783.15,20,15,17,19,21,1.0,1,24,0.00966334342956543,2
81,graficon12nodi/grafo2707.12,20,12,14,16,18,1.0,1,10,0.005576372146606445,2
82,graficon16nodi/grafo2861.16,20,16,15,18,17,1.0,1,21,0.007833242416381836,2
83,graficon16nodi/grafo853.16,20,16,16,16,16,0.0,0,11,0.003523111343383789,2
84,graficon17nodi/grafo1122.17,20,17,17,19,19,0.0,0,7,0.003114461898803711,2
85,graficon11nodi/grafo2384.11,20,11,12,15,16,0.0,0,9,0.0020143985748291016,2
86,graficon15nodi/grafo1618.15,20,15,16,19,20,0.0,0,29,0.008841276168823242,2
87,graficon13nodi/grafo325.13,20,13,14,15,16,1.0,1,11,0.002643585205078125,2
88,graficon17nodi/grafo1161.17,20,17,18,19,20,0.0,0,23,0.0065152645111083984,2
89,graficon13nodi/grafo510.13,20,13,16,18,21,1.0,1,21,0.013419866561889648,2
90,graficon14nodi/grafo367.14,20,14,14,15,15,0.0,0,11,0.007195949554443359,2
91,graficon13nodi/grafo477.13,20,13,13,15,15,0.0,0,4,0.002585887908935547,2
92,graficon13nodi/grafo951.13,20,13,17,19,23,0.0,0,45,0.011937141418457031,2
93,graficon11nodi/grafo1734.11,20,11,14,17,20,1.0,1,36,0.00814509391784668,2
94,graficon15nodi/grafo2797.15,20,15,17,15,17,1.0,1,19,0.006824970245361328,2
95,graficon12nodi/grafo2335.12,20,12,14,19,21,0.0,0,14,0.006533145904541016,2
96,graficon10nodi/grafo1740.10,20,10,13,17,20,1.0,1,36,0.011518239974975586,2
97,graficon13nodi/grafo1853.13,20,13,15,17,19,1.0,3,45,0.03604912757873535,2
98,graficon16nodi/grafo2142.16,20,16,16,17,17,0.0,0,14,0.00570988655090332,2
99,graficon14nodi/grafo956.14,20,14,15,15,16,1.0,1,12,0.007565975189208984,2
100,graficon15nodi/grafo585.15,20,15,16,19,20,0.0,0,31,0.0091400146484375,2
101,graficon14nodi/grafo2291.14,20,14,14,16,16,1.0,1,25,0.01275777816772461,2
102,graficon14nodi/grafo1658.14,20,14,15,19,20,0.0,0,16,0.005957365036010742,2
103,graficon13nodi/grafo559.13,20,13,15,19,21,0.0,0,17,0.004008293151855469,2
104,graficon15nodi/grafo2377.15,20,15,15,16,16,0.0,0,11,0.003140687942504883,2
105,graficon14nodi/grafo2189.14,20,14,16,17,19,1.0,1,27,0.009391069412231445,2
106,graficon16nodi/grafo322.16,20,16,15,17,16,0.0,0,9,0.0044553279876708984,2
107,graficon14nodi/grafo2460.14,20,14,14,15,15,0.0,0,9,0.006611824035644531,2
108,graficon16nodi/grafo1177.16,20,16,15,17,16,0.0,0,15,0.0039310455322265625,2
109,graficon13nodi/grafo203.13,20,13,14,15,16,1.0,1,9,0.007314205169677734,2
110,graficon13nodi/grafo387.13,20,13,15,19,21,1.0,1,20,0.009627103805541992,2
111,graficon15nodi/grafo1107.15,20,15,19,19,23,0.0,0,28,0.007343292236328125,2
112,graficon12nodi/grafo576.12,20,12,14,17,19,0.0,0,8,0.0025577545166015625,2
113,graficon12nodi/grafo542.12,20,12,14,17,19,0.0,0,14,0.004048347473144531,2
114,graficon10nodi/grafo1898.10,20,10,15,16,21,1.0,1,34,0.012763261795043945,2
115,graficon12nodi/grafo543.12,20,12,12,15,15,1.0,1,9,0.006020545959472656,2
116,graficon14nodi/grafo843.14,20,14,14,15,15,0.0,0,25,0.006439685821533203,2
117,graficon14nodi/grafo1620.14,20,14,15,17,18,0.0,0,16,0.004498720169067383,2
118,graficon14nodi/grafo255.14,20,14,16,16,18,1.0,2,35,0.011857748031616211,2
119,graficon14nodi/grafo899.14,20,14,15,15,16,1.0,1,26,0.011671304702758789,2
120,graficon17nodi/grafo422.17,20,17,17,18,18,0.0,0,29,0.013566732406616211,2
121,graficon13nodi/grafo440.13,20,13,14,18,19,0.0,0,17,0.004357099533081055,2
122,graficon11nodi/grafo280.11,20,11,12,15,16,0.0,0,21,0.0057981014251708984,2
123,graficon15nodi/grafo2331.15,20,15,17,17,19,0.0,0,19,0.004220724105834961,2
124,graficon11nodi/grafo1006.11,20,11,12,15,16,0.0,0,8,0.003858804702758789,2
125,graficon13nodi/grafo2218.13,20,13,13,16,16,1.0,1,13,0.0041425228118896484,2
126,graficon14nodi/grafo3087.14,20,14,14,16,16,0.0,0,13,0.008451700210571289,2
127,graficon16nodi/grafo1069.16,20,16,15,17,16,0.0,0,14,0.0031533241271972656,2
128,graficon14nodi/grafo524.14,20,14,15,15,16,0.0,0,13,0.0032265186309814453,2
129,graficon11nodi/grafo1913.11,20,11,14,15,18,0.0,0,15,0.006022930145263672,2
130,graficon14nodi/grafo2919.14,20,14,15,17,18,0.0,0,20,0.0062694549560546875,2
131,graficon16nodi/grafo418.16,20,16,18,19,21,0.0,0,34,0.010699272155761719,2
132,graficon13nodi/grafo1935.13,20,13,18,17,22,1.0,1,31,0.011789083480834961,2
133,graficon17nodi/grafo774.17,20,17,18,19,20,1.0,2,50,0.02929520606994629,2
134,graficon16nodi/grafo1029.16,20,16,16,18,18,0.0,0,8,0.0014297962188720703,2
135,graficon12nodi/grafo2663.12,20,12,13,15,16,0.0,0,11,0.002093791961669922,2
136,graficon14nodi/grafo2634.14,20,14,13,15,14,0.0,0,12,0.004725217819213867,2
137,graficon12nodi/grafo2380.12,20,12,12,16,16,0.0,0,10,0.005086183547973633,2
138,graficon17nodi/grafo2146.17,20,17,17,19,19,0.0,0,17,0.005016326904296875,2
139,graficon14nodi/grafo2900.14,20,14,14,18,18,0.0,0,10,0.004233837127685547,2
140,graficon13nodi/grafo430.13,20,13,14,16,17,0.0,0,10,0.002808809280395508,2
141,graficon10nodi/grafo938.10,20,10,14,19,23,1.0,3,55,0.023325443267822266,2
142,graficon14nodi/grafo1063.14,20,14,15,18,19,0.0,0,11,0.002703428268432617,2
143,graficon11nodi/grafo2964.11,20,11,12,19,20,0.0,0,12,0.002833843231201172,2
144,graficon13nodi/grafo989.13,20,13,14,18,19,0.0,0,12,0.0029180049896240234,2
145,graficon11nodi/grafo822.11,20,11,13,18,20,1.0,1,13,0.004815101623535156,2
146,graficon10nodi/grafo1774.10,20,10,15,16,21,1.0,1,34,0.013723134994506836,2
147,graficon11nodi/grafo900.11,20,11,13,18,20,0.0,0,9,0.0028748512268066406,2
148,graficon13nodi/grafo2927.13,20,13,14,19,20,1.0,1,23,1.12589430809021,2
149,graficon13nodi/grafo2354.13,20,13,16,19,22,1.0,1,24,0.010970115661621094,2
150,graficon13nodi/grafo791.13,20,13,15,19,21,1.0,1,16,0.006796360015869141,2
151,graficon16nodi/grafo1945.16,20,16,17,23,24,1.0,2,29,0.026653766632080078,2
152,graficon17nodi/grafo2644.17,20,17,19,23,25,0.0,0,23,0.011342048645019531,2
153,graficon17nodi/grafo2882.17,20,17,18,24,25,0.0,0,25,0.011068105697631836,2
154,graficon19nodi/grafo794.19,20,19,21,22,24,1.0,1,23,0.010905027389526367,2
155,graficon14nodi/grafo489.14,20,14,15,22,23,1.0,1,15,0.01009368896484375,2
156,graficon18nodi/grafo1865.18,20,18,20,23,25,0.0,0,30,0.013808012008666992,2
157,graficon15nodi/grafo1970.15,20,15,17,22,24,0.0,0,18,0.0055501461029052734,2
158,graficon14nodi/grafo2419.14,20,14,17,24,27,1.0,1,27,0.01990365982055664,2
159,graficon12nodi/grafo2855.12,20,12,17,24,29,1.0,1,21,0.015229225158691406,2
160,graficon13nodi/grafo1729.13,20,13,19,22,28,2.0,5,78,0.030854225158691406,2
161,graficon13nodi/grafo2832.13,20,13,14,23,24,0.0,0,20,0.00863790512084961,2
162,graficon18nodi/grafo1893.18,20,18,18,21,21,0.0,0,14,0.0062713623046875,2
163,graficon18nodi/grafo1059.18,20,18,18,22,22,0.0,0,10,0.003648996353149414,2
164,graficon12nodi/grafo2890.12,20,12,14,20,22,0.0,0,18,0.007500886917114258,2
165,graficon16nodi/grafo2231.16,20,16,20,22,26,1.0,1,30,0.013896703720092773,2
166,graficon20nodi/grafo2767.20,20,20,22,24,26,1.0,1,33,0.017937421798706055,2
167,graficon20nodi/grafo3051.20,20,20,23,24,27,0.0,0,20,0.006433248519897461,2
168,graficon12nodi/grafo638.12,20,12,17,22,27,0.0,0,32,0.009287834167480469,2
169,graficon15nodi/grafo2233.15,20,15,20,23,28,0.0,0,42,0.014706134796142578,2
170,graficon16nodi/grafo275.16,20,16,18,24,26,1.0,1,27,0.006791353225708008,2
171,graficon22nodi/grafo2137.22,20,22,21,24,23,0.0,0,29,0.007408857345581055,2
172,graficon18nodi/grafo314.18,20,18,18,22,22,0.0,0,10,0.0032024383544921875,2
173,graficon15nodi/grafo2225.15,20,15,18,23,26,0.0,0,16,0.005117654800415039,2
174,graficon11nodi/grafo1876.11,20,11,19,24,32,2.0,6,41,0.06067633628845215,2
175,graficon13nodi/grafo891.13,20,13,13,20,20,0.0,0,14,0.006658315658569336,2
176,graficon12nodi/grafo2675.12,20,12,14,20,22,0.0,0,18,0.006339073181152344,2
177,graficon11nodi/grafo1835.11,20,11,15,21,25,0.0,0,18,0.006679534912109375,2
178,graficon23nodi/grafo2357.23,20,23,22,24,23,0.0,0,38,0.015489339828491211,2
179,graficon15nodi/grafo1982.15,20,15,17,24,26,1.0,1,36,0.014951467514038086,2
180,graficon14nodi/grafo378.14,20,14,17,22,25,0.0,0,37,0.015551567077636719,2
181,graficon17nodi/grafo2324.17,20,17,21,23,27,1.0,2,25,0.012240886688232422,2
182,graficon13nodi/grafo964.13,20,13,16,23,26,0.0,0,27,0.011080503463745117,2
183,graficon19nodi/grafo423.19,20,19,21,23,25,0.0,0,30,0.014474153518676758,2
184,graficon13nodi/grafo2204.13,20,13,13,20,20,0.0,0,17,0.006294727325439453,2
185,graficon13nodi/grafo443.13,20,13,15,20,22,1.0,2,16,0.030216217041015625,2
186,graficon20nodi/grafo215.20,20,20,22,24,26,1.0,1,36,0.016752243041992188,2
187,graficon14nodi/grafo1662.14,20,14,20,24,30,1.0,2,41,0.07711648941040039,2
188,graficon20nodi/grafo495.20,20,20,20,24,24,0.0,0,11,0.002305269241333008,2
189,graficon16nodi/grafo2281.16,20,16,21,24,29,1.0,1,50,0.021701574325561523,2
190,graficon11nodi/grafo1054.11,20,11,15,23,27,0.0,0,42,0.014232158660888672,2
191,graficon16nodi/grafo661.16,20,16,17,21,22,1.0,1,11,0.01051783561706543,2
192,graficon12nodi/grafo844.12,20,12,18,20,26,1.0,2,43,0.021728038787841797,2
193,graficon19nodi/grafo1661.19,20,19,21,21,23,1.0,2,20,0.0186617374420166,2
194,graficon18nodi/grafo2186.18,20,18,23,23,28,1.0,3,21,0.011281490325927734,2
195,graficon12nodi/grafo2867.12,20,12,16,22,26,0.0,0,39,0.012868881225585938,2
196,graficon15nodi/grafo1136.15,20,15,17,24,26,0.0,0,20,0.008674383163452148,2
197,graficon20nodi/grafo1651.20,20,20,21,23,24,1.0,1,51,0.027892112731933594,2
198,graficon15nodi/grafo2157.15,20,15,15,20,20,0.0,0,13,0.004809141159057617,2
199,graficon17nodi/grafo1634.17,20,17,18,20,21,1.0,1,50,0.03368020057678223,2
200,graficon16nodi/grafo2440.16,20,16,20,22,26,2.0,4,27,0.0673227310180664,2
201,graficon18nodi/grafo953.18,20,18,18,22,22,0.0,0,10,0.0036437511444091797,2
202,graficon23nodi/grafo1485.23,20,23,22,23,22,0.0,0,26,0.011899232864379883,2
203,graficon13nodi/grafo2620.13,20,13,16,20,23,0.0,0,25,0.00729823112487793,2
204,graficon17nodi/grafo2680.17,20,17,22,22,27,1.0,2,59,0.02455735206604004,2
205,graficon20nodi/grafo1649.20,20,20,22,24,26,1.0,2,45,0.03703808784484863,2
206,graficon19nodi/grafo1897.19,20,19,20,24,25,0.0,0,47,0.02470541000366211,2
207,graficon13nodi/grafo2645.13,20,13,17,23,27,0.0,0,25,0.011337518692016602,2
208,graficon18nodi/grafo2480.18,20,18,21,22,25,0.0,0,41,0.012744665145874023,2
209,graficon13nodi/grafo2298.13,20,13,14,21,22,0.0,0,14,0.005731821060180664,2
210,graficon15nodi/grafo739.15,20,15,18,23,26,0.0,0,40,0.0128173828125,2
211,graficon17nodi/grafo2679.17,20,17,19,21,23,1.0,1,23,0.014184236526489258,2
212,graficon14nodi/grafo2430.14,20,14,15,21,22,0.0,0,16,0.0047299861907958984,2
213,graficon15nodi/grafo582.15,20,15,16,22,23,0.0,0,12,0.007218360900878906,2
214,graficon11nodi/grafo1619.11,20,11,15,21,25,1.0,3,30,0.04242205619812012,2
215,graficon15nodi/grafo1124.15,20,15,16,23,24,0.0,0,19,0.01141810417175293,2
216,graficon12nodi/grafo1763.12,20,12,21,22,31,1.0,2,59,0.01944136619567871,2
217,graficon17nodi/grafo1094.17,20,17,19,21,23,0.0,0,14,0.003582477569580078,2
218,graficon15nodi/grafo2903.15,20,15,16,20,21,1.0,1,21,0.011968612670898438,2
219,graficon11nodi/grafo1088.11,20,11,17,22,28,0.0,0,49,0.018867015838623047,2
220,graficon17nodi/grafo645.17,20,17,19,21,23,0.0,0,32,0.012788057327270508,2
221,graficon16nodi/grafo2537.16,20,16,19,21,24,0.0,0,21,0.005272388458251953,2
222,graficon15nodi/grafo1030.15,20,15,16,23,24,0.0,0,19,0.010349273681640625,2
223,graficon14nodi/grafo242.14,20,14,16,21,23,0.0,0,21,0.005695819854736328,2
224,graficon17nodi/grafo1009.17,20,17,17,24,24,0.0,0,12,0.006823062896728516,2
225,graficon13nodi/grafo3112.13,20,13,14,20,21,0.0,0,12,0.0058133602142333984,2
226,graficon16nodi/grafo1731.16,20,16,19,25,28,0.0,0,27,0.01117849349975586,2
227,graficon16nodi/grafo967.16,20,16,17,26,27,0.0,0,9,0.00605463981628418,2
228,graficon17nodi/grafo1732.17,20,17,20,27,30,0.0,0,34,0.021082162857055664,2
229,graficon20nodi/grafo2272.20,20,20,23,27,30,0.0,0,42,0.016474008560180664,2
230,graficon18nodi/grafo1146.18,20,18,29,29,40,3.0,6,77,0.09589529037475586,2
231,graficon18nodi/grafo2289.18,20,18,20,25,27,0.0,0,31,0.00996708869934082,2
232,graficon16nodi/grafo2420.16,20,16,18,28,30,1.0,1,18,0.009940624237060547,2
233,graficon12nodi/grafo574.12,20,12,19,27,34,1.0,2,32,0.03185319900512695,2
234,graficon21nodi/grafo804.21,20,21,22,28,29,0.0,0,42,0.021521568298339844,2
235,graficon22nodi/grafo694.22,20,22,23,27,28,0.0,0,24,0.007596731185913086,2
236,graficon17nodi/grafo479.17,20,17,23,25,31,3.0,7,96,0.04894208908081055,2
237,graficon18nodi/grafo538.18,20,18,19,25,26,0.0,0,21,0.005932331085205078,2
238,graficon21nodi/grafo2416.21,20,21,24,29,32,1.0,1,23,0.007835865020751953,2
239,graficon17nodi/grafo2418.17,20,17,20,26,29,1.0,2,33,0.04378223419189453,2
240,graficon24nodi/grafo1463.24,20,24,25,25,26,0.0,0,34,0.011387109756469727,2
241,graficon13nodi/grafo1885.13,20,13,16,25,28,0.0,0,29,0.009157180786132812,2
242,graficon11nodi/grafo1697.11,20,11,17,28,34,1.0,2,21,0.027086496353149414,2
243,graficon15nodi/grafo583.15,20,15,19,25,29,1.0,2,46,0.04991650581359863,2
244,graficon19nodi/grafo2951.19,20,19,24,27,32,1.0,1,37,0.0142364501953125,2
245,graficon14nodi/grafo520.14,20,14,22,29,37,0.0,0,53,0.010066747665405273,2
246,graficon17nodi/grafo2594.17,20,17,21,25,29,1.0,2,57,0.05637407302856445,2
247,graficon18nodi/grafo993.18,20,18,23,28,33,2.0,3,49,0.03640937805175781,2
248,graficon21nodi/grafo127.21,20,21,21,26,26,0.0,0,24,0.009481191635131836,2
249,graficon16nodi/grafo400.16,20,16,17,26,27,0.0,0,9,0.008815526962280273,2
250,graficon17nodi/grafo302.17,20,17,19,28,30,0.0,0,18,0.006777524948120117,2
251,graficon21nodi/grafo158.21,20,21,24,29,32,1.0,1,42,0.02641606330871582,2
252,graficon16nodi/grafo540.16,20,16,17,26,27,0.0,0,9,0.009011030197143555,2
253,graficon13nodi/grafo2303.13,20,13,19,28,34,0.0,0,49,0.018679141998291016,2
254,graficon21nodi/grafo1937.21,20,21,24,26,29,1.0,4,34,0.034229278564453125,2
255,graficon15nodi/grafo778.15,20,15,17,26,28,0.0,0,16,0.008396148681640625,2
256,graficon15nodi/grafo855.15,20,15,17,25,27,0.0,0,16,0.005987405776977539,2
257,graficon18nodi/grafo1652.18,20,18,20,25,27,0.0,0,24,0.014911413192749023,2
258,graficon13nodi/grafo2659.13,20,13,16,25,28,0.0,0,32,0.011306285858154297,2
259,graficon17nodi/grafo2682.17,20,17,19,26,28,1.0,2,37,0.043292999267578125,2
260,graficon16nodi/grafo1119.16,20,16,22,28,34,1.0,3,56,0.036637306213378906,2
261,graficon14nodi/grafo1870.14,20,14,21,28,35,1.0,3,47,0.04523277282714844,2
262,graficon19nodi/grafo1172.19,20,19,23,26,30,1.0,1,36,0.01452493667602539,2
263,graficon13nodi/grafo511.13,20,13,14,25,26,0.0,0,6,0.0024971961975097656,2
264,graficon18nodi/grafo1648.18,20,18,24,26,32,1.0,5,64,0.04645133018493652,2
265,graficon17nodi/grafo893.17,20,17,21,26,30,0.0,0,77,0.03165459632873535,2
266,graficon17nodi/grafo917.17,20,17,20,28,31,0.0,0,41,0.01341104507446289,2
267,graficon23nodi/grafo2256.23,20,23,26,29,32,0.0,0,32,0.02789902687072754,2
268,graficon18nodi/grafo2556.18,20,18,22,28,32,0.0,0,40,0.02056145668029785,2
269,graficon15nodi/grafo2921.15,20,15,17,27,29,0.0,0,16,0.009074687957763672,2
270,graficon21nodi/grafo1762.21,20,21,25,25,29,3.0,5,70,0.15662837028503418,2
271,graficon21nodi/grafo1064.21,20,21,26,25,30,2.0,9,48,0.13245773315429688,2
272,graficon18nodi/grafo784.18,20,18,23,25,30,1.0,3,56,0.04843854904174805,2
273,graficon16nodi/grafo2236.16,20,16,20,28,32,1.0,1,45,0.014577150344848633,2
274,graficon17nodi/grafo2345.17,20,17,20,26,29,1.0,1,24,0.0074329376220703125,2
275,graficon18nodi/grafo2307.18,20,18,23,26,31,1.0,3,43,0.03724408149719238,2
276,graficon17nodi/grafo1056.17,20,17,22,29,34,1.0,1,33,0.011943817138671875,2
277,graficon18nodi/grafo1152.18,20,18,24,28,34,1.0,1,42,0.030692338943481445,2
278,graficon24nodi/grafo3100.24,20,24,28,26,30,1.0,2,53,0.027223587036132812,2
279,graficon16nodi/grafo279.16,20,16,19,27,30,0.0,0,26,0.008683443069458008,2
280,graficon17nodi/grafo2401.17,20,17,31,28,42,7.0,36,207,1.0082464218139648,2
281,graficon16nodi/grafo2302.16,20,16,20,25,29,1.0,1,25,0.01596975326538086,2
282,graficon16nodi/grafo2525.16,20,16,19,26,29,1.0,1,28,0.01151585578918457,2
283,graficon17nodi/grafo2924.17,20,17,22,28,33,1.0,1,74,0.026513099670410156,2
284,graficon22nodi/grafo167.22,20,22,24,29,31,1.0,1,41,0.022323131561279297,2
285,graficon16nodi/grafo2542.16,20,16,21,26,31,1.0,1,42,0.02021026611328125,2
286,graficon16nodi/grafo2636.16,20,16,22,26,32,2.0,5,33,0.07161307334899902,2
287,graficon17nodi/grafo2758.17,20,17,20,26,29,1.0,1,17,0.006867885589599609,2
288,graficon20nodi/grafo2554.20,20,20,22,25,27,1.0,1,32,0.014119386672973633,2
289,graficon25nodi/grafo2775.25,20,25,26,25,26,2.0,2,65,0.06837844848632812,2
290,graficon19nodi/grafo409.19,20,19,22,25,28,1.0,2,67,0.08733344078063965,2
291,graficon16nodi/grafo2326.16,20,16,21,25,30,1.0,1,56,0.014476299285888672,2
292,graficon14nodi/grafo596.14,20,14,16,27,29,0.0,0,13,0.008170604705810547,2
293,graficon20nodi/grafo679.20,20,20,25,29,34,1.0,2,48,0.09199142456054688,2
294,graficon23nodi/grafo188.23,20,23,24,27,28,0.0,0,31,0.006984233856201172,2
295,graficon19nodi/grafo2449.19,20,19,24,25,30,2.0,4,48,0.09846615791320801,2
296,graficon23nodi/grafo1038.23,20,23,24,27,28,1.0,1,17,0.0059015750885009766,2
297,graficon17nodi/grafo2177.17,20,17,22,26,31,0.0,0,46,0.017726659774780273,2
298,graficon20nodi/grafo786.20,20,20,23,26,29,1.0,2,58,0.06193256378173828,2
299,graficon17nodi/grafo1875.17,20,17,21,28,32,1.0,1,73,0.05915641784667969,2
300,graficon14nodi/grafo796.14,20,14,19,27,32,1.0,3,58,0.03624844551086426,2
301,graficon21nodi/grafo2119.21,20,21,27,32,38,2.0,7,91,0.16184759140014648,2
302,graficon15nodi/grafo1013.15,20,15,23,31,39,1.0,2,75,0.06532716751098633,2
303,graficon17nodi/grafo415.17,20,17,24,33,40,3.0,5,91,0.1160738468170166,2
304,graficon26nodi/grafo578.26,20,26,27,30,31,1.0,1,68,0.04405403137207031,2
305,graficon25nodi/grafo2077.25,20,25,29,31,35,2.0,7,82,0.15429091453552246,2
306,graficon29nodi/grafo2085.29,20,29,30,33,34,0.0,0,29,0.015355110168457031,2
307,graficon19nodi/grafo1834.19,20,19,23,32,36,0.0,0,28,0.010579347610473633,2
308,graficon24nodi/grafo1830.24,20,24,29,34,39,1.0,1,45,0.021856307983398438,2
309,graficon21nodi/grafo245.21,20,21,22,30,31,1.0,1,26,0.011816263198852539,2
310,graficon21nodi/grafo1645.21,20,21,23,30,32,0.0,0,70,0.027907371520996094,2
311,graficon20nodi/grafo1761.20,20,20,26,31,37,0.0,0,55,0.018376827239990234,2
312,graficon26nodi/grafo1805.26,20,26,31,33,38,2.0,5,39,0.08759522438049316,2
313,graficon18nodi/grafo2744.18,20,18,24,34,40,1.0,3,76,0.04387402534484863,2
314,graficon20nodi/grafo2268.20,20,20,24,32,36,1.0,3,50,0.0175173282623291,2
315,graficon25nodi/grafo2837.25,20,25,27,32,34,0.0,0,47,0.011072635650634766,2
316,graficon21nodi/grafo2833.21,20,21,24,30,33,1.0,1,32,0.019469499588012695,2
317,graficon20nodi/grafo3049.20,20,20,24,33,37,2.0,2,45,0.04317593574523926,2
318,graficon26nodi/grafo1799.26,20,26,30,32,36,1.0,3,68,0.07548666000366211,2
319,graficon17nodi/grafo1403.17,20,17,23,30,36,1.0,1,46,0.019794702529907227,2
320,graficon27nodi/grafo2498.27,20,27,32,34,39,2.0,3,68,0.07778167724609375,2
321,graficon22nodi/grafo2819.22,20,22,25,33,36,0.0,0,20,0.012641191482543945,2
322,graficon16nodi/grafo421.16,20,16,22,33,39,1.0,1,86,0.04125237464904785,2
323,graficon14nodi/grafo1074.14,20,14,19,32,37,1.0,2,35,0.04919123649597168,2
324,graficon24nodi/grafo918.24,20,24,24,32,32,0.0,0,35,0.012038230895996094,2
325,graficon18nodi/grafo1780.18,20,18,24,30,36,1.0,1,43,0.021265745162963867,2
326,graficon29nodi/grafo1198.29,20,29,29,31,31,1.0,1,32,0.020590782165527344,2
327,graficon15nodi/grafo2591.15,20,15,23,31,39,1.0,2,56,0.06352949142456055,2
328,graficon19nodi/grafo924.19,20,19,21,32,34,0.0,0,34,0.016855239868164062,2
329,graficon23nodi/grafo835.23,20,23,27,31,35,2.0,6,58,0.12218356132507324,2
330,graficon17nodi/grafo829.17,20,17,21,33,37,0.0,0,51,0.026244163513183594,2
331,graficon16nodi/grafo1635.16,20,16,25,34,43,1.0,1,72,0.08537650108337402,2
332,graficon14nodi/grafo649.14,20,14,24,32,42,2.0,5,88,0.10624885559082031,2
333,graficon18nodi/grafo1824.18,20,18,23,32,37,1.0,1,21,0.018686532974243164,2
334,graficon26nodi/grafo1629.26,20,26,29,30,33,1.0,1,32,1.149604082107544,2
335,graficon15nodi/grafo1142.15,20,15,24,32,41,1.0,1,91,0.06886863708496094,2
336,graficon22nodi/grafo2410.22,20,22,24,30,32,1.0,1,23,0.014546871185302734,2
337,graficon23nodi/grafo2028.23,20,23,32,32,41,3.0,13,116,0.23917150497436523,2
338,graficon25nodi/grafo1040.25,20,25,32,34,41,3.0,12,111,0.1624593734741211,2
339,graficon17nodi/grafo2494.17,20,17,20,30,33,1.0,1,27,0.014926433563232422,2
340,graficon21nodi/grafo381.21,20,21,23,31,33,1.0,1,33,0.014827728271484375,2
341,graficon19nodi/grafo2425.19,20,19,23,30,34,2.0,2,48,0.08945679664611816,2
342,graficon26nodi/grafo1230.26,20,26,29,30,33,1.0,2,28,0.036034345626831055,2
343,graficon17nodi/grafo1861.17,20,17,21,34,38,1.0,2,24,0.04093813896179199,2
344,graficon27nodi/grafo1232.27,20,27,31,33,37,2.0,7,118,0.37479138374328613,2
345,graficon27nodi/grafo2582.27,20,27,27,34,34,0.0,0,32,0.008671998977661133,2
346,graficon24nodi/grafo2017.24,20,24,28,32,36,1.0,2,59,0.058496952056884766,2
347,graficon32nodi/grafo11636.32,20,32,32,33,33,0.0,0,38,0.009105920791625977,2
348,graficon19nodi/grafo621.19,20,19,27,30,38,3.0,3,78,0.08248138427734375,2
349,graficon16nodi/grafo2023.16,20,16,20,34,38,1.0,2,27,0.03587055206298828,2
350,graficon23nodi/grafo622.23,20,23,25,33,35,1.0,1,40,0.014594554901123047,2
351,graficon19nodi/grafo2135.19,20,19,23,33,37,1.0,2,41,0.06266331672668457,2
352,graficon15nodi/grafo879.15,20,15,20,30,35,0.0,0,46,0.015909671783447266,2
353,graficon22nodi/grafo1012.22,20,22,24,31,33,0.0,0,45,0.014709234237670898,2
354,graficon20nodi/grafo429.20,20,20,28,34,42,2.0,6,80,0.0632936954498291,2
355,graficon26nodi/grafo1269.26,20,26,28,31,33,0.0,0,77,0.027289867401123047,2
356,graficon17nodi/grafo2520.17,20,17,24,32,39,2.0,7,78,0.08818697929382324,2
357,graficon32nodi/grafo10052.32,20,32,33,34,35,0.0,0,36,0.010698080062866211,2
358,graficon20nodi/grafo874.20,20,20,25,34,39,1.0,1,41,0.0270233154296875,2
359,graficon20nodi/grafo1901.20,20,20,26,33,39,1.0,2,106,0.0888369083404541,2
360,graficon22nodi/grafo2456.22,20,22,26,33,37,0.0,0,43,0.028470993041992188,2
361,graficon17nodi/grafo276.17,20,17,20,31,34,1.0,1,28,0.014709711074829102,2
362,graficon25nodi/grafo575.25,20,25,29,34,38,1.0,2,52,0.06585264205932617,2
363,graficon17nodi/grafo517.17,20,17,23,33,39,1.0,1,52,0.016110897064208984,2
364,graficon19nodi/grafo1900.19,20,19,22,31,34,0.0,0,33,0.007111072540283203,2
365,graficon22nodi/grafo1422.22,20,22,22,30,30,0.0,0,37,0.02128744125366211,2
366,graficon25nodi/grafo862.25,20,25,28,33,36,1.0,1,75,0.03054070472717285,2
367,graficon23nodi/grafo545.23,20,23,28,32,37,1.0,1,31,0.01688218116760254,2
368,graficon24nodi/grafo2341.24,20,24,29,34,39,1.0,1,69,0.03291630744934082,2
369,graficon26nodi/grafo1512.26,20,26,30,34,38,1.0,2,67,0.07346701622009277,2
370,graficon18nodi/grafo1626.18,20,18,27,32,41,2.0,8,77,0.12159991264343262,2
371,graficon21nodi/grafo2378.21,20,21,25,31,35,1.0,2,52,0.015987634658813477,2
372,graficon25nodi/grafo2051.25,20,25,26,33,34,0.0,0,17,0.005366086959838867,2
373,graficon32nodi/grafo9919.32,20,32,32,33,33,0.0,0,38,0.009492158889770508,2
374,graficon18nodi/grafo1940.18,20,18,24,31,37,1.0,1,31,0.026221513748168945,2
375,graficon25nodi/grafo1338.25,20,25,26,34,35,0.0,0,37,0.02147054672241211,2
376,graficon33nodi/grafo11170.33,20,33,42,39,48,1.0,2,70,0.062347412109375,2
377,graficon23nodi/grafo2966.23,20,23,26,36,39,0.0,0,38,0.017544984817504883,2
378,graficon29nodi/grafo1102.29,20,29,29,37,37,0.0,0,29,0.015261650085449219,2
379,graficon26nodi/grafo1340.26,20,26,31,38,43,2.0,4,68,0.062283992767333984,2
380,graficon22nodi/grafo1850.22,20,22,28,38,44,1.0,1,44,0.02223658561706543,2
381,graficon28nodi/grafo2572.28,20,28,34,38,44,2.0,3,72,0.07939457893371582,2
382,graficon17nodi/grafo420.17,20,17,25,37,45,2.0,3,69,0.050667762756347656,2
383,graficon20nodi/grafo2670.20,20,20,28,36,44,2.0,3,64,0.06413125991821289,2
384,graficon26nodi/grafo2766.26,20,26,32,38,44,1.0,2,42,0.017723560333251953,2
385,graficon29nodi/grafo1333.29,20,29,31,38,40,0.0,0,56,0.02338385581970215,2
386,graficon21nodi/grafo1863.21,20,21,26,35,40,2.0,4,68,0.1109316349029541,2
387,graficon27nodi/grafo1623.27,20,27,30,37,40,1.0,1,29,0.008645057678222656,2
388,graficon33nodi/grafo2828.33,20,33,37,38,42,1.0,3,51,0.05529522895812988,2
389,graficon26nodi/grafo2606.26,20,26,32,36,42,2.0,5,114,0.09143328666687012,2
390,graficon19nodi/grafo2371.19,20,19,24,35,40,0.0,0,63,0.01736617088317871,2
391,graficon25nodi/grafo2700.25,20,25,28,36,39,1.0,2,53,0.02073073387145996,2
392,graficon24nodi/grafo2587.24,20,24,28,36,40,1.0,5,64,0.06414341926574707,2
393,graficon15nodi/grafo947.15,20,15,24,39,48,1.0,3,72,0.0692300796508789,2
394,graficon19nodi/grafo2562.19,20,19,28,36,45,1.0,4,73,0.0730278491973877,2
395,graficon32nodi/grafo11456.32,20,32,33,35,36,1.0,1,43,0.01461029052734375,2
396,graficon27nodi/grafo248.27,20,27,33,38,44,1.0,4,82,0.1823875904083252,2
397,graficon22nodi/grafo2676.22,20,22,26,38,42,0.0,0,39,0.02334284782409668,2
398,graficon32nodi/grafo11607.32,20,32,38,39,45,1.0,4,73,0.07789254188537598,2
399,graficon19nodi/grafo2171.19,20,19,23,35,39,1.0,1,43,0.021506547927856445,2
400,graficon19nodi/grafo1666.19,20,19,28,37,46,1.0,1,95,0.05130958557128906,2
401,graficon33nodi/grafo11210.33,20,33,42,39,48,1.0,2,70,0.06499266624450684,2
402,graficon26nodi/grafo2123.26,20,26,28,35,37,1.0,1,76,0.04837942123413086,2
403,graficon26nodi/grafo3056.26,20,26,36,35,45,3.0,16,143,0.1365208625793457,2
404,graficon30nodi/grafo1582.30,20,30,34,35,39,1.0,2,99,0.10756969451904297,2
405,graficon24nodi/grafo1440.24,20,24,32,37,45,2.0,6,120,0.3732297420501709,2
406,graficon33nodi/grafo9903.33,20,33,42,39,48,1.0,2,70,0.07036995887756348,2
407,graficon23nodi/grafo1557.23,20,23,29,37,43,1.0,2,89,0.11936235427856445,2
408,graficon21nodi/grafo1941.21,20,21,26,37,42,1.0,1,46,0.027967453002929688,2
409,graficon13nodi/grafo317.13,20,13,21,38,46,1.0,2,53,0.055443763732910156,2
410,graficon33nodi/grafo154.33,20,33,34,36,37,0.0,0,60,0.017904996871948242,2
411,graficon31nodi/grafo10007.31,20,31,34,35,38,2.0,4,67,0.12520599365234375,2
412,graficon20nodi/grafo1764.20,20,20,25,37,42,1.0,2,54,0.052126169204711914,2
413,graficon31nodi/grafo5484.31,20,31,32,38,39,1.0,2,37,0.06656074523925781,2
414,graficon27nodi/grafo1286.27,20,27,31,36,40,1.0,2,45,0.018724679946899414,2
415,graficon23nodi/grafo2200.23,20,23,29,38,44,2.0,2,60,0.08273696899414062,2
416,graficon24nodi/grafo872.24,20,24,28,37,41,2.0,2,46,0.017294645309448242,2
417,graficon22nodi/grafo605.22,20,22,26,39,43,0.0,0,58,0.04198145866394043,2
418,graficon29nodi/grafo1034.29,20,29,32,38,41,1.0,1,73,0.04328036308288574,2
419,graficon21nodi/grafo2356.21,20,21,27,35,41,2.0,2,31,0.045757293701171875,2
420,graficon33nodi/grafo10134.33,20,33,34,37,38,1.0,1,35,0.030971765518188477,2
421,graficon32nodi/grafo9867.32,20,32,33,35,36,1.0,1,43,0.014632940292358398,2
422,graficon26nodi/grafo753.26,20,26,28,36,38,1.0,2,28,0.020952463150024414,2
423,graficon21nodi/grafo123.21,20,21,25,38,42,1.0,1,41,0.028661012649536133,2
424,graficon25nodi/grafo1360.25,20,25,30,35,40,3.0,5,70,0.07997322082519531,2
425,graficon27nodi/grafo174.27,20,27,28,36,37,1.0,1,65,0.0345456600189209,2
426,graficon20nodi/grafo251.20,20,20,23,36,39,1.0,1,35,0.028426170349121094,2
427,graficon18nodi/grafo2768.18,20,18,23,35,40,1.0,2,29,0.06867527961730957,2
428,graficon36nodi/grafo2402.36,20,36,38,39,41,0.0,0,73,0.034071922302246094,2
429,graficon30nodi/grafo1237.30,20,30,35,39,44,1.0,1,66,0.01787400245666504,2
430,graficon20nodi/grafo2284.20,20,20,30,37,47,2.0,6,67,0.1555798053741455,2
431,graficon17nodi/grafo1160.17,20,17,23,39,45,1.0,1,66,0.018108606338500977,2
432,graficon27nodi/grafo2721.27,20,27,27,37,37,1.0,1,29,0.0257720947265625,2
433,graficon23nodi/grafo2691.23,20,23,31,39,47,2.0,5,102,0.1701340675354004,2
434,graficon22nodi/grafo2875.22,20,22,27,38,43,1.0,2,53,0.0448763370513916,2
435,graficon33nodi/grafo11130.33,20,33,42,39,48,1.0,2,70,0.06722521781921387,2
436,graficon18nodi/grafo2805.18,20,18,25,36,43,2.0,3,84,0.0997323989868164,2
437,graficon16nodi/grafo2584.16,20,16,22,39,45,1.0,2,31,0.020157814025878906,2
438,graficon17nodi/grafo597.17,20,17,24,36,43,0.0,0,68,0.03328967094421387,2
439,graficon24nodi/grafo1950.24,20,24,27,39,42,1.0,1,51,0.08644676208496094,2
440,graficon25nodi/grafo2067.25,20,25,28,38,41,1.0,1,31,0.03343081474304199,2
441,graficon15nodi/grafo2448.15,20,15,23,38,46,2.0,2,68,0.03248715400695801,2
442,graficon26nodi/grafo1273.26,20,26,27,36,37,0.0,0,68,0.028139591217041016,2
443,graficon32nodi/grafo11397.32,20,32,33,37,38,0.0,0,34,0.01869940757751465,2
444,graficon33nodi/grafo11023.33,20,33,33,36,36,0.0,0,25,0.011013984680175781,2
445,graficon33nodi/grafo11026.33,20,33,36,39,42,1.0,3,60,0.09508848190307617,2
446,graficon17nodi/grafo945.17,20,17,22,36,41,0.0,0,56,0.02622079849243164,2
447,graficon25nodi/grafo584.25,20,25,29,35,39,2.0,4,107,0.13141179084777832,2
448,graficon12nodi/grafo2426.12,20,12,18,38,44,0.0,0,47,0.02411937713623047,2
449,graficon18nodi/grafo2731.18,20,18,23,35,40,0.0,0,41,0.016008615493774414,2
450,graficon23nodi/grafo2217.23,20,23,29,35,41,3.0,9,54,0.22002935409545898,2
451,graficon26nodi/grafo2108.26,20,26,35,41,50,3.0,11,79,0.16007184982299805,2
452,graficon31nodi/grafo11581.31,20,31,36,42,47,2.0,4,107,0.19072508811950684,2
453,graficon25nodi/grafo1271.25,20,25,30,40,45,2.0,3,77,0.08582282066345215,2
454,graficon31nodi/grafo11454.31,20,31,36,42,47,2.0,4,107,0.19150257110595703,2
455,graficon25nodi/grafo163.25,20,25,37,44,56,4.0,28,199,1.7510249614715576,2
456,graficon19nodi/grafo950.19,20,19,23,43,47,0.0,0,37,0.021755695343017578,2
457,graficon30nodi/grafo1252.30,20,30,34,43,47,0.0,0,59,0.016936779022216797,2
458,graficon27nodi/grafo1217.27,20,27,29,42,44,0.0,0,60,0.027509689331054688,2
459,graficon34nodi/grafo11331.34,20,34,41,43,50,1.0,3,59,0.05643415451049805,2
460,graficon20nodi/grafo1873.20,20,20,27,40,47,2.0,6,62,0.09528517723083496,2
461,graficon34nodi/grafo5197.34,20,34,36,43,45,0.0,0,39,0.02046990394592285,2
462,graficon28nodi/grafo1615.28,20,28,35,43,50,3.0,8,115,0.1830434799194336,2
463,graficon27nodi/grafo3039.27,20,27,31,44,48,1.0,1,55,0.03299665451049805,2
464,graficon37nodi/grafo2519.37,20,37,39,44,46,0.0,0,95,0.10791802406311035,2
465,graficon27nodi/grafo2037.27,20,27,31,42,46,1.0,2,81,0.15479016304016113,2
466,graficon20nodi/grafo1757.20,20,20,25,41,46,1.0,1,43,0.021159887313842773,2
467,graficon23nodi/grafo551.23,20,23,29,43,49,0.0,0,68,0.03627824783325195,2
468,graficon32nodi/grafo10795.32,20,32,35,43,46,1.0,1,99,0.04281187057495117,2
469,graficon33nodi/grafo5994.33,20,33,36,42,45,0.0,0,51,0.02362537384033203,2
470,graficon23nodi/grafo2712.23,20,23,30,40,47,1.0,1,65,0.04229855537414551,2
471,graficon22nodi/grafo1894.22,20,22,30,40,48,1.0,5,89,0.054631710052490234,2
472,graficon28nodi/grafo1190.28,20,28,31,43,46,1.0,3,95,0.09378838539123535,2
473,graficon32nodi/grafo1455.32,20,32,38,43,49,2.0,2,99,0.13994288444519043,2
474,graficon18nodi/grafo1086.18,20,18,26,41,49,1.0,1,67,0.05925583839416504,2
475,graficon34nodi/grafo9918.34,20,34,34,43,43,0.0,0,20,0.007742881774902344,2
476,graficon32nodi/grafo1226.32,20,32,34,43,45,1.0,1,47,0.03845524787902832,2
477,graficon35nodi/grafo7133.35,20,35,38,43,46,2.0,3,62,0.11667370796203613,2
478,graficon34nodi/grafo11544.34,20,34,34,43,43,0.0,0,20,0.007798194885253906,2
479,graficon14nodi/grafo2738.14,20,14,23,40,49,1.0,1,65,0.03054666519165039,2
480,graficon27nodi/grafo2958.27,20,27,32,42,47,0.0,0,48,0.027923107147216797,2
481,graficon31nodi/grafo3686.31,20,31,36,42,47,2.0,4,107,0.1887495517730713,2
482,graficon14nodi/grafo701.14,20,14,20,42,48,1.0,1,43,0.03368353843688965,2
483,graficon33nodi/grafo9921.33,20,33,36,43,46,1.0,1,47,0.02914571762084961,2
484,graficon27nodi/grafo2876.27,20,27,32,41,46,1.0,2,75,0.044879913330078125,2
485,graficon25nodi/grafo1234.25,20,25,33,42,50,1.0,2,105,0.18483638763427734,2
486,graficon26nodi/grafo1285.26,20,26,30,42,46,1.0,2,37,0.05208230018615723,2
487,graficon30nodi/grafo2365.30,20,30,34,40,44,2.0,4,111,0.23714685440063477,2
488,graficon26nodi/grafo798.26,20,26,32,41,47,3.0,5,70,0.18925929069519043,2
489,graficon21nodi/grafo1682.21,20,21,41,43,63,7.0,35,178,1.5802679061889648,2
490,graficon32nodi/grafo5244.32,20,32,38,42,48,0.0,0,36,0.015132904052734375,2
491,graficon23nodi/grafo2854.23,20,23,29,44,50,2.0,2,58,0.15594768524169922,2
492,graficon32nodi/grafo1053.32,20,32,41,43,52,2.0,6,178,0.2378389835357666,2
493,graficon21nodi/grafo2756.21,20,21,26,40,45,1.0,2,43,0.051496267318725586,2
494,graficon22nodi/grafo1503.22,20,22,26,44,48,0.0,0,35,0.025787353515625,2
495,graficon22nodi/grafo2370.22,20,22,28,41,47,1.0,1,37,0.0318751335144043,2
496,graficon23nodi/grafo2769.23,20,23,27,44,48,1.0,2,57,0.06525993347167969,2
497,graficon28nodi/grafo124.28,20,28,29,41,42,1.0,1,38,0.016276836395263672,2
498,graficon31nodi/grafo9916.31,20,31,36,42,47,2.0,4,107,0.1801743507385254,2
499,graficon33nodi/grafo11631.33,20,33,43,41,51,1.0,3,73,0.08923745155334473,2
500,graficon30nodi/grafo1256.30,20,30,33,40,43,0.0,0,53,0.014224052429199219,2
501,graficon32nodi/grafo10231.32,20,32,35,43,46,0.0,0,50,0.019062519073486328,2
502,graficon34nodi/grafo11277.34,20,34,35,41,42,0.0,0,33,0.009758949279785156,2
503,graficon34nodi/grafo2464.34,20,34,38,44,48,2.0,5,105,0.2605760097503662,2
504,graficon27nodi/grafo1199.27,20,27,30,40,43,0.0,0,24,0.006095170974731445,2
505,graficon25nodi/grafo1614.25,20,25,27,41,43,1.0,1,72,0.039624691009521484,2
506,graficon29nodi/grafo1376.29,20,29,34,42,47,1.0,3,87,0.13673973083496094,2
507,graficon35nodi/grafo3480.35,20,35,35,44,44,0.0,0,80,0.020793914794921875,2
508,graficon29nodi/grafo1587.29,20,29,35,42,48,1.0,1,108,0.08491897583007812,2
509,graficon34nodi/grafo6050.34,20,34,41,43,50,2.0,3,56,0.04561161994934082,2
510,graficon25nodi/grafo2755.25,20,25,32,42,49,1.0,5,54,0.2592813968658447,2
511,graficon23nodi/grafo2853.23,20,23,34,40,51,4.0,15,117,0.45047616958618164,2
512,graficon34nodi/grafo10281.34,20,34,41,42,49,1.0,1,63,0.04828619956970215,2
513,graficon34nodi/grafo11630.34,20,34,40,44,50,1.0,1,92,0.05396771430969238,2
514,graficon28nodi/grafo2436.28,20,28,37,44,53,2.0,8,131,0.49942946434020996,2
515,graficon34nodi/grafo9878.34,20,34,39,41,46,1.0,2,66,0.08207011222839355,2
516,graficon32nodi/grafo3901.32,20,32,38,42,48,1.0,3,88,0.09152054786682129,2
517,graficon35nodi/grafo11455.35,20,35,35,42,42,0.0,0,46,0.024028539657592773,2
518,graficon28nodi/grafo296.28,20,28,36,43,51,3.0,12,109,0.35161375999450684,2
519,graficon25nodi/grafo1251.25,20,25,26,40,41,0.0,0,28,0.01171255111694336,2
520,graficon34nodi/grafo11319.34,20,34,40,42,48,2.0,3,85,0.12187743186950684,2
521,graficon34nodi/grafo11660.34,20,34,36,43,45,1.0,1,95,0.046209096908569336,2
522,graficon31nodi/grafo2394.31,20,31,36,43,48,2.0,5,121,0.31574225425720215,2
523,graficon26nodi/grafo1218.26,20,26,28,42,44,0.0,0,62,0.04570484161376953,2
524,graficon37nodi/grafo6342.37,20,37,42,44,49,2.0,7,109,0.3341026306152344,2
525,graficon28nodi/grafo1311.28,20,28,34,42,48,2.0,5,93,0.1655106544494629,2
526,graficon19nodi/grafo1826.19,20,19,27,46,54,2.0,2,69,0.08834218978881836,2
527,graficon14nodi/grafo1951.14,20,14,25,46,57,1.0,3,78,0.10267043113708496,2
528,graficon37nodi/grafo3547.37,20,37,38,49,50,0.0,0,35,0.031690359115600586,2
529,graficon34nodi/grafo11207.34,20,34,38,48,52,2.0,4,65,0.11357259750366211,2
530,graficon31nodi/grafo10887.31,20,31,36,46,51,0.0,0,49,0.02928614616394043,2
531,graficon32nodi/grafo1255.32,20,32,37,46,51,1.0,1,57,0.03602337837219238,2
532,graficon28nodi/grafo1840.28,20,28,34,48,54,1.0,4,58,0.1024632453918457,2
533,graficon21nodi/grafo630.21,20,21,28,45,52,1.0,1,47,0.0448455810546875,2
534,graficon26nodi/grafo3044.26,20,26,34,48,56,1.0,3,82,0.16892695426940918,2
535,graficon23nodi/grafo1806.23,20,23,28,48,53,0.0,0,45,0.039370059967041016,2
536,graficon31nodi/grafo10458.31,20,31,36,46,51,0.0,0,49,0.029512882232666016,2
537,graficon35nodi/grafo10620.35,20,35,41,46,52,1.0,3,109,0.1387929916381836,2
538,graficon22nodi/grafo249.22,20,22,31,46,55,1.0,4,92,0.24840021133422852,2
539,graficon32nodi/grafo745.32,20,32,36,45,49,0.0,0,86,0.04287004470825195,2
540,graficon35nodi/grafo5759.35,20,35,39,45,49,1.0,1,32,0.010553359985351562,2
541,graficon33nodi/grafo11516.33,20,33,42,45,54,1.0,4,58,0.19874191284179688,2
542,graficon25nodi/grafo2437.25,20,25,30,48,53,1.0,1,37,0.017713308334350586,2
543,graficon31nodi/grafo1301.31,20,31,40,47,56,2.0,7,126,0.3954765796661377,2
544,graficon38nodi/grafo3332.38,20,38,43,45,50,2.0,2,158,0.229658842086792,2
545,graficon22nodi/grafo2748.22,20,22,29,45,52,0.0,0,83,0.03075122833251953,2
546,graficon27nodi/grafo1253.27,20,27,32,45,50,1.0,2,117,0.13164639472961426,2
547,graficon36nodi/grafo3862.36,20,36,41,46,51,1.0,4,74,0.09834647178649902,2
548,graficon28nodi/grafo1202.28,20,28,36,45,53,2.0,4,84,0.10258078575134277,2
549,graficon37nodi/grafo5957.37,20,37,39,48,50,0.0,0,142,0.06464266777038574,2
550,graficon38nodi/grafo6734.38,20,38,41,45,48,1.0,1,97,0.11413311958312988,2
551,graficon36nodi/grafo5561.36,20,36,38,47,49,0.0,0,36,0.016901731491088867,2
552,graficon31nodi/grafo10011.31,20,31,36,46,51,0.0,0,49,0.03354310989379883,2
553,graficon36nodi/grafo6066.36,20,36,39,48,51,0.0,0,80,0.0546567440032959,2
554,graficon31nodi/grafo1362.31,20,31,37,45,51,1.0,1,78,0.07269525527954102,2
555,graficon27nodi/grafo1200.27,20,27,36,46,55,0.0,0,113,0.04935002326965332,2
556,graficon39nodi/grafo6087.39,20,39,46,48,55,3.0,9,78,0.2674894332885742,2
557,graficon33nodi/grafo5247.33,20,33,38,46,51,0.0,0,33,0.01618337631225586,2
558,graficon36nodi/grafo6811.36,20,36,44,48,56,1.0,2,52,0.10254311561584473,2
559,graficon23nodi/grafo1798.23,20,23,31,48,56,1.0,3,90,0.06048011779785156,2
560,graficon27nodi/grafo2275.27,20,27,32,46,51,1.0,2,78,0.12755894660949707,2
561,graficon26nodi/grafo2981.26,20,26,36,45,55,2.0,10,139,0.24870705604553223,2
562,graficon36nodi/grafo3414.36,20,36,39,46,49,1.0,2,48,0.09518599510192871,2
563,graficon19nodi/grafo2428.19,20,19,23,45,49,1.0,1,29,0.026561737060546875,2
564,graficon35nodi/grafo10085.35,20,35,41,46,52,2.0,8,92,0.3767580986022949,2
565,graficon32nodi/grafo1379.32,20,32,39,48,55,3.0,3,86,0.13045001029968262,2
566,graficon26nodi/grafo173.26,20,26,31,46,51,1.0,3,74,0.09444618225097656,2
567,graficon38nodi/grafo5236.38,20,38,43,49,54,1.0,2,49,0.02390575408935547,2
568,graficon26nodi/grafo2399.26,20,26,31,46,51,1.0,2,82,0.08968377113342285,2
569,graficon31nodi/grafo11421.31,20,31,37,46,52,2.0,4,97,0.15051507949829102,2
570,graficon40nodi/grafo7698.40,20,40,47,49,56,1.0,1,116,0.07719135284423828,2
571,graficon35nodi/grafo1925.35,20,35,36,48,49,0.0,0,71,0.02958822250366211,2
572,graficon25nodi/grafo1319.25,20,25,31,47,53,1.0,3,93,0.10407209396362305,2
573,graficon26nodi/grafo2999.26,20,26,30,45,49,1.0,2,47,0.026988506317138672,2
574,graficon21nodi/grafo1632.21,20,21,26,48,53,0.0,0,35,0.02309560775756836,2
575,graficon32nodi/grafo9975.32,20,32,39,48,55,1.0,4,115,0.1778545379638672,2
576,graficon33nodi/grafo5182.33,20,33,38,49,54,0.0,0,66,0.032644033432006836,2
577,graficon32nodi/grafo11121.32,20,32,40,47,55,2.0,4,84,0.18323254585266113,2
578,graficon35nodi/grafo6642.35,20,35,42,49,56,3.0,5,95,0.18793654441833496,2
579,graficon28nodi/grafo932.28,20,28,35,45,52,1.0,2,76,0.03327631950378418,2
580,graficon34nodi/grafo2578.34,20,34,36,48,50,1.0,1,52,0.03362226486206055,2
581,graficon33nodi/grafo11538.33,20,33,38,47,52,1.0,3,78,0.1307053565979004,2
582,graficon33nodi/grafo10562.33,20,33,39,48,54,1.0,4,103,0.1841142177581787,2
583,graficon35nodi/grafo2815.35,20,35,43,47,55,2.0,9,75,0.37958502769470215,2
584,graficon18nodi/grafo374.18,20,18,25,46,53,0.0,0,59,0.026792049407958984,2
585,graficon34nodi/grafo5148.34,20,34,37,47,50,1.0,1,74,0.05531477928161621,2
586,graficon35nodi/grafo11567.35,20,35,43,45,53,1.0,1,83,0.026442766189575195,2
587,graficon31nodi/grafo1115.31,20,31,43,45,57,2.0,12,236,0.5232021808624268,2
588,graficon34nodi/grafo2363.34,20,34,39,48,53,1.0,3,78,0.0710911750793457,2
589,graficon33nodi/grafo11375.33,20,33,39,48,54,2.0,3,90,0.1540830135345459,2
590,graficon36nodi/grafo5879.36,20,36,42,46,52,2.0,4,101,0.08965206146240234,2
591,graficon35nodi/grafo5820.35,20,35,38,45,48,1.0,1,59,0.045189857482910156,2
592,graficon17nodi/grafo678.17,20,17,25,48,56,1.0,1,58,0.022400379180908203,2
593,graficon32nodi/grafo9954.32,20,32,34,46,48,1.0,1,39,0.015307903289794922,2
594,graficon35nodi/grafo5966.35,20,35,45,47,57,3.0,10,84,0.16340065002441406,2
595,graficon35nodi/grafo5522.35,20,35,40,46,51,3.0,6,103,0.19117236137390137,2
596,graficon22nodi/grafo2807.22,20,22,27,46,51,1.0,2,34,0.06487679481506348,2
597,graficon32nodi/grafo3106.32,20,32,38,48,54,1.0,3,94,0.11754417419433594,2
598,graficon36nodi/grafo5667.36,20,36,40,46,50,0.0,0,47,0.015349149703979492,2
599,graficon31nodi/grafo2262.31,20,31,40,47,56,2.0,3,101,0.16802406311035156,2
600,graficon33nodi/grafo10456.33,20,33,38,48,53,1.0,4,58,0.14499568939208984,2
601,graficon33nodi/grafo1915.33,20,33,44,54,65,1.0,2,160,0.340130090713501,2
602,graficon36nodi/grafo3304.36,20,36,47,53,64,7.0,16,147,0.8342618942260742,2
603,graficon36nodi/grafo11296.36,20,36,44,50,58,3.0,18,152,0.6687924861907959,2
604,graficon37nodi/grafo3729.37,20,37,45,54,62,1.0,3,123,0.13727211952209473,2
605,graficon36nodi/grafo2212.36,20,36,41,54,59,1.0,2,98,0.08857011795043945,2
606,graficon31nodi/grafo1989.31,20,31,33,54,56,0.0,0,48,0.022036075592041016,2
607,graficon35nodi/grafo10658.35,20,35,41,50,56,1.0,3,89,0.13422870635986328,2
608,graficon39nodi/grafo5309.39,20,39,46,54,61,1.0,5,152,0.3962371349334717,2
609,graficon34nodi/grafo5495.34,20,34,43,53,62,3.0,7,70,0.47062206268310547,2
610,graficon37nodi/grafo3433.37,20,37,42,54,59,1.0,3,86,0.13802742958068848,2
611,graficon34nodi/grafo9882.34,20,34,39,50,55,0.0,0,72,0.029587745666503906,2
612,graficon22nodi/grafo1154.22,20,22,28,50,56,1.0,3,68,0.13343000411987305,2
613,graficon22nodi/grafo1715.22,20,22,34,54,66,1.0,3,134,0.3802032470703125,2
614,graficon36nodi/grafo3282.36,20,36,40,54,58,1.0,2,77,0.22632622718811035,2
615,graficon36nodi/grafo3153.36,20,36,43,53,60,1.0,2,84,0.10939526557922363,2
616,graficon34nodi/grafo4029.34,20,34,40,50,56,1.0,6,92,0.1900327205657959,2
617,graficon32nodi/grafo1784.32,20,32,36,52,56,1.0,3,52,0.030135631561279297,2
618,graficon33nodi/grafo2397.33,20,33,39,50,56,2.0,5,78,0.33605337142944336,2
619,graficon39nodi/grafo7363.39,20,39,43,51,55,1.0,3,159,0.2468891143798828,2
620,graficon34nodi/grafo11241.34,20,34,39,50,55,0.0,0,72,0.033941030502319336,2
621,graficon31nodi/grafo1689.31,20,31,34,53,56,0.0,0,57,0.01982855796813965,2
622,graficon39nodi/grafo6808.39,20,39,45,51,57,2.0,6,103,0.14197039604187012,2
623,graficon24nodi/grafo522.24,20,24,30,51,57,2.0,4,105,0.11613011360168457,2
624,graficon25nodi/grafo2016.25,20,25,33,50,58,1.0,2,73,0.09743833541870117,2
625,graficon24nodi/grafo1667.24,20,24,29,50,55,1.0,1,44,0.036626577377319336,2
626,graficon40nodi/grafo5346.40,20,40,44,52,56,1.0,6,84,0.41130924224853516,2
627,graficon34nodi/grafo11531.34,20,34,37,50,53,1.0,1,59,0.043505191802978516,2
628,graficon23nodi/grafo1974.23,20,23,27,54,58,1.0,1,61,0.02875351905822754,2
629,graficon30nodi/grafo1183.30,20,30,39,50,59,2.0,6,105,0.44442033767700195,2
630,graficon35nodi/grafo7366.35,20,35,43,51,59,1.0,1,95,0.06981682777404785,2
631,graficon33nodi/grafo9869.33,20,33,38,50,55,1.0,2,50,0.05857062339782715,2
632,graficon38nodi/grafo3247.38,20,38,43,50,55,1.0,3,91,0.28826379776000977,2
633,graficon36nodi/grafo5319.36,20,36,44,53,61,1.0,2,155,0.1938323974609375,2
634,graficon30nodi/grafo11384.30,20,30,34,50,54,1.0,2,55,0.08872747421264648,2
635,graficon38nodi/grafo3966.38,20,38,42,54,58,1.0,4,88,0.16496491432189941,2
636,graficon32nodi/grafo3012.32,20,32,38,54,60,1.0,3,136,0.13198518753051758,2
637,graficon33nodi/grafo1174.33,20,33,41,53,61,2.0,4,116,0.2938547134399414,2
638,graficon35nodi/grafo11415.35,20,35,43,52,60,1.0,5,98,0.10673332214355469,2
639,graficon36nodi/grafo10746.36,20,36,42,54,60,0.0,0,81,0.030451297760009766,2
640,graficon38nodi/grafo6579.38,20,38,49,54,65,2.0,7,119,0.5906314849853516,2
641,graficon32nodi/grafo10058.32,20,32,40,51,59,1.0,3,76,0.1253976821899414,2
642,graficon34nodi/grafo11614.34,20,34,39,50,55,0.0,0,72,0.048897743225097656,2
643,graficon38nodi/grafo6106.38,20,38,47,53,62,2.0,12,141,0.9781551361083984,2
644,graficon26nodi/grafo309.26,20,26,36,54,64,3.0,6,111,0.20078372955322266,2
645,graficon34nodi/grafo10483.34,20,34,45,50,61,2.0,8,78,0.4588618278503418,2
646,graficon34nodi/grafo3023.34,20,34,42,54,62,1.0,2,99,0.08859491348266602,2
647,graficon35nodi/grafo11423.35,20,35,42,54,61,2.0,4,94,0.0360257625579834,2
648,graficon26nodi/grafo1952.26,20,26,31,54,59,1.0,3,71,0.11525845527648926,2
649,graficon38nodi/grafo5993.38,20,38,44,53,59,1.0,4,75,0.09658193588256836,2
650,graficon17nodi/grafo2227.17,20,17,25,50,58,1.0,2,68,0.09422039985656738,2
651,graficon34nodi/grafo2082.34,20,34,38,54,58,0.0,0,43,0.03552365303039551,2
652,graficon27nodi/grafo1746.27,20,27,38,52,63,2.0,3,108,0.07233119010925293,2
653,graficon33nodi/grafo3214.33,20,33,44,52,63,2.0,15,126,0.7252757549285889,2
654,graficon28nodi/grafo3060.28,20,28,36,51,59,1.0,4,56,0.07656002044677734,2
655,graficon24nodi/grafo1158.24,20,24,34,52,62,1.0,6,142,0.5164785385131836,2
656,graficon33nodi/grafo11638.33,20,33,38,53,58,1.0,2,76,0.06905961036682129,2
657,graficon35nodi/grafo7548.35,20,35,42,54,61,1.0,1,108,0.20540499687194824,2
658,graficon34nodi/grafo5827.34,20,34,40,51,57,1.0,2,95,0.14437222480773926,2
659,graficon34nodi/grafo5485.34,20,34,43,52,61,3.0,5,79,0.1585679054260254,2
660,graficon35nodi/grafo6897.35,20,35,47,52,64,2.0,10,118,0.5111837387084961,2
661,graficon34nodi/grafo5498.34,20,34,41,54,61,1.0,4,106,0.18790316581726074,2
662,graficon34nodi/grafo5856.34,20,34,41,50,57,1.0,4,74,0.11339330673217773,2
663,graficon40nodi/grafo4073.40,20,40,42,51,53,1.0,2,130,0.42046523094177246,2
664,graficon36nodi/grafo10619.36,20,36,41,51,56,1.0,1,90,0.06738877296447754,2
665,graficon42nodi/grafo7119.42,20,42,46,50,54,1.0,2,115,0.13670730590820312,2
666,graficon36nodi/grafo11525.36,20,36,45,53,62,3.0,6,69,0.15426301956176758,2
667,graficon35nodi/grafo11234.35,20,35,35,51,51,0.0,0,23,0.013416767120361328,2
668,graficon24nodi/grafo2787.24,20,24,35,51,62,2.0,7,100,0.2796447277069092,2
669,graficon40nodi/grafo3874.40,20,40,46,50,56,1.0,4,155,0.18739628791809082,2
670,graficon28nodi/grafo1569.28,20,28,36,53,61,1.0,1,89,0.046651601791381836,2
671,graficon35nodi/grafo2098.35,20,35,42,50,57,2.0,3,50,0.11851143836975098,2
672,graficon34nodi/grafo2031.34,20,34,42,53,61,1.0,4,112,0.14025616645812988,2
673,graficon30nodi/grafo11667.30,20,30,34,52,56,0.0,0,33,0.03213930130004883,2
674,graficon30nodi/grafo1345.30,20,30,44,50,64,3.0,15,280,1.1795518398284912,2
675,graficon29nodi/grafo2054.29,20,29,35,50,56,1.0,2,46,0.03608369827270508,2
676,graficon41nodi/grafo4004.41,20,41,48,57,64,2.0,5,76,0.19093751907348633,2
677,graficon37nodi/grafo2224.37,20,37,45,58,66,3.0,12,128,1.2699854373931885,2
678,graficon34nodi/grafo6076.34,20,34,44,56,66,1.0,2,121,0.0891408920288086,2
679,graficon40nodi/grafo5714.40,20,40,52,59,71,3.0,19,209,1.944343090057373,2
680,graficon38nodi/grafo9968.38,20,38,44,55,61,1.0,1,63,0.06242561340332031,2
681,graficon28nodi/grafo1201.28,20,28,38,58,68,2.0,5,109,0.1673564910888672,2
682,graficon35nodi/grafo10708.35,20,35,46,55,66,3.0,20,194,1.3663678169250488,2
683,graficon21nodi/grafo433.21,20,21,28,55,62,1.0,5,70,0.08180737495422363,2
684,graficon34nodi/grafo5143.34,20,34,40,57,63,1.0,1,50,0.021634817123413086,2
685,graficon36nodi/grafo11677.36,20,36,49,56,69,2.0,8,114,0.36465930938720703,2
686,graficon37nodi/grafo3125.37,20,37,42,58,63,1.0,2,45,0.08131551742553711,2
687,graficon37nodi/grafo7307.37,20,37,47,55,65,1.0,3,77,0.09924578666687012,2
688,graficon37nodi/grafo6450.37,20,37,46,57,66,2.0,4,69,0.13582611083984375,2
689,graficon39nodi/grafo3679.39,20,39,43,56,60,2.0,5,93,0.5528042316436768,2
690,graficon38nodi/grafo6656.38,20,38,46,57,65,1.0,3,120,0.19343805313110352,2
691,graficon34nodi/grafo11409.34,20,34,35,56,57,1.0,1,44,0.023643016815185547,2
692,graficon38nodi/grafo6939.38,20,38,51,57,70,3.0,13,151,0.43239498138427734,2
693,graficon33nodi/grafo2687.33,20,33,46,56,69,3.0,16,202,1.3356800079345703,2
694,graficon38nodi/grafo3351.38,20,38,46,55,63,2.0,7,107,0.20550084114074707,2
695,graficon37nodi/grafo7087.37,20,37,44,59,66,1.0,2,82,0.1708226203918457,2
696,graficon36nodi/grafo11468.36,20,36,47,58,69,3.0,21,155,1.5815341472625732,2
697,graficon31nodi/grafo1946.31,20,31,38,59,66,1.0,3,55,0.10481667518615723,2
698,graficon32nodi/grafo1908.32,20,32,39,55,62,1.0,3,104,0.24663162231445312,2
699,graficon40nodi/grafo3255.40,20,40,46,56,62,2.0,8,105,0.2907102108001709,2
700,graficon37nodi/grafo5301.37,20,37,44,58,65,1.0,3,77,0.15641355514526367,2
701,graficon35nodi/grafo5613.35,20,35,46,57,68,2.0,12,168,0.5888452529907227,2
702,graficon35nodi/grafo2990.35,20,35,48,59,72,3.0,14,116,1.125401496887207,2
703,graficon43nodi/grafo6878.43,20,43,48,56,61,1.0,5,73,0.40076470375061035,2
704,graficon27nodi/grafo1390.27,20,27,39,57,69,3.0,11,124,0.36917924880981445,2
705,graficon36nodi/grafo6227.36,20,36,46,59,69,2.0,8,150,0.5914325714111328,2
706,graficon39nodi/grafo3830.39,20,39,50,58,69,2.0,6,170,0.3522005081176758,2
707,graficon37nodi/grafo6796.37,20,37,49,57,69,2.0,7,151,0.4181246757507324,2
708,graficon33nodi/grafo5872.33,20,33,39,57,63,1.0,2,50,0.08137679100036621,2
709,graficon36nodi/grafo6071.36,20,36,43,59,66,1.0,3,63,0.0985255241394043,2
710,graficon36nodi/grafo2465.36,20,36,44,58,66,3.0,5,132,0.40036773681640625,2
711,graficon38nodi/grafo7362.38,20,38,44,59,65,1.0,3,81,0.1146550178527832,2
712,graficon38nodi/grafo7290.38,20,38,47,58,67,2.0,8,152,0.5996880531311035,2
713,graficon42nodi/grafo3239.42,20,42,48,56,62,1.0,4,146,0.2596001625061035,2
714,graficon44nodi/grafo3040.44,20,44,50,59,65,1.0,5,103,0.22863984107971191,2
715,graficon39nodi/grafo11577.39,20,39,49,55,65,2.0,9,117,0.5895745754241943,2
716,graficon40nodi/grafo4081.40,20,40,46,56,62,3.0,12,158,1.4855921268463135,2
717,graficon42nodi/grafo6381.42,20,42,50,59,67,1.0,4,98,0.11936759948730469,2
718,graficon41nodi/grafo10067.41,20,41,47,58,64,2.0,3,73,0.10722541809082031,2
719,graficon37nodi/grafo11622.37,20,37,49,59,71,1.0,5,76,0.23595428466796875,2
720,graficon32nodi/grafo1992.32,20,32,36,57,61,1.0,2,70,0.12948918342590332,2
721,graficon38nodi/grafo6467.38,20,38,43,59,64,1.0,2,64,0.10255932807922363,2
722,graficon40nodi/grafo6922.40,20,40,47,59,66,2.0,5,98,0.3478400707244873,2
723,graficon34nodi/grafo5303.34,20,34,44,59,69,1.0,2,91,0.18176531791687012,2
724,graficon34nodi/grafo11396.34,20,34,35,55,56,0.0,0,32,0.018883228302001953,2
725,graficon39nodi/grafo5122.39,20,39,51,59,71,3.0,16,209,1.2763946056365967,2
726,graficon42nodi/grafo6223.42,20,42,45,59,62,1.0,2,68,0.1255793571472168,2
727,graficon40nodi/grafo2627.40,20,40,49,56,65,1.0,7,121,0.406827449798584,2
728,graficon41nodi/grafo6876.41,20,41,50,58,67,2.0,5,95,0.24454474449157715,2
729,graficon35nodi/grafo11548.35,20,35,46,55,66,3.0,20,194,1.374403715133667,2
730,graficon31nodi/grafo1637.31,20,31,41,56,66,2.0,10,122,0.7859330177307129,2
731,graficon38nodi/grafo3437.38,20,38,45,57,64,3.0,9,109,0.5570354461669922,2
732,graficon35nodi/grafo10135.35,20,35,43,55,63,3.0,7,121,0.2787470817565918,2
733,graficon38nodi/grafo2960.38,20,38,48,56,66,3.0,14,136,1.0855541229248047,2
734,graficon35nodi/grafo3720.35,20,35,46,59,70,3.0,6,141,0.5793230533599854,2
735,graficon36nodi/grafo6233.36,20,36,47,56,67,2.0,8,99,0.3505566120147705,2
736,graficon24nodi/grafo1966.24,20,24,34,58,68,1.0,2,88,0.1303560733795166,2
737,graficon38nodi/grafo3681.38,20,38,48,56,66,3.0,6,121,0.6276097297668457,2
738,graficon36nodi/grafo5970.36,20,36,46,57,67,2.0,11,158,1.4168097972869873,2
739,graficon26nodi/grafo1272.26,20,26,34,56,64,1.0,1,96,0.10685300827026367,2
740,graficon32nodi/grafo2968.32,20,32,41,55,64,2.0,8,113,0.24804186820983887,2
741,graficon34nodi/grafo5917.34,20,34,41,58,65,2.0,2,65,0.09811925888061523,2
742,graficon35nodi/grafo11344.35,20,35,40,55,60,1.0,3,84,0.11066412925720215,2
743,graficon47nodi/grafo1531.47,20,47,54,58,65,1.0,2,168,0.1851804256439209,2
744,graficon36nodi/grafo5264.36,20,36,41,59,64,0.0,0,71,0.038818359375,2
745,graficon36nodi/grafo7306.36,20,36,48,55,67,5.0,33,242,43.11085844039917,2
746,graficon34nodi/grafo3124.34,20,34,43,56,65,2.0,8,111,0.5887038707733154,2
747,graficon35nodi/grafo11633.35,20,35,46,56,67,2.0,7,128,0.7298009395599365,2
748,graficon40nodi/grafo6115.40,20,40,46,57,63,2.0,5,81,0.10899114608764648,2
749,graficon37nodi/grafo3554.37,20,37,41,57,61,0.0,0,71,0.04095029830932617,2
750,graficon36nodi/grafo10229.36,20,36,46,58,68,2.0,5,91,0.13689088821411133,2
751,graficon33nodi/grafo598.33,20,33,49,63,79,3.0,25,206,1.9968290328979492,2
752,graficon44nodi/grafo7435.44,20,44,53,63,72,2.0,4,98,0.17913317680358887,2
753,graficon40nodi/grafo6485.40,20,40,51,62,73,5.0,16,121,5.901214122772217,2
754,graficon35nodi/grafo6035.35,20,35,50,61,76,2.0,9,190,0.30719709396362305,2
755,graficon38nodi/grafo7531.38,20,38,44,61,67,2.0,3,99,0.07945704460144043,2
756,graficon37nodi/grafo11473.37,20,37,42,61,66,1.0,1,58,0.05641460418701172,2
757,graficon33nodi/grafo5821.33,20,33,43,62,72,1.0,4,90,0.03431820869445801,2
758,graficon39nodi/grafo5308.39,20,39,49,64,74,2.0,7,96,0.299480676651001,2
759,graficon33nodi/grafo10454.33,20,33,41,61,69,1.0,3,74,0.1076655387878418,2
760,graficon42nodi/grafo7704.42,20,42,51,63,72,2.0,11,146,1.427422285079956,2
761,graficon33nodi/grafo2654.33,20,33,49,64,80,3.0,14,164,1.1036896705627441,2
762,graficon36nodi/grafo11077.36,20,36,40,63,67,1.0,1,65,0.06432390213012695,2
763,graficon37nodi/grafo5888.37,20,37,50,60,73,2.0,9,104,0.3936502933502197,2
764,graficon33nodi/grafo10732.33,20,33,37,60,64,1.0,1,77,0.08208227157592773,2
765,graficon25nodi/grafo2301.25,20,25,37,61,73,1.0,1,103,0.08090949058532715,2
766,graficon43nodi/grafo7428.43,20,43,52,60,69,1.0,6,132,0.2303755283355713,2
767,graficon32nodi/grafo2991.32,20,32,43,61,72,2.0,6,161,0.38686656951904297,2
768,graficon41nodi/grafo3498.41,20,41,53,63,75,2.0,14,164,0.9853496551513672,2
769,graficon36nodi/grafo11414.36,20,36,47,62,73,2.0,9,98,0.22774076461791992,2
770,graficon35nodi/grafo10841.35,20,35,45,62,72,2.0,9,130,0.3061559200286865,2
771,graficon38nodi/grafo2959.38,20,38,48,61,71,2.0,7,100,0.4311959743499756,2
772,graficon30nodi/grafo359.30,20,30,37,60,67,2.0,4,55,0.11855673789978027,2
773,graficon37nodi/grafo1555.37,20,37,48,61,72,3.0,16,126,2.272369623184204,2
774,graficon37nodi/grafo2398.37,20,37,47,64,74,2.0,11,160,0.508251428604126,2
775,graficon40nodi/grafo2729.40,20,40,46,64,70,1.0,4,99,0.24701404571533203,2
776,graficon42nodi/grafo3325.42,20,42,52,64,74,3.0,5,141,0.530057430267334,2
777,graficon36nodi/grafo10462.36,20,36,40,61,65,0.0,0,34,0.02123284339904785,2
778,graficon39nodi/grafo7630.39,20,39,46,62,69,2.0,8,106,0.6286888122558594,2
779,graficon30nodi/grafo2012.30,20,30,46,64,80,3.0,17,192,1.826420545578003,2
780,graficon48nodi/grafo1669.48,20,48,59,62,73,3.0,15,304,2.242565393447876,2
781,graficon40nodi/grafo3116.40,20,40,47,64,71,2.0,5,152,0.1927809715270996,2
782,graficon41nodi/grafo4047.41,20,41,48,63,70,1.0,1,104,0.1419217586517334,2
783,graficon44nodi/grafo3971.44,20,44,48,64,68,1.0,2,99,0.231614351272583,2
784,graficon36nodi/grafo6093.36,20,36,43,63,70,1.0,7,69,0.3500058650970459,2
785,graficon39nodi/grafo6244.39,20,39,52,64,77,3.0,13,229,1.80509352684021,2
786,graficon34nodi/grafo5991.34,20,34,41,60,67,1.0,2,89,0.1286780834197998,2
787,graficon38nodi/grafo5998.38,20,38,44,60,66,1.0,1,88,0.0741417407989502,2
788,graficon32nodi/grafo5807.32,20,32,41,64,73,1.0,2,64,0.09979939460754395,2
789,graficon29nodi/grafo2811.29,20,29,40,62,73,2.0,9,93,0.4260432720184326,2
790,graficon33nodi/grafo11643.33,20,33,37,60,64,1.0,1,77,0.08464670181274414,2
791,graficon45nodi/grafo7711.45,20,45,53,64,72,1.0,3,82,0.2952861785888672,2
792,graficon35nodi/grafo3483.35,20,35,41,61,67,1.0,4,76,0.1446526050567627,2
793,graficon37nodi/grafo7410.37,20,37,51,61,75,3.0,16,125,1.6277246475219727,2
794,graficon39nodi/grafo3792.39,20,39,49,61,71,2.0,7,138,0.6333460807800293,2
795,graficon46nodi/grafo7281.46,20,46,54,61,69,2.0,9,148,0.5285594463348389,2
796,graficon41nodi/grafo7033.41,20,41,48,60,67,2.0,8,118,0.6469850540161133,2
797,graficon37nodi/grafo6905.37,20,37,48,63,74,2.0,11,105,0.6469998359680176,2
798,graficon33nodi/grafo1668.33,20,33,41,63,71,2.0,6,74,0.38567090034484863,2
799,graficon43nodi/grafo4042.43,20,43,47,60,64,0.0,0,100,0.06637382507324219,2
800,graficon37nodi/grafo3728.37,20,37,47,63,73,2.0,6,97,0.5582156181335449,2
801,graficon37nodi/grafo6219.37,20,37,45,62,70,2.0,4,114,0.1497337818145752,2
802,graficon37nodi/grafo2761.37,20,37,45,60,68,2.0,5,141,0.12720346450805664,2
803,graficon35nodi/grafo6010.35,20,35,44,60,69,2.0,8,115,0.4376671314239502,2
804,graficon41nodi/grafo5637.41,20,41,49,61,69,2.0,5,145,0.3337407112121582,2
805,graficon36nodi/grafo5783.36,20,36,46,62,72,2.0,6,95,0.3907155990600586,2
806,graficon42nodi/grafo5250.42,20,42,51,64,73,2.0,7,117,0.5096902847290039,2
807,graficon38nodi/grafo11452.38,20,38,50,62,74,4.0,18,132,3.4129819869995117,2
808,graficon41nodi/grafo11172.41,20,41,51,62,72,2.0,8,128,0.6437926292419434,2
809,graficon37nodi/grafo7650.37,20,37,52,63,78,2.0,9,216,0.583444356918335,2
810,graficon33nodi/grafo11527.33,20,33,40,62,69,1.0,3,98,0.10776567459106445,2
811,graficon40nodi/grafo6142.40,20,40,49,64,73,2.0,8,111,0.7798247337341309,2
812,graficon36nodi/grafo5809.36,20,36,45,63,72,3.0,8,149,0.5603678226470947,2
813,graficon40nodi/grafo5426.40,20,40,50,62,72,3.0,15,264,5.021162986755371,2
814,graficon34nodi/grafo3076.34,20,34,39,61,66,1.0,2,58,0.1405031681060791,2
815,graficon39nodi/grafo7374.39,20,39,51,62,74,3.0,18,170,2.2141709327697754,2
816,graficon40nodi/grafo7706.40,20,40,51,60,71,3.0,15,172,1.051948070526123,2
817,graficon44nodi/grafo3602.44,20,44,53,62,71,3.0,13,223,1.2788631916046143,2
818,graficon43nodi/grafo7484.43,20,43,49,63,69,1.0,4,135,0.34960365295410156,2
819,graficon37nodi/grafo11410.37,20,37,45,64,72,2.0,4,86,0.1057736873626709,2
820,graficon35nodi/grafo6104.35,20,35,40,63,68,1.0,1,87,0.0981602668762207,2
821,graficon36nodi/grafo5360.36,20,36,44,62,70,2.0,6,77,0.31029725074768066,2
822,graficon38nodi/grafo5222.38,20,38,43,62,67,2.0,3,96,0.25603246688842773,2
823,graficon36nodi/grafo11309.36,20,36,46,61,71,2.0,12,167,0.8796162605285645,2
824,graficon36nodi/grafo5457.36,20,36,43,61,68,2.0,4,63,0.1755223274230957,2
825,graficon37nodi/grafo7092.37,20,37,47,61,71,4.0,19,219,2.8138885498046875,2
826,graficon38nodi/grafo1999.38,20,38,45,68,75,1.0,2,75,0.09982991218566895,2
827,graficon38nodi/grafo7684.38,20,38,54,68,84,3.0,16,223,2.017157554626465,2
828,graficon43nodi/grafo3669.43,20,43,52,67,76,1.0,6,227,0.6271393299102783,2
829,graficon40nodi/grafo11665.40,20,40,48,68,76,2.0,9,98,0.7214763164520264,2
830,graficon39nodi/grafo10234.39,20,39,51,69,81,3.0,14,117,0.9210832118988037,2
831,graficon40nodi/grafo6382.40,20,40,52,65,77,3.0,12,165,0.700340747833252,2
832,graficon44nodi/grafo7013.44,20,44,53,69,78,1.0,1,105,0.09082436561584473,2
833,graficon37nodi/grafo3341.37,20,37,50,66,79,3.0,12,217,0.9514904022216797,2
834,graficon40nodi/grafo5504.40,20,40,53,66,79,2.0,10,153,0.7811546325683594,2
835,graficon44nodi/grafo1219.44,20,44,48,66,70,0.0,0,65,0.05033063888549805,2
836,graficon29nodi/grafo3034.29,20,29,40,65,76,1.0,4,168,0.21053695678710938,2
837,graficon44nodi/grafo3831.44,20,44,52,67,75,3.0,8,183,1.4625792503356934,2
838,graficon35nodi/grafo3068.35,20,35,50,67,82,3.0,16,203,1.8955445289611816,2
839,graficon40nodi/grafo9898.40,20,40,50,68,78,2.0,9,91,0.46193623542785645,2
840,graficon37nodi/grafo6847.37,20,37,47,67,77,1.0,2,140,0.18577027320861816,2
841,graficon40nodi/grafo5327.40,20,40,47,68,75,2.0,4,117,0.2849264144897461,2
842,graficon44nodi/grafo6266.44,20,44,60,68,84,3.0,24,204,4.950841665267944,2
843,graficon39nodi/grafo6848.39,20,39,52,67,80,3.0,8,178,0.7170259952545166,2
844,graficon30nodi/grafo2030.30,20,30,44,66,80,3.0,14,167,18.565850496292114,2
845,graficon40nodi/grafo6167.40,20,40,57,66,83,3.0,24,239,3.6600310802459717,2
846,graficon39nodi/grafo2148.39,20,39,45,67,73,1.0,3,103,0.1618947982788086,2
847,graficon36nodi/grafo3734.36,20,36,46,67,77,1.0,6,210,0.6800501346588135,2
848,graficon39nodi/grafo5789.39,20,39,58,69,88,3.0,26,161,4.490074157714844,2
849,graficon29nodi/grafo1284.29,20,29,40,65,76,2.0,6,140,0.4712648391723633,2
850,graficon45nodi/grafo7024.45,20,45,50,65,70,1.0,5,76,0.2140669822692871,2
851,graficon33nodi/grafo5203.33,20,33,41,68,76,1.0,5,64,0.11301898956298828,2
852,graficon34nodi/grafo6218.34,20,34,40,65,71,1.0,3,76,0.1445307731628418,2
853,graficon43nodi/grafo7073.43,20,43,51,69,77,2.0,7,116,0.45308518409729004,2
854,graficon42nodi/grafo5867.42,20,42,52,69,79,4.0,13,239,1.616227388381958,2
855,graficon36nodi/grafo7509.36,20,36,45,69,78,2.0,6,88,0.7612340450286865,2
856,graficon37nodi/grafo7743.37,20,37,55,68,86,3.0,22,259,2.54960036277771,2
857,graficon44nodi/grafo6915.44,20,44,58,68,82,4.0,18,137,2.0480282306671143,2
858,graficon40nodi/grafo7570.40,20,40,52,68,80,2.0,14,167,1.1999070644378662,2
859,graficon33nodi/grafo5787.33,20,33,40,66,73,1.0,2,44,0.08965206146240234,2
860,graficon34nodi/grafo11517.34,20,34,44,69,79,1.0,5,123,0.5905623435974121,2
861,graficon49nodi/grafo1560.49,20,49,59,68,78,3.0,9,120,0.576042890548706,2
862,graficon47nodi/grafo3121.47,20,47,54,65,72,1.0,3,204,0.5014383792877197,2
863,graficon38nodi/grafo2052.38,20,38,50,67,79,3.0,15,91,1.3980426788330078,2
864,graficon41nodi/grafo3794.41,20,41,52,65,76,3.0,18,178,1.2766132354736328,2
865,graficon38nodi/grafo3964.38,20,38,48,69,79,2.0,6,160,0.4605255126953125,2
866,graficon39nodi/grafo7264.39,20,39,51,67,79,4.0,22,154,1.735440969467163,2
867,graficon38nodi/grafo3752.38,20,38,46,65,73,2.0,4,108,0.40790843963623047,2
868,graficon37nodi/grafo3576.37,20,37,49,69,81,3.0,13,179,1.217930555343628,2
869,graficon38nodi/grafo5949.38,20,38,50,66,78,2.0,4,194,0.5568149089813232,2
870,graficon29nodi/grafo2639.29,20,29,43,67,81,3.0,6,229,0.33849573135375977,2
871,graficon38nodi/grafo11575.38,20,38,46,66,74,3.0,11,106,1.0948503017425537,2
872,graficon38nodi/grafo3321.38,20,38,53,66,81,2.0,16,186,0.6976995468139648,2
873,graficon31nodi/grafo1429.31,20,31,45,65,79,2.0,15,177,1.6047968864440918,2
874,graficon38nodi/grafo4013.38,20,38,49,67,78,2.0,9,132,0.6077520847320557,2
875,graficon28nodi/grafo1339.28,20,28,41,67,80,3.0,15,185,0.8481771945953369,2
876,graficon35nodi/grafo2020.35,20,35,43,68,76,1.0,1,90,0.0675344467163086,2
877,graficon40nodi/grafo7409.40,20,40,48,65,73,2.0,5,95,0.1608126163482666,2
878,graficon42nodi/grafo6141.42,20,42,53,68,79,2.0,14,129,1.3265759944915771,2
879,graficon38nodi/grafo3932.38,20,38,48,69,79,1.0,5,166,0.31046557426452637,2
880,graficon38nodi/grafo2986.38,20,38,50,67,79,3.0,18,150,3.820721387863159,2
881,graficon42nodi/grafo5771.42,20,42,51,68,77,2.0,5,125,0.6010196208953857,2
882,graficon45nodi/grafo7734.45,20,45,55,68,78,2.0,14,145,1.3171217441558838,2
883,graficon42nodi/grafo3094.42,20,42,49,69,76,1.0,2,115,0.17069172859191895,2
884,graficon38nodi/grafo819.38,20,38,49,68,79,4.0,14,157,0.844433069229126,2
885,graficon39nodi/grafo6923.39,20,39,48,67,76,2.0,10,169,0.9924674034118652,2
886,graficon33nodi/grafo10400.33,20,33,38,68,73,1.0,1,75,0.0687246322631836,2
887,graficon36nodi/grafo11346.36,20,36,49,69,82,2.0,12,104,0.35224175453186035,2
888,graficon39nodi/grafo11565.39,20,39,45,65,71,1.0,4,69,0.16682815551757812,2
889,graficon50nodi/grafo1494.50,20,50,57,68,75,2.0,9,132,0.9379594326019287,2
890,graficon38nodi/grafo10455.38,20,38,42,67,71,1.0,1,51,0.04752635955810547,2
891,graficon38nodi/grafo9852.38,20,38,48,66,76,2.0,7,126,0.4554135799407959,2
892,graficon45nodi/grafo5975.45,20,45,52,66,73,2.0,5,122,0.5201356410980225,2
893,graficon39nodi/grafo4061.39,20,39,47,69,77,3.0,5,104,0.15827155113220215,2
894,graficon40nodi/grafo6955.40,20,40,52,69,81,3.0,8,162,0.9771378040313721,2
895,graficon41nodi/grafo7624.41,20,41,54,69,82,4.0,12,246,3.0694639682769775,2
896,graficon35nodi/grafo6116.35,20,35,43,69,77,1.0,5,95,0.25762367248535156,2
897,graficon51nodi/grafo1404.51,20,51,70,69,88,5.0,41,342,9.536519289016724,2
898,graficon36nodi/grafo7553.36,20,36,52,69,85,2.0,15,159,1.2347264289855957,2
899,graficon40nodi/grafo3711.40,20,40,53,68,81,2.0,3,188,0.31252193450927734,2
900,graficon37nodi/grafo2099.37,20,37,44,69,76,0.0,0,64,0.03134298324584961,2
901,graficon40nodi/grafo3916.40,20,40,51,71,82,3.0,6,137,0.76737380027771,2
902,graficon39nodi/grafo227.39,20,39,47,72,80,1.0,4,109,0.2652549743652344,2
903,graficon44nodi/grafo7217.44,20,44,53,70,79,2.0,7,162,0.46178364753723145,2
904,graficon35nodi/grafo10277.35,20,35,45,71,81,2.0,8,167,0.7321226596832275,2
905,graficon37nodi/grafo2678.37,20,37,45,74,82,1.0,2,112,0.20947766304016113,2
906,graficon44nodi/grafo3432.44,20,44,55,72,83,1.0,9,102,0.24796748161315918,2
907,graficon43nodi/grafo7404.43,20,43,55,73,85,2.0,9,187,0.9021527767181396,2
908,graficon47nodi/grafo6168.47,20,47,50,70,73,1.0,1,148,0.07423090934753418,2
909,graficon44nodi/grafo5590.44,20,44,49,72,77,1.0,1,65,0.03728652000427246,2
910,graficon37nodi/grafo3954.37,20,37,50,70,83,3.0,12,137,1.0554819107055664,2
911,graficon40nodi/grafo490.40,20,40,45,71,76,1.0,1,61,0.03327608108520508,2
912,graficon38nodi/grafo3708.38,20,38,53,74,89,2.0,8,170,0.42452359199523926,2
913,graficon34nodi/grafo10511.34,20,34,41,71,78,2.0,3,88,0.19870495796203613,2
914,graficon39nodi/grafo11357.39,20,39,48,71,80,2.0,8,107,0.32867956161499023,2
915,graficon49nodi/grafo6373.49,20,49,56,73,80,2.0,10,149,0.9727938175201416,2
916,graficon41nodi/grafo7372.41,20,41,55,71,85,2.0,15,291,2.896425724029541,2
917,graficon47nodi/grafo3806.47,20,47,52,71,76,1.0,3,118,0.1805896759033203,2
918,graficon40nodi/grafo7285.40,20,40,56,70,86,3.0,21,235,1.9115710258483887,2
919,graficon36nodi/grafo5124.36,20,36,43,70,77,2.0,4,102,1.4153578281402588,2
920,graficon38nodi/grafo3457.38,20,38,43,70,75,1.0,1,64,0.05670809745788574,2
921,graficon40nodi/grafo3539.40,20,40,57,72,89,3.0,21,198,2.8857014179229736,2
922,graficon39nodi/grafo3391.39,20,39,61,71,93,5.0,41,330,7.643507242202759,2
923,graficon38nodi/grafo6480.38,20,38,50,70,82,2.0,11,130,0.74595046043396,2
924,graficon42nodi/grafo3820.42,20,42,52,70,80,2.0,5,134,0.5114049911499023,2
925,graficon40nodi/grafo11283.40,20,40,52,74,86,2.0,12,134,0.9951653480529785,2
926,graficon48nodi/grafo1535.48,20,48,53,72,77,1.0,1,107,0.046216726303100586,2
927,graficon44nodi/grafo11640.44,20,44,59,73,88,3.0,15,204,2.28848934173584,2
928,graficon30nodi/grafo1810.30,20,30,40,73,83,2.0,4,120,0.29608964920043945,2
929,graficon38nodi/grafo10767.38,20,38,50,72,84,2.0,7,240,1.0790603160858154,2
930,graficon39nodi/grafo10062.39,20,39,44,74,79,2.0,5,68,0.36535048484802246,2
931,graficon42nodi/grafo6171.42,20,42,59,73,90,3.0,18,204,3.6582820415496826,2
932,graficon41nodi/grafo7074.41,20,41,50,72,81,1.0,1,129,0.06769609451293945,2
933,graficon42nodi/grafo6304.42,20,42,55,73,86,3.0,13,259,1.298098087310791,2
934,graficon43nodi/grafo3801.43,20,43,52,70,79,1.0,5,97,0.17021489143371582,2
935,graficon40nodi/grafo3538.40,20,40,46,72,78,1.0,3,92,0.3103482723236084,2
936,graficon38nodi/grafo10567.38,20,38,47,74,83,3.0,9,190,1.1917200088500977,2
937,graficon37nodi/grafo3445.37,20,37,46,73,82,2.0,7,73,0.33451247215270996,2
938,graficon37nodi/grafo11122.37,20,37,44,74,81,2.0,7,84,0.5266060829162598,2
939,graficon35nodi/grafo3499.35,20,35,47,70,82,4.0,9,119,0.4074065685272217,2
940,graficon42nodi/grafo7296.42,20,42,56,73,87,2.0,12,151,1.2955868244171143,2
941,graficon38nodi/grafo10027.38,20,38,50,74,86,2.0,9,137,0.5600860118865967,2
942,graficon40nodi/grafo6207.40,20,40,52,72,84,3.0,11,161,0.893322229385376,2
943,graficon35nodi/grafo3006.35,20,35,44,70,79,1.0,3,105,0.17616963386535645,2
944,graficon56nodi/grafo5979.56,20,56,69,72,85,4.0,22,418,8.762142658233643,2
945,graficon39nodi/grafo7283.39,20,39,50,74,85,3.0,12,203,2.824714183807373,2
946,graficon40nodi/grafo3229.40,20,40,48,74,82,1.0,3,81,0.21210622787475586,2
947,graficon37nodi/grafo2528.37,20,37,50,70,83,2.0,6,140,0.661895751953125,2
948,graficon40nodi/grafo2963.40,20,40,49,70,79,2.0,7,146,0.7447798252105713,2
949,graficon37nodi/grafo11238.37,20,37,47,70,80,2.0,5,149,0.18474221229553223,2
950,graficon34nodi/grafo5693.34,20,34,46,73,85,2.0,5,113,0.4991605281829834,2
951,graficon45nodi/grafo5623.45,20,45,55,74,84,1.0,2,194,1.0101702213287354,2
952,graficon38nodi/grafo1157.38,20,38,48,73,83,3.0,5,83,0.17707610130310059,2
953,graficon36nodi/grafo9862.36,20,36,51,74,89,2.0,10,156,1.029998779296875,2
954,graficon39nodi/grafo10505.39,20,39,52,70,83,3.0,12,173,1.5944628715515137,2
955,graficon34nodi/grafo9934.34,20,34,40,73,79,0.0,0,40,0.029437541961669922,2
956,graficon42nodi/grafo7692.42,20,42,54,74,86,2.0,9,136,0.9032483100891113,2
957,graficon41nodi/grafo7635.41,20,41,53,71,83,3.0,23,206,9.87060832977295,2
958,graficon39nodi/grafo3849.39,20,39,50,71,82,3.0,9,248,1.4460182189941406,2
959,graficon40nodi/grafo3287.40,20,40,52,71,83,2.0,12,147,0.9245069026947021,2
960,graficon56nodi/grafo7164.56,20,56,68,70,82,3.0,9,153,0.9844214916229248,2
961,graficon43nodi/grafo7403.43,20,43,57,70,84,4.0,24,204,8.051135063171387,2
962,graficon39nodi/grafo6476.39,20,39,50,73,84,3.0,15,94,0.6681013107299805,2
963,graficon41nodi/grafo5344.41,20,41,52,73,84,2.0,8,108,0.3744664192199707,2
964,graficon35nodi/grafo7560.35,20,35,45,72,82,2.0,5,94,0.22455310821533203,2
965,graficon39nodi/grafo11552.39,20,39,47,71,79,1.0,4,139,0.41079211235046387,2
966,graficon42nodi/grafo3865.42,20,42,56,73,87,2.0,16,144,1.590507984161377,2
967,graficon46nodi/grafo1581.46,20,46,52,71,77,1.0,2,116,0.38927531242370605,2
968,graficon38nodi/grafo7187.38,20,38,52,74,88,3.0,19,227,2.0900917053222656,2
969,graficon57nodi/grafo5041.57,20,57,63,74,80,1.0,4,294,0.978144645690918,2
970,graficon37nodi/grafo7512.37,20,37,45,71,79,2.0,2,120,0.1855020523071289,2
971,graficon39nodi/grafo7479.39,20,39,53,70,84,2.0,14,181,1.062087059020996,2
972,graficon46nodi/grafo5905.46,20,46,56,74,84,2.0,7,148,0.7339248657226562,2
973,graficon40nodi/grafo3387.40,20,40,53,74,87,3.0,16,170,2.0215213298797607,2
974,graficon38nodi/grafo3915.38,20,38,44,71,77,1.0,2,91,0.19459223747253418,2
975,graficon37nodi/grafo11479.37,20,37,44,73,80,2.0,6,97,0.472090482711792,2
976,graficon36nodi/grafo2504.36,20,36,49,76,89,2.0,9,135,0.6976768970489502,2
977,graficon30nodi/grafo3011.30,20,30,41,76,87,1.0,4,154,0.16613531112670898,2
978,graficon39nodi/grafo2310.39,20,39,59,77,97,3.0,21,281,1.1914021968841553,2
979,graficon40nodi/grafo365.40,20,40,47,76,83,1.0,4,87,0.2031698226928711,2
980,graficon41nodi/grafo5534.41,20,41,49,77,85,1.0,5,110,0.43786001205444336,2
981,graficon36nodi/grafo5632.36,20,36,43,76,83,1.0,5,74,0.15851163864135742,2
982,graficon42nodi/grafo3895.42,20,42,55,79,92,4.0,23,198,5.581028699874878,2
983,graficon40nodi/grafo7534.40,20,40,54,76,90,2.0,16,256,2.205087661743164,2
984,graficon38nodi/grafo11163.38,20,38,50,77,89,4.0,14,168,1.1031670570373535,2
985,graficon36nodi/grafo5700.36,20,36,49,78,91,2.0,12,196,1.1836438179016113,2
986,graficon41nodi/grafo7150.41,20,41,52,75,86,2.0,8,75,0.8319187164306641,2
987,graficon38nodi/grafo9909.38,20,38,48,77,87,2.0,8,148,0.18584799766540527,2
988,graficon41nodi/grafo6152.41,20,41,56,75,90,2.0,13,173,2.681792974472046,2
989,graficon44nodi/grafo3924.44,20,44,53,75,84,3.0,8,165,1.2758843898773193,2
990,graficon38nodi/grafo5880.38,20,38,52,76,90,2.0,12,161,0.4849121570587158,2
991,graficon31nodi/grafo1257.31,20,31,50,76,95,5.0,24,248,2.090259552001953,2
992,graficon40nodi/grafo9929.40,20,40,56,77,93,3.0,20,124,1.074939250946045,2
993,graficon43nodi/grafo7444.43,20,43,55,77,89,3.0,15,120,2.486471652984619,2
994,graficon33nodi/grafo1975.33,20,33,46,77,90,2.0,9,116,0.27549314498901367,2
995,graficon44nodi/grafo5982.44,20,44,57,79,92,3.0,12,235,2.344224691390991,2
996,graficon49nodi/grafo1353.49,20,49,54,76,81,1.0,3,104,0.15615105628967285,2
997,graficon36nodi/grafo3379.36,20,36,44,75,83,1.0,1,89,0.06885290145874023,2
998,graficon37nodi/grafo5904.37,20,37,50,77,90,2.0,11,117,1.338726282119751,2
999,graficon37nodi/grafo3837.37,20,37,52,75,90,2.0,13,225,2.6807825565338135,2
1000,graficon42nodi/grafo6032.42,20,42,51,76,85,2.0,5,125,0.35950493812561035,2
1001,graficon40nodi/grafo7544.40,20,40,53,75,88,2.0,4,228,0.6748583316802979,2
1002,graficon38nodi/grafo7305.38,20,38,53,76,91,3.0,18,181,3.347398519515991,2
1003,graficon48nodi/grafo7046.48,20,48,54,76,82,1.0,2,125,0.24875378608703613,2
1004,graficon47nodi/grafo3232.47,20,47,55,77,85,2.0,4,103,0.3250768184661865,2
1005,graficon40nodi/grafo3885.40,20,40,51,75,86,2.0,6,129,0.790041446685791,2
1006,graficon43nodi/grafo6858.43,20,43,61,77,95,3.0,20,217,6.858864068984985,2
1007,graficon43nodi/grafo5298.43,20,43,56,76,89,2.0,12,112,0.8664631843566895,2
1008,graficon37nodi/grafo11609.37,20,37,44,77,84,2.0,6,72,0.4322183132171631,2
1009,graficon43nodi/grafo7047.43,20,43,55,76,88,3.0,9,155,1.5575683116912842,2
1010,graficon46nodi/grafo1484.46,20,46,57,78,89,2.0,11,270,2.179649829864502,2
1011,graficon37nodi/grafo5641.37,20,37,44,79,86,1.0,1,121,0.10347199440002441,2
1012,graficon47nodi/grafo7547.47,20,47,59,77,89,2.0,11,135,0.8022809028625488,2
1013,graficon40nodi/grafo10494.40,20,40,50,78,88,1.0,6,112,0.4918982982635498,2
1014,graficon37nodi/grafo2713.37,20,37,48,76,87,2.0,15,166,1.4062275886535645,2
1015,graficon39nodi/grafo6248.39,20,39,50,79,90,1.0,6,165,0.41206836700439453,2
1016,graficon38nodi/grafo5903.38,20,38,48,77,87,2.0,8,118,0.694312572479248,2
1017,graficon43nodi/grafo6296.43,20,43,59,79,95,3.0,27,352,14.364822626113892,2
1018,graficon41nodi/grafo6951.41,20,41,54,76,89,4.0,13,179,0.8017213344573975,2
1019,graficon39nodi/grafo10733.39,20,39,53,79,93,2.0,8,143,0.9073402881622314,2
1020,graficon41nodi/grafo7056.41,20,41,51,76,86,1.0,3,126,0.6962106227874756,2
1021,graficon46nodi/grafo3380.46,20,46,56,75,85,2.0,7,115,0.529045581817627,2
1022,graficon41nodi/grafo3534.41,20,41,49,77,85,1.0,6,131,0.8823833465576172,2
1023,graficon39nodi/grafo3617.39,20,39,48,77,86,1.0,2,98,0.18575596809387207,2
1024,graficon38nodi/grafo11024.38,20,38,45,75,82,2.0,4,76,0.24380993843078613,2
1025,graficon49nodi/grafo1408.49,20,49,59,77,87,0.0,0,184,0.09514045715332031,2
1026,graficon46nodi/grafo7234.46,20,46,63,78,95,4.0,27,294,14.571510314941406,2
1027,graficon45nodi/grafo3840.45,20,45,59,79,93,3.0,19,290,3.2826690673828125,2
1028,graficon43nodi/grafo5371.43,20,43,57,79,93,2.0,11,113,0.5614867210388184,2
1029,graficon38nodi/grafo3671.38,20,38,47,75,84,1.0,5,82,0.21401619911193848,2
1030,graficon38nodi/grafo9893.38,20,38,49,76,87,1.0,6,94,0.5238223075866699,2
1031,graficon35nodi/grafo4037.35,20,35,40,78,83,1.0,3,78,0.35665035247802734,2
1032,graficon36nodi/grafo5155.36,20,36,47,79,90,1.0,7,145,1.0638084411621094,2
1033,graficon42nodi/grafo7486.42,20,42,57,79,94,3.0,17,168,1.9643924236297607,2
1034,graficon49nodi/grafo3418.49,20,49,63,79,93,2.0,13,160,3.1023190021514893,2
1035,graficon38nodi/grafo9981.38,20,38,45,78,85,1.0,1,48,0.1428072452545166,2
1036,graficon27nodi/grafo2050.27,20,27,36,76,85,1.0,1,53,0.049237966537475586,2
1037,graficon29nodi/grafo2072.29,20,29,43,78,92,2.0,6,131,0.49115705490112305,2
1038,graficon45nodi/grafo1836.45,20,45,58,77,90,3.0,16,207,1.2770776748657227,2
1039,graficon34nodi/grafo3921.34,20,34,46,77,89,2.0,7,162,0.7745406627655029,2
1040,graficon55nodi/grafo6415.55,20,55,59,76,80,1.0,2,115,0.242384672164917,2
1041,graficon41nodi/grafo6191.41,20,41,52,78,89,2.0,10,210,1.0345687866210938,2
1042,graficon46nodi/grafo1406.46,20,46,56,79,89,1.0,4,145,0.5560691356658936,2
1043,graficon45nodi/grafo5925.45,20,45,56,79,90,3.0,15,170,1.449571132659912,2
1044,graficon35nodi/grafo3996.35,20,35,47,78,90,3.0,13,155,0.7885217666625977,2
1045,graficon46nodi/grafo6678.46,20,46,55,77,86,1.0,2,133,0.3448207378387451,2
1046,graficon43nodi/grafo3573.43,20,43,58,79,94,3.0,16,137,3.1875531673431396,2
1047,graficon40nodi/grafo6972.40,20,40,51,77,88,1.0,6,142,0.39230871200561523,2
1048,graficon51nodi/grafo3958.51,20,51,62,77,88,3.0,17,241,4.886086702346802,2
1049,graficon39nodi/grafo10192.39,20,39,48,78,87,2.0,7,120,0.7588834762573242,2
1050,graficon45nodi/grafo6007.45,20,45,58,79,92,3.0,14,163,2.56191086769104,2
1051,graficon37nodi/grafo11553.37,20,37,49,83,95,1.0,4,69,0.13399958610534668,2
1052,graficon44nodi/grafo7454.44,20,44,56,84,96,2.0,11,156,1.5401866436004639,2
1053,graficon40nodi/grafo5453.40,20,40,57,83,100,3.0,20,199,4.178567171096802,2
1054,graficon43nodi/grafo6144.43,20,43,56,80,93,3.0,9,226,1.0845961570739746,2
1055,graficon38nodi/grafo5499.38,20,38,48,81,91,1.0,3,89,0.3768289089202881,2
1056,graficon41nodi/grafo6973.41,20,41,58,84,101,2.0,16,203,3.479130983352661,2
1057,graficon39nodi/grafo10037.39,20,39,50,80,91,1.0,9,150,0.8231446743011475,2
1058,graficon36nodi/grafo11554.36,20,36,50,82,96,3.0,22,188,2.2106592655181885,2
1059,graficon60nodi/grafo5751.60,20,60,75,84,99,3.0,23,494,21.142688512802124,2
1060,graficon42nodi/grafo5241.42,20,42,55,83,96,2.0,11,146,0.6933152675628662,2
1061,graficon46nodi/grafo6628.46,20,46,63,83,100,3.0,28,470,29.28393030166626,2
1062,graficon39nodi/grafo9924.39,20,39,52,84,97,2.0,13,126,1.5953021049499512,2
1063,graficon46nodi/grafo3661.46,20,46,56,83,93,1.0,6,130,0.35372185707092285,2
1064,graficon38nodi/grafo7549.38,20,38,50,82,94,2.0,12,136,1.766813039779663,2
1065,graficon39nodi/grafo11532.39,20,39,51,81,93,1.0,4,86,0.43788647651672363,2
1066,graficon47nodi/grafo1536.47,20,47,52,80,85,0.0,0,120,0.03511524200439453,2
1067,graficon38nodi/grafo4110.38,20,38,52,84,98,3.0,15,220,2.428879737854004,2
1068,graficon41nodi/grafo6857.41,20,41,54,83,96,1.0,6,99,0.17637348175048828,2
1069,graficon34nodi/grafo6118.34,20,34,42,82,90,1.0,1,88,0.07671284675598145,2
1070,graficon39nodi/grafo10014.39,20,39,52,83,96,2.0,11,118,1.075549602508545,2
1071,graficon43nodi/grafo7598.43,20,43,57,82,96,2.0,12,159,1.5177712440490723,2
1072,graficon39nodi/grafo3329.39,20,39,50,80,91,2.0,8,108,0.810877799987793,2
1073,graficon43nodi/grafo1506.43,20,43,50,82,89,1.0,4,164,0.395723819732666,2
1074,graficon42nodi/grafo5595.42,20,42,56,80,94,4.0,13,213,2.78816819190979,2
1075,graficon41nodi/grafo2235.41,20,41,58,83,100,2.0,15,205,2.3244588375091553,2
1076,graficon37nodi/grafo5408.37,20,37,57,84,104,3.0,29,217,6.817298650741577,2
1077,graficon56nodi/grafo7757.56,20,56,64,80,88,2.0,11,171,1.2495276927947998,2
1078,graficon43nodi/grafo7465.43,20,43,60,80,97,6.0,19,253,3.819119691848755,2
1079,graficon42nodi/grafo5984.42,20,42,53,80,91,2.0,6,104,0.3873176574707031,2
1080,graficon49nodi/grafo2124.49,20,49,64,82,97,2.0,12,221,1.6309311389923096,2
1081,graficon39nodi/grafo3939.39,20,39,50,83,94,2.0,11,119,1.513045310974121,2
1082,graficon41nodi/grafo6441.41,20,41,54,82,95,2.0,11,134,0.8514971733093262,2
1083,graficon56nodi/grafo4306.56,20,56,63,84,91,1.0,2,175,0.3460814952850342,2
1084,graficon43nodi/grafo5339.43,20,43,54,81,92,1.0,9,135,0.7321755886077881,2
1085,graficon36nodi/grafo3413.36,20,36,53,83,100,3.0,16,258,2.8095595836639404,2
1086,graficon40nodi/grafo7766.40,20,40,50,80,90,3.0,11,93,1.197204828262329,2
1087,graficon41nodi/grafo3444.41,20,41,53,82,94,2.0,13,139,1.5631439685821533,2
1088,graficon55nodi/grafo6789.55,20,55,60,81,86,2.0,4,231,1.371018409729004,2
1089,graficon32nodi/grafo1421.32,20,32,45,80,93,4.0,6,139,0.22756171226501465,2
1090,graficon36nodi/grafo5865.36,20,36,44,83,91,1.0,2,85,0.2219531536102295,2
1091,graficon42nodi/grafo3326.42,20,42,60,82,100,4.0,33,217,11.496131420135498,2
1092,graficon43nodi/grafo3360.43,20,43,56,83,96,2.0,11,217,2.2012505531311035,2
1093,graficon44nodi/grafo5765.44,20,44,59,84,99,2.0,14,236,3.9644856452941895,2
1094,graficon38nodi/grafo10031.38,20,38,49,84,95,2.0,5,119,0.4913630485534668,2
1095,graficon46nodi/grafo5873.46,20,46,57,83,94,2.0,6,176,0.8907194137573242,2
1096,graficon43nodi/grafo5486.43,20,43,54,81,92,2.0,14,184,1.8764984607696533,2
1097,graficon40nodi/grafo6472.40,20,40,57,84,101,5.0,24,286,6.256065607070923,2
1098,graficon47nodi/grafo6781.47,20,47,66,82,101,3.0,20,245,2.8924777507781982,2
1099,graficon36nodi/grafo3953.36,20,36,48,83,95,1.0,3,126,0.14699530601501465,2
1100,graficon43nodi/grafo5760.43,20,43,55,84,96,2.0,8,150,0.8134052753448486,2
1101,graficon26nodi/grafo914.26,20,26,42,83,99,4.0,25,226,4.3490495681762695,2
1102,graficon38nodi/grafo7227.38,20,38,54,80,96,2.0,16,211,1.8044686317443848,2
1103,graficon40nodi/grafo7652.40,20,40,55,80,95,2.0,15,129,0.9648630619049072,2
1104,graficon37nodi/grafo11359.37,20,37,47,83,93,2.0,6,154,0.591346263885498,2
1105,graficon42nodi/grafo1092.42,20,42,53,81,92,2.0,8,127,0.959097146987915,2
1106,graficon39nodi/grafo10835.39,20,39,45,82,88,1.0,3,70,0.20655465126037598,2
1107,graficon40nodi/grafo7432.40,20,40,47,80,87,1.0,4,94,0.21587014198303223,2
1108,graficon45nodi/grafo7099.45,20,45,56,84,95,3.0,13,193,2.8946120738983154,2
1109,graficon44nodi/grafo7381.44,20,44,65,81,102,5.0,40,366,11.036233901977539,2
1110,graficon42nodi/grafo7049.42,20,42,54,81,93,2.0,13,176,1.930112600326538,2
1111,graficon40nodi/grafo7542.40,20,40,51,81,92,3.0,9,115,0.9939634799957275,2
1112,graficon42nodi/grafo6058.42,20,42,54,81,93,2.0,9,129,1.2391784191131592,2
1113,graficon40nodi/grafo3753.40,20,40,53,81,94,2.0,16,132,1.530799388885498,2
1114,graficon48nodi/grafo6376.48,20,48,61,81,94,2.0,14,153,1.2029409408569336,2
1115,graficon42nodi/grafo7146.42,20,42,54,82,94,1.0,4,175,1.084195613861084,2
1116,graficon39nodi/grafo3944.39,20,39,54,84,99,2.0,9,178,1.091691493988037,2
1117,graficon41nodi/grafo7373.41,20,41,58,80,97,5.0,33,338,325.89101552963257,2
1118,graficon19nodi/grafo2375.19,20,19,35,80,96,4.0,14,184,0.8180465698242188,2
1119,graficon41nodi/grafo5234.41,20,41,51,83,93,1.0,4,141,0.2809913158416748,2
1120,graficon55nodi/grafo3570.55,20,55,66,83,94,2.0,12,185,2.770142078399658,2
1121,graficon49nodi/grafo3626.49,20,49,61,81,93,2.0,19,244,4.238238096237183,2
1122,graficon47nodi/grafo6600.47,20,47,68,84,105,3.0,33,308,13.260310888290405,2
1123,graficon39nodi/grafo3793.39,20,39,53,81,95,2.0,13,178,1.1613643169403076,2
1124,graficon41nodi/grafo7007.41,20,41,55,84,98,3.0,20,233,5.917983293533325,2
1125,graficon39nodi/grafo5742.39,20,39,56,83,100,3.0,15,235,3.456449508666992,2
1126,graficon40nodi/grafo7541.40,20,40,53,89,102,2.0,13,207,2.970440149307251,2
1127,graficon54nodi/grafo4016.54,20,54,65,88,99,1.0,6,146,0.36467909812927246,2
1128,graficon45nodi/grafo7241.45,20,45,62,86,103,2.0,11,227,1.4758882522583008,2
1129,graficon43nodi/grafo6406.43,20,43,57,86,100,2.0,10,217,1.322880506515503,2
1130,graficon42nodi/grafo7246.42,20,42,53,89,100,2.0,9,103,0.9004020690917969,2
1131,graficon44nodi/grafo7720.44,20,44,61,88,105,2.0,18,202,2.269407033920288,2
1132,graficon46nodi/grafo7742.46,20,46,58,85,97,3.0,15,268,2.857311248779297,2
1133,graficon44nodi/grafo7169.44,20,44,56,85,97,2.0,14,159,2.628317356109619,2
1134,graficon52nodi/grafo1591.52,20,52,62,85,95,2.0,5,106,0.7804629802703857,2
1135,graficon48nodi/grafo5501.48,20,48,65,88,105,4.0,29,241,21.817222595214844,2
1136,graficon44nodi/grafo5554.44,20,44,61,89,106,3.0,14,335,3.0356264114379883,2
1137,graficon39nodi/grafo7716.39,20,39,49,85,95,2.0,7,143,1.0627679824829102,2
1138,graficon37nodi/grafo11653.37,20,37,51,87,101,1.0,2,92,0.19588589668273926,2
1139,graficon58nodi/grafo4792.58,20,58,69,88,99,2.0,4,156,0.28113412857055664,2
1140,graficon49nodi/grafo7578.49,20,49,57,89,97,1.0,6,125,0.6508052349090576,2
1141,graficon61nodi/grafo5831.61,20,61,72,88,99,3.0,25,298,11.583843231201172,2
1142,graficon46nodi/grafo5331.46,20,46,58,88,100,4.0,22,284,15.357800960540771,2
1143,graficon51nodi/grafo4600.51,20,51,62,89,100,2.0,7,177,0.710395097732544,2
1144,graficon40nodi/grafo3335.40,20,40,53,89,102,2.0,9,136,1.191244125366211,2
1145,graficon42nodi/grafo6257.42,20,42,60,85,103,3.0,16,250,2.1227054595947266,2
1146,graficon36nodi/grafo5546.36,20,36,51,88,103,3.0,17,170,5.159745931625366,2
1147,graficon41nodi/grafo9946.41,20,41,48,85,92,1.0,5,95,0.7787978649139404,2
1148,graficon60nodi/grafo4886.60,20,60,73,85,98,3.0,21,254,8.366003036499023,2
1149,graficon40nodi/grafo7050.40,20,40,51,88,99,1.0,5,140,0.33890223503112793,2
1150,graficon49nodi/grafo4380.49,20,49,64,87,102,3.0,6,163,0.43895530700683594,2
1151,graficon55nodi/grafo3625.55,20,55,68,88,101,3.0,22,304,15.260421991348267,2
1152,graficon53nodi/grafo7688.53,20,53,65,88,100,3.0,13,232,3.8430769443511963,2
1153,graficon39nodi/grafo5407.39,20,39,53,89,103,3.0,19,164,1.6463360786437988,2
1154,graficon41nodi/grafo2781.41,20,41,61,87,107,4.0,30,256,5.746733903884888,2
1155,graficon37nodi/grafo5598.37,20,37,48,88,99,1.0,3,129,0.6307010650634766,2
1156,graficon40nodi/grafo3997.40,20,40,56,88,104,4.0,24,300,4.4519288539886475,2
1157,graficon43nodi/grafo7470.43,20,43,52,88,97,2.0,7,108,0.5369641780853271,2
1158,graficon45nodi/grafo7442.45,20,45,53,86,94,1.0,2,108,0.4666328430175781,2
1159,graficon54nodi/grafo7723.54,20,54,73,86,105,4.0,31,238,10.435860395431519,2
1160,graficon42nodi/grafo7352.42,20,42,51,85,94,2.0,3,76,0.14926600456237793,2
1161,graficon40nodi/grafo7670.40,20,40,56,88,104,1.0,5,215,1.3057665824890137,2
1162,graficon43nodi/grafo5245.43,20,43,59,88,104,3.0,14,238,2.1938893795013428,2
1163,graficon51nodi/grafo1486.51,20,51,60,87,96,2.0,5,122,1.0560219287872314,2
1164,graficon36nodi/grafo6049.36,20,36,45,87,96,1.0,4,90,0.4461400508880615,2
1165,graficon39nodi/grafo7415.39,20,39,53,88,102,2.0,12,157,1.7369396686553955,2
1166,graficon40nodi/grafo5373.40,20,40,58,87,105,3.0,18,208,5.214233875274658,2
1167,graficon38nodi/grafo9979.38,20,38,50,86,98,2.0,11,85,0.6158053874969482,2
1168,graficon48nodi/grafo5194.48,20,48,65,89,106,3.0,18,261,2.158590793609619,2
1169,graficon48nodi/grafo5357.48,20,48,64,85,101,4.0,27,198,5.978026866912842,2
1170,graficon36nodi/grafo11662.36,20,36,48,87,99,1.0,1,65,0.06293463706970215,2
1171,graficon42nodi/grafo7614.42,20,42,57,87,102,4.0,16,430,11.98890733718872,2
1172,graficon48nodi/grafo7272.48,20,48,57,86,95,2.0,3,147,0.28660106658935547,2
1173,graficon44nodi/grafo5878.44,20,44,56,87,99,2.0,9,155,0.8626742362976074,2
1174,graficon42nodi/grafo5958.42,20,42,56,86,100,3.0,12,176,1.4293162822723389,2
1175,graficon58nodi/grafo1588.58,20,58,66,88,96,3.0,7,237,1.7373392581939697,2
1176,graficon52nodi/grafo3455.52,20,52,65,87,100,2.0,15,166,4.281731128692627,2
1177,graficon42nodi/grafo7583.42,20,42,56,86,100,3.0,16,157,2.9836413860321045,2
1178,graficon49nodi/grafo7370.49,20,49,64,87,102,1.0,6,239,0.5751490592956543,2
1179,graficon39nodi/grafo5157.39,20,39,54,88,103,2.0,11,190,2.011305093765259,2
1180,graficon47nodi/grafo6822.47,20,47,56,88,97,1.0,5,187,0.6088624000549316,2
1181,graficon43nodi/grafo6928.43,20,43,56,88,101,2.0,13,162,3.118056058883667,2
1182,graficon38nodi/grafo3421.38,20,38,52,89,103,3.0,21,165,12.671305894851685,2
1183,graficon39nodi/grafo3727.39,20,39,53,86,100,3.0,9,155,1.2481122016906738,2
1184,graficon44nodi/grafo6870.44,20,44,64,85,105,3.0,34,181,29.995543003082275,2
1185,graficon36nodi/grafo9853.36,20,36,48,87,99,1.0,1,65,0.07328033447265625,2
1186,graficon50nodi/grafo4518.50,20,50,66,87,103,3.0,16,223,2.3563458919525146,2
1187,graficon42nodi/grafo7709.42,20,42,58,86,102,3.0,16,173,2.097508668899536,2
1188,graficon60nodi/grafo7155.60,20,60,70,86,96,1.0,5,258,1.1038405895233154,2
1189,graficon64nodi/grafo4420.64,20,64,81,88,105,3.0,19,252,6.491462469100952,2
1190,graficon47nodi/grafo6437.47,20,47,70,88,111,6.0,60,343,97.9415831565857,2
1191,graficon45nodi/grafo3151.45,20,45,58,86,99,3.0,13,129,2.4925546646118164,2
1192,graficon51nodi/grafo4369.51,20,51,67,87,103,3.0,15,270,5.815701723098755,2
1193,graficon38nodi/grafo3887.38,20,38,52,87,101,2.0,11,168,1.743983507156372,2
1194,graficon44nodi/grafo6329.44,20,44,58,88,102,2.0,8,113,0.694129467010498,2
1195,graficon50nodi/grafo1418.50,20,50,57,88,95,1.0,6,129,0.3034207820892334,2
1196,graficon43nodi/grafo6886.43,20,43,62,85,104,4.0,26,217,5.482903242111206,2
1197,graficon42nodi/grafo7012.42,20,42,59,88,105,3.0,16,231,4.642258405685425,2
1198,graficon34nodi/grafo5990.34,20,34,45,89,100,1.0,1,146,0.18507862091064453,2
1199,graficon56nodi/grafo4391.56,20,56,70,86,100,3.0,19,409,6.792538404464722,2
1200,graficon48nodi/grafo6689.48,20,48,57,86,95,2.0,6,144,2.044992208480835,2
1201,graficon36nodi/grafo10457.36,20,36,45,93,102,1.0,4,99,0.3983592987060547,2
1202,graficon46nodi/grafo5338.46,20,46,62,94,110,3.0,17,215,8.703811883926392,2
1203,graficon72nodi/grafo9639.72,20,72,80,94,102,2.0,14,266,10.50454330444336,2
1204,graficon44nodi/grafo3644.44,20,44,54,93,103,2.0,7,80,0.26784801483154297,2
1205,graficon54nodi/grafo3511.54,20,54,73,93,112,2.0,13,258,1.840282917022705,2
1206,graficon42nodi/grafo6946.42,20,42,58,94,110,3.0,17,221,2.7731428146362305,2
1207,graficon57nodi/grafo5626.57,20,57,78,94,115,3.0,25,226,35.19793725013733,2
1208,graficon37nodi/grafo6217.37,20,37,53,94,110,3.0,18,182,3.0539190769195557,2
1209,graficon60nodi/grafo4512.60,20,60,73,93,106,2.0,12,249,4.0558226108551025,2
1210,graficon47nodi/grafo5432.47,20,47,68,92,113,3.0,24,323,10.454952239990234,2
1211,graficon55nodi/grafo4502.55,20,55,76,92,113,4.0,47,318,156.11257147789001,2
1212,graficon58nodi/grafo1247.58,20,58,68,94,104,2.0,13,205,2.0553948879241943,2
1213,graficon43nodi/grafo6346.43,20,43,62,91,110,4.0,26,217,8.856174230575562,2
1214,graficon37nodi/grafo11625.37,20,37,51,92,106,2.0,6,89,0.40128326416015625,2
1215,graficon51nodi/grafo1470.51,20,51,69,90,108,3.0,30,293,8.606935977935791,2
1216,graficon64nodi/grafo8416.64,20,64,79,94,109,3.0,28,302,18.119374990463257,2
1217,graficon43nodi/grafo7441.43,20,43,60,92,109,3.0,29,192,11.196265459060669,2
1218,graficon40nodi/grafo5211.40,20,40,54,93,107,2.0,8,235,0.7057483196258545,2
1219,graficon35nodi/grafo11326.35,20,35,42,91,98,1.0,3,94,0.2836723327636719,2
1220,graficon43nodi/grafo7157.43,20,43,53,90,100,2.0,7,105,0.8025057315826416,2
1221,graficon39nodi/grafo3330.39,20,39,60,93,114,4.0,33,284,23.309447765350342,2
1222,graficon40nodi/grafo3519.40,20,40,56,93,109,2.0,6,130,0.2831692695617676,2
1223,graficon57nodi/grafo4041.57,20,57,66,92,101,3.0,12,184,3.253375291824341,2
1224,graficon41nodi/grafo7124.41,20,41,59,94,112,2.0,12,142,0.9936072826385498,2
1225,graficon61nodi/grafo4482.61,20,61,75,91,105,2.0,6,266,0.936687707901001,2
1226,graficon49nodi/grafo5721.49,20,49,64,92,107,2.0,7,174,0.8727114200592041,2
1227,graficon42nodi/grafo5468.42,20,42,58,94,110,3.0,17,237,1.356595754623413,2
1228,graficon37nodi/grafo1758.37,20,37,45,93,101,1.0,4,159,0.6828725337982178,2
1229,graficon36nodi/grafo11444.36,20,36,46,94,104,1.0,4,99,0.22145724296569824,2
1230,graficon37nodi/grafo11540.37,20,37,48,91,102,1.0,3,108,0.2510032653808594,2
1231,graficon37nodi/grafo7028.37,20,37,48,90,101,3.0,11,108,2.458594799041748,2
1232,graficon37nodi/grafo11417.37,20,37,49,90,102,1.0,3,98,0.20981287956237793,2
1233,graficon39nodi/grafo3187.39,20,39,53,91,105,2.0,14,210,1.255448579788208,2
1234,graficon39nodi/grafo9897.39,20,39,55,90,106,3.0,16,173,1.867349624633789,2
1235,graficon57nodi/grafo5748.57,20,57,76,94,113,3.0,22,329,8.269972562789917,2
1236,graficon38nodi/grafo10032.38,20,38,47,91,100,2.0,6,100,0.5283808708190918,2
1237,graficon58nodi/grafo4796.58,20,58,73,90,105,3.0,20,196,3.451143503189087,2
1238,graficon40nodi/grafo10282.40,20,40,59,92,111,2.0,14,256,2.9310200214385986,2
1239,graficon54nodi/grafo5002.54,20,54,64,91,101,2.0,8,246,1.461839199066162,2
1240,graficon44nodi/grafo2199.44,20,44,50,90,96,1.0,3,105,0.5198900699615479,2
1241,graficon38nodi/grafo10659.38,20,38,57,91,110,6.0,17,243,1.396698236465454,2
1242,graficon56nodi/grafo4409.56,20,56,67,93,104,2.0,6,135,0.447650671005249,2
1243,graficon47nodi/grafo6408.47,20,47,57,90,100,2.0,7,152,0.9515447616577148,2
1244,graficon54nodi/grafo3858.54,20,54,68,92,106,2.0,22,228,29.782641172409058,2
1245,graficon43nodi/grafo5723.43,20,43,59,92,108,3.0,23,188,57.28242349624634,2
1246,graficon40nodi/grafo4010.40,20,40,52,92,104,2.0,8,132,1.586655855178833,2
1247,graficon62nodi/grafo6173.62,20,62,73,92,103,2.0,8,180,0.8240044116973877,2
1248,graficon45nodi/grafo5138.45,20,45,61,90,106,4.0,26,497,14.849225521087646,2
1249,graficon41nodi/grafo6164.41,20,41,55,91,105,2.0,14,179,1.843904733657837,2
1250,graficon41nodi/grafo3527.41,20,41,54,93,106,2.0,14,167,1.0979042053222656,2
1251,graficon42nodi/grafo7642.42,20,42,62,90,110,3.0,20,292,5.272943019866943,2
1252,graficon46nodi/grafo3424.46,20,46,56,94,104,2.0,13,136,1.657029390335083,2
1253,graficon53nodi/grafo271.53,20,53,67,91,105,2.0,11,248,3.3667490482330322,2
1254,graficon45nodi/grafo3660.45,20,45,60,90,105,3.0,19,212,5.111563444137573,2
1255,graficon40nodi/grafo5980.40,20,40,54,92,106,2.0,9,121,1.171349287033081,2
1256,graficon44nodi/grafo6945.44,20,44,60,93,109,3.0,19,258,10.793256521224976,2
1257,graficon35nodi/grafo5299.35,20,35,44,91,100,3.0,6,109,0.7304329872131348,2
1258,graficon66nodi/grafo9143.66,20,66,84,94,112,3.0,33,338,40.55699062347412,2
1259,graficon55nodi/grafo4195.55,20,55,69,91,105,2.0,8,127,0.7703869342803955,2
1260,graficon58nodi/grafo6193.58,20,58,77,91,110,4.0,26,355,29.204524040222168,2
1261,graficon45nodi/grafo6524.45,20,45,59,94,108,2.0,13,232,1.6999905109405518,2
1262,graficon54nodi/grafo4006.54,20,54,64,91,101,1.0,2,113,0.15276670455932617,2
1263,graficon38nodi/grafo11322.38,20,38,50,94,106,1.0,3,79,0.26702308654785156,2
1264,graficon46nodi/grafo6723.46,20,46,64,93,111,4.0,31,251,13.678294897079468,2
1265,graficon35nodi/grafo6517.35,20,35,49,93,107,3.0,12,145,0.9505875110626221,2
1266,graficon49nodi/grafo3415.49,20,49,65,90,106,3.0,13,181,1.6863429546356201,2
1267,graficon39nodi/grafo4005.39,20,39,52,91,104,3.0,17,186,34.25618886947632,2
1268,graficon52nodi/grafo4030.52,20,52,65,92,105,3.0,13,148,1.7759428024291992,2
1269,graficon41nodi/grafo7098.41,20,41,59,92,110,4.0,35,271,16.68227243423462,2
1270,graficon43nodi/grafo5926.43,20,43,62,93,112,2.0,15,200,1.607677936553955,2
1271,graficon47nodi/grafo7625.47,20,47,67,94,114,8.0,29,250,6.079463720321655,2
1272,graficon41nodi/grafo5717.41,20,41,51,93,103,1.0,5,111,0.6462414264678955,2
1273,graficon66nodi/grafo9641.66,20,66,79,90,103,2.0,11,440,7.668901681900024,2
1274,graficon38nodi/grafo6578.38,20,38,53,93,108,2.0,7,121,0.4495389461517334,2
1275,graficon42nodi/grafo3508.42,20,42,59,94,111,4.0,19,229,2.682183265686035,2
1276,graficon44nodi/grafo11403.44,20,44,60,98,114,2.0,16,260,5.552375078201294,2
1277,graficon43nodi/grafo7636.43,20,43,59,99,115,2.0,19,218,3.2272167205810547,2
1278,graficon42nodi/grafo5817.42,20,42,60,99,117,3.0,11,136,1.3904242515563965,2
1279,graficon51nodi/grafo3172.51,20,51,71,96,116,3.0,33,318,93.43189716339111,2
1280,graficon44nodi/grafo6432.44,20,44,54,95,105,2.0,4,143,0.7594759464263916,2
1281,graficon40nodi/grafo3621.40,20,40,50,95,105,2.0,7,131,0.6573164463043213,2
1282,graficon62nodi/grafo4646.62,20,62,78,96,112,3.0,13,380,4.422133445739746,2
1283,graficon52nodi/grafo7721.52,20,52,71,95,114,3.0,20,296,52.75744676589966,2
1284,graficon45nodi/grafo7640.45,20,45,65,98,118,4.0,31,322,16.017871141433716,2
1285,graficon41nodi/grafo3781.41,20,41,58,96,113,3.0,20,272,8.189680099487305,2
1286,graficon57nodi/grafo4352.57,20,57,67,98,108,1.0,6,185,0.4809379577636719,2
1287,graficon40nodi/grafo6458.40,20,40,57,95,112,3.0,13,273,2.734999656677246,2
1288,graficon56nodi/grafo6568.56,20,56,69,98,111,2.0,20,266,6.005610227584839,2
1289,graficon50nodi/grafo4580.50,20,50,63,99,112,3.0,15,188,1.485722541809082,2
1290,graficon53nodi/grafo3486.53,20,53,68,97,112,2.0,20,281,7.6606926918029785,2
1291,graficon54nodi/grafo1483.54,20,54,67,98,111,2.0,9,169,1.0458312034606934,2
1292,graficon47nodi/grafo6664.47,20,47,63,96,112,3.0,20,270,7.467912435531616,2
1293,graficon44nodi/grafo7761.44,20,44,55,98,109,2.0,9,183,1.7908215522766113,2
1294,graficon48nodi/grafo3769.48,20,48,63,99,114,3.0,19,269,7.471032381057739,2
1295,graficon44nodi/grafo3205.44,20,44,57,99,112,1.0,7,141,0.8464393615722656,2
1296,graficon42nodi/grafo3439.42,20,42,57,95,110,2.0,10,244,1.7381439208984375,2
1297,graficon41nodi/grafo5645.41,20,41,52,97,108,3.0,8,189,0.8709681034088135,2
1298,graficon49nodi/grafo4012.49,20,49,65,99,115,3.0,21,217,9.854408740997314,2
1299,graficon38nodi/grafo3540.38,20,38,57,96,115,3.0,15,234,1.889420747756958,2
1300,graficon44nodi/grafo6960.44,20,44,61,98,115,3.0,19,222,4.849292039871216,2
1301,graficon43nodi/grafo4053.43,20,43,58,98,113,3.0,22,314,13.259623289108276,2
1302,graficon38nodi/grafo7478.38,20,38,47,98,107,1.0,5,102,0.4594106674194336,2
1303,graficon42nodi/grafo3402.42,20,42,62,99,119,3.0,23,239,7.865776538848877,2
1304,graficon40nodi/grafo3804.40,20,40,49,98,107,2.0,5,96,0.5991270542144775,2
1305,graficon46nodi/grafo7713.46,20,46,67,96,117,5.0,44,360,37.034695625305176,2
1306,graficon54nodi/grafo4849.54,20,54,68,95,109,2.0,6,149,1.1096618175506592,2
1307,graficon48nodi/grafo4473.48,20,48,61,95,108,2.0,3,178,0.7187972068786621,2
1308,graficon54nodi/grafo4530.54,20,54,76,97,119,7.0,47,327,53.54424786567688,2
1309,graficon41nodi/grafo2531.41,20,41,56,99,114,2.0,9,208,1.4704029560089111,2
1310,graficon61nodi/grafo8112.61,20,61,77,97,113,3.0,19,258,8.330017328262329,2
1311,graficon53nodi/grafo3763.53,20,53,72,95,114,4.0,21,285,11.139588117599487,2
1312,graficon39nodi/grafo3099.39,20,39,47,98,106,0.0,0,64,0.05122065544128418,2
1313,graficon44nodi/grafo7621.44,20,44,65,98,119,3.0,18,273,4.757821559906006,2
1314,graficon44nodi/grafo6263.44,20,44,66,96,118,3.0,28,250,5.576346397399902,2
1315,graficon60nodi/grafo7448.60,20,60,81,98,119,5.0,47,484,229.5892117023468,2
1316,graficon46nodi/grafo5480.46,20,46,63,95,112,3.0,17,169,2.3088691234588623,2
1317,graficon39nodi/grafo7390.39,20,39,59,97,117,3.0,20,208,8.526166200637817,2
1318,graficon42nodi/grafo3258.42,20,42,58,96,112,3.0,15,183,2.989588499069214,2
1319,graficon52nodi/grafo6159.52,20,52,65,98,111,2.0,11,201,1.9057190418243408,2
1320,graficon42nodi/grafo7485.42,20,42,56,99,113,3.0,16,167,31.6774685382843,2
1321,graficon49nodi/grafo7245.49,20,49,65,97,113,2.0,19,200,3.8104865550994873,2
1322,graficon54nodi/grafo4488.54,20,54,69,95,110,3.0,16,210,3.140958547592163,2
1323,graficon42nodi/grafo6270.42,20,42,54,98,110,3.0,7,147,1.2178783416748047,2
1324,graficon42nodi/grafo3277.42,20,42,56,95,109,2.0,14,177,2.9182262420654297,2
1325,graficon46nodi/grafo5832.46,20,46,58,95,107,2.0,6,156,1.2006301879882812,2
1326,graficon60nodi/grafo4376.60,20,60,73,96,109,3.0,6,185,1.1697101593017578,2
1327,graficon55nodi/grafo1549.55,20,55,66,99,110,2.0,6,278,2.0372731685638428,2
1328,graficon53nodi/grafo4871.53,20,53,71,98,116,2.0,18,312,5.472125053405762,2
1329,graficon60nodi/grafo8276.60,20,60,74,97,111,2.0,11,193,3.9281649589538574,2
1330,graficon55nodi/grafo1465.55,20,55,65,95,105,2.0,13,203,2.8380565643310547,2
1331,graficon53nodi/grafo5057.53,20,53,67,95,109,2.0,14,255,8.275148153305054,2
1332,graficon38nodi/grafo3383.38,20,38,62,98,122,5.0,59,411,41.92786645889282,2
1333,graficon38nodi/grafo3758.38,20,38,56,99,117,4.0,28,253,5.287035226821899,2
1334,graficon63nodi/grafo4664.63,20,63,77,99,113,2.0,11,157,2.3078150749206543,2
1335,graficon46nodi/grafo3412.46,20,46,65,95,114,3.0,18,226,4.796708583831787,2
1336,graficon44nodi/grafo7591.44,20,44,61,95,112,5.0,27,305,19.385667324066162,2
1337,graficon53nodi/grafo1482.53,20,53,67,96,110,2.0,14,259,2.4686758518218994,2
1338,graficon43nodi/grafo6921.43,20,43,55,97,109,3.0,9,137,1.4383327960968018,2
1339,graficon41nodi/grafo6192.41,20,41,54,95,108,2.0,15,146,1.9595839977264404,2
1340,graficon51nodi/grafo7730.51,20,51,67,95,111,3.0,15,214,1.899151086807251,2
1341,graficon39nodi/grafo7581.39,20,39,51,96,108,2.0,8,152,1.1340570449829102,2
1342,graficon62nodi/grafo4312.62,20,62,74,96,108,2.0,14,259,3.3924367427825928,2
1343,graficon42nodi/grafo3476.42,20,42,60,99,117,3.0,15,255,8.7255859375,2
1344,graficon41nodi/grafo7204.41,20,41,54,99,112,2.0,14,236,4.7883076667785645,2
1345,graficon44nodi/grafo3603.44,20,44,66,99,121,4.0,51,354,544.176374912262,2
1346,graficon39nodi/grafo11495.39,20,39,52,95,108,2.0,9,161,0.6655786037445068,2
1347,graficon39nodi/grafo3474.39,20,39,51,95,107,2.0,12,250,4.403241395950317,2
1348,graficon42nodi/grafo6308.42,20,42,62,96,116,3.0,25,372,5.835472106933594,2
1349,graficon40nodi/grafo5643.40,20,40,51,95,106,1.0,5,184,0.9529566764831543,2
1350,graficon39nodi/grafo5974.39,20,39,53,97,111,2.0,12,204,0.8463501930236816,2
1351,graficon41nodi/grafo6398.41,20,41,53,100,112,2.0,8,129,0.570183277130127,2
1352,graficon53nodi/grafo5091.53,20,53,77,102,126,4.0,37,256,19.39209246635437,2
1353,graficon49nodi/grafo5078.49,20,49,64,100,115,3.0,8,152,1.1943013668060303,2
1354,graficon41nodi/grafo5565.41,20,41,53,102,114,2.0,10,192,1.9620921611785889,2
1355,graficon56nodi/grafo3328.56,20,56,76,104,124,5.0,52,360,227.56070923805237,2
1356,graficon52nodi/grafo3755.52,20,52,72,104,124,3.0,25,278,6.949324369430542,2
1357,graficon65nodi/grafo9317.65,20,65,80,100,115,3.0,22,263,7.291089296340942,2
1358,graficon42nodi/grafo7572.42,20,42,50,101,109,1.0,5,136,0.5962936878204346,2
1359,graficon55nodi/grafo2141.55,20,55,76,102,123,3.0,29,328,20.669730186462402,2
1360,graficon47nodi/grafo1433.47,20,47,60,101,114,4.0,8,109,1.8114254474639893,2
1361,graficon39nodi/grafo5798.39,20,39,55,104,120,2.0,13,167,1.5894217491149902,2
1362,graficon55nodi/grafo4475.55,20,55,67,101,113,1.0,6,144,0.6346960067749023,2
1363,graficon58nodi/grafo5350.58,20,58,74,104,120,5.0,29,402,16.55688500404358,2
1364,graficon71nodi/grafo9653.71,20,71,80,103,112,1.0,2,182,0.6465134620666504,2
1365,graficon63nodi/grafo4351.63,20,63,78,101,116,3.0,30,511,31.82166290283203,2
1366,graficon54nodi/grafo3785.54,20,54,70,101,117,2.0,26,200,5.350935697555542,2
1367,graficon37nodi/grafo11284.37,20,37,50,101,114,1.0,5,61,0.23468995094299316,2
1368,graficon38nodi/grafo2726.38,20,38,53,101,116,2.0,12,233,1.991140365600586,2
1369,graficon62nodi/grafo6805.62,20,62,75,104,117,2.0,7,230,1.7553737163543701,2
1370,graficon67nodi/grafo9658.67,20,67,79,100,112,1.0,7,196,0.4552769660949707,2
1371,graficon60nodi/grafo3536.60,20,60,73,100,113,3.0,24,312,4.372536659240723,2
1372,graficon57nodi/grafo7289.57,20,57,72,100,115,4.0,19,237,7.252949476242065,2
1373,graficon59nodi/grafo4281.59,20,59,76,102,119,3.0,18,278,10.100448369979858,2
1374,graficon40nodi/grafo5568.40,20,40,59,100,119,3.0,18,216,3.956749439239502,2
1375,graficon61nodi/grafo8051.61,20,61,73,102,114,1.0,9,145,1.218158483505249,2
1376,graficon65nodi/grafo9375.65,20,65,76,102,113,2.0,6,216,1.285740852355957,2
1377,graficon44nodi/grafo5352.44,20,44,70,100,126,6.0,64,543,52.09097599983215,2
1378,graficon47nodi/grafo5710.47,20,47,62,103,118,2.0,15,225,5.7314393520355225,2
1379,graficon50nodi/grafo1392.50,20,50,63,103,116,2.0,9,180,1.4271221160888672,2
1380,graficon42nodi/grafo7610.42,20,42,55,103,116,2.0,6,86,0.37959718704223633,2
1381,graficon40nodi/grafo6641.40,20,40,54,100,114,1.0,7,104,0.46737194061279297,2
1382,graficon57nodi/grafo4452.57,20,57,76,104,123,6.0,19,235,4.596370697021484,2
1383,graficon48nodi/grafo6289.48,20,48,65,104,121,2.0,15,270,4.187437295913696,2
1384,graficon39nodi/grafo3375.39,20,39,59,103,123,4.0,22,202,4.6370532512664795,2
1385,graficon45nodi/grafo7623.45,20,45,62,104,121,4.0,28,203,83.59734797477722,2
1386,graficon57nodi/grafo7770.57,20,57,69,102,114,2.0,7,226,3.026906967163086,2
1387,graficon46nodi/grafo6166.46,20,46,66,102,122,3.0,30,205,27.27145481109619,2
1388,graficon45nodi/grafo7391.45,20,45,61,100,116,2.0,19,204,6.141477823257446,2
1389,graficon48nodi/grafo7135.48,20,48,68,104,124,4.0,33,365,20.04789161682129,2
1390,graficon59nodi/grafo6718.59,20,59,73,103,117,2.0,9,255,1.6634924411773682,2
1391,graficon36nodi/grafo2877.36,20,36,53,101,118,3.0,13,172,2.339658260345459,2
1392,graficon42nodi/grafo7744.42,20,42,52,100,110,1.0,5,88,0.18454456329345703,2
1393,graficon55nodi/grafo3834.55,20,55,80,103,128,3.0,37,286,43.49221730232239,2
1394,graficon50nodi/grafo1307.50,20,50,71,104,125,4.0,40,439,33.848655700683594,2
1395,graficon42nodi/grafo7026.42,20,42,55,101,114,4.0,9,114,0.9181718826293945,2
1396,graficon42nodi/grafo7261.42,20,42,62,100,120,3.0,30,362,13.020561218261719,2
1397,graficon56nodi/grafo5341.56,20,56,79,101,124,4.0,44,347,258.5441324710846,2
1398,graficon56nodi/grafo4651.56,20,56,76,101,121,3.0,34,379,15.258503198623657,2
1399,graficon35nodi/grafo5493.35,20,35,53,100,118,3.0,22,222,5.9596686363220215,2
1400,graficon54nodi/grafo3748.54,20,54,73,104,123,4.0,31,213,18.78644299507141,2
1401,graficon56nodi/grafo1205.56,20,56,75,100,119,4.0,27,251,7.457075595855713,2
1402,graficon56nodi/grafo7738.56,20,56,79,102,125,4.0,34,387,27.917996168136597,2
1403,graficon61nodi/grafo3257.61,20,61,82,102,123,4.0,41,511,275.17343497276306,2
1404,graficon48nodi/grafo2254.48,20,48,66,102,120,3.0,19,272,12.859278440475464,2
1405,graficon42nodi/grafo5550.42,20,42,57,101,116,2.0,18,236,2.0082194805145264,2
1406,graficon58nodi/grafo6722.58,20,58,69,103,114,2.0,16,224,3.357358932495117,2
1407,graficon50nodi/grafo6775.50,20,50,63,101,114,2.0,12,293,3.7496421337127686,2
1408,graficon56nodi/grafo6630.56,20,56,68,103,115,3.0,22,258,8.852165937423706,2
1409,graficon51nodi/grafo7550.51,20,51,66,102,117,3.0,18,254,3.0818443298339844,2
1410,graficon55nodi/grafo4367.55,20,55,72,103,120,3.0,11,155,2.2620885372161865,2
1411,graficon40nodi/grafo7165.40,20,40,55,102,117,4.0,21,216,51.242581367492676,2
1412,graficon67nodi/grafo6272.67,20,67,72,100,105,1.0,1,90,0.10585737228393555,2
1413,graficon51nodi/grafo3484.51,20,51,68,104,121,4.0,31,243,23.68475866317749,2
1414,graficon53nodi/grafo2794.53,20,53,73,104,124,5.0,31,331,24.53722047805786,2
1415,graficon49nodi/grafo4734.49,20,49,59,101,111,1.0,3,129,0.7045495510101318,2
1416,graficon50nodi/grafo5745.50,20,50,75,101,126,5.0,51,289,600.6261043548584,9
1417,graficon63nodi/grafo1570.63,20,63,74,100,111,2.0,14,197,2.3514721393585205,2
1418,graficon39nodi/grafo11671.39,20,39,52,101,114,4.0,9,149,1.8593461513519287,2
1419,graficon67nodi/grafo1617.67,20,67,80,103,116,2.0,11,165,3.160125970840454,2
1420,graficon39nodi/grafo5762.39,20,39,59,103,123,3.0,20,214,4.960479736328125,2
1421,graficon54nodi/grafo4467.54,20,54,69,102,117,3.0,8,254,1.775559425354004,2
1422,graficon36nodi/grafo5175.36,20,36,45,101,110,2.0,5,85,0.35018253326416016,2
1423,graficon49nodi/grafo5220.49,20,49,64,100,115,3.0,15,358,8.073223114013672,2
1424,graficon57nodi/grafo5032.57,20,57,69,101,113,2.0,6,240,1.9685816764831543,2
1425,graficon44nodi/grafo5221.44,20,44,57,102,115,2.0,14,146,1.5187466144561768,2
1426,graficon42nodi/grafo10008.42,20,42,61,107,126,3.0,15,222,3.0881755352020264,2
1427,graficon44nodi/grafo3501.44,20,44,63,106,125,3.0,26,340,13.733874797821045,2
1428,graficon55nodi/grafo4528.55,20,55,67,106,118,2.0,5,156,0.8361930847167969,2
1429,graficon45nodi/grafo7219.45,20,45,59,108,122,2.0,15,227,4.994586229324341,2
1430,graficon39nodi/grafo5763.39,20,39,54,109,124,2.0,7,134,1.262488603591919,2
1431,graficon55nodi/grafo1361.55,20,55,66,106,117,2.0,8,283,1.1120986938476562,2
1432,graficon45nodi/grafo7555.45,20,45,58,106,119,2.0,7,136,0.9225239753723145,2
1433,graficon54nodi/grafo7407.54,20,54,66,105,117,2.0,13,265,4.907644271850586,2
1434,graficon57nodi/grafo5924.57,20,57,74,105,122,3.0,16,212,3.654308319091797,2
1435,graficon44nodi/grafo6229.44,20,44,56,107,119,2.0,6,109,0.6036241054534912,2
1436,graficon43nodi/grafo6343.43,20,43,55,106,118,2.0,11,133,2.1862471103668213,2
1437,graficon48nodi/grafo6544.48,20,48,61,105,118,2.0,14,217,4.626901865005493,2
1438,graficon62nodi/grafo1215.62,20,62,82,105,125,5.0,44,343,30.906818389892578,2
1439,graficon51nodi/grafo3726.51,20,51,70,105,124,3.0,24,221,13.423992156982422,2
1440,graficon64nodi/grafo9460.64,20,64,78,107,121,3.0,15,297,9.117218255996704,2
1441,graficon47nodi/grafo5255.47,20,47,64,106,123,3.0,16,271,4.556580066680908,2
1442,graficon61nodi/grafo4491.61,20,61,79,109,127,2.0,17,180,3.568253517150879,2
1443,graficon44nodi/grafo5130.44,20,44,56,106,118,3.0,13,185,2.1014797687530518,2
1444,graficon45nodi/grafo6438.45,20,45,58,105,118,2.0,9,209,1.9342658519744873,2
1445,graficon53nodi/grafo4079.53,20,53,62,107,116,2.0,9,121,1.0777130126953125,2
1446,graficon40nodi/grafo10057.40,20,40,59,106,125,5.0,41,280,268.43359303474426,2
1447,graficon52nodi/grafo7181.52,20,52,81,109,138,4.0,52,427,64.91385388374329,2
1448,graficon46nodi/grafo5473.46,20,46,64,106,124,3.0,18,285,3.2430579662323,2
1449,graficon46nodi/grafo6674.46,20,46,62,107,123,3.0,15,210,2.664625406265259,2
1450,graficon51nodi/grafo4756.51,20,51,70,109,128,3.0,23,310,7.145476579666138,2
1451,graficon38nodi/grafo11400.38,20,38,49,109,120,1.0,7,115,0.3153247833251953,2
1452,graficon43nodi/grafo6348.43,20,43,56,108,121,2.0,14,230,1.5458378791809082,2
1453,graficon36nodi/grafo6109.36,20,36,52,106,122,2.0,13,195,2.6306140422821045,2
1454,graficon53nodi/grafo4167.53,20,53,69,106,122,2.0,18,226,5.074382781982422,2
1455,graficon66nodi/grafo9206.66,20,66,84,109,127,3.0,31,240,31.364442348480225,2
1456,graficon58nodi/grafo3235.58,20,58,71,109,122,2.0,15,291,3.5688390731811523,2
1457,graficon48nodi/grafo6554.48,20,48,70,107,129,5.0,46,377,34.976393699645996,2
1458,graficon60nodi/grafo1192.60,20,60,79,106,125,5.0,35,267,19.732102394104004,2
1459,graficon46nodi/grafo6771.46,20,46,55,107,116,2.0,5,133,0.6413826942443848,2
1460,graficon40nodi/grafo5231.40,20,40,56,108,124,2.0,15,224,3.575181007385254,2
1461,graficon38nodi/grafo6547.38,20,38,64,107,133,5.0,60,323,60.07544302940369,2
1462,graficon59nodi/grafo3194.59,20,59,67,106,114,1.0,3,138,0.25969576835632324,2
1463,graficon47nodi/grafo6384.47,20,47,72,108,133,4.0,42,378,42.8003933429718,2
1464,graficon42nodi/grafo7389.42,20,42,62,109,129,3.0,24,254,9.155495643615723,2
1465,graficon54nodi/grafo7090.54,20,54,72,107,125,3.0,27,375,29.370163202285767,2
1466,graficon43nodi/grafo3227.43,20,43,65,108,130,4.0,28,307,9.62862253189087,2
1467,graficon44nodi/grafo7751.44,20,44,58,105,119,2.0,9,117,1.037254810333252,2
1468,graficon40nodi/grafo7767.40,20,40,54,107,121,2.0,8,100,0.6939537525177002,2
1469,graficon49nodi/grafo7010.49,20,49,67,106,124,3.0,14,193,1.7104642391204834,2
1470,graficon60nodi/grafo4421.60,20,60,73,106,119,2.0,15,276,5.879572868347168,2
1471,graficon52nodi/grafo1431.52,20,52,70,109,127,4.0,15,192,2.2960879802703857,2
1472,graficon48nodi/grafo6390.48,20,48,65,109,126,3.0,16,207,3.407118558883667,2
1473,graficon46nodi/grafo5713.46,20,46,66,105,125,2.0,24,192,9.635523080825806,2
1474,graficon55nodi/grafo5960.55,20,55,79,108,132,6.0,60,577,84.83713793754578,2
1475,graficon55nodi/grafo4161.55,20,55,73,106,124,9.0,26,310,40.840893507003784,2
1476,graficon37nodi/grafo3359.37,20,37,58,109,130,5.0,18,286,6.994700193405151,2
1477,graficon52nodi/grafo5150.52,20,52,70,107,125,4.0,17,260,6.186450481414795,2
1478,graficon55nodi/grafo4967.55,20,55,66,109,120,2.0,11,184,2.953958511352539,2
1479,graficon49nodi/grafo2656.49,20,49,59,107,117,1.0,6,169,1.0147371292114258,2
1480,graficon44nodi/grafo7259.44,20,44,61,105,122,3.0,15,172,2.22316312789917,2
1481,graficon45nodi/grafo6396.45,20,45,65,108,128,4.0,25,221,7.446096420288086,2
1482,graficon47nodi/grafo3730.47,20,47,63,107,123,2.0,12,182,2.9120357036590576,2
1483,graficon47nodi/grafo2478.47,20,47,62,105,120,4.0,19,297,6.352314472198486,2
1484,graficon59nodi/grafo6030.59,20,59,80,105,126,4.0,28,312,19.23503303527832,2
1485,graficon47nodi/grafo6696.47,20,47,66,106,125,4.0,21,236,8.925121784210205,2
1486,graficon60nodi/grafo5223.60,20,60,83,105,128,5.0,53,605,77.90020227432251,2
1487,graficon40nodi/grafo4038.40,20,40,53,107,120,2.0,9,151,1.4002490043640137,2
1488,graficon57nodi/grafo4177.57,20,57,76,107,126,3.0,19,405,11.89023470878601,2
1489,graficon57nodi/grafo5329.57,20,57,71,106,120,2.0,9,211,2.058069944381714,2
1490,graficon57nodi/grafo5849.57,20,57,81,106,130,3.0,35,346,31.89400625228882,2
1491,graficon58nodi/grafo1501.58,20,58,72,108,122,1.0,5,152,0.23468232154846191,2
1492,graficon61nodi/grafo9391.61,20,61,78,107,124,4.0,19,178,5.159783363342285,2
1493,graficon55nodi/grafo3352.55,20,55,69,108,122,2.0,8,165,1.532195806503296,2
1494,graficon38nodi/grafo3917.38,20,38,58,105,125,3.0,25,336,14.982044458389282,2
1495,graficon65nodi/grafo9118.65,20,65,84,105,124,2.0,11,315,3.4321141242980957,2
1496,graficon59nodi/grafo5083.59,20,59,71,106,118,3.0,16,371,10.361032724380493,2
1497,graficon41nodi/grafo5811.41,20,41,59,105,123,3.0,28,246,8.930887699127197,2
1498,graficon52nodi/grafo3185.52,20,52,76,108,132,4.0,33,235,25.240458965301514,2
1499,graficon61nodi/grafo6898.61,20,61,72,109,120,1.0,10,220,3.4222311973571777,2
1500,graficon49nodi/grafo6707.49,20,49,64,106,121,4.0,21,258,9.184444904327393,2
1501,graficon37nodi/grafo4080.37,20,37,57,112,132,4.0,28,342,11.115158557891846,2
1502,graficon54nodi/grafo1328.54,20,54,71,112,129,2.0,19,316,3.139890670776367,2
1503,graficon56nodi/grafo4416.56,20,56,70,114,128,3.0,14,181,3.6093761920928955,2
1504,graficon59nodi/grafo4386.59,20,59,73,111,125,2.0,9,210,1.561720609664917,2
1505,graficon54nodi/grafo4332.54,20,54,69,111,126,2.0,16,185,3.5355849266052246,2
1506,graficon35nodi/grafo5351.35,20,35,51,111,127,3.0,9,167,1.0329437255859375,2
1507,graficon56nodi/grafo4275.56,20,56,76,113,133,3.0,29,283,5.6389453411102295,2
1508,graficon59nodi/grafo6792.59,20,59,76,114,131,4.0,27,350,21.375883102416992,2
1509,graficon69nodi/grafo7584.69,20,69,80,114,125,2.0,13,192,5.286216735839844,2
1510,graficon51nodi/grafo6893.51,20,51,68,114,131,3.0,16,247,8.654995679855347,2
1511,graficon58nodi/grafo5098.58,20,58,79,112,133,5.0,49,673,54.04678297042847,2
1512,graficon64nodi/grafo7471.64,20,64,76,110,122,3.0,13,301,1.7792901992797852,2
1513,graficon74nodi/grafo8685.74,20,74,94,114,134,4.0,20,441,25.75154447555542,2
1514,graficon47nodi/grafo7236.47,20,47,70,111,134,4.0,33,338,22.92215371131897,2
1515,graficon60nodi/grafo4548.60,20,60,72,112,124,4.0,22,276,30.639349937438965,2
1516,graficon64nodi/grafo4288.64,20,64,81,111,128,2.0,19,294,12.09289026260376,2
1517,graficon77nodi/grafo8372.77,20,77,85,112,120,2.0,8,306,5.92757248878479,2
1518,graficon61nodi/grafo5418.61,20,61,82,112,133,3.0,17,448,16.67848300933838,2
1519,graficon59nodi/grafo4463.59,20,59,76,114,131,2.0,11,296,3.1378934383392334,2
1520,graficon58nodi/grafo4889.58,20,58,77,111,130,3.0,29,345,41.825587034225464,2
1521,graficon55nodi/grafo4661.55,20,55,69,111,125,2.0,15,192,3.5925748348236084,2
1522,graficon43nodi/grafo5950.43,20,43,56,112,125,3.0,8,131,1.1254489421844482,2
1523,graficon44nodi/grafo5404.44,20,44,60,113,129,2.0,13,246,2.600931406021118,2
1524,graficon59nodi/grafo6503.59,20,59,73,111,125,2.0,13,167,3.32428240776062,2
1525,graficon35nodi/grafo5852.35,20,35,50,112,127,2.0,7,90,1.110764741897583,2
1526,graficon55nodi/grafo4318.55,20,55,81,114,140,5.0,49,446,44.630553245544434,2
1527,graficon63nodi/grafo9365.63,20,63,83,110,130,3.0,25,366,32.99142122268677,2
1528,graficon39nodi/grafo2982.39,20,39,52,112,125,2.0,7,146,1.0252766609191895,2
1529,graficon58nodi/grafo6031.58,20,58,82,113,137,4.0,39,490,52.75485301017761,2
1530,graficon40nodi/grafo3131.40,20,40,53,112,125,3.0,13,202,3.327461004257202,2
1531,graficon66nodi/grafo1564.66,20,66,85,114,133,3.0,17,281,7.762435674667358,2
1532,graficon44nodi/grafo6276.44,20,44,62,112,130,3.0,11,142,1.8323242664337158,2
1533,graficon65nodi/grafo9158.65,20,65,87,114,136,4.0,48,430,319.4863324165344,2
1534,graficon61nodi/grafo3853.61,20,61,79,113,131,3.0,26,306,27.36963653564453,2
1535,graficon61nodi/grafo9775.61,20,61,79,113,131,2.0,16,427,14.38895559310913,2
1536,graficon43nodi/grafo3947.43,20,43,63,114,134,2.0,11,256,1.2370939254760742,2
1537,graficon42nodi/grafo7666.42,20,42,63,111,132,4.0,26,322,24.104093074798584,2
1538,graficon72nodi/grafo8975.72,20,72,87,112,127,3.0,29,438,205.7669005393982,2
1539,graficon51nodi/grafo4726.51,20,51,67,110,126,2.0,9,397,8.578261375427246,2
1540,graficon46nodi/grafo5659.46,20,46,60,110,124,2.0,11,222,1.6898994445800781,2
1541,graficon63nodi/grafo2914.63,20,63,80,111,128,3.0,29,276,112.33850860595703,2
1542,graficon58nodi/grafo5008.58,20,58,77,114,133,2.0,25,253,5.298248767852783,2
1543,graficon59nodi/grafo6791.59,20,59,76,114,131,4.0,27,350,20.949679851531982,2
1544,graficon53nodi/grafo1262.53,20,53,74,114,135,5.0,44,368,45.62627840042114,2
1545,graficon56nodi/grafo6350.56,20,56,74,114,132,3.0,22,282,7.723080158233643,2
1546,graficon36nodi/grafo3241.36,20,36,47,110,121,2.0,8,112,0.9646990299224854,2
1547,graficon52nodi/grafo3628.52,20,52,71,114,133,3.0,14,281,3.797794818878174,2
1548,graficon40nodi/grafo4021.40,20,40,51,111,122,3.0,8,105,0.7979843616485596,2
1549,graficon60nodi/grafo5483.60,20,60,75,113,128,3.0,7,317,2.960648775100708,2
1550,graficon42nodi/grafo5183.42,20,42,58,110,126,2.0,17,251,6.7721216678619385,2
1551,graficon62nodi/grafo4952.62,20,62,78,110,126,3.0,17,311,8.338249206542969,2
1552,graficon44nodi/grafo6968.44,20,44,67,112,135,5.0,24,248,3.55708646774292,2
1553,graficon46nodi/grafo6553.46,20,46,66,111,131,2.0,15,211,3.3945140838623047,2
1554,graficon56nodi/grafo6546.56,20,56,70,113,127,2.0,9,222,4.43953800201416,2
1555,graficon55nodi/grafo7054.55,20,55,79,112,136,5.0,43,406,92.27712965011597,2
1556,graficon62nodi/grafo6494.62,20,62,81,111,130,4.0,33,306,26.79479718208313,2
1557,graficon56nodi/grafo4322.56,20,56,78,113,135,4.0,33,299,28.600504398345947,2
1558,graficon62nodi/grafo7772.62,20,62,79,113,130,3.0,20,281,13.485595226287842,2
1559,graficon61nodi/grafo4616.61,20,61,81,111,131,3.0,21,333,15.744492769241333,2
1560,graficon63nodi/grafo4884.63,20,63,86,113,136,5.0,33,493,21.313084602355957,2
1561,graficon38nodi/grafo10618.38,20,38,54,113,129,3.0,22,162,3.075777769088745,2
1562,graficon52nodi/grafo6715.52,20,52,72,110,130,4.0,28,406,39.957173347473145,2
1563,graficon41nodi/grafo4031.41,20,41,62,111,132,3.0,24,237,4.049067497253418,2
1564,graficon53nodi/grafo5040.53,20,53,72,112,131,3.0,22,356,18.1622953414917,2
1565,graficon63nodi/grafo4162.63,20,63,81,113,131,3.0,20,354,14.099801778793335,2
1566,graficon53nodi/grafo4750.53,20,53,64,113,124,2.0,6,136,0.6638052463531494,2
1567,graficon37nodi/grafo5965.37,20,37,52,113,128,2.0,11,169,1.7556777000427246,2
1568,graficon41nodi/grafo149.41,20,41,54,111,124,2.0,9,157,1.4659276008605957,2
1569,graficon68nodi/grafo4896.68,20,68,86,114,132,3.0,20,202,4.180832386016846,2
1570,graficon48nodi/grafo6561.48,20,48,68,111,131,3.0,15,322,6.111536026000977,2
1571,graficon64nodi/grafo9060.64,20,64,81,112,129,3.0,28,322,41.32925033569336,2
1572,graficon44nodi/grafo4022.44,20,44,63,113,132,2.0,17,290,7.595165729522705,2
1573,graficon39nodi/grafo3142.39,20,39,52,111,124,2.0,11,175,2.0602221488952637,2
1574,graficon64nodi/grafo9057.64,20,64,85,114,135,4.0,35,332,25.708561658859253,2
1575,graficon38nodi/grafo7492.38,20,38,57,111,130,4.0,29,302,15.651972770690918,2
1576,graficon56nodi/grafo1366.56,20,56,70,115,129,1.0,6,191,0.9185059070587158,2
1577,graficon57nodi/grafo4130.57,20,57,79,117,139,5.0,41,411,600.4747581481934,9
1578,graficon55nodi/grafo6661.55,20,55,72,117,134,2.0,14,196,2.0532877445220947,2
1579,graficon59nodi/grafo1342.59,20,59,70,117,128,2.0,14,286,10.234070062637329,2
1580,graficon64nodi/grafo9594.64,20,64,86,117,139,4.0,34,319,29.74342656135559,2
1581,graficon57nodi/grafo6107.57,20,57,75,119,137,2.0,22,300,21.167636156082153,2
1582,graficon64nodi/grafo9467.64,20,64,75,117,128,2.0,8,177,1.67781662940979,2
1583,graficon68nodi/grafo9749.68,20,68,82,119,133,2.0,14,302,13.908547163009644,2
1584,graficon56nodi/grafo1480.56,20,56,77,118,139,5.0,54,404,56.60692358016968,2
1585,graficon37nodi/grafo11566.37,20,37,53,116,132,3.0,12,147,2.2895898818969727,2
1586,graficon62nodi/grafo5406.62,20,62,77,117,132,2.0,14,194,3.3276875019073486,2
1587,graficon71nodi/grafo8270.71,20,71,91,118,138,2.0,24,262,16.090252161026,2
1588,graficon54nodi/grafo5311.54,20,54,74,115,135,5.0,29,468,63.65346956253052,2
1589,graficon59nodi/grafo4198.59,20,59,75,115,131,3.0,25,238,11.449440002441406,2
1590,graficon51nodi/grafo6747.51,20,51,65,118,132,2.0,12,181,1.9745891094207764,2
1591,graficon68nodi/grafo6622.68,20,68,77,115,124,1.0,4,173,0.3876760005950928,2
1592,graficon64nodi/grafo4563.64,20,64,87,118,141,5.0,59,505,409.33849716186523,2
1593,graficon64nodi/grafo5788.64,20,64,77,117,130,3.0,15,250,9.558586835861206,2
1594,graficon67nodi/grafo6909.67,20,67,77,115,125,2.0,13,191,2.6417534351348877,2
1595,graficon53nodi/grafo4003.53,20,53,72,118,137,4.0,23,251,28.167274475097656,2
1596,graficon54nodi/grafo6872.54,20,54,76,119,141,5.0,54,366,600.9527368545532,9
1597,graficon57nodi/grafo6269.57,20,57,75,118,136,4.0,35,343,600.6980443000793,9
1598,graficon58nodi/grafo4723.58,20,58,70,118,130,2.0,5,230,1.4625895023345947,2
1599,graficon45nodi/grafo6297.45,20,45,60,115,130,2.0,11,153,2.5363070964813232,2
1600,graficon39nodi/grafo9974.39,20,39,55,117,133,1.0,5,133,0.6315362453460693,2
1601,graficon55nodi/grafo4894.55,20,55,76,116,137,3.0,21,233,6.7222373485565186,2
1602,graficon43nodi/grafo5515.43,20,43,64,116,137,4.0,30,349,31.33840823173523,2
1603,graficon52nodi/grafo3810.52,20,52,64,115,127,3.0,13,157,6.710843801498413,2
1604,graficon62nodi/grafo4293.62,20,62,77,115,130,3.0,20,367,10.349178552627563,2
1605,graficon57nodi/grafo3957.57,20,57,80,119,142,4.0,35,340,19.57105827331543,2
1606,graficon42nodi/grafo5345.42,20,42,55,118,131,2.0,6,150,1.4274013042449951,2
1607,graficon44nodi/grafo7605.44,20,44,65,118,139,3.0,18,259,4.071983337402344,2
1608,graficon47nodi/grafo6300.47,20,47,72,117,142,4.0,46,398,221.2002592086792,2
1609,graficon63nodi/grafo9652.63,20,63,75,118,130,2.0,12,209,4.774114608764648,2
1610,graficon53nodi/grafo5729.53,20,53,75,115,137,4.0,37,390,11.119128704071045,2
1611,graficon58nodi/grafo6690.58,20,58,70,116,128,3.0,7,220,1.2243506908416748,2
1612,graficon75nodi/grafo6954.75,20,75,90,117,132,3.0,17,214,12.720543622970581,2
1613,graficon51nodi/grafo3507.51,20,51,71,117,137,3.0,29,304,22.90764021873474,2
1614,graficon41nodi/grafo7137.41,20,41,59,115,133,3.0,18,171,6.631798267364502,2
1615,graficon69nodi/grafo8347.69,20,69,76,119,126,1.0,3,170,0.5745489597320557,2
1616,graficon64nodi/grafo4722.64,20,64,80,119,135,2.0,14,208,2.2349531650543213,2
1617,graficon44nodi/grafo5243.44,20,44,61,118,135,3.0,19,239,3.5982115268707275,2
1618,graficon51nodi/grafo4766.51,20,51,73,117,139,3.0,20,309,8.322857856750488,2
1619,graficon45nodi/grafo7039.45,20,45,63,116,134,2.0,10,238,2.0866143703460693,2
1620,graficon66nodi/grafo1414.66,20,66,82,118,134,2.0,19,294,13.468782424926758,2
1621,graficon48nodi/grafo7601.48,20,48,64,118,134,3.0,18,201,6.775910377502441,2
1622,graficon63nodi/grafo9085.63,20,63,82,119,138,5.0,24,343,15.642943620681763,2
1623,graficon56nodi/grafo4621.56,20,56,67,119,130,3.0,11,162,0.953115701675415,2
1624,graficon63nodi/grafo7961.63,20,63,76,117,130,2.0,6,233,1.2836034297943115,2
1625,graficon56nodi/grafo3760.56,20,56,69,115,128,1.0,8,156,0.7623965740203857,2
1626,graficon58nodi/grafo5173.58,20,58,83,115,140,4.0,38,380,96.34349584579468,2
1627,graficon43nodi/grafo6391.43,20,43,62,119,138,4.0,26,315,24.382417917251587,2
1628,graficon37nodi/grafo5229.37,20,37,53,115,131,3.0,14,184,2.4380979537963867,2
1629,graficon67nodi/grafo9070.67,20,67,88,116,137,4.0,42,366,81.9333119392395,2
1630,graficon76nodi/grafo8078.76,20,76,98,117,139,6.0,58,483,413.40038895606995,2
1631,graficon65nodi/grafo1527.65,20,65,77,117,129,2.0,9,196,1.6033015251159668,2
1632,graficon37nodi/grafo6959.37,20,37,55,117,135,2.0,10,128,1.3947107791900635,2
1633,graficon46nodi/grafo6724.46,20,46,66,118,138,3.0,24,286,142.66985607147217,2
1634,graficon43nodi/grafo5987.43,20,43,63,117,137,4.0,33,228,9.415477991104126,2
1635,graficon64nodi/grafo9098.64,20,64,80,117,133,2.0,16,230,2.2254061698913574,2
1636,graficon54nodi/grafo3460.54,20,54,82,117,145,5.0,56,606,126.93774795532227,2
1637,graficon50nodi/grafo4869.50,20,50,69,117,136,3.0,19,239,7.905951023101807,2
1638,graficon44nodi/grafo4017.44,20,44,60,118,134,3.0,17,214,7.330534219741821,2
1639,graficon61nodi/grafo9367.61,20,61,77,117,133,5.0,15,342,9.657695531845093,2
1640,graficon37nodi/grafo6698.37,20,37,54,118,135,2.0,14,155,2.7969141006469727,2
1641,graficon66nodi/grafo4656.66,20,66,81,119,134,2.0,16,274,17.41810965538025,2
1642,graficon52nodi/grafo4874.52,20,52,70,119,137,2.0,7,314,2.565014600753784,2
1643,graficon57nodi/grafo6446.57,20,57,68,116,127,2.0,4,164,1.159463882446289,2
1644,graficon57nodi/grafo1567.57,20,57,74,118,135,3.0,14,181,3.2164316177368164,2
1645,graficon60nodi/grafo7536.60,20,60,76,119,135,3.0,24,330,15.96084451675415,2
1646,graficon62nodi/grafo9405.62,20,62,82,117,137,4.0,35,523,62.20277643203735,2
1647,graficon58nodi/grafo4605.58,20,58,84,118,144,5.0,54,592,90.4405632019043,2
1648,graficon39nodi/grafo3902.39,20,39,53,116,130,7.0,14,267,5.664536237716675,2
1649,graficon46nodi/grafo6228.46,20,46,62,116,132,3.0,22,296,5.5317909717559814,2
1650,graficon63nodi/grafo6941.63,20,63,82,116,135,3.0,25,310,25.050046682357788,2
1651,graficon58nodi/grafo5389.58,20,58,84,122,148,4.0,49,423,374.14975476264954,2
1652,graficon52nodi/grafo3704.52,20,52,70,121,139,4.0,25,319,15.023558855056763,2
1653,graficon60nodi/grafo5914.60,20,60,82,124,146,5.0,49,478,600.6371438503265,9
1654,graficon58nodi/grafo4730.58,20,58,86,123,151,3.0,35,610,41.12093663215637,2
1655,graficon68nodi/grafo8028.68,20,68,94,121,147,6.0,78,674,600.9746487140656,9
1656,graficon47nodi/grafo3846.47,20,47,65,124,142,2.0,15,302,1.568350076675415,2
1657,graficon46nodi/grafo6790.46,20,46,74,121,149,5.0,55,525,443.3436861038208,2
1658,graficon73nodi/grafo6710.73,20,73,94,124,145,4.0,42,506,36.758737325668335,2
1659,graficon59nodi/grafo7328.59,20,59,71,120,132,2.0,8,164,0.8188107013702393,2
1660,graficon46nodi/grafo7399.46,20,46,63,123,140,3.0,15,175,7.517498970031738,2
1661,graficon76nodi/grafo7967.76,20,76,100,121,145,5.0,48,783,130.18375825881958,2
1662,graficon67nodi/grafo8050.67,20,67,86,123,142,3.0,23,383,172.34398913383484,2
1663,graficon42nodi/grafo6310.42,20,42,63,122,143,3.0,22,215,15.013042688369751,2
1664,graficon56nodi/grafo3658.56,20,56,78,124,146,7.0,48,395,64.42692279815674,2
1665,graficon62nodi/grafo4245.62,20,62,84,121,143,3.0,36,279,122.63407111167908,2
1666,graficon77nodi/grafo4554.77,20,77,99,124,146,4.0,56,513,126.4508306980133,2
1667,graficon60nodi/grafo4856.60,20,60,80,122,142,3.0,23,300,14.15287470817566,2
1668,graficon53nodi/grafo4505.53,20,53,69,120,136,2.0,7,165,2.217122793197632,2
1669,graficon43nodi/grafo5443.43,20,43,59,122,138,3.0,16,206,6.006620407104492,2
1670,graficon51nodi/grafo6475.51,20,51,66,122,137,2.0,17,192,3.676659107208252,2
1671,graficon47nodi/grafo7084.47,20,47,65,124,142,3.0,15,305,10.749181509017944,2
1672,graficon75nodi/grafo8507.75,20,75,88,123,136,2.0,12,175,45.089295625686646,2
1673,graficon48nodi/grafo1416.48,20,48,62,124,138,2.0,8,176,1.2059850692749023,2
1674,graficon63nodi/grafo9234.63,20,63,87,120,144,5.0,41,374,54.81447649002075,2
1675,graficon51nodi/grafo4154.51,20,51,65,121,135,2.0,11,225,2.6186916828155518,2
1676,graficon62nodi/grafo4988.62,20,62,78,121,137,3.0,24,297,333.6487431526184,2
1677,graficon61nodi/grafo6131.61,20,61,79,123,141,2.0,15,395,22.378856420516968,2
1678,graficon44nodi/grafo6911.44,20,44,59,124,139,2.0,6,126,0.6686716079711914,2
1679,graficon58nodi/grafo3448.58,20,58,85,124,151,5.0,43,403,87.68733620643616,2
1680,graficon60nodi/grafo8115.60,20,60,74,120,134,3.0,23,314,61.848092794418335,2
1681,graficon55nodi/grafo3950.55,20,55,74,121,140,3.0,20,274,18.53544807434082,2
1682,graficon64nodi/grafo9659.64,20,64,82,122,140,4.0,29,317,31.115803956985474,2
1683,graficon44nodi/grafo3705.44,20,44,57,120,133,1.0,7,149,1.5770609378814697,2
1684,graficon61nodi/grafo4313.61,20,61,89,120,148,4.0,45,331,600.561753988266,9
1685,graficon57nodi/grafo3991.57,20,57,81,120,144,5.0,44,432,38.666537046432495,2
1686,graficon46nodi/grafo7405.46,20,46,64,123,141,3.0,24,251,17.749265909194946,2
1687,graficon57nodi/grafo3791.57,20,57,78,123,144,3.0,34,334,18.15185236930847,2
1688,graficon43nodi/grafo3269.43,20,43,58,122,137,2.0,9,186,1.561549186706543,2
1689,graficon39nodi/grafo6026.39,20,39,61,122,144,3.0,15,185,27.09630513191223,2
1690,graficon62nodi/grafo9822.62,20,62,89,124,151,5.0,63,503,559.6392385959625,2
1691,graficon49nodi/grafo4046.49,20,49,67,122,140,3.0,14,268,17.481776237487793,2
1692,graficon55nodi/grafo3346.55,20,55,74,122,141,3.0,15,269,7.978119850158691,2
1693,graficon56nodi/grafo4940.56,20,56,72,121,137,3.0,14,282,3.603039503097534,2
1694,graficon57nodi/grafo4083.57,20,57,78,124,145,3.0,31,304,23.95166277885437,2
1695,graficon46nodi/grafo3636.46,20,46,62,121,137,2.0,13,241,3.314713954925537,2
1696,graficon55nodi/grafo4394.55,20,55,76,124,145,3.0,27,270,52.03511118888855,2
1697,graficon42nodi/grafo6004.42,20,42,60,121,139,2.0,11,265,6.3783557415008545,2
1698,graficon61nodi/grafo4331.61,20,61,78,124,141,2.0,14,244,1.8185093402862549,2
1699,graficon69nodi/grafo7284.69,20,69,87,121,139,3.0,28,291,13.705918073654175,2
1700,graficon55nodi/grafo3598.55,20,55,73,122,140,3.0,22,273,23.911199808120728,2
1701,graficon55nodi/grafo4356.55,20,55,73,120,138,3.0,18,193,8.090742349624634,2
1702,graficon61nodi/grafo5755.61,20,61,85,124,148,4.0,46,354,76.1800787448883,2
1703,graficon38nodi/grafo11236.38,20,38,52,124,138,2.0,5,127,0.6414730548858643,2
1704,graficon56nodi/grafo5089.56,20,56,83,123,150,4.0,42,280,231.52779030799866,2
1705,graficon46nodi/grafo7386.46,20,46,66,122,142,3.0,26,341,32.95646142959595,2
1706,graficon60nodi/grafo8159.60,20,60,85,122,147,4.0,34,473,35.79977536201477,2
1707,graficon61nodi/grafo3564.61,20,61,79,124,142,3.0,36,446,271.94217324256897,2
1708,graficon66nodi/grafo8771.66,20,66,88,123,145,3.0,23,277,15.214304447174072,2
1709,graficon56nodi/grafo5055.56,20,56,77,124,145,3.0,29,372,11.167626142501831,2
1710,graficon58nodi/grafo4280.58,20,58,75,120,137,2.0,17,289,12.437171936035156,2
1711,graficon69nodi/grafo4408.69,20,69,91,121,143,5.0,37,524,264.24254870414734,2
1712,graficon53nodi/grafo6767.53,20,53,73,121,141,3.0,24,414,48.00498366355896,2
1713,graficon63nodi/grafo4642.63,20,63,84,124,145,4.0,31,321,47.01511359214783,2
1714,graficon61nodi/grafo8562.61,20,61,80,122,141,3.0,26,290,2.9439380168914795,2
1715,graficon37nodi/grafo3533.37,20,37,57,120,140,3.0,22,301,12.499090671539307,2
1716,graficon43nodi/grafo6008.43,20,43,68,124,149,4.0,29,332,24.86878538131714,2
1717,graficon60nodi/grafo3198.60,20,60,80,123,143,4.0,34,335,562.2354352474213,2
1718,graficon48nodi/grafo1488.48,20,48,58,122,132,2.0,7,176,1.7409586906433105,2
1719,graficon60nodi/grafo7341.60,20,60,78,124,142,3.0,25,302,4.981590032577515,2
1720,graficon73nodi/grafo9705.73,20,73,94,124,145,3.0,22,333,14.765578508377075,2
1721,graficon62nodi/grafo5912.62,20,62,75,122,135,3.0,13,227,8.925890445709229,2
1722,graficon51nodi/grafo4451.51,20,51,72,124,145,3.0,19,250,3.6450791358947754,2
1723,graficon69nodi/grafo7808.69,20,69,88,120,139,4.0,18,246,10.421391725540161,2
1724,graficon68nodi/grafo2711.68,20,68,82,124,138,2.0,10,304,1.7504703998565674,2
1725,graficon63nodi/grafo4263.63,20,63,77,123,137,2.0,14,206,3.076014280319214,2
1726,graficon66nodi/grafo9266.66,20,66,93,127,154,4.0,51,530,101.40392208099365,2
1727,graficon48nodi/grafo7477.48,20,48,69,126,147,3.0,30,334,24.960408687591553,2
1728,graficon65nodi/grafo4828.65,20,65,88,125,148,3.0,24,460,19.306689739227295,2
1729,graficon59nodi/grafo4124.59,20,59,82,126,149,2.0,19,221,3.610738754272461,2
1730,graficon51nodi/grafo3677.51,20,51,71,129,149,3.0,24,272,10.974054098129272,2
1731,graficon54nodi/grafo3737.54,20,54,77,127,150,4.0,34,307,600.6329681873322,9
1732,graficon64nodi/grafo9716.64,20,64,82,125,143,3.0,22,321,21.271095037460327,2
1733,graficon60nodi/grafo6454.60,20,60,78,125,143,3.0,18,197,9.885554313659668,2
1734,graficon63nodi/grafo9179.63,20,63,74,125,136,1.0,7,193,4.995895862579346,2
1735,graficon46nodi/grafo6834.46,20,46,67,127,148,5.0,29,231,13.918775796890259,2
1736,graficon50nodi/grafo4950.50,20,50,64,125,139,2.0,8,268,1.6086416244506836,2
1737,graficon67nodi/grafo5107.67,20,67,80,129,142,3.0,15,308,7.4231343269348145,2
1738,graficon44nodi/grafo7398.44,20,44,58,128,142,2.0,12,155,2.930443048477173,2
1739,graficon59nodi/grafo6969.59,20,59,79,129,149,4.0,23,191,69.46519994735718,2
1740,graficon54nodi/grafo3614.54,20,54,75,125,146,4.0,28,363,26.855482816696167,2
1741,graficon60nodi/grafo4876.60,20,60,78,127,145,3.0,24,275,16.622175455093384,2
1742,graficon40nodi/grafo10615.40,20,40,50,129,139,1.0,1,96,0.12347197532653809,2
1743,graficon69nodi/grafo9667.69,20,69,88,126,145,4.0,20,483,33.70254921913147,2
1744,graficon41nodi/grafo3889.41,20,41,55,126,140,3.0,12,148,2.681769371032715,2
1745,graficon43nodi/grafo7193.43,20,43,64,125,146,4.0,27,218,12.03793454170227,2
1746,graficon68nodi/grafo9145.68,20,68,86,129,147,3.0,23,318,158.38004636764526,2
1747,graficon68nodi/grafo8032.68,20,68,83,126,141,2.0,5,217,1.692070722579956,2
1748,graficon56nodi/grafo4601.56,20,56,71,125,140,2.0,13,211,3.0354816913604736,2
1749,graficon57nodi/grafo4462.57,20,57,67,127,137,1.0,5,189,0.6547722816467285,2
1750,graficon69nodi/grafo7516.69,20,69,88,128,147,4.0,38,338,176.1134774684906,2
1751,graficon56nodi/grafo3789.56,20,56,79,129,152,4.0,33,265,178.70294284820557,2
1752,graficon49nodi/grafo1542.49,20,49,59,126,136,2.0,5,140,0.9285311698913574,2
1753,graficon56nodi/grafo3569.56,20,56,75,125,144,3.0,25,315,14.815829753875732,2
1754,graficon62nodi/grafo9583.62,20,62,77,129,144,2.0,13,193,2.47234845161438,2
1755,graficon56nodi/grafo5249.56,20,56,85,125,154,3.0,39,572,50.49828553199768,2
1756,graficon48nodi/grafo3561.48,20,48,68,127,147,3.0,29,248,17.755431175231934,2
1757,graficon63nodi/grafo3204.63,20,63,87,128,152,4.0,43,500,135.68623805046082,2
1758,graficon53nodi/grafo7077.53,20,53,73,126,146,4.0,17,291,6.360132217407227,2
1759,graficon56nodi/grafo5077.56,20,56,79,125,148,4.0,38,304,112.19225740432739,2
1760,graficon57nodi/grafo4700.57,20,57,76,125,144,4.0,23,285,3.9107210636138916,2
1761,graficon58nodi/grafo7346.58,20,58,78,125,145,4.0,24,317,18.585561275482178,2
1762,graficon57nodi/grafo5317.57,20,57,73,127,143,3.0,23,318,37.33553099632263,2
1763,graficon61nodi/grafo4497.61,20,61,82,125,146,4.0,51,448,600.7568120956421,9
1764,graficon65nodi/grafo9519.65,20,65,85,128,148,3.0,23,243,8.186423063278198,2
1765,graficon55nodi/grafo3183.55,20,55,67,125,137,2.0,9,183,2.4004287719726562,2
1766,graficon71nodi/grafo9009.71,20,71,83,128,140,3.0,19,350,17.26046395301819,2
1767,graficon58nodi/grafo6840.58,20,58,73,125,140,2.0,10,218,3.3068010807037354,2
1768,graficon57nodi/grafo4773.57,20,57,79,128,150,4.0,33,340,34.803452253341675,2
1769,graficon54nodi/grafo6321.54,20,54,71,129,146,3.0,18,209,39.3309965133667,2
1770,graficon65nodi/grafo2881.65,20,65,76,129,140,2.0,9,199,5.024888038635254,2
1771,graficon50nodi/grafo6410.50,20,50,69,128,147,2.0,16,241,3.375537157058716,2
1772,graficon64nodi/grafo9180.64,20,64,80,127,143,3.0,25,200,43.761362075805664,2
1773,graficon55nodi/grafo6500.55,20,55,75,125,145,4.0,28,326,66.40613603591919,2
1774,graficon74nodi/grafo7149.74,20,74,93,127,146,2.0,15,264,7.313313245773315,2
1775,graficon66nodi/grafo8998.66,20,66,99,127,160,inf,0,0,600.7776820659637,9
1776,graficon60nodi/grafo5896.60,20,60,84,128,152,5.0,28,487,24.84528636932373,2
1777,graficon48nodi/grafo6833.48,20,48,69,129,150,3.0,19,245,9.45535922050476,2
1778,graficon44nodi/grafo6938.44,20,44,61,127,144,3.0,16,187,4.590259313583374,2
1779,graficon60nodi/grafo4138.60,20,60,83,129,152,4.0,44,385,95.5086259841919,2
1780,graficon63nodi/grafo5858.63,20,63,83,126,146,4.0,26,438,39.80402493476868,2
1781,graficon61nodi/grafo6803.61,20,61,87,125,151,5.0,53,485,603.4198625087738,9
1782,graficon54nodi/grafo4701.54,20,54,67,126,139,2.0,8,159,1.171884536743164,2
1783,graficon43nodi/grafo5467.43,20,43,73,129,159,4.0,53,423,85.60891318321228,2
1784,graficon62nodi/grafo9257.62,20,62,85,128,151,3.0,40,575,87.50227308273315,2
1785,graficon59nodi/grafo6980.59,20,59,79,129,149,4.0,23,191,66.57032632827759,2
1786,graficon65nodi/grafo9475.65,20,65,84,126,145,4.0,27,222,146.1738224029541,2
1787,graficon54nodi/grafo7613.54,20,54,78,127,151,3.0,35,362,12.377952575683594,2
1788,graficon43nodi/grafo5187.43,20,43,61,129,147,3.0,13,146,2.3073716163635254,2
1789,graficon41nodi/grafo3701.41,20,41,58,127,144,3.0,24,262,3.1967391967773438,2
1790,graficon49nodi/grafo3085.49,20,49,72,128,151,3.0,26,260,9.236892700195312,2
1791,graficon68nodi/grafo9378.68,20,68,81,125,138,2.0,14,210,4.388858079910278,2
1792,graficon59nodi/grafo5600.59,20,59,78,125,144,3.0,19,332,18.016375303268433,2
1793,graficon46nodi/grafo6986.46,20,46,63,127,144,4.0,17,265,3.237154483795166,2
1794,graficon78nodi/grafo8145.78,20,78,98,127,147,6.0,68,696,600.9680888652802,9
1795,graficon61nodi/grafo4392.61,20,61,75,125,139,2.0,17,324,14.478235960006714,2
1796,graficon68nodi/grafo4472.68,20,68,90,128,150,3.0,23,371,10.16950535774231,2
1797,graficon80nodi/grafo9560.80,20,80,100,127,147,11.0,60,657,600.7824566364288,9
1798,graficon57nodi/grafo6238.57,20,57,87,128,158,5.0,44,448,46.895357847213745,2
1799,graficon62nodi/grafo2002.62,20,62,77,126,141,2.0,18,353,7.206618547439575,2
1800,graficon59nodi/grafo4615.59,20,59,75,129,145,2.0,15,178,2.480764627456665,2
1801,graficon56nodi/grafo4685.56,20,56,71,132,147,2.0,8,234,0.44039154052734375,2
1802,graficon65nodi/grafo4904.65,20,65,78,130,143,1.0,5,287,5.295344352722168,2
1803,graficon75nodi/grafo7926.75,20,75,93,131,149,3.0,27,510,49.30637526512146,2
1804,graficon65nodi/grafo9415.65,20,65,85,131,151,4.0,40,477,602.6791968345642,9
1805,graficon48nodi/grafo5672.48,20,48,70,132,154,3.0,26,326,37.132896423339844,2
1806,graficon54nodi/grafo3189.54,20,54,84,132,162,6.0,59,477,296.9603660106659,2
1807,graficon63nodi/grafo4702.63,20,63,89,134,160,5.0,70,518,600.866801738739,9
1808,graficon60nodi/grafo8898.60,20,60,78,130,148,3.0,18,320,11.205544471740723,2
1809,graficon70nodi/grafo1381.70,20,70,87,133,150,1.0,9,228,2.113351583480835,2
1810,graficon62nodi/grafo8037.62,20,62,81,132,151,3.0,23,243,35.31077027320862,2
1811,graficon70nodi/grafo8234.70,20,70,89,131,150,3.0,24,199,14.974549293518066,2
1812,graficon63nodi/grafo7806.63,20,63,83,132,152,3.0,14,271,6.713665008544922,2
1813,graficon53nodi/grafo4882.53,20,53,75,133,155,3.0,25,233,11.855343580245972,2
1814,graficon69nodi/grafo1568.69,20,69,89,131,151,3.0,16,329,14.873420000076294,2
1815,graficon56nodi/grafo1478.56,20,56,69,132,145,1.0,6,207,1.5126545429229736,2
1816,graficon67nodi/grafo9187.67,20,67,93,133,159,6.0,75,569,600.7080442905426,9
1817,graficon40nodi/grafo2593.40,20,40,55,130,145,2.0,8,123,0.9850475788116455,2
1818,graficon72nodi/grafo9592.72,20,72,86,132,146,2.0,19,167,9.833191633224487,2
1819,graficon38nodi/grafo6416.38,20,38,57,131,150,2.0,14,149,1.4241886138916016,2
1820,graficon65nodi/grafo6412.65,20,65,82,133,150,3.0,23,331,10.85420036315918,2
1821,graficon54nodi/grafo4969.54,20,54,85,130,161,7.0,60,543,464.7834663391113,2
1822,graficon63nodi/grafo9400.63,20,63,85,134,156,3.0,30,236,13.48691177368164,2
1823,graficon66nodi/grafo1298.66,20,66,82,131,147,4.0,21,309,34.827959299087524,2
1824,graficon56nodi/grafo7752.56,20,56,69,134,147,2.0,11,221,4.172013282775879,2
1825,graficon67nodi/grafo9754.67,20,67,96,131,160,5.0,52,598,289.00625944137573,2
1826,graficon55nodi/grafo5444.55,20,55,70,134,149,2.0,15,266,7.6417529582977295,2
1827,graficon66nodi/grafo4404.66,20,66,81,131,146,3.0,18,196,15.953504800796509,2
1828,graficon42nodi/grafo4033.42,20,42,64,133,155,3.0,20,310,3.423637866973877,2
1829,graficon69nodi/grafo9191.69,20,69,90,134,155,3.0,25,410,32.35812330245972,2
1830,graficon71nodi/grafo8560.71,20,71,93,132,154,5.0,47,420,600.8032655715942,9
1831,graficon46nodi/grafo5778.46,20,46,69,132,155,3.0,29,378,18.287516593933105,2
1832,graficon51nodi/grafo4577.51,20,51,68,132,149,3.0,20,305,13.834617614746094,2
1833,graficon60nodi/grafo7493.60,20,60,83,131,154,4.0,33,485,66.37003254890442,2
1834,graficon68nodi/grafo1575.68,20,68,84,133,149,2.0,14,235,4.667131185531616,2
1835,graficon45nodi/grafo6295.45,20,45,67,130,152,4.0,30,341,15.374054431915283,2
1836,graficon68nodi/grafo1303.68,20,68,84,131,147,3.0,16,314,7.1586878299713135,2
1837,graficon65nodi/grafo9272.65,20,65,81,130,146,4.0,23,336,24.42145848274231,2
1838,graficon65nodi/grafo9575.65,20,65,82,130,147,2.0,17,197,4.397131443023682,2
1839,graficon64nodi/grafo5067.64,20,64,82,131,149,2.0,19,332,16.272663831710815,2
1840,graficon63nodi/grafo4679.63,20,63,87,131,155,4.0,46,381,91.54737424850464,2
1841,graficon69nodi/grafo8072.69,20,69,88,132,151,2.0,16,245,5.801483154296875,2
1842,graficon56nodi/grafo3427.56,20,56,81,131,156,6.0,52,532,124.20297908782959,2
1843,graficon46nodi/grafo6994.46,20,46,64,134,152,3.0,16,315,10.576151609420776,2
1844,graficon66nodi/grafo4737.66,20,66,86,132,152,3.0,30,342,37.70792627334595,2
1845,graficon56nodi/grafo5851.56,20,56,75,131,150,3.0,26,305,10.467370986938477,2
1846,graficon63nodi/grafo5068.63,20,63,87,132,156,5.0,49,411,600.6169409751892,9
1847,graficon55nodi/grafo1487.55,20,55,71,130,146,2.0,18,271,6.541520833969116,2
1848,graficon60nodi/grafo9141.60,20,60,82,130,152,2.0,27,195,5.19635272026062,2
1849,graficon44nodi/grafo6014.44,20,44,59,133,148,2.0,11,194,1.518951416015625,2
1850,graficon55nodi/grafo6741.55,20,55,80,131,156,5.0,52,295,600.4572520256042,9
1851,graficon66nodi/grafo4727.66,20,66,88,133,155,3.0,28,427,53.715877056121826,2
1852,graficon60nodi/grafo5435.60,20,60,85,132,157,4.0,52,512,120.13064050674438,2
1853,graficon41nodi/grafo3340.41,20,41,54,130,143,3.0,8,171,1.4777770042419434,2
1854,graficon65nodi/grafo9417.65,20,65,88,132,155,2.0,13,313,8.00407075881958,2
1855,graficon61nodi/grafo7324.61,20,61,77,132,148,2.0,18,274,10.553648233413696,2
1856,graficon70nodi/grafo9841.70,20,70,97,131,158,4.0,60,409,246.36042547225952,2
1857,graficon69nodi/grafo7954.69,20,69,103,134,168,13.0,79,759,600.7551462650299,9
1858,graficon48nodi/grafo3327.48,20,48,73,133,158,4.0,26,365,22.772390604019165,2
1859,graficon60nodi/grafo8610.60,20,60,77,133,150,2.0,15,187,3.258382558822632,2
1860,graficon71nodi/grafo5375.71,20,71,93,132,154,inf,0,0,600.8166987895966,9
1861,graficon60nodi/grafo4910.60,20,60,76,132,148,3.0,19,230,5.053308010101318,2
1862,graficon63nodi/grafo1606.63,20,63,85,133,155,4.0,31,335,44.68876075744629,2
1863,graficon83nodi/grafo8245.83,20,83,104,130,151,4.0,43,658,601.1742286682129,9
1864,graficon59nodi/grafo4591.59,20,59,83,131,155,3.0,27,364,21.62711811065674,2
1865,graficon54nodi/grafo1545.54,20,54,71,134,151,3.0,17,310,5.985536098480225,2
1866,graficon53nodi/grafo5052.53,20,53,77,130,154,3.0,33,422,24.232234477996826,2
1867,graficon51nodi/grafo7562.51,20,51,81,133,163,6.0,80,532,600.9943783283234,9
1868,graficon58nodi/grafo5403.58,20,58,77,130,149,4.0,34,593,34.28735661506653,2
1869,graficon79nodi/grafo9810.79,20,79,101,133,155,4.0,51,442,327.18473052978516,2
1870,graficon48nodi/grafo5806.48,20,48,65,130,147,3.0,15,263,5.501934289932251,2
1871,graficon49nodi/grafo5654.49,20,49,68,130,149,4.0,20,285,5.008471965789795,2
1872,graficon60nodi/grafo6316.60,20,60,82,132,154,4.0,34,365,18.99130153656006,2
1873,graficon63nodi/grafo9246.63,20,63,89,133,159,5.0,49,451,126.87959122657776,2
1874,graficon71nodi/grafo9173.71,20,71,105,134,168,6.0,79,757,234.51730823516846,2
1875,graficon78nodi/grafo9549.78,20,78,97,132,151,4.0,47,530,600.6160736083984,9
1876,graficon64nodi/grafo4584.64,20,64,89,136,161,3.0,35,382,50.07485055923462,2
1877,graficon47nodi/grafo6821.47,20,47,68,138,159,4.0,25,221,60.42493438720703,2
1878,graficon61nodi/grafo8397.61,20,61,82,138,159,3.0,28,252,71.30571675300598,2
1879,graficon52nodi/grafo6177.52,20,52,69,139,156,3.0,14,211,3.2749063968658447,2
1880,graficon56nodi/grafo3772.56,20,56,83,138,165,3.0,37,382,236.5562460422516,2
1881,graficon62nodi/grafo4790.62,20,62,85,135,158,4.0,39,326,17.824743270874023,2
1882,graficon51nodi/grafo1520.51,20,51,65,139,153,2.0,20,206,4.280706167221069,2
1883,graficon71nodi/grafo4197.71,20,71,97,139,165,3.0,31,383,57.30499505996704,2
1884,graficon76nodi/grafo4174.76,20,76,98,135,157,5.0,29,310,62.857452154159546,2
1885,graficon62nodi/grafo5986.62,20,62,88,137,163,7.0,72,571,600.85853266716,9
1886,graficon62nodi/grafo7813.62,20,62,81,135,154,4.0,25,326,13.754350185394287,2
1887,graficon57nodi/grafo7627.57,20,57,85,135,163,5.0,50,454,128.99845910072327,2
1888,graficon61nodi/grafo5559.61,20,61,75,139,153,3.0,18,193,12.291407346725464,2
1889,graficon58nodi/grafo6457.58,20,58,84,137,163,4.0,45,419,283.0712265968323,2
1890,graficon53nodi/grafo6147.53,20,53,63,139,149,2.0,6,121,1.2432780265808105,2
1891,graficon59nodi/grafo4900.59,20,59,83,139,163,4.0,26,370,24.057488441467285,2
1892,graficon54nodi/grafo4928.54,20,54,72,139,157,3.0,24,263,6.790505409240723,2
1893,graficon58nodi/grafo7022.58,20,58,80,136,158,4.0,33,357,32.2483389377594,2
1894,graficon77nodi/grafo9389.77,20,77,99,136,158,4.0,40,390,114.8911235332489,2
1895,graficon67nodi/grafo8161.67,20,67,90,138,161,3.0,31,342,113.48371982574463,2
1896,graficon47nodi/grafo6701.47,20,47,74,136,163,4.0,46,414,69.5399878025055,2
1897,graficon70nodi/grafo9708.70,20,70,91,139,160,2.0,18,428,18.41074538230896,2
1898,graficon55nodi/grafo4299.55,20,55,79,138,162,3.0,41,314,30.238898992538452,2
1899,graficon55nodi/grafo5845.55,20,55,80,139,164,4.0,44,433,474.350501537323,2
1900,graficon54nodi/grafo7468.54,20,54,81,138,165,4.0,45,370,357.78479623794556,2
1901,graficon73nodi/grafo4273.73,20,73,90,139,156,2.0,8,261,4.083721876144409,2
1902,graficon67nodi/grafo5665.67,20,67,83,137,153,3.0,13,252,6.5180439949035645,2
1903,graficon55nodi/grafo5023.55,20,55,78,136,159,4.0,30,381,143.45276141166687,2
1904,graficon66nodi/grafo9195.66,20,66,86,138,158,4.0,22,385,19.382896661758423,2
1905,graficon64nodi/grafo9364.64,20,64,91,136,163,5.0,37,446,33.99918508529663,2
1906,graficon61nodi/grafo6022.61,20,61,86,138,163,4.0,41,455,39.78320264816284,2
1907,graficon39nodi/grafo6294.39,20,39,58,138,157,3.0,17,241,2.764645576477051,2
1908,graficon57nodi/grafo3386.57,20,57,86,135,164,4.0,41,335,79.42412257194519,2
1909,graficon55nodi/grafo3797.55,20,55,79,135,159,3.0,25,364,8.723645448684692,2
1910,graficon66nodi/grafo4881.66,20,66,83,138,155,3.0,17,284,8.381370544433594,2
1911,graficon59nodi/grafo4611.59,20,59,81,137,159,3.0,20,384,7.866128444671631,2
1912,graficon59nodi/grafo3674.59,20,59,90,139,170,5.0,61,530,600.8068563938141,9
1913,graficon66nodi/grafo9366.66,20,66,85,139,158,2.0,28,388,39.672372341156006,2
1914,graficon81nodi/grafo5469.81,20,81,98,137,154,4.0,29,543,60.89245271682739,2
1915,graficon77nodi/grafo9780.77,20,77,96,138,157,4.0,29,575,101.88459038734436,2
1916,graficon76nodi/grafo8522.76,20,76,99,135,158,3.0,23,537,25.001733779907227,2
1917,graficon80nodi/grafo9582.80,20,80,101,138,159,4.0,34,446,600.7248847484589,9
1918,graficon79nodi/grafo6720.79,20,79,102,139,162,4.0,44,400,200.208087682724,2
1919,graficon68nodi/grafo9632.68,20,68,91,139,162,4.0,39,415,55.162007093429565,2
1920,graficon68nodi/grafo7293.68,20,68,79,137,148,2.0,7,234,1.4903576374053955,2
1921,graficon77nodi/grafo4393.77,20,77,97,136,156,3.0,30,264,13.007763624191284,2
1922,graficon81nodi/grafo4257.81,20,81,107,136,162,4.0,71,640,122.28396892547607,2
1923,graficon62nodi/grafo5084.62,20,62,80,137,155,2.0,14,304,2.5833585262298584,2
1924,graficon38nodi/grafo11345.38,20,38,56,139,157,2.0,7,132,1.0131394863128662,2
1925,graficon61nodi/grafo4922.61,20,61,91,138,168,4.0,38,379,324.1828303337097,2
1926,graficon71nodi/grafo5179.71,20,71,98,136,163,6.0,66,729,487.2953462600708,2
1927,graficon47nodi/grafo6691.47,20,47,67,139,159,3.0,24,292,13.792478561401367,2
1928,graficon68nodi/grafo1565.68,20,68,83,136,151,2.0,9,245,2.231874465942383,2
1929,graficon78nodi/grafo8409.78,20,78,103,137,162,5.0,40,560,84.41403412818909,2
1930,graficon62nodi/grafo4877.62,20,62,85,137,160,4.0,31,322,14.5487642288208,2
1931,graficon69nodi/grafo8995.69,20,69,90,136,157,4.0,25,354,29.02507758140564,2
1932,graficon64nodi/grafo4413.64,20,64,87,138,161,3.0,20,263,13.603289604187012,2
1933,graficon69nodi/grafo7938.69,20,69,90,139,160,4.0,52,415,103.14682722091675,2
1934,graficon70nodi/grafo8047.70,20,70,98,138,166,5.0,76,525,600.830896615982,9
1935,graficon67nodi/grafo4635.67,20,67,79,139,151,1.0,5,280,5.817597389221191,2
1936,graficon85nodi/grafo8547.85,20,85,104,139,158,4.0,41,419,601.7900540828705,9
1937,graficon58nodi/grafo6312.58,20,58,87,138,167,5.0,52,508,600.8835918903351,9
1938,graficon39nodi/grafo4104.39,20,39,55,139,155,2.0,11,176,2.572561264038086,2
1939,graficon81nodi/grafo4522.81,20,81,94,136,149,2.0,10,257,5.306401252746582,2
1940,graficon93nodi/grafo8962.93,20,93,109,135,151,3.0,24,367,93.95760416984558,2
1941,graficon54nodi/grafo4346.54,20,54,80,138,164,5.0,47,399,78.51673793792725,2
1942,graficon67nodi/grafo1518.67,20,67,85,135,153,4.0,31,350,71.32933020591736,2
1943,graficon62nodi/grafo5134.62,20,62,80,136,154,2.0,17,187,3.036008834838867,2
1944,graficon42nodi/grafo7588.42,20,42,62,138,158,3.0,24,201,20.070343494415283,2
1945,graficon56nodi/grafo6721.56,20,56,77,135,156,3.0,35,340,204.31782817840576,2
1946,graficon61nodi/grafo8268.61,20,61,89,137,165,4.0,34,403,34.80917191505432,2
1947,graficon67nodi/grafo7882.67,20,67,81,137,151,2.0,12,253,6.545025110244751,2
1948,graficon75nodi/grafo4276.75,20,75,96,137,158,4.0,28,335,60.67774939537048,2
1949,graficon74nodi/grafo5001.74,20,74,91,135,152,2.0,17,318,9.731860399246216,2
1950,graficon65nodi/grafo4774.65,20,65,85,138,158,2.0,15,293,6.54465913772583,2
1951,graficon60nodi/grafo3653.60,20,60,86,141,167,5.0,44,401,59.73705291748047,2
1952,graficon65nodi/grafo9512.65,20,65,93,142,170,4.0,56,542,176.37199902534485,2
1953,graficon71nodi/grafo7021.71,20,71,89,144,162,3.0,16,213,5.60514235496521,2
1954,graficon65nodi/grafo9304.65,20,65,91,144,170,4.0,49,487,105.58732461929321,2
1955,graficon74nodi/grafo9719.74,20,74,106,143,175,6.0,101,601,600.6787559986115,9
1956,graficon50nodi/grafo7712.50,20,50,67,142,159,3.0,12,178,2.274834632873535,2
1957,graficon65nodi/grafo4738.65,20,65,89,141,165,5.0,37,543,79.2812967300415,2
1958,graficon43nodi/grafo7458.43,20,43,61,142,160,3.0,22,186,8.965340614318848,2
1959,graficon61nodi/grafo9017.61,20,61,80,144,163,3.0,11,214,1.9449751377105713,2
1960,graficon72nodi/grafo6528.72,20,72,87,141,156,2.0,18,359,18.20334005355835,2
1961,graficon55nodi/grafo4357.55,20,55,74,140,159,2.0,12,201,3.391042709350586,2
1962,graficon61nodi/grafo4181.61,20,61,78,144,161,3.0,19,259,14.477997303009033,2
1963,graficon89nodi/grafo6694.89,20,89,103,140,154,2.0,20,394,14.6493239402771,2
1964,graficon81nodi/grafo7951.81,20,81,99,143,161,4.0,42,608,600.9504599571228,9
1965,graficon65nodi/grafo8405.65,20,65,92,142,169,5.0,49,397,600.6628196239471,9
1966,graficon71nodi/grafo6545.71,20,71,89,142,160,3.0,29,437,179.05997943878174,2
1967,graficon63nodi/grafo9109.63,20,63,88,142,167,4.0,52,362,415.36874771118164,2
1968,graficon52nodi/grafo6386.52,20,52,79,142,169,4.0,47,391,174.98068809509277,2
1969,graficon56nodi/grafo4175.56,20,56,73,141,158,2.0,13,216,4.387308597564697,2
1970,graficon78nodi/grafo9693.78,20,78,103,143,168,3.0,37,643,62.94897818565369,2
1971,graficon89nodi/grafo8947.89,20,89,116,143,170,4.0,56,550,600.7895147800446,9
1972,graficon52nodi/grafo3211.52,20,52,77,141,166,4.0,43,318,406.3637719154358,2
1973,graficon70nodi/grafo8238.70,20,70,89,144,163,3.0,25,396,85.75757098197937,2
1974,graficon63nodi/grafo7972.63,20,63,90,143,170,10.0,56,553,600.8614320755005,9
1975,graficon83nodi/grafo9440.83,20,83,108,140,165,4.0,40,367,377.0118145942688,2
1976,graficon69nodi/grafo8401.69,20,69,100,143,174,4.0,60,666,214.14316248893738,2
1977,graficon68nodi/grafo9165.68,20,68,91,142,165,4.0,39,465,72.660475730896,2
1978,graficon53nodi/grafo3357.53,20,53,73,140,160,3.0,23,255,11.399097919464111,2
1979,graficon53nodi/grafo4996.53,20,53,69,142,158,3.0,20,238,5.747246026992798,2
1980,graficon61nodi/grafo4239.61,20,61,76,143,158,2.0,8,153,1.8877530097961426,2
1981,graficon56nodi/grafo7664.56,20,56,74,143,161,3.0,19,189,8.374206304550171,2
1982,graficon51nodi/grafo1383.51,20,51,74,140,163,3.0,25,256,20.058220863342285,2
1983,graficon57nodi/grafo6842.57,20,57,74,141,158,3.0,16,176,42.94258761405945,2
1984,graficon71nodi/grafo7810.71,20,71,92,142,163,4.0,39,396,600.8310308456421,9
1985,graficon64nodi/grafo9007.64,20,64,101,144,181,6.0,89,472,601.0082144737244,9
1986,graficon66nodi/grafo9398.66,20,66,90,141,165,3.0,35,313,76.04855418205261,2
1987,graficon52nodi/grafo6375.52,20,52,79,142,169,4.0,47,391,193.21648931503296,2
1988,graficon83nodi/grafo7841.83,20,83,107,144,168,5.0,47,428,517.1803438663483,2
1989,graficon60nodi/grafo8868.60,20,60,75,141,156,3.0,16,189,5.888537883758545,2
1990,graficon69nodi/grafo7855.69,20,69,84,142,157,4.0,26,390,33.61752939224243,2
1991,graficon56nodi/grafo3584.56,20,56,80,141,165,3.0,34,296,41.03605794906616,2
1992,graficon61nodi/grafo7596.61,20,61,85,140,164,4.0,35,353,26.141935348510742,2
1993,graficon57nodi/grafo3818.57,20,57,77,142,162,3.0,25,338,16.421898126602173,2
1994,graficon75nodi/grafo8517.75,20,75,95,142,162,4.0,28,617,80.16168904304504,2
1995,graficon63nodi/grafo9291.63,20,63,88,140,165,5.0,58,497,526.2562851905823,2
1996,graficon47nodi/grafo3948.47,20,47,66,141,160,3.0,22,177,7.417417764663696,2
1997,graficon76nodi/grafo9253.76,20,76,105,141,170,10.0,99,1112,601.2819051742554,9
1998,graficon53nodi/grafo4803.53,20,53,70,143,160,3.0,18,252,10.445553541183472,2
1999,graficon69nodi/grafo9729.69,20,69,103,144,178,5.0,68,489,600.8741939067841,9
2000,graficon54nodi/grafo3284.54,20,54,82,142,170,4.0,48,337,276.5889370441437,2
2001,graficon68nodi/grafo9328.68,20,68,99,143,174,5.0,70,493,600.8284912109375,9
2002,graficon43nodi/grafo4055.43,20,43,61,141,159,3.0,23,226,12.268255949020386,2
2003,graficon70nodi/grafo8229.70,20,70,97,143,170,4.0,34,335,71.8771915435791,2
2004,graficon64nodi/grafo9178.64,20,64,87,141,164,4.0,29,359,47.12463450431824,2
2005,graficon69nodi/grafo9816.69,20,69,96,141,168,4.0,53,435,310.6185939311981,2
2006,graficon52nodi/grafo4677.52,20,52,72,143,163,2.0,15,223,2.3899359703063965,2
2007,graficon72nodi/grafo4810.72,20,72,88,143,159,3.0,12,250,6.158740997314453,2
2008,graficon51nodi/grafo6012.51,20,51,81,142,172,4.0,30,400,20.85202169418335,2
2009,graficon62nodi/grafo4487.62,20,62,86,140,164,5.0,53,363,600.8962049484253,9
2010,graficon59nodi/grafo4390.59,20,59,89,143,173,6.0,63,559,601.6013431549072,9
2011,graficon78nodi/grafo4220.78,20,78,98,143,163,3.0,24,306,37.083775997161865,2
2012,graficon71nodi/grafo8336.71,20,71,91,144,164,5.0,37,338,70.81474947929382,2
2013,graficon70nodi/grafo5094.70,20,70,91,141,162,4.0,37,546,79.64523100852966,2
2014,graficon62nodi/grafo8989.62,20,62,80,141,159,2.0,17,231,8.86172080039978,2
2015,graficon75nodi/grafo4669.75,20,75,96,142,163,2.0,17,299,7.5609941482543945,2
2016,graficon58nodi/grafo4899.58,20,58,80,141,163,5.0,32,459,94.03720545768738,2
2017,graficon75nodi/grafo9188.75,20,75,92,140,157,3.0,19,279,12.128975868225098,2
2018,graficon67nodi/grafo9712.67,20,67,85,140,158,2.0,14,270,5.928998708724976,2
2019,graficon79nodi/grafo9244.79,20,79,98,142,161,4.0,41,485,235.43761587142944,2
2020,graficon57nodi/grafo4919.57,20,57,74,143,160,2.0,9,221,2.2416462898254395,2
2021,graficon70nodi/grafo8187.70,20,70,89,140,159,4.0,33,363,84.92835283279419,2
2022,graficon58nodi/grafo5075.58,20,58,75,144,161,4.0,22,192,16.751089334487915,2
2023,graficon70nodi/grafo9739.70,20,70,85,144,159,2.0,11,161,5.141596078872681,2
2024,graficon74nodi/grafo4178.74,20,74,99,141,166,3.0,33,332,26.955149173736572,2
2025,graficon59nodi/grafo7660.59,20,59,81,140,162,3.0,33,367,40.98025703430176,2
2026,graficon55nodi/grafo5671.55,20,55,83,148,176,6.0,56,667,113.15720844268799,2
2027,graficon60nodi/grafo4443.60,20,60,83,145,168,5.0,26,402,9.440304040908813,2
2028,graficon46nodi/grafo6688.46,20,46,65,146,165,3.0,20,180,11.664564609527588,2
2029,graficon91nodi/grafo10239.91,20,91,123,146,178,inf,0,0,601.1873977184296,9
2030,graficon90nodi/grafo10642.90,20,90,118,146,174,inf,0,0,601.1253514289856,9
2031,graficon61nodi/grafo4749.61,20,61,73,147,159,2.0,11,232,4.515578985214233,2
2032,graficon58nodi/grafo4974.58,20,58,79,145,166,4.0,18,302,15.029521942138672,2
2033,graficon60nodi/grafo4039.60,20,60,90,145,175,5.0,68,527,600.7923357486725,9
2034,graficon74nodi/grafo8591.74,20,74,93,149,168,3.0,30,407,18.582830905914307,2
2035,graficon73nodi/grafo9038.73,20,73,94,148,169,4.0,34,462,89.53931760787964,2
2036,graficon70nodi/grafo9068.70,20,70,90,149,169,3.0,23,235,48.270673513412476,2
2037,graficon72nodi/grafo9449.72,20,72,100,147,175,6.0,74,432,600.9971194267273,9
2038,graficon72nodi/grafo9423.72,20,72,100,149,177,5.0,42,476,441.36588168144226,2
2039,graficon67nodi/grafo7896.67,20,67,95,148,176,5.0,46,417,600.813451051712,9
2040,graficon77nodi/grafo4837.77,20,77,106,146,175,5.0,60,653,601.0311982631683,9
2041,graficon53nodi/grafo4486.53,20,53,70,147,164,3.0,19,241,11.08240032196045,2
2042,graficon55nodi/grafo3181.55,20,55,77,147,169,3.0,26,287,35.35819697380066,2
2043,graficon65nodi/grafo4912.65,20,65,92,147,174,4.0,52,396,600.8084421157837,9
2044,graficon53nodi/grafo3973.53,20,53,69,148,164,3.0,16,240,10.97995138168335,2
2045,graficon68nodi/grafo4476.68,20,68,95,147,174,5.0,46,358,137.51052379608154,2
2046,graficon75nodi/grafo1451.75,20,75,88,145,158,2.0,12,260,7.241049289703369,2
2047,graficon71nodi/grafo5039.71,20,71,96,149,174,4.0,32,573,87.54102826118469,2
2048,graficon57nodi/grafo3428.57,20,57,80,145,168,4.0,36,461,77.53151035308838,2
2049,graficon78nodi/grafo8175.78,20,78,95,146,163,3.0,22,366,27.42953062057495,2
2050,graficon73nodi/grafo8860.73,20,73,101,148,176,4.0,41,617,155.95438313484192,2
2051,graficon56nodi/grafo4424.56,20,56,74,146,164,3.0,19,280,11.20017671585083,2
2052,graficon44nodi/grafo7431.44,20,44,64,148,168,3.0,26,354,16.01388382911682,2
2053,graficon68nodi/grafo9540.68,20,68,95,147,174,4.0,44,543,601.1161608695984,9
2054,graficon59nodi/grafo4628.59,20,59,80,147,168,4.0,20,296,33.55259847640991,2
2055,graficon51nodi/grafo3333.51,20,51,71,147,167,3.0,24,221,7.136419296264648,2
2056,graficon74nodi/grafo8049.74,20,74,103,145,174,6.0,79,467,600.8719348907471,9
2057,graficon75nodi/grafo9736.75,20,75,90,147,162,5.0,15,231,3.0973803997039795,2
2058,graficon94nodi/grafo8861.94,20,94,107,145,158,6.0,38,514,62.819371461868286,2
2059,graficon62nodi/grafo4538.62,20,62,85,148,171,4.0,41,379,104.92269706726074,2
2060,graficon63nodi/grafo9336.63,20,63,89,146,172,4.0,41,601,600.6622745990753,9
2061,graficon83nodi/grafo4144.83,20,83,110,146,173,9.0,87,617,600.7544941902161,9
2062,graficon67nodi/grafo4208.67,20,67,92,147,172,5.0,43,431,600.9329857826233,9
2063,graficon76nodi/grafo5898.76,20,76,96,148,168,4.0,35,625,186.25937843322754,2
2064,graficon70nodi/grafo7801.70,20,70,88,149,167,4.0,22,277,13.151387691497803,2
2065,graficon82nodi/grafo8144.82,20,82,100,146,164,4.0,28,389,33.49217438697815,2
2066,graficon55nodi/grafo5884.55,20,55,79,146,170,3.0,31,335,44.753586292266846,2
2067,graficon70nodi/grafo9373.70,20,70,87,149,166,2.0,19,355,14.490628480911255,2
2068,graficon65nodi/grafo1302.65,20,65,87,149,171,3.0,20,297,6.928601264953613,2
2069,graficon57nodi/grafo3610.57,20,57,80,149,172,3.0,31,254,42.166424036026,2
2070,graficon76nodi/grafo4484.76,20,76,101,149,174,4.0,38,429,160.82844591140747,2
2071,graficon66nodi/grafo8917.66,20,66,100,145,179,13.0,98,667,600.7871787548065,9
2072,graficon72nodi/grafo4126.72,20,72,89,148,165,2.0,18,225,8.877777576446533,2
2073,graficon77nodi/grafo9793.77,20,77,96,146,165,4.0,34,598,145.1835732460022,2
2074,graficon62nodi/grafo4691.62,20,62,85,149,172,4.0,36,402,65.98100304603577,2
2075,graficon59nodi/grafo6657.59,20,59,79,148,168,4.0,23,243,103.70399045944214,2
2076,graficon74nodi/grafo4732.74,20,74,96,147,169,3.0,24,289,99.51981401443481,2
2077,graficon43nodi/grafo7334.43,20,43,63,146,166,2.0,14,143,2.0473368167877197,2
2078,graficon80nodi/grafo4618.80,20,80,104,149,173,6.0,66,413,600.9381413459778,9
2079,graficon73nodi/grafo5074.73,20,73,95,149,171,inf,0,0,600.9654881954193,9
2080,graficon54nodi/grafo4590.54,20,54,72,148,166,3.0,18,271,14.22932767868042,2
2081,graficon69nodi/grafo8132.69,20,69,95,146,172,4.0,37,336,600.4613170623779,9
2082,graficon66nodi/grafo8339.66,20,66,90,146,170,8.0,41,301,72.20000624656677,2
2083,graficon61nodi/grafo8424.61,20,61,83,148,170,3.0,29,439,42.64457869529724,2
2084,graficon43nodi/grafo2506.43,20,43,56,145,158,3.0,15,225,7.270286798477173,2
2085,graficon76nodi/grafo4492.76,20,76,102,149,175,5.0,36,579,32.3257098197937,2
2086,graficon61nodi/grafo7814.61,20,61,90,147,176,3.0,33,482,34.481611490249634,2
2087,graficon62nodi/grafo8572.62,20,62,87,147,172,5.0,57,482,600.7864515781403,9
2088,graficon60nodi/grafo4335.60,20,60,87,149,176,3.0,29,395,34.926947593688965,2
2089,graficon93nodi/grafo11193.93,20,93,120,145,172,inf,0,0,601.151201248169,9
2090,graficon36nodi/grafo3182.36,20,36,53,147,164,6.0,26,361,7.2586822509765625,2
2091,graficon83nodi/grafo7891.83,20,83,113,149,179,8.0,85,690,600.6610443592072,9
2092,graficon45nodi/grafo6906.45,20,45,66,145,166,4.0,22,339,21.20856523513794,2
2093,graficon62nodi/grafo4653.62,20,62,95,148,181,6.0,72,683,600.7802393436432,9
2094,graficon75nodi/grafo5859.75,20,75,96,146,167,4.0,43,500,600.841474533081,9
2095,graficon82nodi/grafo7860.82,20,82,113,146,177,inf,0,0,601.0224933624268,9
2096,graficon61nodi/grafo9494.61,20,61,80,146,165,2.0,15,432,7.975337505340576,2
2097,graficon59nodi/grafo5159.59,20,59,84,146,171,5.0,29,533,50.97457313537598,2
2098,graficon85nodi/grafo4294.85,20,85,107,146,168,2.0,34,533,79.86143612861633,2
2099,graficon84nodi/grafo8318.84,20,84,110,147,173,inf,0,0,600.9863796234131,9
2100,graficon66nodi/grafo2089.66,20,66,84,146,164,5.0,38,426,217.12113237380981,2
