Index,Data,combo_idx,Nodes,Edges,TotalNodes,TotalEdges,ObjVal,Crossings,EdgeLength,Runtime,Status
1,graficon13nodi/grafo2567.13,21,13,13,13,13,0.0,0,6,0.003457307815551758,2
2,graficon11nodi/grafo685.11,21,11,11,13,13,0.0,0,13,0.0045397281646728516,2
3,graficon10nodi/grafo2511.10,21,10,10,12,12,0.0,0,6,0.003147125244140625,2
4,graficon12nodi/grafo957.12,21,12,11,13,12,0.0,0,10,0.0027618408203125,2
5,graficon14nodi/grafo769.14,21,14,13,14,13,0.0,0,10,0.0027658939361572266,2
6,graficon10nodi/grafo1070.10,21,10,10,12,12,0.0,0,6,0.001461029052734375,2
7,graficon10nodi/grafo473.10,21,10,10,12,12,0.0,0,6,0.0021104812622070312,2
8,graficon14nodi/grafo371.14,21,14,13,14,13,0.0,0,6,0.0028963088989257812,2
9,graficon12nodi/grafo906.12,21,12,11,12,11,0.0,0,3,0.0016951560974121094,2
10,graficon11nodi/grafo927.11,21,11,10,11,10,0.0,0,6,0.0021209716796875,2
11,graficon10nodi/grafo758.10,21,10,10,12,12,0.0,0,6,0.0015363693237304688,2
12,graficon12nodi/grafo122.12,21,12,11,12,11,0.0,0,5,0.0014123916625976562,2
13,graficon12nodi/grafo1843.12,21,12,15,14,17,1.0,2,13,0.022706270217895508,2
14,graficon10nodi/grafo898.10,21,10,9,10,9,0.0,0,2,0.0014870166778564453,2
15,graficon11nodi/grafo2433.11,21,11,11,13,13,0.0,0,3,0.002685070037841797,2
16,graficon11nodi/grafo749.11,21,11,10,13,12,0.0,0,5,0.0030984878540039062,2
17,graficon10nodi/grafo961.10,21,10,10,12,12,0.0,0,6,0.0014464855194091797,2
18,graficon10nodi/grafo1857.10,21,10,12,12,14,0.0,0,10,0.0028085708618164062,2
19,graficon11nodi/grafo1004.11,21,11,12,12,13,0.0,0,15,0.004633426666259766,2
20,graficon11nodi/grafo675.11,21,11,11,13,13,0.0,0,4,0.0023431777954101562,2
21,graficon10nodi/grafo633.10,21,10,9,10,9,0.0,0,2,0.0010502338409423828,2
22,graficon13nodi/grafo2908.13,21,13,12,13,12,0.0,0,8,0.002203702926635742,2
23,graficon11nodi/grafo441.11,21,11,11,13,13,0.0,0,14,0.005682945251464844,2
24,graficon11nodi/grafo2812.11,21,11,11,13,13,0.0,0,3,0.0019021034240722656,2
25,graficon10nodi/grafo881.10,21,10,9,10,9,0.0,0,2,0.0015635490417480469,2
26,graficon10nodi/grafo455.10,21,10,10,13,13,0.0,0,4,0.002548694610595703,2
27,graficon12nodi/grafo933.12,21,12,11,12,11,0.0,0,5,0.0013613700866699219,2
28,graficon12nodi/grafo256.12,21,12,11,12,11,0.0,0,2,0.00164794921875,2
29,graficon10nodi/grafo1098.10,21,10,9,10,9,0.0,0,2,0.0013582706451416016,2
30,graficon11nodi/grafo246.11,21,11,10,11,10,0.0,0,3,0.0016198158264160156,2
31,graficon12nodi/grafo2668.12,21,12,13,14,15,1.0,1,7,0.003538846969604492,2
32,graficon12nodi/grafo667.12,21,12,12,13,13,0.0,0,16,0.0037844181060791016,2
33,graficon12nodi/grafo986.12,21,12,11,12,11,0.0,0,5,0.0013599395751953125,2
34,graficon10nodi/grafo782.10,21,10,9,10,9,0.0,0,2,0.0015125274658203125,2
35,graficon12nodi/grafo756.12,21,12,11,12,11,0.0,0,3,0.0018699169158935547,2
36,graficon11nodi/grafo1629.11,21,11,11,14,14,0.0,0,10,0.002574443817138672,2
37,graficon12nodi/grafo888.12,21,12,13,14,15,0.0,0,16,0.0063936710357666016,2
38,graficon11nodi/grafo1162.11,21,11,11,12,12,0.0,0,6,0.0018801689147949219,2
39,graficon11nodi/grafo3101.11,21,11,11,13,13,0.0,0,3,0.002650737762451172,2
40,graficon10nodi/grafo910.10,21,10,9,10,9,0.0,0,2,0.001508951187133789,2
41,graficon13nodi/grafo514.13,21,13,12,13,12,0.0,0,4,0.002407550811767578,2
42,graficon10nodi/grafo718.10,21,10,10,12,12,0.0,0,6,0.0026421546936035156,2
43,graficon10nodi/grafo1123.10,21,10,10,12,12,0.0,0,6,0.0024623870849609375,2
44,graficon10nodi/grafo474.10,21,10,10,12,12,0.0,0,6,0.0023653507232666016,2
45,graficon14nodi/grafo272.14,21,14,13,14,13,0.0,0,9,0.0034728050231933594,2
46,graficon11nodi/grafo1084.11,21,11,10,11,10,0.0,0,2,0.0014579296112060547,2
47,graficon11nodi/grafo2971.11,21,11,11,13,13,0.0,0,3,0.002065420150756836,2
48,graficon11nodi/grafo313.11,21,11,10,13,12,0.0,0,13,0.002529144287109375,2
49,graficon11nodi/grafo532.11,21,11,11,13,13,0.0,0,9,0.0019180774688720703,2
50,graficon11nodi/grafo857.11,21,11,11,12,12,0.0,0,12,0.005666017532348633,2
51,graficon10nodi/grafo978.10,21,10,10,12,12,0.0,0,6,0.0014955997467041016,2
52,graficon13nodi/grafo1067.13,21,13,13,13,13,0.0,0,6,0.003984212875366211,2
53,graficon12nodi/grafo2949.12,21,12,11,12,11,0.0,0,4,0.0015149116516113281,2
54,graficon10nodi/grafo962.10,21,10,10,12,12,0.0,0,6,0.0016679763793945312,2
55,graficon10nodi/grafo460.10,21,10,9,10,9,0.0,0,2,0.0007855892181396484,2
56,graficon11nodi/grafo3073.11,21,11,11,13,13,0.0,0,3,0.0023953914642333984,2
57,graficon11nodi/grafo316.11,21,11,13,14,16,0.0,0,22,0.0057489871978759766,2
58,graficon13nodi/grafo2415.13,21,13,13,14,14,0.0,0,5,0.0029866695404052734,2
59,graficon12nodi/grafo861.12,21,12,12,14,14,0.0,0,21,0.008061885833740234,2
60,graficon11nodi/grafo612.11,21,11,11,13,13,0.0,0,7,0.002177715301513672,2
61,graficon10nodi/grafo513.10,21,10,10,12,12,0.0,0,6,0.0022993087768554688,2
62,graficon12nodi/grafo352.12,21,12,12,14,14,1.0,1,6,0.0037610530853271484,2
63,graficon11nodi/grafo3113.11,21,11,11,13,13,0.0,0,3,0.002703428268432617,2
64,graficon12nodi/grafo2651.12,21,12,13,12,13,1.0,2,13,0.004525899887084961,2
65,graficon13nodi/grafo2595.13,21,13,12,13,12,0.0,0,5,0.003350496292114258,2
66,graficon14nodi/grafo345.14,21,14,13,14,13,0.0,0,9,0.0031938552856445312,2
67,graficon10nodi/grafo209.10,21,10,10,12,12,0.0,0,6,0.0018584728240966797,2
68,graficon11nodi/grafo1005.11,21,11,11,12,12,0.0,0,9,0.0024285316467285156,2
69,graficon10nodi/grafo1032.10,21,10,9,10,9,0.0,0,2,0.0020852088928222656,2
70,graficon10nodi/grafo210.10,21,10,10,12,12,0.0,0,6,0.0023670196533203125,2
71,graficon11nodi/grafo759.11,21,11,12,12,13,1.0,1,7,0.003634214401245117,2
72,graficon10nodi/grafo265.10,21,10,12,12,14,1.0,1,16,0.0037627220153808594,2
73,graficon12nodi/grafo2439.12,21,12,12,13,13,0.0,0,10,0.002605438232421875,2
74,graficon11nodi/grafo748.11,21,11,11,13,13,0.0,0,8,0.003021240234375,2
75,graficon11nodi/grafo2714.11,21,11,11,13,13,0.0,0,5,0.00324249267578125,2
76,graficon15nodi/grafo886.15,21,15,15,18,18,0.0,0,20,0.009464740753173828,2
77,graficon12nodi/grafo2359.12,21,12,17,16,21,1.0,3,67,0.03844165802001953,2
78,graficon17nodi/grafo565.17,21,17,17,19,19,0.0,0,7,0.002612590789794922,2
79,graficon14nodi/grafo642.14,21,14,15,16,17,1.0,1,14,0.008805274963378906,2
80,graficon15nodi/grafo2783.15,21,15,17,19,21,1.0,1,24,0.007938861846923828,2
81,graficon12nodi/grafo2707.12,21,12,14,16,18,1.0,1,10,0.004202127456665039,2
82,graficon16nodi/grafo2861.16,21,16,15,18,17,1.0,1,21,0.014512300491333008,2
83,graficon16nodi/grafo853.16,21,16,16,16,16,0.0,0,11,0.004086732864379883,2
84,graficon17nodi/grafo1122.17,21,17,17,19,19,0.0,0,7,0.0021364688873291016,2
85,graficon11nodi/grafo2384.11,21,11,12,15,16,0.0,0,9,0.0025358200073242188,2
86,graficon15nodi/grafo1618.15,21,15,16,19,20,0.0,0,29,0.010695695877075195,2
87,graficon13nodi/grafo325.13,21,13,14,15,16,1.0,1,11,0.004832267761230469,2
88,graficon17nodi/grafo1161.17,21,17,18,19,20,0.0,0,23,0.00646662712097168,2
89,graficon13nodi/grafo510.13,21,13,16,18,21,1.0,1,21,0.01460409164428711,2
90,graficon14nodi/grafo367.14,21,14,14,15,15,0.0,0,11,0.006178617477416992,2
91,graficon13nodi/grafo477.13,21,13,13,15,15,0.0,0,4,0.0027818679809570312,2
92,graficon13nodi/grafo951.13,21,13,17,19,23,0.0,0,45,0.013506650924682617,2
93,graficon11nodi/grafo1734.11,21,11,14,17,20,1.0,1,36,0.007821083068847656,2
94,graficon15nodi/grafo2797.15,21,15,17,15,17,1.0,1,19,0.00669407844543457,2
95,graficon12nodi/grafo2335.12,21,12,14,19,21,0.0,0,14,0.006294965744018555,2
96,graficon10nodi/grafo1740.10,21,10,13,17,20,1.0,1,36,0.013725757598876953,2
97,graficon13nodi/grafo1853.13,21,13,15,17,19,1.0,3,45,0.028310060501098633,2
98,graficon16nodi/grafo2142.16,21,16,16,17,17,0.0,0,14,0.005780696868896484,2
99,graficon14nodi/grafo956.14,21,14,15,15,16,1.0,1,12,0.006999015808105469,2
100,graficon15nodi/grafo585.15,21,15,16,19,20,0.0,0,31,0.01193547248840332,2
101,graficon14nodi/grafo2291.14,21,14,14,16,16,1.0,1,25,0.010202407836914062,2
102,graficon14nodi/grafo1658.14,21,14,15,19,20,0.0,0,16,0.0060694217681884766,2
103,graficon13nodi/grafo559.13,21,13,15,19,21,0.0,0,17,0.004001617431640625,2
104,graficon15nodi/grafo2377.15,21,15,15,16,16,0.0,0,11,0.001615285873413086,2
105,graficon14nodi/grafo2189.14,21,14,16,17,19,1.0,1,27,0.0059053897857666016,2
106,graficon16nodi/grafo322.16,21,16,15,17,16,0.0,0,9,0.0036258697509765625,2
107,graficon14nodi/grafo2460.14,21,14,14,15,15,0.0,0,9,0.006574153900146484,2
108,graficon16nodi/grafo1177.16,21,16,15,17,16,0.0,0,15,0.004609346389770508,2
109,graficon13nodi/grafo203.13,21,13,14,15,16,1.0,1,9,0.006564140319824219,2
110,graficon13nodi/grafo387.13,21,13,15,19,21,1.0,1,20,0.012197256088256836,2
111,graficon15nodi/grafo1107.15,21,15,19,19,23,0.0,0,28,0.012790679931640625,2
112,graficon12nodi/grafo576.12,21,12,14,17,19,0.0,0,8,0.0018305778503417969,2
113,graficon12nodi/grafo542.12,21,12,14,17,19,0.0,0,14,0.0034911632537841797,2
114,graficon10nodi/grafo1898.10,21,10,15,16,21,1.0,1,34,0.01297307014465332,2
115,graficon12nodi/grafo543.12,21,12,12,15,15,1.0,1,9,0.006420612335205078,2
116,graficon14nodi/grafo843.14,21,14,14,15,15,0.0,0,25,0.008708715438842773,2
117,graficon14nodi/grafo1620.14,21,14,15,17,18,0.0,0,16,0.0036439895629882812,2
118,graficon14nodi/grafo255.14,21,14,16,16,18,1.0,2,35,0.014632940292358398,2
119,graficon14nodi/grafo899.14,21,14,15,15,16,1.0,1,26,0.009508848190307617,2
120,graficon17nodi/grafo422.17,21,17,17,18,18,0.0,0,29,0.014440536499023438,2
121,graficon13nodi/grafo440.13,21,13,14,18,19,0.0,0,17,0.0044612884521484375,2
122,graficon11nodi/grafo280.11,21,11,12,15,16,0.0,0,21,0.0030252933502197266,2
123,graficon15nodi/grafo2331.15,21,15,17,17,19,0.0,0,19,0.005079746246337891,2
124,graficon11nodi/grafo1006.11,21,11,12,15,16,0.0,0,8,0.0029478073120117188,2
125,graficon13nodi/grafo2218.13,21,13,13,16,16,1.0,1,13,0.002929210662841797,2
126,graficon14nodi/grafo3087.14,21,14,14,16,16,0.0,0,13,0.008813619613647461,2
127,graficon16nodi/grafo1069.16,21,16,15,17,16,0.0,0,14,0.003151416778564453,2
128,graficon14nodi/grafo524.14,21,14,15,15,16,0.0,0,13,0.005168914794921875,2
129,graficon11nodi/grafo1913.11,21,11,14,15,18,0.0,0,15,0.005998849868774414,2
130,graficon14nodi/grafo2919.14,21,14,15,17,18,0.0,0,20,0.006269693374633789,2
131,graficon16nodi/grafo418.16,21,16,18,19,21,0.0,0,34,0.01202702522277832,2
132,graficon13nodi/grafo1935.13,21,13,18,17,22,1.0,1,31,0.01166844367980957,2
133,graficon17nodi/grafo774.17,21,17,18,19,20,1.0,2,50,0.028702259063720703,2
134,graficon16nodi/grafo1029.16,21,16,16,18,18,0.0,0,8,0.0027532577514648438,2
135,graficon12nodi/grafo2663.12,21,12,13,15,16,0.0,0,11,0.0033292770385742188,2
136,graficon14nodi/grafo2634.14,21,14,13,15,14,0.0,0,12,0.0030565261840820312,2
137,graficon12nodi/grafo2380.12,21,12,12,16,16,0.0,0,10,0.0069234371185302734,2
138,graficon17nodi/grafo2146.17,21,17,17,19,19,0.0,0,17,0.0044705867767333984,2
139,graficon14nodi/grafo2900.14,21,14,14,18,18,0.0,0,10,0.004962444305419922,2
140,graficon13nodi/grafo430.13,21,13,14,16,17,0.0,0,10,0.002977609634399414,2
141,graficon10nodi/grafo938.10,21,10,14,19,23,1.0,3,55,0.025064945220947266,2
142,graficon14nodi/grafo1063.14,21,14,15,18,19,0.0,0,11,0.0028924942016601562,2
143,graficon11nodi/grafo2964.11,21,11,12,19,20,0.0,0,12,0.002930879592895508,2
144,graficon13nodi/grafo989.13,21,13,14,18,19,0.0,0,12,0.0030722618103027344,2
145,graficon11nodi/grafo822.11,21,11,13,18,20,1.0,1,13,0.0030694007873535156,2
146,graficon10nodi/grafo1774.10,21,10,15,16,21,1.0,1,34,0.007172584533691406,2
147,graficon11nodi/grafo900.11,21,11,13,18,20,0.0,0,9,0.0035746097564697266,2
148,graficon13nodi/grafo2927.13,21,13,14,19,20,1.0,1,23,1.1262660026550293,2
149,graficon13nodi/grafo2354.13,21,13,16,19,22,1.0,1,24,0.014489889144897461,2
150,graficon13nodi/grafo791.13,21,13,15,19,21,1.0,1,16,0.012012720108032227,2
151,graficon16nodi/grafo1945.16,21,16,17,23,24,1.0,2,29,0.03099226951599121,2
152,graficon17nodi/grafo2644.17,21,17,19,23,25,0.0,0,23,0.010756254196166992,2
153,graficon17nodi/grafo2882.17,21,17,18,24,25,0.0,0,25,0.011662721633911133,2
154,graficon19nodi/grafo794.19,21,19,21,22,24,1.0,1,23,0.009838342666625977,2
155,graficon14nodi/grafo489.14,21,14,15,22,23,1.0,1,15,0.009368181228637695,2
156,graficon18nodi/grafo1865.18,21,18,20,23,25,0.0,0,30,0.013835906982421875,2
157,graficon15nodi/grafo1970.15,21,15,17,22,24,0.0,0,18,0.006072998046875,2
158,graficon14nodi/grafo2419.14,21,14,17,24,27,1.0,1,27,0.019487857818603516,2
159,graficon12nodi/grafo2855.12,21,12,17,24,29,1.0,1,21,0.012924909591674805,2
160,graficon13nodi/grafo1729.13,21,13,19,22,28,2.0,5,82,0.04988694190979004,2
161,graficon13nodi/grafo2832.13,21,13,14,23,24,0.0,0,20,0.009142160415649414,2
162,graficon18nodi/grafo1893.18,21,18,18,21,21,0.0,0,14,0.006064414978027344,2
163,graficon18nodi/grafo1059.18,21,18,18,22,22,0.0,0,10,0.0032253265380859375,2
164,graficon12nodi/grafo2890.12,21,12,14,20,22,0.0,0,18,0.0060689449310302734,2
165,graficon16nodi/grafo2231.16,21,16,20,22,26,1.0,1,30,0.012729167938232422,2
166,graficon20nodi/grafo2767.20,21,20,22,24,26,1.0,1,33,0.017594575881958008,2
167,graficon20nodi/grafo3051.20,21,20,23,24,27,0.0,0,20,0.006795167922973633,2
168,graficon12nodi/grafo638.12,21,12,17,22,27,0.0,0,32,0.009223222732543945,2
169,graficon15nodi/grafo2233.15,21,15,20,23,28,0.0,0,42,0.019872188568115234,2
170,graficon16nodi/grafo275.16,21,16,18,24,26,1.0,1,27,0.009634256362915039,2
171,graficon22nodi/grafo2137.22,21,22,21,24,23,0.0,0,29,0.005919218063354492,2
172,graficon18nodi/grafo314.18,21,18,18,22,22,0.0,0,10,0.0042858123779296875,2
173,graficon15nodi/grafo2225.15,21,15,18,23,26,0.0,0,16,0.006751060485839844,2
174,graficon11nodi/grafo1876.11,21,11,19,24,32,2.0,7,42,0.07196927070617676,2
175,graficon13nodi/grafo891.13,21,13,13,20,20,0.0,0,14,0.006338596343994141,2
176,graficon12nodi/grafo2675.12,21,12,14,20,22,0.0,0,18,0.006110429763793945,2
177,graficon11nodi/grafo1835.11,21,11,15,21,25,0.0,0,18,0.008089065551757812,2
178,graficon23nodi/grafo2357.23,21,23,22,24,23,0.0,0,38,0.01564335823059082,2
179,graficon15nodi/grafo1982.15,21,15,17,24,26,1.0,1,36,0.016925334930419922,2
180,graficon14nodi/grafo378.14,21,14,17,22,25,0.0,0,37,0.014438152313232422,2
181,graficon17nodi/grafo2324.17,21,17,21,23,27,1.0,2,25,0.012000322341918945,2
182,graficon13nodi/grafo964.13,21,13,16,23,26,0.0,0,27,0.011934518814086914,2
183,graficon19nodi/grafo423.19,21,19,21,23,25,0.0,0,30,0.01465296745300293,2
184,graficon13nodi/grafo2204.13,21,13,13,20,20,0.0,0,17,0.008533954620361328,2
185,graficon13nodi/grafo443.13,21,13,15,20,22,1.0,2,16,0.03963279724121094,2
186,graficon20nodi/grafo215.20,21,20,22,24,26,1.0,1,36,0.009947776794433594,2
187,graficon14nodi/grafo1662.14,21,14,20,24,30,1.0,2,41,0.07385635375976562,2
188,graficon20nodi/grafo495.20,21,20,20,24,24,0.0,0,11,0.004717588424682617,2
189,graficon16nodi/grafo2281.16,21,16,21,24,29,1.0,1,50,0.021801471710205078,2
190,graficon11nodi/grafo1054.11,21,11,15,23,27,0.0,0,42,0.015149831771850586,2
191,graficon16nodi/grafo661.16,21,16,17,21,22,1.0,1,11,0.01192784309387207,2
192,graficon12nodi/grafo844.12,21,12,18,20,26,1.0,2,43,0.020879507064819336,2
193,graficon19nodi/grafo1661.19,21,19,21,21,23,1.0,2,20,0.019365310668945312,2
194,graficon18nodi/grafo2186.18,21,18,23,23,28,1.0,3,21,0.01038813591003418,2
195,graficon12nodi/grafo2867.12,21,12,16,22,26,0.0,0,39,0.012817621231079102,2
196,graficon15nodi/grafo1136.15,21,15,17,24,26,0.0,0,20,0.009042024612426758,2
197,graficon20nodi/grafo1651.20,21,20,21,23,24,1.0,1,51,0.022062301635742188,2
198,graficon15nodi/grafo2157.15,21,15,15,20,20,0.0,0,13,0.004326581954956055,2
199,graficon17nodi/grafo1634.17,21,17,18,20,21,1.0,1,50,0.03171491622924805,2
200,graficon16nodi/grafo2440.16,21,16,20,22,26,2.0,4,27,0.0669701099395752,2
201,graficon18nodi/grafo953.18,21,18,18,22,22,0.0,0,10,0.003546476364135742,2
202,graficon23nodi/grafo1485.23,21,23,22,23,22,0.0,0,26,0.012529850006103516,2
203,graficon13nodi/grafo2620.13,21,13,16,20,23,0.0,0,25,0.010189294815063477,2
204,graficon17nodi/grafo2680.17,21,17,22,22,27,1.0,2,59,0.02459549903869629,2
205,graficon20nodi/grafo1649.20,21,20,22,24,26,1.0,2,45,0.04547119140625,2
206,graficon19nodi/grafo1897.19,21,19,20,24,25,0.0,0,47,0.02519369125366211,2
207,graficon13nodi/grafo2645.13,21,13,17,23,27,0.0,0,25,0.012866020202636719,2
208,graficon18nodi/grafo2480.18,21,18,21,22,25,0.0,0,41,0.014645099639892578,2
209,graficon13nodi/grafo2298.13,21,13,14,21,22,0.0,0,14,0.0055997371673583984,2
210,graficon15nodi/grafo739.15,21,15,18,23,26,0.0,0,40,0.017076969146728516,2
211,graficon17nodi/grafo2679.17,21,17,19,21,23,1.0,1,23,0.011768341064453125,2
212,graficon14nodi/grafo2430.14,21,14,15,21,22,0.0,0,16,0.006898641586303711,2
213,graficon15nodi/grafo582.15,21,15,16,22,23,0.0,0,12,0.007342815399169922,2
214,graficon11nodi/grafo1619.11,21,11,15,21,25,1.0,3,30,0.03444814682006836,2
215,graficon15nodi/grafo1124.15,21,15,16,23,24,0.0,0,19,0.010181903839111328,2
216,graficon12nodi/grafo1763.12,21,12,21,22,31,1.0,2,59,0.017297029495239258,2
217,graficon17nodi/grafo1094.17,21,17,19,21,23,0.0,0,14,0.0033681392669677734,2
218,graficon15nodi/grafo2903.15,21,15,16,20,21,1.0,1,21,0.0064432621002197266,2
219,graficon11nodi/grafo1088.11,21,11,17,22,28,0.0,0,49,0.018172740936279297,2
220,graficon17nodi/grafo645.17,21,17,19,21,23,0.0,0,32,0.012747764587402344,2
221,graficon16nodi/grafo2537.16,21,16,19,21,24,0.0,0,21,0.004953861236572266,2
222,graficon15nodi/grafo1030.15,21,15,16,23,24,0.0,0,19,0.00776982307434082,2
223,graficon14nodi/grafo242.14,21,14,16,21,23,0.0,0,21,0.003537893295288086,2
224,graficon17nodi/grafo1009.17,21,17,17,24,24,0.0,0,12,0.006766080856323242,2
225,graficon13nodi/grafo3112.13,21,13,14,20,21,0.0,0,12,0.004389524459838867,2
226,graficon16nodi/grafo1731.16,21,16,19,25,28,0.0,0,27,0.008941650390625,2
227,graficon16nodi/grafo967.16,21,16,17,26,27,0.0,0,9,0.0049953460693359375,2
228,graficon17nodi/grafo1732.17,21,17,20,27,30,0.0,0,34,0.010812520980834961,2
229,graficon20nodi/grafo2272.20,21,20,23,27,30,0.0,0,42,0.021034955978393555,2
230,graficon18nodi/grafo1146.18,21,18,29,29,40,3.0,6,77,0.21343231201171875,2
231,graficon18nodi/grafo2289.18,21,18,20,25,27,0.0,0,31,0.006521940231323242,2
232,graficon16nodi/grafo2420.16,21,16,18,28,30,1.0,1,18,0.007504940032958984,2
233,graficon12nodi/grafo574.12,21,12,19,27,34,1.0,2,32,0.03139519691467285,2
234,graficon21nodi/grafo804.21,21,21,22,28,29,0.0,0,42,0.021432876586914062,2
235,graficon22nodi/grafo694.22,21,22,23,27,28,0.0,0,24,0.00803065299987793,2
236,graficon17nodi/grafo479.17,21,17,23,25,31,3.0,8,117,0.13160228729248047,2
237,graficon18nodi/grafo538.18,21,18,19,25,26,0.0,0,21,0.005906581878662109,2
238,graficon21nodi/grafo2416.21,21,21,24,29,32,1.0,1,23,0.007993459701538086,2
239,graficon17nodi/grafo2418.17,21,17,20,26,29,1.0,2,33,0.043816566467285156,2
240,graficon24nodi/grafo1463.24,21,24,25,25,26,0.0,0,34,0.011388778686523438,2
241,graficon13nodi/grafo1885.13,21,13,16,25,28,0.0,0,29,0.008674144744873047,2
242,graficon11nodi/grafo1697.11,21,11,17,28,34,1.0,2,21,0.024475812911987305,2
243,graficon15nodi/grafo583.15,21,15,19,25,29,1.0,2,46,0.04945063591003418,2
244,graficon19nodi/grafo2951.19,21,19,24,27,32,1.0,1,37,0.014528512954711914,2
245,graficon14nodi/grafo520.14,21,14,22,29,37,0.0,0,53,0.010145902633666992,2
246,graficon17nodi/grafo2594.17,21,17,21,25,29,1.0,2,57,0.051853179931640625,2
247,graficon18nodi/grafo993.18,21,18,23,28,33,2.0,3,49,0.03666257858276367,2
248,graficon21nodi/grafo127.21,21,21,21,26,26,0.0,0,24,0.012492656707763672,2
249,graficon16nodi/grafo400.16,21,16,17,26,27,0.0,0,9,0.00860595703125,2
250,graficon17nodi/grafo302.17,21,17,19,28,30,0.0,0,18,0.00931406021118164,2
251,graficon21nodi/grafo158.21,21,21,24,29,32,1.0,1,42,0.024260997772216797,2
252,graficon16nodi/grafo540.16,21,16,17,26,27,0.0,0,9,0.009133338928222656,2
253,graficon13nodi/grafo2303.13,21,13,19,28,34,0.0,0,49,0.017972946166992188,2
254,graficon21nodi/grafo1937.21,21,21,24,26,29,1.0,4,34,0.034151315689086914,2
255,graficon15nodi/grafo778.15,21,15,17,26,28,0.0,0,16,0.007976055145263672,2
256,graficon15nodi/grafo855.15,21,15,17,25,27,0.0,0,16,0.005565166473388672,2
257,graficon18nodi/grafo1652.18,21,18,20,25,27,0.0,0,24,0.009219169616699219,2
258,graficon13nodi/grafo2659.13,21,13,16,25,28,0.0,0,32,0.01587653160095215,2
259,graficon17nodi/grafo2682.17,21,17,19,26,28,1.0,2,37,0.05076432228088379,2
260,graficon16nodi/grafo1119.16,21,16,22,28,34,1.0,3,56,0.03482508659362793,2
261,graficon14nodi/grafo1870.14,21,14,21,28,35,1.0,3,47,0.022982120513916016,2
262,graficon19nodi/grafo1172.19,21,19,23,26,30,1.0,1,36,0.011227130889892578,2
263,graficon13nodi/grafo511.13,21,13,14,25,26,0.0,0,6,0.00251007080078125,2
264,graficon18nodi/grafo1648.18,21,18,24,26,32,1.0,5,64,0.0641026496887207,2
265,graficon17nodi/grafo893.17,21,17,21,26,30,0.0,0,77,0.019611597061157227,2
266,graficon17nodi/grafo917.17,21,17,20,28,31,0.0,0,41,0.01032114028930664,2
267,graficon23nodi/grafo2256.23,21,23,26,29,32,0.0,0,32,0.02370905876159668,2
268,graficon18nodi/grafo2556.18,21,18,22,28,32,0.0,0,40,0.01746654510498047,2
269,graficon15nodi/grafo2921.15,21,15,17,27,29,0.0,0,16,0.005509138107299805,2
270,graficon21nodi/grafo1762.21,21,21,25,25,29,2.0,6,69,0.11254692077636719,2
271,graficon21nodi/grafo1064.21,21,21,26,25,30,2.0,9,46,0.1410057544708252,2
272,graficon18nodi/grafo784.18,21,18,23,25,30,1.0,3,56,0.047017812728881836,2
273,graficon16nodi/grafo2236.16,21,16,20,28,32,1.0,1,45,0.014483928680419922,2
274,graficon17nodi/grafo2345.17,21,17,20,26,29,1.0,1,24,0.007345914840698242,2
275,graficon18nodi/grafo2307.18,21,18,23,26,31,1.0,3,43,0.025758981704711914,2
276,graficon17nodi/grafo1056.17,21,17,22,29,34,1.0,1,33,0.011832952499389648,2
277,graficon18nodi/grafo1152.18,21,18,24,28,34,1.0,1,42,0.028706789016723633,2
278,graficon24nodi/grafo3100.24,21,24,28,26,30,1.0,2,53,0.02743220329284668,2
279,graficon16nodi/grafo279.16,21,16,19,27,30,0.0,0,26,0.010767221450805664,2
280,graficon17nodi/grafo2401.17,21,17,31,28,42,6.0,38,241,1.076486349105835,2
281,graficon16nodi/grafo2302.16,21,16,20,25,29,1.0,1,25,0.009573936462402344,2
282,graficon16nodi/grafo2525.16,21,16,19,26,29,1.0,1,28,0.014831066131591797,2
283,graficon17nodi/grafo2924.17,21,17,22,28,33,1.0,1,74,0.02730870246887207,2
284,graficon22nodi/grafo167.22,21,22,24,29,31,1.0,1,41,0.02271413803100586,2
285,graficon16nodi/grafo2542.16,21,16,21,26,31,1.0,1,42,0.010571718215942383,2
286,graficon16nodi/grafo2636.16,21,16,22,26,32,2.0,6,33,0.04840493202209473,2
287,graficon17nodi/grafo2758.17,21,17,20,26,29,1.0,1,17,0.011788129806518555,2
288,graficon20nodi/grafo2554.20,21,20,22,25,27,1.0,1,32,0.010398387908935547,2
289,graficon25nodi/grafo2775.25,21,25,26,25,26,2.0,2,65,0.06631278991699219,2
290,graficon19nodi/grafo409.19,21,19,22,25,28,1.0,2,67,0.0865015983581543,2
291,graficon16nodi/grafo2326.16,21,16,21,25,30,1.0,1,56,0.014151573181152344,2
292,graficon14nodi/grafo596.14,21,14,16,27,29,0.0,0,13,0.007754325866699219,2
293,graficon20nodi/grafo679.20,21,20,25,29,34,1.0,2,48,0.09045267105102539,2
294,graficon23nodi/grafo188.23,21,23,24,27,28,0.0,0,31,0.009884357452392578,2
295,graficon19nodi/grafo2449.19,21,19,24,25,30,2.0,4,48,0.07816743850708008,2
296,graficon23nodi/grafo1038.23,21,23,24,27,28,1.0,1,17,0.008196830749511719,2
297,graficon17nodi/grafo2177.17,21,17,22,26,31,0.0,0,46,0.013091087341308594,2
298,graficon20nodi/grafo786.20,21,20,23,26,29,1.0,2,58,0.055707693099975586,2
299,graficon17nodi/grafo1875.17,21,17,21,28,32,1.0,1,73,0.05813288688659668,2
300,graficon14nodi/grafo796.14,21,14,19,27,32,1.0,3,58,0.036347150802612305,2
301,graficon21nodi/grafo2119.21,21,21,27,32,38,2.0,7,87,0.12029290199279785,2
302,graficon15nodi/grafo1013.15,21,15,23,31,39,1.0,2,75,0.06576848030090332,2
303,graficon17nodi/grafo415.17,21,17,24,33,40,2.0,6,87,0.16823410987854004,2
304,graficon26nodi/grafo578.26,21,26,27,30,31,1.0,1,68,0.027315855026245117,2
305,graficon25nodi/grafo2077.25,21,25,29,31,35,2.0,8,88,0.1644730567932129,2
306,graficon29nodi/grafo2085.29,21,29,30,33,34,0.0,0,29,0.01675891876220703,2
307,graficon19nodi/grafo1834.19,21,19,23,32,36,0.0,0,28,0.012068033218383789,2
308,graficon24nodi/grafo1830.24,21,24,29,34,39,1.0,1,45,0.02254486083984375,2
309,graficon21nodi/grafo245.21,21,21,22,30,31,1.0,1,26,0.011809110641479492,2
310,graficon21nodi/grafo1645.21,21,21,23,30,32,0.0,0,70,0.03004765510559082,2
311,graficon20nodi/grafo1761.20,21,20,26,31,37,0.0,0,55,0.02032637596130371,2
312,graficon26nodi/grafo1805.26,21,26,31,33,38,2.0,5,39,0.10814714431762695,2
313,graficon18nodi/grafo2744.18,21,18,24,34,40,1.0,3,76,0.02626967430114746,2
314,graficon20nodi/grafo2268.20,21,20,24,32,36,1.0,3,50,0.027655839920043945,2
315,graficon25nodi/grafo2837.25,21,25,27,32,34,0.0,0,47,0.013789176940917969,2
316,graficon21nodi/grafo2833.21,21,21,24,30,33,1.0,1,32,0.013596534729003906,2
317,graficon20nodi/grafo3049.20,21,20,24,33,37,2.0,2,45,0.0583348274230957,2
318,graficon26nodi/grafo1799.26,21,26,30,32,36,1.0,3,68,0.05097365379333496,2
319,graficon17nodi/grafo1403.17,21,17,23,30,36,1.0,1,46,0.02018594741821289,2
320,graficon27nodi/grafo2498.27,21,27,32,34,39,2.0,3,68,0.09103012084960938,2
321,graficon22nodi/grafo2819.22,21,22,25,33,36,0.0,0,20,0.007063865661621094,2
322,graficon16nodi/grafo421.16,21,16,22,33,39,1.0,1,86,0.0439760684967041,2
323,graficon14nodi/grafo1074.14,21,14,19,32,37,1.0,2,35,0.061742544174194336,2
324,graficon24nodi/grafo918.24,21,24,24,32,32,0.0,0,35,0.01545572280883789,2
325,graficon18nodi/grafo1780.18,21,18,24,30,36,1.0,1,43,0.02333688735961914,2
326,graficon29nodi/grafo1198.29,21,29,29,31,31,1.0,1,32,0.022152185440063477,2
327,graficon15nodi/grafo2591.15,21,15,23,31,39,1.0,2,56,0.05468392372131348,2
328,graficon19nodi/grafo924.19,21,19,21,32,34,0.0,0,34,0.016892671585083008,2
329,graficon23nodi/grafo835.23,21,23,27,31,35,2.0,7,57,0.09641122817993164,2
330,graficon17nodi/grafo829.17,21,17,21,33,37,0.0,0,51,0.03265500068664551,2
331,graficon16nodi/grafo1635.16,21,16,25,34,43,1.0,1,72,0.0861518383026123,2
332,graficon14nodi/grafo649.14,21,14,24,32,42,2.0,6,88,0.11866211891174316,2
333,graficon18nodi/grafo1824.18,21,18,23,32,37,1.0,1,21,0.025314807891845703,2
334,graficon26nodi/grafo1629.26,21,26,29,30,33,1.0,1,32,1.1453423500061035,2
335,graficon15nodi/grafo1142.15,21,15,24,32,41,1.0,1,91,0.08152556419372559,2
336,graficon22nodi/grafo2410.22,21,22,24,30,32,1.0,1,23,0.013617277145385742,2
337,graficon23nodi/grafo2028.23,21,23,32,32,41,3.0,13,116,0.228590726852417,2
338,graficon25nodi/grafo1040.25,21,25,32,34,41,3.0,12,107,0.18006134033203125,2
339,graficon17nodi/grafo2494.17,21,17,20,30,33,1.0,1,27,0.008420467376708984,2
340,graficon21nodi/grafo381.21,21,21,23,31,33,1.0,1,33,0.011135101318359375,2
341,graficon19nodi/grafo2425.19,21,19,23,30,34,2.0,2,48,0.0874178409576416,2
342,graficon26nodi/grafo1230.26,21,26,29,30,33,1.0,2,28,0.036130666732788086,2
343,graficon17nodi/grafo1861.17,21,17,21,34,38,1.0,2,24,0.05678749084472656,2
344,graficon27nodi/grafo1232.27,21,27,31,33,37,2.0,8,116,0.4056241512298584,2
345,graficon27nodi/grafo2582.27,21,27,27,34,34,0.0,0,32,0.008800506591796875,2
346,graficon24nodi/grafo2017.24,21,24,28,32,36,1.0,2,59,0.057639122009277344,2
347,graficon32nodi/grafo11636.32,21,32,32,33,33,0.0,0,38,0.009076595306396484,2
348,graficon19nodi/grafo621.19,21,19,27,30,38,3.0,3,78,0.06630659103393555,2
349,graficon16nodi/grafo2023.16,21,16,20,34,38,1.0,2,27,0.03403043746948242,2
350,graficon23nodi/grafo622.23,21,23,25,33,35,1.0,1,40,0.01463627815246582,2
351,graficon19nodi/grafo2135.19,21,19,23,33,37,1.0,2,41,0.062744140625,2
352,graficon15nodi/grafo879.15,21,15,20,30,35,0.0,0,46,0.01623988151550293,2
353,graficon22nodi/grafo1012.22,21,22,24,31,33,0.0,0,45,0.014725208282470703,2
354,graficon20nodi/grafo429.20,21,20,28,34,42,2.0,7,80,0.05929446220397949,2
355,graficon26nodi/grafo1269.26,21,26,28,31,33,0.0,0,77,0.04718637466430664,2
356,graficon17nodi/grafo2520.17,21,17,24,32,39,2.0,7,78,0.17226362228393555,2
357,graficon32nodi/grafo10052.32,21,32,33,34,35,0.0,0,36,0.005285501480102539,2
358,graficon20nodi/grafo874.20,21,20,25,34,39,1.0,1,41,0.03562664985656738,2
359,graficon20nodi/grafo1901.20,21,20,26,33,39,1.0,2,106,0.09598302841186523,2
360,graficon22nodi/grafo2456.22,21,22,26,33,37,0.0,0,43,0.01588916778564453,2
361,graficon17nodi/grafo276.17,21,17,20,31,34,1.0,1,28,0.011522293090820312,2
362,graficon25nodi/grafo575.25,21,25,29,34,38,1.0,2,52,0.06865882873535156,2
363,graficon17nodi/grafo517.17,21,17,23,33,39,1.0,1,52,0.01624011993408203,2
364,graficon19nodi/grafo1900.19,21,19,22,31,34,0.0,0,33,0.014076709747314453,2
365,graficon22nodi/grafo1422.22,21,22,22,30,30,0.0,0,37,0.017627239227294922,2
366,graficon25nodi/grafo862.25,21,25,28,33,36,1.0,1,75,0.02485942840576172,2
367,graficon23nodi/grafo545.23,21,23,28,32,37,1.0,1,31,0.015978574752807617,2
368,graficon24nodi/grafo2341.24,21,24,29,34,39,1.0,1,69,0.03237485885620117,2
369,graficon26nodi/grafo1512.26,21,26,30,34,38,1.0,2,67,0.07499361038208008,2
370,graficon18nodi/grafo1626.18,21,18,27,32,41,2.0,9,75,0.08479523658752441,2
371,graficon21nodi/grafo2378.21,21,21,25,31,35,1.0,2,52,0.029316186904907227,2
372,graficon25nodi/grafo2051.25,21,25,26,33,34,0.0,0,17,0.0074918270111083984,2
373,graficon32nodi/grafo9919.32,21,32,32,33,33,0.0,0,38,0.004985809326171875,2
374,graficon18nodi/grafo1940.18,21,18,24,31,37,1.0,1,31,0.014815807342529297,2
375,graficon25nodi/grafo1338.25,21,25,26,34,35,0.0,0,37,0.016086578369140625,2
376,graficon33nodi/grafo11170.33,21,33,42,39,48,1.0,2,70,0.06627082824707031,2
377,graficon23nodi/grafo2966.23,21,23,26,36,39,0.0,0,38,0.009552478790283203,2
378,graficon29nodi/grafo1102.29,21,29,29,37,37,0.0,0,29,0.01112818717956543,2
379,graficon26nodi/grafo1340.26,21,26,31,38,43,2.0,4,68,0.053314924240112305,2
380,graficon22nodi/grafo1850.22,21,22,28,38,44,1.0,1,44,0.022433042526245117,2
381,graficon28nodi/grafo2572.28,21,28,34,38,44,2.0,3,72,0.0876469612121582,2
382,graficon17nodi/grafo420.17,21,17,25,37,45,2.0,3,69,0.050530195236206055,2
383,graficon20nodi/grafo2670.20,21,20,28,36,44,2.0,3,64,0.06213641166687012,2
384,graficon26nodi/grafo2766.26,21,26,32,38,44,1.0,2,42,0.01555180549621582,2
385,graficon29nodi/grafo1333.29,21,29,31,38,40,0.0,0,56,0.02312779426574707,2
386,graficon21nodi/grafo1863.21,21,21,26,35,40,2.0,4,68,0.10985445976257324,2
387,graficon27nodi/grafo1623.27,21,27,30,37,40,1.0,1,29,0.008409500122070312,2
388,graficon33nodi/grafo2828.33,21,33,37,38,42,1.0,3,51,0.05568504333496094,2
389,graficon26nodi/grafo2606.26,21,26,32,36,42,1.0,6,116,0.10058140754699707,2
390,graficon19nodi/grafo2371.19,21,19,24,35,40,0.0,0,63,0.024543046951293945,2
391,graficon25nodi/grafo2700.25,21,25,28,36,39,1.0,2,53,0.02749180793762207,2
392,graficon24nodi/grafo2587.24,21,24,28,36,40,1.0,6,61,0.1310572624206543,2
393,graficon15nodi/grafo947.15,21,15,24,39,48,1.0,3,72,0.0836334228515625,2
394,graficon19nodi/grafo2562.19,21,19,28,36,45,1.0,4,73,0.0464174747467041,2
395,graficon32nodi/grafo11456.32,21,32,33,35,36,1.0,1,43,0.014375686645507812,2
396,graficon27nodi/grafo248.27,21,27,33,38,44,1.0,4,82,0.18179059028625488,2
397,graficon22nodi/grafo2676.22,21,22,26,38,42,0.0,0,39,0.02210211753845215,2
398,graficon32nodi/grafo11607.32,21,32,38,39,45,1.0,4,73,0.08459019660949707,2
399,graficon19nodi/grafo2171.19,21,19,23,35,39,1.0,1,43,0.029613733291625977,2
400,graficon19nodi/grafo1666.19,21,19,28,37,46,1.0,1,95,0.051224708557128906,2
401,graficon33nodi/grafo11210.33,21,33,42,39,48,1.0,2,70,0.050458669662475586,2
402,graficon26nodi/grafo2123.26,21,26,28,35,37,1.0,1,76,0.04402780532836914,2
403,graficon26nodi/grafo3056.26,21,26,36,35,45,3.0,15,147,0.336641788482666,2
404,graficon30nodi/grafo1582.30,21,30,34,35,39,1.0,2,99,0.09263205528259277,2
405,graficon24nodi/grafo1440.24,21,24,32,37,45,2.0,6,120,0.3894624710083008,2
406,graficon33nodi/grafo9903.33,21,33,42,39,48,1.0,2,70,0.0708303451538086,2
407,graficon23nodi/grafo1557.23,21,23,29,37,43,1.0,2,89,0.11998939514160156,2
408,graficon21nodi/grafo1941.21,21,21,26,37,42,1.0,1,46,0.021447181701660156,2
409,graficon13nodi/grafo317.13,21,13,21,38,46,1.0,2,53,0.08504915237426758,2
410,graficon33nodi/grafo154.33,21,33,34,36,37,0.0,0,60,0.020272016525268555,2
411,graficon31nodi/grafo10007.31,21,31,34,35,38,2.0,4,67,0.13828301429748535,2
412,graficon20nodi/grafo1764.20,21,20,25,37,42,1.0,2,54,0.04735565185546875,2
413,graficon31nodi/grafo5484.31,21,31,32,38,39,1.0,2,37,0.07342171669006348,2
414,graficon27nodi/grafo1286.27,21,27,31,36,40,1.0,2,45,0.019125938415527344,2
415,graficon23nodi/grafo2200.23,21,23,29,38,44,2.0,2,60,0.07658052444458008,2
416,graficon24nodi/grafo872.24,21,24,28,37,41,2.0,2,46,0.0313112735748291,2
417,graficon22nodi/grafo605.22,21,22,26,39,43,0.0,0,58,0.039823055267333984,2
418,graficon29nodi/grafo1034.29,21,29,32,38,41,1.0,1,73,0.04831957817077637,2
419,graficon21nodi/grafo2356.21,21,21,27,35,41,2.0,2,31,0.05031561851501465,2
420,graficon33nodi/grafo10134.33,21,33,34,37,38,1.0,1,35,0.015523195266723633,2
421,graficon32nodi/grafo9867.32,21,32,33,35,36,1.0,1,43,0.008544206619262695,2
422,graficon26nodi/grafo753.26,21,26,28,36,38,1.0,2,28,0.01992487907409668,2
423,graficon21nodi/grafo123.21,21,21,25,38,42,1.0,1,41,0.026372671127319336,2
424,graficon25nodi/grafo1360.25,21,25,30,35,40,2.0,6,74,0.11840009689331055,2
425,graficon27nodi/grafo174.27,21,27,28,36,37,1.0,1,65,0.034836530685424805,2
426,graficon20nodi/grafo251.20,21,20,23,36,39,1.0,1,35,0.028295278549194336,2
427,graficon18nodi/grafo2768.18,21,18,23,35,40,1.0,2,29,0.06305694580078125,2
428,graficon36nodi/grafo2402.36,21,36,38,39,41,0.0,0,73,0.03983259201049805,2
429,graficon30nodi/grafo1237.30,21,30,35,39,44,1.0,1,66,0.02156352996826172,2
430,graficon20nodi/grafo2284.20,21,20,30,37,47,2.0,6,66,0.14493227005004883,2
431,graficon17nodi/grafo1160.17,21,17,23,39,45,1.0,1,66,0.03172564506530762,2
432,graficon27nodi/grafo2721.27,21,27,27,37,37,1.0,1,29,0.01846480369567871,2
433,graficon23nodi/grafo2691.23,21,23,31,39,47,1.0,6,97,0.23430657386779785,2
434,graficon22nodi/grafo2875.22,21,22,27,38,43,1.0,2,53,0.04450821876525879,2
435,graficon33nodi/grafo11130.33,21,33,42,39,48,1.0,2,70,0.06626653671264648,2
436,graficon18nodi/grafo2805.18,21,18,25,36,43,2.0,3,84,0.10988593101501465,2
437,graficon16nodi/grafo2584.16,21,16,22,39,45,1.0,2,31,0.018679141998291016,2
438,graficon17nodi/grafo597.17,21,17,24,36,43,0.0,0,68,0.025597810745239258,2
439,graficon24nodi/grafo1950.24,21,24,27,39,42,1.0,1,51,0.09008359909057617,2
440,graficon25nodi/grafo2067.25,21,25,28,38,41,1.0,1,31,0.03355884552001953,2
441,graficon15nodi/grafo2448.15,21,15,23,38,46,2.0,2,68,0.04664254188537598,2
442,graficon26nodi/grafo1273.26,21,26,27,36,37,0.0,0,68,0.03523898124694824,2
443,graficon32nodi/grafo11397.32,21,32,33,37,38,0.0,0,34,0.018100738525390625,2
444,graficon33nodi/grafo11023.33,21,33,33,36,36,0.0,0,25,0.010434865951538086,2
445,graficon33nodi/grafo11026.33,21,33,36,39,42,1.0,3,60,0.08577489852905273,2
446,graficon17nodi/grafo945.17,21,17,22,36,41,0.0,0,56,0.02649521827697754,2
447,graficon25nodi/grafo584.25,21,25,29,35,39,2.0,4,107,0.12874269485473633,2
448,graficon12nodi/grafo2426.12,21,12,18,38,44,0.0,0,47,0.022263765335083008,2
449,graficon18nodi/grafo2731.18,21,18,23,35,40,0.0,0,41,0.018349170684814453,2
450,graficon23nodi/grafo2217.23,21,23,29,35,41,2.0,10,53,0.2818939685821533,2
451,graficon26nodi/grafo2108.26,21,26,35,41,50,3.0,11,78,0.2589554786682129,2
452,graficon31nodi/grafo11581.31,21,31,36,42,47,2.0,4,107,0.15910673141479492,2
453,graficon25nodi/grafo1271.25,21,25,30,40,45,2.0,3,77,0.06714773178100586,2
454,graficon31nodi/grafo11454.31,21,31,36,42,47,2.0,4,107,0.15758252143859863,2
455,graficon25nodi/grafo163.25,21,25,37,44,56,4.0,28,203,1.471796989440918,2
456,graficon19nodi/grafo950.19,21,19,23,43,47,0.0,0,37,0.027310848236083984,2
457,graficon30nodi/grafo1252.30,21,30,34,43,47,0.0,0,59,0.02988719940185547,2
458,graficon27nodi/grafo1217.27,21,27,29,42,44,0.0,0,60,0.02922987937927246,2
459,graficon34nodi/grafo11331.34,21,34,41,43,50,1.0,3,59,0.07325983047485352,2
460,graficon20nodi/grafo1873.20,21,20,27,40,47,2.0,7,65,0.16686534881591797,2
461,graficon34nodi/grafo5197.34,21,34,36,43,45,0.0,0,39,0.024280786514282227,2
462,graficon28nodi/grafo1615.28,21,28,35,43,50,3.0,9,119,0.3694155216217041,2
463,graficon27nodi/grafo3039.27,21,27,31,44,48,1.0,1,55,0.018407106399536133,2
464,graficon37nodi/grafo2519.37,21,37,39,44,46,0.0,0,95,0.08318567276000977,2
465,graficon27nodi/grafo2037.27,21,27,31,42,46,1.0,2,81,0.12404036521911621,2
466,graficon20nodi/grafo1757.20,21,20,25,41,46,1.0,1,43,0.022017717361450195,2
467,graficon23nodi/grafo551.23,21,23,29,43,49,0.0,0,68,0.02692389488220215,2
468,graficon32nodi/grafo10795.32,21,32,35,43,46,1.0,1,99,0.06687283515930176,2
469,graficon33nodi/grafo5994.33,21,33,36,42,45,0.0,0,51,0.017884254455566406,2
470,graficon23nodi/grafo2712.23,21,23,30,40,47,1.0,1,65,0.04194307327270508,2
471,graficon22nodi/grafo1894.22,21,22,30,40,48,1.0,6,91,0.05831766128540039,2
472,graficon28nodi/grafo1190.28,21,28,31,43,46,1.0,3,95,0.09209561347961426,2
473,graficon32nodi/grafo1455.32,21,32,38,43,49,2.0,2,99,0.14006471633911133,2
474,graficon18nodi/grafo1086.18,21,18,26,41,49,1.0,1,67,0.06069374084472656,2
475,graficon34nodi/grafo9918.34,21,34,34,43,43,0.0,0,20,0.008479118347167969,2
476,graficon32nodi/grafo1226.32,21,32,34,43,45,1.0,1,47,0.0373685359954834,2
477,graficon35nodi/grafo7133.35,21,35,38,43,46,2.0,3,62,0.10803961753845215,2
478,graficon34nodi/grafo11544.34,21,34,34,43,43,0.0,0,20,0.006201744079589844,2
479,graficon14nodi/grafo2738.14,21,14,23,40,49,1.0,1,65,0.046701908111572266,2
480,graficon27nodi/grafo2958.27,21,27,32,42,47,0.0,0,48,0.02878594398498535,2
481,graficon31nodi/grafo3686.31,21,31,36,42,47,2.0,4,107,0.18712973594665527,2
482,graficon14nodi/grafo701.14,21,14,20,42,48,1.0,1,43,0.0316007137298584,2
483,graficon33nodi/grafo9921.33,21,33,36,43,46,1.0,1,47,0.04862689971923828,2
484,graficon27nodi/grafo2876.27,21,27,32,41,46,1.0,2,75,0.04559016227722168,2
485,graficon25nodi/grafo1234.25,21,25,33,42,50,1.0,2,105,0.18380308151245117,2
486,graficon26nodi/grafo1285.26,21,26,30,42,46,1.0,2,37,0.06084871292114258,2
487,graficon30nodi/grafo2365.30,21,30,34,40,44,2.0,4,111,0.24015045166015625,2
488,graficon26nodi/grafo798.26,21,26,32,41,47,1.0,6,71,0.18336081504821777,2
489,graficon21nodi/grafo1682.21,21,21,41,43,63,7.0,39,182,1.825451135635376,2
490,graficon32nodi/grafo5244.32,21,32,38,42,48,0.0,0,36,0.015291690826416016,2
491,graficon23nodi/grafo2854.23,21,23,29,44,50,2.0,2,58,0.14777302742004395,2
492,graficon32nodi/grafo1053.32,21,32,41,43,52,2.0,6,172,0.2035825252532959,2
493,graficon21nodi/grafo2756.21,21,21,26,40,45,1.0,2,43,0.05254054069519043,2
494,graficon22nodi/grafo1503.22,21,22,26,44,48,0.0,0,35,0.013299703598022461,2
495,graficon22nodi/grafo2370.22,21,22,28,41,47,1.0,1,37,0.01694202423095703,2
496,graficon23nodi/grafo2769.23,21,23,27,44,48,1.0,2,57,0.08117151260375977,2
497,graficon28nodi/grafo124.28,21,28,29,41,42,1.0,1,38,0.013247966766357422,2
498,graficon31nodi/grafo9916.31,21,31,36,42,47,2.0,4,107,0.17914271354675293,2
499,graficon33nodi/grafo11631.33,21,33,43,41,51,1.0,3,73,0.08270049095153809,2
500,graficon30nodi/grafo1256.30,21,30,33,40,43,0.0,0,53,0.02577686309814453,2
501,graficon32nodi/grafo10231.32,21,32,35,43,46,0.0,0,50,0.015202522277832031,2
502,graficon34nodi/grafo11277.34,21,34,35,41,42,0.0,0,33,0.013758420944213867,2
503,graficon34nodi/grafo2464.34,21,34,38,44,48,1.0,6,101,0.23639488220214844,2
504,graficon27nodi/grafo1199.27,21,27,30,40,43,0.0,0,24,0.0057277679443359375,2
505,graficon25nodi/grafo1614.25,21,25,27,41,43,1.0,1,72,0.03829789161682129,2
506,graficon29nodi/grafo1376.29,21,29,34,42,47,1.0,3,87,0.1390833854675293,2
507,graficon35nodi/grafo3480.35,21,35,35,44,44,0.0,0,80,0.02077794075012207,2
508,graficon29nodi/grafo1587.29,21,29,35,42,48,1.0,1,108,0.07475113868713379,2
509,graficon34nodi/grafo6050.34,21,34,41,43,50,2.0,3,56,0.04571127891540527,2
510,graficon25nodi/grafo2755.25,21,25,32,42,49,1.0,5,54,0.1796414852142334,2
511,graficon23nodi/grafo2853.23,21,23,34,40,51,3.0,17,114,0.547443151473999,2
512,graficon34nodi/grafo10281.34,21,34,41,42,49,1.0,1,63,0.029938220977783203,2
513,graficon34nodi/grafo11630.34,21,34,40,44,50,1.0,1,92,0.03744912147521973,2
514,graficon28nodi/grafo2436.28,21,28,37,44,53,2.0,8,131,0.5769228935241699,2
515,graficon34nodi/grafo9878.34,21,34,39,41,46,1.0,2,66,0.07351160049438477,2
516,graficon32nodi/grafo3901.32,21,32,38,42,48,1.0,3,88,0.0939948558807373,2
517,graficon35nodi/grafo11455.35,21,35,35,42,42,0.0,0,46,0.023267030715942383,2
518,graficon28nodi/grafo296.28,21,28,36,43,51,2.0,13,113,0.3476846218109131,2
519,graficon25nodi/grafo1251.25,21,25,26,40,41,0.0,0,28,0.014165401458740234,2
520,graficon34nodi/grafo11319.34,21,34,40,42,48,2.0,3,85,0.1200706958770752,2
521,graficon34nodi/grafo11660.34,21,34,36,43,45,1.0,1,95,0.06382465362548828,2
522,graficon31nodi/grafo2394.31,21,31,36,43,48,2.0,5,122,0.2577688694000244,2
523,graficon26nodi/grafo1218.26,21,26,28,42,44,0.0,0,62,0.039071083068847656,2
524,graficon37nodi/grafo6342.37,21,37,42,44,49,2.0,8,112,0.3894672393798828,2
525,graficon28nodi/grafo1311.28,21,28,34,42,48,2.0,5,93,0.22231435775756836,2
526,graficon19nodi/grafo1826.19,21,19,27,46,54,2.0,2,69,0.08829236030578613,2
527,graficon14nodi/grafo1951.14,21,14,25,46,57,1.0,3,78,0.09795570373535156,2
528,graficon37nodi/grafo3547.37,21,37,38,49,50,0.0,0,35,0.0274355411529541,2
529,graficon34nodi/grafo11207.34,21,34,38,48,52,2.0,4,65,0.11417770385742188,2
530,graficon31nodi/grafo10887.31,21,31,36,46,51,0.0,0,49,0.03399085998535156,2
531,graficon32nodi/grafo1255.32,21,32,37,46,51,1.0,1,57,0.03752326965332031,2
532,graficon28nodi/grafo1840.28,21,28,34,48,54,1.0,4,58,0.10844635963439941,2
533,graficon21nodi/grafo630.21,21,21,28,45,52,1.0,1,47,0.05025744438171387,2
534,graficon26nodi/grafo3044.26,21,26,34,48,56,1.0,3,82,0.16981744766235352,2
535,graficon23nodi/grafo1806.23,21,23,28,48,53,0.0,0,45,0.0454404354095459,2
536,graficon31nodi/grafo10458.31,21,31,36,46,51,0.0,0,49,0.02055191993713379,2
537,graficon35nodi/grafo10620.35,21,35,41,46,52,1.0,3,109,0.13580083847045898,2
538,graficon22nodi/grafo249.22,21,22,31,46,55,1.0,4,92,0.23447155952453613,2
539,graficon32nodi/grafo745.32,21,32,36,45,49,0.0,0,86,0.04292440414428711,2
540,graficon35nodi/grafo5759.35,21,35,39,45,49,1.0,1,32,0.021039485931396484,2
541,graficon33nodi/grafo11516.33,21,33,42,45,54,1.0,4,58,0.20784235000610352,2
542,graficon25nodi/grafo2437.25,21,25,30,48,53,1.0,1,37,0.017842769622802734,2
543,graficon31nodi/grafo1301.31,21,31,40,47,56,2.0,8,134,0.43233203887939453,2
544,graficon38nodi/grafo3332.38,21,38,43,45,50,2.0,2,158,0.17573881149291992,2
545,graficon22nodi/grafo2748.22,21,22,29,45,52,0.0,0,83,0.05241227149963379,2
546,graficon27nodi/grafo1253.27,21,27,32,45,50,1.0,2,117,0.12802958488464355,2
547,graficon36nodi/grafo3862.36,21,36,41,46,51,1.0,4,74,0.09434199333190918,2
548,graficon28nodi/grafo1202.28,21,28,36,45,53,2.0,4,84,0.11265397071838379,2
549,graficon37nodi/grafo5957.37,21,37,39,48,50,0.0,0,142,0.0695803165435791,2
550,graficon38nodi/grafo6734.38,21,38,41,45,48,1.0,1,97,0.1163492202758789,2
551,graficon36nodi/grafo5561.36,21,36,38,47,49,0.0,0,36,0.014928579330444336,2
552,graficon31nodi/grafo10011.31,21,31,36,46,51,0.0,0,49,0.03450465202331543,2
553,graficon36nodi/grafo6066.36,21,36,39,48,51,0.0,0,80,0.055049896240234375,2
554,graficon31nodi/grafo1362.31,21,31,37,45,51,1.0,1,78,0.08185410499572754,2
555,graficon27nodi/grafo1200.27,21,27,36,46,55,0.0,0,113,0.08287811279296875,2
556,graficon39nodi/grafo6087.39,21,39,46,48,55,3.0,9,72,0.30022144317626953,2
557,graficon33nodi/grafo5247.33,21,33,38,46,51,0.0,0,33,0.01526331901550293,2
558,graficon36nodi/grafo6811.36,21,36,44,48,56,1.0,2,52,0.07630038261413574,2
559,graficon23nodi/grafo1798.23,21,23,31,48,56,1.0,3,90,0.07335305213928223,2
560,graficon27nodi/grafo2275.27,21,27,32,46,51,1.0,2,78,0.11980080604553223,2
561,graficon26nodi/grafo2981.26,21,26,36,45,55,2.0,11,144,0.12575078010559082,2
562,graficon36nodi/grafo3414.36,21,36,39,46,49,1.0,2,48,0.10078120231628418,2
563,graficon19nodi/grafo2428.19,21,19,23,45,49,1.0,1,29,0.026117801666259766,2
564,graficon35nodi/grafo10085.35,21,35,41,46,52,2.0,9,92,0.504507303237915,2
565,graficon32nodi/grafo1379.32,21,32,39,48,55,3.0,3,86,0.09788990020751953,2
566,graficon26nodi/grafo173.26,21,26,31,46,51,1.0,3,74,0.06678128242492676,2
567,graficon38nodi/grafo5236.38,21,38,43,49,54,1.0,2,49,0.04152107238769531,2
568,graficon26nodi/grafo2399.26,21,26,31,46,51,1.0,2,82,0.08286786079406738,2
569,graficon31nodi/grafo11421.31,21,31,37,46,52,2.0,4,97,0.13985109329223633,2
570,graficon40nodi/grafo7698.40,21,40,47,49,56,1.0,1,116,0.06606078147888184,2
571,graficon35nodi/grafo1925.35,21,35,36,48,49,0.0,0,71,0.0536961555480957,2
572,graficon25nodi/grafo1319.25,21,25,31,47,53,1.0,3,93,0.11706948280334473,2
573,graficon26nodi/grafo2999.26,21,26,30,45,49,1.0,2,47,0.028225183486938477,2
574,graficon21nodi/grafo1632.21,21,21,26,48,53,0.0,0,35,0.02588057518005371,2
575,graficon32nodi/grafo9975.32,21,32,39,48,55,1.0,4,115,0.17914414405822754,2
576,graficon33nodi/grafo5182.33,21,33,38,49,54,0.0,0,66,0.033360958099365234,2
577,graficon32nodi/grafo11121.32,21,32,40,47,55,2.0,4,84,0.1838984489440918,2
578,graficon35nodi/grafo6642.35,21,35,42,49,56,2.0,6,89,0.17565655708312988,2
579,graficon28nodi/grafo932.28,21,28,35,45,52,1.0,2,76,0.055830955505371094,2
580,graficon34nodi/grafo2578.34,21,34,36,48,50,1.0,1,52,0.03567957878112793,2
581,graficon33nodi/grafo11538.33,21,33,38,47,52,1.0,3,78,0.13163018226623535,2
582,graficon33nodi/grafo10562.33,21,33,39,48,54,1.0,4,103,0.18764853477478027,2
583,graficon35nodi/grafo2815.35,21,35,43,47,55,2.0,9,75,0.37770819664001465,2
584,graficon18nodi/grafo374.18,21,18,25,46,53,0.0,0,59,0.026869773864746094,2
585,graficon34nodi/grafo5148.34,21,34,37,47,50,1.0,1,74,0.054415225982666016,2
586,graficon35nodi/grafo11567.35,21,35,43,45,53,1.0,1,83,0.026380538940429688,2
587,graficon31nodi/grafo1115.31,21,31,43,45,57,2.0,12,239,0.5599944591522217,2
588,graficon34nodi/grafo2363.34,21,34,39,48,53,1.0,3,78,0.07099342346191406,2
589,graficon33nodi/grafo11375.33,21,33,39,48,54,2.0,3,90,0.14496469497680664,2
590,graficon36nodi/grafo5879.36,21,36,42,46,52,2.0,4,101,0.08588600158691406,2
591,graficon35nodi/grafo5820.35,21,35,38,45,48,1.0,1,59,0.04579520225524902,2
592,graficon17nodi/grafo678.17,21,17,25,48,56,1.0,1,58,0.024159908294677734,2
593,graficon32nodi/grafo9954.32,21,32,34,46,48,1.0,1,39,0.016662120819091797,2
594,graficon35nodi/grafo5966.35,21,35,45,47,57,3.0,10,85,0.22983551025390625,2
595,graficon35nodi/grafo5522.35,21,35,40,46,51,2.0,7,108,0.1868131160736084,2
596,graficon22nodi/grafo2807.22,21,22,27,46,51,1.0,2,34,0.05002331733703613,2
597,graficon32nodi/grafo3106.32,21,32,38,48,54,1.0,3,94,0.11785888671875,2
598,graficon36nodi/grafo5667.36,21,36,40,46,50,0.0,0,47,0.025004863739013672,2
599,graficon31nodi/grafo2262.31,21,31,40,47,56,2.0,3,101,0.1444859504699707,2
600,graficon33nodi/grafo10456.33,21,33,38,48,53,1.0,4,58,0.15809154510498047,2
601,graficon33nodi/grafo1915.33,21,33,44,54,65,1.0,2,160,0.31415486335754395,2
602,graficon36nodi/grafo3304.36,21,36,47,53,64,4.0,18,187,0.9799792766571045,2
603,graficon36nodi/grafo11296.36,21,36,44,50,58,3.0,21,162,0.5773494243621826,2
604,graficon37nodi/grafo3729.37,21,37,45,54,62,1.0,3,123,0.10682535171508789,2
605,graficon36nodi/grafo2212.36,21,36,41,54,59,1.0,2,98,0.12009954452514648,2
606,graficon31nodi/grafo1989.31,21,31,33,54,56,0.0,0,48,0.022393465042114258,2
607,graficon35nodi/grafo10658.35,21,35,41,50,56,1.0,3,89,0.11164045333862305,2
608,graficon39nodi/grafo5309.39,21,39,46,54,61,1.0,5,154,0.40348172187805176,2
609,graficon34nodi/grafo5495.34,21,34,43,53,62,2.0,8,68,0.41985106468200684,2
610,graficon37nodi/grafo3433.37,21,37,42,54,59,1.0,3,86,0.16756629943847656,2
611,graficon34nodi/grafo9882.34,21,34,39,50,55,0.0,0,72,0.028817176818847656,2
612,graficon22nodi/grafo1154.22,21,22,28,50,56,1.0,3,68,0.09319114685058594,2
613,graficon22nodi/grafo1715.22,21,22,34,54,66,1.0,3,134,0.3767971992492676,2
614,graficon36nodi/grafo3282.36,21,36,40,54,58,1.0,2,77,0.22255969047546387,2
615,graficon36nodi/grafo3153.36,21,36,43,53,60,1.0,2,84,0.12062478065490723,2
616,graficon34nodi/grafo4029.34,21,34,40,50,56,1.0,6,92,0.20524191856384277,2
617,graficon32nodi/grafo1784.32,21,32,36,52,56,1.0,3,52,0.01635575294494629,2
618,graficon33nodi/grafo2397.33,21,33,39,50,56,2.0,5,76,0.469449520111084,2
619,graficon39nodi/grafo7363.39,21,39,43,51,55,1.0,3,159,0.20450758934020996,2
620,graficon34nodi/grafo11241.34,21,34,39,50,55,0.0,0,72,0.029520273208618164,2
621,graficon31nodi/grafo1689.31,21,31,34,53,56,0.0,0,57,0.02016305923461914,2
622,graficon39nodi/grafo6808.39,21,39,45,51,57,2.0,7,105,0.2800872325897217,2
623,graficon24nodi/grafo522.24,21,24,30,51,57,2.0,4,105,0.11712861061096191,2
624,graficon25nodi/grafo2016.25,21,25,33,50,58,1.0,2,73,0.07601356506347656,2
625,graficon24nodi/grafo1667.24,21,24,29,50,55,1.0,1,44,0.019362211227416992,2
626,graficon40nodi/grafo5346.40,21,40,44,52,56,1.0,7,86,0.35138893127441406,2
627,graficon34nodi/grafo11531.34,21,34,37,50,53,1.0,1,59,0.04310011863708496,2
628,graficon23nodi/grafo1974.23,21,23,27,54,58,1.0,1,61,0.02848649024963379,2
629,graficon30nodi/grafo1183.30,21,30,39,50,59,2.0,7,105,0.5934045314788818,2
630,graficon35nodi/grafo7366.35,21,35,43,51,59,1.0,1,95,0.07114076614379883,2
631,graficon33nodi/grafo9869.33,21,33,38,50,55,1.0,2,50,0.09014248847961426,2
632,graficon38nodi/grafo3247.38,21,38,43,50,55,1.0,3,91,0.27350687980651855,2
633,graficon36nodi/grafo5319.36,21,36,44,53,61,1.0,2,155,0.1923067569732666,2
634,graficon30nodi/grafo11384.30,21,30,34,50,54,1.0,2,55,0.06300115585327148,2
635,graficon38nodi/grafo3966.38,21,38,42,54,58,1.0,4,88,0.1987454891204834,2
636,graficon32nodi/grafo3012.32,21,32,38,54,60,1.0,3,136,0.13420557975769043,2
637,graficon33nodi/grafo1174.33,21,33,41,53,61,2.0,4,116,0.30746960639953613,2
638,graficon35nodi/grafo11415.35,21,35,43,52,60,1.0,5,99,0.1162564754486084,2
639,graficon36nodi/grafo10746.36,21,36,42,54,60,0.0,0,81,0.028914451599121094,2
640,graficon38nodi/grafo6579.38,21,38,49,54,65,2.0,8,120,0.6386380195617676,2
641,graficon32nodi/grafo10058.32,21,32,40,51,59,1.0,3,76,0.09779238700866699,2
642,graficon34nodi/grafo11614.34,21,34,39,50,55,0.0,0,72,0.049944400787353516,2
643,graficon38nodi/grafo6106.38,21,38,47,53,62,2.0,12,141,1.0729360580444336,2
644,graficon26nodi/grafo309.26,21,26,36,54,64,3.0,6,107,0.2246568202972412,2
645,graficon34nodi/grafo10483.34,21,34,45,50,61,2.0,9,82,0.38602685928344727,2
646,graficon34nodi/grafo3023.34,21,34,42,54,62,1.0,2,99,0.09102058410644531,2
647,graficon35nodi/grafo11423.35,21,35,42,54,61,2.0,4,94,0.062012434005737305,2
648,graficon26nodi/grafo1952.26,21,26,31,54,59,1.0,3,71,0.10082292556762695,2
649,graficon38nodi/grafo5993.38,21,38,44,53,59,1.0,4,75,0.09408426284790039,2
650,graficon17nodi/grafo2227.17,21,17,25,50,58,1.0,2,68,0.0961904525756836,2
651,graficon34nodi/grafo2082.34,21,34,38,54,58,0.0,0,43,0.03404951095581055,2
652,graficon27nodi/grafo1746.27,21,27,38,52,63,2.0,3,108,0.10112786293029785,2
653,graficon33nodi/grafo3214.33,21,33,44,52,63,2.0,15,125,1.0172595977783203,2
654,graficon28nodi/grafo3060.28,21,28,36,51,59,1.0,4,56,0.05073237419128418,2
655,graficon24nodi/grafo1158.24,21,24,34,52,62,1.0,6,143,0.2706589698791504,2
656,graficon33nodi/grafo11638.33,21,33,38,53,58,1.0,2,76,0.098480224609375,2
657,graficon35nodi/grafo7548.35,21,35,42,54,61,1.0,1,108,0.20967888832092285,2
658,graficon34nodi/grafo5827.34,21,34,40,51,57,1.0,2,95,0.13698649406433105,2
659,graficon34nodi/grafo5485.34,21,34,43,52,61,3.0,5,79,0.38425588607788086,2
660,graficon35nodi/grafo6897.35,21,35,47,52,64,2.0,10,117,0.5658049583435059,2
661,graficon34nodi/grafo5498.34,21,34,41,54,61,1.0,4,106,0.20863914489746094,2
662,graficon34nodi/grafo5856.34,21,34,41,50,57,1.0,4,74,0.08710598945617676,2
663,graficon40nodi/grafo4073.40,21,40,42,51,53,1.0,2,130,0.3985753059387207,2
664,graficon36nodi/grafo10619.36,21,36,41,51,56,1.0,1,90,0.03931593894958496,2
665,graficon42nodi/grafo7119.42,21,42,46,50,54,1.0,2,115,0.11290097236633301,2
666,graficon36nodi/grafo11525.36,21,36,45,53,62,2.0,7,74,0.29176998138427734,2
667,graficon35nodi/grafo11234.35,21,35,35,51,51,0.0,0,23,0.015600442886352539,2
668,graficon24nodi/grafo2787.24,21,24,35,51,62,2.0,7,88,0.5103592872619629,2
669,graficon40nodi/grafo3874.40,21,40,46,50,56,1.0,4,155,0.22837233543395996,2
670,graficon28nodi/grafo1569.28,21,28,36,53,61,1.0,1,89,0.041028499603271484,2
671,graficon35nodi/grafo2098.35,21,35,42,50,57,2.0,3,50,0.10152626037597656,2
672,graficon34nodi/grafo2031.34,21,34,42,53,61,1.0,4,112,0.11559009552001953,2
673,graficon30nodi/grafo11667.30,21,30,34,52,56,0.0,0,33,0.023737668991088867,2
674,graficon30nodi/grafo1345.30,21,30,44,50,64,3.0,18,267,1.5165174007415771,2
675,graficon29nodi/grafo2054.29,21,29,35,50,56,1.0,2,46,0.03693675994873047,2
676,graficon41nodi/grafo4004.41,21,41,48,57,64,1.0,6,71,0.16422605514526367,2
677,graficon37nodi/grafo2224.37,21,37,45,58,66,2.0,13,127,0.9337913990020752,2
678,graficon34nodi/grafo6076.34,21,34,44,56,66,1.0,2,121,0.12391424179077148,2
679,graficon40nodi/grafo5714.40,21,40,52,59,71,3.0,19,210,2.1764495372772217,2
680,graficon38nodi/grafo9968.38,21,38,44,55,61,1.0,1,63,0.03803658485412598,2
681,graficon28nodi/grafo1201.28,21,28,38,58,68,2.0,5,112,0.2569730281829834,2
682,graficon35nodi/grafo10708.35,21,35,46,55,66,3.0,21,184,1.988447904586792,2
683,graficon21nodi/grafo433.21,21,21,28,55,62,1.0,5,68,0.13237786293029785,2
684,graficon34nodi/grafo5143.34,21,34,40,57,63,1.0,1,50,0.012425661087036133,2
685,graficon36nodi/grafo11677.36,21,36,49,56,69,2.0,8,115,0.3498356342315674,2
686,graficon37nodi/grafo3125.37,21,37,42,58,63,1.0,2,45,0.05860614776611328,2
687,graficon37nodi/grafo7307.37,21,37,47,55,65,1.0,3,77,0.10211372375488281,2
688,graficon37nodi/grafo6450.37,21,37,46,57,66,2.0,4,69,0.09899258613586426,2
689,graficon39nodi/grafo3679.39,21,39,43,56,60,2.0,5,86,0.4898338317871094,2
690,graficon38nodi/grafo6656.38,21,38,46,57,65,1.0,3,120,0.17329788208007812,2
691,graficon34nodi/grafo11409.34,21,34,35,56,57,1.0,1,44,0.020647764205932617,2
692,graficon38nodi/grafo6939.38,21,38,51,57,70,2.0,14,153,0.4909656047821045,2
693,graficon33nodi/grafo2687.33,21,33,46,56,69,2.0,18,225,1.8319342136383057,2
694,graficon38nodi/grafo3351.38,21,38,46,55,63,2.0,8,106,0.265916109085083,2
695,graficon37nodi/grafo7087.37,21,37,44,59,66,1.0,2,82,0.14461183547973633,2
696,graficon36nodi/grafo11468.36,21,36,47,58,69,3.0,22,163,1.5847454071044922,2
697,graficon31nodi/grafo1946.31,21,31,38,59,66,1.0,3,55,0.08160281181335449,2
698,graficon32nodi/grafo1908.32,21,32,39,55,62,1.0,3,104,0.2264091968536377,2
699,graficon40nodi/grafo3255.40,21,40,46,56,62,2.0,9,94,0.33988022804260254,2
700,graficon37nodi/grafo5301.37,21,37,44,58,65,1.0,3,77,0.18380022048950195,2
701,graficon35nodi/grafo5613.35,21,35,46,57,68,2.0,12,171,0.5324423313140869,2
702,graficon35nodi/grafo2990.35,21,35,48,59,72,3.0,15,121,1.8756616115570068,2
703,graficon43nodi/grafo6878.43,21,43,48,56,61,1.0,6,65,0.5098507404327393,2
704,graficon27nodi/grafo1390.27,21,27,39,57,69,3.0,11,126,0.46820545196533203,2
705,graficon36nodi/grafo6227.36,21,36,46,59,69,2.0,9,142,0.4809842109680176,2
706,graficon39nodi/grafo3830.39,21,39,50,58,69,2.0,6,165,0.4122469425201416,2
707,graficon37nodi/grafo6796.37,21,37,49,57,69,2.0,8,144,0.7731533050537109,2
708,graficon33nodi/grafo5872.33,21,33,39,57,63,1.0,2,50,0.08321905136108398,2
709,graficon36nodi/grafo6071.36,21,36,43,59,66,1.0,3,63,0.0856013298034668,2
710,graficon36nodi/grafo2465.36,21,36,44,58,66,2.0,6,129,0.46346545219421387,2
711,graficon38nodi/grafo7362.38,21,38,44,59,65,1.0,3,81,0.0867607593536377,2
712,graficon38nodi/grafo7290.38,21,38,47,58,67,2.0,9,153,0.53786301612854,2
713,graficon42nodi/grafo3239.42,21,42,48,56,62,1.0,4,146,0.22858929634094238,2
714,graficon44nodi/grafo3040.44,21,44,50,59,65,1.0,5,100,0.28109025955200195,2
715,graficon39nodi/grafo11577.39,21,39,49,55,65,2.0,9,118,0.6519854068756104,2
716,graficon40nodi/grafo4081.40,21,40,46,56,62,3.0,14,195,16.03384780883789,2
717,graficon42nodi/grafo6381.42,21,42,50,59,67,1.0,4,98,0.11009430885314941,2
718,graficon41nodi/grafo10067.41,21,41,47,58,64,2.0,3,73,0.0771641731262207,2
719,graficon37nodi/grafo11622.37,21,37,49,59,71,1.0,5,81,0.1184852123260498,2
720,graficon32nodi/grafo1992.32,21,32,36,57,61,1.0,2,70,0.09962320327758789,2
721,graficon38nodi/grafo6467.38,21,38,43,59,64,1.0,2,64,0.09451770782470703,2
722,graficon40nodi/grafo6922.40,21,40,47,59,66,2.0,6,96,0.32781982421875,2
723,graficon34nodi/grafo5303.34,21,34,44,59,69,1.0,2,91,0.1436476707458496,2
724,graficon34nodi/grafo11396.34,21,34,35,55,56,0.0,0,32,0.010046958923339844,2
725,graficon39nodi/grafo5122.39,21,39,51,59,71,3.0,17,223,2.460390567779541,2
726,graficon42nodi/grafo6223.42,21,42,45,59,62,1.0,2,68,0.10520553588867188,2
727,graficon40nodi/grafo2627.40,21,40,49,56,65,1.0,7,116,0.41303563117980957,2
728,graficon41nodi/grafo6876.41,21,41,50,58,67,1.0,6,96,0.16823434829711914,2
729,graficon35nodi/grafo11548.35,21,35,46,55,66,3.0,21,184,1.9563031196594238,2
730,graficon31nodi/grafo1637.31,21,31,41,56,66,2.0,10,124,0.9291741847991943,2
731,graficon38nodi/grafo3437.38,21,38,45,57,64,2.0,10,109,0.6831026077270508,2
732,graficon35nodi/grafo10135.35,21,35,43,55,63,2.0,8,123,0.3474876880645752,2
733,graficon38nodi/grafo2960.38,21,38,48,56,66,3.0,14,134,1.4277935028076172,2
734,graficon35nodi/grafo3720.35,21,35,46,59,70,3.0,6,145,0.7407016754150391,2
735,graficon36nodi/grafo6233.36,21,36,47,56,67,2.0,9,120,0.5415880680084229,2
736,graficon24nodi/grafo1966.24,21,24,34,58,68,1.0,2,88,0.12574982643127441,2
737,graficon38nodi/grafo3681.38,21,38,48,56,66,2.0,7,150,0.6905138492584229,2
738,graficon36nodi/grafo5970.36,21,36,46,57,67,2.0,11,157,1.629896640777588,2
739,graficon26nodi/grafo1272.26,21,26,34,56,64,1.0,1,96,0.08667898178100586,2
740,graficon32nodi/grafo2968.32,21,32,41,55,64,2.0,9,115,0.229811429977417,2
741,graficon34nodi/grafo5917.34,21,34,41,58,65,2.0,2,65,0.08934450149536133,2
742,graficon35nodi/grafo11344.35,21,35,40,55,60,1.0,3,84,0.08068299293518066,2
743,graficon47nodi/grafo1531.47,21,47,54,58,65,1.0,2,168,0.19867753982543945,2
744,graficon36nodi/grafo5264.36,21,36,41,59,64,0.0,0,71,0.03816962242126465,2
745,graficon36nodi/grafo7306.36,21,36,48,55,67,4.0,35,249,118.00774431228638,2
746,graficon34nodi/grafo3124.34,21,34,43,56,65,2.0,9,113,0.5964915752410889,2
747,graficon35nodi/grafo11633.35,21,35,46,56,67,2.0,7,127,1.1833839416503906,2
748,graficon40nodi/grafo6115.40,21,40,46,57,63,2.0,5,89,0.18341493606567383,2
749,graficon37nodi/grafo3554.37,21,37,41,57,61,0.0,0,71,0.04479813575744629,2
750,graficon36nodi/grafo10229.36,21,36,46,58,68,1.0,6,86,0.16844677925109863,2
751,graficon33nodi/grafo598.33,21,33,49,63,79,3.0,25,213,3.30078125,2
752,graficon44nodi/grafo7435.44,21,44,53,63,72,2.0,4,98,0.16396546363830566,2
753,graficon40nodi/grafo6485.40,21,40,51,62,73,2.0,18,108,3.3797104358673096,2
754,graficon35nodi/grafo6035.35,21,35,50,61,76,2.0,9,179,0.27907609939575195,2
755,graficon38nodi/grafo7531.38,21,38,44,61,67,2.0,3,99,0.08745217323303223,2
756,graficon37nodi/grafo11473.37,21,37,42,61,66,1.0,1,58,0.035562992095947266,2
757,graficon33nodi/grafo5821.33,21,33,43,62,72,1.0,4,90,0.05639052391052246,2
758,graficon39nodi/grafo5308.39,21,39,49,64,74,2.0,7,96,0.4187784194946289,2
759,graficon33nodi/grafo10454.33,21,33,41,61,69,1.0,3,74,0.10453248023986816,2
760,graficon42nodi/grafo7704.42,21,42,51,63,72,2.0,12,146,1.1199243068695068,2
761,graficon33nodi/grafo2654.33,21,33,49,64,80,2.0,16,165,1.454899787902832,2
762,graficon36nodi/grafo11077.36,21,36,40,63,67,1.0,1,65,0.0496828556060791,2
763,graficon37nodi/grafo5888.37,21,37,50,60,73,2.0,10,103,0.6255702972412109,2
764,graficon33nodi/grafo10732.33,21,33,37,60,64,1.0,1,77,0.09354805946350098,2
765,graficon25nodi/grafo2301.25,21,25,37,61,73,1.0,1,103,0.1033790111541748,2
766,graficon43nodi/grafo7428.43,21,43,52,60,69,1.0,6,147,0.3024482727050781,2
767,graficon32nodi/grafo2991.32,21,32,43,61,72,2.0,7,162,0.37984538078308105,2
768,graficon41nodi/grafo3498.41,21,41,53,63,75,2.0,14,160,1.3358049392700195,2
769,graficon36nodi/grafo11414.36,21,36,47,62,73,2.0,9,99,0.2176811695098877,2
770,graficon35nodi/grafo10841.35,21,35,45,62,72,2.0,9,129,0.5281722545623779,2
771,graficon38nodi/grafo2959.38,21,38,48,61,71,2.0,7,101,0.4717411994934082,2
772,graficon30nodi/grafo359.30,21,30,37,60,67,2.0,4,55,0.12523198127746582,2
773,graficon37nodi/grafo1555.37,21,37,48,61,72,3.0,17,134,2.573946714401245,2
774,graficon37nodi/grafo2398.37,21,37,47,64,74,2.0,11,151,0.528613805770874,2
775,graficon40nodi/grafo2729.40,21,40,46,64,70,1.0,4,99,0.2565956115722656,2
776,graficon42nodi/grafo3325.42,21,42,52,64,74,2.0,6,138,0.5462751388549805,2
777,graficon36nodi/grafo10462.36,21,36,40,61,65,0.0,0,34,0.020751476287841797,2
778,graficon39nodi/grafo7630.39,21,39,46,62,69,2.0,9,110,0.9029884338378906,2
779,graficon30nodi/grafo2012.30,21,30,46,64,80,3.0,17,192,2.3351283073425293,2
780,graficon48nodi/grafo1669.48,21,48,59,62,73,3.0,16,270,3.835930347442627,2
781,graficon40nodi/grafo3116.40,21,40,47,64,71,1.0,6,156,0.2505314350128174,2
782,graficon41nodi/grafo4047.41,21,41,48,63,70,1.0,1,104,0.10275650024414062,2
783,graficon44nodi/grafo3971.44,21,44,48,64,68,1.0,2,99,0.2266674041748047,2
784,graficon36nodi/grafo6093.36,21,36,43,63,70,1.0,7,66,0.40056276321411133,2
785,graficon39nodi/grafo6244.39,21,39,52,64,77,3.0,14,202,2.0913665294647217,2
786,graficon34nodi/grafo5991.34,21,34,41,60,67,1.0,2,89,0.12549424171447754,2
787,graficon38nodi/grafo5998.38,21,38,44,60,66,1.0,1,88,0.07119369506835938,2
788,graficon32nodi/grafo5807.32,21,32,41,64,73,1.0,2,64,0.11662101745605469,2
789,graficon29nodi/grafo2811.29,21,29,40,62,73,2.0,10,98,0.3515005111694336,2
790,graficon33nodi/grafo11643.33,21,33,37,60,64,1.0,1,77,0.08269214630126953,2
791,graficon45nodi/grafo7711.45,21,45,53,64,72,1.0,3,82,0.2903428077697754,2
792,graficon35nodi/grafo3483.35,21,35,41,61,67,1.0,4,76,0.15434050559997559,2
793,graficon37nodi/grafo7410.37,21,37,51,61,75,3.0,17,138,2.350069761276245,2
794,graficon39nodi/grafo3792.39,21,39,49,61,71,2.0,8,130,0.863196849822998,2
795,graficon46nodi/grafo7281.46,21,46,54,61,69,2.0,10,148,0.7462601661682129,2
796,graficon41nodi/grafo7033.41,21,41,48,60,67,2.0,9,112,0.8937435150146484,2
797,graficon37nodi/grafo6905.37,21,37,48,63,74,2.0,11,103,1.024132251739502,2
798,graficon33nodi/grafo1668.33,21,33,41,63,71,2.0,7,75,0.5492877960205078,2
799,graficon43nodi/grafo4042.43,21,43,47,60,64,0.0,0,100,0.06391739845275879,2
800,graficon37nodi/grafo3728.37,21,37,47,63,73,2.0,7,97,0.8594303131103516,2
801,graficon37nodi/grafo6219.37,21,37,45,62,70,2.0,4,114,0.1618361473083496,2
802,graficon37nodi/grafo2761.37,21,37,45,60,68,2.0,5,138,0.1652233600616455,2
803,graficon35nodi/grafo6010.35,21,35,44,60,69,2.0,8,114,0.4718472957611084,2
804,graficon41nodi/grafo5637.41,21,41,49,61,69,2.0,6,153,0.35050320625305176,2
805,graficon36nodi/grafo5783.36,21,36,46,62,72,2.0,7,95,0.41870975494384766,2
806,graficon42nodi/grafo5250.42,21,42,51,64,73,2.0,8,118,0.7798514366149902,2
807,graficon38nodi/grafo11452.38,21,38,50,62,74,3.0,20,142,3.673370122909546,2
808,graficon41nodi/grafo11172.41,21,41,51,62,72,2.0,8,128,1.0180211067199707,2
809,graficon37nodi/grafo7650.37,21,37,52,63,78,2.0,9,214,0.7306387424468994,2
810,graficon33nodi/grafo11527.33,21,33,40,62,69,1.0,3,98,0.10991501808166504,2
811,graficon40nodi/grafo6142.40,21,40,49,64,73,2.0,9,115,0.7136368751525879,2
812,graficon36nodi/grafo5809.36,21,36,45,63,72,2.0,9,149,0.5718727111816406,2
813,graficon40nodi/grafo5426.40,21,40,50,62,72,3.0,15,273,5.150167465209961,2
814,graficon34nodi/grafo3076.34,21,34,39,61,66,1.0,2,58,0.12370562553405762,2
815,graficon39nodi/grafo7374.39,21,39,51,62,74,3.0,19,177,2.5210375785827637,2
816,graficon40nodi/grafo7706.40,21,40,51,60,71,3.0,16,142,1.1179635524749756,2
817,graficon44nodi/grafo3602.44,21,44,53,62,71,2.0,14,222,1.4313228130340576,2
818,graficon43nodi/grafo7484.43,21,43,49,63,69,1.0,4,135,0.3223228454589844,2
819,graficon37nodi/grafo11410.37,21,37,45,64,72,2.0,4,86,0.10985589027404785,2
820,graficon35nodi/grafo6104.35,21,35,40,63,68,1.0,1,87,0.08476042747497559,2
821,graficon36nodi/grafo5360.36,21,36,44,62,70,2.0,6,75,0.5709762573242188,2
822,graficon38nodi/grafo5222.38,21,38,43,62,67,2.0,3,96,0.23967981338500977,2
823,graficon36nodi/grafo11309.36,21,36,46,61,71,2.0,14,168,0.8231203556060791,2
824,graficon36nodi/grafo5457.36,21,36,43,61,68,2.0,4,63,0.1522355079650879,2
825,graficon37nodi/grafo7092.37,21,37,47,61,71,3.0,20,214,1.919703722000122,2
826,graficon38nodi/grafo1999.38,21,38,45,68,75,1.0,2,75,0.07638263702392578,2
827,graficon38nodi/grafo7684.38,21,38,54,68,84,3.0,18,261,2.023704767227173,2
828,graficon43nodi/grafo3669.43,21,43,52,67,76,1.0,6,229,1.1869194507598877,2
829,graficon40nodi/grafo11665.40,21,40,48,68,76,2.0,10,99,0.6893854141235352,2
830,graficon39nodi/grafo10234.39,21,39,51,69,81,2.0,15,111,0.9678609371185303,2
831,graficon40nodi/grafo6382.40,21,40,52,65,77,3.0,13,170,1.024369716644287,2
832,graficon44nodi/grafo7013.44,21,44,53,69,78,1.0,1,105,0.060846805572509766,2
833,graficon37nodi/grafo3341.37,21,37,50,66,79,3.0,14,190,1.5041556358337402,2
834,graficon40nodi/grafo5504.40,21,40,53,66,79,2.0,11,156,0.8720574378967285,2
835,graficon44nodi/grafo1219.44,21,44,48,66,70,0.0,0,65,0.030568838119506836,2
836,graficon29nodi/grafo3034.29,21,29,40,65,76,1.0,4,168,0.18216705322265625,2
837,graficon44nodi/grafo3831.44,21,44,52,67,75,2.0,9,183,1.8713476657867432,2
838,graficon35nodi/grafo3068.35,21,35,50,67,82,3.0,18,202,3.782893657684326,2
839,graficon40nodi/grafo9898.40,21,40,50,68,78,2.0,9,97,0.63639235496521,2
840,graficon37nodi/grafo6847.37,21,37,47,67,77,1.0,2,140,0.18361377716064453,2
841,graficon40nodi/grafo5327.40,21,40,47,68,75,2.0,4,117,0.29581236839294434,2
842,graficon44nodi/grafo6266.44,21,44,60,68,84,3.0,26,197,7.113545656204224,2
843,graficon39nodi/grafo6848.39,21,39,52,67,80,2.0,9,182,0.8941504955291748,2
844,graficon30nodi/grafo2030.30,21,30,44,66,80,2.0,16,172,1.6482527256011963,2
845,graficon40nodi/grafo6167.40,21,40,57,66,83,3.0,24,237,6.694966077804565,2
846,graficon39nodi/grafo2148.39,21,39,45,67,73,1.0,3,103,0.1372818946838379,2
847,graficon36nodi/grafo3734.36,21,36,46,67,77,1.0,6,209,0.8121480941772461,2
848,graficon39nodi/grafo5789.39,21,39,58,69,88,3.0,27,171,3.9695284366607666,2
849,graficon29nodi/grafo1284.29,21,29,40,65,76,2.0,6,139,0.250077486038208,2
850,graficon45nodi/grafo7024.45,21,45,50,65,70,1.0,5,78,0.2055058479309082,2
851,graficon33nodi/grafo5203.33,21,33,41,68,76,1.0,5,64,0.14670586585998535,2
852,graficon34nodi/grafo6218.34,21,34,40,65,71,1.0,3,76,0.10897231101989746,2
853,graficon43nodi/grafo7073.43,21,43,51,69,77,2.0,8,111,0.4511110782623291,2
854,graficon42nodi/grafo5867.42,21,42,52,69,79,3.0,14,238,1.4248344898223877,2
855,graficon36nodi/grafo7509.36,21,36,45,69,78,2.0,6,93,0.6120686531066895,2
856,graficon37nodi/grafo7743.37,21,37,55,68,86,3.0,24,240,1.1257643699645996,2
857,graficon44nodi/grafo6915.44,21,44,58,68,82,3.0,20,138,2.246548891067505,2
858,graficon40nodi/grafo7570.40,21,40,52,68,80,2.0,15,167,1.185703992843628,2
859,graficon33nodi/grafo5787.33,21,33,40,66,73,1.0,2,44,0.0890052318572998,2
860,graficon34nodi/grafo11517.34,21,34,44,69,79,1.0,5,123,0.5949304103851318,2
861,graficon49nodi/grafo1560.49,21,49,59,68,78,3.0,10,118,0.7628140449523926,2
862,graficon47nodi/grafo3121.47,21,47,54,65,72,1.0,3,204,0.47133612632751465,2
863,graficon38nodi/grafo2052.38,21,38,50,67,79,3.0,15,99,1.495124340057373,2
864,graficon41nodi/grafo3794.41,21,41,52,65,76,3.0,20,173,1.4613850116729736,2
865,graficon38nodi/grafo3964.38,21,38,48,69,79,2.0,6,159,0.46959543228149414,2
866,graficon39nodi/grafo7264.39,21,39,51,67,79,3.0,24,186,1.4895002841949463,2
867,graficon38nodi/grafo3752.38,21,38,46,65,73,2.0,4,108,0.4110739231109619,2
868,graficon37nodi/grafo3576.37,21,37,49,69,81,3.0,14,165,1.3240783214569092,2
869,graficon38nodi/grafo5949.38,21,38,50,66,78,2.0,4,194,0.5410251617431641,2
870,graficon29nodi/grafo2639.29,21,29,43,67,81,3.0,6,228,0.6446480751037598,2
871,graficon38nodi/grafo11575.38,21,38,46,66,74,2.0,13,102,0.9023504257202148,2
872,graficon38nodi/grafo3321.38,21,38,53,66,81,2.0,16,186,0.6467955112457275,2
873,graficon31nodi/grafo1429.31,21,31,45,65,79,2.0,16,177,0.6797366142272949,2
874,graficon38nodi/grafo4013.38,21,38,49,67,78,2.0,9,129,0.6137080192565918,2
875,graficon28nodi/grafo1339.28,21,28,41,67,80,3.0,15,180,1.168091058731079,2
876,graficon35nodi/grafo2020.35,21,35,43,68,76,1.0,1,90,0.04215049743652344,2
877,graficon40nodi/grafo7409.40,21,40,48,65,73,2.0,5,100,0.3065001964569092,2
878,graficon42nodi/grafo6141.42,21,42,53,68,79,2.0,15,123,1.2997732162475586,2
879,graficon38nodi/grafo3932.38,21,38,48,69,79,1.0,5,166,0.3473989963531494,2
880,graficon38nodi/grafo2986.38,21,38,50,67,79,3.0,18,154,3.3549933433532715,2
881,graficon42nodi/grafo5771.42,21,42,51,68,77,1.0,6,127,0.44130659103393555,2
882,graficon45nodi/grafo7734.45,21,45,55,68,78,2.0,14,144,1.048316478729248,2
883,graficon42nodi/grafo3094.42,21,42,49,69,76,1.0,2,115,0.16967201232910156,2
884,graficon38nodi/grafo819.38,21,38,49,68,79,3.0,15,156,0.7298614978790283,2
885,graficon39nodi/grafo6923.39,21,39,48,67,76,2.0,10,163,1.3776328563690186,2
886,graficon33nodi/grafo10400.33,21,33,38,68,73,1.0,1,75,0.06938648223876953,2
887,graficon36nodi/grafo11346.36,21,36,49,69,82,2.0,12,104,0.3445169925689697,2
888,graficon39nodi/grafo11565.39,21,39,45,65,71,1.0,4,69,0.18552207946777344,2
889,graficon50nodi/grafo1494.50,21,50,57,68,75,2.0,10,132,1.252072811126709,2
890,graficon38nodi/grafo10455.38,21,38,42,67,71,1.0,1,51,0.038489341735839844,2
891,graficon38nodi/grafo9852.38,21,38,48,66,76,2.0,8,124,0.5047793388366699,2
892,graficon45nodi/grafo5975.45,21,45,52,66,73,1.0,6,122,0.6712210178375244,2
893,graficon39nodi/grafo4061.39,21,39,47,69,77,2.0,6,112,0.15058207511901855,2
894,graficon40nodi/grafo6955.40,21,40,52,69,81,2.0,9,146,1.3626556396484375,2
895,graficon41nodi/grafo7624.41,21,41,54,69,82,3.0,13,249,4.007047891616821,2
896,graficon35nodi/grafo6116.35,21,35,43,69,77,1.0,6,90,0.19988632202148438,2
897,graficon51nodi/grafo1404.51,21,51,70,69,88,4.0,45,348,10.860578536987305,2
898,graficon36nodi/grafo7553.36,21,36,52,69,85,2.0,18,160,1.363661527633667,2
899,graficon40nodi/grafo3711.40,21,40,53,68,81,2.0,3,188,0.30765366554260254,2
900,graficon37nodi/grafo2099.37,21,37,44,69,76,0.0,0,64,0.03181004524230957,2
901,graficon40nodi/grafo3916.40,21,40,51,71,82,2.0,7,134,0.842731237411499,2
902,graficon39nodi/grafo227.39,21,39,47,72,80,1.0,4,109,0.26516056060791016,2
903,graficon44nodi/grafo7217.44,21,44,53,70,79,2.0,8,160,0.5588781833648682,2
904,graficon35nodi/grafo10277.35,21,35,45,71,81,2.0,9,167,0.8300836086273193,2
905,graficon37nodi/grafo2678.37,21,37,45,74,82,1.0,2,112,0.22516894340515137,2
906,graficon44nodi/grafo3432.44,21,44,55,72,83,1.0,9,101,0.2692685127258301,2
907,graficon43nodi/grafo7404.43,21,43,55,73,85,2.0,9,182,0.8817918300628662,2
908,graficon47nodi/grafo6168.47,21,47,50,70,73,1.0,1,148,0.07535600662231445,2
909,graficon44nodi/grafo5590.44,21,44,49,72,77,1.0,1,65,0.03752541542053223,2
910,graficon37nodi/grafo3954.37,21,37,50,70,83,3.0,14,143,1.1121103763580322,2
911,graficon40nodi/grafo490.40,21,40,45,71,76,1.0,1,61,0.03408980369567871,2
912,graficon38nodi/grafo3708.38,21,38,53,74,89,2.0,8,169,0.5360538959503174,2
913,graficon34nodi/grafo10511.34,21,34,41,71,78,2.0,3,88,0.16759204864501953,2
914,graficon39nodi/grafo11357.39,21,39,48,71,80,2.0,9,110,0.5209019184112549,2
915,graficon49nodi/grafo6373.49,21,49,56,73,80,2.0,11,149,0.8727712631225586,2
916,graficon41nodi/grafo7372.41,21,41,55,71,85,2.0,15,291,2.167515993118286,2
917,graficon47nodi/grafo3806.47,21,47,52,71,76,1.0,3,118,0.1799607276916504,2
918,graficon40nodi/grafo7285.40,21,40,56,70,86,3.0,21,237,2.4959499835968018,2
919,graficon36nodi/grafo5124.36,21,36,43,70,77,2.0,4,102,1.391634464263916,2
920,graficon38nodi/grafo3457.38,21,38,43,70,75,1.0,1,64,0.0518803596496582,2
921,graficon40nodi/grafo3539.40,21,40,57,72,89,3.0,20,199,2.184358835220337,2
922,graficon39nodi/grafo3391.39,21,39,61,71,93,5.0,45,356,6.696033477783203,2
923,graficon38nodi/grafo6480.38,21,38,50,70,82,2.0,12,122,0.68039870262146,2
924,graficon42nodi/grafo3820.42,21,42,52,70,80,2.0,6,148,0.664759635925293,2
925,graficon40nodi/grafo11283.40,21,40,52,74,86,2.0,13,134,1.6773972511291504,2
926,graficon48nodi/grafo1535.48,21,48,53,72,77,1.0,1,107,0.046845197677612305,2
927,graficon44nodi/grafo11640.44,21,44,59,73,88,3.0,17,216,4.457970142364502,2
928,graficon30nodi/grafo1810.30,21,30,40,73,83,2.0,4,120,0.2959432601928711,2
929,graficon38nodi/grafo10767.38,21,38,50,72,84,2.0,8,232,1.2903163433074951,2
930,graficon39nodi/grafo10062.39,21,39,44,74,79,1.0,6,94,0.41356801986694336,2
931,graficon42nodi/grafo6171.42,21,42,59,73,90,3.0,20,203,28.52132773399353,2
932,graficon41nodi/grafo7074.41,21,41,50,72,81,1.0,1,129,0.0705413818359375,2
933,graficon42nodi/grafo6304.42,21,42,55,73,86,2.0,15,258,0.996190071105957,2
934,graficon43nodi/grafo3801.43,21,43,52,70,79,1.0,5,98,0.17844676971435547,2
935,graficon40nodi/grafo3538.40,21,40,46,72,78,1.0,3,92,0.32047367095947266,2
936,graficon38nodi/grafo10567.38,21,38,47,74,83,3.0,9,191,1.1299684047698975,2
937,graficon37nodi/grafo3445.37,21,37,46,73,82,2.0,8,79,0.4356038570404053,2
938,graficon37nodi/grafo11122.37,21,37,44,74,81,2.0,8,96,0.978726863861084,2
939,graficon35nodi/grafo3499.35,21,35,47,70,82,2.0,10,119,0.19885611534118652,2
940,graficon42nodi/grafo7296.42,21,42,56,73,87,2.0,13,133,1.2749881744384766,2
941,graficon38nodi/grafo10027.38,21,38,50,74,86,2.0,9,136,0.7221400737762451,2
942,graficon40nodi/grafo6207.40,21,40,52,72,84,3.0,12,159,1.33835768699646,2
943,graficon35nodi/grafo3006.35,21,35,44,70,79,1.0,3,105,0.1637554168701172,2
944,graficon56nodi/grafo5979.56,21,56,69,72,85,3.0,24,413,8.783875703811646,2
945,graficon39nodi/grafo7283.39,21,39,50,74,85,2.0,13,167,2.0469751358032227,2
946,graficon40nodi/grafo3229.40,21,40,48,74,82,1.0,3,81,0.21223998069763184,2
947,graficon37nodi/grafo2528.37,21,37,50,70,83,2.0,7,143,0.7302777767181396,2
948,graficon40nodi/grafo2963.40,21,40,49,70,79,2.0,7,143,0.765559196472168,2
949,graficon37nodi/grafo11238.37,21,37,47,70,80,1.0,6,146,0.188948392868042,2
950,graficon34nodi/grafo5693.34,21,34,46,73,85,2.0,5,112,0.5273983478546143,2
951,graficon45nodi/grafo5623.45,21,45,55,74,84,1.0,2,194,0.9987871646881104,2
952,graficon38nodi/grafo1157.38,21,38,48,73,83,2.0,6,80,0.2092137336730957,2
953,graficon36nodi/grafo9862.36,21,36,51,74,89,2.0,11,156,1.5512676239013672,2
954,graficon39nodi/grafo10505.39,21,39,52,70,83,3.0,12,171,2.325693130493164,2
955,graficon34nodi/grafo9934.34,21,34,40,73,79,0.0,0,40,0.02899622917175293,2
956,graficon42nodi/grafo7692.42,21,42,54,74,86,2.0,10,138,0.9038045406341553,2
957,graficon41nodi/grafo7635.41,21,41,53,71,83,3.0,25,174,12.291901588439941,2
958,graficon39nodi/grafo3849.39,21,39,50,71,82,3.0,9,250,1.6061396598815918,2
959,graficon40nodi/grafo3287.40,21,40,52,71,83,2.0,11,148,1.3425869941711426,2
960,graficon56nodi/grafo7164.56,21,56,68,70,82,2.0,10,157,1.899646282196045,2
961,graficon43nodi/grafo7403.43,21,43,57,70,84,3.0,26,191,7.0008509159088135,2
962,graficon39nodi/grafo6476.39,21,39,50,73,84,3.0,15,93,0.5610125064849854,2
963,graficon41nodi/grafo5344.41,21,41,52,73,84,2.0,8,108,0.548020601272583,2
964,graficon35nodi/grafo7560.35,21,35,45,72,82,1.0,6,78,0.32025837898254395,2
965,graficon39nodi/grafo11552.39,21,39,47,71,79,1.0,4,139,0.4181938171386719,2
966,graficon42nodi/grafo3865.42,21,42,56,73,87,2.0,17,142,2.0266668796539307,2
967,graficon46nodi/grafo1581.46,21,46,52,71,77,1.0,2,116,0.3976249694824219,2
968,graficon38nodi/grafo7187.38,21,38,52,74,88,2.0,21,233,3.3896212577819824,2
969,graficon57nodi/grafo5041.57,21,57,63,74,80,1.0,4,294,0.9988501071929932,2
970,graficon37nodi/grafo7512.37,21,37,45,71,79,2.0,2,120,0.16588544845581055,2
971,graficon39nodi/grafo7479.39,21,39,53,70,84,2.0,14,147,1.2861199378967285,2
972,graficon46nodi/grafo5905.46,21,46,56,74,84,1.0,8,156,0.9191994667053223,2
973,graficon40nodi/grafo3387.40,21,40,53,74,87,3.0,18,176,3.989433765411377,2
974,graficon38nodi/grafo3915.38,21,38,44,71,77,1.0,2,91,0.21536564826965332,2
975,graficon37nodi/grafo11479.37,21,37,44,73,80,2.0,7,89,0.6018784046173096,2
976,graficon36nodi/grafo2504.36,21,36,49,76,89,2.0,9,136,1.3362946510314941,2
977,graficon30nodi/grafo3011.30,21,30,41,76,87,1.0,4,154,0.17119145393371582,2
978,graficon39nodi/grafo2310.39,21,39,59,77,97,3.0,21,280,2.0344560146331787,2
979,graficon40nodi/grafo365.40,21,40,47,76,83,1.0,4,87,0.22139644622802734,2
980,graficon41nodi/grafo5534.41,21,41,49,77,85,1.0,6,105,0.4349861145019531,2
981,graficon36nodi/grafo5632.36,21,36,43,76,83,1.0,6,70,0.28857874870300293,2
982,graficon42nodi/grafo3895.42,21,42,55,79,92,3.0,26,236,5.811606168746948,2
983,graficon40nodi/grafo7534.40,21,40,54,76,90,2.0,17,254,2.4681074619293213,2
984,graficon38nodi/grafo11163.38,21,38,50,77,89,3.0,16,170,1.168318748474121,2
985,graficon36nodi/grafo5700.36,21,36,49,78,91,2.0,12,166,1.114987850189209,2
986,graficon41nodi/grafo7150.41,21,41,52,75,86,2.0,9,110,0.9420139789581299,2
987,graficon38nodi/grafo9909.38,21,38,48,77,87,2.0,8,146,0.23997759819030762,2
988,graficon41nodi/grafo6152.41,21,41,56,75,90,2.0,13,168,2.9518163204193115,2
989,graficon44nodi/grafo3924.44,21,44,53,75,84,2.0,9,164,1.4386522769927979,2
990,graficon38nodi/grafo5880.38,21,38,52,76,90,2.0,12,161,0.5466101169586182,2
991,graficon31nodi/grafo1257.31,21,31,50,76,95,5.0,22,243,34.53466582298279,2
992,graficon40nodi/grafo9929.40,21,40,56,77,93,3.0,22,146,2.311579942703247,2
993,graficon43nodi/grafo7444.43,21,43,55,77,89,3.0,18,136,2.3218834400177,2
994,graficon33nodi/grafo1975.33,21,33,46,77,90,2.0,9,116,0.21897506713867188,2
995,graficon44nodi/grafo5982.44,21,44,57,79,92,3.0,14,212,4.118672847747803,2
996,graficon49nodi/grafo1353.49,21,49,54,76,81,1.0,3,104,0.14357328414916992,2
997,graficon36nodi/grafo3379.36,21,36,44,75,83,1.0,1,89,0.05070757865905762,2
998,graficon37nodi/grafo5904.37,21,37,50,77,90,2.0,11,122,1.383669376373291,2
999,graficon37nodi/grafo3837.37,21,37,52,75,90,2.0,13,225,2.596787929534912,2
1000,graficon42nodi/grafo6032.42,21,42,51,76,85,2.0,6,96,0.4871556758880615,2
1001,graficon40nodi/grafo7544.40,21,40,53,75,88,2.0,4,228,0.6762797832489014,2
1002,graficon38nodi/grafo7305.38,21,38,53,76,91,3.0,18,179,3.6733145713806152,2
1003,graficon48nodi/grafo7046.48,21,48,54,76,82,1.0,2,125,0.2403557300567627,2
1004,graficon47nodi/grafo3232.47,21,47,55,77,85,2.0,4,103,0.3271608352661133,2
1005,graficon40nodi/grafo3885.40,21,40,51,75,86,2.0,7,154,1.122572898864746,2
1006,graficon43nodi/grafo6858.43,21,43,61,77,95,3.0,21,200,44.4903039932251,2
1007,graficon43nodi/grafo5298.43,21,43,56,76,89,2.0,11,112,1.374237298965454,2
1008,graficon37nodi/grafo11609.37,21,37,44,77,84,2.0,6,74,0.4294099807739258,2
1009,graficon43nodi/grafo7047.43,21,43,55,76,88,2.0,10,193,1.6250112056732178,2
1010,graficon46nodi/grafo1484.46,21,46,57,78,89,2.0,12,276,2.102724313735962,2
1011,graficon37nodi/grafo5641.37,21,37,44,79,86,1.0,1,121,0.06725955009460449,2
1012,graficon47nodi/grafo7547.47,21,47,59,77,89,2.0,11,142,0.9262101650238037,2
1013,graficon40nodi/grafo10494.40,21,40,50,78,88,1.0,6,110,0.5602736473083496,2
1014,graficon37nodi/grafo2713.37,21,37,48,76,87,2.0,16,175,1.6131069660186768,2
1015,graficon39nodi/grafo6248.39,21,39,50,79,90,1.0,6,165,0.29085636138916016,2
1016,graficon38nodi/grafo5903.38,21,38,48,77,87,2.0,8,118,0.8363842964172363,2
1017,graficon43nodi/grafo6296.43,21,43,59,79,95,3.0,29,347,14.501280784606934,2
1018,graficon41nodi/grafo6951.41,21,41,54,76,89,4.0,13,173,1.2226812839508057,2
1019,graficon39nodi/grafo10733.39,21,39,53,79,93,2.0,8,143,0.9867169857025146,2
1020,graficon41nodi/grafo7056.41,21,41,51,76,86,1.0,3,126,0.6535656452178955,2
1021,graficon46nodi/grafo3380.46,21,46,56,75,85,2.0,8,115,0.6708416938781738,2
1022,graficon41nodi/grafo3534.41,21,41,49,77,85,1.0,6,133,0.9722099304199219,2
1023,graficon39nodi/grafo3617.39,21,39,48,77,86,1.0,2,98,0.18799281120300293,2
1024,graficon38nodi/grafo11024.38,21,38,45,75,82,2.0,4,76,0.2632930278778076,2
1025,graficon49nodi/grafo1408.49,21,49,59,77,87,0.0,0,184,0.09500956535339355,2
1026,graficon46nodi/grafo7234.46,21,46,63,78,95,3.0,30,300,130.29863619804382,2
1027,graficon45nodi/grafo3840.45,21,45,59,79,93,3.0,22,288,3.8603994846343994,2
1028,graficon43nodi/grafo5371.43,21,43,57,79,93,2.0,11,124,0.6482093334197998,2
1029,graficon38nodi/grafo3671.38,21,38,47,75,84,1.0,5,84,0.18885326385498047,2
1030,graficon38nodi/grafo9893.38,21,38,49,76,87,1.0,7,95,0.49641942977905273,2
1031,graficon35nodi/grafo4037.35,21,35,40,78,83,1.0,3,78,0.35108256340026855,2
1032,graficon36nodi/grafo5155.36,21,36,47,79,90,1.0,7,145,1.1079559326171875,2
1033,graficon42nodi/grafo7486.42,21,42,57,79,94,3.0,19,151,4.121602296829224,2
1034,graficon49nodi/grafo3418.49,21,49,63,79,93,2.0,13,152,3.152772903442383,2
1035,graficon38nodi/grafo9981.38,21,38,45,78,85,1.0,1,48,0.13766264915466309,2
1036,graficon27nodi/grafo2050.27,21,27,36,76,85,1.0,1,53,0.0493321418762207,2
1037,graficon29nodi/grafo2072.29,21,29,43,78,92,2.0,7,120,0.5114419460296631,2
1038,graficon45nodi/grafo1836.45,21,45,58,77,90,3.0,18,198,1.4919946193695068,2
1039,graficon34nodi/grafo3921.34,21,34,46,77,89,2.0,7,163,0.6477556228637695,2
1040,graficon55nodi/grafo6415.55,21,55,59,76,80,1.0,2,115,0.23636293411254883,2
1041,graficon41nodi/grafo6191.41,21,41,52,78,89,2.0,11,204,1.2225711345672607,2
1042,graficon46nodi/grafo1406.46,21,46,56,79,89,1.0,4,145,0.5602328777313232,2
1043,graficon45nodi/grafo5925.45,21,45,56,79,90,3.0,15,170,1.474830150604248,2
1044,graficon35nodi/grafo3996.35,21,35,47,78,90,3.0,13,157,1.0312695503234863,2
1045,graficon46nodi/grafo6678.46,21,46,55,77,86,1.0,2,133,0.3439178466796875,2
1046,graficon43nodi/grafo3573.43,21,43,58,79,94,2.0,18,166,2.3393681049346924,2
1047,graficon40nodi/grafo6972.40,21,40,51,77,88,1.0,6,137,0.736182451248169,2
1048,graficon51nodi/grafo3958.51,21,51,62,77,88,3.0,19,240,4.407320976257324,2
1049,graficon39nodi/grafo10192.39,21,39,48,78,87,2.0,7,121,0.7684013843536377,2
1050,graficon45nodi/grafo6007.45,21,45,58,79,92,2.0,15,197,3.324152708053589,2
1051,graficon37nodi/grafo11553.37,21,37,49,83,95,1.0,4,69,0.10917472839355469,2
1052,graficon44nodi/grafo7454.44,21,44,56,84,96,2.0,11,157,1.9116358757019043,2
1053,graficon40nodi/grafo5453.40,21,40,57,83,100,3.0,22,206,23.836217403411865,2
1054,graficon43nodi/grafo6144.43,21,43,56,80,93,3.0,9,227,1.3418996334075928,2
1055,graficon38nodi/grafo5499.38,21,38,48,81,91,1.0,3,89,0.373262882232666,2
1056,graficon41nodi/grafo6973.41,21,41,58,84,101,2.0,16,209,3.127437114715576,2
1057,graficon39nodi/grafo10037.39,21,39,50,80,91,1.0,9,148,1.0548977851867676,2
1058,graficon36nodi/grafo11554.36,21,36,50,82,96,3.0,26,194,2.3352506160736084,2
1059,graficon60nodi/grafo5751.60,21,60,75,84,99,3.0,25,421,72.56080484390259,2
1060,graficon42nodi/grafo5241.42,21,42,55,83,96,2.0,12,142,0.7592432498931885,2
1061,graficon46nodi/grafo6628.46,21,46,63,83,100,3.0,31,473,43.08353805541992,2
1062,graficon39nodi/grafo9924.39,21,39,52,84,97,2.0,14,141,1.2177097797393799,2
1063,graficon46nodi/grafo3661.46,21,46,56,83,93,1.0,6,136,0.6630516052246094,2
1064,graficon38nodi/grafo7549.38,21,38,50,82,94,2.0,14,150,1.1446740627288818,2
1065,graficon39nodi/grafo11532.39,21,39,51,81,93,1.0,4,86,0.4272572994232178,2
1066,graficon47nodi/grafo1536.47,21,47,52,80,85,0.0,0,120,0.03479290008544922,2
1067,graficon38nodi/grafo4110.38,21,38,52,84,98,3.0,16,216,2.8399033546447754,2
1068,graficon41nodi/grafo6857.41,21,41,54,83,96,1.0,6,99,0.22906780242919922,2
1069,graficon34nodi/grafo6118.34,21,34,42,82,90,1.0,1,88,0.09869265556335449,2
1070,graficon39nodi/grafo10014.39,21,39,52,83,96,2.0,11,115,1.1382310390472412,2
1071,graficon43nodi/grafo7598.43,21,43,57,82,96,2.0,12,158,1.8278186321258545,2
1072,graficon39nodi/grafo3329.39,21,39,50,80,91,2.0,8,111,0.9774429798126221,2
1073,graficon43nodi/grafo1506.43,21,43,50,82,89,1.0,4,164,0.35794782638549805,2
1074,graficon42nodi/grafo5595.42,21,42,56,80,94,2.0,14,218,2.3750061988830566,2
1075,graficon41nodi/grafo2235.41,21,41,58,83,100,2.0,18,208,2.019031286239624,2
1076,graficon37nodi/grafo5408.37,21,37,57,84,104,3.0,30,215,6.594732761383057,2
1077,graficon56nodi/grafo7757.56,21,56,64,80,88,2.0,11,173,1.8918726444244385,2
1078,graficon43nodi/grafo7465.43,21,43,60,80,97,3.0,21,254,3.440136194229126,2
1079,graficon42nodi/grafo5984.42,21,42,53,80,91,2.0,7,104,0.3593921661376953,2
1080,graficon49nodi/grafo2124.49,21,49,64,82,97,2.0,11,224,2.272536516189575,2
1081,graficon39nodi/grafo3939.39,21,39,50,83,94,2.0,11,117,2.0031139850616455,2
1082,graficon41nodi/grafo6441.41,21,41,54,82,95,2.0,13,161,0.6983363628387451,2
1083,graficon56nodi/grafo4306.56,21,56,63,84,91,1.0,2,175,0.3100154399871826,2
1084,graficon43nodi/grafo5339.43,21,43,54,81,92,1.0,9,133,0.8282206058502197,2
1085,graficon36nodi/grafo3413.36,21,36,53,83,100,3.0,16,257,4.544074296951294,2
1086,graficon40nodi/grafo7766.40,21,40,50,80,90,3.0,13,106,1.710442066192627,2
1087,graficon41nodi/grafo3444.41,21,41,53,82,94,2.0,13,137,1.2255492210388184,2
1088,graficon55nodi/grafo6789.55,21,55,60,81,86,2.0,4,231,1.3837354183197021,2
1089,graficon32nodi/grafo1421.32,21,32,45,80,93,2.0,7,133,0.5815169811248779,2
1090,graficon36nodi/grafo5865.36,21,36,44,83,91,1.0,2,85,0.1856682300567627,2
1091,graficon42nodi/grafo3326.42,21,42,60,82,100,4.0,32,224,11.23224949836731,2
1092,graficon43nodi/grafo3360.43,21,43,56,83,96,2.0,13,202,1.7752406597137451,2
1093,graficon44nodi/grafo5765.44,21,44,59,84,99,2.0,14,238,3.5734810829162598,2
1094,graficon38nodi/grafo10031.38,21,38,49,84,95,2.0,5,118,0.4489860534667969,2
1095,graficon46nodi/grafo5873.46,21,46,57,83,94,2.0,7,170,1.555232048034668,2
1096,graficon43nodi/grafo5486.43,21,43,54,81,92,2.0,16,183,2.9198155403137207,2
1097,graficon40nodi/grafo6472.40,21,40,57,84,101,4.0,26,295,8.876689195632935,2
1098,graficon47nodi/grafo6781.47,21,47,66,82,101,3.0,20,249,3.981621503829956,2
1099,graficon36nodi/grafo3953.36,21,36,48,83,95,1.0,3,126,0.15497827529907227,2
1100,graficon43nodi/grafo5760.43,21,43,55,84,96,2.0,9,128,1.2411441802978516,2
1101,graficon26nodi/grafo914.26,21,26,42,83,99,3.0,27,205,4.744371652603149,2
1102,graficon38nodi/grafo7227.38,21,38,54,80,96,2.0,16,209,1.8095216751098633,2
1103,graficon40nodi/grafo7652.40,21,40,55,80,95,2.0,15,127,1.0639605522155762,2
1104,graficon37nodi/grafo11359.37,21,37,47,83,93,2.0,7,146,0.5866191387176514,2
1105,graficon42nodi/grafo1092.42,21,42,53,81,92,2.0,8,128,1.4411890506744385,2
1106,graficon39nodi/grafo10835.39,21,39,45,82,88,1.0,3,70,0.1746971607208252,2
1107,graficon40nodi/grafo7432.40,21,40,47,80,87,1.0,4,94,0.21686935424804688,2
1108,graficon45nodi/grafo7099.45,21,45,56,84,95,2.0,14,202,3.7794649600982666,2
1109,graficon44nodi/grafo7381.44,21,44,65,81,102,5.0,42,357,14.636678457260132,2
1110,graficon42nodi/grafo7049.42,21,42,54,81,93,2.0,14,159,1.479971170425415,2
1111,graficon40nodi/grafo7542.40,21,40,51,81,92,2.0,10,93,0.904512882232666,2
1112,graficon42nodi/grafo6058.42,21,42,54,81,93,2.0,10,137,1.074312686920166,2
1113,graficon40nodi/grafo3753.40,21,40,53,81,94,2.0,16,132,1.3108279705047607,2
1114,graficon48nodi/grafo6376.48,21,48,61,81,94,2.0,14,157,1.0766849517822266,2
1115,graficon42nodi/grafo7146.42,21,42,54,82,94,1.0,4,175,1.0747714042663574,2
1116,graficon39nodi/grafo3944.39,21,39,54,84,99,2.0,10,181,1.2203865051269531,2
1117,graficon41nodi/grafo7373.41,21,41,58,80,97,4.0,38,365,22.79297924041748,2
1118,graficon19nodi/grafo2375.19,21,19,35,80,96,4.0,16,181,0.8747386932373047,2
1119,graficon41nodi/grafo5234.41,21,41,51,83,93,1.0,4,141,0.2814664840698242,2
1120,graficon55nodi/grafo3570.55,21,55,66,83,94,2.0,12,189,2.8629021644592285,2
1121,graficon49nodi/grafo3626.49,21,49,61,81,93,2.0,20,262,3.2755544185638428,2
1122,graficon47nodi/grafo6600.47,21,47,68,84,105,3.0,34,307,15.518731117248535,2
1123,graficon39nodi/grafo3793.39,21,39,53,81,95,2.0,13,172,1.6763842105865479,2
1124,graficon41nodi/grafo7007.41,21,41,55,84,98,3.0,22,240,33.38487410545349,2
1125,graficon39nodi/grafo5742.39,21,39,56,83,100,2.0,18,242,3.783036708831787,2
1126,graficon40nodi/grafo7541.40,21,40,53,89,102,2.0,14,210,3.303752899169922,2
1127,graficon54nodi/grafo4016.54,21,54,65,88,99,1.0,6,140,0.41249871253967285,2
1128,graficon45nodi/grafo7241.45,21,45,62,86,103,2.0,11,225,1.4268040657043457,2
1129,graficon43nodi/grafo6406.43,21,43,57,86,100,2.0,11,222,1.134028673171997,2
1130,graficon42nodi/grafo7246.42,21,42,53,89,100,2.0,9,107,0.86676025390625,2
1131,graficon44nodi/grafo7720.44,21,44,61,88,105,2.0,19,203,2.5532119274139404,2
1132,graficon46nodi/grafo7742.46,21,46,58,85,97,2.0,16,283,3.544999837875366,2
1133,graficon44nodi/grafo7169.44,21,44,56,85,97,2.0,14,155,2.348808765411377,2
1134,graficon52nodi/grafo1591.52,21,52,62,85,95,1.0,6,112,0.8732986450195312,2
1135,graficon48nodi/grafo5501.48,21,48,65,88,105,3.0,33,231,16.911669731140137,2
1136,graficon44nodi/grafo5554.44,21,44,61,89,106,3.0,14,335,3.409053325653076,2
1137,graficon39nodi/grafo7716.39,21,39,49,85,95,2.0,7,144,1.0819604396820068,2
1138,graficon37nodi/grafo11653.37,21,37,51,87,101,1.0,2,92,0.1776442527770996,2
1139,graficon58nodi/grafo4792.58,21,58,69,88,99,2.0,4,156,0.27088022232055664,2
1140,graficon49nodi/grafo7578.49,21,49,57,89,97,1.0,6,116,0.8042161464691162,2
1141,graficon61nodi/grafo5831.61,21,61,72,88,99,3.0,25,295,12.829883813858032,2
1142,graficon46nodi/grafo5331.46,21,46,58,88,100,3.0,24,278,15.180189371109009,2
1143,graficon51nodi/grafo4600.51,21,51,62,89,100,2.0,8,165,0.8963370323181152,2
1144,graficon40nodi/grafo3335.40,21,40,53,89,102,2.0,10,151,0.8798732757568359,2
1145,graficon42nodi/grafo6257.42,21,42,60,85,103,3.0,19,251,2.3915445804595947,2
1146,graficon36nodi/grafo5546.36,21,36,51,88,103,3.0,16,170,6.443803548812866,2
1147,graficon41nodi/grafo9946.41,21,41,48,85,92,1.0,5,95,1.1706151962280273,2
1148,graficon60nodi/grafo4886.60,21,60,73,85,98,3.0,24,283,10.980970621109009,2
1149,graficon40nodi/grafo7050.40,21,40,51,88,99,1.0,5,156,0.4172494411468506,2
1150,graficon49nodi/grafo4380.49,21,49,64,87,102,2.0,7,163,0.5532405376434326,2
1151,graficon55nodi/grafo3625.55,21,55,68,88,101,2.0,24,305,11.746726989746094,2
1152,graficon53nodi/grafo7688.53,21,53,65,88,100,3.0,14,239,5.010249853134155,2
1153,graficon39nodi/grafo5407.39,21,39,53,89,103,3.0,19,162,1.4864287376403809,2
1154,graficon41nodi/grafo2781.41,21,41,61,87,107,4.0,33,252,43.91071557998657,2
1155,graficon37nodi/grafo5598.37,21,37,48,88,99,1.0,3,129,0.618558406829834,2
1156,graficon40nodi/grafo3997.40,21,40,56,88,104,3.0,26,320,4.995269775390625,2
1157,graficon43nodi/grafo7470.43,21,43,52,88,97,2.0,8,104,0.6270301342010498,2
1158,graficon45nodi/grafo7442.45,21,45,53,86,94,1.0,2,108,0.47029733657836914,2
1159,graficon54nodi/grafo7723.54,21,54,73,86,105,4.0,33,231,389.56845927238464,2
1160,graficon42nodi/grafo7352.42,21,42,51,85,94,2.0,3,76,0.17274928092956543,2
1161,graficon40nodi/grafo7670.40,21,40,56,88,104,1.0,5,215,1.095804214477539,2
1162,graficon43nodi/grafo5245.43,21,43,59,88,104,3.0,15,240,2.1802213191986084,2
1163,graficon51nodi/grafo1486.51,21,51,60,87,96,2.0,6,127,1.3183860778808594,2
1164,graficon36nodi/grafo6049.36,21,36,45,87,96,1.0,4,90,0.4266164302825928,2
1165,graficon39nodi/grafo7415.39,21,39,53,88,102,2.0,13,177,2.020683526992798,2
1166,graficon40nodi/grafo5373.40,21,40,58,87,105,3.0,19,207,8.416507959365845,2
1167,graficon38nodi/grafo9979.38,21,38,50,86,98,2.0,11,89,0.7907149791717529,2
1168,graficon48nodi/grafo5194.48,21,48,65,89,106,3.0,18,259,2.402080774307251,2
1169,graficon48nodi/grafo5357.48,21,48,64,85,101,3.0,29,235,7.193124294281006,2
1170,graficon36nodi/grafo11662.36,21,36,48,87,99,1.0,1,65,0.06247425079345703,2
1171,graficon42nodi/grafo7614.42,21,42,57,87,102,3.0,18,440,9.228667974472046,2
1172,graficon48nodi/grafo7272.48,21,48,57,86,95,2.0,3,147,0.2725706100463867,2
1173,graficon44nodi/grafo5878.44,21,44,56,87,99,2.0,10,153,0.7909564971923828,2
1174,graficon42nodi/grafo5958.42,21,42,56,86,100,2.0,13,160,0.9417791366577148,2
1175,graficon58nodi/grafo1588.58,21,58,66,88,96,2.0,8,242,1.882599115371704,2
1176,graficon52nodi/grafo3455.52,21,52,65,87,100,2.0,16,138,3.431326150894165,2
1177,graficon42nodi/grafo7583.42,21,42,56,86,100,2.0,17,159,2.4179365634918213,2
1178,graficon49nodi/grafo7370.49,21,49,64,87,102,1.0,6,239,0.8087780475616455,2
1179,graficon39nodi/grafo5157.39,21,39,54,88,103,2.0,11,192,1.7919304370880127,2
1180,graficon47nodi/grafo6822.47,21,47,56,88,97,1.0,5,185,1.0552198886871338,2
1181,graficon43nodi/grafo6928.43,21,43,56,88,101,2.0,15,156,2.379689931869507,2
1182,graficon38nodi/grafo3421.38,21,38,52,89,103,3.0,22,166,57.33098363876343,2
1183,graficon39nodi/grafo3727.39,21,39,53,86,100,3.0,10,160,1.3538904190063477,2
1184,graficon44nodi/grafo6870.44,21,44,64,85,105,3.0,36,174,24.306044340133667,2
1185,graficon36nodi/grafo9853.36,21,36,48,87,99,1.0,1,65,0.08522891998291016,2
1186,graficon50nodi/grafo4518.50,21,50,66,87,103,3.0,17,217,2.518937110900879,2
1187,graficon42nodi/grafo7709.42,21,42,58,86,102,3.0,17,172,5.359145402908325,2
1188,graficon60nodi/grafo7155.60,21,60,70,86,96,1.0,5,260,1.1658072471618652,2
1189,graficon64nodi/grafo4420.64,21,64,81,88,105,2.0,21,259,8.751409530639648,2
1190,graficon47nodi/grafo6437.47,21,47,70,88,111,5.0,65,361,414.426540851593,2
1191,graficon45nodi/grafo3151.45,21,45,58,86,99,2.0,14,147,1.6676604747772217,2
1192,graficon51nodi/grafo4369.51,21,51,67,87,103,3.0,15,272,6.53726601600647,2
1193,graficon38nodi/grafo3887.38,21,38,52,87,101,2.0,10,170,1.445425033569336,2
1194,graficon44nodi/grafo6329.44,21,44,58,88,102,2.0,8,113,0.8606271743774414,2
1195,graficon50nodi/grafo1418.50,21,50,57,88,95,1.0,6,129,0.4108877182006836,2
1196,graficon43nodi/grafo6886.43,21,43,62,85,104,3.0,30,200,5.232471227645874,2
1197,graficon42nodi/grafo7012.42,21,42,59,88,105,2.0,18,227,2.1686148643493652,2
1198,graficon34nodi/grafo5990.34,21,34,45,89,100,1.0,1,146,0.18276166915893555,2
1199,graficon56nodi/grafo4391.56,21,56,70,86,100,3.0,19,395,13.475941181182861,2
1200,graficon48nodi/grafo6689.48,21,48,57,86,95,2.0,6,146,2.1257803440093994,2
1201,graficon36nodi/grafo10457.36,21,36,45,93,102,1.0,4,99,0.3684096336364746,2
1202,graficon46nodi/grafo5338.46,21,46,62,94,110,3.0,19,220,43.9009325504303,2
1203,graficon72nodi/grafo9639.72,21,72,80,94,102,2.0,15,277,14.082417249679565,2
1204,graficon44nodi/grafo3644.44,21,44,54,93,103,2.0,7,80,0.2741127014160156,2
1205,graficon54nodi/grafo3511.54,21,54,73,93,112,2.0,14,253,3.037426233291626,2
1206,graficon42nodi/grafo6946.42,21,42,58,94,110,3.0,17,214,4.613091468811035,2
1207,graficon57nodi/grafo5626.57,21,57,78,94,115,3.0,28,236,50.95168352127075,2
1208,graficon37nodi/grafo6217.37,21,37,53,94,110,2.0,19,169,4.101914167404175,2
1209,graficon60nodi/grafo4512.60,21,60,73,93,106,2.0,13,257,4.185452222824097,2
1210,graficon47nodi/grafo5432.47,21,47,68,92,113,3.0,23,329,10.958231925964355,2
1211,graficon55nodi/grafo4502.55,21,55,76,92,113,4.0,50,401,374.0876314640045,2
1212,graficon58nodi/grafo1247.58,21,58,68,94,104,2.0,13,206,2.6657938957214355,2
1213,graficon43nodi/grafo6346.43,21,43,62,91,110,3.0,28,227,11.111279964447021,2
1214,graficon37nodi/grafo11625.37,21,37,51,92,106,2.0,6,88,0.42250490188598633,2
1215,graficon51nodi/grafo1470.51,21,51,69,90,108,3.0,30,291,14.005261421203613,2
1216,graficon64nodi/grafo8416.64,21,64,79,94,109,3.0,28,308,29.49538278579712,2
1217,graficon43nodi/grafo7441.43,21,43,60,92,109,3.0,32,187,7.973044395446777,2
1218,graficon40nodi/grafo5211.40,21,40,54,93,107,2.0,9,209,1.6074388027191162,2
1219,graficon35nodi/grafo11326.35,21,35,42,91,98,1.0,3,94,0.23963689804077148,2
1220,graficon43nodi/grafo7157.43,21,43,53,90,100,2.0,7,106,0.9082343578338623,2
1221,graficon39nodi/grafo3330.39,21,39,60,93,114,3.0,36,273,13.753406763076782,2
1222,graficon40nodi/grafo3519.40,21,40,56,93,109,2.0,6,129,0.335463285446167,2
1223,graficon57nodi/grafo4041.57,21,57,66,92,101,3.0,12,203,5.184275150299072,2
1224,graficon41nodi/grafo7124.41,21,41,59,94,112,2.0,12,159,1.013580083847046,2
1225,graficon61nodi/grafo4482.61,21,61,75,91,105,2.0,6,270,1.6286773681640625,2
1226,graficon49nodi/grafo5721.49,21,49,64,92,107,2.0,8,152,1.0850372314453125,2
1227,graficon42nodi/grafo5468.42,21,42,58,94,110,3.0,19,240,1.3270518779754639,2
1228,graficon37nodi/grafo1758.37,21,37,45,93,101,1.0,4,159,0.6830422878265381,2
1229,graficon36nodi/grafo11444.36,21,36,46,94,104,1.0,4,99,0.2211906909942627,2
1230,graficon37nodi/grafo11540.37,21,37,48,91,102,1.0,3,108,0.25126075744628906,2
1231,graficon37nodi/grafo7028.37,21,37,48,90,101,3.0,12,113,19.18972682952881,2
1232,graficon37nodi/grafo11417.37,21,37,49,90,102,1.0,3,98,0.23030638694763184,2
1233,graficon39nodi/grafo3187.39,21,39,53,91,105,2.0,14,208,1.4161934852600098,2
1234,graficon39nodi/grafo9897.39,21,39,55,90,106,2.0,19,160,1.8417835235595703,2
1235,graficon57nodi/grafo5748.57,21,57,76,94,113,3.0,22,324,10.573432683944702,2
1236,graficon38nodi/grafo10032.38,21,38,47,91,100,1.0,7,88,0.5418739318847656,2
1237,graficon58nodi/grafo4796.58,21,58,73,90,105,3.0,22,209,5.590542793273926,2
1238,graficon40nodi/grafo10282.40,21,40,59,92,111,2.0,14,253,2.6835172176361084,2
1239,graficon54nodi/grafo5002.54,21,54,64,91,101,2.0,9,237,1.5006380081176758,2
1240,graficon44nodi/grafo2199.44,21,44,50,90,96,1.0,3,105,0.5275921821594238,2
1241,graficon38nodi/grafo10659.38,21,38,57,91,110,4.0,20,243,1.5263516902923584,2
1242,graficon56nodi/grafo4409.56,21,56,67,93,104,1.0,7,145,0.5932176113128662,2
1243,graficon47nodi/grafo6408.47,21,47,57,90,100,2.0,7,157,1.6758222579956055,2
1244,graficon54nodi/grafo3858.54,21,54,68,92,106,2.0,24,218,8.697882890701294,2
1245,graficon43nodi/grafo5723.43,21,43,59,92,108,3.0,25,210,78.1394145488739,2
1246,graficon40nodi/grafo4010.40,21,40,52,92,104,2.0,9,143,2.009284496307373,2
1247,graficon62nodi/grafo6173.62,21,62,73,92,103,2.0,9,183,1.041691780090332,2
1248,graficon45nodi/grafo5138.45,21,45,61,90,106,3.0,28,498,11.375245332717896,2
1249,graficon41nodi/grafo6164.41,21,41,55,91,105,2.0,15,189,1.1675817966461182,2
1250,graficon41nodi/grafo3527.41,21,41,54,93,106,2.0,14,167,1.1546940803527832,2
1251,graficon42nodi/grafo7642.42,21,42,62,90,110,3.0,22,303,8.191294193267822,2
1252,graficon46nodi/grafo3424.46,21,46,56,94,104,2.0,14,131,1.6880099773406982,2
1253,graficon53nodi/grafo271.53,21,53,67,91,105,2.0,12,246,4.249488592147827,2
1254,graficon45nodi/grafo3660.45,21,45,60,90,105,3.0,22,212,35.432305097579956,2
1255,graficon40nodi/grafo5980.40,21,40,54,92,106,2.0,10,120,1.0618252754211426,2
1256,graficon44nodi/grafo6945.44,21,44,60,93,109,2.0,21,258,9.406065940856934,2
1257,graficon35nodi/grafo5299.35,21,35,44,91,100,2.0,7,110,0.7909159660339355,2
1258,graficon66nodi/grafo9143.66,21,66,84,94,112,3.0,35,278,46.35019254684448,2
1259,graficon55nodi/grafo4195.55,21,55,69,91,105,2.0,9,124,0.8097431659698486,2
1260,graficon58nodi/grafo6193.58,21,58,77,91,110,3.0,28,366,43.744364976882935,2
1261,graficon45nodi/grafo6524.45,21,45,59,94,108,2.0,13,201,1.7581968307495117,2
1262,graficon54nodi/grafo4006.54,21,54,64,91,101,1.0,2,113,0.1577157974243164,2
1263,graficon38nodi/grafo11322.38,21,38,50,94,106,1.0,3,79,0.2645418643951416,2
1264,graficon46nodi/grafo6723.46,21,46,64,93,111,4.0,31,256,12.941399097442627,2
1265,graficon35nodi/grafo6517.35,21,35,49,93,107,3.0,12,147,1.2087714672088623,2
1266,graficon49nodi/grafo3415.49,21,49,65,90,106,2.0,15,183,1.4372801780700684,2
1267,graficon39nodi/grafo4005.39,21,39,52,91,104,2.0,19,187,3.7584543228149414,2
1268,graficon52nodi/grafo4030.52,21,52,65,92,105,2.0,14,142,1.263298749923706,2
1269,graficon41nodi/grafo7098.41,21,41,59,92,110,4.0,38,283,17.210971117019653,2
1270,graficon43nodi/grafo5926.43,21,43,62,93,112,2.0,16,196,1.7689578533172607,2
1271,graficon47nodi/grafo7625.47,21,47,67,94,114,4.0,32,232,7.910478591918945,2
1272,graficon41nodi/grafo5717.41,21,41,51,93,103,1.0,6,113,0.758497953414917,2
1273,graficon66nodi/grafo9641.66,21,66,79,90,103,2.0,13,441,12.754242897033691,2
1274,graficon38nodi/grafo6578.38,21,38,53,93,108,2.0,8,121,0.5599193572998047,2
1275,graficon42nodi/grafo3508.42,21,42,59,94,111,4.0,21,231,3.2325878143310547,2
1276,graficon44nodi/grafo11403.44,21,44,60,98,114,2.0,16,263,5.288537979125977,2
1277,graficon43nodi/grafo7636.43,21,43,59,99,115,2.0,19,231,3.692326307296753,2
1278,graficon42nodi/grafo5817.42,21,42,60,99,117,2.0,13,137,1.0150468349456787,2
1279,graficon51nodi/grafo3172.51,21,51,71,96,116,3.0,35,315,132.69605922698975,2
1280,graficon44nodi/grafo6432.44,21,44,54,95,105,2.0,4,143,0.7450294494628906,2
1281,graficon40nodi/grafo3621.40,21,40,50,95,105,2.0,8,118,0.7484531402587891,2
1282,graficon62nodi/grafo4646.62,21,62,78,96,112,2.0,14,378,5.964219331741333,2
1283,graficon52nodi/grafo7721.52,21,52,71,95,114,3.0,24,297,168.275306224823,2
1284,graficon45nodi/grafo7640.45,21,45,65,98,118,3.0,33,309,13.053598403930664,2
1285,graficon41nodi/grafo3781.41,21,41,58,96,113,3.0,20,269,3.54526686668396,2
1286,graficon57nodi/grafo4352.57,21,57,67,98,108,1.0,6,183,0.4794731140136719,2
1287,graficon40nodi/grafo6458.40,21,40,57,95,112,3.0,15,306,3.404425859451294,2
1288,graficon56nodi/grafo6568.56,21,56,69,98,111,2.0,19,264,7.427043676376343,2
1289,graficon50nodi/grafo4580.50,21,50,63,99,112,3.0,15,180,1.6850836277008057,2
1290,graficon53nodi/grafo3486.53,21,53,68,97,112,2.0,21,277,6.932778596878052,2
1291,graficon54nodi/grafo1483.54,21,54,67,98,111,2.0,10,140,1.9074175357818604,2
1292,graficon47nodi/grafo6664.47,21,47,63,96,112,3.0,22,293,9.334702730178833,2
1293,graficon44nodi/grafo7761.44,21,44,55,98,109,2.0,9,182,1.7353651523590088,2
1294,graficon48nodi/grafo3769.48,21,48,63,99,114,3.0,20,270,7.746641635894775,2
1295,graficon44nodi/grafo3205.44,21,44,57,99,112,1.0,7,147,0.6885538101196289,2
1296,graficon42nodi/grafo3439.42,21,42,57,95,110,2.0,10,246,1.5615108013153076,2
1297,graficon41nodi/grafo5645.41,21,41,52,97,108,3.0,8,185,1.0116138458251953,2
1298,graficon49nodi/grafo4012.49,21,49,65,99,115,3.0,21,222,53.16632390022278,2
1299,graficon38nodi/grafo3540.38,21,38,57,96,115,3.0,15,233,1.5360956192016602,2
1300,graficon44nodi/grafo6960.44,21,44,61,98,115,3.0,21,226,4.984211444854736,2
1301,graficon43nodi/grafo4053.43,21,43,58,98,113,3.0,24,289,13.16352105140686,2
1302,graficon38nodi/grafo7478.38,21,38,47,98,107,1.0,5,104,0.44031357765197754,2
1303,graficon42nodi/grafo3402.42,21,42,62,99,119,3.0,27,257,8.86690640449524,2
1304,graficon40nodi/grafo3804.40,21,40,49,98,107,2.0,6,83,0.8820838928222656,2
1305,graficon46nodi/grafo7713.46,21,46,67,96,117,5.0,46,361,180.98574233055115,2
1306,graficon54nodi/grafo4849.54,21,54,68,95,109,2.0,6,147,1.9418208599090576,2
1307,graficon48nodi/grafo4473.48,21,48,61,95,108,2.0,3,178,0.7267518043518066,2
1308,graficon54nodi/grafo4530.54,21,54,76,97,119,5.0,52,380,144.7069058418274,2
1309,graficon41nodi/grafo2531.41,21,41,56,99,114,2.0,9,205,1.696930170059204,2
1310,graficon61nodi/grafo8112.61,21,61,77,97,113,3.0,20,246,66.45620799064636,2
1311,graficon53nodi/grafo3763.53,21,53,72,95,114,3.0,23,286,10.173200607299805,2
1312,graficon39nodi/grafo3099.39,21,39,47,98,106,0.0,0,64,0.05047273635864258,2
1313,graficon44nodi/grafo7621.44,21,44,65,98,119,2.0,20,252,3.9129090309143066,2
1314,graficon44nodi/grafo6263.44,21,44,66,96,118,3.0,28,261,7.074042797088623,2
1315,graficon60nodi/grafo7448.60,21,60,81,98,119,4.0,51,487,174.76127791404724,2
1316,graficon46nodi/grafo5480.46,21,46,63,95,112,3.0,20,186,4.421730279922485,2
1317,graficon39nodi/grafo7390.39,21,39,59,97,117,3.0,21,169,12.935255527496338,2
1318,graficon42nodi/grafo3258.42,21,42,58,96,112,2.0,16,179,3.2990686893463135,2
1319,graficon52nodi/grafo6159.52,21,52,65,98,111,2.0,11,183,2.585988759994507,2
1320,graficon42nodi/grafo7485.42,21,42,56,99,113,2.0,17,160,3.8495397567749023,2
1321,graficon49nodi/grafo7245.49,21,49,65,97,113,2.0,21,192,4.915043830871582,2
1322,graficon54nodi/grafo4488.54,21,54,69,95,110,2.0,18,202,3.2761893272399902,2
1323,graficon42nodi/grafo6270.42,21,42,54,98,110,2.0,8,144,1.4801177978515625,2
1324,graficon42nodi/grafo3277.42,21,42,56,95,109,2.0,16,173,2.7345995903015137,2
1325,graficon46nodi/grafo5832.46,21,46,58,95,107,2.0,7,155,1.9166367053985596,2
1326,graficon60nodi/grafo4376.60,21,60,73,96,109,3.0,6,185,3.717250347137451,2
1327,graficon55nodi/grafo1549.55,21,55,66,99,110,2.0,7,275,3.578665018081665,2
1328,graficon53nodi/grafo4871.53,21,53,71,98,116,2.0,20,320,6.027848958969116,2
1329,graficon60nodi/grafo8276.60,21,60,74,97,111,2.0,12,202,3.376425266265869,2
1330,graficon55nodi/grafo1465.55,21,55,65,95,105,2.0,14,210,3.5920653343200684,2
1331,graficon53nodi/grafo5057.53,21,53,67,95,109,2.0,14,283,7.55040168762207,2
1332,graficon38nodi/grafo3383.38,21,38,62,98,122,4.0,61,413,39.18144679069519,2
1333,graficon38nodi/grafo3758.38,21,38,56,99,117,4.0,30,254,14.72464108467102,2
1334,graficon63nodi/grafo4664.63,21,63,77,99,113,2.0,13,164,1.6453731060028076,2
1335,graficon46nodi/grafo3412.46,21,46,65,95,114,3.0,21,217,6.426965236663818,2
1336,graficon44nodi/grafo7591.44,21,44,61,95,112,4.0,31,318,31.730741024017334,2
1337,graficon53nodi/grafo1482.53,21,53,67,96,110,2.0,16,271,2.477694034576416,2
1338,graficon43nodi/grafo6921.43,21,43,55,97,109,3.0,10,148,3.0598459243774414,2
1339,graficon41nodi/grafo6192.41,21,41,54,95,108,2.0,16,149,3.1032230854034424,2
1340,graficon51nodi/grafo7730.51,21,51,67,95,111,3.0,16,209,22.194428205490112,2
1341,graficon39nodi/grafo7581.39,21,39,51,96,108,2.0,8,154,1.3206641674041748,2
1342,graficon62nodi/grafo4312.62,21,62,74,96,108,2.0,14,254,4.5916783809661865,2
1343,graficon42nodi/grafo3476.42,21,42,60,99,117,2.0,18,273,9.074976921081543,2
1344,graficon41nodi/grafo7204.41,21,41,54,99,112,2.0,14,232,4.56672477722168,2
1345,graficon44nodi/grafo3603.44,21,44,66,99,121,4.0,54,341,46.3824520111084,2
1346,graficon39nodi/grafo11495.39,21,39,52,95,108,2.0,9,158,0.6795368194580078,2
1347,graficon39nodi/grafo3474.39,21,39,51,95,107,2.0,13,243,2.5923941135406494,2
1348,graficon42nodi/grafo6308.42,21,42,62,96,116,3.0,27,373,50.1297287940979,2
1349,graficon40nodi/grafo5643.40,21,40,51,95,106,1.0,5,170,1.0026814937591553,2
1350,graficon39nodi/grafo5974.39,21,39,53,97,111,2.0,13,207,0.8737308979034424,2
1351,graficon41nodi/grafo6398.41,21,41,53,100,112,2.0,9,127,0.7425477504730225,2
1352,graficon53nodi/grafo5091.53,21,53,77,102,126,4.0,40,261,24.386988639831543,2
1353,graficon49nodi/grafo5078.49,21,49,64,100,115,2.0,9,158,1.90228271484375,2
1354,graficon41nodi/grafo5565.41,21,41,53,102,114,2.0,11,134,2.0981523990631104,2
1355,graficon56nodi/grafo3328.56,21,56,76,104,124,5.0,55,375,600.7696349620819,9
1356,graficon52nodi/grafo3755.52,21,52,72,104,124,2.0,27,278,8.68005633354187,2
1357,graficon65nodi/grafo9317.65,21,65,80,100,115,3.0,25,271,8.354632377624512,2
1358,graficon42nodi/grafo7572.42,21,42,50,101,109,1.0,6,137,0.686898946762085,2
1359,graficon55nodi/grafo2141.55,21,55,76,102,123,3.0,31,374,94.59899973869324,2
1360,graficon47nodi/grafo1433.47,21,47,60,101,114,2.0,9,107,2.497572183609009,2
1361,graficon39nodi/grafo5798.39,21,39,55,104,120,2.0,14,186,1.7038359642028809,2
1362,graficon55nodi/grafo4475.55,21,55,67,101,113,1.0,7,138,0.6124296188354492,2
1363,graficon58nodi/grafo5350.58,21,58,74,104,120,4.0,32,417,85.26379537582397,2
1364,graficon71nodi/grafo9653.71,21,71,80,103,112,1.0,2,182,0.6712257862091064,2
1365,graficon63nodi/grafo4351.63,21,63,78,101,116,3.0,33,512,131.82172656059265,2
1366,graficon54nodi/grafo3785.54,21,54,70,101,117,2.0,28,208,5.858985424041748,2
1367,graficon37nodi/grafo11284.37,21,37,50,101,114,1.0,5,54,0.1796705722808838,2
1368,graficon38nodi/grafo2726.38,21,38,53,101,116,2.0,12,235,2.0663392543792725,2
1369,graficon62nodi/grafo6805.62,21,62,75,104,117,2.0,7,222,1.4703953266143799,2
1370,graficon67nodi/grafo9658.67,21,67,79,100,112,1.0,7,197,1.0406548976898193,2
1371,graficon60nodi/grafo3536.60,21,60,73,100,113,3.0,25,315,3.6018011569976807,2
1372,graficon57nodi/grafo7289.57,21,57,72,100,115,2.0,21,235,7.385099411010742,2
1373,graficon59nodi/grafo4281.59,21,59,76,102,119,3.0,19,302,61.769835233688354,2
1374,graficon40nodi/grafo5568.40,21,40,59,100,119,3.0,19,214,8.821979284286499,2
1375,graficon61nodi/grafo8051.61,21,61,73,102,114,1.0,10,155,2.1873273849487305,2
1376,graficon65nodi/grafo9375.65,21,65,76,102,113,1.0,7,209,1.5373833179473877,2
1377,graficon44nodi/grafo5352.44,21,44,70,100,126,6.0,66,550,63.69196105003357,2
1378,graficon47nodi/grafo5710.47,21,47,62,103,118,2.0,15,226,7.206634759902954,2
1379,graficon50nodi/grafo1392.50,21,50,63,103,116,2.0,9,185,2.537886381149292,2
1380,graficon42nodi/grafo7610.42,21,42,55,103,116,2.0,6,82,0.41063404083251953,2
1381,graficon40nodi/grafo6641.40,21,40,54,100,114,1.0,7,100,0.5988414287567139,2
1382,graficon57nodi/grafo4452.57,21,57,76,104,123,5.0,21,283,6.583172082901001,2
1383,graficon48nodi/grafo6289.48,21,48,65,104,121,2.0,16,275,4.879354000091553,2
1384,graficon39nodi/grafo3375.39,21,39,59,103,123,4.0,23,209,6.2688353061676025,2
1385,graficon45nodi/grafo7623.45,21,45,62,104,121,4.0,33,235,409.23500180244446,2
1386,graficon57nodi/grafo7770.57,21,57,69,102,114,1.0,8,230,3.491074562072754,2
1387,graficon46nodi/grafo6166.46,21,46,66,102,122,3.0,32,219,191.1456172466278,2
1388,graficon45nodi/grafo7391.45,21,45,61,100,116,2.0,21,210,3.7463722229003906,2
1389,graficon48nodi/grafo7135.48,21,48,68,104,124,4.0,33,430,51.52139115333557,2
1390,graficon59nodi/grafo6718.59,21,59,73,103,117,2.0,9,255,2.3976471424102783,2
1391,graficon36nodi/grafo2877.36,21,36,53,101,118,2.0,15,165,2.452148675918579,2
1392,graficon42nodi/grafo7744.42,21,42,52,100,110,1.0,5,88,0.18043279647827148,2
1393,graficon55nodi/grafo3834.55,21,55,80,103,128,3.0,38,290,124.44995880126953,2
1394,graficon50nodi/grafo1307.50,21,50,71,104,125,4.0,42,432,52.49715280532837,2
1395,graficon42nodi/grafo7026.42,21,42,55,101,114,3.0,10,118,0.9618115425109863,2
1396,graficon42nodi/grafo7261.42,21,42,62,100,120,3.0,33,348,19.105698585510254,2
1397,graficon56nodi/grafo5341.56,21,56,79,101,124,4.0,45,298,601.0396690368652,9
1398,graficon56nodi/grafo4651.56,21,56,76,101,121,3.0,36,350,12.124623775482178,2
1399,graficon35nodi/grafo5493.35,21,35,53,100,118,3.0,21,234,7.553555727005005,2
1400,graficon54nodi/grafo3748.54,21,54,73,104,123,4.0,32,264,600.5643148422241,9
1401,graficon56nodi/grafo1205.56,21,56,75,100,119,3.0,31,256,10.613236904144287,2
1402,graficon56nodi/grafo7738.56,21,56,79,102,125,4.0,34,385,95.52011466026306,2
1403,graficon61nodi/grafo3257.61,21,61,82,102,123,4.0,43,523,107.98978900909424,2
1404,graficon48nodi/grafo2254.48,21,48,66,102,120,3.0,22,295,20.226560831069946,2
1405,graficon42nodi/grafo5550.42,21,42,57,101,116,2.0,18,236,2.0253875255584717,2
1406,graficon58nodi/grafo6722.58,21,58,69,103,114,2.0,18,197,3.4964661598205566,2
1407,graficon50nodi/grafo6775.50,21,50,63,101,114,2.0,12,294,3.8496615886688232,2
1408,graficon56nodi/grafo6630.56,21,56,68,103,115,2.0,24,267,21.99148654937744,2
1409,graficon51nodi/grafo7550.51,21,51,66,102,117,3.0,19,254,4.427786111831665,2
1410,graficon55nodi/grafo4367.55,21,55,72,103,120,2.0,12,154,2.315610647201538,2
1411,graficon40nodi/grafo7165.40,21,40,55,102,117,3.0,24,220,71.12193131446838,2
1412,graficon67nodi/grafo6272.67,21,67,72,100,105,1.0,1,90,0.07608652114868164,2
1413,graficon51nodi/grafo3484.51,21,51,68,104,121,4.0,34,259,84.30064582824707,2
1414,graficon53nodi/grafo2794.53,21,53,73,104,124,4.0,33,330,149.68315601348877,2
1415,graficon49nodi/grafo4734.49,21,49,59,101,111,1.0,3,129,0.6961367130279541,2
1416,graficon50nodi/grafo5745.50,21,50,75,101,126,5.0,49,266,602.1034090518951,9
1417,graficon63nodi/grafo1570.63,21,63,74,100,111,2.0,15,201,3.2148590087890625,2
1418,graficon39nodi/grafo11671.39,21,39,52,101,114,2.0,10,150,2.1455299854278564,2
1419,graficon67nodi/grafo1617.67,21,67,80,103,116,2.0,12,175,3.0629427433013916,2
1420,graficon39nodi/grafo5762.39,21,39,59,103,123,2.0,22,212,4.330319881439209,2
1421,graficon54nodi/grafo4467.54,21,54,69,102,117,2.0,9,241,1.7982478141784668,2
1422,graficon36nodi/grafo5175.36,21,36,45,101,110,2.0,6,87,0.31503987312316895,2
1423,graficon49nodi/grafo5220.49,21,49,64,100,115,3.0,16,342,7.595633029937744,2
1424,graficon57nodi/grafo5032.57,21,57,69,101,113,2.0,6,236,3.5337367057800293,2
1425,graficon44nodi/grafo5221.44,21,44,57,102,115,2.0,14,120,1.514176607131958,2
1426,graficon42nodi/grafo10008.42,21,42,61,107,126,3.0,15,221,4.910351514816284,2
1427,graficon44nodi/grafo3501.44,21,44,63,106,125,3.0,27,347,11.71184492111206,2
1428,graficon55nodi/grafo4528.55,21,55,67,106,118,2.0,6,165,1.2245032787322998,2
1429,graficon45nodi/grafo7219.45,21,45,59,108,122,2.0,15,226,6.402820825576782,2
1430,graficon39nodi/grafo5763.39,21,39,54,109,124,2.0,7,135,1.1016120910644531,2
1431,graficon55nodi/grafo1361.55,21,55,66,106,117,2.0,8,258,1.3825492858886719,2
1432,graficon45nodi/grafo7555.45,21,45,58,106,119,2.0,8,138,1.012037992477417,2
1433,graficon54nodi/grafo7407.54,21,54,66,105,117,2.0,14,264,6.819772958755493,2
1434,graficon57nodi/grafo5924.57,21,57,74,105,122,3.0,18,218,8.903310775756836,2
1435,graficon44nodi/grafo6229.44,21,44,56,107,119,2.0,7,102,0.6477766036987305,2
1436,graficon43nodi/grafo6343.43,21,43,55,106,118,2.0,11,134,2.2788186073303223,2
1437,graficon48nodi/grafo6544.48,21,48,61,105,118,2.0,16,221,3.9280455112457275,2
1438,graficon62nodi/grafo1215.62,21,62,82,105,125,5.0,49,371,51.90017223358154,2
1439,graficon51nodi/grafo3726.51,21,51,70,105,124,3.0,27,213,71.0832085609436,2
1440,graficon64nodi/grafo9460.64,21,64,78,107,121,2.0,18,242,13.783346176147461,2
1441,graficon47nodi/grafo5255.47,21,47,64,106,123,3.0,18,273,5.093895673751831,2
1442,graficon61nodi/grafo4491.61,21,61,79,109,127,2.0,19,174,4.809514045715332,2
1443,graficon44nodi/grafo5130.44,21,44,56,106,118,2.0,15,205,3.0033273696899414,2
1444,graficon45nodi/grafo6438.45,21,45,58,105,118,2.0,10,206,1.7443571090698242,2
1445,graficon53nodi/grafo4079.53,21,53,62,107,116,2.0,10,125,1.6497323513031006,2
1446,graficon40nodi/grafo10057.40,21,40,59,106,125,4.0,46,293,300.38992404937744,2
1447,graficon52nodi/grafo7181.52,21,52,81,109,138,4.0,57,348,158.0322802066803,2
1448,graficon46nodi/grafo5473.46,21,46,64,106,124,3.0,20,298,4.4603822231292725,2
1449,graficon46nodi/grafo6674.46,21,46,62,107,123,3.0,18,193,2.5476694107055664,2
1450,graficon51nodi/grafo4756.51,21,51,70,109,128,3.0,23,304,12.673744916915894,2
1451,graficon38nodi/grafo11400.38,21,38,49,109,120,1.0,8,117,0.2946908473968506,2
1452,graficon43nodi/grafo6348.43,21,43,56,108,121,2.0,14,220,1.6262271404266357,2
1453,graficon36nodi/grafo6109.36,21,36,52,106,122,2.0,13,170,2.3772988319396973,2
1454,graficon53nodi/grafo4167.53,21,53,69,106,122,2.0,20,218,6.632831573486328,2
1455,graficon66nodi/grafo9206.66,21,66,84,109,127,3.0,34,239,43.25981116294861,2
1456,graficon58nodi/grafo3235.58,21,58,71,109,122,2.0,15,275,3.3131656646728516,2
1457,graficon48nodi/grafo6554.48,21,48,70,107,129,5.0,46,381,38.011849880218506,2
1458,graficon60nodi/grafo1192.60,21,60,79,106,125,4.0,40,284,15.253618955612183,2
1459,graficon46nodi/grafo6771.46,21,46,55,107,116,1.0,6,140,0.39232611656188965,2
1460,graficon40nodi/grafo5231.40,21,40,56,108,124,2.0,16,224,4.362999200820923,2
1461,graficon38nodi/grafo6547.38,21,38,64,107,133,5.0,66,349,285.1901786327362,2
1462,graficon59nodi/grafo3194.59,21,59,67,106,114,1.0,3,138,0.2619953155517578,2
1463,graficon47nodi/grafo6384.47,21,47,72,108,133,4.0,45,411,88.02286052703857,2
1464,graficon42nodi/grafo7389.42,21,42,62,109,129,3.0,25,238,8.09470248222351,2
1465,graficon54nodi/grafo7090.54,21,54,72,107,125,3.0,30,387,127.22284483909607,2
1466,graficon43nodi/grafo3227.43,21,43,65,108,130,4.0,30,293,14.465756893157959,2
1467,graficon44nodi/grafo7751.44,21,44,58,105,119,2.0,9,117,1.2344181537628174,2
1468,graficon40nodi/grafo7767.40,21,40,54,107,121,2.0,9,104,0.7591397762298584,2
1469,graficon49nodi/grafo7010.49,21,49,67,106,124,3.0,14,194,2.8408093452453613,2
1470,graficon60nodi/grafo4421.60,21,60,73,106,119,2.0,16,279,7.040639400482178,2
1471,graficon52nodi/grafo1431.52,21,52,70,109,127,3.0,17,185,2.737325429916382,2
1472,graficon48nodi/grafo6390.48,21,48,65,109,126,3.0,19,204,9.140080690383911,2
1473,graficon46nodi/grafo5713.46,21,46,66,105,125,2.0,26,195,6.34501838684082,2
1474,graficon55nodi/grafo5960.55,21,55,79,108,132,5.0,64,564,81.29192399978638,2
1475,graficon55nodi/grafo4161.55,21,55,73,106,124,6.0,28,344,83.50678658485413,2
1476,graficon37nodi/grafo3359.37,21,37,58,109,130,4.0,21,282,7.687222957611084,2
1477,graficon52nodi/grafo5150.52,21,52,70,107,125,3.0,19,265,34.83293294906616,2
1478,graficon55nodi/grafo4967.55,21,55,66,109,120,2.0,10,194,3.9839513301849365,2
1479,graficon49nodi/grafo2656.49,21,49,59,107,117,1.0,6,169,1.1151957511901855,2
1480,graficon44nodi/grafo7259.44,21,44,61,105,122,3.0,16,165,3.8173294067382812,2
1481,graficon45nodi/grafo6396.45,21,45,65,108,128,4.0,25,227,12.111561298370361,2
1482,graficon47nodi/grafo3730.47,21,47,63,107,123,2.0,13,183,2.6074531078338623,2
1483,graficon47nodi/grafo2478.47,21,47,62,105,120,3.0,20,283,7.207668304443359,2
1484,graficon59nodi/grafo6030.59,21,59,80,105,126,3.0,32,311,28.267664909362793,2
1485,graficon47nodi/grafo6696.47,21,47,66,106,125,3.0,25,249,5.835464239120483,2
1486,graficon60nodi/grafo5223.60,21,60,83,105,128,4.0,58,629,83.39170551300049,2
1487,graficon40nodi/grafo4038.40,21,40,53,107,120,2.0,9,151,1.7819979190826416,2
1488,graficon57nodi/grafo4177.57,21,57,76,107,126,3.0,19,406,14.525625228881836,2
1489,graficon57nodi/grafo5329.57,21,57,71,106,120,2.0,10,219,1.9912989139556885,2
1490,graficon57nodi/grafo5849.57,21,57,81,106,130,3.0,35,346,25.225226402282715,2
1491,graficon58nodi/grafo1501.58,21,58,72,108,122,1.0,6,150,0.31008219718933105,2
1492,graficon61nodi/grafo9391.61,21,61,78,107,124,3.0,21,255,6.266653060913086,2
1493,graficon55nodi/grafo3352.55,21,55,69,108,122,2.0,9,153,2.202326774597168,2
1494,graficon38nodi/grafo3917.38,21,38,58,105,125,3.0,28,355,20.667102336883545,2
1495,graficon65nodi/grafo9118.65,21,65,84,105,124,2.0,12,312,4.538831472396851,2
1496,graficon59nodi/grafo5083.59,21,59,71,106,118,3.0,18,415,8.714561939239502,2
1497,graficon41nodi/grafo5811.41,21,41,59,105,123,3.0,28,245,13.842567443847656,2
1498,graficon52nodi/grafo3185.52,21,52,76,108,132,4.0,36,238,263.5901165008545,2
1499,graficon61nodi/grafo6898.61,21,61,72,109,120,1.0,10,225,3.5095877647399902,2
1500,graficon49nodi/grafo6707.49,21,49,64,106,121,3.0,23,261,9.32841968536377,2
1501,graficon37nodi/grafo4080.37,21,37,57,112,132,4.0,28,346,18.594359397888184,2
1502,graficon54nodi/grafo1328.54,21,54,71,112,129,2.0,21,288,4.569603204727173,2
1503,graficon56nodi/grafo4416.56,21,56,70,114,128,3.0,16,187,4.650418996810913,2
1504,graficon59nodi/grafo4386.59,21,59,73,111,125,2.0,9,217,1.8189435005187988,2
1505,graficon54nodi/grafo4332.54,21,54,69,111,126,2.0,18,188,7.280282974243164,2
1506,graficon35nodi/grafo5351.35,21,35,51,111,127,3.0,9,165,1.6256327629089355,2
1507,graficon56nodi/grafo4275.56,21,56,76,113,133,3.0,31,276,13.423520565032959,2
1508,graficon59nodi/grafo6792.59,21,59,76,114,131,3.0,29,336,42.0342333316803,2
1509,graficon69nodi/grafo7584.69,21,69,80,114,125,2.0,14,195,8.082598447799683,2
1510,graficon51nodi/grafo6893.51,21,51,68,114,131,2.0,18,244,7.9828550815582275,2
1511,graficon58nodi/grafo5098.58,21,58,79,112,133,5.0,51,662,63.34893035888672,2
1512,graficon64nodi/grafo7471.64,21,64,76,110,122,3.0,13,306,2.0778541564941406,2
1513,graficon74nodi/grafo8685.74,21,74,94,114,134,4.0,21,464,28.433883905410767,2
1514,graficon47nodi/grafo7236.47,21,47,70,111,134,4.0,34,310,24.10985040664673,2
1515,graficon60nodi/grafo4548.60,21,60,72,112,124,3.0,24,275,103.96534085273743,2
1516,graficon64nodi/grafo4288.64,21,64,81,111,128,2.0,21,269,8.113137483596802,2
1517,graficon77nodi/grafo8372.77,21,77,85,112,120,2.0,8,309,6.845067501068115,2
1518,graficon61nodi/grafo5418.61,21,61,82,112,133,3.0,17,451,14.743207216262817,2
1519,graficon59nodi/grafo4463.59,21,59,76,114,131,2.0,12,305,2.5894908905029297,2
1520,graficon58nodi/grafo4889.58,21,58,77,111,130,3.0,30,348,53.35124444961548,2
1521,graficon55nodi/grafo4661.55,21,55,69,111,125,2.0,16,175,4.47787070274353,2
1522,graficon43nodi/grafo5950.43,21,43,56,112,125,2.0,9,136,1.3123226165771484,2
1523,graficon44nodi/grafo5404.44,21,44,60,113,129,2.0,14,227,4.0016679763793945,2
1524,graficon59nodi/grafo6503.59,21,59,73,111,125,2.0,13,159,3.3969228267669678,2
1525,graficon35nodi/grafo5852.35,21,35,50,112,127,2.0,8,107,0.9316329956054688,2
1526,graficon55nodi/grafo4318.55,21,55,81,114,140,4.0,54,457,43.02684235572815,2
1527,graficon63nodi/grafo9365.63,21,63,83,110,130,2.0,26,364,27.82176375389099,2
1528,graficon39nodi/grafo2982.39,21,39,52,112,125,2.0,7,145,0.9469625949859619,2
1529,graficon58nodi/grafo6031.58,21,58,82,113,137,4.0,39,482,77.47130799293518,2
1530,graficon40nodi/grafo3131.40,21,40,53,112,125,2.0,14,267,2.016831636428833,2
1531,graficon66nodi/grafo1564.66,21,66,85,114,133,3.0,17,281,11.745778322219849,2
1532,graficon44nodi/grafo6276.44,21,44,62,112,130,3.0,13,142,2.096531391143799,2
1533,graficon65nodi/grafo9158.65,21,65,87,114,136,4.0,48,430,563.0468003749847,2
1534,graficon61nodi/grafo3853.61,21,61,79,113,131,3.0,30,294,19.086457014083862,2
1535,graficon61nodi/grafo9775.61,21,61,79,113,131,2.0,17,446,12.4877347946167,2
1536,graficon43nodi/grafo3947.43,21,43,63,114,134,2.0,11,252,1.2729153633117676,2
1537,graficon42nodi/grafo7666.42,21,42,63,111,132,3.0,30,277,22.013314962387085,2
1538,graficon72nodi/grafo8975.72,21,72,87,112,127,3.0,30,417,309.24268674850464,2
1539,graficon51nodi/grafo4726.51,21,51,67,110,126,2.0,9,400,9.11965274810791,2
1540,graficon46nodi/grafo5659.46,21,46,60,110,124,2.0,11,213,1.5988609790802002,2
1541,graficon63nodi/grafo2914.63,21,63,80,111,128,3.0,34,288,117.06943154335022,2
1542,graficon58nodi/grafo5008.58,21,58,77,114,133,2.0,25,260,38.1096293926239,2
1543,graficon59nodi/grafo6791.59,21,59,76,114,131,3.0,29,336,41.613773822784424,2
1544,graficon53nodi/grafo1262.53,21,53,74,114,135,5.0,48,371,62.27563190460205,2
1545,graficon56nodi/grafo6350.56,21,56,74,114,132,3.0,22,286,9.86385440826416,2
1546,graficon36nodi/grafo3241.36,21,36,47,110,121,2.0,9,112,1.0664911270141602,2
1547,graficon52nodi/grafo3628.52,21,52,71,114,133,2.0,15,292,5.448729038238525,2
1548,graficon40nodi/grafo4021.40,21,40,51,111,122,1.0,9,118,0.6518185138702393,2
1549,graficon60nodi/grafo5483.60,21,60,75,113,128,3.0,7,314,2.9478371143341064,2
1550,graficon42nodi/grafo5183.42,21,42,58,110,126,2.0,17,239,9.894745349884033,2
1551,graficon62nodi/grafo4952.62,21,62,78,110,126,2.0,18,308,11.757477521896362,2
1552,graficon44nodi/grafo6968.44,21,44,67,112,135,5.0,24,254,4.16264271736145,2
1553,graficon46nodi/grafo6553.46,21,46,66,111,131,2.0,14,215,3.5640532970428467,2
1554,graficon56nodi/grafo6546.56,21,56,70,113,127,2.0,9,214,5.245738506317139,2
1555,graficon55nodi/grafo7054.55,21,55,79,112,136,5.0,44,396,600.8199651241302,9
1556,graficon62nodi/grafo6494.62,21,62,81,111,130,3.0,36,326,29.929256916046143,2
1557,graficon56nodi/grafo4322.56,21,56,78,113,135,4.0,37,301,124.83110117912292,2
1558,graficon62nodi/grafo7772.62,21,62,79,113,130,2.0,22,274,12.071914434432983,2
1559,graficon61nodi/grafo4616.61,21,61,81,111,131,3.0,21,338,22.1646625995636,2
1560,graficon63nodi/grafo4884.63,21,63,86,113,136,5.0,33,492,26.012216806411743,2
1561,graficon38nodi/grafo10618.38,21,38,54,113,129,3.0,22,161,4.028043746948242,2
1562,graficon52nodi/grafo6715.52,21,52,72,110,130,3.0,31,401,138.54128003120422,2
1563,graficon41nodi/grafo4031.41,21,41,62,111,132,3.0,25,232,4.720675945281982,2
1564,graficon53nodi/grafo5040.53,21,53,72,112,131,3.0,24,354,15.99239706993103,2
1565,graficon63nodi/grafo4162.63,21,63,81,113,131,3.0,24,358,28.50420117378235,2
1566,graficon53nodi/grafo4750.53,21,53,64,113,124,1.0,7,165,0.7627019882202148,2
1567,graficon37nodi/grafo5965.37,21,37,52,113,128,2.0,11,168,2.410693407058716,2
1568,graficon41nodi/grafo149.41,21,41,54,111,124,2.0,10,158,1.6080975532531738,2
1569,graficon68nodi/grafo4896.68,21,68,86,114,132,3.0,20,190,4.649802207946777,2
1570,graficon48nodi/grafo6561.48,21,48,68,111,131,3.0,18,318,8.365119695663452,2
1571,graficon64nodi/grafo9060.64,21,64,81,112,129,3.0,31,322,135.5264253616333,2
1572,graficon44nodi/grafo4022.44,21,44,63,113,132,2.0,19,278,3.6480181217193604,2
1573,graficon39nodi/grafo3142.39,21,39,52,111,124,2.0,12,170,1.5616798400878906,2
1574,graficon64nodi/grafo9057.64,21,64,85,114,135,3.0,38,334,147.04113268852234,2
1575,graficon38nodi/grafo7492.38,21,38,57,111,130,3.0,31,304,17.281830549240112,2
1576,graficon56nodi/grafo1366.56,21,56,70,115,129,1.0,6,190,1.123070240020752,2
1577,graficon57nodi/grafo4130.57,21,57,79,117,139,4.0,45,404,600.6552653312683,9
1578,graficon55nodi/grafo6661.55,21,55,72,117,134,2.0,15,172,1.7636613845825195,2
1579,graficon59nodi/grafo1342.59,21,59,70,117,128,2.0,13,247,15.914059162139893,2
1580,graficon64nodi/grafo9594.64,21,64,86,117,139,4.0,36,318,145.10671067237854,2
1581,graficon57nodi/grafo6107.57,21,57,75,119,137,2.0,22,313,12.235331296920776,2
1582,graficon64nodi/grafo9467.64,21,64,75,117,128,1.0,9,170,1.3718862533569336,2
1583,graficon68nodi/grafo9749.68,21,68,82,119,133,2.0,14,318,19.56466794013977,2
1584,graficon56nodi/grafo1480.56,21,56,77,118,139,4.0,60,411,56.38778018951416,2
1585,graficon37nodi/grafo11566.37,21,37,53,116,132,3.0,13,186,3.7162013053894043,2
1586,graficon62nodi/grafo5406.62,21,62,77,117,132,2.0,15,204,3.8492915630340576,2
1587,graficon71nodi/grafo8270.71,21,71,91,118,138,2.0,25,263,11.841730117797852,2
1588,graficon54nodi/grafo5311.54,21,54,74,115,135,4.0,32,459,53.85305190086365,2
1589,graficon59nodi/grafo4198.59,21,59,75,115,131,3.0,27,240,19.424352169036865,2
1590,graficon51nodi/grafo6747.51,21,51,65,118,132,2.0,13,183,2.288654088973999,2
1591,graficon68nodi/grafo6622.68,21,68,77,115,124,1.0,4,173,0.3690507411956787,2
1592,graficon64nodi/grafo4563.64,21,64,87,118,141,5.0,60,505,391.7846598625183,2
1593,graficon64nodi/grafo5788.64,21,64,77,117,130,3.0,18,267,11.845925092697144,2
1594,graficon67nodi/grafo6909.67,21,67,77,115,125,2.0,15,199,3.1953909397125244,2
1595,graficon53nodi/grafo4003.53,21,53,72,118,137,3.0,26,254,84.7969114780426,2
1596,graficon54nodi/grafo6872.54,21,54,76,119,141,4.0,61,375,600.6741280555725,9
1597,graficon57nodi/grafo6269.57,21,57,75,118,136,4.0,37,336,600.767317533493,9
1598,graficon58nodi/grafo4723.58,21,58,70,118,130,1.0,6,230,1.351590633392334,2
1599,graficon45nodi/grafo6297.45,21,45,60,115,130,2.0,11,153,2.577127456665039,2
1600,graficon39nodi/grafo9974.39,21,39,55,117,133,1.0,5,134,0.4558229446411133,2
1601,graficon55nodi/grafo4894.55,21,55,76,116,137,3.0,21,231,7.273540496826172,2
1602,graficon43nodi/grafo5515.43,21,43,64,116,137,3.0,33,340,24.63579750061035,2
1603,graficon52nodi/grafo3810.52,21,52,64,115,127,3.0,14,158,6.384117364883423,2
1604,graficon62nodi/grafo4293.62,21,62,77,115,130,2.0,22,339,9.380103349685669,2
1605,graficon57nodi/grafo3957.57,21,57,80,119,142,4.0,40,310,105.35670638084412,2
1606,graficon42nodi/grafo5345.42,21,42,55,118,131,2.0,7,143,2.071200132369995,2
1607,graficon44nodi/grafo7605.44,21,44,65,118,139,3.0,20,265,4.7613842487335205,2
1608,graficon47nodi/grafo6300.47,21,47,72,117,142,4.0,47,392,443.3551094532013,2
1609,graficon63nodi/grafo9652.63,21,63,75,118,130,2.0,13,206,4.428869962692261,2
1610,graficon53nodi/grafo5729.53,21,53,75,115,137,4.0,39,342,16.38725996017456,2
1611,graficon58nodi/grafo6690.58,21,58,70,116,128,3.0,7,221,1.7099320888519287,2
1612,graficon75nodi/grafo6954.75,21,75,90,117,132,3.0,18,210,14.30381965637207,2
1613,graficon51nodi/grafo3507.51,21,51,71,117,137,3.0,29,303,103.84449672698975,2
1614,graficon41nodi/grafo7137.41,21,41,59,115,133,2.0,21,177,3.5526082515716553,2
1615,graficon69nodi/grafo8347.69,21,69,76,119,126,1.0,3,170,0.5752460956573486,2
1616,graficon64nodi/grafo4722.64,21,64,80,119,135,2.0,16,214,2.490339756011963,2
1617,graficon44nodi/grafo5243.44,21,44,61,118,135,2.0,21,235,5.429273366928101,2
1618,graficon51nodi/grafo4766.51,21,51,73,117,139,3.0,23,318,10.430874109268188,2
1619,graficon45nodi/grafo7039.45,21,45,63,116,134,2.0,10,238,2.3237457275390625,2
1620,graficon66nodi/grafo1414.66,21,66,82,118,134,2.0,21,303,17.161646604537964,2
1621,graficon48nodi/grafo7601.48,21,48,64,118,134,3.0,20,209,10.183765172958374,2
1622,graficon63nodi/grafo9085.63,21,63,82,119,138,4.0,28,333,17.277185201644897,2
1623,graficon56nodi/grafo4621.56,21,56,67,119,130,3.0,12,161,1.106825590133667,2
1624,graficon63nodi/grafo7961.63,21,63,76,117,130,2.0,7,221,1.1455276012420654,2
1625,graficon56nodi/grafo3760.56,21,56,69,115,128,1.0,8,161,1.0476505756378174,2
1626,graficon58nodi/grafo5173.58,21,58,83,115,140,3.0,41,384,74.74159741401672,2
1627,graficon43nodi/grafo6391.43,21,43,62,119,138,3.0,28,277,20.28664207458496,2
1628,graficon37nodi/grafo5229.37,21,37,53,115,131,3.0,15,182,2.839191436767578,2
1629,graficon67nodi/grafo9070.67,21,67,88,116,137,3.0,44,369,322.39893889427185,2
1630,graficon76nodi/grafo8078.76,21,76,98,117,139,5.0,63,409,133.3384439945221,2
1631,graficon65nodi/grafo1527.65,21,65,77,117,129,2.0,9,193,1.8418755531311035,2
1632,graficon37nodi/grafo6959.37,21,37,55,117,135,2.0,10,128,1.3126976490020752,2
1633,graficon46nodi/grafo6724.46,21,46,66,118,138,3.0,27,266,174.90784192085266,2
1634,graficon43nodi/grafo5987.43,21,43,63,117,137,4.0,35,239,14.924333810806274,2
1635,graficon64nodi/grafo9098.64,21,64,80,117,133,2.0,16,234,1.3732380867004395,2
1636,graficon54nodi/grafo3460.54,21,54,82,117,145,5.0,57,628,600.703245639801,9
1637,graficon50nodi/grafo4869.50,21,50,69,117,136,3.0,20,242,55.031492710113525,2
1638,graficon44nodi/grafo4017.44,21,44,60,118,134,2.0,19,209,6.597675323486328,2
1639,graficon61nodi/grafo9367.61,21,61,77,117,133,5.0,15,345,12.950490236282349,2
1640,graficon37nodi/grafo6698.37,21,37,54,118,135,2.0,15,156,3.075977325439453,2
1641,graficon66nodi/grafo4656.66,21,66,81,119,134,2.0,18,284,14.124599933624268,2
1642,graficon52nodi/grafo4874.52,21,52,70,119,137,2.0,8,341,4.500824451446533,2
1643,graficon57nodi/grafo6446.57,21,57,68,116,127,2.0,4,164,1.1583421230316162,2
1644,graficon57nodi/grafo1567.57,21,57,74,118,135,2.0,16,183,2.9938223361968994,2
1645,graficon60nodi/grafo7536.60,21,60,76,119,135,3.0,24,330,20.928849935531616,2
1646,graficon62nodi/grafo9405.62,21,62,82,117,137,4.0,38,524,601.2140216827393,9
1647,graficon58nodi/grafo4605.58,21,58,84,118,144,5.0,60,608,135.80657935142517,2
1648,graficon39nodi/grafo3902.39,21,39,53,116,130,4.0,15,195,3.557129383087158,2
1649,graficon46nodi/grafo6228.46,21,46,62,116,132,3.0,24,298,5.17009711265564,2
1650,graficon63nodi/grafo6941.63,21,63,82,116,135,3.0,26,317,89.5627019405365,2
1651,graficon58nodi/grafo5389.58,21,58,84,122,148,4.0,51,410,609.8744149208069,9
1652,graficon52nodi/grafo3704.52,21,52,70,121,139,4.0,28,315,19.54243493080139,2
1653,graficon60nodi/grafo5914.60,21,60,82,124,146,4.0,52,398,600.9283921718597,9
1654,graficon58nodi/grafo4730.58,21,58,86,123,151,3.0,35,611,61.424296140670776,2
1655,graficon68nodi/grafo8028.68,21,68,94,121,147,6.0,84,599,600.6237463951111,9
1656,graficon47nodi/grafo3846.47,21,47,65,124,142,2.0,16,302,1.2763888835906982,2
1657,graficon46nodi/grafo6790.46,21,46,74,121,149,6.0,60,604,600.7554025650024,9
1658,graficon73nodi/grafo6710.73,21,73,94,124,145,3.0,46,529,27.134336709976196,2
1659,graficon59nodi/grafo7328.59,21,59,71,120,132,2.0,8,163,1.0876941680908203,2
1660,graficon46nodi/grafo7399.46,21,46,63,123,140,3.0,17,173,95.72018432617188,2
1661,graficon76nodi/grafo7967.76,21,76,100,121,145,4.0,52,756,600.6674320697784,9
1662,graficon67nodi/grafo8050.67,21,67,86,123,142,3.0,24,369,297.2510986328125,2
1663,graficon42nodi/grafo6310.42,21,42,63,122,143,2.0,25,219,13.453077793121338,2
1664,graficon56nodi/grafo3658.56,21,56,78,124,146,5.0,52,391,56.31955146789551,2
1665,graficon62nodi/grafo4245.62,21,62,84,121,143,3.0,37,278,43.232460021972656,2
1666,graficon77nodi/grafo4554.77,21,77,99,124,146,4.0,61,494,88.3501980304718,2
1667,graficon60nodi/grafo4856.60,21,60,80,122,142,3.0,25,300,19.81239151954651,2
1668,graficon53nodi/grafo4505.53,21,53,69,120,136,1.0,8,179,2.55509352684021,2
1669,graficon43nodi/grafo5443.43,21,43,59,122,138,3.0,19,221,70.42500114440918,2
1670,graficon51nodi/grafo6475.51,21,51,66,122,137,2.0,19,192,3.8103060722351074,2
1671,graficon47nodi/grafo7084.47,21,47,65,124,142,3.0,16,302,12.635596513748169,2
1672,graficon75nodi/grafo8507.75,21,75,88,123,136,2.0,11,177,85.85333180427551,2
1673,graficon48nodi/grafo1416.48,21,48,62,124,138,2.0,8,176,1.1629993915557861,2
1674,graficon63nodi/grafo9234.63,21,63,87,120,144,3.0,46,338,33.00596070289612,2
1675,graficon51nodi/grafo4154.51,21,51,65,121,135,2.0,10,226,2.772698163986206,2
1676,graficon62nodi/grafo4988.62,21,62,78,121,137,2.0,26,295,325.97824215888977,2
1677,graficon61nodi/grafo6131.61,21,61,79,123,141,2.0,15,399,17.386930227279663,2
1678,graficon44nodi/grafo6911.44,21,44,59,124,139,2.0,7,127,0.9628634452819824,2
1679,graficon58nodi/grafo3448.58,21,58,85,124,151,5.0,41,409,317.5283694267273,2
1680,graficon60nodi/grafo8115.60,21,60,74,120,134,2.0,25,321,10.605215787887573,2
1681,graficon55nodi/grafo3950.55,21,55,74,121,140,3.0,22,298,96.47385358810425,2
1682,graficon64nodi/grafo9659.64,21,64,82,122,140,4.0,31,319,309.96945118904114,2
1683,graficon44nodi/grafo3705.44,21,44,57,120,133,1.0,7,149,1.0084254741668701,2
1684,graficon61nodi/grafo4313.61,21,61,89,120,148,4.0,46,307,601.030613899231,9
1685,graficon57nodi/grafo3991.57,21,57,81,120,144,5.0,48,419,49.750943422317505,2
1686,graficon46nodi/grafo7405.46,21,46,64,123,141,3.0,26,238,158.27417969703674,2
1687,graficon57nodi/grafo3791.57,21,57,78,123,144,3.0,39,334,115.65944170951843,2
1688,graficon43nodi/grafo3269.43,21,43,58,122,137,2.0,9,190,1.6430675983428955,2
1689,graficon39nodi/grafo6026.39,21,39,61,122,144,3.0,15,192,4.389292240142822,2
1690,graficon62nodi/grafo9822.62,21,62,89,124,151,6.0,64,498,600.8893077373505,9
1691,graficon49nodi/grafo4046.49,21,49,67,122,140,3.0,13,306,22.30133318901062,2
1692,graficon55nodi/grafo3346.55,21,55,74,122,141,2.0,18,269,26.002182722091675,2
1693,graficon56nodi/grafo4940.56,21,56,72,121,137,3.0,15,290,4.4817328453063965,2
1694,graficon57nodi/grafo4083.57,21,57,78,124,145,3.0,29,289,43.67174172401428,2
1695,graficon46nodi/grafo3636.46,21,46,62,121,137,2.0,14,244,2.5051870346069336,2
1696,graficon55nodi/grafo4394.55,21,55,76,124,145,3.0,28,275,218.09439420700073,2
1697,graficon42nodi/grafo6004.42,21,42,60,121,139,2.0,11,284,2.9010019302368164,2
1698,graficon61nodi/grafo4331.61,21,61,78,124,141,2.0,15,243,2.437453508377075,2
1699,graficon69nodi/grafo7284.69,21,69,87,121,139,3.0,30,251,22.68140935897827,2
1700,graficon55nodi/grafo3598.55,21,55,73,122,140,3.0,24,286,165.6261818408966,2
1701,graficon55nodi/grafo4356.55,21,55,73,120,138,3.0,19,200,57.7196307182312,2
1702,graficon61nodi/grafo5755.61,21,61,85,124,148,4.0,48,341,376.0446364879608,2
1703,graficon38nodi/grafo11236.38,21,38,52,124,138,2.0,5,126,0.7849113941192627,2
1704,graficon56nodi/grafo5089.56,21,56,83,123,150,3.0,46,274,438.4300465583801,2
1705,graficon46nodi/grafo7386.46,21,46,66,122,142,3.0,28,334,43.28711724281311,2
1706,graficon60nodi/grafo8159.60,21,60,85,122,147,3.0,36,467,339.62326169013977,2
1707,graficon61nodi/grafo3564.61,21,61,79,124,142,3.0,39,433,243.02427911758423,2
1708,graficon66nodi/grafo8771.66,21,66,88,123,145,3.0,25,283,17.728355169296265,2
1709,graficon56nodi/grafo5055.56,21,56,77,124,145,3.0,31,369,8.692643880844116,2
1710,graficon58nodi/grafo4280.58,21,58,75,120,137,2.0,18,268,10.583186388015747,2
1711,graficon69nodi/grafo4408.69,21,69,91,121,143,5.0,36,514,265.2111005783081,2
1712,graficon53nodi/grafo6767.53,21,53,73,121,141,3.0,25,416,54.43118596076965,2
1713,graficon63nodi/grafo4642.63,21,63,84,124,145,3.0,32,335,46.27179479598999,2
1714,graficon61nodi/grafo8562.61,21,61,80,122,141,3.0,27,288,5.409498929977417,2
1715,graficon37nodi/grafo3533.37,21,37,57,120,140,3.0,22,286,16.27184295654297,2
1716,graficon43nodi/grafo6008.43,21,43,68,124,149,3.0,30,355,24.196122884750366,2
1717,graficon60nodi/grafo3198.60,21,60,80,123,143,4.0,37,333,601.0483479499817,9
1718,graficon48nodi/grafo1488.48,21,48,58,122,132,2.0,7,194,1.6933109760284424,2
1719,graficon60nodi/grafo7341.60,21,60,78,124,142,3.0,25,295,7.213063955307007,2
1720,graficon73nodi/grafo9705.73,21,73,94,124,145,3.0,24,347,22.453346252441406,2
1721,graficon62nodi/grafo5912.62,21,62,75,122,135,2.0,14,265,9.49954605102539,2
1722,graficon51nodi/grafo4451.51,21,51,72,124,145,2.0,21,243,4.402498245239258,2
1723,graficon69nodi/grafo7808.69,21,69,88,120,139,3.0,20,291,16.27932047843933,2
1724,graficon68nodi/grafo2711.68,21,68,82,124,138,2.0,11,316,1.9539971351623535,2
1725,graficon63nodi/grafo4263.63,21,63,77,123,137,2.0,15,234,2.3181092739105225,2
1726,graficon66nodi/grafo9266.66,21,66,93,127,154,4.0,55,519,123.18945479393005,2
1727,graficon48nodi/grafo7477.48,21,48,69,126,147,3.0,33,327,21.523237466812134,2
1728,graficon65nodi/grafo4828.65,21,65,88,125,148,3.0,27,448,25.389015674591064,2
1729,graficon59nodi/grafo4124.59,21,59,82,126,149,2.0,21,220,4.123554944992065,2
1730,graficon51nodi/grafo3677.51,21,51,71,129,149,3.0,24,272,19.51922869682312,2
1731,graficon54nodi/grafo3737.54,21,54,77,127,150,4.0,36,240,600.58127617836,9
1732,graficon64nodi/grafo9716.64,21,64,82,125,143,3.0,24,285,219.79670906066895,2
1733,graficon60nodi/grafo6454.60,21,60,78,125,143,3.0,18,206,12.288957357406616,2
1734,graficon63nodi/grafo9179.63,21,63,74,125,136,1.0,7,191,5.693629741668701,2
1735,graficon46nodi/grafo6834.46,21,46,67,127,148,4.0,33,235,129.4103126525879,2
1736,graficon50nodi/grafo4950.50,21,50,64,125,139,2.0,9,242,1.4071056842803955,2
1737,graficon67nodi/grafo5107.67,21,67,80,129,142,2.0,18,319,5.503156900405884,2
1738,graficon44nodi/grafo7398.44,21,44,58,128,142,2.0,14,163,3.5868468284606934,2
1739,graficon59nodi/grafo6969.59,21,59,79,129,149,3.0,26,185,27.016156911849976,2
1740,graficon54nodi/grafo3614.54,21,54,75,125,146,3.0,31,360,33.294108867645264,2
1741,graficon60nodi/grafo4876.60,21,60,78,127,145,3.0,27,275,69.26459860801697,2
1742,graficon40nodi/grafo10615.40,21,40,50,129,139,1.0,1,96,0.10786795616149902,2
1743,graficon69nodi/grafo9667.69,21,69,88,126,145,3.0,21,479,25.193262577056885,2
1744,graficon41nodi/grafo3889.41,21,41,55,126,140,3.0,12,151,3.0419857501983643,2
1745,graficon43nodi/grafo7193.43,21,43,64,125,146,3.0,30,212,12.543378114700317,2
1746,graficon68nodi/grafo9145.68,21,68,86,129,147,2.0,27,319,22.44057607650757,2
1747,graficon68nodi/grafo8032.68,21,68,83,126,141,2.0,6,226,1.6125242710113525,2
1748,graficon56nodi/grafo4601.56,21,56,71,125,140,2.0,12,203,2.24228572845459,2
1749,graficon57nodi/grafo4462.57,21,57,67,127,137,1.0,5,189,0.5894646644592285,2
1750,graficon69nodi/grafo7516.69,21,69,88,128,147,3.0,43,345,41.74959349632263,2
1751,graficon56nodi/grafo3789.56,21,56,79,129,152,3.0,37,268,181.0552158355713,2
1752,graficon49nodi/grafo1542.49,21,49,59,126,136,2.0,6,157,1.3535902500152588,2
1753,graficon56nodi/grafo3569.56,21,56,75,125,144,3.0,26,351,20.22638463973999,2
1754,graficon62nodi/grafo9583.62,21,62,77,129,144,2.0,14,198,2.4107959270477295,2
1755,graficon56nodi/grafo5249.56,21,56,85,125,154,3.0,40,578,84.63477325439453,2
1756,graficon48nodi/grafo3561.48,21,48,68,127,147,3.0,29,246,16.97475790977478,2
1757,graficon63nodi/grafo3204.63,21,63,87,128,152,4.0,46,524,600.6750602722168,9
1758,graficon53nodi/grafo7077.53,21,53,73,126,146,3.0,19,284,37.01196074485779,2
1759,graficon56nodi/grafo5077.56,21,56,79,125,148,4.0,38,310,501.61044335365295,2
1760,graficon57nodi/grafo4700.57,21,57,76,125,144,3.0,25,279,3.2212417125701904,2
1761,graficon58nodi/grafo7346.58,21,58,78,125,145,3.0,27,325,25.812354803085327,2
1762,graficon57nodi/grafo5317.57,21,57,73,127,143,2.0,25,336,88.15238642692566,2
1763,graficon61nodi/grafo4497.61,21,61,82,125,146,4.0,55,437,600.5242068767548,9
1764,graficon65nodi/grafo9519.65,21,65,85,128,148,3.0,23,241,9.263806819915771,2
1765,graficon55nodi/grafo3183.55,21,55,67,125,137,2.0,10,165,2.0880327224731445,2
1766,graficon71nodi/grafo9009.71,21,71,83,128,140,3.0,19,374,22.785252332687378,2
1767,graficon58nodi/grafo6840.58,21,58,73,125,140,2.0,12,225,3.1300032138824463,2
1768,graficon57nodi/grafo4773.57,21,57,79,128,150,4.0,35,329,47.91930556297302,2
1769,graficon54nodi/grafo6321.54,21,54,71,129,146,3.0,20,160,90.07338380813599,2
1770,graficon65nodi/grafo2881.65,21,65,76,129,140,2.0,10,218,4.036786794662476,2
1771,graficon50nodi/grafo6410.50,21,50,69,128,147,2.0,17,237,3.6171438694000244,2
1772,graficon64nodi/grafo9180.64,21,64,80,127,143,2.0,26,208,20.675780773162842,2
1773,graficon55nodi/grafo6500.55,21,55,75,125,145,3.0,31,299,144.54282021522522,2
1774,graficon74nodi/grafo7149.74,21,74,93,127,146,2.0,16,269,4.7539918422698975,2
1775,graficon66nodi/grafo8998.66,21,66,99,127,160,14.0,126,655,600.6917414665222,9
1776,graficon60nodi/grafo5896.60,21,60,84,128,152,4.0,30,476,53.744384765625,2
1777,graficon48nodi/grafo6833.48,21,48,69,129,150,3.0,22,248,15.10310435295105,2
1778,graficon44nodi/grafo6938.44,21,44,61,127,144,3.0,18,188,6.176239252090454,2
1779,graficon60nodi/grafo4138.60,21,60,83,129,152,4.0,46,367,608.8110020160675,9
1780,graficon63nodi/grafo5858.63,21,63,83,126,146,4.0,27,444,273.36125779151917,2
1781,graficon61nodi/grafo6803.61,21,61,87,125,151,5.0,55,503,600.7691178321838,9
1782,graficon54nodi/grafo4701.54,21,54,67,126,139,2.0,8,161,1.5235013961791992,2
1783,graficon43nodi/grafo5467.43,21,43,73,129,159,4.0,52,422,97.75583696365356,2
1784,graficon62nodi/grafo9257.62,21,62,85,128,151,3.0,40,583,235.88680171966553,2
1785,graficon59nodi/grafo6980.59,21,59,79,129,149,3.0,26,185,27.07332968711853,2
1786,graficon65nodi/grafo9475.65,21,65,84,126,145,3.0,30,248,106.28821063041687,2
1787,graficon54nodi/grafo7613.54,21,54,78,127,151,3.0,36,368,11.917518854141235,2
1788,graficon43nodi/grafo5187.43,21,43,61,129,147,3.0,13,146,2.371105432510376,2
1789,graficon41nodi/grafo3701.41,21,41,58,127,144,3.0,25,266,3.1245901584625244,2
1790,graficon49nodi/grafo3085.49,21,49,72,128,151,3.0,31,278,52.826598167419434,2
1791,graficon68nodi/grafo9378.68,21,68,81,125,138,2.0,13,217,4.761909008026123,2
1792,graficon59nodi/grafo5600.59,21,59,78,125,144,2.0,22,355,14.805638074874878,2
1793,graficon46nodi/grafo6986.46,21,46,63,127,144,4.0,17,262,4.590762138366699,2
1794,graficon78nodi/grafo8145.78,21,78,98,127,147,5.0,74,699,600.6208522319794,9
1795,graficon61nodi/grafo4392.61,21,61,75,125,139,2.0,18,324,11.69619631767273,2
1796,graficon68nodi/grafo4472.68,21,68,90,128,150,3.0,24,373,114.85460543632507,2
1797,graficon80nodi/grafo9560.80,21,80,100,127,147,5.0,65,710,601.055127620697,9
1798,graficon57nodi/grafo6238.57,21,57,87,128,158,5.0,45,433,600.9957270622253,9
1799,graficon62nodi/grafo2002.62,21,62,77,126,141,2.0,20,336,7.739790439605713,2
1800,graficon59nodi/grafo4615.59,21,59,75,129,145,2.0,15,177,3.042829751968384,2
1801,graficon56nodi/grafo4685.56,21,56,71,132,147,2.0,9,236,0.8032567501068115,2
1802,graficon65nodi/grafo4904.65,21,65,78,130,143,1.0,5,290,6.18166708946228,2
1803,graficon75nodi/grafo7926.75,21,75,93,131,149,3.0,28,497,65.88975667953491,2
1804,graficon65nodi/grafo9415.65,21,65,85,131,151,3.0,43,472,537.5844211578369,2
1805,graficon48nodi/grafo5672.48,21,48,70,132,154,3.0,27,325,36.70111560821533,2
1806,graficon54nodi/grafo3189.54,21,54,84,132,162,5.0,64,471,600.6977746486664,9
1807,graficon63nodi/grafo4702.63,21,63,89,134,160,5.0,76,550,601.0227906703949,9
1808,graficon60nodi/grafo8898.60,21,60,78,130,148,2.0,20,315,12.375682353973389,2
1809,graficon70nodi/grafo1381.70,21,70,87,133,150,1.0,9,230,2.4312686920166016,2
1810,graficon62nodi/grafo8037.62,21,62,81,132,151,2.0,25,299,36.32579779624939,2
1811,graficon70nodi/grafo8234.70,21,70,89,131,150,3.0,26,208,23.316813945770264,2
1812,graficon63nodi/grafo7806.63,21,63,83,132,152,3.0,16,288,8.418477058410645,2
1813,graficon53nodi/grafo4882.53,21,53,75,133,155,3.0,27,226,17.583032369613647,2
1814,graficon69nodi/grafo1568.69,21,69,89,131,151,2.0,19,327,19.210144996643066,2
1815,graficon56nodi/grafo1478.56,21,56,69,132,145,1.0,6,210,1.6102876663208008,2
1816,graficon67nodi/grafo9187.67,21,67,93,133,159,5.0,79,552,600.9325428009033,9
1817,graficon40nodi/grafo2593.40,21,40,55,130,145,2.0,9,124,1.1775248050689697,2
1818,graficon72nodi/grafo9592.72,21,72,86,132,146,2.0,19,164,6.986433744430542,2
1819,graficon38nodi/grafo6416.38,21,38,57,131,150,2.0,15,148,1.5965330600738525,2
1820,graficon65nodi/grafo6412.65,21,65,82,133,150,3.0,24,332,14.117958068847656,2
1821,graficon54nodi/grafo4969.54,21,54,85,130,161,6.0,65,518,600.8976023197174,9
1822,graficon63nodi/grafo9400.63,21,63,85,134,156,3.0,31,249,18.36769437789917,2
1823,graficon66nodi/grafo1298.66,21,66,82,131,147,3.0,23,309,45.95402693748474,2
1824,graficon56nodi/grafo7752.56,21,56,69,134,147,2.0,11,219,7.021243333816528,2
1825,graficon67nodi/grafo9754.67,21,67,96,131,160,5.0,55,597,600.6980168819427,9
1826,graficon55nodi/grafo5444.55,21,55,70,134,149,2.0,18,238,14.705762147903442,2
1827,graficon66nodi/grafo4404.66,21,66,81,131,146,3.0,18,188,146.49475765228271,2
1828,graficon42nodi/grafo4033.42,21,42,64,133,155,3.0,20,309,4.184530735015869,2
1829,graficon69nodi/grafo9191.69,21,69,90,134,155,3.0,27,462,43.02427554130554,2
1830,graficon71nodi/grafo8560.71,21,71,93,132,154,5.0,49,431,600.5170795917511,9
1831,graficon46nodi/grafo5778.46,21,46,69,132,155,3.0,30,381,19.9461452960968,2
1832,graficon51nodi/grafo4577.51,21,51,68,132,149,3.0,22,294,78.60108304023743,2
1833,graficon60nodi/grafo7493.60,21,60,83,131,154,4.0,38,490,89.95775485038757,2
1834,graficon68nodi/grafo1575.68,21,68,84,133,149,2.0,15,209,4.957937002182007,2
1835,graficon45nodi/grafo6295.45,21,45,67,130,152,4.0,31,343,14.174103260040283,2
1836,graficon68nodi/grafo1303.68,21,68,84,131,147,2.0,17,306,6.819808483123779,2
1837,graficon65nodi/grafo9272.65,21,65,81,130,146,3.0,25,327,44.30439114570618,2
1838,graficon65nodi/grafo9575.65,21,65,82,130,147,2.0,18,197,5.9690635204315186,2
1839,graficon64nodi/grafo5067.64,21,64,82,131,149,2.0,19,344,27.500431776046753,2
1840,graficon63nodi/grafo4679.63,21,63,87,131,155,4.0,50,369,600.5647549629211,9
1841,graficon69nodi/grafo8072.69,21,69,88,132,151,2.0,17,246,9.65064811706543,2
1842,graficon56nodi/grafo3427.56,21,56,81,131,156,5.0,56,556,601.362762928009,9
1843,graficon46nodi/grafo6994.46,21,46,64,134,152,3.0,19,324,23.980528593063354,2
1844,graficon66nodi/grafo4737.66,21,66,86,132,152,3.0,33,340,55.525532484054565,2
1845,graficon56nodi/grafo5851.56,21,56,75,131,150,3.0,29,313,12.596572875976562,2
1846,graficon63nodi/grafo5068.63,21,63,87,132,156,5.0,55,397,600.5493416786194,9
1847,graficon55nodi/grafo1487.55,21,55,71,130,146,2.0,19,280,8.780039548873901,2
1848,graficon60nodi/grafo9141.60,21,60,82,130,152,2.0,29,204,7.708002090454102,2
1849,graficon44nodi/grafo6014.44,21,44,59,133,148,2.0,12,197,3.4301443099975586,2
1850,graficon55nodi/grafo6741.55,21,55,80,131,156,4.0,57,308,601.019697189331,9
1851,graficon66nodi/grafo4727.66,21,66,88,133,155,3.0,30,465,393.3997526168823,2
1852,graficon60nodi/grafo5435.60,21,60,85,132,157,4.0,55,512,140.566712141037,2
1853,graficon41nodi/grafo3340.41,21,41,54,130,143,2.0,9,167,1.5106899738311768,2
1854,graficon65nodi/grafo9417.65,21,65,88,132,155,2.0,13,315,9.026621103286743,2
1855,graficon61nodi/grafo7324.61,21,61,77,132,148,2.0,19,284,7.813868761062622,2
1856,graficon70nodi/grafo9841.70,21,70,97,131,158,4.0,64,416,209.03697562217712,2
1857,graficon69nodi/grafo7954.69,21,69,103,134,168,6.0,85,742,600.7478351593018,9
1858,graficon48nodi/grafo3327.48,21,48,73,133,158,4.0,28,355,236.012113571167,2
1859,graficon60nodi/grafo8610.60,21,60,77,133,150,2.0,15,188,5.128798961639404,2
1860,graficon71nodi/grafo5375.71,21,71,93,132,154,7.0,59,573,600.8639490604401,9
1861,graficon60nodi/grafo4910.60,21,60,76,132,148,3.0,19,207,39.91517758369446,2
1862,graficon63nodi/grafo1606.63,21,63,85,133,155,4.0,33,336,92.37583994865417,2
1863,graficon83nodi/grafo8245.83,21,83,104,130,151,4.0,48,683,601.0385084152222,9
1864,graficon59nodi/grafo4591.59,21,59,83,131,155,3.0,27,380,23.881126880645752,2
1865,graficon54nodi/grafo1545.54,21,54,71,134,151,3.0,19,324,9.28199315071106,2
1866,graficon53nodi/grafo5052.53,21,53,77,130,154,3.0,36,419,35.395580768585205,2
1867,graficon51nodi/grafo7562.51,21,51,81,133,163,6.0,87,532,600.7756609916687,9
1868,graficon58nodi/grafo5403.58,21,58,77,130,149,4.0,37,565,39.358691453933716,2
1869,graficon79nodi/grafo9810.79,21,79,101,133,155,3.0,56,425,372.301034450531,2
1870,graficon48nodi/grafo5806.48,21,48,65,130,147,2.0,16,257,4.7373528480529785,2
1871,graficon49nodi/grafo5654.49,21,49,68,130,149,3.0,21,284,4.181250095367432,2
1872,graficon60nodi/grafo6316.60,21,60,82,132,154,4.0,35,359,20.81759810447693,2
1873,graficon63nodi/grafo9246.63,21,63,89,133,159,5.0,53,478,546.1440136432648,2
1874,graficon71nodi/grafo9173.71,21,71,105,134,168,6.0,86,762,368.3808205127716,2
1875,graficon78nodi/grafo9549.78,21,78,97,132,151,4.0,49,533,600.8050465583801,9
1876,graficon64nodi/grafo4584.64,21,64,89,136,161,3.0,35,373,36.02690410614014,2
1877,graficon47nodi/grafo6821.47,21,47,68,138,159,3.0,27,218,66.25783848762512,2
1878,graficon61nodi/grafo8397.61,21,61,82,138,159,3.0,30,265,148.66589450836182,2
1879,graficon52nodi/grafo6177.52,21,52,69,139,156,3.0,15,207,4.683578252792358,2
1880,graficon56nodi/grafo3772.56,21,56,83,138,165,3.0,38,410,262.1629436016083,2
1881,graficon62nodi/grafo4790.62,21,62,85,135,158,4.0,40,331,16.363284587860107,2
1882,graficon51nodi/grafo1520.51,21,51,65,139,153,2.0,21,194,4.548858642578125,2
1883,graficon71nodi/grafo4197.71,21,71,97,139,165,3.0,34,385,183.64714789390564,2
1884,graficon76nodi/grafo4174.76,21,76,98,135,157,4.0,32,361,600.5779390335083,9
1885,graficon62nodi/grafo5986.62,21,62,88,137,163,6.0,80,567,600.9341757297516,9
1886,graficon62nodi/grafo7813.62,21,62,81,135,154,4.0,28,351,19.50821566581726,2
1887,graficon57nodi/grafo7627.57,21,57,85,135,163,5.0,56,515,206.98041534423828,2
1888,graficon61nodi/grafo5559.61,21,61,75,139,153,2.0,19,199,9.442337274551392,2
1889,graficon58nodi/grafo6457.58,21,58,84,137,163,4.0,50,464,600.5522274971008,9
1890,graficon53nodi/grafo6147.53,21,53,63,139,149,2.0,7,131,1.1469218730926514,2
1891,graficon59nodi/grafo4900.59,21,59,83,139,163,3.0,31,377,36.658084869384766,2
1892,graficon54nodi/grafo4928.54,21,54,72,139,157,3.0,24,262,6.177518129348755,2
1893,graficon58nodi/grafo7022.58,21,58,80,136,158,3.0,37,357,145.16651797294617,2
1894,graficon77nodi/grafo9389.77,21,77,99,136,158,4.0,43,399,262.64376974105835,2
1895,graficon67nodi/grafo8161.67,21,67,90,138,161,3.0,34,334,225.9565305709839,2
1896,graficon47nodi/grafo6701.47,21,47,74,136,163,4.0,45,416,74.71212530136108,2
1897,graficon70nodi/grafo9708.70,21,70,91,139,160,2.0,19,418,19.751788854599,2
1898,graficon55nodi/grafo4299.55,21,55,79,138,162,3.0,43,322,78.54337787628174,2
1899,graficon55nodi/grafo5845.55,21,55,80,139,164,4.0,48,446,601.2370493412018,9
1900,graficon54nodi/grafo7468.54,21,54,81,138,165,4.0,50,391,600.6369028091431,9
1901,graficon73nodi/grafo4273.73,21,73,90,139,156,2.0,8,269,3.767634868621826,2
1902,graficon67nodi/grafo5665.67,21,67,83,137,153,2.0,14,244,9.318674087524414,2
1903,graficon55nodi/grafo5023.55,21,55,78,136,159,3.0,33,352,45.58168125152588,2
1904,graficon66nodi/grafo9195.66,21,66,86,138,158,3.0,24,409,25.959123134613037,2
1905,graficon64nodi/grafo9364.64,21,64,91,136,163,4.0,41,449,72.47057747840881,2
1906,graficon61nodi/grafo6022.61,21,61,86,138,163,4.0,43,444,93.2331759929657,2
1907,graficon39nodi/grafo6294.39,21,39,58,138,157,3.0,18,242,3.822741985321045,2
1908,graficon57nodi/grafo3386.57,21,57,86,135,164,4.0,43,324,600.8639976978302,9
1909,graficon55nodi/grafo3797.55,21,55,79,135,159,3.0,26,363,19.913362979888916,2
1910,graficon66nodi/grafo4881.66,21,66,83,138,155,2.0,20,302,8.230498313903809,2
1911,graficon59nodi/grafo4611.59,21,59,81,137,159,3.0,20,357,10.575878620147705,2
1912,graficon59nodi/grafo3674.59,21,59,90,139,170,5.0,62,540,600.7387194633484,9
1913,graficon66nodi/grafo9366.66,21,66,85,139,158,2.0,30,413,48.26781368255615,2
1914,graficon81nodi/grafo5469.81,21,81,98,137,154,4.0,32,557,103.14014315605164,2
1915,graficon77nodi/grafo9780.77,21,77,96,138,157,4.0,31,567,172.08381152153015,2
1916,graficon76nodi/grafo8522.76,21,76,99,135,158,3.0,25,515,29.03768491744995,2
1917,graficon80nodi/grafo9582.80,21,80,101,138,159,3.0,37,458,92.76932835578918,2
1918,graficon79nodi/grafo6720.79,21,79,102,139,162,3.0,48,377,603.6592195034027,9
1919,graficon68nodi/grafo9632.68,21,68,91,139,162,4.0,43,427,80.66221261024475,2
1920,graficon68nodi/grafo7293.68,21,68,79,137,148,1.0,8,227,1.9521119594573975,2
1921,graficon77nodi/grafo4393.77,21,77,97,136,156,3.0,33,325,15.604520559310913,2
1922,graficon81nodi/grafo4257.81,21,81,107,136,162,4.0,76,641,174.3284866809845,2
1923,graficon62nodi/grafo5084.62,21,62,80,137,155,2.0,14,285,3.00114369392395,2
1924,graficon38nodi/grafo11345.38,21,38,56,139,157,2.0,7,147,1.5385680198669434,2
1925,graficon61nodi/grafo4922.61,21,61,91,138,168,4.0,39,371,585.0533781051636,2
1926,graficon71nodi/grafo5179.71,21,71,98,136,163,6.0,74,537,600.8338489532471,9
1927,graficon47nodi/grafo6691.47,21,47,67,139,159,3.0,26,292,59.85944700241089,2
1928,graficon68nodi/grafo1565.68,21,68,83,136,151,1.0,10,235,2.0915331840515137,2
1929,graficon78nodi/grafo8409.78,21,78,103,137,162,5.0,44,566,138.12314558029175,2
1930,graficon62nodi/grafo4877.62,21,62,85,137,160,3.0,34,328,22.655718564987183,2
1931,graficon69nodi/grafo8995.69,21,69,90,136,157,4.0,29,324,51.01791787147522,2
1932,graficon64nodi/grafo4413.64,21,64,87,138,161,3.0,24,269,62.34042429924011,2
1933,graficon69nodi/grafo7938.69,21,69,90,139,160,4.0,56,473,533.9730570316315,2
1934,graficon70nodi/grafo8047.70,21,70,98,138,166,5.0,79,516,600.902257680893,9
1935,graficon67nodi/grafo4635.67,21,67,79,139,151,1.0,6,261,4.55185341835022,2
1936,graficon85nodi/grafo8547.85,21,85,104,139,158,4.0,43,450,600.6815981864929,9
1937,graficon58nodi/grafo6312.58,21,58,87,138,167,5.0,56,504,600.9967267513275,9
1938,graficon39nodi/grafo4104.39,21,39,55,139,155,2.0,12,186,4.256903171539307,2
1939,graficon81nodi/grafo4522.81,21,81,94,136,149,2.0,10,254,6.157479763031006,2
1940,graficon93nodi/grafo8962.93,21,93,109,135,151,2.0,27,366,23.773719310760498,2
1941,graficon54nodi/grafo4346.54,21,54,80,138,164,5.0,51,403,105.1740996837616,2
1942,graficon67nodi/grafo1518.67,21,67,85,135,153,4.0,33,326,520.7272553443909,2
1943,graficon62nodi/grafo5134.62,21,62,80,136,154,2.0,17,182,4.4376749992370605,2
1944,graficon42nodi/grafo7588.42,21,42,62,138,158,3.0,25,194,65.0918664932251,2
1945,graficon56nodi/grafo6721.56,21,56,77,135,156,3.0,33,335,254.94558429718018,2
1946,graficon61nodi/grafo8268.61,21,61,89,137,165,4.0,35,414,356.00180220603943,2
1947,graficon67nodi/grafo7882.67,21,67,81,137,151,2.0,13,338,7.812006711959839,2
1948,graficon75nodi/grafo4276.75,21,75,96,137,158,3.0,30,321,166.27693915367126,2
1949,graficon74nodi/grafo5001.74,21,74,91,135,152,2.0,18,324,9.851707935333252,2
1950,graficon65nodi/grafo4774.65,21,65,85,138,158,2.0,16,288,11.372826099395752,2
1951,graficon60nodi/grafo3653.60,21,60,86,141,167,4.0,48,409,99.12483882904053,2
1952,graficon65nodi/grafo9512.65,21,65,93,142,170,4.0,56,542,600.704558134079,9
1953,graficon71nodi/grafo7021.71,21,71,89,144,162,2.0,18,180,32.80873942375183,2
1954,graficon65nodi/grafo9304.65,21,65,91,144,170,4.0,52,489,141.73713755607605,2
1955,graficon74nodi/grafo9719.74,21,74,106,143,175,8.0,110,608,600.8106384277344,9
1956,graficon50nodi/grafo7712.50,21,50,67,142,159,3.0,14,186,4.416306734085083,2
1957,graficon65nodi/grafo4738.65,21,65,89,141,165,5.0,39,504,99.33640336990356,2
1958,graficon43nodi/grafo7458.43,21,43,61,142,160,3.0,25,180,63.96937608718872,2
1959,graficon61nodi/grafo9017.61,21,61,80,144,163,2.0,12,221,2.535601854324341,2
1960,graficon72nodi/grafo6528.72,21,72,87,141,156,2.0,19,359,23.912562608718872,2
1961,graficon55nodi/grafo4357.55,21,55,74,140,159,2.0,12,202,3.8939926624298096,2
1962,graficon61nodi/grafo4181.61,21,61,78,144,161,2.0,20,304,18.787509441375732,2
1963,graficon89nodi/grafo6694.89,21,89,103,140,154,2.0,21,393,13.966777324676514,2
1964,graficon81nodi/grafo7951.81,21,81,99,143,161,3.0,45,493,601.1191296577454,9
1965,graficon65nodi/grafo8405.65,21,65,92,142,169,5.0,53,426,343.0286672115326,2
1966,graficon71nodi/grafo6545.71,21,71,89,142,160,3.0,32,471,600.8805103302002,9
1967,graficon63nodi/grafo9109.63,21,63,88,142,167,4.0,55,364,601.0190906524658,9
1968,graficon52nodi/grafo6386.52,21,52,79,142,169,4.0,48,418,600.9719476699829,9
1969,graficon56nodi/grafo4175.56,21,56,73,141,158,2.0,14,258,5.706681728363037,2
1970,graficon78nodi/grafo9693.78,21,78,103,143,168,3.0,37,645,117.1438090801239,2
1971,graficon89nodi/grafo8947.89,21,89,116,143,170,4.0,60,571,601.3169677257538,9
1972,graficon52nodi/grafo3211.52,21,52,77,141,166,3.0,46,331,30.852561235427856,2
1973,graficon70nodi/grafo8238.70,21,70,89,144,163,3.0,23,432,286.45166087150574,2
1974,graficon63nodi/grafo7972.63,21,63,90,143,170,8.0,61,549,600.8732514381409,9
1975,graficon83nodi/grafo9440.83,21,83,108,140,165,3.0,44,388,90.70894193649292,2
1976,graficon69nodi/grafo8401.69,21,69,100,143,174,4.0,68,557,601.0877315998077,9
1977,graficon68nodi/grafo9165.68,21,68,91,142,165,4.0,41,459,87.93710160255432,2
1978,graficon53nodi/grafo3357.53,21,53,73,140,160,2.0,25,260,3.9865915775299072,2
1979,graficon53nodi/grafo4996.53,21,53,69,142,158,3.0,21,246,5.842359304428101,2
1980,graficon61nodi/grafo4239.61,21,61,76,143,158,2.0,9,165,1.9004101753234863,2
1981,graficon56nodi/grafo7664.56,21,56,74,143,161,3.0,19,208,19.440330266952515,2
1982,graficon51nodi/grafo1383.51,21,51,74,140,163,3.0,25,259,19.818374633789062,2
1983,graficon57nodi/grafo6842.57,21,57,74,141,158,3.0,18,174,54.105735301971436,2
1984,graficon71nodi/grafo7810.71,21,71,92,142,163,3.0,44,430,285.29609656333923,2
1985,graficon64nodi/grafo9007.64,21,64,101,144,181,6.0,94,468,601.0061190128326,9
1986,graficon66nodi/grafo9398.66,21,66,90,141,165,3.0,37,353,222.4772424697876,2
1987,graficon52nodi/grafo6375.52,21,52,79,142,169,4.0,48,418,601.0423338413239,9
1988,graficon83nodi/grafo7841.83,21,83,107,144,168,4.0,50,417,600.8970718383789,9
1989,graficon60nodi/grafo8868.60,21,60,75,141,156,3.0,18,200,36.22830009460449,2
1990,graficon69nodi/grafo7855.69,21,69,84,142,157,4.0,28,398,87.62381362915039,2
1991,graficon56nodi/grafo3584.56,21,56,80,141,165,3.0,35,291,135.4766652584076,2
1992,graficon61nodi/grafo7596.61,21,61,85,140,164,4.0,39,378,23.777564525604248,2
1993,graficon57nodi/grafo3818.57,21,57,77,142,162,3.0,29,349,36.90168309211731,2
1994,graficon75nodi/grafo8517.75,21,75,95,142,162,3.0,32,579,306.5674488544464,2
1995,graficon63nodi/grafo9291.63,21,63,88,140,165,5.0,61,492,600.8993480205536,9
1996,graficon47nodi/grafo3948.47,21,47,66,141,160,3.0,23,192,7.807693243026733,2
1997,graficon76nodi/grafo9253.76,21,76,105,141,170,inf,0,0,601.3417408466339,9
1998,graficon53nodi/grafo4803.53,21,53,70,143,160,3.0,20,234,45.934019804000854,2
1999,graficon69nodi/grafo9729.69,21,69,103,144,178,5.0,73,382,601.0518877506256,9
2000,graficon54nodi/grafo3284.54,21,54,82,142,170,4.0,54,341,600.6469869613647,9
2001,graficon68nodi/grafo9328.68,21,68,99,143,174,6.0,78,519,600.9846394062042,9
2002,graficon43nodi/grafo4055.43,21,43,61,141,159,3.0,25,228,13.458744525909424,2
2003,graficon70nodi/grafo8229.70,21,70,97,143,170,4.0,40,328,601.1633477210999,9
2004,graficon64nodi/grafo9178.64,21,64,87,141,164,3.0,32,351,50.75973391532898,2
2005,graficon69nodi/grafo9816.69,21,69,96,141,168,4.0,57,473,408.47895193099976,2
2006,graficon52nodi/grafo4677.52,21,52,72,143,163,2.0,15,222,3.0332343578338623,2
2007,graficon72nodi/grafo4810.72,21,72,88,143,159,2.0,13,245,4.838097333908081,2
2008,graficon51nodi/grafo6012.51,21,51,81,142,172,4.0,28,417,26.014384031295776,2
2009,graficon62nodi/grafo4487.62,21,62,86,140,164,4.0,58,357,92.5356981754303,2
2010,graficon59nodi/grafo4390.59,21,59,89,143,173,5.0,68,551,600.9536907672882,9
2011,graficon78nodi/grafo4220.78,21,78,98,143,163,3.0,25,309,29.44473695755005,2
2012,graficon71nodi/grafo8336.71,21,71,91,144,164,4.0,39,346,385.7486641407013,2
2013,graficon70nodi/grafo5094.70,21,70,91,141,162,4.0,42,573,134.85937523841858,2
2014,graficon62nodi/grafo8989.62,21,62,80,141,159,2.0,18,228,9.340614557266235,2
2015,graficon75nodi/grafo4669.75,21,75,96,142,163,2.0,19,308,10.139688491821289,2
2016,graficon58nodi/grafo4899.58,21,58,80,141,163,5.0,37,433,475.0612061023712,2
2017,graficon75nodi/grafo9188.75,21,75,92,140,157,3.0,19,279,12.23364520072937,2
2018,graficon67nodi/grafo9712.67,21,67,85,140,158,2.0,16,265,7.6552324295043945,2
2019,graficon79nodi/grafo9244.79,21,79,98,142,161,3.0,45,463,161.6908037662506,2
2020,graficon57nodi/grafo4919.57,21,57,74,143,160,2.0,9,219,1.8028466701507568,2
2021,graficon70nodi/grafo8187.70,21,70,89,140,159,3.0,36,348,209.01649951934814,2
2022,graficon58nodi/grafo5075.58,21,58,75,144,161,3.0,25,188,17.608975887298584,2
2023,graficon70nodi/grafo9739.70,21,70,85,144,159,2.0,13,154,5.025952339172363,2
2024,graficon74nodi/grafo4178.74,21,74,99,141,166,3.0,36,341,28.42487382888794,2
2025,graficon59nodi/grafo7660.59,21,59,81,140,162,3.0,37,382,36.736475467681885,2
