Index,Data,combo_idx,Nodes,Edges,TotalNodes,TotalEdges,ObjVal,Crossings,EdgeLength,Runtime,Status
1,graficon13nodi/grafo2567.13,22,13,13,13,13,0.0,0,6,0.0027179718017578125,2
2,graficon11nodi/grafo685.11,22,11,11,13,13,0.0,0,13,0.005893707275390625,2
3,graficon10nodi/grafo2511.10,22,10,10,12,12,0.0,0,6,0.002445697784423828,2
4,graficon12nodi/grafo957.12,22,12,11,13,12,0.0,0,10,0.0028040409088134766,2
5,graficon14nodi/grafo769.14,22,14,13,14,13,0.0,0,10,0.002051830291748047,2
6,graficon10nodi/grafo1070.10,22,10,10,12,12,0.0,0,6,0.00106048583984375,2
7,graficon10nodi/grafo473.10,22,10,10,12,12,0.0,0,6,0.002050638198852539,2
8,graficon14nodi/grafo371.14,22,14,13,14,13,0.0,0,6,0.003340005874633789,2
9,graficon12nodi/grafo906.12,22,12,11,12,11,0.0,0,3,0.0015964508056640625,2
10,graficon11nodi/grafo927.11,22,11,10,11,10,0.0,0,6,0.00214385986328125,2
11,graficon10nodi/grafo758.10,22,10,10,12,12,0.0,0,6,0.0017690658569335938,2
12,graficon12nodi/grafo122.12,22,12,11,12,11,0.0,0,5,0.001466512680053711,2
13,graficon12nodi/grafo1843.12,22,12,15,14,17,1.0,2,13,0.027225732803344727,2
14,graficon10nodi/grafo898.10,22,10,9,10,9,0.0,0,2,0.0010249614715576172,2
15,graficon11nodi/grafo2433.11,22,11,11,13,13,0.0,0,3,0.0019774436950683594,2
16,graficon11nodi/grafo749.11,22,11,10,13,12,0.0,0,5,0.0035104751586914062,2
17,graficon10nodi/grafo961.10,22,10,10,12,12,0.0,0,6,0.0016512870788574219,2
18,graficon10nodi/grafo1857.10,22,10,12,12,14,0.0,0,10,0.0021762847900390625,2
19,graficon11nodi/grafo1004.11,22,11,12,12,13,0.0,0,15,0.004586696624755859,2
20,graficon11nodi/grafo675.11,22,11,11,13,13,0.0,0,4,0.001953601837158203,2
21,graficon10nodi/grafo633.10,22,10,9,10,9,0.0,0,2,0.0007944107055664062,2
22,graficon13nodi/grafo2908.13,22,13,12,13,12,0.0,0,8,0.0018742084503173828,2
23,graficon11nodi/grafo441.11,22,11,11,13,13,0.0,0,14,0.0054645538330078125,2
24,graficon11nodi/grafo2812.11,22,11,11,13,13,0.0,0,3,0.0018744468688964844,2
25,graficon10nodi/grafo881.10,22,10,9,10,9,0.0,0,2,0.001646280288696289,2
26,graficon10nodi/grafo455.10,22,10,10,13,13,0.0,0,4,0.0021533966064453125,2
27,graficon12nodi/grafo933.12,22,12,11,12,11,0.0,0,5,0.0013723373413085938,2
28,graficon12nodi/grafo256.12,22,12,11,12,11,0.0,0,2,0.0016477108001708984,2
29,graficon10nodi/grafo1098.10,22,10,9,10,9,0.0,0,2,0.0014109611511230469,2
30,graficon11nodi/grafo246.11,22,11,10,11,10,0.0,0,3,0.0017380714416503906,2
31,graficon12nodi/grafo2668.12,22,12,13,14,15,1.0,1,7,0.0026810169219970703,2
32,graficon12nodi/grafo667.12,22,12,12,13,13,0.0,0,16,0.004053354263305664,2
33,graficon12nodi/grafo986.12,22,12,11,12,11,0.0,0,5,0.0009756088256835938,2
34,graficon10nodi/grafo782.10,22,10,9,10,9,0.0,0,2,0.0014166831970214844,2
35,graficon12nodi/grafo756.12,22,12,11,12,11,0.0,0,3,0.0013856887817382812,2
36,graficon11nodi/grafo1629.11,22,11,11,14,14,0.0,0,10,0.0015692710876464844,2
37,graficon12nodi/grafo888.12,22,12,13,14,15,0.0,0,16,0.0037772655487060547,2
38,graficon11nodi/grafo1162.11,22,11,11,12,12,0.0,0,6,0.0016183853149414062,2
39,graficon11nodi/grafo3101.11,22,11,11,13,13,0.0,0,3,0.0025734901428222656,2
40,graficon10nodi/grafo910.10,22,10,9,10,9,0.0,0,2,0.0015108585357666016,2
41,graficon13nodi/grafo514.13,22,13,12,13,12,0.0,0,4,0.0024302005767822266,2
42,graficon10nodi/grafo718.10,22,10,10,12,12,0.0,0,6,0.002665996551513672,2
43,graficon10nodi/grafo1123.10,22,10,10,12,12,0.0,0,6,0.0025582313537597656,2
44,graficon10nodi/grafo474.10,22,10,10,12,12,0.0,0,6,0.0025060176849365234,2
45,graficon14nodi/grafo272.14,22,14,13,14,13,0.0,0,9,0.003690958023071289,2
46,graficon11nodi/grafo1084.11,22,11,10,11,10,0.0,0,2,0.0014629364013671875,2
47,graficon11nodi/grafo2971.11,22,11,11,13,13,0.0,0,3,0.0027360916137695312,2
48,graficon11nodi/grafo313.11,22,11,10,13,12,0.0,0,13,0.0031998157501220703,2
49,graficon11nodi/grafo532.11,22,11,11,13,13,0.0,0,9,0.0035161972045898438,2
50,graficon11nodi/grafo857.11,22,11,11,12,12,0.0,0,12,0.005660057067871094,2
51,graficon10nodi/grafo978.10,22,10,10,12,12,0.0,0,6,0.001453399658203125,2
52,graficon13nodi/grafo1067.13,22,13,13,13,13,0.0,0,6,0.002572774887084961,2
53,graficon12nodi/grafo2949.12,22,12,11,12,11,0.0,0,4,0.0018339157104492188,2
54,graficon10nodi/grafo962.10,22,10,10,12,12,0.0,0,6,0.001936197280883789,2
55,graficon10nodi/grafo460.10,22,10,9,10,9,0.0,0,2,0.0014193058013916016,2
56,graficon11nodi/grafo3073.11,22,11,11,13,13,0.0,0,3,0.0025739669799804688,2
57,graficon11nodi/grafo316.11,22,11,13,14,16,0.0,0,22,0.0046253204345703125,2
58,graficon13nodi/grafo2415.13,22,13,13,14,14,0.0,0,5,0.0031595230102539062,2
59,graficon12nodi/grafo861.12,22,12,12,14,14,0.0,0,21,0.007599830627441406,2
60,graficon11nodi/grafo612.11,22,11,11,13,13,0.0,0,7,0.002065420150756836,2
61,graficon10nodi/grafo513.10,22,10,10,12,12,0.0,0,6,0.002470731735229492,2
62,graficon12nodi/grafo352.12,22,12,12,14,14,1.0,1,6,0.004024028778076172,2
63,graficon11nodi/grafo3113.11,22,11,11,13,13,0.0,0,3,0.002540111541748047,2
64,graficon12nodi/grafo2651.12,22,12,13,12,13,1.0,2,13,0.005395174026489258,2
65,graficon13nodi/grafo2595.13,22,13,12,13,12,0.0,0,5,0.0031380653381347656,2
66,graficon14nodi/grafo345.14,22,14,13,14,13,0.0,0,9,0.002981424331665039,2
67,graficon10nodi/grafo209.10,22,10,10,12,12,0.0,0,6,0.0020253658294677734,2
68,graficon11nodi/grafo1005.11,22,11,11,12,12,0.0,0,9,0.0022516250610351562,2
69,graficon10nodi/grafo1032.10,22,10,9,10,9,0.0,0,2,0.0012655258178710938,2
70,graficon10nodi/grafo210.10,22,10,10,12,12,0.0,0,6,0.0025360584259033203,2
71,graficon11nodi/grafo759.11,22,11,12,12,13,1.0,1,7,0.0031294822692871094,2
72,graficon10nodi/grafo265.10,22,10,12,12,14,1.0,1,16,0.0033707618713378906,2
73,graficon12nodi/grafo2439.12,22,12,12,13,13,0.0,0,10,0.0024688243865966797,2
74,graficon11nodi/grafo748.11,22,11,11,13,13,0.0,0,8,0.003425121307373047,2
75,graficon11nodi/grafo2714.11,22,11,11,13,13,0.0,0,5,0.0026814937591552734,2
76,graficon15nodi/grafo886.15,22,15,15,18,18,0.0,0,20,0.008684396743774414,2
77,graficon12nodi/grafo2359.12,22,12,17,16,21,1.0,3,67,0.043488264083862305,2
78,graficon17nodi/grafo565.17,22,17,17,19,19,0.0,0,7,0.0026526451110839844,2
79,graficon14nodi/grafo642.14,22,14,15,16,17,1.0,1,14,0.008260726928710938,2
80,graficon15nodi/grafo2783.15,22,15,17,19,21,1.0,1,24,0.010962724685668945,2
81,graficon12nodi/grafo2707.12,22,12,14,16,18,1.0,1,10,0.0060880184173583984,2
82,graficon16nodi/grafo2861.16,22,16,15,18,17,1.0,1,21,0.013822317123413086,2
83,graficon16nodi/grafo853.16,22,16,16,16,16,0.0,0,11,0.004910945892333984,2
84,graficon17nodi/grafo1122.17,22,17,17,19,19,0.0,0,7,0.0027627944946289062,2
85,graficon11nodi/grafo2384.11,22,11,12,15,16,0.0,0,9,0.002393007278442383,2
86,graficon15nodi/grafo1618.15,22,15,16,19,20,0.0,0,29,0.012166261672973633,2
87,graficon13nodi/grafo325.13,22,13,14,15,16,1.0,1,11,0.00516510009765625,2
88,graficon17nodi/grafo1161.17,22,17,18,19,20,0.0,0,23,0.00579833984375,2
89,graficon13nodi/grafo510.13,22,13,16,18,21,1.0,1,21,0.01250314712524414,2
90,graficon14nodi/grafo367.14,22,14,14,15,15,0.0,0,11,0.007170677185058594,2
91,graficon13nodi/grafo477.13,22,13,13,15,15,0.0,0,4,0.002437114715576172,2
92,graficon13nodi/grafo951.13,22,13,17,19,23,0.0,0,45,0.013651132583618164,2
93,graficon11nodi/grafo1734.11,22,11,14,17,20,1.0,1,36,0.008345842361450195,2
94,graficon15nodi/grafo2797.15,22,15,17,15,17,1.0,1,19,0.007315397262573242,2
95,graficon12nodi/grafo2335.12,22,12,14,19,21,0.0,0,14,0.006577253341674805,2
96,graficon10nodi/grafo1740.10,22,10,13,17,20,1.0,1,36,0.01544809341430664,2
97,graficon13nodi/grafo1853.13,22,13,15,17,19,1.0,3,47,0.0426175594329834,2
98,graficon16nodi/grafo2142.16,22,16,16,17,17,0.0,0,14,0.00581812858581543,2
99,graficon14nodi/grafo956.14,22,14,15,15,16,1.0,1,12,0.0054399967193603516,2
100,graficon15nodi/grafo585.15,22,15,16,19,20,0.0,0,31,0.010664224624633789,2
101,graficon14nodi/grafo2291.14,22,14,14,16,16,1.0,1,25,0.01270151138305664,2
102,graficon14nodi/grafo1658.14,22,14,15,19,20,0.0,0,16,0.004504680633544922,2
103,graficon13nodi/grafo559.13,22,13,15,19,21,0.0,0,17,0.005274772644042969,2
104,graficon15nodi/grafo2377.15,22,15,15,16,16,0.0,0,11,0.0024220943450927734,2
105,graficon14nodi/grafo2189.14,22,14,16,17,19,1.0,1,27,0.007030487060546875,2
106,graficon16nodi/grafo322.16,22,16,15,17,16,0.0,0,9,0.00606536865234375,2
107,graficon14nodi/grafo2460.14,22,14,14,15,15,0.0,0,9,0.004666328430175781,2
108,graficon16nodi/grafo1177.16,22,16,15,17,16,0.0,0,15,0.002455472946166992,2
109,graficon13nodi/grafo203.13,22,13,14,15,16,1.0,1,9,0.004416227340698242,2
110,graficon13nodi/grafo387.13,22,13,15,19,21,1.0,1,20,0.00706934928894043,2
111,graficon15nodi/grafo1107.15,22,15,19,19,23,0.0,0,28,0.011476755142211914,2
112,graficon12nodi/grafo576.12,22,12,14,17,19,0.0,0,8,0.002690553665161133,2
113,graficon12nodi/grafo542.12,22,12,14,17,19,0.0,0,14,0.003313302993774414,2
114,graficon10nodi/grafo1898.10,22,10,15,16,21,1.0,1,34,0.013683080673217773,2
115,graficon12nodi/grafo543.12,22,12,12,15,15,1.0,1,9,0.005348920822143555,2
116,graficon14nodi/grafo843.14,22,14,14,15,15,0.0,0,25,0.007215023040771484,2
117,graficon14nodi/grafo1620.14,22,14,15,17,18,0.0,0,16,0.004531383514404297,2
118,graficon14nodi/grafo255.14,22,14,16,16,18,1.0,2,35,0.013668060302734375,2
119,graficon14nodi/grafo899.14,22,14,15,15,16,1.0,1,26,0.011311531066894531,2
120,graficon17nodi/grafo422.17,22,17,17,18,18,0.0,0,29,0.009386777877807617,2
121,graficon13nodi/grafo440.13,22,13,14,18,19,0.0,0,17,0.0064699649810791016,2
122,graficon11nodi/grafo280.11,22,11,12,15,16,0.0,0,21,0.004309177398681641,2
123,graficon15nodi/grafo2331.15,22,15,17,17,19,0.0,0,19,0.005452394485473633,2
124,graficon11nodi/grafo1006.11,22,11,12,15,16,0.0,0,8,0.002962827682495117,2
125,graficon13nodi/grafo2218.13,22,13,13,16,16,1.0,1,13,0.005254507064819336,2
126,graficon14nodi/grafo3087.14,22,14,14,16,16,0.0,0,13,0.008093118667602539,2
127,graficon16nodi/grafo1069.16,22,16,15,17,16,0.0,0,14,0.00397801399230957,2
128,graficon14nodi/grafo524.14,22,14,15,15,16,0.0,0,13,0.004904508590698242,2
129,graficon11nodi/grafo1913.11,22,11,14,15,18,0.0,0,15,0.006090402603149414,2
130,graficon14nodi/grafo2919.14,22,14,15,17,18,0.0,0,20,0.006247997283935547,2
131,graficon16nodi/grafo418.16,22,16,18,19,21,0.0,0,34,0.012438774108886719,2
132,graficon13nodi/grafo1935.13,22,13,18,17,22,1.0,1,31,0.010521411895751953,2
133,graficon17nodi/grafo774.17,22,17,18,19,20,1.0,3,55,0.021841049194335938,2
134,graficon16nodi/grafo1029.16,22,16,16,18,18,0.0,0,8,0.0019249916076660156,2
135,graficon12nodi/grafo2663.12,22,12,13,15,16,0.0,0,11,0.002117156982421875,2
136,graficon14nodi/grafo2634.14,22,14,13,15,14,0.0,0,12,0.004636526107788086,2
137,graficon12nodi/grafo2380.12,22,12,12,16,16,0.0,0,10,0.004982471466064453,2
138,graficon17nodi/grafo2146.17,22,17,17,19,19,0.0,0,17,0.0032758712768554688,2
139,graficon14nodi/grafo2900.14,22,14,14,18,18,0.0,0,10,0.002882242202758789,2
140,graficon13nodi/grafo430.13,22,13,14,16,17,0.0,0,10,0.0022172927856445312,2
141,graficon10nodi/grafo938.10,22,10,14,19,23,1.0,3,55,0.04130363464355469,2
142,graficon14nodi/grafo1063.14,22,14,15,18,19,0.0,0,11,0.0015904903411865234,2
143,graficon11nodi/grafo2964.11,22,11,12,19,20,0.0,0,12,0.00398564338684082,2
144,graficon13nodi/grafo989.13,22,13,14,18,19,0.0,0,12,0.0036771297454833984,2
145,graficon11nodi/grafo822.11,22,11,13,18,20,1.0,1,13,0.0035088062286376953,2
146,graficon10nodi/grafo1774.10,22,10,15,16,21,1.0,1,34,0.012975215911865234,2
147,graficon11nodi/grafo900.11,22,11,13,18,20,0.0,0,9,0.0027358531951904297,2
148,graficon13nodi/grafo2927.13,22,13,14,19,20,1.0,1,23,1.1334991455078125,2
149,graficon13nodi/grafo2354.13,22,13,16,19,22,1.0,1,24,0.014126062393188477,2
150,graficon13nodi/grafo791.13,22,13,15,19,21,1.0,1,16,0.010365486145019531,2
151,graficon16nodi/grafo1945.16,22,16,17,23,24,1.0,2,27,0.04801011085510254,2
152,graficon17nodi/grafo2644.17,22,17,19,23,25,0.0,0,23,0.010970354080200195,2
153,graficon17nodi/grafo2882.17,22,17,18,24,25,0.0,0,25,0.01189112663269043,2
154,graficon19nodi/grafo794.19,22,19,21,22,24,1.0,1,23,0.00938558578491211,2
155,graficon14nodi/grafo489.14,22,14,15,22,23,1.0,1,15,0.010024547576904297,2
156,graficon18nodi/grafo1865.18,22,18,20,23,25,0.0,0,30,0.014559745788574219,2
157,graficon15nodi/grafo1970.15,22,15,17,22,24,0.0,0,18,0.00493931770324707,2
158,graficon14nodi/grafo2419.14,22,14,17,24,27,1.0,1,27,0.018538475036621094,2
159,graficon12nodi/grafo2855.12,22,12,17,24,29,1.0,1,21,0.01309967041015625,2
160,graficon13nodi/grafo1729.13,22,13,19,22,28,2.0,5,76,0.053478240966796875,2
161,graficon13nodi/grafo2832.13,22,13,14,23,24,0.0,0,20,0.0077283382415771484,2
162,graficon18nodi/grafo1893.18,22,18,18,21,21,0.0,0,14,0.006510734558105469,2
163,graficon18nodi/grafo1059.18,22,18,18,22,22,0.0,0,10,0.002657175064086914,2
164,graficon12nodi/grafo2890.12,22,12,14,20,22,0.0,0,18,0.007645368576049805,2
165,graficon16nodi/grafo2231.16,22,16,20,22,26,1.0,1,30,0.014034509658813477,2
166,graficon20nodi/grafo2767.20,22,20,22,24,26,1.0,1,33,0.01777935028076172,2
167,graficon20nodi/grafo3051.20,22,20,23,24,27,0.0,0,20,0.0066487789154052734,2
168,graficon12nodi/grafo638.12,22,12,17,22,27,0.0,0,32,0.009925365447998047,2
169,graficon15nodi/grafo2233.15,22,15,20,23,28,0.0,0,42,0.018830060958862305,2
170,graficon16nodi/grafo275.16,22,16,18,24,26,1.0,1,27,0.011911392211914062,2
171,graficon22nodi/grafo2137.22,22,22,21,24,23,0.0,0,29,0.007394313812255859,2
172,graficon18nodi/grafo314.18,22,18,18,22,22,0.0,0,10,0.0032300949096679688,2
173,graficon15nodi/grafo2225.15,22,15,18,23,26,0.0,0,16,0.006742238998413086,2
174,graficon11nodi/grafo1876.11,22,11,19,24,32,2.0,6,42,0.05672931671142578,2
175,graficon13nodi/grafo891.13,22,13,13,20,20,0.0,0,14,0.006119251251220703,2
176,graficon12nodi/grafo2675.12,22,12,14,20,22,0.0,0,18,0.007410287857055664,2
177,graficon11nodi/grafo1835.11,22,11,15,21,25,0.0,0,18,0.006985187530517578,2
178,graficon23nodi/grafo2357.23,22,23,22,24,23,0.0,0,38,0.010900020599365234,2
179,graficon15nodi/grafo1982.15,22,15,17,24,26,1.0,1,36,0.014569759368896484,2
180,graficon14nodi/grafo378.14,22,14,17,22,25,0.0,0,37,0.009846925735473633,2
181,graficon17nodi/grafo2324.17,22,17,21,23,27,1.0,2,25,0.011889219284057617,2
182,graficon13nodi/grafo964.13,22,13,16,23,26,0.0,0,27,0.011516332626342773,2
183,graficon19nodi/grafo423.19,22,19,21,23,25,0.0,0,30,0.014241218566894531,2
184,graficon13nodi/grafo2204.13,22,13,13,20,20,0.0,0,17,0.008705854415893555,2
185,graficon13nodi/grafo443.13,22,13,15,20,22,1.0,2,16,0.0379176139831543,2
186,graficon20nodi/grafo215.20,22,20,22,24,26,1.0,1,36,0.011450767517089844,2
187,graficon14nodi/grafo1662.14,22,14,20,24,30,1.0,2,43,0.10192632675170898,2
188,graficon20nodi/grafo495.20,22,20,20,24,24,0.0,0,11,0.002214193344116211,2
189,graficon16nodi/grafo2281.16,22,16,21,24,29,1.0,1,50,0.01544499397277832,2
190,graficon11nodi/grafo1054.11,22,11,15,23,27,0.0,0,42,0.015340089797973633,2
191,graficon16nodi/grafo661.16,22,16,17,21,22,1.0,1,11,0.012204408645629883,2
192,graficon12nodi/grafo844.12,22,12,18,20,26,1.0,2,43,0.023505449295043945,2
193,graficon19nodi/grafo1661.19,22,19,21,21,23,1.0,2,21,0.04547262191772461,2
194,graficon18nodi/grafo2186.18,22,18,23,23,28,1.0,3,21,0.01128530502319336,2
195,graficon12nodi/grafo2867.12,22,12,16,22,26,0.0,0,39,0.012109518051147461,2
196,graficon15nodi/grafo1136.15,22,15,17,24,26,0.0,0,20,0.00648951530456543,2
197,graficon20nodi/grafo1651.20,22,20,21,23,24,1.0,1,51,0.027987241744995117,2
198,graficon15nodi/grafo2157.15,22,15,15,20,20,0.0,0,13,0.005105733871459961,2
199,graficon17nodi/grafo1634.17,22,17,18,20,21,1.0,1,50,0.03175950050354004,2
200,graficon16nodi/grafo2440.16,22,16,20,22,26,2.0,4,27,0.0898134708404541,2
201,graficon18nodi/grafo953.18,22,18,18,22,22,0.0,0,10,0.003730297088623047,2
202,graficon23nodi/grafo1485.23,22,23,22,23,22,0.0,0,26,0.011757373809814453,2
203,graficon13nodi/grafo2620.13,22,13,16,20,23,0.0,0,25,0.010315418243408203,2
204,graficon17nodi/grafo2680.17,22,17,22,22,27,1.0,2,59,0.017374277114868164,2
205,graficon20nodi/grafo1649.20,22,20,22,24,26,1.0,3,53,0.022013425827026367,2
206,graficon19nodi/grafo1897.19,22,19,20,24,25,0.0,0,47,0.025623559951782227,2
207,graficon13nodi/grafo2645.13,22,13,17,23,27,0.0,0,25,0.012481927871704102,2
208,graficon18nodi/grafo2480.18,22,18,21,22,25,0.0,0,41,0.010411500930786133,2
209,graficon13nodi/grafo2298.13,22,13,14,21,22,0.0,0,14,0.005767107009887695,2
210,graficon15nodi/grafo739.15,22,15,18,23,26,0.0,0,40,0.012766599655151367,2
211,graficon17nodi/grafo2679.17,22,17,19,21,23,1.0,1,23,0.013621330261230469,2
212,graficon14nodi/grafo2430.14,22,14,15,21,22,0.0,0,16,0.0046198368072509766,2
213,graficon15nodi/grafo582.15,22,15,16,22,23,0.0,0,12,0.006796598434448242,2
214,graficon11nodi/grafo1619.11,22,11,15,21,25,1.0,3,28,0.037023305892944336,2
215,graficon15nodi/grafo1124.15,22,15,16,23,24,0.0,0,19,0.010318756103515625,2
216,graficon12nodi/grafo1763.12,22,12,21,22,31,1.0,3,56,0.03887486457824707,2
217,graficon17nodi/grafo1094.17,22,17,19,21,23,0.0,0,14,0.0034160614013671875,2
218,graficon15nodi/grafo2903.15,22,15,16,20,21,1.0,1,21,0.006410837173461914,2
219,graficon11nodi/grafo1088.11,22,11,17,22,28,0.0,0,49,0.01395559310913086,2
220,graficon17nodi/grafo645.17,22,17,19,21,23,0.0,0,32,0.009781599044799805,2
221,graficon16nodi/grafo2537.16,22,16,19,21,24,0.0,0,21,0.003705739974975586,2
222,graficon15nodi/grafo1030.15,22,15,16,23,24,0.0,0,19,0.012327432632446289,2
223,graficon14nodi/grafo242.14,22,14,16,21,23,0.0,0,21,0.005154132843017578,2
224,graficon17nodi/grafo1009.17,22,17,17,24,24,0.0,0,12,0.006088733673095703,2
225,graficon13nodi/grafo3112.13,22,13,14,20,21,0.0,0,12,0.0042247772216796875,2
226,graficon16nodi/grafo1731.16,22,16,19,25,28,0.0,0,27,0.008567094802856445,2
227,graficon16nodi/grafo967.16,22,16,17,26,27,0.0,0,9,0.009418487548828125,2
228,graficon17nodi/grafo1732.17,22,17,20,27,30,0.0,0,34,0.015770673751831055,2
229,graficon20nodi/grafo2272.20,22,20,23,27,30,0.0,0,42,0.011960983276367188,2
230,graficon18nodi/grafo1146.18,22,18,29,29,40,2.0,8,77,0.11689066886901855,2
231,graficon18nodi/grafo2289.18,22,18,20,25,27,0.0,0,31,0.010861396789550781,2
232,graficon16nodi/grafo2420.16,22,16,18,28,30,1.0,1,18,0.009946584701538086,2
233,graficon12nodi/grafo574.12,22,12,19,27,34,1.0,3,35,0.0396268367767334,2
234,graficon21nodi/grafo804.21,22,21,22,28,29,0.0,0,42,0.02197885513305664,2
235,graficon22nodi/grafo694.22,22,22,23,27,28,0.0,0,24,0.011137008666992188,2
236,graficon17nodi/grafo479.17,22,17,23,25,31,3.0,10,94,0.16754436492919922,2
237,graficon18nodi/grafo538.18,22,18,19,25,26,0.0,0,21,0.005873441696166992,2
238,graficon21nodi/grafo2416.21,22,21,24,29,32,1.0,1,23,0.008392810821533203,2
239,graficon17nodi/grafo2418.17,22,17,20,26,29,1.0,2,33,0.04046797752380371,2
240,graficon24nodi/grafo1463.24,22,24,25,25,26,0.0,0,34,0.009866476058959961,2
241,graficon13nodi/grafo1885.13,22,13,16,25,28,0.0,0,29,0.008379220962524414,2
242,graficon11nodi/grafo1697.11,22,11,17,28,34,1.0,3,23,0.03433942794799805,2
243,graficon15nodi/grafo583.15,22,15,19,25,29,1.0,2,47,0.07139348983764648,2
244,graficon19nodi/grafo2951.19,22,19,24,27,32,1.0,1,37,0.014188051223754883,2
245,graficon14nodi/grafo520.14,22,14,22,29,37,0.0,0,53,0.010218620300292969,2
246,graficon17nodi/grafo2594.17,22,17,21,25,29,1.0,3,45,0.015488147735595703,2
247,graficon18nodi/grafo993.18,22,18,23,28,33,2.0,4,51,0.050742149353027344,2
248,graficon21nodi/grafo127.21,22,21,21,26,26,0.0,0,24,0.007675886154174805,2
249,graficon16nodi/grafo400.16,22,16,17,26,27,0.0,0,9,0.00951528549194336,2
250,graficon17nodi/grafo302.17,22,17,19,28,30,0.0,0,18,0.009547948837280273,2
251,graficon21nodi/grafo158.21,22,21,24,29,32,1.0,1,42,0.02344799041748047,2
252,graficon16nodi/grafo540.16,22,16,17,26,27,0.0,0,9,0.008099079132080078,2
253,graficon13nodi/grafo2303.13,22,13,19,28,34,0.0,0,49,0.018734216690063477,2
254,graficon21nodi/grafo1937.21,22,21,24,26,29,1.0,5,33,0.01717352867126465,2
255,graficon15nodi/grafo778.15,22,15,17,26,28,0.0,0,16,0.005542278289794922,2
256,graficon15nodi/grafo855.15,22,15,17,25,27,0.0,0,16,0.003856658935546875,2
257,graficon18nodi/grafo1652.18,22,18,20,25,27,0.0,0,24,0.01578998565673828,2
258,graficon13nodi/grafo2659.13,22,13,16,25,28,0.0,0,32,0.011787891387939453,2
259,graficon17nodi/grafo2682.17,22,17,19,26,28,1.0,2,37,0.03839516639709473,2
260,graficon16nodi/grafo1119.16,22,16,22,28,34,1.0,4,61,0.04707932472229004,2
261,graficon14nodi/grafo1870.14,22,14,21,28,35,1.0,3,47,0.03704833984375,2
262,graficon19nodi/grafo1172.19,22,19,23,26,30,1.0,1,36,0.013133049011230469,2
263,graficon13nodi/grafo511.13,22,13,14,25,26,0.0,0,6,0.002637147903442383,2
264,graficon18nodi/grafo1648.18,22,18,24,26,32,1.0,5,64,0.06404757499694824,2
265,graficon17nodi/grafo893.17,22,17,21,26,30,0.0,0,77,0.020308732986450195,2
266,graficon17nodi/grafo917.17,22,17,20,28,31,0.0,0,41,0.010447263717651367,2
267,graficon23nodi/grafo2256.23,22,23,26,29,32,0.0,0,32,0.025051355361938477,2
268,graficon18nodi/grafo2556.18,22,18,22,28,32,0.0,0,40,0.01681661605834961,2
269,graficon15nodi/grafo2921.15,22,15,17,27,29,0.0,0,16,0.0053141117095947266,2
270,graficon21nodi/grafo1762.21,22,21,25,25,29,2.0,6,69,0.16002154350280762,2
271,graficon21nodi/grafo1064.21,22,21,26,25,30,2.0,9,50,0.08551430702209473,2
272,graficon18nodi/grafo784.18,22,18,23,25,30,1.0,3,57,0.07799720764160156,2
273,graficon16nodi/grafo2236.16,22,16,20,28,32,1.0,1,45,0.014347553253173828,2
274,graficon17nodi/grafo2345.17,22,17,20,26,29,1.0,1,24,0.012792825698852539,2
275,graficon18nodi/grafo2307.18,22,18,23,26,31,1.0,3,43,0.042371273040771484,2
276,graficon17nodi/grafo1056.17,22,17,22,29,34,1.0,1,33,0.022345781326293945,2
277,graficon18nodi/grafo1152.18,22,18,24,28,34,1.0,1,42,0.02890634536743164,2
278,graficon24nodi/grafo3100.24,22,24,28,26,30,1.0,2,52,0.016020536422729492,2
279,graficon16nodi/grafo279.16,22,16,19,27,30,0.0,0,26,0.006676673889160156,2
280,graficon17nodi/grafo2401.17,22,17,31,28,42,6.0,46,240,1.0229661464691162,2
281,graficon16nodi/grafo2302.16,22,16,20,25,29,1.0,1,25,0.017347097396850586,2
282,graficon16nodi/grafo2525.16,22,16,19,26,29,1.0,1,28,0.012264013290405273,2
283,graficon17nodi/grafo2924.17,22,17,22,28,33,1.0,1,74,0.014890670776367188,2
284,graficon22nodi/grafo167.22,22,22,24,29,31,1.0,1,41,0.017341136932373047,2
285,graficon16nodi/grafo2542.16,22,16,21,26,31,1.0,1,42,0.020435571670532227,2
286,graficon16nodi/grafo2636.16,22,16,22,26,32,2.0,6,33,0.07241058349609375,2
287,graficon17nodi/grafo2758.17,22,17,20,26,29,1.0,1,17,0.007005929946899414,2
288,graficon20nodi/grafo2554.20,22,20,22,25,27,1.0,1,32,0.014525175094604492,2
289,graficon25nodi/grafo2775.25,22,25,26,25,26,1.0,3,58,0.10515618324279785,2
290,graficon19nodi/grafo409.19,22,19,22,25,28,1.0,2,68,0.04870748519897461,2
291,graficon16nodi/grafo2326.16,22,16,21,25,30,1.0,1,56,0.014225006103515625,2
292,graficon14nodi/grafo596.14,22,14,16,27,29,0.0,0,13,0.0077152252197265625,2
293,graficon20nodi/grafo679.20,22,20,25,29,34,1.0,3,47,0.06114387512207031,2
294,graficon23nodi/grafo188.23,22,23,24,27,28,0.0,0,31,0.013683319091796875,2
295,graficon19nodi/grafo2449.19,22,19,24,25,30,2.0,4,43,0.058191776275634766,2
296,graficon23nodi/grafo1038.23,22,23,24,27,28,1.0,1,17,0.011493921279907227,2
297,graficon17nodi/grafo2177.17,22,17,22,26,31,0.0,0,46,0.023027658462524414,2
298,graficon20nodi/grafo786.20,22,20,23,26,29,1.0,2,61,0.0569765567779541,2
299,graficon17nodi/grafo1875.17,22,17,21,28,32,1.0,1,73,0.055451393127441406,2
300,graficon14nodi/grafo796.14,22,14,19,27,32,1.0,4,60,0.048073530197143555,2
301,graficon21nodi/grafo2119.21,22,21,27,32,38,2.0,7,87,0.13946056365966797,2
302,graficon15nodi/grafo1013.15,22,15,23,31,39,1.0,3,66,0.05267190933227539,2
303,graficon17nodi/grafo415.17,22,17,24,33,40,2.0,6,86,0.17494726181030273,2
304,graficon26nodi/grafo578.26,22,26,27,30,31,1.0,1,68,0.027092456817626953,2
305,graficon25nodi/grafo2077.25,22,25,29,31,35,2.0,8,73,0.1762983798980713,2
306,graficon29nodi/grafo2085.29,22,29,30,33,34,0.0,0,29,0.008847713470458984,2
307,graficon19nodi/grafo1834.19,22,19,23,32,36,0.0,0,28,0.008249521255493164,2
308,graficon24nodi/grafo1830.24,22,24,29,34,39,1.0,1,45,0.034479379653930664,2
309,graficon21nodi/grafo245.21,22,21,22,30,31,1.0,1,26,0.012002944946289062,2
310,graficon21nodi/grafo1645.21,22,21,23,30,32,0.0,0,70,0.019627094268798828,2
311,graficon20nodi/grafo1761.20,22,20,26,31,37,0.0,0,55,0.01995682716369629,2
312,graficon26nodi/grafo1805.26,22,26,31,33,38,2.0,5,39,0.11072468757629395,2
313,graficon18nodi/grafo2744.18,22,18,24,34,40,1.0,3,75,0.05819892883300781,2
314,graficon20nodi/grafo2268.20,22,20,24,32,36,1.0,3,50,0.015880107879638672,2
315,graficon25nodi/grafo2837.25,22,25,27,32,34,0.0,0,47,0.01893758773803711,2
316,graficon21nodi/grafo2833.21,22,21,24,30,33,1.0,1,32,0.01813793182373047,2
317,graficon20nodi/grafo3049.20,22,20,24,33,37,2.0,2,45,0.07940220832824707,2
318,graficon26nodi/grafo1799.26,22,26,30,32,36,1.0,3,68,0.05453801155090332,2
319,graficon17nodi/grafo1403.17,22,17,23,30,36,1.0,1,46,0.03442549705505371,2
320,graficon27nodi/grafo2498.27,22,27,32,34,39,2.0,4,68,0.1335158348083496,2
321,graficon22nodi/grafo2819.22,22,22,25,33,36,0.0,0,20,0.0068242549896240234,2
322,graficon16nodi/grafo421.16,22,16,22,33,39,1.0,1,86,0.024348735809326172,2
323,graficon14nodi/grafo1074.14,22,14,19,32,37,1.0,2,35,0.04806923866271973,2
324,graficon24nodi/grafo918.24,22,24,24,32,32,0.0,0,35,0.008273839950561523,2
325,graficon18nodi/grafo1780.18,22,18,24,30,36,1.0,1,43,0.02340078353881836,2
326,graficon29nodi/grafo1198.29,22,29,29,31,31,1.0,1,32,0.014888286590576172,2
327,graficon15nodi/grafo2591.15,22,15,23,31,39,1.0,2,57,0.06606888771057129,2
328,graficon19nodi/grafo924.19,22,19,21,32,34,0.0,0,34,0.017107248306274414,2
329,graficon23nodi/grafo835.23,22,23,27,31,35,2.0,7,55,0.12371993064880371,2
330,graficon17nodi/grafo829.17,22,17,21,33,37,0.0,0,51,0.025049209594726562,2
331,graficon16nodi/grafo1635.16,22,16,25,34,43,1.0,1,72,0.08571743965148926,2
332,graficon14nodi/grafo649.14,22,14,24,32,42,2.0,7,96,0.10257983207702637,2
333,graficon18nodi/grafo1824.18,22,18,23,32,37,1.0,1,21,0.020920991897583008,2
334,graficon26nodi/grafo1629.26,22,26,29,30,33,1.0,1,32,1.1440961360931396,2
335,graficon15nodi/grafo1142.15,22,15,24,32,41,1.0,1,91,0.06531167030334473,2
336,graficon22nodi/grafo2410.22,22,22,24,30,32,1.0,1,23,0.014096260070800781,2
337,graficon23nodi/grafo2028.23,22,23,32,32,41,3.0,15,95,0.2807760238647461,2
338,graficon25nodi/grafo1040.25,22,25,32,34,41,3.0,13,110,0.18117952346801758,2
339,graficon17nodi/grafo2494.17,22,17,20,30,33,1.0,1,27,0.007807493209838867,2
340,graficon21nodi/grafo381.21,22,21,23,31,33,1.0,1,33,0.011213302612304688,2
341,graficon19nodi/grafo2425.19,22,19,23,30,34,1.0,3,53,0.06136441230773926,2
342,graficon26nodi/grafo1230.26,22,26,29,30,33,1.0,2,28,0.040093421936035156,2
343,graficon17nodi/grafo1861.17,22,17,21,34,38,1.0,2,24,0.033210039138793945,2
344,graficon27nodi/grafo1232.27,22,27,31,33,37,2.0,7,118,0.7498276233673096,2
345,graficon27nodi/grafo2582.27,22,27,27,34,34,0.0,0,32,0.008654117584228516,2
346,graficon24nodi/grafo2017.24,22,24,28,32,36,1.0,2,57,0.050455331802368164,2
347,graficon32nodi/grafo11636.32,22,32,32,33,33,0.0,0,38,0.004938364028930664,2
348,graficon19nodi/grafo621.19,22,19,27,30,38,3.0,3,77,0.08562612533569336,2
349,graficon16nodi/grafo2023.16,22,16,20,34,38,1.0,2,27,0.04484391212463379,2
350,graficon23nodi/grafo622.23,22,23,25,33,35,1.0,1,40,0.017972469329833984,2
351,graficon19nodi/grafo2135.19,22,19,23,33,37,1.0,2,45,0.0695042610168457,2
352,graficon15nodi/grafo879.15,22,15,20,30,35,0.0,0,46,0.015447139739990234,2
353,graficon22nodi/grafo1012.22,22,22,24,31,33,0.0,0,45,0.014942407608032227,2
354,graficon20nodi/grafo429.20,22,20,28,34,42,2.0,6,80,0.0942997932434082,2
355,graficon26nodi/grafo1269.26,22,26,28,31,33,0.0,0,77,0.027609825134277344,2
356,graficon17nodi/grafo2520.17,22,17,24,32,39,2.0,7,77,0.17526507377624512,2
357,graficon32nodi/grafo10052.32,22,32,33,34,35,0.0,0,36,0.005312442779541016,2
358,graficon20nodi/grafo874.20,22,20,25,34,39,1.0,1,41,0.01983356475830078,2
359,graficon20nodi/grafo1901.20,22,20,26,33,39,1.0,2,106,0.0948634147644043,2
360,graficon22nodi/grafo2456.22,22,22,26,33,37,0.0,0,43,0.016074180603027344,2
361,graficon17nodi/grafo276.17,22,17,20,31,34,1.0,1,28,0.011946439743041992,2
362,graficon25nodi/grafo575.25,22,25,29,34,38,1.0,2,52,0.07205700874328613,2
363,graficon17nodi/grafo517.17,22,17,23,33,39,1.0,1,52,0.017724037170410156,2
364,graficon19nodi/grafo1900.19,22,19,22,31,34,0.0,0,33,0.0065653324127197266,2
365,graficon22nodi/grafo1422.22,22,22,22,30,30,0.0,0,37,0.011470317840576172,2
366,graficon25nodi/grafo862.25,22,25,28,33,36,1.0,1,75,0.04233813285827637,2
367,graficon23nodi/grafo545.23,22,23,28,32,37,1.0,1,31,0.018069744110107422,2
368,graficon24nodi/grafo2341.24,22,24,29,34,39,1.0,1,69,0.03242659568786621,2
369,graficon26nodi/grafo1512.26,22,26,30,34,38,1.0,2,63,0.07192111015319824,2
370,graficon18nodi/grafo1626.18,22,18,27,32,41,2.0,11,80,0.07432675361633301,2
371,graficon21nodi/grafo2378.21,22,21,25,31,35,1.0,2,52,0.02642345428466797,2
372,graficon25nodi/grafo2051.25,22,25,26,33,34,0.0,0,17,0.0061419010162353516,2
373,graficon32nodi/grafo9919.32,22,32,32,33,33,0.0,0,38,0.005091667175292969,2
374,graficon18nodi/grafo1940.18,22,18,24,31,37,1.0,1,31,0.014871358871459961,2
375,graficon25nodi/grafo1338.25,22,25,26,34,35,0.0,0,37,0.016510009765625,2
376,graficon33nodi/grafo11170.33,22,33,42,39,48,1.0,2,70,0.09563302993774414,2
377,graficon23nodi/grafo2966.23,22,23,26,36,39,0.0,0,38,0.009305715560913086,2
378,graficon29nodi/grafo1102.29,22,29,29,37,37,0.0,0,29,0.012856245040893555,2
379,graficon26nodi/grafo1340.26,22,26,31,38,43,2.0,6,72,0.16624712944030762,2
380,graficon22nodi/grafo1850.22,22,22,28,38,44,1.0,1,44,0.022581815719604492,2
381,graficon28nodi/grafo2572.28,22,28,34,38,44,1.0,4,75,0.06762123107910156,2
382,graficon17nodi/grafo420.17,22,17,25,37,45,2.0,3,69,0.052571773529052734,2
383,graficon20nodi/grafo2670.20,22,20,28,36,44,2.0,3,61,0.04465174674987793,2
384,graficon26nodi/grafo2766.26,22,26,32,38,44,1.0,2,45,0.025802135467529297,2
385,graficon29nodi/grafo1333.29,22,29,31,38,40,0.0,0,56,0.028857707977294922,2
386,graficon21nodi/grafo1863.21,22,21,26,35,40,2.0,4,70,0.15918231010437012,2
387,graficon27nodi/grafo1623.27,22,27,30,37,40,1.0,1,29,0.008228063583374023,2
388,graficon33nodi/grafo2828.33,22,33,37,38,42,1.0,4,53,0.04413342475891113,2
389,graficon26nodi/grafo2606.26,22,26,32,36,42,1.0,6,116,0.09765100479125977,2
390,graficon19nodi/grafo2371.19,22,19,24,35,40,0.0,0,63,0.017840862274169922,2
391,graficon25nodi/grafo2700.25,22,25,28,36,39,1.0,3,48,0.04863739013671875,2
392,graficon24nodi/grafo2587.24,22,24,28,36,40,1.0,6,66,0.07528066635131836,2
393,graficon15nodi/grafo947.15,22,15,24,39,48,1.0,4,67,0.06108355522155762,2
394,graficon19nodi/grafo2562.19,22,19,28,36,45,1.0,4,70,0.07033777236938477,2
395,graficon32nodi/grafo11456.32,22,32,33,35,36,1.0,1,43,0.014186620712280273,2
396,graficon27nodi/grafo248.27,22,27,33,38,44,1.0,4,81,0.15149879455566406,2
397,graficon22nodi/grafo2676.22,22,22,26,38,42,0.0,0,39,0.022878646850585938,2
398,graficon32nodi/grafo11607.32,22,32,38,39,45,1.0,4,79,0.0906229019165039,2
399,graficon19nodi/grafo2171.19,22,19,23,35,39,1.0,1,43,0.027045488357543945,2
400,graficon19nodi/grafo1666.19,22,19,28,37,46,1.0,1,95,0.04946565628051758,2
401,graficon33nodi/grafo11210.33,22,33,42,39,48,1.0,2,70,0.08440208435058594,2
402,graficon26nodi/grafo2123.26,22,26,28,35,37,1.0,1,76,0.026871442794799805,2
403,graficon26nodi/grafo3056.26,22,26,36,35,45,3.0,18,148,0.36313605308532715,2
404,graficon30nodi/grafo1582.30,22,30,34,35,39,1.0,3,95,0.04416704177856445,2
405,graficon24nodi/grafo1440.24,22,24,32,37,45,2.0,8,106,0.5016825199127197,2
406,graficon33nodi/grafo9903.33,22,33,42,39,48,1.0,2,70,0.06903696060180664,2
407,graficon23nodi/grafo1557.23,22,23,29,37,43,1.0,2,89,0.08877134323120117,2
408,graficon21nodi/grafo1941.21,22,21,26,37,42,1.0,1,46,0.035765647888183594,2
409,graficon13nodi/grafo317.13,22,13,21,38,46,1.0,2,52,0.10033750534057617,2
410,graficon33nodi/grafo154.33,22,33,34,36,37,0.0,0,60,0.010884761810302734,2
411,graficon31nodi/grafo10007.31,22,31,34,35,38,1.0,5,74,0.17658710479736328,2
412,graficon20nodi/grafo1764.20,22,20,25,37,42,1.0,2,54,0.05114388465881348,2
413,graficon31nodi/grafo5484.31,22,31,32,38,39,1.0,2,37,0.023632049560546875,2
414,graficon27nodi/grafo1286.27,22,27,31,36,40,1.0,2,44,0.033661603927612305,2
415,graficon23nodi/grafo2200.23,22,23,29,38,44,1.0,3,56,0.0259401798248291,2
416,graficon24nodi/grafo872.24,22,24,28,37,41,1.0,3,49,0.03138279914855957,2
417,graficon22nodi/grafo605.22,22,22,26,39,43,0.0,0,58,0.04306936264038086,2
418,graficon29nodi/grafo1034.29,22,29,32,38,41,1.0,1,73,0.04639458656311035,2
419,graficon21nodi/grafo2356.21,22,21,27,35,41,1.0,3,33,0.0722968578338623,2
420,graficon33nodi/grafo10134.33,22,33,34,37,38,1.0,1,35,0.015560626983642578,2
421,graficon32nodi/grafo9867.32,22,32,33,35,36,1.0,1,43,0.011719465255737305,2
422,graficon26nodi/grafo753.26,22,26,28,36,38,1.0,2,26,0.02209162712097168,2
423,graficon21nodi/grafo123.21,22,21,25,38,42,1.0,1,41,0.027913808822631836,2
424,graficon25nodi/grafo1360.25,22,25,30,35,40,2.0,7,75,0.1336524486541748,2
425,graficon27nodi/grafo174.27,22,27,28,36,37,1.0,1,65,0.036576271057128906,2
426,graficon20nodi/grafo251.20,22,20,23,36,39,1.0,1,35,0.032225608825683594,2
427,graficon18nodi/grafo2768.18,22,18,23,35,40,1.0,2,29,0.06601834297180176,2
428,graficon36nodi/grafo2402.36,22,36,38,39,41,0.0,0,73,0.023679018020629883,2
429,graficon30nodi/grafo1237.30,22,30,35,39,44,1.0,1,66,0.031081438064575195,2
430,graficon20nodi/grafo2284.20,22,20,30,37,47,2.0,7,64,0.17884278297424316,2
431,graficon17nodi/grafo1160.17,22,17,23,39,45,1.0,1,66,0.017440080642700195,2
432,graficon27nodi/grafo2721.27,22,27,27,37,37,1.0,1,29,0.023255348205566406,2
433,graficon23nodi/grafo2691.23,22,23,31,39,47,1.0,6,97,0.20937371253967285,2
434,graficon22nodi/grafo2875.22,22,22,27,38,43,1.0,2,53,0.05102801322937012,2
435,graficon33nodi/grafo11130.33,22,33,42,39,48,1.0,2,70,0.07143521308898926,2
436,graficon18nodi/grafo2805.18,22,18,25,36,43,1.0,4,86,0.07577013969421387,2
437,graficon16nodi/grafo2584.16,22,16,22,39,45,1.0,3,32,0.040390729904174805,2
438,graficon17nodi/grafo597.17,22,17,24,36,43,0.0,0,68,0.03372693061828613,2
439,graficon24nodi/grafo1950.24,22,24,27,39,42,1.0,1,51,0.08413100242614746,2
440,graficon25nodi/grafo2067.25,22,25,28,38,41,1.0,1,31,0.03473973274230957,2
441,graficon15nodi/grafo2448.15,22,15,23,38,46,1.0,3,49,0.04413962364196777,2
442,graficon26nodi/grafo1273.26,22,26,27,36,37,0.0,0,68,0.02149224281311035,2
443,graficon32nodi/grafo11397.32,22,32,33,37,38,0.0,0,34,0.01830267906188965,2
444,graficon33nodi/grafo11023.33,22,33,33,36,36,0.0,0,25,0.009842634201049805,2
445,graficon33nodi/grafo11026.33,22,33,36,39,42,1.0,3,60,0.07833409309387207,2
446,graficon17nodi/grafo945.17,22,17,22,36,41,0.0,0,56,0.029660701751708984,2
447,graficon25nodi/grafo584.25,22,25,29,35,39,2.0,5,108,0.22746753692626953,2
448,graficon12nodi/grafo2426.12,22,12,18,38,44,0.0,0,47,0.024860620498657227,2
449,graficon18nodi/grafo2731.18,22,18,23,35,40,0.0,0,41,0.017722606658935547,2
450,graficon23nodi/grafo2217.23,22,23,29,35,41,2.0,10,52,0.17137837409973145,2
451,graficon26nodi/grafo2108.26,22,26,35,41,50,3.0,14,85,0.3618772029876709,2
452,graficon31nodi/grafo11581.31,22,31,36,42,47,2.0,6,98,0.31890416145324707,2
453,graficon25nodi/grafo1271.25,22,25,30,40,45,1.0,4,71,0.06734299659729004,2
454,graficon31nodi/grafo11454.31,22,31,36,42,47,2.0,6,98,0.32288289070129395,2
455,graficon25nodi/grafo163.25,22,25,37,44,56,4.0,32,203,1.6277756690979004,2
456,graficon19nodi/grafo950.19,22,19,23,43,47,0.0,0,37,0.024933815002441406,2
457,graficon30nodi/grafo1252.30,22,30,34,43,47,0.0,0,59,0.021530628204345703,2
458,graficon27nodi/grafo1217.27,22,27,29,42,44,0.0,0,60,0.01590251922607422,2
459,graficon34nodi/grafo11331.34,22,34,41,43,50,1.0,3,56,0.05956435203552246,2
460,graficon20nodi/grafo1873.20,22,20,27,40,47,2.0,6,69,0.1294558048248291,2
461,graficon34nodi/grafo5197.34,22,34,36,43,45,0.0,0,39,0.016809463500976562,2
462,graficon28nodi/grafo1615.28,22,28,35,43,50,2.0,11,119,0.2859761714935303,2
463,graficon27nodi/grafo3039.27,22,27,31,44,48,1.0,1,55,0.018516063690185547,2
464,graficon37nodi/grafo2519.37,22,37,39,44,46,0.0,0,95,0.09159660339355469,2
465,graficon27nodi/grafo2037.27,22,27,31,42,46,1.0,2,81,0.1342620849609375,2
466,graficon20nodi/grafo1757.20,22,20,25,41,46,1.0,1,43,0.021831989288330078,2
467,graficon23nodi/grafo551.23,22,23,29,43,49,0.0,0,68,0.03519892692565918,2
468,graficon32nodi/grafo10795.32,22,32,35,43,46,1.0,1,99,0.044684648513793945,2
469,graficon33nodi/grafo5994.33,22,33,36,42,45,0.0,0,51,0.029810190200805664,2
470,graficon23nodi/grafo2712.23,22,23,30,40,47,1.0,1,65,0.026921510696411133,2
471,graficon22nodi/grafo1894.22,22,22,30,40,48,1.0,6,91,0.053748130798339844,2
472,graficon28nodi/grafo1190.28,22,28,31,43,46,1.0,4,95,0.06823539733886719,2
473,graficon32nodi/grafo1455.32,22,32,38,43,49,1.0,3,101,0.1472151279449463,2
474,graficon18nodi/grafo1086.18,22,18,26,41,49,1.0,1,67,0.060436248779296875,2
475,graficon34nodi/grafo9918.34,22,34,34,43,43,0.0,0,20,0.007844209671020508,2
476,graficon32nodi/grafo1226.32,22,32,34,43,45,1.0,1,47,0.0388646125793457,2
477,graficon35nodi/grafo7133.35,22,35,38,43,46,1.0,4,60,0.1239173412322998,2
478,graficon34nodi/grafo11544.34,22,34,34,43,43,0.0,0,20,0.0065135955810546875,2
479,graficon14nodi/grafo2738.14,22,14,23,40,49,1.0,1,65,0.04250049591064453,2
480,graficon27nodi/grafo2958.27,22,27,32,42,47,0.0,0,48,0.01562666893005371,2
481,graficon31nodi/grafo3686.31,22,31,36,42,47,2.0,6,98,0.3294095993041992,2
482,graficon14nodi/grafo701.14,22,14,20,42,48,1.0,1,43,0.02058863639831543,2
483,graficon33nodi/grafo9921.33,22,33,36,43,46,1.0,1,47,0.04048943519592285,2
484,graficon27nodi/grafo2876.27,22,27,32,41,46,1.0,2,77,0.02796149253845215,2
485,graficon25nodi/grafo1234.25,22,25,33,42,50,1.0,2,104,0.16373181343078613,2
486,graficon26nodi/grafo1285.26,22,26,30,42,46,1.0,2,36,0.057478904724121094,2
487,graficon30nodi/grafo2365.30,22,30,34,40,44,2.0,5,89,0.49220919609069824,2
488,graficon26nodi/grafo798.26,22,26,32,41,47,1.0,7,69,0.13954401016235352,2
489,graficon21nodi/grafo1682.21,22,21,41,43,63,6.0,44,188,28.814359664916992,2
490,graficon32nodi/grafo5244.32,22,32,38,42,48,0.0,0,36,0.015136241912841797,2
491,graficon23nodi/grafo2854.23,22,23,29,44,50,2.0,3,49,0.20672273635864258,2
492,graficon32nodi/grafo1053.32,22,32,41,43,52,2.0,6,169,0.24594378471374512,2
493,graficon21nodi/grafo2756.21,22,21,26,40,45,1.0,3,43,0.04086041450500488,2
494,graficon22nodi/grafo1503.22,22,22,26,44,48,0.0,0,35,0.019901752471923828,2
495,graficon22nodi/grafo2370.22,22,22,28,41,47,1.0,1,37,0.03176140785217285,2
496,graficon23nodi/grafo2769.23,22,23,27,44,48,1.0,3,65,0.07248115539550781,2
497,graficon28nodi/grafo124.28,22,28,29,41,42,1.0,1,38,0.02165985107421875,2
498,graficon31nodi/grafo9916.31,22,31,36,42,47,2.0,6,98,0.3492152690887451,2
499,graficon33nodi/grafo11631.33,22,33,43,41,51,1.0,3,73,0.07257080078125,2
500,graficon30nodi/grafo1256.30,22,30,33,40,43,0.0,0,53,0.022371292114257812,2
501,graficon32nodi/grafo10231.32,22,32,35,43,46,0.0,0,50,0.019057035446166992,2
502,graficon34nodi/grafo11277.34,22,34,35,41,42,0.0,0,33,0.009402036666870117,2
503,graficon34nodi/grafo2464.34,22,34,38,44,48,1.0,7,98,0.2574727535247803,2
504,graficon27nodi/grafo1199.27,22,27,30,40,43,0.0,0,24,0.005684852600097656,2
505,graficon25nodi/grafo1614.25,22,25,27,41,43,1.0,1,72,0.022998809814453125,2
506,graficon29nodi/grafo1376.29,22,29,34,42,47,1.0,3,85,0.12822532653808594,2
507,graficon35nodi/grafo3480.35,22,35,35,44,44,0.0,0,80,0.02094745635986328,2
508,graficon29nodi/grafo1587.29,22,29,35,42,48,1.0,1,108,0.08115768432617188,2
509,graficon34nodi/grafo6050.34,22,34,41,43,50,2.0,3,56,0.06204056739807129,2
510,graficon25nodi/grafo2755.25,22,25,32,42,49,1.0,5,54,0.10280108451843262,2
511,graficon23nodi/grafo2853.23,22,23,34,40,51,3.0,22,104,0.7455401420593262,2
512,graficon34nodi/grafo10281.34,22,34,41,42,49,1.0,1,63,0.0307004451751709,2
513,graficon34nodi/grafo11630.34,22,34,40,44,50,1.0,1,92,0.03671526908874512,2
514,graficon28nodi/grafo2436.28,22,28,37,44,53,2.0,8,131,0.6551554203033447,2
515,graficon34nodi/grafo9878.34,22,34,39,41,46,1.0,2,60,0.051241397857666016,2
516,graficon32nodi/grafo3901.32,22,32,38,42,48,1.0,3,90,0.10151982307434082,2
517,graficon35nodi/grafo11455.35,22,35,35,42,42,0.0,0,46,0.013656139373779297,2
518,graficon28nodi/grafo296.28,22,28,36,43,51,2.0,14,113,0.3272733688354492,2
519,graficon25nodi/grafo1251.25,22,25,26,40,41,0.0,0,28,0.00982356071472168,2
520,graficon34nodi/grafo11319.34,22,34,40,42,48,2.0,3,85,0.16273903846740723,2
521,graficon34nodi/grafo11660.34,22,34,36,43,45,1.0,1,95,0.041094064712524414,2
522,graficon31nodi/grafo2394.31,22,31,36,43,48,2.0,5,121,0.30384111404418945,2
523,graficon26nodi/grafo1218.26,22,26,28,42,44,0.0,0,62,0.026586055755615234,2
524,graficon37nodi/grafo6342.37,22,37,42,44,49,2.0,10,85,0.4563100337982178,2
525,graficon28nodi/grafo1311.28,22,28,34,42,48,2.0,7,79,0.17945528030395508,2
526,graficon19nodi/grafo1826.19,22,19,27,46,54,2.0,2,69,0.1968975067138672,2
527,graficon14nodi/grafo1951.14,22,14,25,46,57,1.0,3,78,0.08799934387207031,2
528,graficon37nodi/grafo3547.37,22,37,38,49,50,0.0,0,35,0.01676464080810547,2
529,graficon34nodi/grafo11207.34,22,34,38,48,52,2.0,6,67,0.0727074146270752,2
530,graficon31nodi/grafo10887.31,22,31,36,46,51,0.0,0,49,0.018671035766601562,2
531,graficon32nodi/grafo1255.32,22,32,37,46,51,1.0,1,57,0.020779132843017578,2
532,graficon28nodi/grafo1840.28,22,28,34,48,54,1.0,5,58,0.06986117362976074,2
533,graficon21nodi/grafo630.21,22,21,28,45,52,1.0,1,47,0.05128169059753418,2
534,graficon26nodi/grafo3044.26,22,26,34,48,56,1.0,3,78,0.16354942321777344,2
535,graficon23nodi/grafo1806.23,22,23,28,48,53,0.0,0,45,0.0259706974029541,2
536,graficon31nodi/grafo10458.31,22,31,36,46,51,0.0,0,49,0.018711090087890625,2
537,graficon35nodi/grafo10620.35,22,35,41,46,52,1.0,4,92,0.25849127769470215,2
538,graficon22nodi/grafo249.22,22,22,31,46,55,1.0,4,93,0.08601140975952148,2
539,graficon32nodi/grafo745.32,22,32,36,45,49,0.0,0,86,0.029443979263305664,2
540,graficon35nodi/grafo5759.35,22,35,39,45,49,1.0,1,32,0.010495185852050781,2
541,graficon33nodi/grafo11516.33,22,33,42,45,54,1.0,4,57,0.10987305641174316,2
542,graficon25nodi/grafo2437.25,22,25,30,48,53,1.0,1,37,0.017858505249023438,2
543,graficon31nodi/grafo1301.31,22,31,40,47,56,2.0,10,128,0.47232770919799805,2
544,graficon38nodi/grafo3332.38,22,38,43,45,50,2.0,2,158,0.20200204849243164,2
545,graficon22nodi/grafo2748.22,22,22,29,45,52,0.0,0,83,0.03165888786315918,2
546,graficon27nodi/grafo1253.27,22,27,32,45,50,1.0,2,117,0.09596037864685059,2
547,graficon36nodi/grafo3862.36,22,36,41,46,51,1.0,5,65,0.07267904281616211,2
548,graficon28nodi/grafo1202.28,22,28,36,45,53,1.0,5,86,0.07226061820983887,2
549,graficon37nodi/grafo5957.37,22,37,39,48,50,0.0,0,142,0.04357314109802246,2
550,graficon38nodi/grafo6734.38,22,38,41,45,48,1.0,1,97,0.10676980018615723,2
551,graficon36nodi/grafo5561.36,22,36,38,47,49,0.0,0,36,0.016020536422729492,2
552,graficon31nodi/grafo10011.31,22,31,36,46,51,0.0,0,49,0.03058028221130371,2
553,graficon36nodi/grafo6066.36,22,36,39,48,51,0.0,0,80,0.04059934616088867,2
554,graficon31nodi/grafo1362.31,22,31,37,45,51,1.0,1,78,0.05254054069519043,2
555,graficon27nodi/grafo1200.27,22,27,36,46,55,0.0,0,113,0.04911065101623535,2
556,graficon39nodi/grafo6087.39,22,39,46,48,55,2.0,12,75,0.4474637508392334,2
557,graficon33nodi/grafo5247.33,22,33,38,46,51,0.0,0,33,0.008774042129516602,2
558,graficon36nodi/grafo6811.36,22,36,44,48,56,1.0,2,56,0.07931637763977051,2
559,graficon23nodi/grafo1798.23,22,23,31,48,56,1.0,3,90,0.10064959526062012,2
560,graficon27nodi/grafo2275.27,22,27,32,46,51,1.0,3,77,0.09722208976745605,2
561,graficon26nodi/grafo2981.26,22,26,36,45,55,2.0,10,141,0.21901917457580566,2
562,graficon36nodi/grafo3414.36,22,36,39,46,49,1.0,2,49,0.08174967765808105,2
563,graficon19nodi/grafo2428.19,22,19,23,45,49,1.0,1,29,0.024764537811279297,2
564,graficon35nodi/grafo10085.35,22,35,41,46,52,2.0,9,93,0.4890778064727783,2
565,graficon32nodi/grafo1379.32,22,32,39,48,55,2.0,4,87,0.13078737258911133,2
566,graficon26nodi/grafo173.26,22,26,31,46,51,1.0,4,68,0.06594276428222656,2
567,graficon38nodi/grafo5236.38,22,38,43,49,54,1.0,2,49,0.024202823638916016,2
568,graficon26nodi/grafo2399.26,22,26,31,46,51,1.0,2,80,0.08953404426574707,2
569,graficon31nodi/grafo11421.31,22,31,37,46,52,2.0,4,98,0.2476654052734375,2
570,graficon40nodi/grafo7698.40,22,40,47,49,56,1.0,1,116,0.05431723594665527,2
571,graficon35nodi/grafo1925.35,22,35,36,48,49,0.0,0,71,0.03742074966430664,2
572,graficon25nodi/grafo1319.25,22,25,31,47,53,1.0,3,95,0.14798688888549805,2
573,graficon26nodi/grafo2999.26,22,26,30,45,49,1.0,2,37,0.023902416229248047,2
574,graficon21nodi/grafo1632.21,22,21,26,48,53,0.0,0,35,0.02421879768371582,2
575,graficon32nodi/grafo9975.32,22,32,39,48,55,1.0,4,105,0.2012941837310791,2
576,graficon33nodi/grafo5182.33,22,33,38,49,54,0.0,0,66,0.050548553466796875,2
577,graficon32nodi/grafo11121.32,22,32,40,47,55,1.0,5,85,0.21676421165466309,2
578,graficon35nodi/grafo6642.35,22,35,42,49,56,2.0,7,92,0.17793560028076172,2
579,graficon28nodi/grafo932.28,22,28,35,45,52,1.0,2,75,0.07601404190063477,2
580,graficon34nodi/grafo2578.34,22,34,36,48,50,1.0,1,52,0.03331112861633301,2
581,graficon33nodi/grafo11538.33,22,33,38,47,52,1.0,3,77,0.1372663974761963,2
582,graficon33nodi/grafo10562.33,22,33,39,48,54,1.0,4,103,0.14373445510864258,2
583,graficon35nodi/grafo2815.35,22,35,43,47,55,2.0,12,79,0.4600498676300049,2
584,graficon18nodi/grafo374.18,22,18,25,46,53,0.0,0,59,0.040727853775024414,2
585,graficon34nodi/grafo5148.34,22,34,37,47,50,1.0,1,74,0.053812265396118164,2
586,graficon35nodi/grafo11567.35,22,35,43,45,53,1.0,1,83,0.026926517486572266,2
587,graficon31nodi/grafo1115.31,22,31,43,45,57,2.0,12,236,0.4221000671386719,2
588,graficon34nodi/grafo2363.34,22,34,39,48,53,1.0,4,73,0.1255037784576416,2
589,graficon33nodi/grafo11375.33,22,33,39,48,54,1.0,4,90,0.14840054512023926,2
590,graficon36nodi/grafo5879.36,22,36,42,46,52,2.0,6,109,0.16977167129516602,2
591,graficon35nodi/grafo5820.35,22,35,38,45,48,1.0,1,59,0.027095556259155273,2
592,graficon17nodi/grafo678.17,22,17,25,48,56,1.0,1,58,0.022606849670410156,2
593,graficon32nodi/grafo9954.32,22,32,34,46,48,1.0,1,39,0.010777711868286133,2
594,graficon35nodi/grafo5966.35,22,35,45,47,57,3.0,11,86,0.19721102714538574,2
595,graficon35nodi/grafo5522.35,22,35,40,46,51,2.0,9,94,0.3182804584503174,2
596,graficon22nodi/grafo2807.22,22,22,27,46,51,1.0,2,36,0.04566383361816406,2
597,graficon32nodi/grafo3106.32,22,32,38,48,54,1.0,3,94,0.12891936302185059,2
598,graficon36nodi/grafo5667.36,22,36,40,46,50,0.0,0,47,0.015687227249145508,2
599,graficon31nodi/grafo2262.31,22,31,40,47,56,2.0,4,104,0.2600059509277344,2
600,graficon33nodi/grafo10456.33,22,33,38,48,53,1.0,5,60,0.11458921432495117,2
601,graficon33nodi/grafo1915.33,22,33,44,54,65,1.0,2,158,0.3289756774902344,2
602,graficon36nodi/grafo3304.36,22,36,47,53,64,3.0,22,192,1.701028823852539,2
603,graficon36nodi/grafo11296.36,22,36,44,50,58,3.0,24,161,0.6574568748474121,2
604,graficon37nodi/grafo3729.37,22,37,45,54,62,1.0,3,126,0.09501886367797852,2
605,graficon36nodi/grafo2212.36,22,36,41,54,59,1.0,2,101,0.12146711349487305,2
606,graficon31nodi/grafo1989.31,22,31,33,54,56,0.0,0,48,0.02187800407409668,2
607,graficon35nodi/grafo10658.35,22,35,41,50,56,1.0,3,84,0.14405608177185059,2
608,graficon39nodi/grafo5309.39,22,39,46,54,61,1.0,6,158,0.5225858688354492,2
609,graficon34nodi/grafo5495.34,22,34,43,53,62,2.0,9,81,0.5998122692108154,2
610,graficon37nodi/grafo3433.37,22,37,42,54,59,1.0,4,98,0.18347573280334473,2
611,graficon34nodi/grafo9882.34,22,34,39,50,55,0.0,0,72,0.029340267181396484,2
612,graficon22nodi/grafo1154.22,22,22,28,50,56,1.0,3,64,0.09496951103210449,2
613,graficon22nodi/grafo1715.22,22,22,34,54,66,1.0,4,129,0.513866662979126,2
614,graficon36nodi/grafo3282.36,22,36,40,54,58,1.0,2,89,0.09859609603881836,2
615,graficon36nodi/grafo3153.36,22,36,43,53,60,1.0,2,79,0.11591506004333496,2
616,graficon34nodi/grafo4029.34,22,34,40,50,56,1.0,9,79,0.07471919059753418,2
617,graficon32nodi/grafo1784.32,22,32,36,52,56,1.0,3,46,0.05291461944580078,2
618,graficon33nodi/grafo2397.33,22,33,39,50,56,2.0,6,80,0.5471518039703369,2
619,graficon39nodi/grafo7363.39,22,39,43,51,55,1.0,3,159,0.2514607906341553,2
620,graficon34nodi/grafo11241.34,22,34,39,50,55,0.0,0,72,0.028928279876708984,2
621,graficon31nodi/grafo1689.31,22,31,34,53,56,0.0,0,57,0.025847673416137695,2
622,graficon39nodi/grafo6808.39,22,39,45,51,57,2.0,7,104,0.2653493881225586,2
623,graficon24nodi/grafo522.24,22,24,30,51,57,2.0,5,105,0.14832758903503418,2
624,graficon25nodi/grafo2016.25,22,25,33,50,58,1.0,2,71,0.1013338565826416,2
625,graficon24nodi/grafo1667.24,22,24,29,50,55,1.0,1,44,0.019246578216552734,2
626,graficon40nodi/grafo5346.40,22,40,44,52,56,1.0,7,85,0.19908928871154785,2
627,graficon34nodi/grafo11531.34,22,34,37,50,53,1.0,1,59,0.05158877372741699,2
628,graficon23nodi/grafo1974.23,22,23,27,54,58,1.0,1,61,0.05021977424621582,2
629,graficon30nodi/grafo1183.30,22,30,39,50,59,2.0,9,110,0.6785626411437988,2
630,graficon35nodi/grafo7366.35,22,35,43,51,59,1.0,1,95,0.10196971893310547,2
631,graficon33nodi/grafo9869.33,22,33,38,50,55,1.0,2,50,0.07066869735717773,2
632,graficon38nodi/grafo3247.38,22,38,43,50,55,1.0,4,110,0.19949102401733398,2
633,graficon36nodi/grafo5319.36,22,36,44,53,61,1.0,2,157,0.2503955364227295,2
634,graficon30nodi/grafo11384.30,22,30,34,50,54,1.0,2,54,0.0993204116821289,2
635,graficon38nodi/grafo3966.38,22,38,42,54,58,1.0,4,85,0.19840383529663086,2
636,graficon32nodi/grafo3012.32,22,32,38,54,60,1.0,3,136,0.1774137020111084,2
637,graficon33nodi/grafo1174.33,22,33,41,53,61,2.0,6,124,0.47105932235717773,2
638,graficon35nodi/grafo11415.35,22,35,43,52,60,1.0,5,100,0.1474289894104004,2
639,graficon36nodi/grafo10746.36,22,36,42,54,60,0.0,0,81,0.028647661209106445,2
640,graficon38nodi/grafo6579.38,22,38,49,54,65,2.0,8,120,0.8862237930297852,2
641,graficon32nodi/grafo10058.32,22,32,40,51,59,1.0,3,76,0.0770573616027832,2
642,graficon34nodi/grafo11614.34,22,34,39,50,55,0.0,0,72,0.029343128204345703,2
643,graficon38nodi/grafo6106.38,22,38,47,53,62,2.0,16,136,0.7463524341583252,2
644,graficon26nodi/grafo309.26,22,26,36,54,64,2.0,9,133,0.2651808261871338,2
645,graficon34nodi/grafo10483.34,22,34,45,50,61,2.0,9,81,0.6194970607757568,2
646,graficon34nodi/grafo3023.34,22,34,42,54,62,1.0,2,99,0.08682990074157715,2
647,graficon35nodi/grafo11423.35,22,35,42,54,61,1.0,5,94,0.06425356864929199,2
648,graficon26nodi/grafo1952.26,22,26,31,54,59,1.0,4,67,0.07129263877868652,2
649,graficon38nodi/grafo5993.38,22,38,44,53,59,1.0,6,89,0.07232427597045898,2
650,graficon17nodi/grafo2227.17,22,17,25,50,58,1.0,2,72,0.16161894798278809,2
651,graficon34nodi/grafo2082.34,22,34,38,54,58,0.0,0,43,0.03226017951965332,2
652,graficon27nodi/grafo1746.27,22,27,38,52,63,2.0,3,108,0.1477975845336914,2
653,graficon33nodi/grafo3214.33,22,33,44,52,63,2.0,16,132,0.8841261863708496,2
654,graficon28nodi/grafo3060.28,22,28,36,51,59,1.0,4,56,0.07290768623352051,2
655,graficon24nodi/grafo1158.24,22,24,34,52,62,1.0,6,142,0.44528794288635254,2
656,graficon33nodi/grafo11638.33,22,33,38,53,58,1.0,2,79,0.07258296012878418,2
657,graficon35nodi/grafo7548.35,22,35,42,54,61,1.0,1,108,0.17670178413391113,2
658,graficon34nodi/grafo5827.34,22,34,40,51,57,1.0,2,95,0.13729429244995117,2
659,graficon34nodi/grafo5485.34,22,34,43,52,61,2.0,7,82,0.28159379959106445,2
660,graficon35nodi/grafo6897.35,22,35,47,52,64,2.0,10,118,0.5367441177368164,2
661,graficon34nodi/grafo5498.34,22,34,41,54,61,1.0,4,103,0.40637874603271484,2
662,graficon34nodi/grafo5856.34,22,34,41,50,57,1.0,4,74,0.099212646484375,2
663,graficon40nodi/grafo4073.40,22,40,42,51,53,1.0,2,152,0.3888256549835205,2
664,graficon36nodi/grafo10619.36,22,36,41,51,56,1.0,1,90,0.044307708740234375,2
665,graficon42nodi/grafo7119.42,22,42,46,50,54,1.0,2,112,0.16444134712219238,2
666,graficon36nodi/grafo11525.36,22,36,45,53,62,2.0,8,74,0.39023399353027344,2
667,graficon35nodi/grafo11234.35,22,35,35,51,51,0.0,0,23,0.011837482452392578,2
668,graficon24nodi/grafo2787.24,22,24,35,51,62,2.0,7,89,5.234354496002197,2
669,graficon40nodi/grafo3874.40,22,40,46,50,56,1.0,4,157,0.2572910785675049,2
670,graficon28nodi/grafo1569.28,22,28,36,53,61,1.0,1,89,0.04041600227355957,2
671,graficon35nodi/grafo2098.35,22,35,42,50,57,1.0,4,57,0.07724595069885254,2
672,graficon34nodi/grafo2031.34,22,34,42,53,61,1.0,4,113,0.1583554744720459,2
673,graficon30nodi/grafo11667.30,22,30,34,52,56,0.0,0,33,0.018174409866333008,2
674,graficon30nodi/grafo1345.30,22,30,44,50,64,3.0,22,234,17.387415647506714,2
675,graficon29nodi/grafo2054.29,22,29,35,50,56,1.0,3,42,0.057908058166503906,2
676,graficon41nodi/grafo4004.41,22,41,48,57,64,1.0,6,73,0.33011770248413086,2
677,graficon37nodi/grafo2224.37,22,37,45,58,66,2.0,16,137,1.5125970840454102,2
678,graficon34nodi/grafo6076.34,22,34,44,56,66,1.0,3,121,0.05425381660461426,2
679,graficon40nodi/grafo5714.40,22,40,52,59,71,3.0,22,203,3.1339542865753174,2
680,graficon38nodi/grafo9968.38,22,38,44,55,61,1.0,1,63,0.058297157287597656,2
681,graficon28nodi/grafo1201.28,22,28,38,58,68,2.0,5,111,0.460468053817749,2
682,graficon35nodi/grafo10708.35,22,35,46,55,66,3.0,21,192,1.365886926651001,2
683,graficon21nodi/grafo433.21,22,21,28,55,62,1.0,5,68,0.14404511451721191,2
684,graficon34nodi/grafo5143.34,22,34,40,57,63,1.0,1,50,0.012869834899902344,2
685,graficon36nodi/grafo11677.36,22,36,49,56,69,2.0,12,118,0.5283851623535156,2
686,graficon37nodi/grafo3125.37,22,37,42,58,63,1.0,3,46,0.0607914924621582,2
687,graficon37nodi/grafo7307.37,22,37,47,55,65,1.0,3,76,0.11380648612976074,2
688,graficon37nodi/grafo6450.37,22,37,46,57,66,1.0,6,73,0.29808664321899414,2
689,graficon39nodi/grafo3679.39,22,39,43,56,60,2.0,6,90,0.49748945236206055,2
690,graficon38nodi/grafo6656.38,22,38,46,57,65,1.0,3,121,0.22075366973876953,2
691,graficon34nodi/grafo11409.34,22,34,35,56,57,1.0,1,44,0.02118372917175293,2
692,graficon38nodi/grafo6939.38,22,38,51,57,70,2.0,17,153,0.321138858795166,2
693,graficon33nodi/grafo2687.33,22,33,46,56,69,2.0,18,227,1.4752750396728516,2
694,graficon38nodi/grafo3351.38,22,38,46,55,63,2.0,9,102,0.19933009147644043,2
695,graficon37nodi/grafo7087.37,22,37,44,59,66,1.0,3,77,0.15710759162902832,2
696,graficon36nodi/grafo11468.36,22,36,47,58,69,3.0,22,157,1.3461263179779053,2
697,graficon31nodi/grafo1946.31,22,31,38,59,66,1.0,3,59,0.13186311721801758,2
698,graficon32nodi/grafo1908.32,22,32,39,55,62,1.0,4,97,0.1268627643585205,2
699,graficon40nodi/grafo3255.40,22,40,46,56,62,2.0,11,95,0.3787841796875,2
700,graficon37nodi/grafo5301.37,22,37,44,58,65,1.0,3,75,0.17821311950683594,2
701,graficon35nodi/grafo5613.35,22,35,46,57,68,2.0,14,190,0.2696382999420166,2
702,graficon35nodi/grafo2990.35,22,35,48,59,72,3.0,19,98,14.96988034248352,2
703,graficon43nodi/grafo6878.43,22,43,48,56,61,1.0,5,71,0.4718666076660156,2
704,graficon27nodi/grafo1390.27,22,27,39,57,69,2.0,15,130,0.783728837966919,2
705,graficon36nodi/grafo6227.36,22,36,46,59,69,1.0,11,142,0.2804744243621826,2
706,graficon39nodi/grafo3830.39,22,39,50,58,69,2.0,6,158,0.46582674980163574,2
707,graficon37nodi/grafo6796.37,22,37,49,57,69,2.0,8,144,1.2218146324157715,2
708,graficon33nodi/grafo5872.33,22,33,39,57,63,1.0,3,45,0.06736493110656738,2
709,graficon36nodi/grafo6071.36,22,36,43,59,66,1.0,3,63,0.12248492240905762,2
710,graficon36nodi/grafo2465.36,22,36,44,58,66,2.0,7,132,0.6268808841705322,2
711,graficon38nodi/grafo7362.38,22,38,44,59,65,1.0,3,83,0.12103724479675293,2
712,graficon38nodi/grafo7290.38,22,38,47,58,67,2.0,12,153,1.2872848510742188,2
713,graficon42nodi/grafo3239.42,22,42,48,56,62,1.0,4,158,0.4603092670440674,2
714,graficon44nodi/grafo3040.44,22,44,50,59,65,1.0,5,101,0.26534080505371094,2
715,graficon39nodi/grafo11577.39,22,39,49,55,65,2.0,10,124,0.7329452037811279,2
716,graficon40nodi/grafo4081.40,22,40,46,56,62,2.0,18,171,1.507965087890625,2
717,graficon42nodi/grafo6381.42,22,42,50,59,67,1.0,4,98,0.09976983070373535,2
718,graficon41nodi/grafo10067.41,22,41,47,58,64,1.0,4,80,0.07446002960205078,2
719,graficon37nodi/grafo11622.37,22,37,49,59,71,1.0,5,83,0.04315805435180664,2
720,graficon32nodi/grafo1992.32,22,32,36,57,61,1.0,2,66,0.0671694278717041,2
721,graficon38nodi/grafo6467.38,22,38,43,59,64,1.0,3,70,0.07448983192443848,2
722,graficon40nodi/grafo6922.40,22,40,47,59,66,2.0,6,94,0.5300464630126953,2
723,graficon34nodi/grafo5303.34,22,34,44,59,69,1.0,2,86,0.14117765426635742,2
724,graficon34nodi/grafo11396.34,22,34,35,55,56,0.0,0,32,0.010494709014892578,2
725,graficon39nodi/grafo5122.39,22,39,51,59,71,3.0,16,217,31.038570642471313,2
726,graficon42nodi/grafo6223.42,22,42,45,59,62,1.0,2,68,0.05774688720703125,2
727,graficon40nodi/grafo2627.40,22,40,49,56,65,1.0,8,125,0.5191524028778076,2
728,graficon41nodi/grafo6876.41,22,41,50,58,67,1.0,6,96,0.1533188819885254,2
729,graficon35nodi/grafo11548.35,22,35,46,55,66,3.0,21,192,1.4226000308990479,2
730,graficon31nodi/grafo1637.31,22,31,41,56,66,2.0,13,119,1.0197715759277344,2
731,graficon38nodi/grafo3437.38,22,38,45,57,64,2.0,11,107,0.6519088745117188,2
732,graficon35nodi/grafo10135.35,22,35,43,55,63,2.0,10,122,0.41904330253601074,2
733,graficon38nodi/grafo2960.38,22,38,48,56,66,3.0,17,138,1.873765230178833,2
734,graficon35nodi/grafo3720.35,22,35,46,59,70,1.0,9,121,0.958651065826416,2
735,graficon36nodi/grafo6233.36,22,36,47,56,67,2.0,11,99,0.4376943111419678,2
736,graficon24nodi/grafo1966.24,22,24,34,58,68,1.0,2,88,0.13745403289794922,2
737,graficon38nodi/grafo3681.38,22,38,48,56,66,1.0,8,157,0.6577107906341553,2
738,graficon36nodi/grafo5970.36,22,36,46,57,67,2.0,14,160,1.4570677280426025,2
739,graficon26nodi/grafo1272.26,22,26,34,56,64,1.0,1,96,0.07762956619262695,2
740,graficon32nodi/grafo2968.32,22,32,41,55,64,2.0,9,113,0.24936532974243164,2
741,graficon34nodi/grafo5917.34,22,34,41,58,65,2.0,2,65,0.12608957290649414,2
742,graficon35nodi/grafo11344.35,22,35,40,55,60,1.0,3,71,0.09522128105163574,2
743,graficon47nodi/grafo1531.47,22,47,54,58,65,1.0,2,179,0.2299051284790039,2
744,graficon36nodi/grafo5264.36,22,36,41,59,64,0.0,0,71,0.03503537178039551,2
745,graficon36nodi/grafo7306.36,22,36,48,55,67,4.0,42,239,600.5649163722992,9
746,graficon34nodi/grafo3124.34,22,34,43,56,65,2.0,9,111,0.6943316459655762,2
747,graficon35nodi/grafo11633.35,22,35,46,56,67,2.0,7,128,1.574408769607544,2
748,graficon40nodi/grafo6115.40,22,40,46,57,63,2.0,7,92,0.12752032279968262,2
749,graficon37nodi/grafo3554.37,22,37,41,57,61,0.0,0,71,0.029494285583496094,2
750,graficon36nodi/grafo10229.36,22,36,46,58,68,1.0,6,85,0.16928482055664062,2
751,graficon33nodi/grafo598.33,22,33,49,63,79,3.0,29,216,3.4457805156707764,2
752,graficon44nodi/grafo7435.44,22,44,53,63,72,1.0,5,104,0.31908750534057617,2
753,graficon40nodi/grafo6485.40,22,40,51,62,73,2.0,18,101,14.968253135681152,2
754,graficon35nodi/grafo6035.35,22,35,50,61,76,2.0,10,175,0.30608487129211426,2
755,graficon38nodi/grafo7531.38,22,38,44,61,67,1.0,4,95,0.11502194404602051,2
756,graficon37nodi/grafo11473.37,22,37,42,61,66,1.0,1,58,0.04196906089782715,2
757,graficon33nodi/grafo5821.33,22,33,43,62,72,1.0,6,92,0.13322067260742188,2
758,graficon39nodi/grafo5308.39,22,39,49,64,74,2.0,9,104,0.5721921920776367,2
759,graficon33nodi/grafo10454.33,22,33,41,61,69,1.0,4,74,0.12292289733886719,2
760,graficon42nodi/grafo7704.42,22,42,51,63,72,2.0,13,145,1.8044068813323975,2
761,graficon33nodi/grafo2654.33,22,33,49,64,80,2.0,16,166,1.4567532539367676,2
762,graficon36nodi/grafo11077.36,22,36,40,63,67,1.0,1,65,0.03566288948059082,2
763,graficon37nodi/grafo5888.37,22,37,50,60,73,2.0,13,99,0.7592940330505371,2
764,graficon33nodi/grafo10732.33,22,33,37,60,64,1.0,1,77,0.08294463157653809,2
765,graficon25nodi/grafo2301.25,22,25,37,61,73,1.0,1,103,0.07759857177734375,2
766,graficon43nodi/grafo7428.43,22,43,52,60,69,1.0,6,146,0.2914907932281494,2
767,graficon32nodi/grafo2991.32,22,32,43,61,72,2.0,7,140,0.5920500755310059,2
768,graficon41nodi/grafo3498.41,22,41,53,63,75,2.0,16,167,1.2198195457458496,2
769,graficon36nodi/grafo11414.36,22,36,47,62,73,2.0,13,106,0.26849961280822754,2
770,graficon35nodi/grafo10841.35,22,35,45,62,72,2.0,9,128,0.5108792781829834,2
771,graficon38nodi/grafo2959.38,22,38,48,61,71,2.0,7,99,0.783402681350708,2
772,graficon30nodi/grafo359.30,22,30,37,60,67,2.0,4,56,0.21538472175598145,2
773,graficon37nodi/grafo1555.37,22,37,48,61,72,3.0,20,137,21.19377565383911,2
774,graficon37nodi/grafo2398.37,22,37,47,64,74,2.0,13,156,0.5226726531982422,2
775,graficon40nodi/grafo2729.40,22,40,46,64,70,1.0,4,100,0.5868649482727051,2
776,graficon42nodi/grafo3325.42,22,42,52,64,74,2.0,7,123,0.5100560188293457,2
777,graficon36nodi/grafo10462.36,22,36,40,61,65,0.0,0,34,0.020212650299072266,2
778,graficon39nodi/grafo7630.39,22,39,46,62,69,2.0,11,103,0.7107391357421875,2
779,graficon30nodi/grafo2012.30,22,30,46,64,80,3.0,22,189,3.8041868209838867,2
780,graficon48nodi/grafo1669.48,22,48,59,62,73,3.0,20,324,4.883402347564697,2
781,graficon40nodi/grafo3116.40,22,40,47,64,71,1.0,7,159,0.5023460388183594,2
782,graficon41nodi/grafo4047.41,22,41,48,63,70,1.0,1,104,0.10280895233154297,2
783,graficon44nodi/grafo3971.44,22,44,48,64,68,1.0,2,86,0.20860767364501953,2
784,graficon36nodi/grafo6093.36,22,36,43,63,70,1.0,7,65,0.4298543930053711,2
785,graficon39nodi/grafo6244.39,22,39,52,64,77,3.0,15,220,1.315418004989624,2
786,graficon34nodi/grafo5991.34,22,34,41,60,67,1.0,2,89,0.12141036987304688,2
787,graficon38nodi/grafo5998.38,22,38,44,60,66,1.0,1,88,0.07116293907165527,2
788,graficon32nodi/grafo5807.32,22,32,41,64,73,1.0,2,64,0.1994166374206543,2
789,graficon29nodi/grafo2811.29,22,29,40,62,73,2.0,10,98,0.3365468978881836,2
790,graficon33nodi/grafo11643.33,22,33,37,60,64,1.0,1,77,0.08423614501953125,2
791,graficon45nodi/grafo7711.45,22,45,53,64,72,1.0,4,92,0.381439208984375,2
792,graficon35nodi/grafo3483.35,22,35,41,61,67,1.0,6,83,0.08273816108703613,2
793,graficon37nodi/grafo7410.37,22,37,51,61,75,3.0,20,130,15.816364526748657,2
794,graficon39nodi/grafo3792.39,22,39,49,61,71,2.0,8,135,14.767556428909302,2
795,graficon46nodi/grafo7281.46,22,46,54,61,69,2.0,10,148,1.1702454090118408,2
796,graficon41nodi/grafo7033.41,22,41,48,60,67,2.0,9,130,1.2757174968719482,2
797,graficon37nodi/grafo6905.37,22,37,48,63,74,2.0,11,105,0.8525991439819336,2
798,graficon33nodi/grafo1668.33,22,33,41,63,71,2.0,8,77,0.6681573390960693,2
799,graficon43nodi/grafo4042.43,22,43,47,60,64,0.0,0,100,0.06492185592651367,2
800,graficon37nodi/grafo3728.37,22,37,47,63,73,1.0,8,102,0.567603588104248,2
801,graficon37nodi/grafo6219.37,22,37,45,62,70,1.0,5,116,0.15173816680908203,2
802,graficon37nodi/grafo2761.37,22,37,45,60,68,2.0,6,136,0.37015318870544434,2
803,graficon35nodi/grafo6010.35,22,35,44,60,69,2.0,9,101,0.5116322040557861,2
804,graficon41nodi/grafo5637.41,22,41,49,61,69,2.0,7,147,0.44880080223083496,2
805,graficon36nodi/grafo5783.36,22,36,46,62,72,2.0,6,94,0.38048529624938965,2
806,graficon42nodi/grafo5250.42,22,42,51,64,73,1.0,10,119,0.5304505825042725,2
807,graficon38nodi/grafo11452.38,22,38,50,62,74,3.0,23,126,27.212793350219727,2
808,graficon41nodi/grafo11172.41,22,41,51,62,72,2.0,8,128,1.4648325443267822,2
809,graficon37nodi/grafo7650.37,22,37,52,63,78,2.0,9,209,0.9738540649414062,2
810,graficon33nodi/grafo11527.33,22,33,40,62,69,1.0,3,105,0.30417513847351074,2
811,graficon40nodi/grafo6142.40,22,40,49,64,73,2.0,9,118,1.7894477844238281,2
812,graficon36nodi/grafo5809.36,22,36,45,63,72,2.0,11,142,0.8899955749511719,2
813,graficon40nodi/grafo5426.40,22,40,50,62,72,2.0,18,297,4.401452302932739,2
814,graficon34nodi/grafo3076.34,22,34,39,61,66,1.0,2,60,0.16030359268188477,2
815,graficon39nodi/grafo7374.39,22,39,51,62,74,3.0,19,175,28.183335781097412,2
816,graficon40nodi/grafo7706.40,22,40,51,60,71,2.0,20,169,0.9922449588775635,2
817,graficon44nodi/grafo3602.44,22,44,53,62,71,2.0,14,222,1.9659690856933594,2
818,graficon43nodi/grafo7484.43,22,43,49,63,69,1.0,5,122,0.36849379539489746,2
819,graficon37nodi/grafo11410.37,22,37,45,64,72,2.0,4,85,0.20076537132263184,2
820,graficon35nodi/grafo6104.35,22,35,40,63,68,1.0,1,87,0.06561732292175293,2
821,graficon36nodi/grafo5360.36,22,36,44,62,70,2.0,9,74,0.7734723091125488,2
822,graficon38nodi/grafo5222.38,22,38,43,62,67,1.0,4,97,0.1796729564666748,2
823,graficon36nodi/grafo11309.36,22,36,46,61,71,2.0,16,178,0.606034517288208,2
824,graficon36nodi/grafo5457.36,22,36,43,61,68,2.0,4,61,0.15955471992492676,2
825,graficon37nodi/grafo7092.37,22,37,47,61,71,3.0,21,218,1.4661049842834473,2
826,graficon38nodi/grafo1999.38,22,38,45,68,75,1.0,2,75,0.07324934005737305,2
827,graficon38nodi/grafo7684.38,22,38,54,68,84,3.0,21,216,18.295267581939697,2
828,graficon43nodi/grafo3669.43,22,43,52,67,76,1.0,6,228,1.3050553798675537,2
829,graficon40nodi/grafo11665.40,22,40,48,68,76,2.0,11,115,0.8404178619384766,2
830,graficon39nodi/grafo10234.39,22,39,51,69,81,2.0,18,117,0.6863315105438232,2
831,graficon40nodi/grafo6382.40,22,40,52,65,77,3.0,15,163,1.5942456722259521,2
832,graficon44nodi/grafo7013.44,22,44,53,69,78,1.0,1,105,0.061370849609375,2
833,graficon37nodi/grafo3341.37,22,37,50,66,79,3.0,15,218,51.19421339035034,2
834,graficon40nodi/grafo5504.40,22,40,53,66,79,2.0,14,160,0.8932762145996094,2
835,graficon44nodi/grafo1219.44,22,44,48,66,70,0.0,0,65,0.03110671043395996,2
836,graficon29nodi/grafo3034.29,22,29,40,65,76,1.0,4,167,0.26895737648010254,2
837,graficon44nodi/grafo3831.44,22,44,52,67,75,2.0,10,166,2.789116859436035,2
838,graficon35nodi/grafo3068.35,22,35,50,67,82,3.0,24,184,26.47747015953064,2
839,graficon40nodi/grafo9898.40,22,40,50,68,78,2.0,13,98,0.8080365657806396,2
840,graficon37nodi/grafo6847.37,22,37,47,67,77,1.0,2,140,0.21146249771118164,2
841,graficon40nodi/grafo5327.40,22,40,47,68,75,1.0,6,118,0.33236122131347656,2
842,graficon44nodi/grafo6266.44,22,44,60,68,84,3.0,30,188,38.49777412414551,2
843,graficon39nodi/grafo6848.39,22,39,52,67,80,2.0,11,187,0.9774243831634521,2
844,graficon30nodi/grafo2030.30,22,30,44,66,80,2.0,16,176,1.215571641921997,2
845,graficon40nodi/grafo6167.40,22,40,57,66,83,3.0,24,237,7.5382161140441895,2
846,graficon39nodi/grafo2148.39,22,39,45,67,73,1.0,3,117,0.14548730850219727,2
847,graficon36nodi/grafo3734.36,22,36,46,67,77,1.0,6,217,1.1945796012878418,2
848,graficon39nodi/grafo5789.39,22,39,58,69,88,3.0,33,165,29.978049993515015,2
849,graficon29nodi/grafo1284.29,22,29,40,65,76,2.0,9,130,0.26787900924682617,2
850,graficon45nodi/grafo7024.45,22,45,50,65,70,1.0,5,78,0.18018245697021484,2
851,graficon33nodi/grafo5203.33,22,33,41,68,76,1.0,5,64,0.13599252700805664,2
852,graficon34nodi/grafo6218.34,22,34,40,65,71,1.0,3,76,0.1523442268371582,2
853,graficon43nodi/grafo7073.43,22,43,51,69,77,2.0,7,116,0.6434612274169922,2
854,graficon42nodi/grafo5867.42,22,42,52,69,79,3.0,15,241,3.40407133102417,2
855,graficon36nodi/grafo7509.36,22,36,45,69,78,2.0,7,95,0.8939268589019775,2
856,graficon37nodi/grafo7743.37,22,37,55,68,86,3.0,25,242,1.1776883602142334,2
857,graficon44nodi/grafo6915.44,22,44,58,68,82,3.0,23,154,3.322455406188965,2
858,graficon40nodi/grafo7570.40,22,40,52,68,80,2.0,16,163,1.615107774734497,2
859,graficon33nodi/grafo5787.33,22,33,40,66,73,1.0,2,37,0.13733220100402832,2
860,graficon34nodi/grafo11517.34,22,34,44,69,79,1.0,5,124,0.6214041709899902,2
861,graficon49nodi/grafo1560.49,22,49,59,68,78,2.0,13,126,1.087275505065918,2
862,graficon47nodi/grafo3121.47,22,47,54,65,72,1.0,4,186,0.38764309883117676,2
863,graficon38nodi/grafo2052.38,22,38,50,67,79,3.0,17,97,18.175416231155396,2
864,graficon41nodi/grafo3794.41,22,41,52,65,76,3.0,25,172,1.5774757862091064,2
865,graficon38nodi/grafo3964.38,22,38,48,69,79,1.0,9,165,0.7011446952819824,2
866,graficon39nodi/grafo7264.39,22,39,51,67,79,3.0,30,155,1.9842844009399414,2
867,graficon38nodi/grafo3752.38,22,38,46,65,73,2.0,6,138,0.49680662155151367,2
868,graficon37nodi/grafo3576.37,22,37,49,69,81,2.0,17,167,1.1306467056274414,2
869,graficon38nodi/grafo5949.38,22,38,50,66,78,1.0,5,195,0.6364808082580566,2
870,graficon29nodi/grafo2639.29,22,29,43,67,81,2.0,9,218,0.9253888130187988,2
871,graficon38nodi/grafo11575.38,22,38,46,66,74,2.0,14,95,0.8172624111175537,2
872,graficon38nodi/grafo3321.38,22,38,53,66,81,2.0,16,186,0.6298556327819824,2
873,graficon31nodi/grafo1429.31,22,31,45,65,79,2.0,16,175,1.864305019378662,2
874,graficon38nodi/grafo4013.38,22,38,49,67,78,2.0,12,131,0.9111828804016113,2
875,graficon28nodi/grafo1339.28,22,28,41,67,80,3.0,16,184,1.406447172164917,2
876,graficon35nodi/grafo2020.35,22,35,43,68,76,1.0,1,90,0.0421750545501709,2
877,graficon40nodi/grafo7409.40,22,40,48,65,73,1.0,7,88,0.29709553718566895,2
878,graficon42nodi/grafo6141.42,22,42,53,68,79,2.0,17,119,1.8174402713775635,2
879,graficon38nodi/grafo3932.38,22,38,48,69,79,1.0,6,162,0.32372212409973145,2
880,graficon38nodi/grafo2986.38,22,38,50,67,79,3.0,24,156,73.71838474273682,2
881,graficon42nodi/grafo5771.42,22,42,51,68,77,1.0,6,126,0.49166083335876465,2
882,graficon45nodi/grafo7734.45,22,45,55,68,78,2.0,18,145,2.8004443645477295,2
883,graficon42nodi/grafo3094.42,22,42,49,69,76,1.0,2,106,0.1999666690826416,2
884,graficon38nodi/grafo819.38,22,38,49,68,79,3.0,17,157,0.6086211204528809,2
885,graficon39nodi/grafo6923.39,22,39,48,67,76,2.0,11,164,1.5287542343139648,2
886,graficon33nodi/grafo10400.33,22,33,38,68,73,1.0,1,75,0.07014942169189453,2
887,graficon36nodi/grafo11346.36,22,36,49,69,82,2.0,15,113,0.4440925121307373,2
888,graficon39nodi/grafo11565.39,22,39,45,65,71,1.0,4,69,0.24565792083740234,2
889,graficon50nodi/grafo1494.50,22,50,57,68,75,2.0,12,131,2.645533561706543,2
890,graficon38nodi/grafo10455.38,22,38,42,67,71,1.0,1,51,0.028690576553344727,2
891,graficon38nodi/grafo9852.38,22,38,48,66,76,2.0,8,118,0.566169261932373,2
892,graficon45nodi/grafo5975.45,22,45,52,66,73,1.0,7,123,0.676255464553833,2
893,graficon39nodi/grafo4061.39,22,39,47,69,77,2.0,6,113,0.28977322578430176,2
894,graficon40nodi/grafo6955.40,22,40,52,69,81,2.0,11,149,1.5270473957061768,2
895,graficon41nodi/grafo7624.41,22,41,54,69,82,2.0,15,236,3.6261985301971436,2
896,graficon35nodi/grafo6116.35,22,35,43,69,77,1.0,7,93,0.11726641654968262,2
897,graficon51nodi/grafo1404.51,22,51,70,69,88,4.0,50,347,14.41850209236145,2
898,graficon36nodi/grafo7553.36,22,36,52,69,85,2.0,18,163,1.1194374561309814,2
899,graficon40nodi/grafo3711.40,22,40,53,68,81,1.0,4,192,0.28904247283935547,2
900,graficon37nodi/grafo2099.37,22,37,44,69,76,0.0,0,64,0.03173017501831055,2
901,graficon40nodi/grafo3916.40,22,40,51,71,82,2.0,8,152,0.8307969570159912,2
902,graficon39nodi/grafo227.39,22,39,47,72,80,1.0,5,110,0.3259620666503906,2
903,graficon44nodi/grafo7217.44,22,44,53,70,79,2.0,8,159,0.7574410438537598,2
904,graficon35nodi/grafo10277.35,22,35,45,71,81,2.0,12,166,1.581453800201416,2
905,graficon37nodi/grafo2678.37,22,37,45,74,82,1.0,2,111,0.24109983444213867,2
906,graficon44nodi/grafo3432.44,22,44,55,72,83,1.0,10,103,0.29773950576782227,2
907,graficon43nodi/grafo7404.43,22,43,55,73,85,2.0,11,158,1.6053438186645508,2
908,graficon47nodi/grafo6168.47,22,47,50,70,73,1.0,1,148,0.0760650634765625,2
909,graficon44nodi/grafo5590.44,22,44,49,72,77,1.0,1,65,0.038126468658447266,2
910,graficon37nodi/grafo3954.37,22,37,50,70,83,2.0,17,132,1.3636972904205322,2
911,graficon40nodi/grafo490.40,22,40,45,71,76,1.0,1,61,0.03445744514465332,2
912,graficon38nodi/grafo3708.38,22,38,53,74,89,2.0,9,171,0.6430633068084717,2
913,graficon34nodi/grafo10511.34,22,34,41,71,78,1.0,4,93,0.14876413345336914,2
914,graficon39nodi/grafo11357.39,22,39,48,71,80,2.0,10,112,0.4783670902252197,2
915,graficon49nodi/grafo6373.49,22,49,56,73,80,2.0,13,142,0.80340576171875,2
916,graficon41nodi/grafo7372.41,22,41,55,71,85,2.0,17,285,3.7098586559295654,2
917,graficon47nodi/grafo3806.47,22,47,52,71,76,1.0,3,121,0.13526225090026855,2
918,graficon40nodi/grafo7285.40,22,40,56,70,86,3.0,25,230,4.141730070114136,2
919,graficon36nodi/grafo5124.36,22,36,43,70,77,1.0,5,101,0.36070942878723145,2
920,graficon38nodi/grafo3457.38,22,38,43,70,75,1.0,1,64,0.05164694786071777,2
921,graficon40nodi/grafo3539.40,22,40,57,72,89,3.0,27,184,2.9002184867858887,2
922,graficon39nodi/grafo3391.39,22,39,61,71,93,5.0,49,363,9.750630378723145,2
923,graficon38nodi/grafo6480.38,22,38,50,70,82,2.0,13,126,1.0643560886383057,2
924,graficon42nodi/grafo3820.42,22,42,52,70,80,2.0,6,146,1.0520427227020264,2
925,graficon40nodi/grafo11283.40,22,40,52,74,86,2.0,16,133,1.2622191905975342,2
926,graficon48nodi/grafo1535.48,22,48,53,72,77,1.0,1,107,0.04748392105102539,2
927,graficon44nodi/grafo11640.44,22,44,59,73,88,2.0,21,212,3.0537636280059814,2
928,graficon30nodi/grafo1810.30,22,30,40,73,83,2.0,4,121,0.595170259475708,2
929,graficon38nodi/grafo10767.38,22,38,50,72,84,2.0,7,240,1.5463736057281494,2
930,graficon39nodi/grafo10062.39,22,39,44,74,79,1.0,6,94,0.5593435764312744,2
931,graficon42nodi/grafo6171.42,22,42,59,73,90,3.0,25,202,137.89918661117554,2
932,graficon41nodi/grafo7074.41,22,41,50,72,81,1.0,1,129,0.07042932510375977,2
933,graficon42nodi/grafo6304.42,22,42,55,73,86,2.0,18,270,0.5851099491119385,2
934,graficon43nodi/grafo3801.43,22,43,52,70,79,1.0,5,99,0.18881750106811523,2
935,graficon40nodi/grafo3538.40,22,40,46,72,78,1.0,3,92,0.396578311920166,2
936,graficon38nodi/grafo10567.38,22,38,47,74,83,2.0,13,187,1.7502937316894531,2
937,graficon37nodi/grafo3445.37,22,37,46,73,82,2.0,8,76,0.4621875286102295,2
938,graficon37nodi/grafo11122.37,22,37,44,74,81,2.0,8,103,0.9579741954803467,2
939,graficon35nodi/grafo3499.35,22,35,47,70,82,2.0,11,115,0.23780608177185059,2
940,graficon42nodi/grafo7296.42,22,42,56,73,87,2.0,14,143,0.9741120338439941,2
941,graficon38nodi/grafo10027.38,22,38,50,74,86,2.0,12,139,0.8318474292755127,2
942,graficon40nodi/grafo6207.40,22,40,52,72,84,3.0,12,161,2.0127782821655273,2
943,graficon35nodi/grafo3006.35,22,35,44,70,79,1.0,3,104,0.2564706802368164,2
944,graficon56nodi/grafo5979.56,22,56,69,72,85,3.0,27,413,11.50459623336792,2
945,graficon39nodi/grafo7283.39,22,39,50,74,85,2.0,15,180,13.980962991714478,2
946,graficon40nodi/grafo3229.40,22,40,48,74,82,1.0,3,83,0.2398080825805664,2
947,graficon37nodi/grafo2528.37,22,37,50,70,83,2.0,9,144,0.9445629119873047,2
948,graficon40nodi/grafo2963.40,22,40,49,70,79,2.0,10,182,0.93013596534729,2
949,graficon37nodi/grafo11238.37,22,37,47,70,80,1.0,6,148,0.2175891399383545,2
950,graficon34nodi/grafo5693.34,22,34,46,73,85,2.0,6,113,0.7994873523712158,2
951,graficon45nodi/grafo5623.45,22,45,55,74,84,1.0,3,211,1.1535840034484863,2
952,graficon38nodi/grafo1157.38,22,38,48,73,83,2.0,7,81,0.21875596046447754,2
953,graficon36nodi/grafo9862.36,22,36,51,74,89,2.0,11,158,1.6627743244171143,2
954,graficon39nodi/grafo10505.39,22,39,52,70,83,2.0,16,189,1.6739084720611572,2
955,graficon34nodi/grafo9934.34,22,34,40,73,79,0.0,0,40,0.029659509658813477,2
956,graficon42nodi/grafo7692.42,22,42,54,74,86,2.0,11,133,1.964165210723877,2
957,graficon41nodi/grafo7635.41,22,41,53,71,83,3.0,26,174,123.69428873062134,2
958,graficon39nodi/grafo3849.39,22,39,50,71,82,2.0,11,234,1.6340157985687256,2
959,graficon40nodi/grafo3287.40,22,40,52,71,83,2.0,12,148,1.2647030353546143,2
960,graficon56nodi/grafo7164.56,22,56,68,70,82,2.0,13,151,1.9117283821105957,2
961,graficon43nodi/grafo7403.43,22,43,57,70,84,3.0,28,190,30.250060319900513,2
962,graficon39nodi/grafo6476.39,22,39,50,73,84,2.0,20,93,0.6123836040496826,2
963,graficon41nodi/grafo5344.41,22,41,52,73,84,2.0,8,108,1.0056369304656982,2
964,graficon35nodi/grafo7560.35,22,35,45,72,82,1.0,7,81,0.31694793701171875,2
965,graficon39nodi/grafo11552.39,22,39,47,71,79,1.0,4,117,0.4477062225341797,2
966,graficon42nodi/grafo3865.42,22,42,56,73,87,2.0,16,146,1.5323424339294434,2
967,graficon46nodi/grafo1581.46,22,46,52,71,77,1.0,2,112,0.32619810104370117,2
968,graficon38nodi/grafo7187.38,22,38,52,74,88,2.0,22,239,2.3968565464019775,2
969,graficon57nodi/grafo5041.57,22,57,63,74,80,1.0,6,273,1.3467400074005127,2
970,graficon37nodi/grafo7512.37,22,37,45,71,79,2.0,3,122,0.4043614864349365,2
971,graficon39nodi/grafo7479.39,22,39,53,70,84,2.0,17,153,1.0841646194458008,2
972,graficon46nodi/grafo5905.46,22,46,56,74,84,1.0,10,155,1.0733840465545654,2
973,graficon40nodi/grafo3387.40,22,40,53,74,87,2.0,19,170,2.4342386722564697,2
974,graficon38nodi/grafo3915.38,22,38,44,71,77,1.0,2,92,0.16601800918579102,2
975,graficon37nodi/grafo11479.37,22,37,44,73,80,2.0,8,90,0.6750178337097168,2
976,graficon36nodi/grafo2504.36,22,36,49,76,89,2.0,11,137,1.5900518894195557,2
977,graficon30nodi/grafo3011.30,22,30,41,76,87,1.0,6,140,0.40872859954833984,2
978,graficon39nodi/grafo2310.39,22,39,59,77,97,3.0,21,279,2.789113998413086,2
979,graficon40nodi/grafo365.40,22,40,47,76,83,1.0,6,86,0.20789551734924316,2
980,graficon41nodi/grafo5534.41,22,41,49,77,85,1.0,5,108,0.5294671058654785,2
981,graficon36nodi/grafo5632.36,22,36,43,76,83,1.0,6,69,0.17106938362121582,2
982,graficon42nodi/grafo3895.42,22,42,55,79,92,3.0,31,232,30.608381271362305,2
983,graficon40nodi/grafo7534.40,22,40,54,76,90,2.0,21,225,2.440735340118408,2
984,graficon38nodi/grafo11163.38,22,38,50,77,89,2.0,20,172,1.1702373027801514,2
985,graficon36nodi/grafo5700.36,22,36,49,78,91,2.0,13,195,1.3760666847229004,2
986,graficon41nodi/grafo7150.41,22,41,52,75,86,2.0,12,85,1.2943847179412842,2
987,graficon38nodi/grafo9909.38,22,38,48,77,87,2.0,8,149,0.4889068603515625,2
988,graficon41nodi/grafo6152.41,22,41,56,75,90,2.0,14,167,2.417921304702759,2
989,graficon44nodi/grafo3924.44,22,44,53,75,84,2.0,9,169,1.8095474243164062,2
990,graficon38nodi/grafo5880.38,22,38,52,76,90,2.0,16,167,0.6305911540985107,2
991,graficon31nodi/grafo1257.31,22,31,50,76,95,4.0,33,223,2.9120609760284424,2
992,graficon40nodi/grafo9929.40,22,40,56,77,93,2.0,25,137,18.936604022979736,2
993,graficon43nodi/grafo7444.43,22,43,55,77,89,3.0,21,154,22.377870321273804,2
994,graficon33nodi/grafo1975.33,22,33,46,77,90,2.0,12,117,0.27966761589050293,2
995,graficon44nodi/grafo5982.44,22,44,57,79,92,2.0,17,245,2.0072646141052246,2
996,graficon49nodi/grafo1353.49,22,49,54,76,81,1.0,3,102,0.11351370811462402,2
997,graficon36nodi/grafo3379.36,22,36,44,75,83,1.0,1,89,0.05127549171447754,2
998,graficon37nodi/grafo5904.37,22,37,50,77,90,2.0,11,117,0.8954308032989502,2
999,graficon37nodi/grafo3837.37,22,37,52,75,90,2.0,15,228,3.589268922805786,2
1000,graficon42nodi/grafo6032.42,22,42,51,76,85,2.0,7,112,0.6207005977630615,2
1001,graficon40nodi/grafo7544.40,22,40,53,75,88,2.0,4,232,1.4830939769744873,2
1002,graficon38nodi/grafo7305.38,22,38,53,76,91,3.0,22,165,5.670740604400635,2
1003,graficon48nodi/grafo7046.48,22,48,54,76,82,1.0,2,177,0.2663736343383789,2
1004,graficon47nodi/grafo3232.47,22,47,55,77,85,1.0,6,96,0.3606407642364502,2
1005,graficon40nodi/grafo3885.40,22,40,51,75,86,1.0,9,147,0.7510848045349121,2
1006,graficon43nodi/grafo6858.43,22,43,61,77,95,3.0,25,205,132.75065803527832,2
1007,graficon43nodi/grafo5298.43,22,43,56,76,89,2.0,13,110,1.989380121231079,2
1008,graficon37nodi/grafo11609.37,22,37,44,77,84,2.0,9,72,0.5691831111907959,2
1009,graficon43nodi/grafo7047.43,22,43,55,76,88,2.0,11,170,2.8139805793762207,2
1010,graficon46nodi/grafo1484.46,22,46,57,78,89,2.0,12,277,2.170370578765869,2
1011,graficon37nodi/grafo5641.37,22,37,44,79,86,1.0,1,121,0.06854104995727539,2
1012,graficon47nodi/grafo7547.47,22,47,59,77,89,2.0,12,132,2.1088836193084717,2
1013,graficon40nodi/grafo10494.40,22,40,50,78,88,1.0,7,109,0.5531191825866699,2
1014,graficon37nodi/grafo2713.37,22,37,48,76,87,2.0,17,166,1.4866526126861572,2
1015,graficon39nodi/grafo6248.39,22,39,50,79,90,1.0,8,168,0.33930397033691406,2
1016,graficon38nodi/grafo5903.38,22,38,48,77,87,2.0,11,131,1.009965419769287,2
1017,graficon43nodi/grafo6296.43,22,43,59,79,95,3.0,30,345,20.715744495391846,2
1018,graficon41nodi/grafo6951.41,22,41,54,76,89,3.0,18,183,1.2747015953063965,2
1019,graficon39nodi/grafo10733.39,22,39,53,79,93,2.0,12,133,1.845524787902832,2
1020,graficon41nodi/grafo7056.41,22,41,51,76,86,1.0,4,138,0.5702612400054932,2
1021,graficon46nodi/grafo3380.46,22,46,56,75,85,2.0,8,115,1.2087154388427734,2
1022,graficon41nodi/grafo3534.41,22,41,49,77,85,1.0,9,124,0.792978048324585,2
1023,graficon39nodi/grafo3617.39,22,39,48,77,86,1.0,2,99,0.18289709091186523,2
1024,graficon38nodi/grafo11024.38,22,38,45,75,82,2.0,6,74,0.346881628036499,2
1025,graficon49nodi/grafo1408.49,22,49,59,77,87,0.0,0,184,0.1320486068725586,2
1026,graficon46nodi/grafo7234.46,22,46,63,78,95,3.0,35,288,168.30688643455505,2
1027,graficon45nodi/grafo3840.45,22,45,59,79,93,3.0,23,287,2.482180595397949,2
1028,graficon43nodi/grafo5371.43,22,43,57,79,93,2.0,10,112,0.8007237911224365,2
1029,graficon38nodi/grafo3671.38,22,38,47,75,84,1.0,5,85,0.3778867721557617,2
1030,graficon38nodi/grafo9893.38,22,38,49,76,87,1.0,7,94,0.3320455551147461,2
1031,graficon35nodi/grafo4037.35,22,35,40,78,83,1.0,3,82,0.3598592281341553,2
1032,graficon36nodi/grafo5155.36,22,36,47,79,90,1.0,8,145,1.4724745750427246,2
1033,graficon42nodi/grafo7486.42,22,42,57,79,94,2.0,22,162,1.9966390132904053,2
1034,graficon49nodi/grafo3418.49,22,49,63,79,93,2.0,16,163,5.060259819030762,2
1035,graficon38nodi/grafo9981.38,22,38,45,78,85,1.0,1,48,0.13759708404541016,2
1036,graficon27nodi/grafo2050.27,22,27,36,76,85,1.0,1,53,0.05507683753967285,2
1037,graficon29nodi/grafo2072.29,22,29,43,78,92,2.0,9,100,0.5317020416259766,2
1038,graficon45nodi/grafo1836.45,22,45,58,77,90,3.0,21,208,1.8117153644561768,2
1039,graficon34nodi/grafo3921.34,22,34,46,77,89,2.0,7,162,1.2382490634918213,2
1040,graficon55nodi/grafo6415.55,22,55,59,76,80,1.0,2,121,0.25894594192504883,2
1041,graficon41nodi/grafo6191.41,22,41,52,78,89,2.0,14,186,1.471306324005127,2
1042,graficon46nodi/grafo1406.46,22,46,56,79,89,1.0,4,153,0.5514817237854004,2
1043,graficon45nodi/grafo5925.45,22,45,56,79,90,2.0,19,161,1.0922906398773193,2
1044,graficon35nodi/grafo3996.35,22,35,47,78,90,3.0,14,154,0.9912455081939697,2
1045,graficon46nodi/grafo6678.46,22,46,55,77,86,1.0,2,133,0.3189198970794678,2
1046,graficon43nodi/grafo3573.43,22,43,58,79,94,2.0,21,173,2.1343109607696533,2
1047,graficon40nodi/grafo6972.40,22,40,51,77,88,1.0,6,139,0.7062191963195801,2
1048,graficon51nodi/grafo3958.51,22,51,62,77,88,3.0,18,248,5.513707160949707,2
1049,graficon39nodi/grafo10192.39,22,39,48,78,87,2.0,10,121,1.24369215965271,2
1050,graficon45nodi/grafo6007.45,22,45,58,79,92,2.0,17,174,2.6192095279693604,2
1051,graficon37nodi/grafo11553.37,22,37,49,83,95,1.0,6,72,0.10368800163269043,2
1052,graficon44nodi/grafo7454.44,22,44,56,84,96,2.0,13,149,1.9419333934783936,2
1053,graficon40nodi/grafo5453.40,22,40,57,83,100,3.0,25,206,27.666775226593018,2
1054,graficon43nodi/grafo6144.43,22,43,56,80,93,2.0,13,234,2.1156020164489746,2
1055,graficon38nodi/grafo5499.38,22,38,48,81,91,1.0,4,91,0.2573225498199463,2
1056,graficon41nodi/grafo6973.41,22,41,58,84,101,2.0,19,213,2.3558757305145264,2
1057,graficon39nodi/grafo10037.39,22,39,50,80,91,1.0,10,151,0.8643381595611572,2
1058,graficon36nodi/grafo11554.36,22,36,50,82,96,3.0,25,199,3.1216976642608643,2
1059,graficon60nodi/grafo5751.60,22,60,75,84,99,3.0,23,467,31.299961805343628,2
1060,graficon42nodi/grafo5241.42,22,42,55,83,96,2.0,16,162,0.9599683284759521,2
1061,graficon46nodi/grafo6628.46,22,46,63,83,100,3.0,31,472,235.23540782928467,2
1062,graficon39nodi/grafo9924.39,22,39,52,84,97,2.0,15,134,0.8607583045959473,2
1063,graficon46nodi/grafo3661.46,22,46,56,83,93,1.0,7,126,0.7689671516418457,2
1064,graficon38nodi/grafo7549.38,22,38,50,82,94,2.0,14,141,1.4272093772888184,2
1065,graficon39nodi/grafo11532.39,22,39,51,81,93,1.0,4,87,0.6481835842132568,2
1066,graficon47nodi/grafo1536.47,22,47,52,80,85,0.0,0,120,0.03502511978149414,2
1067,graficon38nodi/grafo4110.38,22,38,52,84,98,2.0,21,220,3.7777371406555176,2
1068,graficon41nodi/grafo6857.41,22,41,54,83,96,1.0,7,80,0.26964688301086426,2
1069,graficon34nodi/grafo6118.34,22,34,42,82,90,1.0,1,88,0.07850265502929688,2
1070,graficon39nodi/grafo10014.39,22,39,52,83,96,2.0,14,115,1.5160009860992432,2
1071,graficon43nodi/grafo7598.43,22,43,57,82,96,2.0,15,160,2.035823106765747,2
1072,graficon39nodi/grafo3329.39,22,39,50,80,91,2.0,10,109,1.5484185218811035,2
1073,graficon43nodi/grafo1506.43,22,43,50,82,89,1.0,5,157,0.2786705493927002,2
1074,graficon42nodi/grafo5595.42,22,42,56,80,94,2.0,16,225,3.668358325958252,2
1075,graficon41nodi/grafo2235.41,22,41,58,83,100,2.0,19,195,1.7875099182128906,2
1076,graficon37nodi/grafo5408.37,22,37,57,84,104,3.0,33,215,7.428565502166748,2
1077,graficon56nodi/grafo7757.56,22,56,64,80,88,2.0,11,167,3.5749313831329346,2
1078,graficon43nodi/grafo7465.43,22,43,60,80,97,3.0,26,253,41.665717124938965,2
1079,graficon42nodi/grafo5984.42,22,42,53,80,91,2.0,8,113,0.3258073329925537,2
1080,graficon49nodi/grafo2124.49,22,49,64,82,97,2.0,14,237,2.3953053951263428,2
1081,graficon39nodi/grafo3939.39,22,39,50,83,94,2.0,13,112,2.27716064453125,2
1082,graficon41nodi/grafo6441.41,22,41,54,82,95,2.0,16,159,0.8724827766418457,2
1083,graficon56nodi/grafo4306.56,22,56,63,84,91,1.0,2,203,0.32965850830078125,2
1084,graficon43nodi/grafo5339.43,22,43,54,81,92,1.0,9,128,0.47548437118530273,2
1085,graficon36nodi/grafo3413.36,22,36,53,83,100,3.0,16,258,6.250640392303467,2
1086,graficon40nodi/grafo7766.40,22,40,50,80,90,3.0,15,87,2.537499189376831,2
1087,graficon41nodi/grafo3444.41,22,41,53,82,94,2.0,16,142,1.5619800090789795,2
1088,graficon55nodi/grafo6789.55,22,55,60,81,86,1.0,6,244,1.7552578449249268,2
1089,graficon32nodi/grafo1421.32,22,32,45,80,93,2.0,7,135,0.6077146530151367,2
1090,graficon36nodi/grafo5865.36,22,36,44,83,91,1.0,2,87,0.1630239486694336,2
1091,graficon42nodi/grafo3326.42,22,42,60,82,100,4.0,34,226,544.2828621864319,2
1092,graficon43nodi/grafo3360.43,22,43,56,83,96,2.0,14,209,1.4775903224945068,2
1093,graficon44nodi/grafo5765.44,22,44,59,84,99,2.0,17,238,4.36263370513916,2
1094,graficon38nodi/grafo10031.38,22,38,49,84,95,2.0,7,117,0.5324101448059082,2
1095,graficon46nodi/grafo5873.46,22,46,57,83,94,2.0,8,171,1.4049921035766602,2
1096,graficon43nodi/grafo5486.43,22,43,54,81,92,2.0,16,182,2.095289468765259,2
1097,graficon40nodi/grafo6472.40,22,40,57,84,101,3.0,32,326,15.532932758331299,2
1098,graficon47nodi/grafo6781.47,22,47,66,82,101,3.0,24,256,6.901175498962402,2
1099,graficon36nodi/grafo3953.36,22,36,48,83,95,1.0,3,126,0.2185370922088623,2
1100,graficon43nodi/grafo5760.43,22,43,55,84,96,2.0,11,145,1.3796327114105225,2
1101,graficon26nodi/grafo914.26,22,26,42,83,99,3.0,27,209,8.287636518478394,2
1102,graficon38nodi/grafo7227.38,22,38,54,80,96,2.0,19,200,3.2031033039093018,2
1103,graficon40nodi/grafo7652.40,22,40,55,80,95,2.0,19,129,1.6572144031524658,2
1104,graficon37nodi/grafo11359.37,22,37,47,83,93,2.0,9,142,0.6543703079223633,2
1105,graficon42nodi/grafo1092.42,22,42,53,81,92,1.0,12,132,2.1684765815734863,2
1106,graficon39nodi/grafo10835.39,22,39,45,82,88,1.0,4,70,0.19689512252807617,2
1107,graficon40nodi/grafo7432.40,22,40,47,80,87,1.0,5,89,0.19885754585266113,2
1108,graficon45nodi/grafo7099.45,22,45,56,84,95,2.0,16,203,3.2638092041015625,2
1109,graficon44nodi/grafo7381.44,22,44,65,81,102,4.0,57,353,30.067428827285767,2
1110,graficon42nodi/grafo7049.42,22,42,54,81,93,2.0,18,159,1.9030792713165283,2
1111,graficon40nodi/grafo7542.40,22,40,51,81,92,2.0,11,89,1.5299196243286133,2
1112,graficon42nodi/grafo6058.42,22,42,54,81,93,2.0,11,133,2.18928861618042,2
1113,graficon40nodi/grafo3753.40,22,40,53,81,94,2.0,16,132,1.7951278686523438,2
1114,graficon48nodi/grafo6376.48,22,48,61,81,94,2.0,15,157,1.0520730018615723,2
1115,graficon42nodi/grafo7146.42,22,42,54,82,94,1.0,4,173,0.5367939472198486,2
1116,graficon39nodi/grafo3944.39,22,39,54,84,99,2.0,12,186,1.4423737525939941,2
1117,graficon41nodi/grafo7373.41,22,41,58,80,97,4.0,44,354,33.52898359298706,2
1118,graficon19nodi/grafo2375.19,22,19,35,80,96,4.0,18,186,0.7386813163757324,2
1119,graficon41nodi/grafo5234.41,22,41,51,83,93,1.0,4,141,0.5377089977264404,2
1120,graficon55nodi/grafo3570.55,22,55,66,83,94,2.0,15,233,4.378183603286743,2
1121,graficon49nodi/grafo3626.49,22,49,61,81,93,2.0,26,266,6.559017658233643,2
1122,graficon47nodi/grafo6600.47,22,47,68,84,105,3.0,37,304,20.83373475074768,2
1123,graficon39nodi/grafo3793.39,22,39,53,81,95,2.0,15,171,1.6377935409545898,2
1124,graficon41nodi/grafo7007.41,22,41,55,84,98,3.0,23,217,28.859503746032715,2
1125,graficon39nodi/grafo5742.39,22,39,56,83,100,2.0,20,218,2.228292226791382,2
1126,graficon40nodi/grafo7541.40,22,40,53,89,102,2.0,14,213,4.3641767501831055,2
1127,graficon54nodi/grafo4016.54,22,54,65,88,99,1.0,6,147,0.48749470710754395,2
1128,graficon45nodi/grafo7241.45,22,45,62,86,103,2.0,14,262,1.925417184829712,2
1129,graficon43nodi/grafo6406.43,22,43,57,86,100,2.0,15,176,1.324772834777832,2
1130,graficon42nodi/grafo7246.42,22,42,53,89,100,2.0,13,103,0.9415655136108398,2
1131,graficon44nodi/grafo7720.44,22,44,61,88,105,2.0,19,204,2.7398345470428467,2
1132,graficon46nodi/grafo7742.46,22,46,58,85,97,2.0,21,268,4.374057054519653,2
1133,graficon44nodi/grafo7169.44,22,44,56,85,97,2.0,16,144,2.5897254943847656,2
1134,graficon52nodi/grafo1591.52,22,52,62,85,95,1.0,6,113,0.9111337661743164,2
1135,graficon48nodi/grafo5501.48,22,48,65,88,105,3.0,36,238,72.31046962738037,2
1136,graficon44nodi/grafo5554.44,22,44,61,89,106,2.0,17,345,4.381151437759399,2
1137,graficon39nodi/grafo7716.39,22,39,49,85,95,2.0,10,142,1.1356067657470703,2
1138,graficon37nodi/grafo11653.37,22,37,51,87,101,1.0,3,74,0.3674473762512207,2
1139,graficon58nodi/grafo4792.58,22,58,69,88,99,2.0,6,153,0.4394876956939697,2
1140,graficon49nodi/grafo7578.49,22,49,57,89,97,1.0,7,136,0.5908105373382568,2
1141,graficon61nodi/grafo5831.61,22,61,72,88,99,3.0,32,312,61.111143350601196,2
1142,graficon46nodi/grafo5331.46,22,46,58,88,100,3.0,30,281,12.130728721618652,2
1143,graficon51nodi/grafo4600.51,22,51,62,89,100,2.0,8,161,1.4688827991485596,2
1144,graficon40nodi/grafo3335.40,22,40,53,89,102,2.0,12,161,2.2517077922821045,2
1145,graficon42nodi/grafo6257.42,22,42,60,85,103,3.0,16,246,4.398221969604492,2
1146,graficon36nodi/grafo5546.36,22,36,51,88,103,2.0,20,198,4.422307014465332,2
1147,graficon41nodi/grafo9946.41,22,41,48,85,92,1.0,7,97,1.2698872089385986,2
1148,graficon60nodi/grafo4886.60,22,60,73,85,98,3.0,24,256,109.21753907203674,2
1149,graficon40nodi/grafo7050.40,22,40,51,88,99,1.0,5,133,0.43920350074768066,2
1150,graficon49nodi/grafo4380.49,22,49,64,87,102,2.0,8,164,0.6806468963623047,2
1151,graficon55nodi/grafo3625.55,22,55,68,88,101,2.0,25,313,6.14974308013916,2
1152,graficon53nodi/grafo7688.53,22,53,65,88,100,3.0,18,238,7.662513494491577,2
1153,graficon39nodi/grafo5407.39,22,39,53,89,103,3.0,26,154,4.191710472106934,2
1154,graficon41nodi/grafo2781.41,22,41,61,87,107,3.0,39,244,11.48250436782837,2
1155,graficon37nodi/grafo5598.37,22,37,48,88,99,1.0,4,128,0.48613810539245605,2
1156,graficon40nodi/grafo3997.40,22,40,56,88,104,3.0,29,301,6.428256988525391,2
1157,graficon43nodi/grafo7470.43,22,43,52,88,97,2.0,9,112,0.5330708026885986,2
1158,graficon45nodi/grafo7442.45,22,45,53,86,94,1.0,2,105,0.3572390079498291,2
1159,graficon54nodi/grafo7723.54,22,54,73,86,105,3.0,41,254,13.023231506347656,2
1160,graficon42nodi/grafo7352.42,22,42,51,85,94,2.0,3,78,0.30066418647766113,2
1161,graficon40nodi/grafo7670.40,22,40,56,88,104,1.0,5,216,1.2448647022247314,2
1162,graficon43nodi/grafo5245.43,22,43,59,88,104,3.0,16,242,4.347356081008911,2
1163,graficon51nodi/grafo1486.51,22,51,60,87,96,2.0,7,132,1.7272112369537354,2
1164,graficon36nodi/grafo6049.36,22,36,45,87,96,1.0,4,90,0.5886619091033936,2
1165,graficon39nodi/grafo7415.39,22,39,53,88,102,2.0,12,159,1.6340827941894531,2
1166,graficon40nodi/grafo5373.40,22,40,58,87,105,3.0,24,236,59.02541494369507,2
1167,graficon38nodi/grafo9979.38,22,38,50,86,98,2.0,12,87,0.5553617477416992,2
1168,graficon48nodi/grafo5194.48,22,48,65,89,106,3.0,25,245,21.95662760734558,2
1169,graficon48nodi/grafo5357.48,22,48,64,85,101,3.0,33,217,5.5958099365234375,2
1170,graficon36nodi/grafo11662.36,22,36,48,87,99,1.0,1,65,0.06366300582885742,2
1171,graficon42nodi/grafo7614.42,22,42,57,87,102,3.0,21,417,12.211216688156128,2
1172,graficon48nodi/grafo7272.48,22,48,57,86,95,1.0,4,152,0.3867838382720947,2
1173,graficon44nodi/grafo5878.44,22,44,56,87,99,2.0,10,154,0.8302485942840576,2
1174,graficon42nodi/grafo5958.42,22,42,56,86,100,2.0,13,170,1.2129228115081787,2
1175,graficon58nodi/grafo1588.58,22,58,66,88,96,2.0,8,235,3.017244815826416,2
1176,graficon52nodi/grafo3455.52,22,52,65,87,100,2.0,19,153,3.6179990768432617,2
1177,graficon42nodi/grafo7583.42,22,42,56,86,100,2.0,19,157,2.0470519065856934,2
1178,graficon49nodi/grafo7370.49,22,49,64,87,102,1.0,6,240,0.7925724983215332,2
1179,graficon39nodi/grafo5157.39,22,39,54,88,103,2.0,11,191,1.918379306793213,2
1180,graficon47nodi/grafo6822.47,22,47,56,88,97,1.0,5,187,0.9130733013153076,2
1181,graficon43nodi/grafo6928.43,22,43,56,88,101,2.0,16,155,1.8244502544403076,2
1182,graficon38nodi/grafo3421.38,22,38,52,89,103,3.0,25,175,53.89052176475525,2
1183,graficon39nodi/grafo3727.39,22,39,53,86,100,2.0,13,146,1.6313056945800781,2
1184,graficon44nodi/grafo6870.44,22,44,64,85,105,3.0,36,175,6.506670236587524,2
1185,graficon36nodi/grafo9853.36,22,36,48,87,99,1.0,1,65,0.06341743469238281,2
1186,graficon50nodi/grafo4518.50,22,50,66,87,103,2.0,21,222,1.8868343830108643,2
1187,graficon42nodi/grafo7709.42,22,42,58,86,102,2.0,20,168,3.7332284450531006,2
1188,graficon60nodi/grafo7155.60,22,60,70,86,96,1.0,5,251,1.2645061016082764,2
1189,graficon64nodi/grafo4420.64,22,64,81,88,105,2.0,25,277,7.837004899978638,2
1190,graficon47nodi/grafo6437.47,22,47,70,88,111,5.0,78,378,600.5238380432129,9
1191,graficon45nodi/grafo3151.45,22,45,58,86,99,2.0,15,148,3.91231632232666,2
1192,graficon51nodi/grafo4369.51,22,51,67,87,103,2.0,21,247,8.797819375991821,2
1193,graficon38nodi/grafo3887.38,22,38,52,87,101,2.0,13,177,2.5739493370056152,2
1194,graficon44nodi/grafo6329.44,22,44,58,88,102,2.0,11,114,1.356452465057373,2
1195,graficon50nodi/grafo1418.50,22,50,57,88,95,1.0,6,129,0.4504218101501465,2
1196,graficon43nodi/grafo6886.43,22,43,62,85,104,3.0,31,194,5.146637916564941,2
1197,graficon42nodi/grafo7012.42,22,42,59,88,105,2.0,21,226,1.8294744491577148,2
1198,graficon34nodi/grafo5990.34,22,34,45,89,100,1.0,1,146,0.18647027015686035,2
1199,graficon56nodi/grafo4391.56,22,56,70,86,100,3.0,26,376,172.43191242218018,2
1200,graficon48nodi/grafo6689.48,22,48,57,86,95,1.0,9,145,2.623525381088257,2
1201,graficon36nodi/grafo10457.36,22,36,45,93,102,1.0,4,97,0.39535093307495117,2
1202,graficon46nodi/grafo5338.46,22,46,62,94,110,2.0,23,198,8.4300856590271,2
1203,graficon72nodi/grafo9639.72,22,72,80,94,102,2.0,18,281,21.196125984191895,2
1204,graficon44nodi/grafo3644.44,22,44,54,93,103,2.0,10,76,0.477496862411499,2
1205,graficon54nodi/grafo3511.54,22,54,73,93,112,2.0,19,260,3.3009157180786133,2
1206,graficon42nodi/grafo6946.42,22,42,58,94,110,3.0,25,227,4.003738880157471,2
1207,graficon57nodi/grafo5626.57,22,57,78,94,115,3.0,29,236,30.702390432357788,2
1208,graficon37nodi/grafo6217.37,22,37,53,94,110,2.0,23,174,1.9984047412872314,2
1209,graficon60nodi/grafo4512.60,22,60,73,93,106,2.0,16,272,4.864306449890137,2
1210,graficon47nodi/grafo5432.47,22,47,68,92,113,3.0,27,303,73.99212956428528,2
1211,graficon55nodi/grafo4502.55,22,55,76,92,113,4.0,57,404,541.03280210495,2
1212,graficon58nodi/grafo1247.58,22,58,68,94,104,2.0,14,208,3.255188226699829,2
1213,graficon43nodi/grafo6346.43,22,43,62,91,110,3.0,29,222,122.36178684234619,2
1214,graficon37nodi/grafo11625.37,22,37,51,92,106,2.0,8,110,0.4842536449432373,2
1215,graficon51nodi/grafo1470.51,22,51,69,90,108,3.0,32,295,10.519838094711304,2
1216,graficon64nodi/grafo8416.64,22,64,79,94,109,3.0,28,309,257.0244424343109,2
1217,graficon43nodi/grafo7441.43,22,43,60,92,109,3.0,31,195,11.244164228439331,2
1218,graficon40nodi/grafo5211.40,22,40,54,93,107,2.0,10,213,2.6044445037841797,2
1219,graficon35nodi/grafo11326.35,22,35,42,91,98,1.0,3,92,0.27935099601745605,2
1220,graficon43nodi/grafo7157.43,22,43,53,90,100,1.0,9,95,1.264035940170288,2
1221,graficon39nodi/grafo3330.39,22,39,60,93,114,3.0,41,288,14.45462441444397,2
1222,graficon40nodi/grafo3519.40,22,40,56,93,109,2.0,6,130,0.5981483459472656,2
1223,graficon57nodi/grafo4041.57,22,57,66,92,101,2.0,16,215,2.6513895988464355,2
1224,graficon41nodi/grafo7124.41,22,41,59,94,112,2.0,13,162,1.9828386306762695,2
1225,graficon61nodi/grafo4482.61,22,61,75,91,105,2.0,9,258,1.8827998638153076,2
1226,graficon49nodi/grafo5721.49,22,49,64,92,107,2.0,10,140,2.1288344860076904,2
1227,graficon42nodi/grafo5468.42,22,42,58,94,110,3.0,20,237,1.2573018074035645,2
1228,graficon37nodi/grafo1758.37,22,37,45,93,101,1.0,5,161,0.653033971786499,2
1229,graficon36nodi/grafo11444.36,22,36,46,94,104,1.0,5,93,0.3714630603790283,2
1230,graficon37nodi/grafo11540.37,22,37,48,91,102,1.0,3,99,0.4371678829193115,2
1231,graficon37nodi/grafo7028.37,22,37,48,90,101,2.0,15,127,15.938102006912231,2
1232,graficon37nodi/grafo11417.37,22,37,49,90,102,1.0,4,99,0.2606375217437744,2
1233,graficon39nodi/grafo3187.39,22,39,53,91,105,2.0,14,206,1.9878284931182861,2
1234,graficon39nodi/grafo9897.39,22,39,55,90,106,2.0,20,161,2.786062479019165,2
1235,graficon57nodi/grafo5748.57,22,57,76,94,113,2.0,27,309,9.37837839126587,2
1236,graficon38nodi/grafo10032.38,22,38,47,91,100,1.0,7,86,0.40036487579345703,2
1237,graficon58nodi/grafo4796.58,22,58,73,90,105,3.0,27,218,10.145458221435547,2
1238,graficon40nodi/grafo10282.40,22,40,59,92,111,2.0,15,261,2.7275760173797607,2
1239,graficon54nodi/grafo5002.54,22,54,64,91,101,2.0,12,236,3.4373531341552734,2
1240,graficon44nodi/grafo2199.44,22,44,50,90,96,1.0,3,109,0.4304065704345703,2
1241,graficon38nodi/grafo10659.38,22,38,57,91,110,4.0,25,244,2.35127329826355,2
1242,graficon56nodi/grafo4409.56,22,56,67,93,104,1.0,8,127,0.3588697910308838,2
1243,graficon47nodi/grafo6408.47,22,47,57,90,100,2.0,10,142,2.4679222106933594,2
1244,graficon54nodi/grafo3858.54,22,54,68,92,106,2.0,27,251,6.111583232879639,2
1245,graficon43nodi/grafo5723.43,22,43,59,92,108,3.0,31,172,75.98252177238464,2
1246,graficon40nodi/grafo4010.40,22,40,52,92,104,2.0,10,130,3.2644102573394775,2
1247,graficon62nodi/grafo6173.62,22,62,73,92,103,2.0,10,158,2.6373226642608643,2
1248,graficon45nodi/grafo5138.45,22,45,61,90,106,3.0,33,495,14.233287572860718,2
1249,graficon41nodi/grafo6164.41,22,41,55,91,105,2.0,19,174,1.9685900211334229,2
1250,graficon41nodi/grafo3527.41,22,41,54,93,106,2.0,15,168,0.9881055355072021,2
1251,graficon42nodi/grafo7642.42,22,42,62,90,110,3.0,27,306,6.046487808227539,2
1252,graficon46nodi/grafo3424.46,22,46,56,94,104,2.0,18,155,1.7783570289611816,2
1253,graficon53nodi/grafo271.53,22,53,67,91,105,2.0,13,252,3.889105796813965,2
1254,graficon45nodi/grafo3660.45,22,45,60,90,105,3.0,27,246,123.07787704467773,2
1255,graficon40nodi/grafo5980.40,22,40,54,92,106,2.0,10,122,1.2438011169433594,2
1256,graficon44nodi/grafo6945.44,22,44,60,93,109,2.0,26,255,8.009490966796875,2
1257,graficon35nodi/grafo5299.35,22,35,44,91,100,2.0,8,115,0.7105565071105957,2
1258,graficon66nodi/grafo9143.66,22,66,84,94,112,3.0,45,291,104.94241380691528,2
1259,graficon55nodi/grafo4195.55,22,55,69,91,105,2.0,10,145,1.5530309677124023,2
1260,graficon58nodi/grafo6193.58,22,58,77,91,110,3.0,33,358,84.98225164413452,2
1261,graficon45nodi/grafo6524.45,22,45,59,94,108,2.0,18,204,1.8069019317626953,2
1262,graficon54nodi/grafo4006.54,22,54,64,91,101,1.0,2,113,0.18226361274719238,2
1263,graficon38nodi/grafo11322.38,22,38,50,94,106,1.0,3,80,0.3172588348388672,2
1264,graficon46nodi/grafo6723.46,22,46,64,93,111,4.0,40,276,269.71987199783325,2
1265,graficon35nodi/grafo6517.35,22,35,49,93,107,2.0,15,139,0.912832498550415,2
1266,graficon49nodi/grafo3415.49,22,49,65,90,106,2.0,15,181,1.2909293174743652,2
1267,graficon39nodi/grafo4005.39,22,39,52,91,104,2.0,21,185,2.6857492923736572,2
1268,graficon52nodi/grafo4030.52,22,52,65,92,105,2.0,18,175,2.6696925163269043,2
1269,graficon41nodi/grafo7098.41,22,41,59,92,110,4.0,42,276,17.472373723983765,2
1270,graficon43nodi/grafo5926.43,22,43,62,93,112,2.0,19,199,1.3304932117462158,2
1271,graficon47nodi/grafo7625.47,22,47,67,94,114,4.0,39,248,10.64733624458313,2
1272,graficon41nodi/grafo5717.41,22,41,51,93,103,1.0,5,109,0.760382890701294,2
1273,graficon66nodi/grafo9641.66,22,66,79,90,103,2.0,11,447,41.50228953361511,2
1274,graficon38nodi/grafo6578.38,22,38,53,93,108,2.0,9,115,0.5633072853088379,2
1275,graficon42nodi/grafo3508.42,22,42,59,94,111,4.0,21,230,302.67055797576904,2
1276,graficon44nodi/grafo11403.44,22,44,60,98,114,2.0,16,256,6.156452655792236,2
1277,graficon43nodi/grafo7636.43,22,43,59,99,115,2.0,20,235,2.3598814010620117,2
1278,graficon42nodi/grafo5817.42,22,42,60,99,117,2.0,16,129,0.9009139537811279,2
1279,graficon51nodi/grafo3172.51,22,51,71,96,116,3.0,40,331,154.6037163734436,2
1280,graficon44nodi/grafo6432.44,22,44,54,95,105,2.0,6,144,1.2797424793243408,2
1281,graficon40nodi/grafo3621.40,22,40,50,95,105,2.0,9,115,1.3571557998657227,2
1282,graficon62nodi/grafo4646.62,22,62,78,96,112,2.0,18,368,9.8118417263031,2
1283,graficon52nodi/grafo7721.52,22,52,71,95,114,2.0,30,266,10.268629312515259,2
1284,graficon45nodi/grafo7640.45,22,45,65,98,118,3.0,39,325,15.13035798072815,2
1285,graficon41nodi/grafo3781.41,22,41,58,96,113,3.0,23,273,8.135792970657349,2
1286,graficon57nodi/grafo4352.57,22,57,67,98,108,1.0,6,177,0.49130821228027344,2
1287,graficon40nodi/grafo6458.40,22,40,57,95,112,3.0,16,277,104.01628828048706,2
1288,graficon56nodi/grafo6568.56,22,56,69,98,111,2.0,26,256,9.188860416412354,2
1289,graficon50nodi/grafo4580.50,22,50,63,99,112,2.0,21,161,1.5039279460906982,2
1290,graficon53nodi/grafo3486.53,22,53,68,97,112,2.0,25,253,7.755252838134766,2
1291,graficon54nodi/grafo1483.54,22,54,67,98,111,1.0,11,160,0.8107848167419434,2
1292,graficon47nodi/grafo6664.47,22,47,63,96,112,3.0,25,277,13.631179094314575,2
1293,graficon44nodi/grafo7761.44,22,44,55,98,109,2.0,12,159,1.7753067016601562,2
1294,graficon48nodi/grafo3769.48,22,48,63,99,114,2.0,24,320,40.5697500705719,2
1295,graficon44nodi/grafo3205.44,22,44,57,99,112,1.0,8,136,0.7400615215301514,2
1296,graficon42nodi/grafo3439.42,22,42,57,95,110,2.0,13,237,1.802927017211914,2
1297,graficon41nodi/grafo5645.41,22,41,52,97,108,2.0,12,168,1.2331254482269287,2
1298,graficon49nodi/grafo4012.49,22,49,65,99,115,3.0,27,231,83.28419375419617,2
1299,graficon38nodi/grafo3540.38,22,38,57,96,115,2.0,18,228,2.865323305130005,2
1300,graficon44nodi/grafo6960.44,22,44,61,98,115,3.0,24,204,6.652521371841431,2
1301,graficon43nodi/grafo4053.43,22,43,58,98,113,3.0,24,286,20.584550857543945,2
1302,graficon38nodi/grafo7478.38,22,38,47,98,107,1.0,5,104,0.31892967224121094,2
1303,graficon42nodi/grafo3402.42,22,42,62,99,119,3.0,34,218,22.853436946868896,2
1304,graficon40nodi/grafo3804.40,22,40,49,98,107,2.0,7,87,1.2312066555023193,2
1305,graficon46nodi/grafo7713.46,22,46,67,96,117,4.0,59,383,39.7080659866333,2
1306,graficon54nodi/grafo4849.54,22,54,68,95,109,2.0,6,150,3.205280303955078,2
1307,graficon48nodi/grafo4473.48,22,48,61,95,108,1.0,4,175,0.48445653915405273,2
1308,graficon54nodi/grafo4530.54,22,54,76,97,119,4.0,66,349,232.71087789535522,2
1309,graficon41nodi/grafo2531.41,22,41,56,99,114,2.0,11,206,3.3269145488739014,2
1310,graficon61nodi/grafo8112.61,22,61,77,97,113,2.0,24,272,5.259688138961792,2
1311,graficon53nodi/grafo3763.53,22,53,72,95,114,3.0,23,286,23.16836166381836,2
1312,graficon39nodi/grafo3099.39,22,39,47,98,106,0.0,0,64,0.05093979835510254,2
1313,graficon44nodi/grafo7621.44,22,44,65,98,119,2.0,19,249,3.3768064975738525,2
1314,graficon44nodi/grafo6263.44,22,44,66,96,118,3.0,33,244,16.26180624961853,2
1315,graficon60nodi/grafo7448.60,22,60,81,98,119,4.0,57,368,368.44187808036804,2
1316,graficon46nodi/grafo5480.46,22,46,63,95,112,2.0,22,192,26.170758962631226,2
1317,graficon39nodi/grafo7390.39,22,39,59,97,117,3.0,28,192,58.864720582962036,2
1318,graficon42nodi/grafo3258.42,22,42,58,96,112,2.0,17,184,2.207359790802002,2
1319,graficon52nodi/grafo6159.52,22,52,65,98,111,2.0,11,199,4.212869882583618,2
1320,graficon42nodi/grafo7485.42,22,42,56,99,113,2.0,22,169,3.723140001296997,2
1321,graficon49nodi/grafo7245.49,22,49,65,97,113,2.0,20,202,4.693520545959473,2
1322,graficon54nodi/grafo4488.54,22,54,69,95,110,2.0,20,216,4.478698253631592,2
1323,graficon42nodi/grafo6270.42,22,42,54,98,110,2.0,10,150,1.9069974422454834,2
1324,graficon42nodi/grafo3277.42,22,42,56,95,109,2.0,19,180,26.007317066192627,2
1325,graficon46nodi/grafo5832.46,22,46,58,95,107,2.0,8,140,2.620302438735962,2
1326,graficon60nodi/grafo4376.60,22,60,73,96,109,1.0,8,183,1.2921650409698486,2
1327,graficon55nodi/grafo1549.55,22,55,66,99,110,1.0,8,295,4.13982629776001,2
1328,graficon53nodi/grafo4871.53,22,53,71,98,116,2.0,20,293,12.771541595458984,2
1329,graficon60nodi/grafo8276.60,22,60,74,97,111,2.0,12,192,6.428753852844238,2
1330,graficon55nodi/grafo1465.55,22,55,65,95,105,2.0,17,206,8.824356317520142,2
1331,graficon53nodi/grafo5057.53,22,53,67,95,109,2.0,15,283,6.3920135498046875,2
1332,graficon38nodi/grafo3383.38,22,38,62,98,122,4.0,66,405,30.215351819992065,2
1333,graficon38nodi/grafo3758.38,22,38,56,99,117,4.0,30,254,56.21536374092102,2
1334,graficon63nodi/grafo4664.63,22,63,77,99,113,2.0,14,168,2.4727678298950195,2
1335,graficon46nodi/grafo3412.46,22,46,65,95,114,3.0,23,203,128.03244471549988,2
1336,graficon44nodi/grafo7591.44,22,44,61,95,112,4.0,35,346,601.5305740833282,9
1337,graficon53nodi/grafo1482.53,22,53,67,96,110,2.0,20,262,3.0947482585906982,2
1338,graficon43nodi/grafo6921.43,22,43,55,97,109,2.0,13,141,3.846710205078125,2
1339,graficon41nodi/grafo6192.41,22,41,54,95,108,2.0,16,148,2.1159439086914062,2
1340,graficon51nodi/grafo7730.51,22,51,67,95,111,2.0,18,212,1.2883358001708984,2
1341,graficon39nodi/grafo7581.39,22,39,51,96,108,2.0,12,163,3.0245776176452637,2
1342,graficon62nodi/grafo4312.62,22,62,74,96,108,2.0,16,256,7.517983436584473,2
1343,graficon42nodi/grafo3476.42,22,42,60,99,117,2.0,21,266,8.372075319290161,2
1344,graficon41nodi/grafo7204.41,22,41,54,99,112,2.0,18,197,5.236780405044556,2
1345,graficon44nodi/grafo3603.44,22,44,66,99,121,4.0,56,344,59.07229661941528,2
1346,graficon39nodi/grafo11495.39,22,39,52,95,108,2.0,13,160,1.256227970123291,2
1347,graficon39nodi/grafo3474.39,22,39,51,95,107,2.0,12,246,5.273458242416382,2
1348,graficon42nodi/grafo6308.42,22,42,62,96,116,3.0,29,374,60.51085019111633,2
1349,graficon40nodi/grafo5643.40,22,40,51,95,106,1.0,7,186,0.9024257659912109,2
1350,graficon39nodi/grafo5974.39,22,39,53,97,111,2.0,14,209,1.4725873470306396,2
1351,graficon41nodi/grafo6398.41,22,41,53,100,112,2.0,12,135,0.9134068489074707,2
1352,graficon53nodi/grafo5091.53,22,53,77,102,126,3.0,49,263,19.387345552444458,2
1353,graficon49nodi/grafo5078.49,22,49,64,100,115,2.0,9,156,2.7040631771087646,2
1354,graficon41nodi/grafo5565.41,22,41,53,102,114,2.0,10,186,2.390611410140991,2
1355,graficon56nodi/grafo3328.56,22,56,76,104,124,4.0,66,380,176.12632822990417,2
1356,graficon52nodi/grafo3755.52,22,52,72,104,124,2.0,29,277,7.322314739227295,2
1357,graficon65nodi/grafo9317.65,22,65,80,100,115,3.0,26,262,8.101164102554321,2
1358,graficon42nodi/grafo7572.42,22,42,50,101,109,1.0,5,136,0.5874583721160889,2
1359,graficon55nodi/grafo2141.55,22,55,76,102,123,3.0,35,361,275.873637676239,2
1360,graficon47nodi/grafo1433.47,22,47,60,101,114,2.0,11,134,23.388971090316772,2
1361,graficon39nodi/grafo5798.39,22,39,55,104,120,2.0,15,183,2.026895523071289,2
1362,graficon55nodi/grafo4475.55,22,55,67,101,113,1.0,7,135,0.730679988861084,2
1363,graficon58nodi/grafo5350.58,22,58,74,104,120,4.0,39,407,600.5874593257904,9
1364,graficon71nodi/grafo9653.71,22,71,80,103,112,1.0,3,182,0.8620185852050781,2
1365,graficon63nodi/grafo4351.63,22,63,78,101,116,3.0,42,473,251.5548415184021,2
1366,graficon54nodi/grafo3785.54,22,54,70,101,117,2.0,31,194,6.7887961864471436,2
1367,graficon37nodi/grafo11284.37,22,37,50,101,114,1.0,6,56,0.20130562782287598,2
1368,graficon38nodi/grafo2726.38,22,38,53,101,116,2.0,14,265,2.291409730911255,2
1369,graficon62nodi/grafo6805.62,22,62,75,104,117,2.0,10,226,1.7471117973327637,2
1370,graficon67nodi/grafo9658.67,22,67,79,100,112,1.0,8,191,0.566551923751831,2
1371,graficon60nodi/grafo3536.60,22,60,73,100,113,3.0,24,306,4.744159460067749,2
1372,graficon57nodi/grafo7289.57,22,57,72,100,115,2.0,23,243,6.908653497695923,2
1373,graficon59nodi/grafo4281.59,22,59,76,102,119,2.0,25,313,139.35684609413147,2
1374,graficon40nodi/grafo5568.40,22,40,59,100,119,3.0,25,218,33.118778705596924,2
1375,graficon61nodi/grafo8051.61,22,61,73,102,114,1.0,11,150,2.934295654296875,2
1376,graficon65nodi/grafo9375.65,22,65,76,102,113,1.0,7,205,2.4993083477020264,2
1377,graficon44nodi/grafo5352.44,22,44,70,100,126,6.0,87,567,96.1965913772583,2
1378,graficon47nodi/grafo5710.47,22,47,62,103,118,2.0,19,204,5.724017858505249,2
1379,graficon50nodi/grafo1392.50,22,50,63,103,116,2.0,13,184,4.518058776855469,2
1380,graficon42nodi/grafo7610.42,22,42,55,103,116,2.0,8,81,0.6156899929046631,2
1381,graficon40nodi/grafo6641.40,22,40,54,100,114,1.0,8,101,0.5922627449035645,2
1382,graficon57nodi/grafo4452.57,22,57,76,104,123,3.0,27,239,11.36497163772583,2
1383,graficon48nodi/grafo6289.48,22,48,65,104,121,2.0,17,261,6.75808310508728,2
1384,graficon39nodi/grafo3375.39,22,39,59,103,123,4.0,24,207,9.76484227180481,2
1385,graficon45nodi/grafo7623.45,22,45,62,104,121,3.0,36,208,308.2115936279297,2
1386,graficon57nodi/grafo7770.57,22,57,69,102,114,1.0,8,228,2.8497378826141357,2
1387,graficon46nodi/grafo6166.46,22,46,66,102,122,3.0,33,211,232.73815298080444,2
1388,graficon45nodi/grafo7391.45,22,45,61,100,116,2.0,21,214,4.045750379562378,2
1389,graficon48nodi/grafo7135.48,22,48,68,104,124,4.0,41,386,430.1319260597229,2
1390,graficon59nodi/grafo6718.59,22,59,73,103,117,2.0,9,251,2.4041078090667725,2
1391,graficon36nodi/grafo2877.36,22,36,53,101,118,2.0,15,170,2.791182279586792,2
1392,graficon42nodi/grafo7744.42,22,42,52,100,110,1.0,5,88,0.19902849197387695,2
1393,graficon55nodi/grafo3834.55,22,55,80,103,128,3.0,39,289,172.37674236297607,2
1394,graficon50nodi/grafo1307.50,22,50,71,104,125,4.0,47,430,63.51483726501465,2
1395,graficon42nodi/grafo7026.42,22,42,55,101,114,3.0,13,118,1.1935017108917236,2
1396,graficon42nodi/grafo7261.42,22,42,62,100,120,3.0,36,343,28.601572036743164,2
1397,graficon56nodi/grafo5341.56,22,56,79,101,124,4.0,52,323,600.6051416397095,9
1398,graficon56nodi/grafo4651.56,22,56,76,101,121,3.0,37,397,25.02593159675598,2
1399,graficon35nodi/grafo5493.35,22,35,53,100,118,3.0,26,236,9.994431257247925,2
1400,graficon54nodi/grafo3748.54,22,54,73,104,123,3.0,41,221,10.849637269973755,2
1401,graficon56nodi/grafo1205.56,22,56,75,100,119,3.0,36,251,13.531370878219604,2
1402,graficon56nodi/grafo7738.56,22,56,79,102,125,4.0,36,382,134.67535829544067,2
1403,graficon61nodi/grafo3257.61,22,61,82,102,123,4.0,51,450,600.9311759471893,9
1404,graficon48nodi/grafo2254.48,22,48,66,102,120,3.0,24,299,24.886452674865723,2
1405,graficon42nodi/grafo5550.42,22,42,57,101,116,2.0,18,238,1.8153951168060303,2
1406,graficon58nodi/grafo6722.58,22,58,69,103,114,2.0,19,196,5.1975767612457275,2
1407,graficon50nodi/grafo6775.50,22,50,63,101,114,2.0,12,283,4.047471761703491,2
1408,graficon56nodi/grafo6630.56,22,56,68,103,115,2.0,30,254,12.558276414871216,2
1409,graficon51nodi/grafo7550.51,22,51,66,102,117,3.0,23,250,30.460362195968628,2
1410,graficon55nodi/grafo4367.55,22,55,72,103,120,2.0,14,152,2.614137887954712,2
1411,graficon40nodi/grafo7165.40,22,40,55,102,117,3.0,29,214,71.92969369888306,2
1412,graficon67nodi/grafo6272.67,22,67,72,100,105,1.0,1,90,0.10202765464782715,2
1413,graficon51nodi/grafo3484.51,22,51,68,104,121,4.0,37,248,21.521679162979126,2
1414,graficon53nodi/grafo2794.53,22,53,73,104,124,3.0,42,279,24.57979416847229,2
1415,graficon49nodi/grafo4734.49,22,49,59,101,111,1.0,3,127,0.6229467391967773,2
1416,graficon50nodi/grafo5745.50,22,50,75,101,126,4.0,57,266,602.3620524406433,9
1417,graficon63nodi/grafo1570.63,22,63,74,100,111,2.0,19,198,3.0055348873138428,2
1418,graficon39nodi/grafo11671.39,22,39,52,101,114,2.0,13,154,2.521651268005371,2
1419,graficon67nodi/grafo1617.67,22,67,80,103,116,2.0,15,180,5.93203330039978,2
1420,graficon39nodi/grafo5762.39,22,39,59,103,123,2.0,26,212,2.8453075885772705,2
1421,graficon54nodi/grafo4467.54,22,54,69,102,117,2.0,9,233,4.88482403755188,2
1422,graficon36nodi/grafo5175.36,22,36,45,101,110,2.0,6,86,0.3616664409637451,2
1423,graficon49nodi/grafo5220.49,22,49,64,100,115,3.0,19,288,8.078493356704712,2
1424,graficon57nodi/grafo5032.57,22,57,69,101,113,2.0,8,244,3.5425541400909424,2
1425,graficon44nodi/grafo5221.44,22,44,57,102,115,2.0,18,126,1.8578343391418457,2
1426,graficon42nodi/grafo10008.42,22,42,61,107,126,3.0,21,232,6.917905569076538,2
1427,graficon44nodi/grafo3501.44,22,44,63,106,125,3.0,30,316,15.832372665405273,2
1428,graficon55nodi/grafo4528.55,22,55,67,106,118,2.0,6,162,1.463313341140747,2
1429,graficon45nodi/grafo7219.45,22,45,59,108,122,2.0,16,231,7.484808683395386,2
1430,graficon39nodi/grafo5763.39,22,39,54,109,124,2.0,10,138,1.333827257156372,2
1431,graficon55nodi/grafo1361.55,22,55,66,106,117,2.0,9,281,1.9691102504730225,2
1432,graficon45nodi/grafo7555.45,22,45,58,106,119,2.0,10,145,2.097269058227539,2
1433,graficon54nodi/grafo7407.54,22,54,66,105,117,2.0,16,267,6.005279302597046,2
1434,graficon57nodi/grafo5924.57,22,57,74,105,122,2.0,22,214,5.504051685333252,2
1435,graficon44nodi/grafo6229.44,22,44,56,107,119,1.0,9,104,0.5680382251739502,2
1436,graficon43nodi/grafo6343.43,22,43,55,106,118,2.0,11,146,2.572929859161377,2
1437,graficon48nodi/grafo6544.48,22,48,61,105,118,2.0,18,213,2.916508674621582,2
1438,graficon62nodi/grafo1215.62,22,62,82,105,125,4.0,60,369,25.543962955474854,2
1439,graficon51nodi/grafo3726.51,22,51,70,105,124,3.0,32,220,211.0021207332611,2
1440,graficon64nodi/grafo9460.64,22,64,78,107,121,2.0,20,259,18.955902814865112,2
1441,graficon47nodi/grafo5255.47,22,47,64,106,123,3.0,19,269,10.361497640609741,2
1442,graficon61nodi/grafo4491.61,22,61,79,109,127,2.0,19,180,8.982404947280884,2
1443,graficon44nodi/grafo5130.44,22,44,56,106,118,2.0,16,180,2.505958318710327,2
1444,graficon45nodi/grafo6438.45,22,45,58,105,118,2.0,11,172,4.989389181137085,2
1445,graficon53nodi/grafo4079.53,22,53,62,107,116,2.0,13,120,2.2066774368286133,2
1446,graficon40nodi/grafo10057.40,22,40,59,106,125,4.0,50,272,600.454877614975,9
1447,graficon52nodi/grafo7181.52,22,52,81,109,138,4.0,58,394,287.1572253704071,2
1448,graficon46nodi/grafo5473.46,22,46,64,106,124,2.0,25,278,4.016769170761108,2
1449,graficon46nodi/grafo6674.46,22,46,62,107,123,2.0,21,191,2.799807071685791,2
1450,graficon51nodi/grafo4756.51,22,51,70,109,128,3.0,27,300,15.648308753967285,2
1451,graficon38nodi/grafo11400.38,22,38,49,109,120,1.0,8,115,0.3188133239746094,2
1452,graficon43nodi/grafo6348.43,22,43,56,108,121,2.0,17,228,1.2953758239746094,2
1453,graficon36nodi/grafo6109.36,22,36,52,106,122,2.0,15,183,2.928755521774292,2
1454,graficon53nodi/grafo4167.53,22,53,69,106,122,2.0,24,226,4.624319791793823,2
1455,graficon66nodi/grafo9206.66,22,66,84,109,127,3.0,36,246,248.25812196731567,2
1456,graficon58nodi/grafo3235.58,22,58,71,109,122,2.0,16,270,5.382174730300903,2
1457,graficon48nodi/grafo6554.48,22,48,70,107,129,5.0,57,393,44.63354563713074,2
1458,graficon60nodi/grafo1192.60,22,60,79,106,125,3.0,43,290,12.122370719909668,2
1459,graficon46nodi/grafo6771.46,22,46,55,107,116,1.0,7,147,0.3868675231933594,2
1460,graficon40nodi/grafo5231.40,22,40,56,108,124,2.0,16,228,3.815981149673462,2
1461,graficon38nodi/grafo6547.38,22,38,64,107,133,5.0,72,337,32.61627244949341,2
1462,graficon59nodi/grafo3194.59,22,59,67,106,114,1.0,3,134,0.30229640007019043,2
1463,graficon47nodi/grafo6384.47,22,47,72,108,133,4.0,44,419,600.7332546710968,9
1464,graficon42nodi/grafo7389.42,22,42,62,109,129,3.0,27,256,11.71676516532898,2
1465,graficon54nodi/grafo7090.54,22,54,72,107,125,3.0,36,436,307.40045857429504,2
1466,graficon43nodi/grafo3227.43,22,43,65,108,130,3.0,38,315,109.58713364601135,2
1467,graficon44nodi/grafo7751.44,22,44,58,105,119,2.0,9,118,2.2036290168762207,2
1468,graficon40nodi/grafo7767.40,22,40,54,107,121,2.0,12,106,0.7999491691589355,2
1469,graficon49nodi/grafo7010.49,22,49,67,106,124,2.0,18,195,3.5098445415496826,2
1470,graficon60nodi/grafo4421.60,22,60,73,106,119,2.0,16,274,11.859679460525513,2
1471,graficon52nodi/grafo1431.52,22,52,70,109,127,2.0,20,184,2.7804250717163086,2
1472,graficon48nodi/grafo6390.48,22,48,65,109,126,2.0,23,212,7.370447397232056,2
1473,graficon46nodi/grafo5713.46,22,46,66,105,125,2.0,26,189,5.176470994949341,2
1474,graficon55nodi/grafo5960.55,22,55,79,108,132,4.0,82,540,75.12734794616699,2
1475,graficon55nodi/grafo4161.55,22,55,73,106,124,3.0,36,303,600.3681855201721,2
1476,graficon37nodi/grafo3359.37,22,37,58,109,130,3.0,23,285,8.717201948165894,2
1477,graficon52nodi/grafo5150.52,22,52,70,107,125,2.0,24,249,4.422604560852051,2
1478,graficon55nodi/grafo4967.55,22,55,66,109,120,2.0,10,198,5.1232075691223145,2
1479,graficon49nodi/grafo2656.49,22,49,59,107,117,1.0,6,166,1.5700366497039795,2
1480,graficon44nodi/grafo7259.44,22,44,61,105,122,2.0,19,204,1.6999495029449463,2
1481,graficon45nodi/grafo6396.45,22,45,65,108,128,3.0,32,213,17.402883529663086,2
1482,graficon47nodi/grafo3730.47,22,47,63,107,123,2.0,15,196,3.1592776775360107,2
1483,graficon47nodi/grafo2478.47,22,47,62,105,120,3.0,26,259,39.02271628379822,2
1484,graficon59nodi/grafo6030.59,22,59,80,105,126,3.0,35,293,41.24657607078552,2
1485,graficon47nodi/grafo6696.47,22,47,66,106,125,3.0,30,217,19.216915130615234,2
1486,graficon60nodi/grafo5223.60,22,60,83,105,128,4.0,62,622,66.56288266181946,2
1487,graficon40nodi/grafo4038.40,22,40,53,107,120,2.0,12,151,2.35626220703125,2
1488,graficon57nodi/grafo4177.57,22,57,76,107,126,3.0,21,385,144.41471219062805,2
1489,graficon57nodi/grafo5329.57,22,57,71,106,120,2.0,9,216,3.398083448410034,2
1490,graficon57nodi/grafo5849.57,22,57,81,106,130,3.0,38,356,156.62587690353394,2
1491,graficon58nodi/grafo1501.58,22,58,72,108,122,1.0,6,151,0.30109333992004395,2
1492,graficon61nodi/grafo9391.61,22,61,78,107,124,3.0,24,221,7.667680025100708,2
1493,graficon55nodi/grafo3352.55,22,55,69,108,122,1.0,10,156,3.262360095977783,2
1494,graficon38nodi/grafo3917.38,22,38,58,105,125,3.0,29,321,226.4592592716217,2
1495,graficon65nodi/grafo9118.65,22,65,84,105,124,2.0,13,309,3.4651167392730713,2
1496,graficon59nodi/grafo5083.59,22,59,71,106,118,3.0,22,413,16.341272115707397,2
1497,graficon41nodi/grafo5811.41,22,41,59,105,123,3.0,31,254,4.226337671279907,2
1498,graficon52nodi/grafo3185.52,22,52,76,108,132,3.0,41,238,138.23969984054565,2
1499,graficon61nodi/grafo6898.61,22,61,72,109,120,1.0,12,233,4.678361177444458,2
1500,graficon49nodi/grafo6707.49,22,49,64,106,121,3.0,30,280,16.516011238098145,2
1501,graficon37nodi/grafo4080.37,22,37,57,112,132,3.0,36,346,22.009580850601196,2
1502,graficon54nodi/grafo1328.54,22,54,71,112,129,2.0,26,243,4.164942741394043,2
1503,graficon56nodi/grafo4416.56,22,56,70,114,128,2.0,18,190,5.629732608795166,2
1504,graficon59nodi/grafo4386.59,22,59,73,111,125,2.0,11,213,4.064572095870972,2
1505,graficon54nodi/grafo4332.54,22,54,69,111,126,2.0,17,197,4.334620714187622,2
1506,graficon35nodi/grafo5351.35,22,35,51,111,127,2.0,11,172,1.9573767185211182,2
1507,graficon56nodi/grafo4275.56,22,56,76,113,133,3.0,37,270,10.952006816864014,2
1508,graficon59nodi/grafo6792.59,22,59,76,114,131,3.0,32,359,21.9669086933136,2
1509,graficon69nodi/grafo7584.69,22,69,80,114,125,2.0,13,192,19.28038716316223,2
1510,graficon51nodi/grafo6893.51,22,51,68,114,131,2.0,22,254,33.78636193275452,2
1511,graficon58nodi/grafo5098.58,22,58,79,112,133,5.0,60,667,80.14413332939148,2
1512,graficon64nodi/grafo7471.64,22,64,76,110,122,3.0,15,290,4.577605485916138,2
1513,graficon74nodi/grafo8685.74,22,74,94,114,134,3.0,26,480,45.45979905128479,2
1514,graficon47nodi/grafo7236.47,22,47,70,111,134,3.0,44,334,28.256978750228882,2
1515,graficon60nodi/grafo4548.60,22,60,72,112,124,3.0,29,264,222.53076004981995,2
1516,graficon64nodi/grafo4288.64,22,64,81,111,128,2.0,21,257,12.986817598342896,2
1517,graficon77nodi/grafo8372.77,22,77,85,112,120,2.0,10,298,21.80687928199768,2
1518,graficon61nodi/grafo5418.61,22,61,82,112,133,3.0,20,471,16.27104616165161,2
1519,graficon59nodi/grafo4463.59,22,59,76,114,131,2.0,14,302,2.4401135444641113,2
1520,graficon58nodi/grafo4889.58,22,58,77,111,130,3.0,36,387,268.84378933906555,2
1521,graficon55nodi/grafo4661.55,22,55,69,111,125,2.0,18,176,5.166261434555054,2
1522,graficon43nodi/grafo5950.43,22,43,56,112,125,2.0,9,129,14.503764867782593,2
1523,graficon44nodi/grafo5404.44,22,44,60,113,129,2.0,18,180,3.227402925491333,2
1524,graficon59nodi/grafo6503.59,22,59,73,111,125,2.0,16,162,4.114328145980835,2
1525,graficon35nodi/grafo5852.35,22,35,50,112,127,2.0,8,108,1.078456163406372,2
1526,graficon55nodi/grafo4318.55,22,55,81,114,140,4.0,62,449,87.51812028884888,2
1527,graficon63nodi/grafo9365.63,22,63,83,110,130,2.0,27,361,22.730653762817383,2
1528,graficon39nodi/grafo2982.39,22,39,52,112,125,2.0,9,168,1.3745691776275635,2
1529,graficon58nodi/grafo6031.58,22,58,82,113,137,4.0,43,491,601.4842073917389,9
1530,graficon40nodi/grafo3131.40,22,40,53,112,125,2.0,14,271,2.6249802112579346,2
1531,graficon66nodi/grafo1564.66,22,66,85,114,133,3.0,17,277,90.3890905380249,2
1532,graficon44nodi/grafo6276.44,22,44,62,112,130,3.0,13,139,3.237612724304199,2
1533,graficon65nodi/grafo9158.65,22,65,87,114,136,4.0,60,437,600.5147025585175,9
1534,graficon61nodi/grafo3853.61,22,61,79,113,131,3.0,28,301,27.30926251411438,2
1535,graficon61nodi/grafo9775.61,22,61,79,113,131,2.0,17,441,10.543124437332153,2
1536,graficon43nodi/grafo3947.43,22,43,63,114,134,2.0,12,257,1.4216198921203613,2
1537,graficon42nodi/grafo7666.42,22,42,63,111,132,3.0,34,283,32.54284048080444,2
1538,graficon72nodi/grafo8975.72,22,72,87,112,127,3.0,36,408,392.68027782440186,2
1539,graficon51nodi/grafo4726.51,22,51,67,110,126,2.0,10,392,11.962411880493164,2
1540,graficon46nodi/grafo5659.46,22,46,60,110,124,2.0,11,222,2.1342999935150146,2
1541,graficon63nodi/grafo2914.63,22,63,80,111,128,3.0,37,282,303.17283868789673,2
1542,graficon58nodi/grafo5008.58,22,58,77,114,133,2.0,32,272,8.1925630569458,2
1543,graficon59nodi/grafo6791.59,22,59,76,114,131,3.0,32,359,22.56987166404724,2
1544,graficon53nodi/grafo1262.53,22,53,74,114,135,4.0,59,390,97.8173360824585,2
1545,graficon56nodi/grafo6350.56,22,56,74,114,132,3.0,25,288,19.39655089378357,2
1546,graficon36nodi/grafo3241.36,22,36,47,110,121,2.0,10,116,3.0378668308258057,2
1547,graficon52nodi/grafo3628.52,22,52,71,114,133,2.0,15,282,7.251068830490112,2
1548,graficon40nodi/grafo4021.40,22,40,51,111,122,1.0,9,118,0.7603096961975098,2
1549,graficon60nodi/grafo5483.60,22,60,75,113,128,2.0,10,332,4.742817401885986,2
1550,graficon42nodi/grafo5183.42,22,42,58,110,126,2.0,18,240,7.444729328155518,2
1551,graficon62nodi/grafo4952.62,22,62,78,110,126,2.0,18,320,11.939605474472046,2
1552,graficon44nodi/grafo6968.44,22,44,67,112,135,4.0,35,240,10.992834329605103,2
1553,graficon46nodi/grafo6553.46,22,46,66,111,131,2.0,15,216,4.433926582336426,2
1554,graficon56nodi/grafo6546.56,22,56,70,113,127,2.0,10,237,9.108076572418213,2
1555,graficon55nodi/grafo7054.55,22,55,79,112,136,5.0,46,398,601.2217366695404,9
1556,graficon62nodi/grafo6494.62,22,62,81,111,130,3.0,37,355,20.08351421356201,2
1557,graficon56nodi/grafo4322.56,22,56,78,113,135,4.0,46,324,600.7261514663696,9
1558,graficon62nodi/grafo7772.62,22,62,79,113,130,2.0,26,274,19.134312391281128,2
1559,graficon61nodi/grafo4616.61,22,61,81,111,131,3.0,30,324,26.044145584106445,2
1560,graficon63nodi/grafo4884.63,22,63,86,113,136,4.0,44,477,26.761136531829834,2
1561,graficon38nodi/grafo10618.38,22,38,54,113,129,3.0,29,190,7.303320407867432,2
1562,graficon52nodi/grafo6715.52,22,52,72,110,130,3.0,36,363,319.77288699150085,2
1563,graficon41nodi/grafo4031.41,22,41,62,111,132,3.0,30,241,3.5142548084259033,2
1564,graficon53nodi/grafo5040.53,22,53,72,112,131,3.0,25,357,78.95510530471802,2
1565,graficon63nodi/grafo4162.63,22,63,81,113,131,3.0,28,337,535.4697022438049,2
1566,graficon53nodi/grafo4750.53,22,53,64,113,124,1.0,7,143,0.6622686386108398,2
1567,graficon37nodi/grafo5965.37,22,37,52,113,128,2.0,12,168,3.437107563018799,2
1568,graficon41nodi/grafo149.41,22,41,54,111,124,2.0,11,166,1.9788463115692139,2
1569,graficon68nodi/grafo4896.68,22,68,86,114,132,3.0,22,189,33.8704948425293,2
1570,graficon48nodi/grafo6561.48,22,48,68,111,131,3.0,19,317,66.20570945739746,2
1571,graficon64nodi/grafo9060.64,22,64,81,112,129,3.0,37,312,319.48756432533264,2
1572,graficon44nodi/grafo4022.44,22,44,63,113,132,2.0,19,291,8.05283236503601,2
1573,graficon39nodi/grafo3142.39,22,39,52,111,124,2.0,11,172,2.2881009578704834,2
1574,graficon64nodi/grafo9057.64,22,64,85,114,135,3.0,40,336,41.708784103393555,2
1575,graficon38nodi/grafo7492.38,22,38,57,111,130,3.0,33,306,20.48557448387146,2
1576,graficon56nodi/grafo1366.56,22,56,70,115,129,1.0,6,194,1.5677311420440674,2
1577,graficon57nodi/grafo4130.57,22,57,79,117,139,4.0,55,414,600.5390655994415,9
1578,graficon55nodi/grafo6661.55,22,55,72,117,134,2.0,17,173,1.7768356800079346,2
1579,graficon59nodi/grafo1342.59,22,59,70,117,128,2.0,19,169,17.57129693031311,2
1580,graficon64nodi/grafo9594.64,22,64,86,117,139,4.0,43,335,600.80375623703,9
1581,graficon57nodi/grafo6107.57,22,57,75,119,137,2.0,25,323,14.573550462722778,2
1582,graficon64nodi/grafo9467.64,22,64,75,117,128,1.0,11,171,2.272334337234497,2
1583,graficon68nodi/grafo9749.68,22,68,82,119,133,2.0,17,309,44.96388268470764,2
1584,graficon56nodi/grafo1480.56,22,56,77,118,139,4.0,64,408,32.409953117370605,2
1585,graficon37nodi/grafo11566.37,22,37,53,116,132,3.0,15,163,88.66290140151978,2
1586,graficon62nodi/grafo5406.62,22,62,77,117,132,2.0,18,215,6.449891567230225,2
1587,graficon71nodi/grafo8270.71,22,71,91,118,138,2.0,30,241,12.091318368911743,2
1588,graficon54nodi/grafo5311.54,22,54,74,115,135,3.0,39,381,254.52545309066772,2
1589,graficon59nodi/grafo4198.59,22,59,75,115,131,3.0,33,248,164.88906741142273,2
1590,graficon51nodi/grafo6747.51,22,51,65,118,132,2.0,16,179,4.92717170715332,2
1591,graficon68nodi/grafo6622.68,22,68,77,115,124,1.0,5,142,0.4689450263977051,2
1592,graficon64nodi/grafo4563.64,22,64,87,118,141,5.0,64,501,601.003820180893,9
1593,graficon64nodi/grafo5788.64,22,64,77,117,130,3.0,21,294,16.764016151428223,2
1594,graficon67nodi/grafo6909.67,22,67,77,115,125,2.0,17,208,3.9258759021759033,2
1595,graficon53nodi/grafo4003.53,22,53,72,118,137,3.0,26,260,286.7832555770874,2
1596,graficon54nodi/grafo6872.54,22,54,76,119,141,4.0,67,366,558.642674446106,2
1597,graficon57nodi/grafo6269.57,22,57,75,118,136,3.0,40,335,214.02807521820068,2
1598,graficon58nodi/grafo4723.58,22,58,70,118,130,1.0,6,233,2.2010180950164795,2
1599,graficon45nodi/grafo6297.45,22,45,60,115,130,2.0,12,160,3.168729782104492,2
1600,graficon39nodi/grafo9974.39,22,39,55,117,133,1.0,6,134,0.517052173614502,2
1601,graficon55nodi/grafo4894.55,22,55,76,116,137,3.0,30,271,9.37040662765503,2
1602,graficon43nodi/grafo5515.43,22,43,64,116,137,3.0,37,334,26.069597244262695,2
1603,graficon52nodi/grafo3810.52,22,52,64,115,127,2.0,16,171,8.151124238967896,2
1604,graficon62nodi/grafo4293.62,22,62,77,115,130,2.0,27,368,11.081348896026611,2
1605,graficon57nodi/grafo3957.57,22,57,80,119,142,3.0,51,331,34.91966485977173,2
1606,graficon42nodi/grafo5345.42,22,42,55,118,131,2.0,7,156,18.00197410583496,2
1607,graficon44nodi/grafo7605.44,22,44,65,118,139,3.0,20,259,9.158195734024048,2
1608,graficon47nodi/grafo6300.47,22,47,72,117,142,4.0,63,394,600.4562051296234,9
1609,graficon63nodi/grafo9652.63,22,63,75,118,130,2.0,17,209,4.775805234909058,2
1610,graficon53nodi/grafo5729.53,22,53,75,115,137,4.0,45,368,14.817660808563232,2
1611,graficon58nodi/grafo6690.58,22,58,70,116,128,2.0,10,247,2.1809298992156982,2
1612,graficon75nodi/grafo6954.75,22,75,90,117,132,2.0,24,231,7.834989309310913,2
1613,graficon51nodi/grafo3507.51,22,51,71,117,137,3.0,39,240,247.64464592933655,2
1614,graficon41nodi/grafo7137.41,22,41,59,115,133,2.0,24,171,3.4572947025299072,2
1615,graficon69nodi/grafo8347.69,22,69,76,119,126,1.0,4,198,0.6174445152282715,2
1616,graficon64nodi/grafo4722.64,22,64,80,119,135,2.0,17,213,3.2921860218048096,2
1617,graficon44nodi/grafo5243.44,22,44,61,118,135,2.0,22,236,3.254672050476074,2
1618,graficon51nodi/grafo4766.51,22,51,73,117,139,3.0,22,310,11.356349468231201,2
1619,graficon45nodi/grafo7039.45,22,45,63,116,134,2.0,15,217,2.9537014961242676,2
1620,graficon66nodi/grafo1414.66,22,66,82,118,134,2.0,21,286,17.905147075653076,2
1621,graficon48nodi/grafo7601.48,22,48,64,118,134,2.0,24,230,3.329714775085449,2
1622,graficon63nodi/grafo9085.63,22,63,82,119,138,4.0,36,306,46.1275417804718,2
1623,graficon56nodi/grafo4621.56,22,56,67,119,130,2.0,15,183,1.3115653991699219,2
1624,graficon63nodi/grafo7961.63,22,63,76,117,130,2.0,9,219,2.4606306552886963,2
1625,graficon56nodi/grafo3760.56,22,56,69,115,128,1.0,11,165,0.5278177261352539,2
1626,graficon58nodi/grafo5173.58,22,58,83,115,140,3.0,45,377,489.4569730758667,2
1627,graficon43nodi/grafo6391.43,22,43,62,119,138,3.0,32,288,32.6488151550293,2
1628,graficon37nodi/grafo5229.37,22,37,53,115,131,2.0,19,180,3.8172271251678467,2
1629,graficon67nodi/grafo9070.67,22,67,88,116,137,3.0,51,370,602.6537671089172,9
1630,graficon76nodi/grafo8078.76,22,76,98,117,139,5.0,74,434,600.6094787120819,9
1631,graficon65nodi/grafo1527.65,22,65,77,117,129,2.0,10,187,4.376315593719482,2
1632,graficon37nodi/grafo6959.37,22,37,55,117,135,2.0,14,115,1.1829051971435547,2
1633,graficon46nodi/grafo6724.46,22,46,66,118,138,3.0,28,267,360.8621654510498,2
1634,graficon43nodi/grafo5987.43,22,43,63,117,137,3.0,45,286,6.538386583328247,2
1635,graficon64nodi/grafo9098.64,22,64,80,117,133,2.0,17,226,1.5311331748962402,2
1636,graficon54nodi/grafo3460.54,22,54,82,117,145,5.0,65,612,600.7954812049866,9
1637,graficon50nodi/grafo4869.50,22,50,69,117,136,3.0,25,265,160.8478558063507,2
1638,graficon44nodi/grafo4017.44,22,44,60,118,134,2.0,24,210,5.818354606628418,2
1639,graficon61nodi/grafo9367.61,22,61,77,117,133,2.0,21,364,9.996351957321167,2
1640,graficon37nodi/grafo6698.37,22,37,54,118,135,2.0,17,155,3.4364397525787354,2
1641,graficon66nodi/grafo4656.66,22,66,81,119,134,2.0,18,266,15.536651849746704,2
1642,graficon52nodi/grafo4874.52,22,52,70,119,137,1.0,9,307,3.2133629322052,2
1643,graficon57nodi/grafo6446.57,22,57,68,116,127,2.0,5,172,1.1038188934326172,2
1644,graficon57nodi/grafo1567.57,22,57,74,118,135,2.0,16,183,2.1623826026916504,2
1645,graficon60nodi/grafo7536.60,22,60,76,119,135,3.0,31,334,22.774383544921875,2
1646,graficon62nodi/grafo9405.62,22,62,82,117,137,3.0,48,574,104.01023077964783,2
1647,graficon58nodi/grafo4605.58,22,58,84,118,144,5.0,68,605,600.8564202785492,9
1648,graficon39nodi/grafo3902.39,22,39,53,116,130,3.0,19,212,3.697617292404175,2
1649,graficon46nodi/grafo6228.46,22,46,62,116,132,3.0,30,303,12.046381711959839,2
1650,graficon63nodi/grafo6941.63,22,63,82,116,135,3.0,32,301,432.7243251800537,2
1651,graficon58nodi/grafo5389.58,22,58,84,122,148,4.0,57,413,600.7628185749054,9
1652,graficon52nodi/grafo3704.52,22,52,70,121,139,4.0,31,307,600.617014169693,9
1653,graficon60nodi/grafo5914.60,22,60,82,124,146,4.0,60,517,600.7797095775604,9
1654,graficon58nodi/grafo4730.58,22,58,86,123,151,3.0,36,607,49.19778800010681,2
1655,graficon68nodi/grafo8028.68,22,68,94,121,147,7.0,101,610,600.9684903621674,9
1656,graficon47nodi/grafo3846.47,22,47,65,124,142,2.0,17,304,1.8715722560882568,2
1657,graficon46nodi/grafo6790.46,22,46,74,121,149,6.0,67,619,600.9323875904083,9
1658,graficon73nodi/grafo6710.73,22,73,94,124,145,3.0,53,533,19.604690313339233,2
1659,graficon59nodi/grafo7328.59,22,59,71,120,132,2.0,8,165,2.0200915336608887,2
1660,graficon46nodi/grafo7399.46,22,46,63,123,140,2.0,19,194,4.001430988311768,2
1661,graficon76nodi/grafo7967.76,22,76,100,121,145,4.0,62,747,601.1319954395294,9
1662,graficon67nodi/grafo8050.67,22,67,86,123,142,2.0,31,286,283.6744031906128,2
1663,graficon42nodi/grafo6310.42,22,42,63,122,143,2.0,27,248,149.1797022819519,2
1664,graficon56nodi/grafo3658.56,22,56,78,124,146,5.0,64,426,402.2167866230011,2
1665,graficon62nodi/grafo4245.62,22,62,84,121,143,3.0,46,301,567.2999637126923,2
1666,graficon77nodi/grafo4554.77,22,77,99,124,146,4.0,64,497,97.47227621078491,2
1667,graficon60nodi/grafo4856.60,22,60,80,122,142,3.0,28,299,12.007445573806763,2
1668,graficon53nodi/grafo4505.53,22,53,69,120,136,1.0,8,179,2.642611026763916,2
1669,graficon43nodi/grafo5443.43,22,43,59,122,138,2.0,22,214,4.228284120559692,2
1670,graficon51nodi/grafo6475.51,22,51,66,122,137,2.0,20,160,2.484105348587036,2
1671,graficon47nodi/grafo7084.47,22,47,65,124,142,2.0,19,277,26.78480815887451,2
1672,graficon75nodi/grafo8507.75,22,75,88,123,136,2.0,15,176,39.86058688163757,2
1673,graficon48nodi/grafo1416.48,22,48,62,124,138,2.0,10,193,1.3841493129730225,2
1674,graficon63nodi/grafo9234.63,22,63,87,120,144,3.0,55,360,26.969889163970947,2
1675,graficon51nodi/grafo4154.51,22,51,65,121,135,2.0,15,209,2.530641794204712,2
1676,graficon62nodi/grafo4988.62,22,62,78,121,137,2.0,30,305,23.999937772750854,2
1677,graficon61nodi/grafo6131.61,22,61,79,123,141,2.0,16,403,23.63966393470764,2
1678,graficon44nodi/grafo6911.44,22,44,59,124,139,2.0,7,128,1.4131388664245605,2
1679,graficon58nodi/grafo3448.58,22,58,85,124,151,4.0,58,422,601.1285583972931,9
1680,graficon60nodi/grafo8115.60,22,60,74,120,134,2.0,29,321,8.536334753036499,2
1681,graficon55nodi/grafo3950.55,22,55,74,121,140,2.0,26,300,26.142502307891846,2
1682,graficon64nodi/grafo9659.64,22,64,82,122,140,4.0,34,324,608.3896560668945,9
1683,graficon44nodi/grafo3705.44,22,44,57,120,133,1.0,7,149,0.8913450241088867,2
1684,graficon61nodi/grafo4313.61,22,61,89,120,148,4.0,59,333,600.9380419254303,9
1685,graficon57nodi/grafo3991.57,22,57,81,120,144,4.0,60,442,53.677326917648315,2
1686,graficon46nodi/grafo7405.46,22,46,64,123,141,2.0,33,250,27.75047206878662,2
1687,graficon57nodi/grafo3791.57,22,57,78,123,144,3.0,42,335,37.982516288757324,2
1688,graficon43nodi/grafo3269.43,22,43,58,122,137,2.0,9,188,1.5476200580596924,2
1689,graficon39nodi/grafo6026.39,22,39,61,122,144,3.0,17,191,34.06434416770935,2
1690,graficon62nodi/grafo9822.62,22,62,89,124,151,6.0,79,488,601.0713002681732,9
1691,graficon49nodi/grafo4046.49,22,49,67,122,140,2.0,16,305,7.661865949630737,2
1692,graficon55nodi/grafo3346.55,22,55,74,122,141,2.0,21,257,9.449133396148682,2
1693,graficon56nodi/grafo4940.56,22,56,72,121,137,2.0,19,273,29.475680589675903,2
1694,graficon57nodi/grafo4083.57,22,57,78,124,145,3.0,31,296,309.2094979286194,2
1695,graficon46nodi/grafo3636.46,22,46,62,121,137,2.0,15,248,2.049590587615967,2
1696,graficon55nodi/grafo4394.55,22,55,76,124,145,3.0,34,316,537.03000831604,2
1697,graficon42nodi/grafo6004.42,22,42,60,121,139,2.0,13,176,2.5137171745300293,2
1698,graficon61nodi/grafo4331.61,22,61,78,124,141,2.0,17,259,1.796985149383545,2
1699,graficon69nodi/grafo7284.69,22,69,87,121,139,3.0,30,288,69.71341323852539,2
1700,graficon55nodi/grafo3598.55,22,55,73,122,140,3.0,28,294,192.1121335029602,2
1701,graficon55nodi/grafo4356.55,22,55,73,120,138,3.0,21,205,146.08320665359497,2
1702,graficon61nodi/grafo5755.61,22,61,85,124,148,4.0,58,379,600.6424021720886,9
1703,graficon38nodi/grafo11236.38,22,38,52,124,138,2.0,5,126,0.9914946556091309,2
1704,graficon56nodi/grafo5089.56,22,56,83,123,150,3.0,54,314,143.27136301994324,2
1705,graficon46nodi/grafo7386.46,22,46,66,122,142,3.0,37,347,35.32784080505371,2
1706,graficon60nodi/grafo8159.60,22,60,85,122,147,3.0,43,510,60.26657009124756,2
1707,graficon61nodi/grafo3564.61,22,61,79,124,142,3.0,41,400,600.8425290584564,9
1708,graficon66nodi/grafo8771.66,22,66,88,123,145,2.0,29,283,15.859747648239136,2
1709,graficon56nodi/grafo5055.56,22,56,77,124,145,3.0,38,361,10.69623613357544,2
1710,graficon58nodi/grafo4280.58,22,58,75,120,137,2.0,24,253,8.767454147338867,2
1711,graficon69nodi/grafo4408.69,22,69,91,121,143,4.0,46,552,600.8435301780701,9
1712,graficon53nodi/grafo6767.53,22,53,73,121,141,3.0,29,415,486.0296380519867,2
1713,graficon63nodi/grafo4642.63,22,63,84,124,145,3.0,39,332,182.13754272460938,2
1714,graficon61nodi/grafo8562.61,22,61,80,122,141,3.0,36,296,3.9353504180908203,2
1715,graficon37nodi/grafo3533.37,22,37,57,120,140,3.0,20,303,24.53887414932251,2
1716,graficon43nodi/grafo6008.43,22,43,68,124,149,3.0,31,357,33.62140440940857,2
1717,graficon60nodi/grafo3198.60,22,60,80,123,143,3.0,44,344,136.47102856636047,2
1718,graficon48nodi/grafo1488.48,22,48,58,122,132,2.0,10,209,2.4830074310302734,2
1719,graficon60nodi/grafo7341.60,22,60,78,124,142,3.0,30,289,4.86658787727356,2
1720,graficon73nodi/grafo9705.73,22,73,94,124,145,3.0,23,335,182.26611590385437,2
1721,graficon62nodi/grafo5912.62,22,62,75,122,135,2.0,18,238,10.73302936553955,2
1722,graficon51nodi/grafo4451.51,22,51,72,124,145,2.0,22,249,3.899272918701172,2
1723,graficon69nodi/grafo7808.69,22,69,88,120,139,3.0,23,292,81.22521638870239,2
1724,graficon68nodi/grafo2711.68,22,68,82,124,138,2.0,12,315,2.197848081588745,2
1725,graficon63nodi/grafo4263.63,22,63,77,123,137,2.0,19,252,3.323768377304077,2
1726,graficon66nodi/grafo9266.66,22,66,93,127,154,4.0,70,514,600.6115167140961,9
1727,graficon48nodi/grafo7477.48,22,48,69,126,147,3.0,36,334,15.41703462600708,2
1728,graficon65nodi/grafo4828.65,22,65,88,125,148,2.0,32,463,21.840174198150635,2
1729,graficon59nodi/grafo4124.59,22,59,82,126,149,2.0,25,225,5.749058961868286,2
1730,graficon51nodi/grafo3677.51,22,51,71,129,149,3.0,30,259,94.8388283252716,2
1731,graficon54nodi/grafo3737.54,22,54,77,127,150,3.0,46,319,600.2968556880951,9
1732,graficon64nodi/grafo9716.64,22,64,82,125,143,3.0,28,297,555.7664947509766,2
1733,graficon60nodi/grafo6454.60,22,60,78,125,143,2.0,24,200,5.775705814361572,2
1734,graficon63nodi/grafo9179.63,22,63,74,125,136,1.0,7,197,5.308140993118286,2
1735,graficon46nodi/grafo6834.46,22,46,67,127,148,4.0,39,242,264.9463493824005,2
1736,graficon50nodi/grafo4950.50,22,50,64,125,139,1.0,12,251,1.735358476638794,2
1737,graficon67nodi/grafo5107.67,22,67,80,129,142,2.0,22,292,4.999993801116943,2
1738,graficon44nodi/grafo7398.44,22,44,58,128,142,2.0,13,151,2.991292715072632,2
1739,graficon59nodi/grafo6969.59,22,59,79,129,149,3.0,33,202,43.14243507385254,2
1740,graficon54nodi/grafo3614.54,22,54,75,125,146,3.0,32,356,21.980813026428223,2
1741,graficon60nodi/grafo4876.60,22,60,78,127,145,3.0,28,274,76.79594659805298,2
1742,graficon40nodi/grafo10615.40,22,40,50,129,139,1.0,1,96,0.1156764030456543,2
1743,graficon69nodi/grafo9667.69,22,69,88,126,145,2.0,26,477,23.88848090171814,2
1744,graficon41nodi/grafo3889.41,22,41,55,126,140,3.0,18,181,4.9433913230896,2
1745,graficon43nodi/grafo7193.43,22,43,64,125,146,3.0,32,184,81.01939272880554,2
1746,graficon68nodi/grafo9145.68,22,68,86,129,147,2.0,31,321,23.27922558784485,2
1747,graficon68nodi/grafo8032.68,22,68,83,126,141,2.0,7,223,2.5513510704040527,2
1748,graficon56nodi/grafo4601.56,22,56,71,125,140,2.0,14,193,4.5174384117126465,2
1749,graficon57nodi/grafo4462.57,22,57,67,127,137,1.0,5,189,0.5609166622161865,2
1750,graficon69nodi/grafo7516.69,22,69,88,128,147,3.0,48,355,59.52511787414551,2
1751,graficon56nodi/grafo3789.56,22,56,79,129,152,3.0,43,278,328.8936593532562,2
1752,graficon49nodi/grafo1542.49,22,49,59,126,136,2.0,6,155,1.1897172927856445,2
1753,graficon56nodi/grafo3569.56,22,56,75,125,144,3.0,29,334,394.17784905433655,2
1754,graficon62nodi/grafo9583.62,22,62,77,129,144,2.0,19,173,2.7758066654205322,2
1755,graficon56nodi/grafo5249.56,22,56,85,125,154,3.0,41,575,292.67716813087463,2
1756,graficon48nodi/grafo3561.48,22,48,68,127,147,3.0,37,288,34.593159437179565,2
1757,graficon63nodi/grafo3204.63,22,63,87,128,152,4.0,45,507,600.7323324680328,9
1758,graficon53nodi/grafo7077.53,22,53,73,126,146,2.0,21,287,5.871532917022705,2
1759,graficon56nodi/grafo5077.56,22,56,79,125,148,4.0,50,337,600.7094931602478,9
1760,graficon57nodi/grafo4700.57,22,57,76,125,144,3.0,30,282,7.428690671920776,2
1761,graficon58nodi/grafo7346.58,22,58,78,125,145,2.0,32,255,81.5312340259552,2
1762,graficon57nodi/grafo5317.57,22,57,73,127,143,2.0,25,331,13.976178407669067,2
1763,graficon61nodi/grafo4497.61,22,61,82,125,146,4.0,72,407,43.50163269042969,2
1764,graficon65nodi/grafo9519.65,22,65,85,128,148,3.0,31,247,16.188066720962524,2
1765,graficon55nodi/grafo3183.55,22,55,67,125,137,2.0,12,161,4.0924906730651855,2
1766,graficon71nodi/grafo9009.71,22,71,83,128,140,2.0,27,387,263.44150400161743,2
1767,graficon58nodi/grafo6840.58,22,58,73,125,140,2.0,13,225,2.160893440246582,2
1768,graficon57nodi/grafo4773.57,22,57,79,128,150,4.0,41,354,600.5821852684021,9
1769,graficon54nodi/grafo6321.54,22,54,71,129,146,2.0,22,164,29.2097806930542,2
1770,graficon65nodi/grafo2881.65,22,65,76,129,140,2.0,10,203,37.34659194946289,2
1771,graficon50nodi/grafo6410.50,22,50,69,128,147,2.0,23,226,3.574864149093628,2
1772,graficon64nodi/grafo9180.64,22,64,80,127,143,2.0,26,194,16.57558250427246,2
1773,graficon55nodi/grafo6500.55,22,55,75,125,145,3.0,35,435,134.12466430664062,2
1774,graficon74nodi/grafo7149.74,22,74,93,127,146,2.0,19,296,8.06344485282898,2
1775,graficon66nodi/grafo8998.66,22,66,99,127,160,11.0,157,688,600.9915487766266,9
1776,graficon60nodi/grafo5896.60,22,60,84,128,152,3.0,40,466,88.94015073776245,2
1777,graficon48nodi/grafo6833.48,22,48,69,129,150,3.0,22,254,163.53116703033447,2
1778,graficon44nodi/grafo6938.44,22,44,61,127,144,2.0,21,185,5.63204026222229,2
1779,graficon60nodi/grafo4138.60,22,60,83,129,152,3.0,55,347,80.51671123504639,2
1780,graficon63nodi/grafo5858.63,22,63,83,126,146,3.0,35,455,204.88528561592102,2
1781,graficon61nodi/grafo6803.61,22,61,87,125,151,4.0,70,548,600.7537219524384,9
1782,graficon54nodi/grafo4701.54,22,54,67,126,139,2.0,12,158,2.36858868598938,2
1783,graficon43nodi/grafo5467.43,22,43,73,129,159,4.0,54,421,600.4231669902802,9
1784,graficon62nodi/grafo9257.62,22,62,85,128,151,3.0,43,584,259.0120966434479,2
1785,graficon59nodi/grafo6980.59,22,59,79,129,149,3.0,33,202,46.397682905197144,2
1786,graficon65nodi/grafo9475.65,22,65,84,126,145,3.0,35,227,178.45088863372803,2
1787,graficon54nodi/grafo7613.54,22,54,78,127,151,3.0,39,360,5.873565196990967,2
1788,graficon43nodi/grafo5187.43,22,43,61,129,147,2.0,16,166,1.1560053825378418,2
1789,graficon41nodi/grafo3701.41,22,41,58,127,144,3.0,27,257,3.561431884765625,2
1790,graficon49nodi/grafo3085.49,22,49,72,128,151,3.0,33,274,188.06011152267456,2
1791,graficon68nodi/grafo9378.68,22,68,81,125,138,2.0,15,213,6.551758527755737,2
1792,graficon59nodi/grafo5600.59,22,59,78,125,144,2.0,23,349,20.33444833755493,2
1793,graficon46nodi/grafo6986.46,22,46,63,127,144,3.0,23,263,5.679332971572876,2
1794,graficon78nodi/grafo8145.78,22,78,98,127,147,5.0,86,698,600.6613800525665,9
1795,graficon61nodi/grafo4392.61,22,61,75,125,139,2.0,20,316,17.442103147506714,2
1796,graficon68nodi/grafo4472.68,22,68,90,128,150,2.0,29,369,7.501445055007935,2
1797,graficon80nodi/grafo9560.80,22,80,100,127,147,4.0,76,681,600.7370069026947,9
1798,graficon57nodi/grafo6238.57,22,57,87,128,158,4.0,62,458,495.34981966018677,2
1799,graficon62nodi/grafo2002.62,22,62,77,126,141,2.0,22,326,10.05497694015503,2
1800,graficon59nodi/grafo4615.59,22,59,75,129,145,2.0,17,181,2.941007614135742,2
1801,graficon56nodi/grafo4685.56,22,56,71,132,147,2.0,10,235,1.240044355392456,2
1802,graficon65nodi/grafo4904.65,22,65,78,130,143,1.0,5,287,6.119987487792969,2
1803,graficon75nodi/grafo7926.75,22,75,93,131,149,3.0,35,507,368.78609585762024,2
1804,graficon65nodi/grafo9415.65,22,65,85,131,151,4.0,51,470,602.8923790454865,9
1805,graficon48nodi/grafo5672.48,22,48,70,132,154,3.0,27,325,440.83634328842163,2
1806,graficon54nodi/grafo3189.54,22,54,84,132,162,5.0,73,479,600.7600021362305,9
1807,graficon63nodi/grafo4702.63,22,63,89,134,160,5.0,70,538,600.8903915882111,9
1808,graficon60nodi/grafo8898.60,22,60,78,130,148,2.0,21,311,9.979771614074707,2
1809,graficon70nodi/grafo1381.70,22,70,87,133,150,1.0,11,235,2.721358060836792,2
1810,graficon62nodi/grafo8037.62,22,62,81,132,151,2.0,30,265,65.99465036392212,2
1811,graficon70nodi/grafo8234.70,22,70,89,131,150,2.0,31,203,14.818503618240356,2
1812,graficon63nodi/grafo7806.63,22,63,83,132,152,2.0,19,372,12.076972484588623,2
1813,graficon53nodi/grafo4882.53,22,53,75,133,155,3.0,28,235,24.289637565612793,2
1814,graficon69nodi/grafo1568.69,22,69,89,131,151,2.0,21,338,25.966570615768433,2
1815,graficon56nodi/grafo1478.56,22,56,69,132,145,1.0,8,173,1.3774867057800293,2
1816,graficon67nodi/grafo9187.67,22,67,93,133,159,6.0,83,564,600.8138432502747,9
1817,graficon40nodi/grafo2593.40,22,40,55,130,145,2.0,10,123,1.1366393566131592,2
1818,graficon72nodi/grafo9592.72,22,72,86,132,146,2.0,21,165,6.3713037967681885,2
1819,graficon38nodi/grafo6416.38,22,38,57,131,150,2.0,17,143,1.345289707183838,2
1820,graficon65nodi/grafo6412.65,22,65,82,133,150,3.0,29,314,16.37562084197998,2
1821,graficon54nodi/grafo4969.54,22,54,85,130,161,5.0,71,569,600.8075287342072,9
1822,graficon63nodi/grafo9400.63,22,63,85,134,156,3.0,36,251,116.9085214138031,2
1823,graficon66nodi/grafo1298.66,22,66,82,131,147,3.0,30,306,247.67792892456055,2
1824,graficon56nodi/grafo7752.56,22,56,69,134,147,2.0,14,270,26.256178379058838,2
1825,graficon67nodi/grafo9754.67,22,67,96,131,160,6.0,76,596,600.9966180324554,9
1826,graficon55nodi/grafo5444.55,22,55,70,134,149,2.0,18,237,5.78669810295105,2
1827,graficon66nodi/grafo4404.66,22,66,81,131,146,2.0,25,173,63.03883457183838,2
1828,graficon42nodi/grafo4033.42,22,42,64,133,155,2.0,25,277,13.259539127349854,2
1829,graficon69nodi/grafo9191.69,22,69,90,134,155,3.0,30,418,205.59435081481934,2
1830,graficon71nodi/grafo8560.71,22,71,93,132,154,5.0,64,441,600.8339977264404,9
1831,graficon46nodi/grafo5778.46,22,46,69,132,155,3.0,31,378,21.549367427825928,2
1832,graficon51nodi/grafo4577.51,22,51,68,132,149,2.0,28,281,13.050246477127075,2
1833,graficon60nodi/grafo7493.60,22,60,83,131,154,4.0,36,483,600.991114616394,9
1834,graficon68nodi/grafo1575.68,22,68,84,133,149,2.0,19,210,10.263734340667725,2
1835,graficon45nodi/grafo6295.45,22,45,67,130,152,4.0,38,369,14.027686357498169,2
1836,graficon68nodi/grafo1303.68,22,68,84,131,147,2.0,21,310,5.54515528678894,2
1837,graficon65nodi/grafo9272.65,22,65,81,130,146,3.0,27,326,398.0047085285187,2
1838,graficon65nodi/grafo9575.65,22,65,82,130,147,2.0,24,227,8.164571285247803,2
1839,graficon64nodi/grafo5067.64,22,64,82,131,149,2.0,19,331,26.042381286621094,2
1840,graficon63nodi/grafo4679.63,22,63,87,131,155,3.0,61,368,181.65190482139587,2
1841,graficon69nodi/grafo8072.69,22,69,88,132,151,2.0,21,245,15.94461965560913,2
1842,graficon56nodi/grafo3427.56,22,56,81,131,156,5.0,59,555,600.8000679016113,9
1843,graficon46nodi/grafo6994.46,22,46,64,134,152,2.0,21,289,8.559163093566895,2
1844,graficon66nodi/grafo4737.66,22,66,86,132,152,3.0,41,333,323.84682631492615,2
1845,graficon56nodi/grafo5851.56,22,56,75,131,150,3.0,37,332,28.357699871063232,2
1846,graficon63nodi/grafo5068.63,22,63,87,132,156,5.0,64,420,600.9085462093353,9
1847,graficon55nodi/grafo1487.55,22,55,71,130,146,2.0,18,270,8.094547033309937,2
1848,graficon60nodi/grafo9141.60,22,60,82,130,152,2.0,31,207,7.741346836090088,2
1849,graficon44nodi/grafo6014.44,22,44,59,133,148,2.0,12,201,1.852201223373413,2
1850,graficon55nodi/grafo6741.55,22,55,80,131,156,4.0,67,285,600.4532134532928,9
1851,graficon66nodi/grafo4727.66,22,66,88,133,155,3.0,37,415,600.6393756866455,9
1852,graficon60nodi/grafo5435.60,22,60,85,132,157,4.0,56,517,600.60364985466,9
1853,graficon41nodi/grafo3340.41,22,41,54,130,143,2.0,12,150,1.6073451042175293,2
1854,graficon65nodi/grafo9417.65,22,65,88,132,155,2.0,14,309,12.636181354522705,2
1855,graficon61nodi/grafo7324.61,22,61,77,132,148,2.0,18,276,9.103839635848999,2
1856,graficon70nodi/grafo9841.70,22,70,97,131,158,4.0,63,403,600.647034406662,9
1857,graficon69nodi/grafo7954.69,22,69,103,134,168,8.0,108,748,600.8669571876526,9
1858,graficon48nodi/grafo3327.48,22,48,73,133,158,3.0,37,403,73.07615375518799,2
1859,graficon60nodi/grafo8610.60,22,60,77,133,150,2.0,19,196,8.539005041122437,2
1860,graficon71nodi/grafo5375.71,22,71,93,132,154,5.0,69,588,600.9563226699829,9
1861,graficon60nodi/grafo4910.60,22,60,76,132,148,3.0,25,199,64.06500959396362,2
1862,graficon63nodi/grafo1606.63,22,63,85,133,155,4.0,42,368,600.6136260032654,9
1863,graficon83nodi/grafo8245.83,22,83,104,130,151,4.0,56,606,601.2933437824249,9
1864,graficon59nodi/grafo4591.59,22,59,83,131,155,3.0,32,372,29.64588499069214,2
1865,graficon54nodi/grafo1545.54,22,54,71,134,151,3.0,20,329,82.93636465072632,2
1866,graficon53nodi/grafo5052.53,22,53,77,130,154,3.0,33,427,77.13487219810486,2
1867,graficon51nodi/grafo7562.51,22,51,81,133,163,6.0,86,551,600.8942701816559,9
1868,graficon58nodi/grafo5403.58,22,58,77,130,149,3.0,40,579,52.51889944076538,2
1869,graficon79nodi/grafo9810.79,22,79,101,133,155,4.0,66,455,600.9992642402649,9
1870,graficon48nodi/grafo5806.48,22,48,65,130,147,2.0,17,260,3.6251847743988037,2
1871,graficon49nodi/grafo5654.49,22,49,68,130,149,3.0,27,264,4.989417791366577,2
1872,graficon60nodi/grafo6316.60,22,60,82,132,154,4.0,39,374,601.1623623371124,9
1873,graficon63nodi/grafo9246.63,22,63,89,133,159,5.0,68,491,600.8942496776581,9
1874,graficon71nodi/grafo9173.71,22,71,105,134,168,6.0,87,760,600.8411886692047,9
1875,graficon78nodi/grafo9549.78,22,78,97,132,151,4.0,64,651,601.0673801898956,9
