Index,Data,combo_idx,Nodes,Edges,TotalNodes,TotalEdges,ObjVal,Crossings,EdgeLength,Runtime,Status
1,graficon13nodi/grafo2567.13,23,13,13,13,13,0.0,0,6,0.002822399139404297,2
2,graficon11nodi/grafo685.11,23,11,11,13,13,0.0,0,13,0.003744363784790039,2
3,graficon10nodi/grafo2511.10,23,10,10,12,12,0.0,0,6,0.0019719600677490234,2
4,graficon12nodi/grafo957.12,23,12,11,13,12,0.0,0,10,0.001935720443725586,2
5,graficon14nodi/grafo769.14,23,14,13,14,13,0.0,0,10,0.0018451213836669922,2
6,graficon10nodi/grafo1070.10,23,10,10,12,12,0.0,0,6,0.0012807846069335938,2
7,graficon10nodi/grafo473.10,23,10,10,12,12,0.0,0,6,0.0014252662658691406,2
8,graficon14nodi/grafo371.14,23,14,13,14,13,0.0,0,6,0.003184795379638672,2
9,graficon12nodi/grafo906.12,23,12,11,12,11,0.0,0,3,0.0019826889038085938,2
10,graficon11nodi/grafo927.11,23,11,10,11,10,0.0,0,6,0.0015139579772949219,2
11,graficon10nodi/grafo758.10,23,10,10,12,12,0.0,0,6,0.0012462139129638672,2
12,graficon12nodi/grafo122.12,23,12,11,12,11,0.0,0,5,0.0009906291961669922,2
13,graficon12nodi/grafo1843.12,23,12,15,14,17,1.0,2,13,0.02194380760192871,2
14,graficon10nodi/grafo898.10,23,10,9,10,9,0.0,0,2,0.001016855239868164,2
15,graficon11nodi/grafo2433.11,23,11,11,13,13,0.0,0,3,0.00177001953125,2
16,graficon11nodi/grafo749.11,23,11,10,13,12,0.0,0,5,0.002292633056640625,2
17,graficon10nodi/grafo961.10,23,10,10,12,12,0.0,0,6,0.0014004707336425781,2
18,graficon10nodi/grafo1857.10,23,10,12,12,14,0.0,0,10,0.0022077560424804688,2
19,graficon11nodi/grafo1004.11,23,11,12,12,13,0.0,0,15,0.0026807785034179688,2
20,graficon11nodi/grafo675.11,23,11,11,13,13,0.0,0,4,0.0016033649444580078,2
21,graficon10nodi/grafo633.10,23,10,9,10,9,0.0,0,2,0.0010380744934082031,2
22,graficon13nodi/grafo2908.13,23,13,12,13,12,0.0,0,8,0.001840829849243164,2
23,graficon11nodi/grafo441.11,23,11,11,13,13,0.0,0,14,0.003543376922607422,2
24,graficon11nodi/grafo2812.11,23,11,11,13,13,0.0,0,3,0.001743316650390625,2
25,graficon10nodi/grafo881.10,23,10,9,10,9,0.0,0,2,0.0011909008026123047,2
26,graficon10nodi/grafo455.10,23,10,10,13,13,0.0,0,4,0.001552581787109375,2
27,graficon12nodi/grafo933.12,23,12,11,12,11,0.0,0,5,0.00095367431640625,2
28,graficon12nodi/grafo256.12,23,12,11,12,11,0.0,0,2,0.0012590885162353516,2
29,graficon10nodi/grafo1098.10,23,10,9,10,9,0.0,0,2,0.0010442733764648438,2
30,graficon11nodi/grafo246.11,23,11,10,11,10,0.0,0,3,0.001163482666015625,2
31,graficon12nodi/grafo2668.12,23,12,13,14,15,1.0,1,7,0.0032689571380615234,2
32,graficon12nodi/grafo667.12,23,12,12,13,13,0.0,0,16,0.0028879642486572266,2
33,graficon12nodi/grafo986.12,23,12,11,12,11,0.0,0,5,0.0010678768157958984,2
34,graficon10nodi/grafo782.10,23,10,9,10,9,0.0,0,2,0.0010333061218261719,2
35,graficon12nodi/grafo756.12,23,12,11,12,11,0.0,0,3,0.0013115406036376953,2
36,graficon11nodi/grafo1629.11,23,11,11,14,14,0.0,0,10,0.0019032955169677734,2
37,graficon12nodi/grafo888.12,23,12,13,14,15,0.0,0,16,0.004155874252319336,2
38,graficon11nodi/grafo1162.11,23,11,11,12,12,0.0,0,6,0.0015881061553955078,2
39,graficon11nodi/grafo3101.11,23,11,11,13,13,0.0,0,3,0.0017299652099609375,2
40,graficon10nodi/grafo910.10,23,10,9,10,9,0.0,0,2,0.0009946823120117188,2
41,graficon13nodi/grafo514.13,23,13,12,13,12,0.0,0,4,0.001653432846069336,2
42,graficon10nodi/grafo718.10,23,10,10,12,12,0.0,0,6,0.0016009807586669922,2
43,graficon10nodi/grafo1123.10,23,10,10,12,12,0.0,0,6,0.0021991729736328125,2
44,graficon10nodi/grafo474.10,23,10,10,12,12,0.0,0,6,0.0019600391387939453,2
45,graficon14nodi/grafo272.14,23,14,13,14,13,0.0,0,9,0.0025031566619873047,2
46,graficon11nodi/grafo1084.11,23,11,10,11,10,0.0,0,2,0.0013229846954345703,2
47,graficon11nodi/grafo2971.11,23,11,11,13,13,0.0,0,3,0.001669168472290039,2
48,graficon11nodi/grafo313.11,23,11,10,13,12,0.0,0,13,0.0024089813232421875,2
49,graficon11nodi/grafo532.11,23,11,11,13,13,0.0,0,9,0.0023889541625976562,2
50,graficon11nodi/grafo857.11,23,11,11,12,12,0.0,0,12,0.003432750701904297,2
51,graficon10nodi/grafo978.10,23,10,10,12,12,0.0,0,6,0.001374959945678711,2
52,graficon13nodi/grafo1067.13,23,13,13,13,13,0.0,0,6,0.0026082992553710938,2
53,graficon12nodi/grafo2949.12,23,12,11,12,11,0.0,0,4,0.0017056465148925781,2
54,graficon10nodi/grafo962.10,23,10,10,12,12,0.0,0,6,0.0017180442810058594,2
55,graficon10nodi/grafo460.10,23,10,9,10,9,0.0,0,2,0.001074075698852539,2
56,graficon11nodi/grafo3073.11,23,11,11,13,13,0.0,0,3,0.0017709732055664062,2
57,graficon11nodi/grafo316.11,23,11,13,14,16,0.0,0,22,0.0035429000854492188,2
58,graficon13nodi/grafo2415.13,23,13,13,14,14,0.0,0,5,0.0021724700927734375,2
59,graficon12nodi/grafo861.12,23,12,12,14,14,0.0,0,21,0.004480838775634766,2
60,graficon11nodi/grafo612.11,23,11,11,13,13,0.0,0,7,0.0013930797576904297,2
61,graficon10nodi/grafo513.10,23,10,10,12,12,0.0,0,6,0.0016770362854003906,2
62,graficon12nodi/grafo352.12,23,12,12,14,14,1.0,2,7,0.0042340755462646484,2
63,graficon11nodi/grafo3113.11,23,11,11,13,13,0.0,0,3,0.0017406940460205078,2
64,graficon12nodi/grafo2651.12,23,12,13,12,13,1.0,2,13,0.004483222961425781,2
65,graficon13nodi/grafo2595.13,23,13,12,13,12,0.0,0,5,0.002175569534301758,2
66,graficon14nodi/grafo345.14,23,14,13,14,13,0.0,0,9,0.0022699832916259766,2
67,graficon10nodi/grafo209.10,23,10,10,12,12,0.0,0,6,0.0014083385467529297,2
68,graficon11nodi/grafo1005.11,23,11,11,12,12,0.0,0,9,0.0021474361419677734,2
69,graficon10nodi/grafo1032.10,23,10,9,10,9,0.0,0,2,0.000993967056274414,2
70,graficon10nodi/grafo210.10,23,10,10,12,12,0.0,0,6,0.0019087791442871094,2
71,graficon11nodi/grafo759.11,23,11,12,12,13,1.0,1,7,0.0027437210083007812,2
72,graficon10nodi/grafo265.10,23,10,12,12,14,1.0,1,16,0.0037126541137695312,2
73,graficon12nodi/grafo2439.12,23,12,12,13,13,0.0,0,10,0.001895904541015625,2
74,graficon11nodi/grafo748.11,23,11,11,13,13,0.0,0,8,0.0021352767944335938,2
75,graficon11nodi/grafo2714.11,23,11,11,13,13,0.0,0,5,0.002366781234741211,2
76,graficon15nodi/grafo886.15,23,15,15,18,18,0.0,0,20,0.005809783935546875,2
77,graficon12nodi/grafo2359.12,23,12,17,16,21,1.0,3,67,0.014368772506713867,2
78,graficon17nodi/grafo565.17,23,17,17,19,19,0.0,0,7,0.0025548934936523438,2
79,graficon14nodi/grafo642.14,23,14,15,16,17,1.0,1,13,0.020684480667114258,2
80,graficon15nodi/grafo2783.15,23,15,17,19,21,1.0,1,27,0.0061337947845458984,2
81,graficon12nodi/grafo2707.12,23,12,14,16,18,1.0,1,11,0.005513906478881836,2
82,graficon16nodi/grafo2861.16,23,16,15,18,17,1.0,2,25,0.008336782455444336,2
83,graficon16nodi/grafo853.16,23,16,16,16,16,0.0,0,11,0.0030868053436279297,2
84,graficon17nodi/grafo1122.17,23,17,17,19,19,0.0,0,7,0.0021288394927978516,2
85,graficon11nodi/grafo2384.11,23,11,12,15,16,0.0,0,9,0.0016865730285644531,2
86,graficon15nodi/grafo1618.15,23,15,16,19,20,0.0,0,29,0.008009195327758789,2
87,graficon13nodi/grafo325.13,23,13,14,15,16,1.0,1,11,0.003881692886352539,2
88,graficon17nodi/grafo1161.17,23,17,18,19,20,0.0,0,23,0.003928422927856445,2
89,graficon13nodi/grafo510.13,23,13,16,18,21,1.0,1,21,0.009012460708618164,2
90,graficon14nodi/grafo367.14,23,14,14,15,15,0.0,0,11,0.005380868911743164,2
91,graficon13nodi/grafo477.13,23,13,13,15,15,0.0,0,4,0.0018241405487060547,2
92,graficon13nodi/grafo951.13,23,13,17,19,23,0.0,0,45,0.008262872695922852,2
93,graficon11nodi/grafo1734.11,23,11,14,17,20,1.0,2,25,0.020157814025878906,2
94,graficon15nodi/grafo2797.15,23,15,17,15,17,1.0,1,18,0.0042667388916015625,2
95,graficon12nodi/grafo2335.12,23,12,14,19,21,0.0,0,14,0.0038895606994628906,2
96,graficon10nodi/grafo1740.10,23,10,13,17,20,1.0,1,34,0.013079166412353516,2
97,graficon13nodi/grafo1853.13,23,13,15,17,19,1.0,3,47,0.04121708869934082,2
98,graficon16nodi/grafo2142.16,23,16,16,17,17,0.0,0,14,0.004269838333129883,2
99,graficon14nodi/grafo956.14,23,14,15,15,16,1.0,1,13,0.010126352310180664,2
100,graficon15nodi/grafo585.15,23,15,16,19,20,0.0,0,31,0.00754237174987793,2
101,graficon14nodi/grafo2291.14,23,14,14,16,16,1.0,1,24,0.025300979614257812,2
102,graficon14nodi/grafo1658.14,23,14,15,19,20,0.0,0,16,0.004197597503662109,2
103,graficon13nodi/grafo559.13,23,13,15,19,21,0.0,0,17,0.003294229507446289,2
104,graficon15nodi/grafo2377.15,23,15,15,16,16,0.0,0,11,0.0023908615112304688,2
105,graficon14nodi/grafo2189.14,23,14,16,17,19,1.0,1,26,0.007345914840698242,2
106,graficon16nodi/grafo322.16,23,16,15,17,16,0.0,0,9,0.0042231082916259766,2
107,graficon14nodi/grafo2460.14,23,14,14,15,15,0.0,0,9,0.004675149917602539,2
108,graficon16nodi/grafo1177.16,23,16,15,17,16,0.0,0,15,0.0028486251831054688,2
109,graficon13nodi/grafo203.13,23,13,14,15,16,1.0,1,16,0.005694866180419922,2
110,graficon13nodi/grafo387.13,23,13,15,19,21,1.0,1,20,0.008873939514160156,2
111,graficon15nodi/grafo1107.15,23,15,19,19,23,0.0,0,28,0.008391141891479492,2
112,graficon12nodi/grafo576.12,23,12,14,17,19,0.0,0,8,0.0022656917572021484,2
113,graficon12nodi/grafo542.12,23,12,14,17,19,0.0,0,14,0.0025632381439208984,2
114,graficon10nodi/grafo1898.10,23,10,15,16,21,1.0,1,34,0.031339168548583984,2
115,graficon12nodi/grafo543.12,23,12,12,15,15,1.0,1,9,0.0035758018493652344,2
116,graficon14nodi/grafo843.14,23,14,14,15,15,0.0,0,25,0.006891965866088867,2
117,graficon14nodi/grafo1620.14,23,14,15,17,18,0.0,0,16,0.003223896026611328,2
118,graficon14nodi/grafo255.14,23,14,16,16,18,1.0,4,38,0.025589704513549805,2
119,graficon14nodi/grafo899.14,23,14,15,15,16,1.0,1,26,0.023682355880737305,2
120,graficon17nodi/grafo422.17,23,17,17,18,18,0.0,0,29,0.008497238159179688,2
121,graficon13nodi/grafo440.13,23,13,14,18,19,0.0,0,17,0.0036253929138183594,2
122,graficon11nodi/grafo280.11,23,11,12,15,16,0.0,0,21,0.003177165985107422,2
123,graficon15nodi/grafo2331.15,23,15,17,17,19,0.0,0,19,0.0027806758880615234,2
124,graficon11nodi/grafo1006.11,23,11,12,15,16,0.0,0,8,0.002412557601928711,2
125,graficon13nodi/grafo2218.13,23,13,13,16,16,1.0,2,12,0.0214846134185791,2
126,graficon14nodi/grafo3087.14,23,14,14,16,16,0.0,0,13,0.008037328720092773,2
127,graficon16nodi/grafo1069.16,23,16,15,17,16,0.0,0,14,0.003056049346923828,2
128,graficon14nodi/grafo524.14,23,14,15,15,16,0.0,0,13,0.0033283233642578125,2
129,graficon11nodi/grafo1913.11,23,11,14,15,18,0.0,0,15,0.004669666290283203,2
130,graficon14nodi/grafo2919.14,23,14,15,17,18,0.0,0,20,0.006279945373535156,2
131,graficon16nodi/grafo418.16,23,16,18,19,21,0.0,0,34,0.013218402862548828,2
132,graficon13nodi/grafo1935.13,23,13,18,17,22,1.0,1,30,0.024050474166870117,2
133,graficon17nodi/grafo774.17,23,17,18,19,20,1.0,3,57,0.03550553321838379,2
134,graficon16nodi/grafo1029.16,23,16,16,18,18,0.0,0,8,0.0016558170318603516,2
135,graficon12nodi/grafo2663.12,23,12,13,15,16,0.0,0,11,0.002413034439086914,2
136,graficon14nodi/grafo2634.14,23,14,13,15,14,0.0,0,12,0.002671480178833008,2
137,graficon12nodi/grafo2380.12,23,12,12,16,16,0.0,0,10,0.00442957878112793,2
138,graficon17nodi/grafo2146.17,23,17,17,19,19,0.0,0,17,0.0047359466552734375,2
139,graficon14nodi/grafo2900.14,23,14,14,18,18,0.0,0,10,0.004277229309082031,2
140,graficon13nodi/grafo430.13,23,13,14,16,17,0.0,0,10,0.003735065460205078,2
141,graficon10nodi/grafo938.10,23,10,14,19,23,1.0,3,55,0.03800821304321289,2
142,graficon14nodi/grafo1063.14,23,14,15,18,19,0.0,0,11,0.0026667118072509766,2
143,graficon11nodi/grafo2964.11,23,11,12,19,20,0.0,0,12,0.003331422805786133,2
144,graficon13nodi/grafo989.13,23,13,14,18,19,0.0,0,12,0.00395655632019043,2
145,graficon11nodi/grafo822.11,23,11,13,18,20,1.0,1,12,0.00551152229309082,2
146,graficon10nodi/grafo1774.10,23,10,15,16,21,1.0,1,34,0.01385354995727539,2
147,graficon11nodi/grafo900.11,23,11,13,18,20,0.0,0,9,0.002000570297241211,2
148,graficon13nodi/grafo2927.13,23,13,14,19,20,1.0,1,23,1.1288340091705322,2
149,graficon13nodi/grafo2354.13,23,13,16,19,22,1.0,1,26,0.02400994300842285,2
150,graficon13nodi/grafo791.13,23,13,15,19,21,1.0,1,16,0.006463527679443359,2
151,graficon16nodi/grafo1945.16,23,16,17,23,24,1.0,2,30,0.03892660140991211,2
152,graficon17nodi/grafo2644.17,23,17,19,23,25,0.0,0,23,0.006409168243408203,2
153,graficon17nodi/grafo2882.17,23,17,18,24,25,0.0,0,25,0.007131814956665039,2
154,graficon19nodi/grafo794.19,23,19,21,22,24,1.0,1,22,0.012384414672851562,2
155,graficon14nodi/grafo489.14,23,14,15,22,23,1.0,1,15,0.0048906803131103516,2
156,graficon18nodi/grafo1865.18,23,18,20,23,25,0.0,0,30,0.015627622604370117,2
157,graficon15nodi/grafo1970.15,23,15,17,22,24,0.0,0,18,0.005045413970947266,2
158,graficon14nodi/grafo2419.14,23,14,17,24,27,1.0,1,23,0.009593963623046875,2
159,graficon12nodi/grafo2855.12,23,12,17,24,29,1.0,1,26,0.008179664611816406,2
160,graficon13nodi/grafo1729.13,23,13,19,22,28,2.0,7,77,0.04648470878601074,2
161,graficon13nodi/grafo2832.13,23,13,14,23,24,0.0,0,20,0.005155324935913086,2
162,graficon18nodi/grafo1893.18,23,18,18,21,21,0.0,0,14,0.0037403106689453125,2
163,graficon18nodi/grafo1059.18,23,18,18,22,22,0.0,0,10,0.0025632381439208984,2
164,graficon12nodi/grafo2890.12,23,12,14,20,22,0.0,0,18,0.0057735443115234375,2
165,graficon16nodi/grafo2231.16,23,16,20,22,26,1.0,2,33,0.023768186569213867,2
166,graficon20nodi/grafo2767.20,23,20,22,24,26,1.0,1,34,0.012050867080688477,2
167,graficon20nodi/grafo3051.20,23,20,23,24,27,0.0,0,20,0.005738258361816406,2
168,graficon12nodi/grafo638.12,23,12,17,22,27,0.0,0,32,0.012269020080566406,2
169,graficon15nodi/grafo2233.15,23,15,20,23,28,0.0,0,42,0.017034530639648438,2
170,graficon16nodi/grafo275.16,23,16,18,24,26,1.0,1,26,0.007482767105102539,2
171,graficon22nodi/grafo2137.22,23,22,21,24,23,0.0,0,29,0.007654666900634766,2
172,graficon18nodi/grafo314.18,23,18,18,22,22,0.0,0,10,0.002935647964477539,2
173,graficon15nodi/grafo2225.15,23,15,18,23,26,0.0,0,16,0.004335165023803711,2
174,graficon11nodi/grafo1876.11,23,11,19,24,32,2.0,6,41,0.06705975532531738,2
175,graficon13nodi/grafo891.13,23,13,13,20,20,0.0,0,14,0.004984855651855469,2
176,graficon12nodi/grafo2675.12,23,12,14,20,22,0.0,0,18,0.0046901702880859375,2
177,graficon11nodi/grafo1835.11,23,11,15,21,25,0.0,0,18,0.007593631744384766,2
178,graficon23nodi/grafo2357.23,23,23,22,24,23,0.0,0,38,0.012463092803955078,2
179,graficon15nodi/grafo1982.15,23,15,17,24,26,1.0,1,31,0.032060861587524414,2
180,graficon14nodi/grafo378.14,23,14,17,22,25,0.0,0,37,0.010018587112426758,2
181,graficon17nodi/grafo2324.17,23,17,21,23,27,1.0,3,29,0.02574777603149414,2
182,graficon13nodi/grafo964.13,23,13,16,23,26,0.0,0,27,0.008624792098999023,2
183,graficon19nodi/grafo423.19,23,19,21,23,25,0.0,0,30,0.009705066680908203,2
184,graficon13nodi/grafo2204.13,23,13,13,20,20,0.0,0,17,0.006859540939331055,2
185,graficon13nodi/grafo443.13,23,13,15,20,22,1.0,2,16,0.02340531349182129,2
186,graficon20nodi/grafo215.20,23,20,22,24,26,1.0,1,36,0.033390045166015625,2
187,graficon14nodi/grafo1662.14,23,14,20,24,30,1.0,4,27,0.10355567932128906,2
188,graficon20nodi/grafo495.20,23,20,20,24,24,0.0,0,11,0.002805471420288086,2
189,graficon16nodi/grafo2281.16,23,16,21,24,29,1.0,1,49,0.014164209365844727,2
190,graficon11nodi/grafo1054.11,23,11,15,23,27,0.0,0,42,0.009030580520629883,2
191,graficon16nodi/grafo661.16,23,16,17,21,22,1.0,2,14,0.025757789611816406,2
192,graficon12nodi/grafo844.12,23,12,18,20,26,1.0,2,43,0.01372075080871582,2
193,graficon19nodi/grafo1661.19,23,19,21,21,23,1.0,2,21,0.035070180892944336,2
194,graficon18nodi/grafo2186.18,23,18,23,23,28,1.0,3,21,0.008399009704589844,2
195,graficon12nodi/grafo2867.12,23,12,16,22,26,0.0,0,39,0.007411479949951172,2
196,graficon15nodi/grafo1136.15,23,15,17,24,26,0.0,0,20,0.005063533782958984,2
197,graficon20nodi/grafo1651.20,23,20,21,23,24,1.0,1,60,0.040515899658203125,2
198,graficon15nodi/grafo2157.15,23,15,15,20,20,0.0,0,13,0.004441261291503906,2
199,graficon17nodi/grafo1634.17,23,17,18,20,21,1.0,1,49,0.04412698745727539,2
200,graficon16nodi/grafo2440.16,23,16,20,22,26,2.0,4,27,0.055426836013793945,2
201,graficon18nodi/grafo953.18,23,18,18,22,22,0.0,0,10,0.0028235912322998047,2
202,graficon23nodi/grafo1485.23,23,23,22,23,22,0.0,0,26,0.007260560989379883,2
203,graficon13nodi/grafo2620.13,23,13,16,20,23,0.0,0,25,0.0073430538177490234,2
204,graficon17nodi/grafo2680.17,23,17,22,22,27,1.0,2,59,0.014916419982910156,2
205,graficon20nodi/grafo1649.20,23,20,22,24,26,1.0,4,55,0.013474702835083008,2
206,graficon19nodi/grafo1897.19,23,19,20,24,25,0.0,0,47,0.015651226043701172,2
207,graficon13nodi/grafo2645.13,23,13,17,23,27,0.0,0,25,0.009557008743286133,2
208,graficon18nodi/grafo2480.18,23,18,21,22,25,0.0,0,41,0.008457422256469727,2
209,graficon13nodi/grafo2298.13,23,13,14,21,22,0.0,0,14,0.0032379627227783203,2
210,graficon15nodi/grafo739.15,23,15,18,23,26,0.0,0,40,0.010984182357788086,2
211,graficon17nodi/grafo2679.17,23,17,19,21,23,1.0,2,26,0.008427619934082031,2
212,graficon14nodi/grafo2430.14,23,14,15,21,22,0.0,0,16,0.005308389663696289,2
213,graficon15nodi/grafo582.15,23,15,16,22,23,0.0,0,12,0.00579833984375,2
214,graficon11nodi/grafo1619.11,23,11,15,21,25,1.0,3,30,0.025355100631713867,2
215,graficon15nodi/grafo1124.15,23,15,16,23,24,0.0,0,19,0.006661653518676758,2
216,graficon12nodi/grafo1763.12,23,12,21,22,31,1.0,3,56,0.016255855560302734,2
217,graficon17nodi/grafo1094.17,23,17,19,21,23,0.0,0,14,0.004961252212524414,2
218,graficon15nodi/grafo2903.15,23,15,16,20,21,1.0,1,20,0.03633236885070801,2
219,graficon11nodi/grafo1088.11,23,11,17,22,28,0.0,0,49,0.020749330520629883,2
220,graficon17nodi/grafo645.17,23,17,19,21,23,0.0,0,32,0.013794422149658203,2
221,graficon16nodi/grafo2537.16,23,16,19,21,24,0.0,0,21,0.003185272216796875,2
222,graficon15nodi/grafo1030.15,23,15,16,23,24,0.0,0,19,0.007928133010864258,2
223,graficon14nodi/grafo242.14,23,14,16,21,23,0.0,0,21,0.003725290298461914,2
224,graficon17nodi/grafo1009.17,23,17,17,24,24,0.0,0,12,0.003969907760620117,2
225,graficon13nodi/grafo3112.13,23,13,14,20,21,0.0,0,12,0.003418445587158203,2
226,graficon16nodi/grafo1731.16,23,16,19,25,28,0.0,0,27,0.009821891784667969,2
227,graficon16nodi/grafo967.16,23,16,17,26,27,0.0,0,9,0.007218599319458008,2
228,graficon17nodi/grafo1732.17,23,17,20,27,30,0.0,0,34,0.01424098014831543,2
229,graficon20nodi/grafo2272.20,23,20,23,27,30,0.0,0,42,0.014251470565795898,2
230,graficon18nodi/grafo1146.18,23,18,29,29,40,2.0,8,78,0.13315439224243164,2
231,graficon18nodi/grafo2289.18,23,18,20,25,27,0.0,0,31,0.006767988204956055,2
232,graficon16nodi/grafo2420.16,23,16,18,28,30,1.0,1,17,0.00818324089050293,2
233,graficon12nodi/grafo574.12,23,12,19,27,34,1.0,3,35,0.04478025436401367,2
234,graficon21nodi/grafo804.21,23,21,22,28,29,0.0,0,42,0.012847423553466797,2
235,graficon22nodi/grafo694.22,23,22,23,27,28,0.0,0,24,0.010351896286010742,2
236,graficon17nodi/grafo479.17,23,17,23,25,31,3.0,7,93,0.16561222076416016,2
237,graficon18nodi/grafo538.18,23,18,19,25,26,0.0,0,21,0.0062677860260009766,2
238,graficon21nodi/grafo2416.21,23,21,24,29,32,1.0,1,23,0.010052919387817383,2
239,graficon17nodi/grafo2418.17,23,17,20,26,29,1.0,2,30,0.01459193229675293,2
240,graficon24nodi/grafo1463.24,23,24,25,25,26,0.0,0,34,0.007532596588134766,2
241,graficon13nodi/grafo1885.13,23,13,16,25,28,0.0,0,29,0.006328105926513672,2
242,graficon11nodi/grafo1697.11,23,11,17,28,34,1.0,2,25,0.03605198860168457,2
243,graficon15nodi/grafo583.15,23,15,19,25,29,1.0,2,48,0.05901527404785156,2
244,graficon19nodi/grafo2951.19,23,19,24,27,32,1.0,1,35,0.027631759643554688,2
245,graficon14nodi/grafo520.14,23,14,22,29,37,0.0,0,53,0.012949943542480469,2
246,graficon17nodi/grafo2594.17,23,17,21,25,29,1.0,2,57,0.04125261306762695,2
247,graficon18nodi/grafo993.18,23,18,23,28,33,2.0,5,48,0.04012250900268555,2
248,graficon21nodi/grafo127.21,23,21,21,26,26,0.0,0,24,0.007298707962036133,2
249,graficon16nodi/grafo400.16,23,16,17,26,27,0.0,0,9,0.005398750305175781,2
250,graficon17nodi/grafo302.17,23,17,19,28,30,0.0,0,18,0.00695347785949707,2
251,graficon21nodi/grafo158.21,23,21,24,29,32,1.0,1,42,0.04367375373840332,2
252,graficon16nodi/grafo540.16,23,16,17,26,27,0.0,0,9,0.005461931228637695,2
253,graficon13nodi/grafo2303.13,23,13,19,28,34,0.0,0,49,0.012588977813720703,2
254,graficon21nodi/grafo1937.21,23,21,24,26,29,1.0,5,32,0.011007070541381836,2
255,graficon15nodi/grafo778.15,23,15,17,26,28,0.0,0,16,0.0047512054443359375,2
256,graficon15nodi/grafo855.15,23,15,17,25,27,0.0,0,16,0.005234479904174805,2
257,graficon18nodi/grafo1652.18,23,18,20,25,27,0.0,0,24,0.018097639083862305,2
258,graficon13nodi/grafo2659.13,23,13,16,25,28,0.0,0,32,0.011226177215576172,2
259,graficon17nodi/grafo2682.17,23,17,19,26,28,1.0,3,32,0.040904998779296875,2
260,graficon16nodi/grafo1119.16,23,16,22,28,34,1.0,3,57,0.09177827835083008,2
261,graficon14nodi/grafo1870.14,23,14,21,28,35,1.0,4,41,0.03648996353149414,2
262,graficon19nodi/grafo1172.19,23,19,23,26,30,1.0,1,41,0.013256549835205078,2
263,graficon13nodi/grafo511.13,23,13,14,25,26,0.0,0,6,0.0027687549591064453,2
264,graficon18nodi/grafo1648.18,23,18,24,26,32,1.0,5,64,0.027050256729125977,2
265,graficon17nodi/grafo893.17,23,17,21,26,30,0.0,0,77,0.02189183235168457,2
266,graficon17nodi/grafo917.17,23,17,20,28,31,0.0,0,41,0.01137685775756836,2
267,graficon23nodi/grafo2256.23,23,23,26,29,32,0.0,0,32,0.016162872314453125,2
268,graficon18nodi/grafo2556.18,23,18,22,28,32,0.0,0,40,0.016645431518554688,2
269,graficon15nodi/grafo2921.15,23,15,17,27,29,0.0,0,16,0.006647825241088867,2
270,graficon21nodi/grafo1762.21,23,21,25,25,29,2.0,6,69,0.17994046211242676,2
271,graficon21nodi/grafo1064.21,23,21,26,25,30,2.0,9,50,0.0752859115600586,2
272,graficon18nodi/grafo784.18,23,18,23,25,30,1.0,4,59,0.07102704048156738,2
273,graficon16nodi/grafo2236.16,23,16,20,28,32,1.0,1,50,0.016270160675048828,2
274,graficon17nodi/grafo2345.17,23,17,20,26,29,1.0,1,20,0.008508920669555664,2
275,graficon18nodi/grafo2307.18,23,18,23,26,31,1.0,4,43,0.04166769981384277,2
276,graficon17nodi/grafo1056.17,23,17,22,29,34,1.0,1,32,0.03823113441467285,2
277,graficon18nodi/grafo1152.18,23,18,24,28,34,1.0,1,41,0.016405105590820312,2
278,graficon24nodi/grafo3100.24,23,24,28,26,30,1.0,2,52,0.017061233520507812,2
279,graficon16nodi/grafo279.16,23,16,19,27,30,0.0,0,26,0.008132457733154297,2
280,graficon17nodi/grafo2401.17,23,17,31,28,42,6.0,45,244,1.2867927551269531,2
281,graficon16nodi/grafo2302.16,23,16,20,25,29,1.0,2,26,0.03445005416870117,2
282,graficon16nodi/grafo2525.16,23,16,19,26,29,1.0,2,27,0.03495979309082031,2
283,graficon17nodi/grafo2924.17,23,17,22,28,33,1.0,1,70,0.017590045928955078,2
284,graficon22nodi/grafo167.22,23,22,24,29,31,1.0,1,38,0.016055583953857422,2
285,graficon16nodi/grafo2542.16,23,16,21,26,31,1.0,1,42,0.011320352554321289,2
286,graficon16nodi/grafo2636.16,23,16,22,26,32,2.0,8,36,0.058759212493896484,2
287,graficon17nodi/grafo2758.17,23,17,20,26,29,1.0,1,18,0.009150981903076172,2
288,graficon20nodi/grafo2554.20,23,20,22,25,27,1.0,2,18,0.009612321853637695,2
289,graficon25nodi/grafo2775.25,23,25,26,25,26,1.0,3,62,0.049783945083618164,2
290,graficon19nodi/grafo409.19,23,19,22,25,28,1.0,3,63,0.05197596549987793,2
291,graficon16nodi/grafo2326.16,23,16,21,25,30,1.0,1,56,0.017836332321166992,2
292,graficon14nodi/grafo596.14,23,14,16,27,29,0.0,0,13,0.004853963851928711,2
293,graficon20nodi/grafo679.20,23,20,25,29,34,1.0,3,47,0.04694771766662598,2
294,graficon23nodi/grafo188.23,23,23,24,27,28,0.0,0,31,0.007326602935791016,2
295,graficon19nodi/grafo2449.19,23,19,24,25,30,2.0,4,43,0.08243608474731445,2
296,graficon23nodi/grafo1038.23,23,23,24,27,28,1.0,1,17,0.007463932037353516,2
297,graficon17nodi/grafo2177.17,23,17,22,26,31,0.0,0,46,0.015448331832885742,2
298,graficon20nodi/grafo786.20,23,20,23,26,29,1.0,4,65,0.06252622604370117,2
299,graficon17nodi/grafo1875.17,23,17,21,28,32,1.0,1,73,0.04156923294067383,2
300,graficon14nodi/grafo796.14,23,14,19,27,32,1.0,4,61,0.015898942947387695,2
301,graficon21nodi/grafo2119.21,23,21,27,32,38,2.0,7,86,0.1167752742767334,2
302,graficon15nodi/grafo1013.15,23,15,23,31,39,1.0,3,75,0.0558316707611084,2
303,graficon17nodi/grafo415.17,23,17,24,33,40,2.0,6,86,0.14356231689453125,2
304,graficon26nodi/grafo578.26,23,26,27,30,31,1.0,2,48,0.037354230880737305,2
305,graficon25nodi/grafo2077.25,23,25,29,31,35,2.0,10,75,0.14646410942077637,2
306,graficon29nodi/grafo2085.29,23,29,30,33,34,0.0,0,29,0.009982109069824219,2
307,graficon19nodi/grafo1834.19,23,19,23,32,36,0.0,0,28,0.008693933486938477,2
308,graficon24nodi/grafo1830.24,23,24,29,34,39,1.0,1,49,0.04999113082885742,2
309,graficon21nodi/grafo245.21,23,21,22,30,31,1.0,1,21,0.03680729866027832,2
310,graficon21nodi/grafo1645.21,23,21,23,30,32,0.0,0,70,0.018406391143798828,2
311,graficon20nodi/grafo1761.20,23,20,26,31,37,0.0,0,55,0.011444807052612305,2
312,graficon26nodi/grafo1805.26,23,26,31,33,38,2.0,6,38,0.1070852279663086,2
313,graficon18nodi/grafo2744.18,23,18,24,34,40,1.0,4,71,0.059381723403930664,2
314,graficon20nodi/grafo2268.20,23,20,24,32,36,1.0,3,50,0.01787114143371582,2
315,graficon25nodi/grafo2837.25,23,25,27,32,34,0.0,0,47,0.012966156005859375,2
316,graficon21nodi/grafo2833.21,23,21,24,30,33,1.0,2,26,0.03870224952697754,2
317,graficon20nodi/grafo3049.20,23,20,24,33,37,1.0,4,45,0.04105734825134277,2
318,graficon26nodi/grafo1799.26,23,26,30,32,36,1.0,3,68,0.0591428279876709,2
319,graficon17nodi/grafo1403.17,23,17,23,30,36,1.0,2,44,0.018807411193847656,2
320,graficon27nodi/grafo2498.27,23,27,32,34,39,2.0,5,68,0.17118144035339355,2
321,graficon22nodi/grafo2819.22,23,22,25,33,36,0.0,0,20,0.008613824844360352,2
322,graficon16nodi/grafo421.16,23,16,22,33,39,1.0,1,78,0.05134153366088867,2
323,graficon14nodi/grafo1074.14,23,14,19,32,37,1.0,2,35,0.03457379341125488,2
324,graficon24nodi/grafo918.24,23,24,24,32,32,0.0,0,35,0.008758544921875,2
325,graficon18nodi/grafo1780.18,23,18,24,30,36,1.0,1,39,0.01524806022644043,2
326,graficon29nodi/grafo1198.29,23,29,29,31,31,1.0,2,26,0.011376142501831055,2
327,graficon15nodi/grafo2591.15,23,15,23,31,39,1.0,2,57,0.07044267654418945,2
328,graficon19nodi/grafo924.19,23,19,21,32,34,0.0,0,34,0.010945320129394531,2
329,graficon23nodi/grafo835.23,23,23,27,31,35,2.0,7,57,0.08635139465332031,2
330,graficon17nodi/grafo829.17,23,17,21,33,37,0.0,0,51,0.019747018814086914,2
331,graficon16nodi/grafo1635.16,23,16,25,34,43,1.0,2,69,0.0655210018157959,2
332,graficon14nodi/grafo649.14,23,14,24,32,42,2.0,6,95,0.13508892059326172,2
333,graficon18nodi/grafo1824.18,23,18,23,32,37,1.0,1,21,0.01719045639038086,2
334,graficon26nodi/grafo1629.26,23,26,29,30,33,1.0,2,34,0.032182931900024414,2
335,graficon15nodi/grafo1142.15,23,15,24,32,41,1.0,1,91,0.0666806697845459,2
336,graficon22nodi/grafo2410.22,23,22,24,30,32,1.0,1,23,0.01247406005859375,2
337,graficon23nodi/grafo2028.23,23,23,32,32,41,3.0,15,94,0.2365734577178955,2
338,graficon25nodi/grafo1040.25,23,25,32,34,41,3.0,12,110,0.21923828125,2
339,graficon17nodi/grafo2494.17,23,17,20,30,33,1.0,2,25,0.009949684143066406,2
340,graficon21nodi/grafo381.21,23,21,23,31,33,1.0,1,41,0.03723621368408203,2
341,graficon19nodi/grafo2425.19,23,19,23,30,34,1.0,3,56,0.04722094535827637,2
342,graficon26nodi/grafo1230.26,23,26,29,30,33,1.0,2,29,0.041547536849975586,2
343,graficon17nodi/grafo1861.17,23,17,21,34,38,1.0,2,24,0.02931976318359375,2
344,graficon27nodi/grafo1232.27,23,27,31,33,37,2.0,7,118,0.550687313079834,2
345,graficon27nodi/grafo2582.27,23,27,27,34,34,0.0,0,32,0.009119987487792969,2
346,graficon24nodi/grafo2017.24,23,24,28,32,36,1.0,2,57,0.0545656681060791,2
347,graficon32nodi/grafo11636.32,23,32,32,33,33,0.0,0,38,0.005727052688598633,2
348,graficon19nodi/grafo621.19,23,19,27,30,38,2.0,6,74,0.1086432933807373,2
349,graficon16nodi/grafo2023.16,23,16,20,34,38,1.0,2,27,0.03813648223876953,2
350,graficon23nodi/grafo622.23,23,23,25,33,35,1.0,2,56,0.03940773010253906,2
351,graficon19nodi/grafo2135.19,23,19,23,33,37,1.0,2,41,0.0733180046081543,2
352,graficon15nodi/grafo879.15,23,15,20,30,35,0.0,0,46,0.01729559898376465,2
353,graficon22nodi/grafo1012.22,23,22,24,31,33,0.0,0,45,0.016042709350585938,2
354,graficon20nodi/grafo429.20,23,20,28,34,42,2.0,9,81,0.09735822677612305,2
355,graficon26nodi/grafo1269.26,23,26,28,31,33,0.0,0,77,0.029353857040405273,2
356,graficon17nodi/grafo2520.17,23,17,24,32,39,2.0,12,73,0.12498211860656738,2
357,graficon32nodi/grafo10052.32,23,32,33,34,35,0.0,0,36,0.006254911422729492,2
358,graficon20nodi/grafo874.20,23,20,25,34,39,1.0,1,41,0.020308971405029297,2
359,graficon20nodi/grafo1901.20,23,20,26,33,39,1.0,3,119,0.13614821434020996,2
360,graficon22nodi/grafo2456.22,23,22,26,33,37,0.0,0,43,0.017682313919067383,2
361,graficon17nodi/grafo276.17,23,17,20,31,34,1.0,1,21,0.013211250305175781,2
362,graficon25nodi/grafo575.25,23,25,29,34,38,1.0,2,52,0.052530765533447266,2
363,graficon17nodi/grafo517.17,23,17,23,33,39,1.0,2,55,0.031784772872924805,2
364,graficon19nodi/grafo1900.19,23,19,22,31,34,0.0,0,33,0.009171009063720703,2
365,graficon22nodi/grafo1422.22,23,22,22,30,30,0.0,0,37,0.012797832489013672,2
366,graficon25nodi/grafo862.25,23,25,28,33,36,1.0,1,75,0.029939889907836914,2
367,graficon23nodi/grafo545.23,23,23,28,32,37,1.0,2,33,0.012012720108032227,2
368,graficon24nodi/grafo2341.24,23,24,29,34,39,1.0,1,69,0.02336263656616211,2
369,graficon26nodi/grafo1512.26,23,26,30,34,38,1.0,2,65,0.08118987083435059,2
370,graficon18nodi/grafo1626.18,23,18,27,32,41,2.0,11,78,0.06703829765319824,2
371,graficon21nodi/grafo2378.21,23,21,25,31,35,1.0,2,52,0.01783299446105957,2
372,graficon25nodi/grafo2051.25,23,25,26,33,34,0.0,0,17,0.00612950325012207,2
373,graficon32nodi/grafo9919.32,23,32,32,33,33,0.0,0,38,0.005732059478759766,2
374,graficon18nodi/grafo1940.18,23,18,24,31,37,1.0,1,31,0.015088558197021484,2
375,graficon25nodi/grafo1338.25,23,25,26,34,35,0.0,0,37,0.018043041229248047,2
376,graficon33nodi/grafo11170.33,23,33,42,39,48,1.0,2,70,0.054950714111328125,2
377,graficon23nodi/grafo2966.23,23,23,26,36,39,0.0,0,38,0.010429620742797852,2
378,graficon29nodi/grafo1102.29,23,29,29,37,37,0.0,0,29,0.009642839431762695,2
379,graficon26nodi/grafo1340.26,23,26,31,38,43,2.0,4,67,0.09977197647094727,2
380,graficon22nodi/grafo1850.22,23,22,28,38,44,1.0,2,48,0.022980213165283203,2
381,graficon28nodi/grafo2572.28,23,28,34,38,44,1.0,4,75,0.0785684585571289,2
382,graficon17nodi/grafo420.17,23,17,25,37,45,2.0,5,82,0.06687569618225098,2
383,graficon20nodi/grafo2670.20,23,20,28,36,44,2.0,5,47,0.08260774612426758,2
384,graficon26nodi/grafo2766.26,23,26,32,38,44,1.0,2,40,0.050452232360839844,2
385,graficon29nodi/grafo1333.29,23,29,31,38,40,0.0,0,56,0.025472164154052734,2
386,graficon21nodi/grafo1863.21,23,21,26,35,40,2.0,4,69,0.1292707920074463,2
387,graficon27nodi/grafo1623.27,23,27,30,37,40,1.0,1,30,0.0330197811126709,2
388,graficon33nodi/grafo2828.33,23,33,37,38,42,1.0,4,53,0.04791879653930664,2
389,graficon26nodi/grafo2606.26,23,26,32,36,42,1.0,6,120,0.08843731880187988,2
390,graficon19nodi/grafo2371.19,23,19,24,35,40,0.0,0,63,0.01938152313232422,2
391,graficon25nodi/grafo2700.25,23,25,28,36,39,1.0,2,49,0.019076108932495117,2
392,graficon24nodi/grafo2587.24,23,24,28,36,40,1.0,5,63,0.1152193546295166,2
393,graficon15nodi/grafo947.15,23,15,24,39,48,1.0,4,68,0.05826139450073242,2
394,graficon19nodi/grafo2562.19,23,19,28,36,45,1.0,4,64,0.050919532775878906,2
395,graficon32nodi/grafo11456.32,23,32,33,35,36,1.0,1,41,0.033685922622680664,2
396,graficon27nodi/grafo248.27,23,27,33,38,44,1.0,4,76,0.14271068572998047,2
397,graficon22nodi/grafo2676.22,23,22,26,38,42,0.0,0,39,0.014002561569213867,2
398,graficon32nodi/grafo11607.32,23,32,38,39,45,1.0,5,71,0.08589935302734375,2
399,graficon19nodi/grafo2171.19,23,19,23,35,39,1.0,1,45,0.016747713088989258,2
400,graficon19nodi/grafo1666.19,23,19,28,37,46,1.0,1,92,0.08639812469482422,2
401,graficon33nodi/grafo11210.33,23,33,42,39,48,1.0,2,70,0.05516242980957031,2
402,graficon26nodi/grafo2123.26,23,26,28,35,37,1.0,2,82,0.029827117919921875,2
403,graficon26nodi/grafo3056.26,23,26,36,35,45,3.0,21,134,0.24447202682495117,2
404,graficon30nodi/grafo1582.30,23,30,34,35,39,1.0,3,94,0.07492613792419434,2
405,graficon24nodi/grafo1440.24,23,24,32,37,45,2.0,9,113,0.6830928325653076,2
406,graficon33nodi/grafo9903.33,23,33,42,39,48,1.0,2,70,0.055098533630371094,2
407,graficon23nodi/grafo1557.23,23,23,29,37,43,1.0,3,81,0.03793787956237793,2
408,graficon21nodi/grafo1941.21,23,21,26,37,42,1.0,1,46,0.022429704666137695,2
409,graficon13nodi/grafo317.13,23,13,21,38,46,1.0,2,52,0.09691977500915527,2
410,graficon33nodi/grafo154.33,23,33,34,36,37,0.0,0,60,0.012619972229003906,2
411,graficon31nodi/grafo10007.31,23,31,34,35,38,1.0,5,60,0.2021336555480957,2
412,graficon20nodi/grafo1764.20,23,20,25,37,42,1.0,2,54,0.04358506202697754,2
413,graficon31nodi/grafo5484.31,23,31,32,38,39,1.0,2,41,0.04284524917602539,2
414,graficon27nodi/grafo1286.27,23,27,31,36,40,1.0,4,48,0.021683931350708008,2
415,graficon23nodi/grafo2200.23,23,23,29,38,44,1.0,3,56,0.02695631980895996,2
416,graficon24nodi/grafo872.24,23,24,28,37,41,1.0,3,49,0.02082061767578125,2
417,graficon22nodi/grafo605.22,23,22,26,39,43,0.0,0,58,0.027314186096191406,2
418,graficon29nodi/grafo1034.29,23,29,32,38,41,1.0,2,54,0.05769705772399902,2
419,graficon21nodi/grafo2356.21,23,21,27,35,41,1.0,3,35,0.05368542671203613,2
420,graficon33nodi/grafo10134.33,23,33,34,37,38,1.0,1,38,0.04461836814880371,2
421,graficon32nodi/grafo9867.32,23,32,33,35,36,1.0,1,41,0.024786710739135742,2
422,graficon26nodi/grafo753.26,23,26,28,36,38,1.0,2,26,0.0373687744140625,2
423,graficon21nodi/grafo123.21,23,21,25,38,42,1.0,1,41,0.01794576644897461,2
424,graficon25nodi/grafo1360.25,23,25,30,35,40,2.0,8,72,0.10713386535644531,2
425,graficon27nodi/grafo174.27,23,27,28,36,37,1.0,2,59,0.053189754486083984,2
426,graficon20nodi/grafo251.20,23,20,23,36,39,1.0,1,33,0.04677867889404297,2
427,graficon18nodi/grafo2768.18,23,18,23,35,40,1.0,2,29,0.045461416244506836,2
428,graficon36nodi/grafo2402.36,23,36,38,39,41,0.0,0,73,0.02427816390991211,2
429,graficon30nodi/grafo1237.30,23,30,35,39,44,1.0,1,67,0.0651998519897461,2
430,graficon20nodi/grafo2284.20,23,20,30,37,47,2.0,7,67,1.6704604625701904,2
431,graficon17nodi/grafo1160.17,23,17,23,39,45,1.0,2,57,0.05383038520812988,2
432,graficon27nodi/grafo2721.27,23,27,27,37,37,1.0,1,27,0.015511512756347656,2
433,graficon23nodi/grafo2691.23,23,23,31,39,47,1.0,6,97,0.264782190322876,2
434,graficon22nodi/grafo2875.22,23,22,27,38,43,1.0,2,53,0.05975699424743652,2
435,graficon33nodi/grafo11130.33,23,33,42,39,48,1.0,2,70,0.05454134941101074,2
436,graficon18nodi/grafo2805.18,23,18,25,36,43,1.0,5,88,0.04940056800842285,2
437,graficon16nodi/grafo2584.16,23,16,22,39,45,1.0,4,34,0.015313863754272461,2
438,graficon17nodi/grafo597.17,23,17,24,36,43,0.0,0,68,0.020396709442138672,2
439,graficon24nodi/grafo1950.24,23,24,27,39,42,1.0,1,49,0.07006001472473145,2
440,graficon25nodi/grafo2067.25,23,25,28,38,41,1.0,1,28,0.017919540405273438,2
441,graficon15nodi/grafo2448.15,23,15,23,38,46,1.0,3,57,0.05376696586608887,2
442,graficon26nodi/grafo1273.26,23,26,27,36,37,0.0,0,68,0.02180933952331543,2
443,graficon32nodi/grafo11397.32,23,32,33,37,38,0.0,0,34,0.010191917419433594,2
444,graficon33nodi/grafo11023.33,23,33,33,36,36,0.0,0,25,0.005821704864501953,2
445,graficon33nodi/grafo11026.33,23,33,36,39,42,1.0,4,55,0.0590059757232666,2
446,graficon17nodi/grafo945.17,23,17,22,36,41,0.0,0,56,0.01781916618347168,2
447,graficon25nodi/grafo584.25,23,25,29,35,39,2.0,5,103,0.17705488204956055,2
448,graficon12nodi/grafo2426.12,23,12,18,38,44,0.0,0,47,0.01682114601135254,2
449,graficon18nodi/grafo2731.18,23,18,23,35,40,0.0,0,41,0.010138273239135742,2
450,graficon23nodi/grafo2217.23,23,23,29,35,41,2.0,11,55,0.11546492576599121,2
451,graficon26nodi/grafo2108.26,23,26,35,41,50,3.0,15,87,0.2964019775390625,2
452,graficon31nodi/grafo11581.31,23,31,36,42,47,2.0,8,99,0.4743003845214844,2
453,graficon25nodi/grafo1271.25,23,25,30,40,45,1.0,4,73,0.05865740776062012,2
454,graficon31nodi/grafo11454.31,23,31,36,42,47,2.0,8,99,0.45729970932006836,2
455,graficon25nodi/grafo163.25,23,25,37,44,56,4.0,29,202,2.119906187057495,2
456,graficon19nodi/grafo950.19,23,19,23,43,47,0.0,0,37,0.016691207885742188,2
457,graficon30nodi/grafo1252.30,23,30,34,43,47,0.0,0,59,0.019039154052734375,2
458,graficon27nodi/grafo1217.27,23,27,29,42,44,0.0,0,60,0.018798351287841797,2
459,graficon34nodi/grafo11331.34,23,34,41,43,50,1.0,3,56,0.07081437110900879,2
460,graficon20nodi/grafo1873.20,23,20,27,40,47,2.0,6,67,0.14984941482543945,2
461,graficon34nodi/grafo5197.34,23,34,36,43,45,0.0,0,39,0.014895200729370117,2
462,graficon28nodi/grafo1615.28,23,28,35,43,50,2.0,11,117,0.2703371047973633,2
463,graficon27nodi/grafo3039.27,23,27,31,44,48,1.0,1,54,0.020600318908691406,2
464,graficon37nodi/grafo2519.37,23,37,39,44,46,0.0,0,95,0.10051894187927246,2
465,graficon27nodi/grafo2037.27,23,27,31,42,46,1.0,2,80,0.13052940368652344,2
466,graficon20nodi/grafo1757.20,23,20,25,41,46,1.0,2,47,0.04836893081665039,2
467,graficon23nodi/grafo551.23,23,23,29,43,49,0.0,0,68,0.026358366012573242,2
468,graficon32nodi/grafo10795.32,23,32,35,43,46,1.0,1,90,0.08450436592102051,2
469,graficon33nodi/grafo5994.33,23,33,36,42,45,0.0,0,51,0.021688461303710938,2
470,graficon23nodi/grafo2712.23,23,23,30,40,47,1.0,1,65,0.05847525596618652,2
471,graficon22nodi/grafo1894.22,23,22,30,40,48,1.0,8,93,0.0553898811340332,2
472,graficon28nodi/grafo1190.28,23,28,31,43,46,1.0,4,92,0.09430193901062012,2
473,graficon32nodi/grafo1455.32,23,32,38,43,49,1.0,3,101,0.09720635414123535,2
474,graficon18nodi/grafo1086.18,23,18,26,41,49,1.0,2,75,0.0388486385345459,2
475,graficon34nodi/grafo9918.34,23,34,34,43,43,0.0,0,20,0.0059168338775634766,2
476,graficon32nodi/grafo1226.32,23,32,34,43,45,1.0,2,58,0.06022810935974121,2
477,graficon35nodi/grafo7133.35,23,35,38,43,46,1.0,4,61,0.12717223167419434,2
478,graficon34nodi/grafo11544.34,23,34,34,43,43,0.0,0,20,0.0058879852294921875,2
479,graficon14nodi/grafo2738.14,23,14,23,40,49,1.0,2,67,0.029729127883911133,2
480,graficon27nodi/grafo2958.27,23,27,32,42,47,0.0,0,48,0.029384136199951172,2
481,graficon31nodi/grafo3686.31,23,31,36,42,47,2.0,8,99,0.4600069522857666,2
482,graficon14nodi/grafo701.14,23,14,20,42,48,1.0,1,43,0.018775224685668945,2
483,graficon33nodi/grafo9921.33,23,33,36,43,46,1.0,1,45,0.033760786056518555,2
484,graficon27nodi/grafo2876.27,23,27,32,41,46,1.0,3,82,0.06864023208618164,2
485,graficon25nodi/grafo1234.25,23,25,33,42,50,1.0,2,101,0.13486099243164062,2
486,graficon26nodi/grafo1285.26,23,26,30,42,46,1.0,2,39,0.03890848159790039,2
487,graficon30nodi/grafo2365.30,23,30,34,40,44,2.0,6,81,0.5782516002655029,2
488,graficon26nodi/grafo798.26,23,26,32,41,47,1.0,7,68,0.197662353515625,2
489,graficon21nodi/grafo1682.21,23,21,41,43,63,6.0,43,185,126.7797520160675,2
490,graficon32nodi/grafo5244.32,23,32,38,42,48,0.0,0,36,0.016973495483398438,2
491,graficon23nodi/grafo2854.23,23,23,29,44,50,1.0,4,43,0.16130709648132324,2
492,graficon32nodi/grafo1053.32,23,32,41,43,52,2.0,9,171,0.265117883682251,2
493,graficon21nodi/grafo2756.21,23,21,26,40,45,1.0,3,43,0.044286251068115234,2
494,graficon22nodi/grafo1503.22,23,22,26,44,48,0.0,0,35,0.0175325870513916,2
495,graficon22nodi/grafo2370.22,23,22,28,41,47,1.0,1,37,0.05033445358276367,2
496,graficon23nodi/grafo2769.23,23,23,27,44,48,1.0,4,47,0.05596280097961426,2
497,graficon28nodi/grafo124.28,23,28,29,41,42,1.0,2,39,0.013575315475463867,2
498,graficon31nodi/grafo9916.31,23,31,36,42,47,2.0,8,99,0.45929598808288574,2
499,graficon33nodi/grafo11631.33,23,33,43,41,51,1.0,3,73,0.08888053894042969,2
500,graficon30nodi/grafo1256.30,23,30,33,40,43,0.0,0,53,0.024337053298950195,2
501,graficon32nodi/grafo10231.32,23,32,35,43,46,0.0,0,50,0.012928247451782227,2
502,graficon34nodi/grafo11277.34,23,34,35,41,42,0.0,0,33,0.008524656295776367,2
503,graficon34nodi/grafo2464.34,23,34,38,44,48,1.0,7,96,0.36106061935424805,2
504,graficon27nodi/grafo1199.27,23,27,30,40,43,0.0,0,24,0.006190776824951172,2
505,graficon25nodi/grafo1614.25,23,25,27,41,43,1.0,1,69,0.02823805809020996,2
506,graficon29nodi/grafo1376.29,23,29,34,42,47,1.0,4,99,0.07178258895874023,2
507,graficon35nodi/grafo3480.35,23,35,35,44,44,0.0,0,80,0.023217201232910156,2
508,graficon29nodi/grafo1587.29,23,29,35,42,48,1.0,1,109,0.12172675132751465,2
509,graficon34nodi/grafo6050.34,23,34,41,43,50,2.0,4,55,0.05728554725646973,2
510,graficon25nodi/grafo2755.25,23,25,32,42,49,1.0,7,65,0.13984131813049316,2
511,graficon23nodi/grafo2853.23,23,23,34,40,51,3.0,19,106,1.0212688446044922,2
512,graficon34nodi/grafo10281.34,23,34,41,42,49,1.0,2,64,0.08212780952453613,2
513,graficon34nodi/grafo11630.34,23,34,40,44,50,1.0,1,92,0.040880441665649414,2
514,graficon28nodi/grafo2436.28,23,28,37,44,53,2.0,9,130,0.6005303859710693,2
515,graficon34nodi/grafo9878.34,23,34,39,41,46,1.0,2,61,0.058176517486572266,2
516,graficon32nodi/grafo3901.32,23,32,38,42,48,1.0,3,90,0.14890766143798828,2
517,graficon35nodi/grafo11455.35,23,35,35,42,42,0.0,0,46,0.015379190444946289,2
518,graficon28nodi/grafo296.28,23,28,36,43,51,2.0,15,114,0.19418764114379883,2
519,graficon25nodi/grafo1251.25,23,25,26,40,41,0.0,0,28,0.01068258285522461,2
520,graficon34nodi/grafo11319.34,23,34,40,42,48,2.0,4,84,0.2803943157196045,2
521,graficon34nodi/grafo11660.34,23,34,36,43,45,1.0,1,94,0.1174156665802002,2
522,graficon31nodi/grafo2394.31,23,31,36,43,48,2.0,9,117,0.3932619094848633,2
523,graficon26nodi/grafo1218.26,23,26,28,42,44,0.0,0,62,0.029848337173461914,2
524,graficon37nodi/grafo6342.37,23,37,42,44,49,2.0,11,100,0.588184118270874,2
525,graficon28nodi/grafo1311.28,23,28,34,42,48,2.0,7,80,0.19977021217346191,2
526,graficon19nodi/grafo1826.19,23,19,27,46,54,2.0,3,71,0.2727320194244385,2
527,graficon14nodi/grafo1951.14,23,14,25,46,57,1.0,4,74,0.07606077194213867,2
528,graficon37nodi/grafo3547.37,23,37,38,49,50,0.0,0,35,0.019097566604614258,2
529,graficon34nodi/grafo11207.34,23,34,38,48,52,2.0,5,64,0.07920956611633301,2
530,graficon31nodi/grafo10887.31,23,31,36,46,51,0.0,0,49,0.02086949348449707,2
531,graficon32nodi/grafo1255.32,23,32,37,46,51,1.0,2,58,0.03409099578857422,2
532,graficon28nodi/grafo1840.28,23,28,34,48,54,1.0,5,62,0.08603048324584961,2
533,graficon21nodi/grafo630.21,23,21,28,45,52,1.0,1,47,0.03179502487182617,2
534,graficon26nodi/grafo3044.26,23,26,34,48,56,1.0,3,81,0.1809537410736084,2
535,graficon23nodi/grafo1806.23,23,23,28,48,53,0.0,0,45,0.029130220413208008,2
536,graficon31nodi/grafo10458.31,23,31,36,46,51,0.0,0,49,0.021378278732299805,2
537,graficon35nodi/grafo10620.35,23,35,41,46,52,1.0,4,103,0.19692659378051758,2
538,graficon22nodi/grafo249.22,23,22,31,46,55,1.0,4,91,0.19810962677001953,2
539,graficon32nodi/grafo745.32,23,32,36,45,49,0.0,0,86,0.03190898895263672,2
540,graficon35nodi/grafo5759.35,23,35,39,45,49,1.0,1,32,0.014701366424560547,2
541,graficon33nodi/grafo11516.33,23,33,42,45,54,1.0,4,59,0.12578105926513672,2
542,graficon25nodi/grafo2437.25,23,25,30,48,53,1.0,1,38,0.019127607345581055,2
543,graficon31nodi/grafo1301.31,23,31,40,47,56,2.0,13,126,0.6084365844726562,2
544,graficon38nodi/grafo3332.38,23,38,43,45,50,2.0,2,157,0.291414737701416,2
545,graficon22nodi/grafo2748.22,23,22,29,45,52,0.0,0,83,0.035520076751708984,2
546,graficon27nodi/grafo1253.27,23,27,32,45,50,1.0,2,117,0.10194134712219238,2
547,graficon36nodi/grafo3862.36,23,36,41,46,51,1.0,5,67,0.0648646354675293,2
548,graficon28nodi/grafo1202.28,23,28,36,45,53,1.0,5,87,0.15141749382019043,2
549,graficon37nodi/grafo5957.37,23,37,39,48,50,0.0,0,142,0.04566550254821777,2
550,graficon38nodi/grafo6734.38,23,38,41,45,48,1.0,1,96,0.20862507820129395,2
551,graficon36nodi/grafo5561.36,23,36,38,47,49,0.0,0,36,0.010659933090209961,2
552,graficon31nodi/grafo10011.31,23,31,36,46,51,0.0,0,49,0.019995927810668945,2
553,graficon36nodi/grafo6066.36,23,36,39,48,51,0.0,0,80,0.037109375,2
554,graficon31nodi/grafo1362.31,23,31,37,45,51,1.0,1,76,0.10045862197875977,2
555,graficon27nodi/grafo1200.27,23,27,36,46,55,0.0,0,113,0.054891109466552734,2
556,graficon39nodi/grafo6087.39,23,39,46,48,55,2.0,15,70,0.3064417839050293,2
557,graficon33nodi/grafo5247.33,23,33,38,46,51,0.0,0,33,0.010224103927612305,2
558,graficon36nodi/grafo6811.36,23,36,44,48,56,1.0,2,56,0.03748774528503418,2
559,graficon23nodi/grafo1798.23,23,23,31,48,56,1.0,3,90,0.08357620239257812,2
560,graficon27nodi/grafo2275.27,23,27,32,46,51,1.0,2,78,0.1148524284362793,2
561,graficon26nodi/grafo2981.26,23,26,36,45,55,2.0,13,145,0.26662731170654297,2
562,graficon36nodi/grafo3414.36,23,36,39,46,49,1.0,3,50,0.10355663299560547,2
563,graficon19nodi/grafo2428.19,23,19,23,45,49,1.0,1,33,0.017134666442871094,2
564,graficon35nodi/grafo10085.35,23,35,41,46,52,2.0,8,90,0.6739330291748047,2
565,graficon32nodi/grafo1379.32,23,32,39,48,55,2.0,6,87,0.18600249290466309,2
566,graficon26nodi/grafo173.26,23,26,31,46,51,1.0,4,68,0.03829336166381836,2
567,graficon38nodi/grafo5236.38,23,38,43,49,54,1.0,4,49,0.027114152908325195,2
568,graficon26nodi/grafo2399.26,23,26,31,46,51,1.0,2,80,0.09840583801269531,2
569,graficon31nodi/grafo11421.31,23,31,37,46,52,2.0,6,98,0.4699215888977051,2
570,graficon40nodi/grafo7698.40,23,40,47,49,56,1.0,1,118,0.11897635459899902,2
571,graficon35nodi/grafo1925.35,23,35,36,48,49,0.0,0,71,0.03360152244567871,2
572,graficon25nodi/grafo1319.25,23,25,31,47,53,1.0,4,94,0.15068769454956055,2
573,graficon26nodi/grafo2999.26,23,26,30,45,49,1.0,2,46,0.052640676498413086,2
574,graficon21nodi/grafo1632.21,23,21,26,48,53,0.0,0,35,0.015511035919189453,2
575,graficon32nodi/grafo9975.32,23,32,39,48,55,1.0,4,117,0.2779045104980469,2
576,graficon33nodi/grafo5182.33,23,33,38,49,54,0.0,0,66,0.035652875900268555,2
577,graficon32nodi/grafo11121.32,23,32,40,47,55,1.0,5,86,0.17206811904907227,2
578,graficon35nodi/grafo6642.35,23,35,42,49,56,2.0,6,90,0.16324424743652344,2
579,graficon28nodi/grafo932.28,23,28,35,45,52,1.0,2,76,0.1046457290649414,2
580,graficon34nodi/grafo2578.34,23,34,36,48,50,1.0,2,53,0.06736564636230469,2
581,graficon33nodi/grafo11538.33,23,33,38,47,52,1.0,3,76,0.1252429485321045,2
582,graficon33nodi/grafo10562.33,23,33,39,48,54,1.0,4,104,0.13731074333190918,2
583,graficon35nodi/grafo2815.35,23,35,43,47,55,2.0,12,93,0.664445161819458,2
584,graficon18nodi/grafo374.18,23,18,25,46,53,0.0,0,59,0.029917240142822266,2
585,graficon34nodi/grafo5148.34,23,34,37,47,50,1.0,2,79,0.03498268127441406,2
586,graficon35nodi/grafo11567.35,23,35,43,45,53,1.0,1,83,0.07854175567626953,2
587,graficon31nodi/grafo1115.31,23,31,43,45,57,2.0,12,235,0.5891871452331543,2
588,graficon34nodi/grafo2363.34,23,34,39,48,53,1.0,4,70,0.12726306915283203,2
589,graficon33nodi/grafo11375.33,23,33,39,48,54,1.0,4,90,0.17032766342163086,2
590,graficon36nodi/grafo5879.36,23,36,42,46,52,2.0,6,110,0.09284424781799316,2
591,graficon35nodi/grafo5820.35,23,35,38,45,48,1.0,1,52,0.03511166572570801,2
592,graficon17nodi/grafo678.17,23,17,25,48,56,1.0,2,49,0.03548002243041992,2
593,graficon32nodi/grafo9954.32,23,32,34,46,48,1.0,1,31,0.011333942413330078,2
594,graficon35nodi/grafo5966.35,23,35,45,47,57,3.0,12,91,0.23914861679077148,2
595,graficon35nodi/grafo5522.35,23,35,40,46,51,2.0,7,103,0.3396468162536621,2
596,graficon22nodi/grafo2807.22,23,22,27,46,51,1.0,2,34,0.04552936553955078,2
597,graficon32nodi/grafo3106.32,23,32,38,48,54,1.0,3,95,0.14793848991394043,2
598,graficon36nodi/grafo5667.36,23,36,40,46,50,0.0,0,47,0.017949581146240234,2
599,graficon31nodi/grafo2262.31,23,31,40,47,56,2.0,4,109,0.3894031047821045,2
600,graficon33nodi/grafo10456.33,23,33,38,48,53,1.0,4,56,0.11670303344726562,2
601,graficon33nodi/grafo1915.33,23,33,44,54,65,1.0,2,155,0.3872795104980469,2
602,graficon36nodi/grafo3304.36,23,36,47,53,64,3.0,26,187,3.2361512184143066,2
603,graficon36nodi/grafo11296.36,23,36,44,50,58,3.0,28,156,0.611809253692627,2
604,graficon37nodi/grafo3729.37,23,37,45,54,62,1.0,3,105,0.24541759490966797,2
605,graficon36nodi/grafo2212.36,23,36,41,54,59,1.0,2,97,0.1284494400024414,2
606,graficon31nodi/grafo1989.31,23,31,33,54,56,0.0,0,48,0.026932954788208008,2
607,graficon35nodi/grafo10658.35,23,35,41,50,56,1.0,4,89,0.14018964767456055,2
608,graficon39nodi/grafo5309.39,23,39,46,54,61,1.0,6,154,0.636322021484375,2
609,graficon34nodi/grafo5495.34,23,34,43,53,62,2.0,10,76,0.6004266738891602,2
610,graficon37nodi/grafo3433.37,23,37,42,54,59,1.0,5,98,0.1353759765625,2
611,graficon34nodi/grafo9882.34,23,34,39,50,55,0.0,0,72,0.032238006591796875,2
612,graficon22nodi/grafo1154.22,23,22,28,50,56,1.0,3,65,0.0865325927734375,2
613,graficon22nodi/grafo1715.22,23,22,34,54,66,1.0,3,133,0.5678129196166992,2
614,graficon36nodi/grafo3282.36,23,36,40,54,58,1.0,3,80,0.11524415016174316,2
615,graficon36nodi/grafo3153.36,23,36,43,53,60,1.0,2,81,0.14036250114440918,2
616,graficon34nodi/grafo4029.34,23,34,40,50,56,1.0,9,83,0.19925856590270996,2
617,graficon32nodi/grafo1784.32,23,32,36,52,56,1.0,3,51,0.06411409378051758,2
618,graficon33nodi/grafo2397.33,23,33,39,50,56,2.0,7,78,0.7096099853515625,2
619,graficon39nodi/grafo7363.39,23,39,43,51,55,1.0,5,152,0.3188779354095459,2
620,graficon34nodi/grafo11241.34,23,34,39,50,55,0.0,0,72,0.03236794471740723,2
621,graficon31nodi/grafo1689.31,23,31,34,53,56,0.0,0,57,0.0216829776763916,2
622,graficon39nodi/grafo6808.39,23,39,45,51,57,2.0,10,92,0.46964025497436523,2
623,graficon24nodi/grafo522.24,23,24,30,51,57,2.0,5,105,0.18616390228271484,2
624,graficon25nodi/grafo2016.25,23,25,33,50,58,1.0,3,71,0.12282228469848633,2
625,graficon24nodi/grafo1667.24,23,24,29,50,55,1.0,1,43,0.02065134048461914,2
626,graficon40nodi/grafo5346.40,23,40,44,52,56,1.0,7,82,0.1967334747314453,2
627,graficon34nodi/grafo11531.34,23,34,37,50,53,1.0,1,62,0.08510994911193848,2
628,graficon23nodi/grafo1974.23,23,23,27,54,58,1.0,2,66,0.07653641700744629,2
629,graficon30nodi/grafo1183.30,23,30,39,50,59,2.0,6,106,0.9865036010742188,2
630,graficon35nodi/grafo7366.35,23,35,43,51,59,1.0,1,95,0.07704901695251465,2
631,graficon33nodi/grafo9869.33,23,33,38,50,55,1.0,2,49,0.076507568359375,2
632,graficon38nodi/grafo3247.38,23,38,43,50,55,1.0,3,90,0.18813753128051758,2
633,graficon36nodi/grafo5319.36,23,36,44,53,61,1.0,2,158,0.291060209274292,2
634,graficon30nodi/grafo11384.30,23,30,34,50,54,1.0,4,54,0.06772708892822266,2
635,graficon38nodi/grafo3966.38,23,38,42,54,58,1.0,4,83,0.12358999252319336,2
636,graficon32nodi/grafo3012.32,23,32,38,54,60,1.0,3,136,0.22115135192871094,2
637,graficon33nodi/grafo1174.33,23,33,41,53,61,2.0,8,110,0.39021897315979004,2
638,graficon35nodi/grafo11415.35,23,35,43,52,60,1.0,6,101,0.10208845138549805,2
639,graficon36nodi/grafo10746.36,23,36,42,54,60,0.0,0,81,0.030678749084472656,2
640,graficon38nodi/grafo6579.38,23,38,49,54,65,2.0,8,118,0.7225401401519775,2
641,graficon32nodi/grafo10058.32,23,32,40,51,59,1.0,3,76,0.09301376342773438,2
642,graficon34nodi/grafo11614.34,23,34,39,50,55,0.0,0,72,0.03249931335449219,2
643,graficon38nodi/grafo6106.38,23,38,47,53,62,2.0,15,133,1.0242865085601807,2
644,graficon26nodi/grafo309.26,23,26,36,54,64,2.0,10,136,0.3615584373474121,2
645,graficon34nodi/grafo10483.34,23,34,45,50,61,2.0,10,84,0.8144490718841553,2
646,graficon34nodi/grafo3023.34,23,34,42,54,62,1.0,2,97,0.10147953033447266,2
647,graficon35nodi/grafo11423.35,23,35,42,54,61,1.0,5,93,0.1498267650604248,2
648,graficon26nodi/grafo1952.26,23,26,31,54,59,1.0,3,68,0.08004188537597656,2
649,graficon38nodi/grafo5993.38,23,38,44,53,59,1.0,5,82,0.07997369766235352,2
650,graficon17nodi/grafo2227.17,23,17,25,50,58,1.0,2,70,0.11384224891662598,2
651,graficon34nodi/grafo2082.34,23,34,38,54,58,0.0,0,43,0.02315521240234375,2
652,graficon27nodi/grafo1746.27,23,27,38,52,63,2.0,4,111,0.15690255165100098,2
653,graficon33nodi/grafo3214.33,23,33,44,52,63,2.0,16,127,0.45900583267211914,2
654,graficon28nodi/grafo3060.28,23,28,36,51,59,1.0,4,60,0.06300020217895508,2
655,graficon24nodi/grafo1158.24,23,24,34,52,62,1.0,6,142,0.3102447986602783,2
656,graficon33nodi/grafo11638.33,23,33,38,53,58,1.0,2,88,0.10390186309814453,2
657,graficon35nodi/grafo7548.35,23,35,42,54,61,1.0,2,96,0.1566469669342041,2
658,graficon34nodi/grafo5827.34,23,34,40,51,57,1.0,3,96,0.16860723495483398,2
659,graficon34nodi/grafo5485.34,23,34,43,52,61,2.0,10,82,0.3100626468658447,2
660,graficon35nodi/grafo6897.35,23,35,47,52,64,2.0,10,117,0.545891284942627,2
661,graficon34nodi/grafo5498.34,23,34,41,54,61,1.0,4,107,0.34088587760925293,2
662,graficon34nodi/grafo5856.34,23,34,41,50,57,1.0,4,74,0.10618042945861816,2
663,graficon40nodi/grafo4073.40,23,40,42,51,53,1.0,3,156,0.454852819442749,2
664,graficon36nodi/grafo10619.36,23,36,41,51,56,1.0,2,89,0.039366722106933594,2
665,graficon42nodi/grafo7119.42,23,42,46,50,54,1.0,2,115,0.17340850830078125,2
666,graficon36nodi/grafo11525.36,23,36,45,53,62,2.0,8,79,0.6058070659637451,2
667,graficon35nodi/grafo11234.35,23,35,35,51,51,0.0,0,23,0.008548498153686523,2
668,graficon24nodi/grafo2787.24,23,24,35,51,62,2.0,10,86,0.600348711013794,2
669,graficon40nodi/grafo3874.40,23,40,46,50,56,1.0,4,155,0.35118603706359863,2
670,graficon28nodi/grafo1569.28,23,28,36,53,61,1.0,1,86,0.12711572647094727,2
671,graficon35nodi/grafo2098.35,23,35,42,50,57,1.0,5,58,0.062174320220947266,2
672,graficon34nodi/grafo2031.34,23,34,42,53,61,1.0,4,115,0.18833041191101074,2
673,graficon30nodi/grafo11667.30,23,30,34,52,56,0.0,0,33,0.020583152770996094,2
674,graficon30nodi/grafo1345.30,23,30,44,50,64,3.0,19,275,19.412577152252197,2
675,graficon29nodi/grafo2054.29,23,29,35,50,56,1.0,2,40,0.04682612419128418,2
676,graficon41nodi/grafo4004.41,23,41,48,57,64,1.0,6,71,0.2131516933441162,2
677,graficon37nodi/grafo2224.37,23,37,45,58,66,2.0,20,142,1.3990907669067383,2
678,graficon34nodi/grafo6076.34,23,34,44,56,66,1.0,3,121,0.05672955513000488,2
679,graficon40nodi/grafo5714.40,23,40,52,59,71,3.0,20,202,3.4466004371643066,2
680,graficon38nodi/grafo9968.38,23,38,44,55,61,1.0,1,60,0.08725810050964355,2
681,graficon28nodi/grafo1201.28,23,28,38,58,68,2.0,6,106,0.5210413932800293,2
682,graficon35nodi/grafo10708.35,23,35,46,55,66,3.0,22,185,1.6374328136444092,2
683,graficon21nodi/grafo433.21,23,21,28,55,62,1.0,5,66,0.11675190925598145,2
684,graficon34nodi/grafo5143.34,23,34,40,57,63,1.0,2,45,0.015748977661132812,2
685,graficon36nodi/grafo11677.36,23,36,49,56,69,2.0,13,117,0.5116770267486572,2
686,graficon37nodi/grafo3125.37,23,37,42,58,63,1.0,4,47,0.0676264762878418,2
687,graficon37nodi/grafo7307.37,23,37,47,55,65,1.0,3,75,0.08634614944458008,2
688,graficon37nodi/grafo6450.37,23,37,46,57,66,1.0,7,79,0.35767388343811035,2
689,graficon39nodi/grafo3679.39,23,39,43,56,60,2.0,5,88,0.4388909339904785,2
690,graficon38nodi/grafo6656.38,23,38,46,57,65,1.0,3,128,0.27646851539611816,2
691,graficon34nodi/grafo11409.34,23,34,35,56,57,1.0,2,40,0.022939205169677734,2
692,graficon38nodi/grafo6939.38,23,38,51,57,70,2.0,20,144,0.3810901641845703,2
693,graficon33nodi/grafo2687.33,23,33,46,56,69,2.0,19,230,1.699897289276123,2
694,graficon38nodi/grafo3351.38,23,38,46,55,63,2.0,10,106,0.19967174530029297,2
695,graficon37nodi/grafo7087.37,23,37,44,59,66,1.0,3,74,0.14084339141845703,2
696,graficon36nodi/grafo11468.36,23,36,47,58,69,3.0,26,173,2.0281708240509033,2
697,graficon31nodi/grafo1946.31,23,31,38,59,66,1.0,3,57,0.10201144218444824,2
698,graficon32nodi/grafo1908.32,23,32,39,55,62,1.0,5,71,0.13610363006591797,2
699,graficon40nodi/grafo3255.40,23,40,46,56,62,2.0,11,95,0.3904757499694824,2
700,graficon37nodi/grafo5301.37,23,37,44,58,65,1.0,3,74,0.22509527206420898,2
701,graficon35nodi/grafo5613.35,23,35,46,57,68,2.0,15,187,0.21889543533325195,2
702,graficon35nodi/grafo2990.35,23,35,48,59,72,2.0,22,144,1.904738426208496,2
703,graficon43nodi/grafo6878.43,23,43,48,56,61,1.0,5,75,0.27465391159057617,2
704,graficon27nodi/grafo1390.27,23,27,39,57,69,2.0,15,134,1.00917649269104,2
705,graficon36nodi/grafo6227.36,23,36,46,59,69,1.0,13,132,0.6504554748535156,2
706,graficon39nodi/grafo3830.39,23,39,50,58,69,2.0,8,163,0.6791272163391113,2
707,graficon37nodi/grafo6796.37,23,37,49,57,69,2.0,11,164,2.9178049564361572,2
708,graficon33nodi/grafo5872.33,23,33,39,57,63,1.0,3,45,0.08859395980834961,2
709,graficon36nodi/grafo6071.36,23,36,43,59,66,1.0,4,61,0.0894629955291748,2
710,graficon36nodi/grafo2465.36,23,36,44,58,66,2.0,9,141,0.8673524856567383,2
711,graficon38nodi/grafo7362.38,23,38,44,59,65,1.0,6,77,0.23027825355529785,2
712,graficon38nodi/grafo7290.38,23,38,47,58,67,2.0,11,155,1.7103443145751953,2
713,graficon42nodi/grafo3239.42,23,42,48,56,62,1.0,4,147,0.49349427223205566,2
714,graficon44nodi/grafo3040.44,23,44,50,59,65,1.0,5,99,0.26006197929382324,2
715,graficon39nodi/grafo11577.39,23,39,49,55,65,2.0,15,130,1.093306541442871,2
716,graficon40nodi/grafo4081.40,23,40,46,56,62,2.0,22,182,2.1198549270629883,2
717,graficon42nodi/grafo6381.42,23,42,50,59,67,1.0,7,96,0.14008045196533203,2
718,graficon41nodi/grafo10067.41,23,41,47,58,64,1.0,4,80,0.10517597198486328,2
719,graficon37nodi/grafo11622.37,23,37,49,59,71,1.0,5,81,0.1367185115814209,2
720,graficon32nodi/grafo1992.32,23,32,36,57,61,1.0,2,67,0.0690152645111084,2
721,graficon38nodi/grafo6467.38,23,38,43,59,64,1.0,2,69,0.1309642791748047,2
722,graficon40nodi/grafo6922.40,23,40,47,59,66,2.0,7,100,0.7784135341644287,2
723,graficon34nodi/grafo5303.34,23,34,44,59,69,1.0,2,90,0.18465662002563477,2
724,graficon34nodi/grafo11396.34,23,34,35,55,56,0.0,0,32,0.011386394500732422,2
725,graficon39nodi/grafo5122.39,23,39,51,59,71,3.0,20,225,67.93261861801147,2
726,graficon42nodi/grafo6223.42,23,42,45,59,62,1.0,2,69,0.11496996879577637,2
727,graficon40nodi/grafo2627.40,23,40,49,56,65,1.0,8,126,0.4931070804595947,2
728,graficon41nodi/grafo6876.41,23,41,50,58,67,1.0,6,96,0.2222580909729004,2
729,graficon35nodi/grafo11548.35,23,35,46,55,66,3.0,22,185,1.5773918628692627,2
730,graficon31nodi/grafo1637.31,23,31,41,56,66,2.0,15,116,1.0031709671020508,2
731,graficon38nodi/grafo3437.38,23,38,45,57,64,2.0,10,108,0.9137604236602783,2
732,graficon35nodi/grafo10135.35,23,35,43,55,63,2.0,14,119,0.55391526222229,2
733,graficon38nodi/grafo2960.38,23,38,48,56,66,3.0,14,122,4.634829998016357,2
734,graficon35nodi/grafo3720.35,23,35,46,59,70,1.0,9,121,1.3373022079467773,2
735,graficon36nodi/grafo6233.36,23,36,47,56,67,2.0,16,99,0.9792275428771973,2
736,graficon24nodi/grafo1966.24,23,24,34,58,68,1.0,3,88,0.15729999542236328,2
737,graficon38nodi/grafo3681.38,23,38,48,56,66,1.0,8,155,0.670961856842041,2
738,graficon36nodi/grafo5970.36,23,36,46,57,67,2.0,15,152,1.5746662616729736,2
739,graficon26nodi/grafo1272.26,23,26,34,56,64,1.0,1,96,0.13911056518554688,2
740,graficon32nodi/grafo2968.32,23,32,41,55,64,2.0,9,125,0.3018019199371338,2
741,graficon34nodi/grafo5917.34,23,34,41,58,65,2.0,2,65,0.13782644271850586,2
742,graficon35nodi/grafo11344.35,23,35,40,55,60,1.0,3,71,0.10042548179626465,2
743,graficon47nodi/grafo1531.47,23,47,54,58,65,1.0,3,177,0.2699153423309326,2
744,graficon36nodi/grafo5264.36,23,36,41,59,64,0.0,0,71,0.024732112884521484,2
745,graficon36nodi/grafo7306.36,23,36,48,55,67,4.0,39,247,600.4781231880188,9
746,graficon34nodi/grafo3124.34,23,34,43,56,65,2.0,9,113,0.6743993759155273,2
747,graficon35nodi/grafo11633.35,23,35,46,56,67,2.0,7,128,7.266774892807007,2
748,graficon40nodi/grafo6115.40,23,40,46,57,63,2.0,10,88,0.12464189529418945,2
749,graficon37nodi/grafo3554.37,23,37,41,57,61,0.0,0,71,0.031516075134277344,2
750,graficon36nodi/grafo10229.36,23,36,46,58,68,1.0,6,85,0.3144688606262207,2
751,graficon33nodi/grafo598.33,23,33,49,63,79,3.0,33,217,3.411095142364502,2
752,graficon44nodi/grafo7435.44,23,44,53,63,72,1.0,6,106,0.35172581672668457,2
753,graficon40nodi/grafo6485.40,23,40,51,62,73,2.0,18,115,3.604280948638916,2
754,graficon35nodi/grafo6035.35,23,35,50,61,76,2.0,15,164,0.36951208114624023,2
755,graficon38nodi/grafo7531.38,23,38,44,61,67,1.0,4,93,0.10705733299255371,2
756,graficon37nodi/grafo11473.37,23,37,42,61,66,1.0,1,52,0.0387876033782959,2
757,graficon33nodi/grafo5821.33,23,33,43,62,72,1.0,5,91,0.09119415283203125,2
758,graficon39nodi/grafo5308.39,23,39,49,64,74,2.0,14,99,0.572066068649292,2
759,graficon33nodi/grafo10454.33,23,33,41,61,69,1.0,6,61,0.12858200073242188,2
760,graficon42nodi/grafo7704.42,23,42,51,63,72,2.0,17,156,0.9382760524749756,2
761,graficon33nodi/grafo2654.33,23,33,49,64,80,2.0,17,168,1.7632505893707275,2
762,graficon36nodi/grafo11077.36,23,36,40,63,67,1.0,2,63,0.08001112937927246,2
763,graficon37nodi/grafo5888.37,23,37,50,60,73,2.0,13,111,0.9657835960388184,2
764,graficon33nodi/grafo10732.33,23,33,37,60,64,1.0,1,76,0.10705852508544922,2
765,graficon25nodi/grafo2301.25,23,25,37,61,73,1.0,1,104,0.18027615547180176,2
766,graficon43nodi/grafo7428.43,23,43,52,60,69,1.0,8,118,0.37254953384399414,2
767,graficon32nodi/grafo2991.32,23,32,43,61,72,2.0,7,142,0.5921893119812012,2
768,graficon41nodi/grafo3498.41,23,41,53,63,75,2.0,14,157,0.9601566791534424,2
769,graficon36nodi/grafo11414.36,23,36,47,62,73,2.0,11,107,0.32696008682250977,2
770,graficon35nodi/grafo10841.35,23,35,45,62,72,2.0,10,130,0.5037429332733154,2
771,graficon38nodi/grafo2959.38,23,38,48,61,71,2.0,12,96,1.0144872665405273,2
772,graficon30nodi/grafo359.30,23,30,37,60,67,2.0,6,61,0.24133610725402832,2
773,graficon37nodi/grafo1555.37,23,37,48,61,72,3.0,19,131,23.399022817611694,2
774,graficon37nodi/grafo2398.37,23,37,47,64,74,2.0,15,142,0.561286449432373,2
775,graficon40nodi/grafo2729.40,23,40,46,64,70,1.0,4,101,0.4778883457183838,2
776,graficon42nodi/grafo3325.42,23,42,52,64,74,2.0,9,140,0.921088695526123,2
777,graficon36nodi/grafo10462.36,23,36,40,61,65,0.0,0,34,0.02091360092163086,2
778,graficon39nodi/grafo7630.39,23,39,46,62,69,2.0,10,103,1.0684738159179688,2
779,graficon30nodi/grafo2012.30,23,30,46,64,80,3.0,27,162,26.10732340812683,2
780,graficon48nodi/grafo1669.48,23,48,59,62,73,3.0,19,325,213.0648422241211,2
781,graficon40nodi/grafo3116.40,23,40,47,64,71,1.0,7,155,0.5920939445495605,2
782,graficon41nodi/grafo4047.41,23,41,48,63,70,1.0,1,114,0.1807243824005127,2
783,graficon44nodi/grafo3971.44,23,44,48,64,68,1.0,2,90,0.3013935089111328,2
784,graficon36nodi/grafo6093.36,23,36,43,63,70,1.0,7,68,0.4722900390625,2
785,graficon39nodi/grafo6244.39,23,39,52,64,77,3.0,17,210,1.3168206214904785,2
786,graficon34nodi/grafo5991.34,23,34,41,60,67,1.0,2,88,0.14832162857055664,2
787,graficon38nodi/grafo5998.38,23,38,44,60,66,1.0,1,92,0.18639302253723145,2
788,graficon32nodi/grafo5807.32,23,32,41,64,73,1.0,2,64,0.22897648811340332,2
789,graficon29nodi/grafo2811.29,23,29,40,62,73,2.0,10,96,0.38709139823913574,2
790,graficon33nodi/grafo11643.33,23,33,37,60,64,1.0,1,76,0.10196518898010254,2
791,graficon45nodi/grafo7711.45,23,45,53,64,72,1.0,3,86,0.43981146812438965,2
792,graficon35nodi/grafo3483.35,23,35,41,61,67,1.0,5,76,0.08867144584655762,2
793,graficon37nodi/grafo7410.37,23,37,51,61,75,3.0,21,129,19.314244031906128,2
794,graficon39nodi/grafo3792.39,23,39,49,61,71,2.0,9,110,15.980822563171387,2
795,graficon46nodi/grafo7281.46,23,46,54,61,69,2.0,14,143,1.317674160003662,2
796,graficon41nodi/grafo7033.41,23,41,48,60,67,2.0,12,118,1.7273283004760742,2
797,graficon37nodi/grafo6905.37,23,37,48,63,74,2.0,11,106,0.9600811004638672,2
798,graficon33nodi/grafo1668.33,23,33,41,63,71,2.0,10,78,0.73447585105896,2
799,graficon43nodi/grafo4042.43,23,43,47,60,64,0.0,0,100,0.06958770751953125,2
800,graficon37nodi/grafo3728.37,23,37,47,63,73,1.0,9,96,0.2323598861694336,2
801,graficon37nodi/grafo6219.37,23,37,45,62,70,1.0,5,116,0.16510534286499023,2
802,graficon37nodi/grafo2761.37,23,37,45,60,68,2.0,7,140,0.7109208106994629,2
803,graficon35nodi/grafo6010.35,23,35,44,60,69,2.0,9,103,0.5089445114135742,2
804,graficon41nodi/grafo5637.41,23,41,49,61,69,2.0,7,143,0.7233288288116455,2
805,graficon36nodi/grafo5783.36,23,36,46,62,72,2.0,12,105,0.31113147735595703,2
806,graficon42nodi/grafo5250.42,23,42,51,64,73,1.0,10,120,0.47225189208984375,2
807,graficon38nodi/grafo11452.38,23,38,50,62,74,3.0,26,116,30.929519414901733,2
808,graficon41nodi/grafo11172.41,23,41,51,62,72,2.0,8,128,1.0918512344360352,2
809,graficon37nodi/grafo7650.37,23,37,52,63,78,2.0,14,229,0.9767012596130371,2
810,graficon33nodi/grafo11527.33,23,33,40,62,69,1.0,3,105,0.15845298767089844,2
811,graficon40nodi/grafo6142.40,23,40,49,64,73,2.0,13,138,1.871523141860962,2
812,graficon36nodi/grafo5809.36,23,36,45,63,72,2.0,14,142,0.9341287612915039,2
813,graficon40nodi/grafo5426.40,23,40,50,62,72,2.0,18,287,38.50124001502991,2
814,graficon34nodi/grafo3076.34,23,34,39,61,66,1.0,2,55,0.20910906791687012,2
815,graficon39nodi/grafo7374.39,23,39,51,62,74,3.0,26,183,25.70974349975586,2
816,graficon40nodi/grafo7706.40,23,40,51,60,71,2.0,21,171,1.2668075561523438,2
817,graficon44nodi/grafo3602.44,23,44,53,62,71,2.0,14,224,1.4709010124206543,2
818,graficon43nodi/grafo7484.43,23,43,49,63,69,1.0,5,128,0.35071444511413574,2
819,graficon37nodi/grafo11410.37,23,37,45,64,72,2.0,7,82,0.2001028060913086,2
820,graficon35nodi/grafo6104.35,23,35,40,63,68,1.0,1,76,0.14243316650390625,2
821,graficon36nodi/grafo5360.36,23,36,44,62,70,2.0,11,78,0.7789211273193359,2
822,graficon38nodi/grafo5222.38,23,38,43,62,67,1.0,4,99,0.2591512203216553,2
823,graficon36nodi/grafo11309.36,23,36,46,61,71,2.0,19,165,0.9523444175720215,2
824,graficon36nodi/grafo5457.36,23,36,43,61,68,2.0,7,58,0.19028353691101074,2
825,graficon37nodi/grafo7092.37,23,37,47,61,71,3.0,23,220,1.4951212406158447,2
826,graficon38nodi/grafo1999.38,23,38,45,68,75,1.0,2,75,0.08041644096374512,2
827,graficon38nodi/grafo7684.38,23,38,54,68,84,3.0,25,222,20.657013654708862,2
828,graficon43nodi/grafo3669.43,23,43,52,67,76,1.0,6,227,1.4174327850341797,2
829,graficon40nodi/grafo11665.40,23,40,48,68,76,2.0,15,114,1.0807857513427734,2
830,graficon39nodi/grafo10234.39,23,39,51,69,81,2.0,16,104,0.7870645523071289,2
831,graficon40nodi/grafo6382.40,23,40,52,65,77,3.0,19,181,2.304739236831665,2
832,graficon44nodi/grafo7013.44,23,44,53,69,78,1.0,1,101,0.05677390098571777,2
833,graficon37nodi/grafo3341.37,23,37,50,66,79,2.0,23,176,33.44561982154846,2
834,graficon40nodi/grafo5504.40,23,40,53,66,79,2.0,14,160,0.7890317440032959,2
835,graficon44nodi/grafo1219.44,23,44,48,66,70,0.0,0,65,0.031084775924682617,2
836,graficon29nodi/grafo3034.29,23,29,40,65,76,1.0,4,160,0.32558488845825195,2
837,graficon44nodi/grafo3831.44,23,44,52,67,75,2.0,12,176,1.8077349662780762,2
838,graficon35nodi/grafo3068.35,23,35,50,67,82,3.0,24,194,28.105225086212158,2
839,graficon40nodi/grafo9898.40,23,40,50,68,78,2.0,10,95,0.9145939350128174,2
840,graficon37nodi/grafo6847.37,23,37,47,67,77,1.0,2,139,0.26178479194641113,2
841,graficon40nodi/grafo5327.40,23,40,47,68,75,1.0,7,107,0.19474554061889648,2
842,graficon44nodi/grafo6266.44,23,44,60,68,84,3.0,33,174,45.39914679527283,2
843,graficon39nodi/grafo6848.39,23,39,52,67,80,2.0,13,175,1.492985486984253,2
844,graficon30nodi/grafo2030.30,23,30,44,66,80,2.0,22,164,1.1598293781280518,2
845,graficon40nodi/grafo6167.40,23,40,57,66,83,3.0,24,239,6.728383779525757,2
846,graficon39nodi/grafo2148.39,23,39,45,67,73,1.0,4,125,0.1545093059539795,2
847,graficon36nodi/grafo3734.36,23,36,46,67,77,1.0,6,211,0.8075730800628662,2
848,graficon39nodi/grafo5789.39,23,39,58,69,88,3.0,33,151,29.57150387763977,2
849,graficon29nodi/grafo1284.29,23,29,40,65,76,2.0,11,131,0.360079288482666,2
850,graficon45nodi/grafo7024.45,23,45,50,65,70,1.0,5,77,0.16827917098999023,2
851,graficon33nodi/grafo5203.33,23,33,41,68,76,1.0,6,66,0.08090424537658691,2
852,graficon34nodi/grafo6218.34,23,34,40,65,71,1.0,3,76,0.18191027641296387,2
853,graficon43nodi/grafo7073.43,23,43,51,69,77,2.0,10,113,0.6794009208679199,2
854,graficon42nodi/grafo5867.42,23,42,52,69,79,2.0,24,224,2.697413921356201,2
855,graficon36nodi/grafo7509.36,23,36,45,69,78,2.0,7,93,0.7327685356140137,2
856,graficon37nodi/grafo7743.37,23,37,55,68,86,3.0,25,238,0.9363672733306885,2
857,graficon44nodi/grafo6915.44,23,44,58,68,82,3.0,32,148,27.27243399620056,2
858,graficon40nodi/grafo7570.40,23,40,52,68,80,2.0,17,161,1.3246502876281738,2
859,graficon33nodi/grafo5787.33,23,33,40,66,73,1.0,2,44,0.11765432357788086,2
860,graficon34nodi/grafo11517.34,23,34,44,69,79,1.0,7,125,0.39569687843322754,2
861,graficon49nodi/grafo1560.49,23,49,59,68,78,2.0,16,138,1.7492964267730713,2
862,graficon47nodi/grafo3121.47,23,47,54,65,72,1.0,3,201,0.3979158401489258,2
863,graficon38nodi/grafo2052.38,23,38,50,67,79,3.0,24,111,21.07813811302185,2
864,graficon41nodi/grafo3794.41,23,41,52,65,76,3.0,23,184,1.3953900337219238,2
865,graficon38nodi/grafo3964.38,23,38,48,69,79,1.0,9,162,0.7347445487976074,2
866,graficon39nodi/grafo7264.39,23,39,51,67,79,3.0,28,157,1.8236119747161865,2
867,graficon38nodi/grafo3752.38,23,38,46,65,73,1.0,7,133,0.528491735458374,2
868,graficon37nodi/grafo3576.37,23,37,49,69,81,2.0,18,162,1.1132078170776367,2
869,graficon38nodi/grafo5949.38,23,38,50,66,78,1.0,5,196,0.42404770851135254,2
870,graficon29nodi/grafo2639.29,23,29,43,67,81,2.0,8,240,1.928271770477295,2
871,graficon38nodi/grafo11575.38,23,38,46,66,74,2.0,15,94,0.9850640296936035,2
872,graficon38nodi/grafo3321.38,23,38,53,66,81,2.0,16,186,0.7283163070678711,2
873,graficon31nodi/grafo1429.31,23,31,45,65,79,2.0,20,193,1.581362009048462,2
874,graficon38nodi/grafo4013.38,23,38,49,67,78,2.0,12,130,0.8644106388092041,2
875,graficon28nodi/grafo1339.28,23,28,41,67,80,3.0,19,183,1.5416884422302246,2
876,graficon35nodi/grafo2020.35,23,35,43,68,76,1.0,1,89,0.12714481353759766,2
877,graficon40nodi/grafo7409.40,23,40,48,65,73,1.0,8,92,0.23952245712280273,2
878,graficon42nodi/grafo6141.42,23,42,53,68,79,2.0,22,123,1.273104190826416,2
879,graficon38nodi/grafo3932.38,23,38,48,69,79,1.0,5,167,0.2929575443267822,2
880,graficon38nodi/grafo2986.38,23,38,50,67,79,3.0,29,155,154.6402313709259,2
881,graficon42nodi/grafo5771.42,23,42,51,68,77,1.0,7,127,0.5284671783447266,2
882,graficon45nodi/grafo7734.45,23,45,55,68,78,2.0,16,138,1.6689133644104004,2
883,graficon42nodi/grafo3094.42,23,42,49,69,76,1.0,2,107,0.21046853065490723,2
884,graficon38nodi/grafo819.38,23,38,49,68,79,3.0,18,145,0.5627450942993164,2
885,graficon39nodi/grafo6923.39,23,39,48,67,76,2.0,15,163,1.0979881286621094,2
886,graficon33nodi/grafo10400.33,23,33,38,68,73,1.0,1,80,0.1493544578552246,2
887,graficon36nodi/grafo11346.36,23,36,49,69,82,2.0,13,111,0.3666830062866211,2
888,graficon39nodi/grafo11565.39,23,39,45,65,71,1.0,6,74,0.16615724563598633,2
889,graficon50nodi/grafo1494.50,23,50,57,68,75,2.0,11,134,2.8270652294158936,2
890,graficon38nodi/grafo10455.38,23,38,42,67,71,1.0,1,47,0.06427884101867676,2
891,graficon38nodi/grafo9852.38,23,38,48,66,76,2.0,11,134,0.5750629901885986,2
892,graficon45nodi/grafo5975.45,23,45,52,66,73,1.0,7,133,0.5939781665802002,2
893,graficon39nodi/grafo4061.39,23,39,47,69,77,1.0,8,116,0.2224736213684082,2
894,graficon40nodi/grafo6955.40,23,40,52,69,81,2.0,16,146,2.4834787845611572,2
895,graficon41nodi/grafo7624.41,23,41,54,69,82,2.0,16,229,4.267943620681763,2
896,graficon35nodi/grafo6116.35,23,35,43,69,77,1.0,5,96,0.277224063873291,2
897,graficon51nodi/grafo1404.51,23,51,70,69,88,4.0,51,348,30.355432510375977,2
898,graficon36nodi/grafo7553.36,23,36,52,69,85,2.0,19,166,0.9228537082672119,2
899,graficon40nodi/grafo3711.40,23,40,53,68,81,1.0,4,185,0.4767754077911377,2
900,graficon37nodi/grafo2099.37,23,37,44,69,76,0.0,0,64,0.03510737419128418,2
901,graficon40nodi/grafo3916.40,23,40,51,71,82,2.0,9,142,1.989809274673462,2
902,graficon39nodi/grafo227.39,23,39,47,72,80,1.0,5,111,0.35095953941345215,2
903,graficon44nodi/grafo7217.44,23,44,53,70,79,2.0,9,144,0.6536524295806885,2
904,graficon35nodi/grafo10277.35,23,35,45,71,81,2.0,14,170,1.8094382286071777,2
905,graficon37nodi/grafo2678.37,23,37,45,74,82,1.0,2,113,0.31136536598205566,2
906,graficon44nodi/grafo3432.44,23,44,55,72,83,1.0,9,102,0.2900245189666748,2
907,graficon43nodi/grafo7404.43,23,43,55,73,85,2.0,11,174,1.0692856311798096,2
908,graficon47nodi/grafo6168.47,23,47,50,70,73,1.0,1,144,0.1754293441772461,2
909,graficon44nodi/grafo5590.44,23,44,49,72,77,1.0,2,63,0.13394808769226074,2
910,graficon37nodi/grafo3954.37,23,37,50,70,83,2.0,18,133,1.3865094184875488,2
911,graficon40nodi/grafo490.40,23,40,45,71,76,1.0,1,59,0.03865313529968262,2
912,graficon38nodi/grafo3708.38,23,38,53,74,89,2.0,10,175,0.6514565944671631,2
913,graficon34nodi/grafo10511.34,23,34,41,71,78,1.0,5,94,0.21710705757141113,2
914,graficon39nodi/grafo11357.39,23,39,48,71,80,2.0,13,108,0.7363831996917725,2
915,graficon49nodi/grafo6373.49,23,49,56,73,80,2.0,19,124,1.4446682929992676,2
916,graficon41nodi/grafo7372.41,23,41,55,71,85,2.0,18,280,4.881006717681885,2
917,graficon47nodi/grafo3806.47,23,47,52,71,76,1.0,3,114,0.18665409088134766,2
918,graficon40nodi/grafo7285.40,23,40,56,70,86,3.0,31,213,6.529099225997925,2
919,graficon36nodi/grafo5124.36,23,36,43,70,77,1.0,5,104,0.24767494201660156,2
920,graficon38nodi/grafo3457.38,23,38,43,70,75,1.0,1,63,0.1259143352508545,2
921,graficon40nodi/grafo3539.40,23,40,57,72,89,3.0,24,191,4.202512979507446,2
922,graficon39nodi/grafo3391.39,23,39,61,71,93,5.0,53,368,9.171693325042725,2
923,graficon38nodi/grafo6480.38,23,38,50,70,82,2.0,11,127,0.8376328945159912,2
924,graficon42nodi/grafo3820.42,23,42,52,70,80,2.0,10,138,0.7529897689819336,2
925,graficon40nodi/grafo11283.40,23,40,52,74,86,2.0,15,136,1.5326144695281982,2
926,graficon48nodi/grafo1535.48,23,48,53,72,77,1.0,1,93,0.09894418716430664,2
927,graficon44nodi/grafo11640.44,23,44,59,73,88,2.0,22,206,23.709149599075317,2
928,graficon30nodi/grafo1810.30,23,30,40,73,83,2.0,4,120,0.6163780689239502,2
929,graficon38nodi/grafo10767.38,23,38,50,72,84,2.0,12,151,2.2740437984466553,2
930,graficon39nodi/grafo10062.39,23,39,44,74,79,1.0,8,97,0.44965219497680664,2
931,graficon42nodi/grafo6171.42,23,42,59,73,90,3.0,19,204,166.60431480407715,2
932,graficon41nodi/grafo7074.41,23,41,50,72,81,1.0,1,112,0.13510513305664062,2
933,graficon42nodi/grafo6304.42,23,42,55,73,86,2.0,19,272,1.141169786453247,2
934,graficon43nodi/grafo3801.43,23,43,52,70,79,1.0,6,104,0.21627235412597656,2
935,graficon40nodi/grafo3538.40,23,40,46,72,78,1.0,6,106,0.41722869873046875,2
936,graficon38nodi/grafo10567.38,23,38,47,74,83,2.0,13,187,1.1293034553527832,2
937,graficon37nodi/grafo3445.37,23,37,46,73,82,2.0,11,78,0.4095797538757324,2
938,graficon37nodi/grafo11122.37,23,37,44,74,81,2.0,7,84,0.9393665790557861,2
939,graficon35nodi/grafo3499.35,23,35,47,70,82,2.0,15,131,0.5038712024688721,2
940,graficon42nodi/grafo7296.42,23,42,56,73,87,2.0,14,143,1.11537766456604,2
941,graficon38nodi/grafo10027.38,23,38,50,74,86,2.0,10,130,1.6250600814819336,2
942,graficon40nodi/grafo6207.40,23,40,52,72,84,3.0,22,145,2.0074615478515625,2
943,graficon35nodi/grafo3006.35,23,35,44,70,79,1.0,4,106,0.3002495765686035,2
944,graficon56nodi/grafo5979.56,23,56,69,72,85,3.0,27,408,11.537132740020752,2
945,graficon39nodi/grafo7283.39,23,39,50,74,85,2.0,13,170,1.7795977592468262,2
946,graficon40nodi/grafo3229.40,23,40,48,74,82,1.0,3,81,0.2864389419555664,2
947,graficon37nodi/grafo2528.37,23,37,50,70,83,2.0,10,153,1.557800531387329,2
948,graficon40nodi/grafo2963.40,23,40,49,70,79,2.0,14,150,0.8597023487091064,2
949,graficon37nodi/grafo11238.37,23,37,47,70,80,1.0,6,151,0.4918525218963623,2
950,graficon34nodi/grafo5693.34,23,34,46,73,85,2.0,7,110,1.0831468105316162,2
951,graficon45nodi/grafo5623.45,23,45,55,74,84,1.0,2,194,1.2125353813171387,2
952,graficon38nodi/grafo1157.38,23,38,48,73,83,2.0,9,95,0.2805149555206299,2
953,graficon36nodi/grafo9862.36,23,36,51,74,89,2.0,10,155,2.5058951377868652,2
954,graficon39nodi/grafo10505.39,23,39,52,70,83,2.0,18,191,1.6333043575286865,2
955,graficon34nodi/grafo9934.34,23,34,40,73,79,0.0,0,40,0.03110814094543457,2
956,graficon42nodi/grafo7692.42,23,42,54,74,86,2.0,13,134,3.3786513805389404,2
957,graficon41nodi/grafo7635.41,23,41,53,71,83,3.0,25,171,141.98132610321045,2
958,graficon39nodi/grafo3849.39,23,39,50,71,82,2.0,13,234,2.2119851112365723,2
959,graficon40nodi/grafo3287.40,23,40,52,71,83,2.0,12,140,0.9816029071807861,2
960,graficon56nodi/grafo7164.56,23,56,68,70,82,2.0,16,160,2.3217124938964844,2
961,graficon43nodi/grafo7403.43,23,43,57,70,84,3.0,30,185,7.7115654945373535,2
962,graficon39nodi/grafo6476.39,23,39,50,73,84,2.0,20,95,0.45077967643737793,2
963,graficon41nodi/grafo5344.41,23,41,52,73,84,2.0,15,114,1.5087251663208008,2
964,graficon35nodi/grafo7560.35,23,35,45,72,82,1.0,8,78,0.6264898777008057,2
965,graficon39nodi/grafo11552.39,23,39,47,71,79,1.0,7,111,0.5693316459655762,2
966,graficon42nodi/grafo3865.42,23,42,56,73,87,2.0,19,176,1.3817014694213867,2
967,graficon46nodi/grafo1581.46,23,46,52,71,77,1.0,4,109,0.46953296661376953,2
968,graficon38nodi/grafo7187.38,23,38,52,74,88,2.0,23,242,2.853593349456787,2
969,graficon57nodi/grafo5041.57,23,57,63,74,80,1.0,6,268,1.4783127307891846,2
970,graficon37nodi/grafo7512.37,23,37,45,71,79,1.0,4,93,0.5411717891693115,2
971,graficon39nodi/grafo7479.39,23,39,53,70,84,2.0,18,148,1.2746391296386719,2
972,graficon46nodi/grafo5905.46,23,46,56,74,84,1.0,8,161,1.1875901222229004,2
973,graficon40nodi/grafo3387.40,23,40,53,74,87,2.0,21,175,2.3462116718292236,2
974,graficon38nodi/grafo3915.38,23,38,44,71,77,1.0,2,91,0.17558765411376953,2
975,graficon37nodi/grafo11479.37,23,37,44,73,80,2.0,11,102,0.6896049976348877,2
976,graficon36nodi/grafo2504.36,23,36,49,76,89,2.0,14,134,1.2158193588256836,2
977,graficon30nodi/grafo3011.30,23,30,41,76,87,1.0,7,140,0.39754796028137207,2
978,graficon39nodi/grafo2310.39,23,39,59,77,97,3.0,41,284,3.128390312194824,2
979,graficon40nodi/grafo365.40,23,40,47,76,83,1.0,7,88,0.24002766609191895,2
980,graficon41nodi/grafo5534.41,23,41,49,77,85,1.0,9,107,0.6285052299499512,2
981,graficon36nodi/grafo5632.36,23,36,43,76,83,1.0,6,69,0.18488240242004395,2
982,graficon42nodi/grafo3895.42,23,42,55,79,92,3.0,33,218,35.75896334648132,2
983,graficon40nodi/grafo7534.40,23,40,54,76,90,2.0,21,226,2.931946039199829,2
984,graficon38nodi/grafo11163.38,23,38,50,77,89,2.0,20,169,2.2954204082489014,2
985,graficon36nodi/grafo5700.36,23,36,49,78,91,2.0,19,157,2.3867616653442383,2
986,graficon41nodi/grafo7150.41,23,41,52,75,86,2.0,11,99,1.0029330253601074,2
987,graficon38nodi/grafo9909.38,23,38,48,77,87,2.0,10,144,0.5808134078979492,2
988,graficon41nodi/grafo6152.41,23,41,56,75,90,2.0,12,169,4.255350828170776,2
989,graficon44nodi/grafo3924.44,23,44,53,75,84,2.0,13,177,2.588362216949463,2
990,graficon38nodi/grafo5880.38,23,38,52,76,90,2.0,16,168,0.7509059906005859,2
991,graficon31nodi/grafo1257.31,23,31,50,76,95,4.0,41,239,4.826401948928833,2
992,graficon40nodi/grafo9929.40,23,40,56,77,93,2.0,26,144,2.057697057723999,2
993,graficon43nodi/grafo7444.43,23,43,55,77,89,3.0,29,152,26.565298795700073,2
994,graficon33nodi/grafo1975.33,23,33,46,77,90,2.0,11,114,0.31439208984375,2
995,graficon44nodi/grafo5982.44,23,44,57,79,92,2.0,17,245,2.5095977783203125,2
996,graficon49nodi/grafo1353.49,23,49,54,76,81,1.0,4,126,0.11748766899108887,2
997,graficon36nodi/grafo3379.36,23,36,44,75,83,1.0,2,85,0.04714345932006836,2
998,graficon37nodi/grafo5904.37,23,37,50,77,90,2.0,14,112,1.348844289779663,2
999,graficon37nodi/grafo3837.37,23,37,52,75,90,2.0,16,227,4.0916054248809814,2
1000,graficon42nodi/grafo6032.42,23,42,51,76,85,2.0,5,127,0.7873458862304688,2
1001,graficon40nodi/grafo7544.40,23,40,53,75,88,1.0,8,231,1.3848533630371094,2
1002,graficon38nodi/grafo7305.38,23,38,53,76,91,3.0,21,186,6.684685230255127,2
1003,graficon48nodi/grafo7046.48,23,48,54,76,82,1.0,3,162,0.3287813663482666,2
1004,graficon47nodi/grafo3232.47,23,47,55,77,85,1.0,8,109,0.6948459148406982,2
1005,graficon40nodi/grafo3885.40,23,40,51,75,86,1.0,10,147,1.246351957321167,2
1006,graficon43nodi/grafo6858.43,23,43,61,77,95,3.0,29,209,238.74849915504456,2
1007,graficon43nodi/grafo5298.43,23,43,56,76,89,2.0,15,110,2.0303170680999756,2
1008,graficon37nodi/grafo11609.37,23,37,44,77,84,2.0,9,76,0.6084225177764893,2
1009,graficon43nodi/grafo7047.43,23,43,55,76,88,2.0,16,188,2.5371346473693848,2
1010,graficon46nodi/grafo1484.46,23,46,57,78,89,2.0,13,279,1.8434624671936035,2
1011,graficon37nodi/grafo5641.37,23,37,44,79,86,1.0,1,118,0.16751527786254883,2
1012,graficon47nodi/grafo7547.47,23,47,59,77,89,2.0,12,136,2.3517801761627197,2
1013,graficon40nodi/grafo10494.40,23,40,50,78,88,1.0,7,110,0.6628141403198242,2
1014,graficon37nodi/grafo2713.37,23,37,48,76,87,2.0,21,169,1.4634063243865967,2
1015,graficon39nodi/grafo6248.39,23,39,50,79,90,1.0,6,162,0.43021249771118164,2
1016,graficon38nodi/grafo5903.38,23,38,48,77,87,2.0,11,131,0.6033835411071777,2
1017,graficon43nodi/grafo6296.43,23,43,59,79,95,3.0,28,352,25.013832330703735,2
1018,graficon41nodi/grafo6951.41,23,41,54,76,89,3.0,21,178,1.667569637298584,2
1019,graficon39nodi/grafo10733.39,23,39,53,79,93,2.0,13,139,1.9140620231628418,2
1020,graficon41nodi/grafo7056.41,23,41,51,76,86,1.0,6,136,0.3646359443664551,2
1021,graficon46nodi/grafo3380.46,23,46,56,75,85,2.0,10,108,1.0300557613372803,2
1022,graficon41nodi/grafo3534.41,23,41,49,77,85,1.0,6,131,1.0240721702575684,2
1023,graficon39nodi/grafo3617.39,23,39,48,77,86,1.0,4,101,0.3198058605194092,2
1024,graficon38nodi/grafo11024.38,23,38,45,75,82,2.0,8,76,0.4912595748901367,2
1025,graficon49nodi/grafo1408.49,23,49,59,77,87,0.0,0,184,0.09795761108398438,2
1026,graficon46nodi/grafo7234.46,23,46,63,78,95,3.0,42,315,11.62836480140686,2
1027,graficon45nodi/grafo3840.45,23,45,59,79,93,3.0,24,288,2.883798122406006,2
1028,graficon43nodi/grafo5371.43,23,43,57,79,93,2.0,14,128,0.9884941577911377,2
1029,graficon38nodi/grafo3671.38,23,38,47,75,84,1.0,5,86,0.38915157318115234,2
1030,graficon38nodi/grafo9893.38,23,38,49,76,87,1.0,7,94,0.35483646392822266,2
1031,graficon35nodi/grafo4037.35,23,35,40,78,83,1.0,3,85,0.22044634819030762,2
1032,graficon36nodi/grafo5155.36,23,36,47,79,90,1.0,8,139,0.8116610050201416,2
1033,graficon42nodi/grafo7486.42,23,42,57,79,94,2.0,30,177,3.69150447845459,2
1034,graficon49nodi/grafo3418.49,23,49,63,79,93,2.0,18,165,4.921336650848389,2
1035,graficon38nodi/grafo9981.38,23,38,45,78,85,1.0,1,48,0.1345524787902832,2
1036,graficon27nodi/grafo2050.27,23,27,36,76,85,1.0,1,53,0.05364108085632324,2
1037,graficon29nodi/grafo2072.29,23,29,43,78,92,2.0,9,101,0.8911871910095215,2
1038,graficon45nodi/grafo1836.45,23,45,58,77,90,3.0,19,202,2.0523769855499268,2
1039,graficon34nodi/grafo3921.34,23,34,46,77,89,2.0,8,164,1.4212801456451416,2
1040,graficon55nodi/grafo6415.55,23,55,59,76,80,1.0,4,124,0.3237476348876953,2
1041,graficon41nodi/grafo6191.41,23,41,52,78,89,2.0,15,186,1.665848731994629,2
1042,graficon46nodi/grafo1406.46,23,46,56,79,89,1.0,4,143,0.529775857925415,2
1043,graficon45nodi/grafo5925.45,23,45,56,79,90,2.0,18,160,3.034785270690918,2
1044,graficon35nodi/grafo3996.35,23,35,47,78,90,3.0,19,152,1.5187547206878662,2
1045,graficon46nodi/grafo6678.46,23,46,55,77,86,1.0,2,134,0.44875001907348633,2
1046,graficon43nodi/grafo3573.43,23,43,58,79,94,2.0,21,165,1.97894287109375,2
1047,graficon40nodi/grafo6972.40,23,40,51,77,88,1.0,6,145,0.5334286689758301,2
1048,graficon51nodi/grafo3958.51,23,51,62,77,88,3.0,21,245,11.393653154373169,2
1049,graficon39nodi/grafo10192.39,23,39,48,78,87,2.0,12,118,1.9735362529754639,2
1050,graficon45nodi/grafo6007.45,23,45,58,79,92,2.0,16,167,2.377042293548584,2
1051,graficon37nodi/grafo11553.37,23,37,49,83,95,1.0,7,73,0.12781119346618652,2
1052,graficon44nodi/grafo7454.44,23,44,56,84,96,2.0,12,155,2.0699920654296875,2
1053,graficon40nodi/grafo5453.40,23,40,57,83,100,3.0,30,201,41.927154302597046,2
1054,graficon43nodi/grafo6144.43,23,43,56,80,93,2.0,18,190,1.3552355766296387,2
1055,graficon38nodi/grafo5499.38,23,38,48,81,91,1.0,5,95,0.2577817440032959,2
1056,graficon41nodi/grafo6973.41,23,41,58,84,101,2.0,20,209,38.21666193008423,2
1057,graficon39nodi/grafo10037.39,23,39,50,80,91,1.0,9,150,1.2247695922851562,2
1058,graficon36nodi/grafo11554.36,23,36,50,82,96,3.0,24,190,2.140888214111328,2
1059,graficon60nodi/grafo5751.60,23,60,75,84,99,3.0,28,506,15.702869176864624,2
1060,graficon42nodi/grafo5241.42,23,42,55,83,96,2.0,19,165,0.7501614093780518,2
1061,graficon46nodi/grafo6628.46,23,46,63,83,100,3.0,31,463,349.8791835308075,2
1062,graficon39nodi/grafo9924.39,23,39,52,84,97,2.0,17,135,0.896254301071167,2
1063,graficon46nodi/grafo3661.46,23,46,56,83,93,1.0,8,135,0.8903329372406006,2
1064,graficon38nodi/grafo7549.38,23,38,50,82,94,2.0,15,152,1.2793772220611572,2
1065,graficon39nodi/grafo11532.39,23,39,51,81,93,1.0,4,83,1.2056286334991455,2
1066,graficon47nodi/grafo1536.47,23,47,52,80,85,0.0,0,120,0.03773951530456543,2
1067,graficon38nodi/grafo4110.38,23,38,52,84,98,2.0,20,224,3.3520114421844482,2
1068,graficon41nodi/grafo6857.41,23,41,54,83,96,1.0,8,83,0.319852352142334,2
1069,graficon34nodi/grafo6118.34,23,34,42,82,90,1.0,2,85,0.138838529586792,2
1070,graficon39nodi/grafo10014.39,23,39,52,83,96,2.0,14,137,0.9750425815582275,2
1071,graficon43nodi/grafo7598.43,23,43,57,82,96,2.0,15,170,1.5946733951568604,2
1072,graficon39nodi/grafo3329.39,23,39,50,80,91,2.0,11,126,1.9406392574310303,2
1073,graficon43nodi/grafo1506.43,23,43,50,82,89,1.0,4,165,0.2621495723724365,2
1074,graficon42nodi/grafo5595.42,23,42,56,80,94,2.0,17,231,4.913384914398193,2
1075,graficon41nodi/grafo2235.41,23,41,58,83,100,2.0,17,193,1.8805022239685059,2
1076,graficon37nodi/grafo5408.37,23,37,57,84,104,3.0,40,226,8.682347059249878,2
1077,graficon56nodi/grafo7757.56,23,56,64,80,88,2.0,16,185,2.6766932010650635,2
1078,graficon43nodi/grafo7465.43,23,43,60,80,97,3.0,27,260,45.476866245269775,2
1079,graficon42nodi/grafo5984.42,23,42,53,80,91,2.0,7,106,0.3744547367095947,2
1080,graficon49nodi/grafo2124.49,23,49,64,82,97,2.0,18,246,2.2636287212371826,2
1081,graficon39nodi/grafo3939.39,23,39,50,83,94,2.0,14,107,3.6062989234924316,2
1082,graficon41nodi/grafo6441.41,23,41,54,82,95,2.0,18,144,0.9083843231201172,2
1083,graficon56nodi/grafo4306.56,23,56,63,84,91,1.0,2,173,0.35084009170532227,2
1084,graficon43nodi/grafo5339.43,23,43,54,81,92,1.0,9,134,0.47098779678344727,2
1085,graficon36nodi/grafo3413.36,23,36,53,83,100,3.0,16,258,7.449633598327637,2
1086,graficon40nodi/grafo7766.40,23,40,50,80,90,2.0,20,101,0.863274097442627,2
1087,graficon41nodi/grafo3444.41,23,41,53,82,94,2.0,15,141,2.0597825050354004,2
1088,graficon55nodi/grafo6789.55,23,55,60,81,86,1.0,8,249,1.1618151664733887,2
1089,graficon32nodi/grafo1421.32,23,32,45,80,93,2.0,10,119,0.735947847366333,2
1090,graficon36nodi/grafo5865.36,23,36,44,83,91,1.0,2,87,0.17634105682373047,2
1091,graficon42nodi/grafo3326.42,23,42,60,82,100,4.0,46,246,497.75588393211365,2
1092,graficon43nodi/grafo3360.43,23,43,56,83,96,2.0,12,219,1.8039493560791016,2
1093,graficon44nodi/grafo5765.44,23,44,59,84,99,2.0,20,242,3.458380699157715,2
1094,graficon38nodi/grafo10031.38,23,38,49,84,95,2.0,8,124,0.6422643661499023,2
1095,graficon46nodi/grafo5873.46,23,46,57,83,94,2.0,7,164,1.5967235565185547,2
1096,graficon43nodi/grafo5486.43,23,43,54,81,92,2.0,16,181,2.4941747188568115,2
1097,graficon40nodi/grafo6472.40,23,40,57,84,101,3.0,33,335,6.449073076248169,2
1098,graficon47nodi/grafo6781.47,23,47,66,82,101,3.0,25,258,39.61043620109558,2
1099,graficon36nodi/grafo3953.36,23,36,48,83,95,1.0,3,147,0.30088281631469727,2
1100,graficon43nodi/grafo5760.43,23,43,55,84,96,2.0,11,147,1.5762732028961182,2
1101,graficon26nodi/grafo914.26,23,26,42,83,99,3.0,27,210,67.25653576850891,2
1102,graficon38nodi/grafo7227.38,23,38,54,80,96,2.0,18,205,3.5693256855010986,2
1103,graficon40nodi/grafo7652.40,23,40,55,80,95,2.0,20,126,1.3346421718597412,2
1104,graficon37nodi/grafo11359.37,23,37,47,83,93,2.0,8,145,0.4889843463897705,2
1105,graficon42nodi/grafo1092.42,23,42,53,81,92,1.0,12,130,3.002523183822632,2
1106,graficon39nodi/grafo10835.39,23,39,45,82,88,1.0,4,73,0.15288209915161133,2
1107,graficon40nodi/grafo7432.40,23,40,47,80,87,1.0,5,89,0.21010351181030273,2
1108,graficon45nodi/grafo7099.45,23,45,56,84,95,2.0,15,200,3.8456640243530273,2
1109,graficon44nodi/grafo7381.44,23,44,65,81,102,4.0,65,344,161.76969623565674,2
1110,graficon42nodi/grafo7049.42,23,42,54,81,93,2.0,15,177,2.2512035369873047,2
1111,graficon40nodi/grafo7542.40,23,40,51,81,92,2.0,15,94,1.5575244426727295,2
1112,graficon42nodi/grafo6058.42,23,42,54,81,93,2.0,13,145,3.0535528659820557,2
1113,graficon40nodi/grafo3753.40,23,40,53,81,94,2.0,20,136,1.4572577476501465,2
1114,graficon48nodi/grafo6376.48,23,48,61,81,94,2.0,16,151,1.263174057006836,2
1115,graficon42nodi/grafo7146.42,23,42,54,82,94,1.0,5,175,0.6382884979248047,2
1116,graficon39nodi/grafo3944.39,23,39,54,84,99,2.0,12,182,1.501007080078125,2
1117,graficon41nodi/grafo7373.41,23,41,58,80,97,4.0,50,383,19.815510749816895,2
1118,graficon19nodi/grafo2375.19,23,19,35,80,96,4.0,17,185,0.6517825126647949,2
1119,graficon41nodi/grafo5234.41,23,41,51,83,93,1.0,6,131,0.8135299682617188,2
1120,graficon55nodi/grafo3570.55,23,55,66,83,94,2.0,16,236,5.899027347564697,2
1121,graficon49nodi/grafo3626.49,23,49,61,81,93,2.0,25,260,6.708873510360718,2
1122,graficon47nodi/grafo6600.47,23,47,68,84,105,3.0,37,317,20.640398740768433,2
1123,graficon39nodi/grafo3793.39,23,39,53,81,95,2.0,15,183,1.4705150127410889,2
1124,graficon41nodi/grafo7007.41,23,41,55,84,98,3.0,32,240,32.995556116104126,2
1125,graficon39nodi/grafo5742.39,23,39,56,83,100,2.0,19,241,3.9163014888763428,2
1126,graficon40nodi/grafo7541.40,23,40,53,89,102,2.0,13,206,4.109882116317749,2
1127,graficon54nodi/grafo4016.54,23,54,65,88,99,1.0,9,162,0.6175384521484375,2
1128,graficon45nodi/grafo7241.45,23,45,62,86,103,2.0,16,274,3.146735668182373,2
1129,graficon43nodi/grafo6406.43,23,43,57,86,100,2.0,16,165,1.8063952922821045,2
1130,graficon42nodi/grafo7246.42,23,42,53,89,100,2.0,13,103,0.9458491802215576,2
1131,graficon44nodi/grafo7720.44,23,44,61,88,105,2.0,24,210,2.580246925354004,2
1132,graficon46nodi/grafo7742.46,23,46,58,85,97,2.0,21,256,5.178157806396484,2
1133,graficon44nodi/grafo7169.44,23,44,56,85,97,2.0,16,162,2.5539841651916504,2
1134,graficon52nodi/grafo1591.52,23,52,62,85,95,1.0,6,113,0.936413049697876,2
1135,graficon48nodi/grafo5501.48,23,48,65,88,105,3.0,47,262,106.29961133003235,2
1136,graficon44nodi/grafo5554.44,23,44,61,89,106,2.0,18,349,4.571141004562378,2
1137,graficon39nodi/grafo7716.39,23,39,49,85,95,2.0,10,137,1.6524786949157715,2
1138,graficon37nodi/grafo11653.37,23,37,51,87,101,1.0,4,86,0.2074742317199707,2
1139,graficon58nodi/grafo4792.58,23,58,69,88,99,2.0,5,159,0.7104222774505615,2
1140,graficon49nodi/grafo7578.49,23,49,57,89,97,1.0,9,134,0.6823728084564209,2
1141,graficon61nodi/grafo5831.61,23,61,72,88,99,3.0,29,305,69.73911571502686,2
1142,graficon46nodi/grafo5331.46,23,46,58,88,100,3.0,35,278,15.833613395690918,2
1143,graficon51nodi/grafo4600.51,23,51,62,89,100,2.0,10,153,1.965773582458496,2
1144,graficon40nodi/grafo3335.40,23,40,53,89,102,2.0,12,161,1.5674264430999756,2
1145,graficon42nodi/grafo6257.42,23,42,60,85,103,3.0,18,245,5.213285446166992,2
1146,graficon36nodi/grafo5546.36,23,36,51,88,103,2.0,20,194,4.462049722671509,2
1147,graficon41nodi/grafo9946.41,23,41,48,85,92,1.0,6,93,0.8412365913391113,2
1148,graficon60nodi/grafo4886.60,23,60,73,85,98,3.0,37,223,19.945067167282104,2
1149,graficon40nodi/grafo7050.40,23,40,51,88,99,1.0,5,124,0.5190892219543457,2
1150,graficon49nodi/grafo4380.49,23,49,64,87,102,2.0,10,162,1.0506622791290283,2
1151,graficon55nodi/grafo3625.55,23,55,68,88,101,2.0,26,309,5.365961313247681,2
1152,graficon53nodi/grafo7688.53,23,53,65,88,100,3.0,17,228,133.04526901245117,2
1153,graficon39nodi/grafo5407.39,23,39,53,89,103,3.0,21,162,4.091535568237305,2
1154,graficon41nodi/grafo2781.41,23,41,61,87,107,3.0,45,247,6.918314695358276,2
1155,graficon37nodi/grafo5598.37,23,37,48,88,99,1.0,6,107,0.9629111289978027,2
1156,graficon40nodi/grafo3997.40,23,40,56,88,104,3.0,34,323,7.2898335456848145,2
1157,graficon43nodi/grafo7470.43,23,43,52,88,97,2.0,14,112,0.5829463005065918,2
1158,graficon45nodi/grafo7442.45,23,45,53,86,94,1.0,3,111,0.360029935836792,2
1159,graficon54nodi/grafo7723.54,23,54,73,86,105,3.0,44,242,9.130778312683105,2
1160,graficon42nodi/grafo7352.42,23,42,51,85,94,2.0,6,82,3.813105583190918,2
1161,graficon40nodi/grafo7670.40,23,40,56,88,104,1.0,5,216,2.121546983718872,2
1162,graficon43nodi/grafo5245.43,23,43,59,88,104,3.0,17,243,47.31264638900757,2
1163,graficon51nodi/grafo1486.51,23,51,60,87,96,2.0,7,131,3.8904643058776855,2
1164,graficon36nodi/grafo6049.36,23,36,45,87,96,1.0,6,103,0.42776989936828613,2
1165,graficon39nodi/grafo7415.39,23,39,53,88,102,2.0,16,181,1.2711968421936035,2
1166,graficon40nodi/grafo5373.40,23,40,58,87,105,3.0,27,216,81.47268486022949,2
1167,graficon38nodi/grafo9979.38,23,38,50,86,98,2.0,12,87,0.5146541595458984,2
1168,graficon48nodi/grafo5194.48,23,48,65,89,106,3.0,30,234,24.47270178794861,2
1169,graficon48nodi/grafo5357.48,23,48,64,85,101,3.0,36,211,8.313598155975342,2
1170,graficon36nodi/grafo11662.36,23,36,48,87,99,1.0,1,66,0.1249086856842041,2
1171,graficon42nodi/grafo7614.42,23,42,57,87,102,3.0,24,391,20.850409269332886,2
1172,graficon48nodi/grafo7272.48,23,48,57,86,95,1.0,5,148,0.4905674457550049,2
1173,graficon44nodi/grafo5878.44,23,44,56,87,99,2.0,10,155,0.8344144821166992,2
1174,graficon42nodi/grafo5958.42,23,42,56,86,100,2.0,15,176,1.724194049835205,2
1175,graficon58nodi/grafo1588.58,23,58,66,88,96,2.0,13,230,5.654795169830322,2
1176,graficon52nodi/grafo3455.52,23,52,65,87,100,2.0,22,131,2.6125738620758057,2
1177,graficon42nodi/grafo7583.42,23,42,56,86,100,2.0,17,154,2.26519513130188,2
1178,graficon49nodi/grafo7370.49,23,49,64,87,102,1.0,7,236,0.9402859210968018,2
1179,graficon39nodi/grafo5157.39,23,39,54,88,103,2.0,11,190,2.433316946029663,2
1180,graficon47nodi/grafo6822.47,23,47,56,88,97,1.0,7,183,0.8224434852600098,2
1181,graficon43nodi/grafo6928.43,23,43,56,88,101,2.0,15,156,2.3465375900268555,2
1182,graficon38nodi/grafo3421.38,23,38,52,89,103,3.0,26,154,155.4998574256897,2
1183,graficon39nodi/grafo3727.39,23,39,53,86,100,2.0,15,142,1.9653947353363037,2
1184,graficon44nodi/grafo6870.44,23,44,64,85,105,3.0,42,180,8.389128684997559,2
1185,graficon36nodi/grafo9853.36,23,36,48,87,99,1.0,1,66,0.13403010368347168,2
1186,graficon50nodi/grafo4518.50,23,50,66,87,103,2.0,24,217,2.0444188117980957,2
1187,graficon42nodi/grafo7709.42,23,42,58,86,102,2.0,19,173,2.7612574100494385,2
1188,graficon60nodi/grafo7155.60,23,60,70,86,96,1.0,7,230,1.4508674144744873,2
1189,graficon64nodi/grafo4420.64,23,64,81,88,105,2.0,23,265,7.836915493011475,2
1190,graficon47nodi/grafo6437.47,23,47,70,88,111,5.0,88,343,601.0328664779663,9
1191,graficon45nodi/grafo3151.45,23,45,58,86,99,2.0,14,133,3.0344033241271973,2
1192,graficon51nodi/grafo4369.51,23,51,67,87,103,2.0,26,251,4.644479990005493,2
1193,graficon38nodi/grafo3887.38,23,38,52,87,101,2.0,13,165,2.687364101409912,2
1194,graficon44nodi/grafo6329.44,23,44,58,88,102,2.0,14,115,1.2004601955413818,2
1195,graficon50nodi/grafo1418.50,23,50,57,88,95,1.0,6,129,0.6544239521026611,2
1196,graficon43nodi/grafo6886.43,23,43,62,85,104,3.0,38,220,5.775370836257935,2
1197,graficon42nodi/grafo7012.42,23,42,59,88,105,2.0,18,225,3.008883476257324,2
1198,graficon34nodi/grafo5990.34,23,34,45,89,100,1.0,1,145,0.3422830104827881,2
1199,graficon56nodi/grafo4391.56,23,56,70,86,100,3.0,28,384,298.8585534095764,2
1200,graficon48nodi/grafo6689.48,23,48,57,86,95,1.0,9,143,3.3772075176239014,2
1201,graficon36nodi/grafo10457.36,23,36,45,93,102,1.0,5,96,0.38877320289611816,2
1202,graficon46nodi/grafo5338.46,23,46,62,94,110,2.0,23,210,10.70019793510437,2
1203,graficon72nodi/grafo9639.72,23,72,80,94,102,2.0,18,291,64.21261358261108,2
1204,graficon44nodi/grafo3644.44,23,44,54,93,103,2.0,9,68,0.5038046836853027,2
1205,graficon54nodi/grafo3511.54,23,54,73,93,112,2.0,15,261,8.724847793579102,2
1206,graficon42nodi/grafo6946.42,23,42,58,94,110,3.0,22,223,5.074941873550415,2
1207,graficon57nodi/grafo5626.57,23,57,78,94,115,3.0,29,236,43.53500437736511,2
1208,graficon37nodi/grafo6217.37,23,37,53,94,110,2.0,21,175,3.8135995864868164,2
1209,graficon60nodi/grafo4512.60,23,60,73,93,106,2.0,20,271,5.809901714324951,2
1210,graficon47nodi/grafo5432.47,23,47,68,92,113,3.0,26,341,195.20831084251404,2
1211,graficon55nodi/grafo4502.55,23,55,76,92,113,4.0,57,394,600.5431454181671,9
1212,graficon58nodi/grafo1247.58,23,58,68,94,104,2.0,15,206,3.2763631343841553,2
1213,graficon43nodi/grafo6346.43,23,43,62,91,110,3.0,37,223,62.79997134208679,2
1214,graficon37nodi/grafo11625.37,23,37,51,92,106,2.0,9,109,0.7728285789489746,2
1215,graficon51nodi/grafo1470.51,23,51,69,90,108,3.0,38,284,93.909752368927,2
1216,graficon64nodi/grafo8416.64,23,64,79,94,109,3.0,28,306,356.119704246521,2
1217,graficon43nodi/grafo7441.43,23,43,60,92,109,3.0,31,193,13.990211963653564,2
1218,graficon40nodi/grafo5211.40,23,40,54,93,107,2.0,10,212,10.379900455474854,2
1219,graficon35nodi/grafo11326.35,23,35,42,91,98,1.0,6,110,0.36019039154052734,2
1220,graficon43nodi/grafo7157.43,23,43,53,90,100,1.0,9,131,0.984682559967041,2
1221,graficon39nodi/grafo3330.39,23,39,60,93,114,3.0,38,281,6.5113444328308105,2
1222,graficon40nodi/grafo3519.40,23,40,56,93,109,2.0,11,153,0.7730045318603516,2
1223,graficon57nodi/grafo4041.57,23,57,66,92,101,2.0,18,204,2.6552248001098633,2
1224,graficon41nodi/grafo7124.41,23,41,59,94,112,2.0,18,151,1.6238453388214111,2
1225,graficon61nodi/grafo4482.61,23,61,75,91,105,2.0,12,264,2.909836769104004,2
1226,graficon49nodi/grafo5721.49,23,49,64,92,107,2.0,8,158,9.46184253692627,2
1227,graficon42nodi/grafo5468.42,23,42,58,94,110,3.0,20,236,1.4014153480529785,2
1228,graficon37nodi/grafo1758.37,23,37,45,93,101,1.0,5,161,0.4843757152557373,2
1229,graficon36nodi/grafo11444.36,23,36,46,94,104,1.0,5,100,0.3297133445739746,2
1230,graficon37nodi/grafo11540.37,23,37,48,91,102,1.0,3,99,0.4140496253967285,2
1231,graficon37nodi/grafo7028.37,23,37,48,90,101,2.0,16,126,3.189527750015259,2
1232,graficon37nodi/grafo11417.37,23,37,49,90,102,1.0,3,97,0.27089810371398926,2
1233,graficon39nodi/grafo3187.39,23,39,53,91,105,2.0,15,204,1.870999813079834,2
1234,graficon39nodi/grafo9897.39,23,39,55,90,106,2.0,21,161,2.926534652709961,2
1235,graficon57nodi/grafo5748.57,23,57,76,94,113,2.0,31,269,87.76153540611267,2
1236,graficon38nodi/grafo10032.38,23,38,47,91,100,1.0,8,84,0.290743350982666,2
1237,graficon58nodi/grafo4796.58,23,58,73,90,105,3.0,30,191,36.52084565162659,2
1238,graficon40nodi/grafo10282.40,23,40,59,92,111,2.0,15,255,4.5314881801605225,2
1239,graficon54nodi/grafo5002.54,23,54,64,91,101,2.0,12,233,17.611485242843628,2
1240,graficon44nodi/grafo2199.44,23,44,50,90,96,1.0,3,102,0.5308923721313477,2
1241,graficon38nodi/grafo10659.38,23,38,57,91,110,3.0,28,241,3.625626564025879,2
1242,graficon56nodi/grafo4409.56,23,56,67,93,104,1.0,8,154,0.47943592071533203,2
1243,graficon47nodi/grafo6408.47,23,47,57,90,100,2.0,7,156,2.35878324508667,2
1244,graficon54nodi/grafo3858.54,23,54,68,92,106,2.0,28,235,7.579193115234375,2
1245,graficon43nodi/grafo5723.43,23,43,59,92,108,3.0,32,213,8.301604986190796,2
1246,graficon40nodi/grafo4010.40,23,40,52,92,104,2.0,13,137,3.6562674045562744,2
1247,graficon62nodi/grafo6173.62,23,62,73,92,103,2.0,15,173,2.3178775310516357,2
1248,graficon45nodi/grafo5138.45,23,45,61,90,106,3.0,33,477,39.79532051086426,2
1249,graficon41nodi/grafo6164.41,23,41,55,91,105,2.0,17,186,1.7496082782745361,2
1250,graficon41nodi/grafo3527.41,23,41,54,93,106,2.0,15,168,1.2445523738861084,2
1251,graficon42nodi/grafo7642.42,23,42,62,90,110,3.0,29,313,5.103435516357422,2
1252,graficon46nodi/grafo3424.46,23,46,56,94,104,2.0,17,146,1.2541210651397705,2
1253,graficon53nodi/grafo271.53,23,53,67,91,105,2.0,13,245,6.602099657058716,2
1254,graficon45nodi/grafo3660.45,23,45,60,90,105,3.0,23,246,130.02915835380554,2
1255,graficon40nodi/grafo5980.40,23,40,54,92,106,2.0,16,117,1.496412992477417,2
1256,graficon44nodi/grafo6945.44,23,44,60,93,109,2.0,24,252,7.091965436935425,2
1257,graficon35nodi/grafo5299.35,23,35,44,91,100,2.0,9,111,0.7121648788452148,2
1258,graficon66nodi/grafo9143.66,23,66,84,94,112,3.0,42,284,276.2804214954376,2
1259,graficon55nodi/grafo4195.55,23,55,69,91,105,2.0,16,151,1.7938575744628906,2
1260,graficon58nodi/grafo6193.58,23,58,77,91,110,3.0,37,353,134.4094352722168,2
1261,graficon45nodi/grafo6524.45,23,45,59,94,108,2.0,17,227,1.7403619289398193,2
1262,graficon54nodi/grafo4006.54,23,54,64,91,101,1.0,2,120,0.35755109786987305,2
1263,graficon38nodi/grafo11322.38,23,38,50,94,106,1.0,5,79,0.3747751712799072,2
1264,graficon46nodi/grafo6723.46,23,46,64,93,111,4.0,43,269,404.11180353164673,2
1265,graficon35nodi/grafo6517.35,23,35,49,93,107,2.0,15,143,0.8843433856964111,2
1266,graficon49nodi/grafo3415.49,23,49,65,90,106,2.0,16,181,1.3199028968811035,2
1267,graficon39nodi/grafo4005.39,23,39,52,91,104,2.0,19,184,30.019717693328857,2
1268,graficon52nodi/grafo4030.52,23,52,65,92,105,2.0,23,145,3.368910789489746,2
1269,graficon41nodi/grafo7098.41,23,41,59,92,110,4.0,42,276,197.29376220703125,2
1270,graficon43nodi/grafo5926.43,23,43,62,93,112,2.0,19,197,1.3364531993865967,2
1271,graficon47nodi/grafo7625.47,23,47,67,94,114,4.0,37,249,47.663119077682495,2
1272,graficon41nodi/grafo5717.41,23,41,51,93,103,1.0,8,125,0.5513849258422852,2
1273,graficon66nodi/grafo9641.66,23,66,79,90,103,2.0,13,444,48.34118986129761,2
1274,graficon38nodi/grafo6578.38,23,38,53,93,108,2.0,10,116,0.6277675628662109,2
1275,graficon42nodi/grafo3508.42,23,42,59,94,111,4.0,22,241,600.3823111057281,9
1276,graficon44nodi/grafo11403.44,23,44,60,98,114,2.0,17,227,7.5683863162994385,2
1277,graficon43nodi/grafo7636.43,23,43,59,99,115,2.0,21,231,2.565112829208374,2
1278,graficon42nodi/grafo5817.42,23,42,60,99,117,2.0,15,140,1.7881824970245361,2
1279,graficon51nodi/grafo3172.51,23,51,71,96,116,3.0,41,338,339.44845962524414,2
1280,graficon44nodi/grafo6432.44,23,44,54,95,105,2.0,6,144,1.3346071243286133,2
1281,graficon40nodi/grafo3621.40,23,40,50,95,105,2.0,13,119,1.2416176795959473,2
1282,graficon62nodi/grafo4646.62,23,62,78,96,112,2.0,19,373,20.718904733657837,2
1283,graficon52nodi/grafo7721.52,23,52,71,95,114,2.0,31,267,5.0952653884887695,2
1284,graficon45nodi/grafo7640.45,23,45,65,98,118,3.0,40,295,135.71018314361572,2
1285,graficon41nodi/grafo3781.41,23,41,58,96,113,3.0,22,277,5.543472528457642,2
1286,graficon57nodi/grafo4352.57,23,57,67,98,108,1.0,6,183,0.6047477722167969,2
1287,graficon40nodi/grafo6458.40,23,40,57,95,112,3.0,23,345,138.5861940383911,2
1288,graficon56nodi/grafo6568.56,23,56,69,98,111,2.0,22,251,7.715394496917725,2
1289,graficon50nodi/grafo4580.50,23,50,63,99,112,2.0,19,158,1.0219407081604004,2
1290,graficon53nodi/grafo3486.53,23,53,68,97,112,2.0,27,252,5.4152185916900635,2
1291,graficon54nodi/grafo1483.54,23,54,67,98,111,1.0,12,157,1.2372193336486816,2
1292,graficon47nodi/grafo6664.47,23,47,63,96,112,3.0,24,284,60.33287477493286,2
1293,graficon44nodi/grafo7761.44,23,44,55,98,109,2.0,9,186,3.267058849334717,2
1294,graficon48nodi/grafo3769.48,23,48,63,99,114,2.0,24,320,4.4240264892578125,2
1295,graficon44nodi/grafo3205.44,23,44,57,99,112,1.0,8,147,0.9230430126190186,2
1296,graficon42nodi/grafo3439.42,23,42,57,95,110,2.0,13,239,1.920264720916748,2
1297,graficon41nodi/grafo5645.41,23,41,52,97,108,2.0,14,166,1.6060750484466553,2
1298,graficon49nodi/grafo4012.49,23,49,65,99,115,3.0,29,212,204.28196907043457,2
1299,graficon38nodi/grafo3540.38,23,38,57,96,115,2.0,18,219,1.894632339477539,2
1300,graficon44nodi/grafo6960.44,23,44,61,98,115,3.0,23,212,5.370554208755493,2
1301,graficon43nodi/grafo4053.43,23,43,58,98,113,3.0,26,310,30.162508964538574,2
1302,graficon38nodi/grafo7478.38,23,38,47,98,107,1.0,5,102,0.29810500144958496,2
1303,graficon42nodi/grafo3402.42,23,42,62,99,119,3.0,32,218,38.689377546310425,2
1304,graficon40nodi/grafo3804.40,23,40,49,98,107,1.0,10,113,1.4525678157806396,2
1305,graficon46nodi/grafo7713.46,23,46,67,96,117,4.0,65,398,29.995729207992554,2
1306,graficon54nodi/grafo4849.54,23,54,68,95,109,2.0,8,150,19.841410636901855,2
1307,graficon48nodi/grafo4473.48,23,48,61,95,108,1.0,5,171,0.8033983707427979,2
1308,graficon54nodi/grafo4530.54,23,54,76,97,119,4.0,74,348,197.46947813034058,2
1309,graficon41nodi/grafo2531.41,23,41,56,99,114,2.0,17,205,3.5024659633636475,2
1310,graficon61nodi/grafo8112.61,23,61,77,97,113,2.0,25,251,9.460231065750122,2
1311,graficon53nodi/grafo3763.53,23,53,72,95,114,3.0,35,304,21.1272132396698,2
1312,graficon39nodi/grafo3099.39,23,39,47,98,106,0.0,0,64,0.05132269859313965,2
1313,graficon44nodi/grafo7621.44,23,44,65,98,119,2.0,22,259,4.968429803848267,2
1314,graficon44nodi/grafo6263.44,23,44,66,96,118,3.0,38,254,14.37703537940979,2
1315,graficon60nodi/grafo7448.60,23,60,81,98,119,4.0,64,491,389.15095829963684,2
1316,graficon46nodi/grafo5480.46,23,46,63,95,112,2.0,22,193,4.040223836898804,2
1317,graficon39nodi/grafo7390.39,23,39,59,97,117,3.0,26,195,195.72491025924683,2
1318,graficon42nodi/grafo3258.42,23,42,58,96,112,2.0,18,181,3.1205062866210938,2
1319,graficon52nodi/grafo6159.52,23,52,65,98,111,2.0,15,174,5.01870322227478,2
1320,graficon42nodi/grafo7485.42,23,42,56,99,113,2.0,24,184,4.264561414718628,2
1321,graficon49nodi/grafo7245.49,23,49,65,97,113,2.0,20,201,5.90991473197937,2
1322,graficon54nodi/grafo4488.54,23,54,69,95,110,2.0,23,225,5.56623649597168,2
1323,graficon42nodi/grafo6270.42,23,42,54,98,110,2.0,13,150,2.5551199913024902,2
1324,graficon42nodi/grafo3277.42,23,42,56,95,109,2.0,17,177,5.241893529891968,2
1325,graficon46nodi/grafo5832.46,23,46,58,95,107,2.0,8,138,7.565880537033081,2
1326,graficon60nodi/grafo4376.60,23,60,73,96,109,1.0,8,181,1.1371119022369385,2
1327,graficon55nodi/grafo1549.55,23,55,66,99,110,1.0,9,284,4.612640619277954,2
1328,graficon53nodi/grafo4871.53,23,53,71,98,116,2.0,19,301,14.265630006790161,2
1329,graficon60nodi/grafo8276.60,23,60,74,97,111,2.0,13,184,7.186829328536987,2
1330,graficon55nodi/grafo1465.55,23,55,65,95,105,2.0,18,201,6.844042062759399,2
1331,graficon53nodi/grafo5057.53,23,53,67,95,109,2.0,18,280,9.79311227798462,2
1332,graficon38nodi/grafo3383.38,23,38,62,98,122,4.0,70,391,24.895826816558838,2
1333,graficon38nodi/grafo3758.38,23,38,56,99,117,4.0,35,260,117.98892569541931,2
1334,graficon63nodi/grafo4664.63,23,63,77,99,113,2.0,19,154,3.1544504165649414,2
1335,graficon46nodi/grafo3412.46,23,46,65,95,114,3.0,25,220,128.2023572921753,2
1336,graficon44nodi/grafo7591.44,23,44,61,95,112,4.0,38,347,600.7706341743469,9
1337,graficon53nodi/grafo1482.53,23,53,67,96,110,2.0,21,268,3.836057186126709,2
1338,graficon43nodi/grafo6921.43,23,43,55,97,109,2.0,15,149,3.3331258296966553,2
1339,graficon41nodi/grafo6192.41,23,41,54,95,108,2.0,17,137,1.8934104442596436,2
1340,graficon51nodi/grafo7730.51,23,51,67,95,111,2.0,20,217,1.6453285217285156,2
1341,graficon39nodi/grafo7581.39,23,39,51,96,108,2.0,11,154,3.4173519611358643,2
1342,graficon62nodi/grafo4312.62,23,62,74,96,108,2.0,20,240,7.666930437088013,2
1343,graficon42nodi/grafo3476.42,23,42,60,99,117,2.0,29,277,10.034070253372192,2
1344,graficon41nodi/grafo7204.41,23,41,54,99,112,2.0,17,220,6.040243148803711,2
1345,graficon44nodi/grafo3603.44,23,44,66,99,121,4.0,60,342,223.2441337108612,2
1346,graficon39nodi/grafo11495.39,23,39,52,95,108,2.0,13,164,1.7689621448516846,2
1347,graficon39nodi/grafo3474.39,23,39,51,95,107,2.0,15,245,2.9102563858032227,2
1348,graficon42nodi/grafo6308.42,23,42,62,96,116,3.0,28,371,126.48732686042786,2
1349,graficon40nodi/grafo5643.40,23,40,51,95,106,1.0,5,176,1.201190710067749,2
1350,graficon39nodi/grafo5974.39,23,39,53,97,111,2.0,14,213,1.6269993782043457,2
1351,graficon41nodi/grafo6398.41,23,41,53,100,112,2.0,13,133,0.6104269027709961,2
1352,graficon53nodi/grafo5091.53,23,53,77,102,126,3.0,57,271,91.96860837936401,2
1353,graficon49nodi/grafo5078.49,23,49,64,100,115,2.0,10,158,2.997544527053833,2
1354,graficon41nodi/grafo5565.41,23,41,53,102,114,2.0,10,189,2.1779770851135254,2
1355,graficon56nodi/grafo3328.56,23,56,76,104,124,4.0,65,359,47.3424608707428,2
1356,graficon52nodi/grafo3755.52,23,52,72,104,124,2.0,30,281,11.470788717269897,2
1357,graficon65nodi/grafo9317.65,23,65,80,100,115,3.0,35,360,15.330158710479736,2
1358,graficon42nodi/grafo7572.42,23,42,50,101,109,1.0,5,135,2.556201934814453,2
1359,graficon55nodi/grafo2141.55,23,55,76,102,123,3.0,36,372,332.8486189842224,2
1360,graficon47nodi/grafo1433.47,23,47,60,101,114,2.0,10,139,26.010719060897827,2
1361,graficon39nodi/grafo5798.39,23,39,55,104,120,2.0,17,189,3.2939443588256836,2
1362,graficon55nodi/grafo4475.55,23,55,67,101,113,1.0,7,135,0.9800856113433838,2
1363,graficon58nodi/grafo5350.58,23,58,74,104,120,4.0,41,375,600.4417128562927,9
1364,graficon71nodi/grafo9653.71,23,71,80,103,112,1.0,2,179,0.849616289138794,2
1365,graficon63nodi/grafo4351.63,23,63,78,101,116,3.0,42,522,250.32456612586975,2
1366,graficon54nodi/grafo3785.54,23,54,70,101,117,2.0,29,207,4.681974172592163,2
1367,graficon37nodi/grafo11284.37,23,37,50,101,114,1.0,5,54,0.16938042640686035,2
1368,graficon38nodi/grafo2726.38,23,38,53,101,116,2.0,14,240,2.1425673961639404,2
1369,graficon62nodi/grafo6805.62,23,62,75,104,117,2.0,14,222,2.5812082290649414,2
1370,graficon67nodi/grafo9658.67,23,67,79,100,112,1.0,10,203,1.1653332710266113,2
1371,graficon60nodi/grafo3536.60,23,60,73,100,113,3.0,23,311,4.598694801330566,2
1372,graficon57nodi/grafo7289.57,23,57,72,100,115,2.0,28,233,5.85273551940918,2
1373,graficon59nodi/grafo4281.59,23,59,76,102,119,2.0,26,280,27.61445903778076,2
1374,graficon40nodi/grafo5568.40,23,40,59,100,119,3.0,30,217,39.96112132072449,2
1375,graficon61nodi/grafo8051.61,23,61,73,102,114,1.0,11,151,2.218139886856079,2
1376,graficon65nodi/grafo9375.65,23,65,76,102,113,1.0,12,199,2.633704900741577,2
1377,graficon44nodi/grafo5352.44,23,44,70,100,126,6.0,69,559,77.60712313652039,2
1378,graficon47nodi/grafo5710.47,23,47,62,103,118,2.0,21,199,7.171273231506348,2
1379,graficon50nodi/grafo1392.50,23,50,63,103,116,2.0,14,165,4.345453262329102,2
1380,graficon42nodi/grafo7610.42,23,42,55,103,116,2.0,11,90,0.4495682716369629,2
1381,graficon40nodi/grafo6641.40,23,40,54,100,114,1.0,8,100,1.3034753799438477,2
1382,graficon57nodi/grafo4452.57,23,57,76,104,123,3.0,32,255,11.20355772972107,2
1383,graficon48nodi/grafo6289.48,23,48,65,104,121,2.0,15,278,7.567760944366455,2
1384,graficon39nodi/grafo3375.39,23,39,59,103,123,4.0,24,200,12.277572631835938,2
1385,graficon45nodi/grafo7623.45,23,45,62,104,121,3.0,43,209,223.4704270362854,2
1386,graficon57nodi/grafo7770.57,23,57,69,102,114,1.0,9,224,3.6386849880218506,2
1387,graficon46nodi/grafo6166.46,23,46,66,102,122,3.0,36,222,286.94175839424133,2
1388,graficon45nodi/grafo7391.45,23,45,61,100,116,2.0,21,197,5.4959471225738525,2
1389,graficon48nodi/grafo7135.48,23,48,68,104,124,4.0,47,452,443.5578954219818,2
1390,graficon59nodi/grafo6718.59,23,59,73,103,117,2.0,17,268,3.8880271911621094,2
1391,graficon36nodi/grafo2877.36,23,36,53,101,118,2.0,17,177,32.54981207847595,2
1392,graficon42nodi/grafo7744.42,23,42,52,100,110,1.0,6,89,0.1988387107849121,2
1393,graficon55nodi/grafo3834.55,23,55,80,103,128,3.0,38,285,407.62564420700073,2
1394,graficon50nodi/grafo1307.50,23,50,71,104,125,4.0,46,425,205.16376280784607,2
1395,graficon42nodi/grafo7026.42,23,42,55,101,114,3.0,15,131,1.685194492340088,2
1396,graficon42nodi/grafo7261.42,23,42,62,100,120,3.0,34,351,41.43287634849548,2
1397,graficon56nodi/grafo5341.56,23,56,79,101,124,4.0,56,299,600.5796339511871,9
1398,graficon56nodi/grafo4651.56,23,56,76,101,121,3.0,47,407,28.632729530334473,2
1399,graficon35nodi/grafo5493.35,23,35,53,100,118,3.0,37,259,56.659854888916016,2
1400,graficon54nodi/grafo3748.54,23,54,73,104,123,3.0,41,226,35.415411710739136,2
1401,graficon56nodi/grafo1205.56,23,56,75,100,119,3.0,37,254,7.192137241363525,2
1402,graficon56nodi/grafo7738.56,23,56,79,102,125,4.0,54,362,176.91886138916016,2
1403,graficon61nodi/grafo3257.61,23,61,82,102,123,4.0,56,456,600.8246929645538,9
1404,graficon48nodi/grafo2254.48,23,48,66,102,120,3.0,27,309,32.17000889778137,2
1405,graficon42nodi/grafo5550.42,23,42,57,101,116,2.0,19,238,3.08717679977417,2
1406,graficon58nodi/grafo6722.58,23,58,69,103,114,2.0,22,200,7.003080129623413,2
1407,graficon50nodi/grafo6775.50,23,50,63,101,114,2.0,13,290,3.3932268619537354,2
1408,graficon56nodi/grafo6630.56,23,56,68,103,115,2.0,34,259,6.989620685577393,2
1409,graficon51nodi/grafo7550.51,23,51,66,102,117,3.0,24,253,37.78961944580078,2
1410,graficon55nodi/grafo4367.55,23,55,72,103,120,2.0,15,155,3.038740634918213,2
1411,graficon40nodi/grafo7165.40,23,40,55,102,117,3.0,28,215,82.25644850730896,2
1412,graficon67nodi/grafo6272.67,23,67,72,100,105,1.0,2,121,0.15502715110778809,2
1413,graficon51nodi/grafo3484.51,23,51,68,104,121,4.0,35,250,288.8137354850769,2
1414,graficon53nodi/grafo2794.53,23,53,73,104,124,3.0,43,267,32.235952854156494,2
1415,graficon49nodi/grafo4734.49,23,49,59,101,111,1.0,3,126,0.6714253425598145,2
1416,graficon50nodi/grafo5745.50,23,50,75,101,126,5.0,80,269,602.8993818759918,9
1417,graficon63nodi/grafo1570.63,23,63,74,100,111,2.0,18,191,2.3303186893463135,2
1418,graficon39nodi/grafo11671.39,23,39,52,101,114,2.0,17,174,3.9811415672302246,2
1419,graficon67nodi/grafo1617.67,23,67,80,103,116,2.0,14,162,32.08896732330322,2
1420,graficon39nodi/grafo5762.39,23,39,59,103,123,2.0,28,214,3.2660670280456543,2
1421,graficon54nodi/grafo4467.54,23,54,69,102,117,2.0,12,228,5.179065942764282,2
1422,graficon36nodi/grafo5175.36,23,36,45,101,110,2.0,10,100,0.4110560417175293,2
1423,graficon49nodi/grafo5220.49,23,49,64,100,115,3.0,26,285,143.6354923248291,2
1424,graficon57nodi/grafo5032.57,23,57,69,101,113,2.0,11,231,3.602288007736206,2
1425,graficon44nodi/grafo5221.44,23,44,57,102,115,2.0,16,147,1.9497666358947754,2
1426,graficon42nodi/grafo10008.42,23,42,61,107,126,3.0,29,237,46.79791831970215,2
1427,graficon44nodi/grafo3501.44,23,44,63,106,125,3.0,36,343,24.418500900268555,2
1428,graficon55nodi/grafo4528.55,23,55,67,106,118,2.0,8,166,2.4477479457855225,2
1429,graficon45nodi/grafo7219.45,23,45,59,108,122,2.0,22,224,6.355558633804321,2
1430,graficon39nodi/grafo5763.39,23,39,54,109,124,2.0,12,139,1.6098370552062988,2
1431,graficon55nodi/grafo1361.55,23,55,66,106,117,2.0,12,241,1.9058995246887207,2
1432,graficon45nodi/grafo7555.45,23,45,58,106,119,2.0,11,137,3.195941925048828,2
1433,graficon54nodi/grafo7407.54,23,54,66,105,117,2.0,13,266,8.098796844482422,2
1434,graficon57nodi/grafo5924.57,23,57,74,105,122,2.0,29,238,5.414087295532227,2
1435,graficon44nodi/grafo6229.44,23,44,56,107,119,1.0,9,105,0.6246931552886963,2
1436,graficon43nodi/grafo6343.43,23,43,55,106,118,2.0,13,141,2.266697406768799,2
1437,graficon48nodi/grafo6544.48,23,48,61,105,118,2.0,15,231,3.4570627212524414,2
1438,graficon62nodi/grafo1215.62,23,62,82,105,125,4.0,60,359,15.824936628341675,2
1439,graficon51nodi/grafo3726.51,23,51,70,105,124,3.0,35,203,224.11523532867432,2
1440,graficon64nodi/grafo9460.64,23,64,78,107,121,2.0,20,234,22.684823513031006,2
1441,graficon47nodi/grafo5255.47,23,47,64,106,123,3.0,22,275,120.66033411026001,2
1442,graficon61nodi/grafo4491.61,23,61,79,109,127,2.0,19,178,9.288950681686401,2
1443,graficon44nodi/grafo5130.44,23,44,56,106,118,2.0,17,184,3.5261669158935547,2
1444,graficon45nodi/grafo6438.45,23,45,58,105,118,2.0,15,169,6.111902952194214,2
1445,graficon53nodi/grafo4079.53,23,53,62,107,116,2.0,14,135,1.265939474105835,2
1446,graficon40nodi/grafo10057.40,23,40,59,106,125,4.0,53,265,600.7021975517273,9
1447,graficon52nodi/grafo7181.52,23,52,81,109,138,4.0,66,328,509.7232029438019,2
1448,graficon46nodi/grafo5473.46,23,46,64,106,124,2.0,27,294,4.2015862464904785,2
1449,graficon46nodi/grafo6674.46,23,46,62,107,123,2.0,20,207,3.068817615509033,2
1450,graficon51nodi/grafo4756.51,23,51,70,109,128,3.0,27,297,218.6797559261322,2
1451,graficon38nodi/grafo11400.38,23,38,49,109,120,1.0,8,117,0.2799794673919678,2
1452,graficon43nodi/grafo6348.43,23,43,56,108,121,2.0,16,232,1.3995485305786133,2
1453,graficon36nodi/grafo6109.36,23,36,52,106,122,2.0,17,181,2.803839683532715,2
1454,graficon53nodi/grafo4167.53,23,53,69,106,122,2.0,23,226,5.629308223724365,2
1455,graficon66nodi/grafo9206.66,23,66,84,109,127,3.0,46,290,354.31178736686707,2
1456,graficon58nodi/grafo3235.58,23,58,71,109,122,2.0,18,266,5.873572111129761,2
1457,graficon48nodi/grafo6554.48,23,48,70,107,129,5.0,68,412,49.87659788131714,2
1458,graficon60nodi/grafo1192.60,23,60,79,106,125,3.0,49,291,13.986434936523438,2
1459,graficon46nodi/grafo6771.46,23,46,55,107,116,1.0,7,147,0.4138295650482178,2
1460,graficon40nodi/grafo5231.40,23,40,56,108,124,2.0,15,226,3.371734857559204,2
1461,graficon38nodi/grafo6547.38,23,38,64,107,133,5.0,74,342,62.6039674282074,2
1462,graficon59nodi/grafo3194.59,23,59,67,106,114,1.0,3,132,0.4174349308013916,2
1463,graficon47nodi/grafo6384.47,23,47,72,108,133,4.0,64,402,600.5524201393127,9
1464,graficon42nodi/grafo7389.42,23,42,62,109,129,3.0,44,231,14.161268949508667,2
1465,graficon54nodi/grafo7090.54,23,54,72,107,125,3.0,29,403,488.62522172927856,2
1466,graficon43nodi/grafo3227.43,23,43,65,108,130,3.0,39,310,306.6008598804474,2
1467,graficon44nodi/grafo7751.44,23,44,58,105,119,2.0,9,117,2.471494197845459,2
1468,graficon40nodi/grafo7767.40,23,40,54,107,121,2.0,10,102,0.8819339275360107,2
1469,graficon49nodi/grafo7010.49,23,49,67,106,124,2.0,19,200,3.0188770294189453,2
1470,graficon60nodi/grafo4421.60,23,60,73,106,119,2.0,18,274,17.35131001472473,2
1471,graficon52nodi/grafo1431.52,23,52,70,109,127,2.0,24,191,2.576324701309204,2
1472,graficon48nodi/grafo6390.48,23,48,65,109,126,2.0,25,216,2.7226688861846924,2
1473,graficon46nodi/grafo5713.46,23,46,66,105,125,2.0,30,201,24.582104444503784,2
1474,graficon55nodi/grafo5960.55,23,55,79,108,132,4.0,83,530,72.87198567390442,2
1475,graficon55nodi/grafo4161.55,23,55,73,106,124,3.0,45,327,438.87764263153076,2
1476,graficon37nodi/grafo3359.37,23,37,58,109,130,3.0,25,283,58.902318239212036,2
1477,graficon52nodi/grafo5150.52,23,52,70,107,125,2.0,25,261,6.092969179153442,2
1478,graficon55nodi/grafo4967.55,23,55,66,109,120,2.0,17,234,7.794177770614624,2
1479,graficon49nodi/grafo2656.49,23,49,59,107,117,1.0,6,171,1.3282270431518555,2
1480,graficon44nodi/grafo7259.44,23,44,61,105,122,2.0,20,172,1.7487425804138184,2
1481,graficon45nodi/grafo6396.45,23,45,65,108,128,3.0,30,236,14.997860193252563,2
1482,graficon47nodi/grafo3730.47,23,47,63,107,123,2.0,19,190,1.9456496238708496,2
1483,graficon47nodi/grafo2478.47,23,47,62,105,120,3.0,26,248,7.745951890945435,2
1484,graficon59nodi/grafo6030.59,23,59,80,105,126,3.0,39,318,34.93975019454956,2
1485,graficon47nodi/grafo6696.47,23,47,66,106,125,3.0,36,259,17.158795595169067,2
1486,graficon60nodi/grafo5223.60,23,60,83,105,128,4.0,68,576,323.5691878795624,2
1487,graficon40nodi/grafo4038.40,23,40,53,107,120,2.0,13,159,2.9826605319976807,2
1488,graficon57nodi/grafo4177.57,23,57,76,107,126,3.0,23,387,251.36188745498657,2
1489,graficon57nodi/grafo5329.57,23,57,71,106,120,2.0,11,217,3.8846964836120605,2
1490,graficon57nodi/grafo5849.57,23,57,81,106,130,3.0,46,346,186.3256130218506,2
1491,graficon58nodi/grafo1501.58,23,58,72,108,122,1.0,7,151,0.3750734329223633,2
1492,graficon61nodi/grafo9391.61,23,61,78,107,124,3.0,25,209,10.43031358718872,2
1493,graficon55nodi/grafo3352.55,23,55,69,108,122,1.0,11,151,1.9492299556732178,2
1494,graficon38nodi/grafo3917.38,23,38,58,105,125,3.0,30,323,292.68467378616333,2
1495,graficon65nodi/grafo9118.65,23,65,84,105,124,2.0,12,315,4.853811979293823,2
1496,graficon59nodi/grafo5083.59,23,59,71,106,118,3.0,27,383,331.2626349925995,2
1497,graficon41nodi/grafo5811.41,23,41,59,105,123,3.0,36,253,3.3628218173980713,2
1498,graficon52nodi/grafo3185.52,23,52,76,108,132,3.0,43,239,31.039560556411743,2
1499,graficon61nodi/grafo6898.61,23,61,72,109,120,1.0,11,230,3.7771434783935547,2
1500,graficon49nodi/grafo6707.49,23,49,64,106,121,3.0,32,265,7.954083681106567,2
1501,graficon37nodi/grafo4080.37,23,37,57,112,132,3.0,38,349,39.29794192314148,2
1502,graficon54nodi/grafo1328.54,23,54,71,112,129,2.0,27,258,4.253658056259155,2
1503,graficon56nodi/grafo4416.56,23,56,70,114,128,2.0,22,191,4.2952752113342285,2
1504,graficon59nodi/grafo4386.59,23,59,73,111,125,2.0,15,234,17.124168634414673,2
1505,graficon54nodi/grafo4332.54,23,54,69,111,126,2.0,20,171,22.166980504989624,2
1506,graficon35nodi/grafo5351.35,23,35,51,111,127,2.0,13,174,2.651566743850708,2
1507,graficon56nodi/grafo4275.56,23,56,76,113,133,3.0,40,270,9.877705097198486,2
1508,graficon59nodi/grafo6792.59,23,59,76,114,131,3.0,36,369,28.771156787872314,2
1509,graficon69nodi/grafo7584.69,23,69,80,114,125,2.0,18,175,13.550309419631958,2
1510,graficon51nodi/grafo6893.51,23,51,68,114,131,2.0,24,254,9.045008897781372,2
1511,graficon58nodi/grafo5098.58,23,58,79,112,133,5.0,66,650,91.23976063728333,2
1512,graficon64nodi/grafo7471.64,23,64,76,110,122,3.0,18,306,3.976978063583374,2
1513,graficon74nodi/grafo8685.74,23,74,94,114,134,3.0,37,438,338.680410861969,2
1514,graficon47nodi/grafo7236.47,23,47,70,111,134,3.0,41,348,45.10108733177185,2
1515,graficon60nodi/grafo4548.60,23,60,72,112,124,3.0,28,267,234.29712986946106,2
1516,graficon64nodi/grafo4288.64,23,64,81,111,128,2.0,24,268,14.896283626556396,2
1517,graficon77nodi/grafo8372.77,23,77,85,112,120,2.0,12,293,23.077871084213257,2
1518,graficon61nodi/grafo5418.61,23,61,82,112,133,3.0,29,484,28.026781797409058,2
1519,graficon59nodi/grafo4463.59,23,59,76,114,131,2.0,14,305,3.3052964210510254,2
1520,graficon58nodi/grafo4889.58,23,58,77,111,130,3.0,37,368,313.6286406517029,2
1521,graficon55nodi/grafo4661.55,23,55,69,111,125,2.0,19,202,7.960930347442627,2
1522,graficon43nodi/grafo5950.43,23,43,56,112,125,2.0,11,138,2.002431869506836,2
1523,graficon44nodi/grafo5404.44,23,44,60,113,129,2.0,18,236,4.279756546020508,2
1524,graficon59nodi/grafo6503.59,23,59,73,111,125,2.0,17,158,3.5372543334960938,2
1525,graficon35nodi/grafo5852.35,23,35,50,112,127,2.0,9,107,1.37253999710083,2
1526,graficon55nodi/grafo4318.55,23,55,81,114,140,4.0,73,671,161.83877301216125,2
1527,graficon63nodi/grafo9365.63,23,63,83,110,130,2.0,31,369,18.74433445930481,2
1528,graficon39nodi/grafo2982.39,23,39,52,112,125,2.0,9,165,1.1378979682922363,2
1529,graficon58nodi/grafo6031.58,23,58,82,113,137,4.0,46,494,600.7394289970398,9
1530,graficon40nodi/grafo3131.40,23,40,53,112,125,2.0,18,269,3.0480923652648926,2
1531,graficon66nodi/grafo1564.66,23,66,85,114,133,3.0,20,247,218.29158425331116,2
1532,graficon44nodi/grafo6276.44,23,44,62,112,130,3.0,18,147,5.981714248657227,2
1533,graficon65nodi/grafo9158.65,23,65,87,114,136,4.0,52,425,461.56063628196716,2
1534,graficon61nodi/grafo3853.61,23,61,79,113,131,3.0,31,305,26.023092031478882,2
1535,graficon61nodi/grafo9775.61,23,61,79,113,131,2.0,17,422,18.56905484199524,2
1536,graficon43nodi/grafo3947.43,23,43,63,114,134,2.0,14,262,1.7013061046600342,2
1537,graficon42nodi/grafo7666.42,23,42,63,111,132,3.0,34,283,29.70621418952942,2
1538,graficon72nodi/grafo8975.72,23,72,87,112,127,3.0,36,435,582.6582207679749,2
1539,graficon51nodi/grafo4726.51,23,51,67,110,126,2.0,12,392,23.004760026931763,2
1540,graficon46nodi/grafo5659.46,23,46,60,110,124,2.0,19,249,2.966918706893921,2
1541,graficon63nodi/grafo2914.63,23,63,80,111,128,3.0,40,290,333.1193013191223,2
1542,graficon58nodi/grafo5008.58,23,58,77,114,133,2.0,28,268,6.223663091659546,2
1543,graficon59nodi/grafo6791.59,23,59,76,114,131,3.0,36,369,28.69593358039856,2
1544,graficon53nodi/grafo1262.53,23,53,74,114,135,4.0,69,418,479.23832058906555,2
1545,graficon56nodi/grafo6350.56,23,56,74,114,132,3.0,30,282,106.96656727790833,2
1546,graficon36nodi/grafo3241.36,23,36,47,110,121,2.0,8,112,1.107785940170288,2
1547,graficon52nodi/grafo3628.52,23,52,71,114,133,2.0,17,291,6.512117862701416,2
1548,graficon40nodi/grafo4021.40,23,40,51,111,122,1.0,10,115,0.6453485488891602,2
1549,graficon60nodi/grafo5483.60,23,60,75,113,128,2.0,13,337,4.313248634338379,2
1550,graficon42nodi/grafo5183.42,23,42,58,110,126,2.0,20,241,5.1450440883636475,2
1551,graficon62nodi/grafo4952.62,23,62,78,110,126,2.0,22,325,14.047111511230469,2
1552,graficon44nodi/grafo6968.44,23,44,67,112,135,3.0,42,227,8.162433862686157,2
1553,graficon46nodi/grafo6553.46,23,46,66,111,131,2.0,20,211,4.124676942825317,2
1554,graficon56nodi/grafo6546.56,23,56,70,113,127,2.0,15,238,13.441696405410767,2
1555,graficon55nodi/grafo7054.55,23,55,79,112,136,5.0,47,402,600.6966505050659,9
1556,graficon62nodi/grafo6494.62,23,62,81,111,130,3.0,43,332,161.10792565345764,2
1557,graficon56nodi/grafo4322.56,23,56,78,113,135,4.0,49,323,600.672993183136,9
1558,graficon62nodi/grafo7772.62,23,62,79,113,130,2.0,28,263,21.61637020111084,2
1559,graficon61nodi/grafo4616.61,23,61,81,111,131,3.0,27,327,26.04272985458374,2
1560,graficon63nodi/grafo4884.63,23,63,86,113,136,4.0,55,466,162.943585395813,2
1561,graficon38nodi/grafo10618.38,23,38,54,113,129,3.0,37,182,13.121053218841553,2
1562,graficon52nodi/grafo6715.52,23,52,72,110,130,3.0,36,362,355.2899167537689,2
1563,graficon41nodi/grafo4031.41,23,41,62,111,132,3.0,29,216,4.636388778686523,2
1564,graficon53nodi/grafo5040.53,23,53,72,112,131,3.0,36,346,14.89220905303955,2
1565,graficon63nodi/grafo4162.63,23,63,81,113,131,2.0,37,379,145.30211472511292,2
1566,graficon53nodi/grafo4750.53,23,53,64,113,124,1.0,8,147,0.7609586715698242,2
1567,graficon37nodi/grafo5965.37,23,37,52,113,128,2.0,16,180,2.8282790184020996,2
1568,graficon41nodi/grafo149.41,23,41,54,111,124,2.0,10,161,3.3907456398010254,2
1569,graficon68nodi/grafo4896.68,23,68,86,114,132,3.0,33,199,63.05895662307739,2
1570,graficon48nodi/grafo6561.48,23,48,68,111,131,3.0,23,325,134.68140172958374,2
1571,graficon64nodi/grafo9060.64,23,64,81,112,129,3.0,34,323,520.3195474147797,2
1572,graficon44nodi/grafo4022.44,23,44,63,113,132,2.0,25,284,4.694003343582153,2
1573,graficon39nodi/grafo3142.39,23,39,52,111,124,2.0,11,172,2.21661114692688,2
1574,graficon64nodi/grafo9057.64,23,64,85,114,135,3.0,47,336,50.02813911437988,2
1575,graficon38nodi/grafo7492.38,23,38,57,111,130,3.0,32,300,39.170623779296875,2
1576,graficon56nodi/grafo1366.56,23,56,70,115,129,1.0,8,192,1.614166498184204,2
1577,graficon57nodi/grafo4130.57,23,57,79,117,139,4.0,47,416,603.3961281776428,9
1578,graficon55nodi/grafo6661.55,23,55,72,117,134,2.0,19,168,1.8235139846801758,2
1579,graficon59nodi/grafo1342.59,23,59,70,117,128,2.0,18,220,45.15949106216431,2
1580,graficon64nodi/grafo9594.64,23,64,86,117,139,4.0,50,357,600.9014890193939,9
1581,graficon57nodi/grafo6107.57,23,57,75,119,137,2.0,25,312,12.312773704528809,2
1582,graficon64nodi/grafo9467.64,23,64,75,117,128,1.0,10,170,1.9891307353973389,2
1583,graficon68nodi/grafo9749.68,23,68,82,119,133,2.0,19,307,61.26376271247864,2
1584,graficon56nodi/grafo1480.56,23,56,77,118,139,4.0,68,440,478.02450799942017,2
1585,graficon37nodi/grafo11566.37,23,37,53,116,132,3.0,19,165,146.67706394195557,2
1586,graficon62nodi/grafo5406.62,23,62,77,117,132,2.0,18,212,3.798964738845825,2
1587,graficon71nodi/grafo8270.71,23,71,91,118,138,2.0,30,235,13.49381947517395,2
1588,graficon54nodi/grafo5311.54,23,54,74,115,135,3.0,52,363,319.01703238487244,2
1589,graficon59nodi/grafo4198.59,23,59,75,115,131,3.0,31,269,195.79750156402588,2
1590,graficon51nodi/grafo6747.51,23,51,65,118,132,2.0,15,175,3.3510167598724365,2
1591,graficon68nodi/grafo6622.68,23,68,77,115,124,1.0,5,143,0.4809849262237549,2
1592,graficon64nodi/grafo4563.64,23,64,87,118,141,5.0,70,511,601.3522779941559,9
1593,graficon64nodi/grafo5788.64,23,64,77,117,130,2.0,26,259,12.851235628128052,2
1594,graficon67nodi/grafo6909.67,23,67,77,115,125,2.0,18,211,3.96763277053833,2
1595,graficon53nodi/grafo4003.53,23,53,72,118,137,3.0,31,261,286.0001928806305,2
1596,graficon54nodi/grafo6872.54,23,54,76,119,141,4.0,68,366,600.4503617286682,9
1597,graficon57nodi/grafo6269.57,23,57,75,118,136,3.0,44,321,600.4478831291199,9
1598,graficon58nodi/grafo4723.58,23,58,70,118,130,1.0,6,232,1.5503737926483154,2
1599,graficon45nodi/grafo6297.45,23,45,60,115,130,2.0,14,150,3.4718871116638184,2
1600,graficon39nodi/grafo9974.39,23,39,55,117,133,1.0,5,134,0.5650339126586914,2
1601,graficon55nodi/grafo4894.55,23,55,76,116,137,3.0,36,259,12.07775092124939,2
1602,graficon43nodi/grafo5515.43,23,43,64,116,137,3.0,39,350,48.52797555923462,2
1603,graficon52nodi/grafo3810.52,23,52,64,115,127,2.0,21,184,12.911949396133423,2
1604,graficon62nodi/grafo4293.62,23,62,77,115,130,2.0,31,345,7.598358869552612,2
1605,graficon57nodi/grafo3957.57,23,57,80,119,142,3.0,51,306,21.06714963912964,2
1606,graficon42nodi/grafo5345.42,23,42,55,118,131,2.0,7,151,24.37218713760376,2
1607,graficon44nodi/grafo7605.44,23,44,65,118,139,3.0,23,267,17.595362901687622,2
1608,graficon47nodi/grafo6300.47,23,47,72,117,142,4.0,68,391,433.2094192504883,2
1609,graficon63nodi/grafo9652.63,23,63,75,118,130,2.0,18,213,6.1243896484375,2
1610,graficon53nodi/grafo5729.53,23,53,75,115,137,4.0,43,345,16.82824444770813,2
1611,graficon58nodi/grafo6690.58,23,58,70,116,128,2.0,12,246,3.1275274753570557,2
1612,graficon75nodi/grafo6954.75,23,75,90,117,132,2.0,29,268,9.702248573303223,2
1613,graficon51nodi/grafo3507.51,23,51,71,117,137,3.0,31,296,334.2906014919281,2
1614,graficon41nodi/grafo7137.41,23,41,59,115,133,2.0,23,176,4.465852737426758,2
1615,graficon69nodi/grafo8347.69,23,69,76,119,126,1.0,4,201,0.8116233348846436,2
1616,graficon64nodi/grafo4722.64,23,64,80,119,135,2.0,20,222,4.454920291900635,2
1617,graficon44nodi/grafo5243.44,23,44,61,118,135,2.0,24,240,2.522524833679199,2
1618,graficon51nodi/grafo4766.51,23,51,73,117,139,3.0,24,308,14.93154001235962,2
1619,graficon45nodi/grafo7039.45,23,45,63,116,134,2.0,13,212,3.290341854095459,2
1620,graficon66nodi/grafo1414.66,23,66,82,118,134,2.0,22,292,14.806978464126587,2
1621,graficon48nodi/grafo7601.48,23,48,64,118,134,2.0,24,224,3.7381913661956787,2
1622,graficon63nodi/grafo9085.63,23,63,82,119,138,3.0,43,335,59.11879277229309,2
1623,graficon56nodi/grafo4621.56,23,56,67,119,130,2.0,20,203,1.686833143234253,2
1624,graficon63nodi/grafo7961.63,23,63,76,117,130,2.0,10,223,3.8042361736297607,2
1625,graficon56nodi/grafo3760.56,23,56,69,115,128,1.0,10,164,0.6088056564331055,2
1626,graficon58nodi/grafo5173.58,23,58,83,115,140,3.0,47,379,600.4494712352753,9
1627,graficon43nodi/grafo6391.43,23,43,62,119,138,3.0,31,279,57.024492263793945,2
1628,graficon37nodi/grafo5229.37,23,37,53,115,131,2.0,18,178,4.1528918743133545,2
1629,graficon67nodi/grafo9070.67,23,67,88,116,137,3.0,51,373,321.60329508781433,2
1630,graficon76nodi/grafo8078.76,23,76,98,117,139,4.0,106,495,132.76684880256653,2
1631,graficon65nodi/grafo1527.65,23,65,77,117,129,2.0,13,179,5.072145700454712,2
1632,graficon37nodi/grafo6959.37,23,37,55,117,135,2.0,14,114,1.317322015762329,2
1633,graficon46nodi/grafo6724.46,23,46,66,118,138,3.0,30,308,511.7886018753052,2
1634,graficon43nodi/grafo5987.43,23,43,63,117,137,3.0,45,278,7.731101036071777,2
1635,graficon64nodi/grafo9098.64,23,64,80,117,133,2.0,20,220,1.303389549255371,2
1636,graficon54nodi/grafo3460.54,23,54,82,117,145,5.0,66,639,600.9862551689148,9
1637,graficon50nodi/grafo4869.50,23,50,69,117,136,3.0,27,248,242.4311170578003,2
1638,graficon44nodi/grafo4017.44,23,44,60,118,134,2.0,22,219,4.064358949661255,2
1639,graficon61nodi/grafo9367.61,23,61,77,117,133,2.0,23,406,16.70914626121521,2
1640,graficon37nodi/grafo6698.37,23,37,54,118,135,2.0,14,161,2.5182700157165527,2
1641,graficon66nodi/grafo4656.66,23,66,81,119,134,2.0,21,266,18.12347173690796,2
1642,graficon52nodi/grafo4874.52,23,52,70,119,137,1.0,9,310,5.208256721496582,2
1643,graficon57nodi/grafo6446.57,23,57,68,116,127,2.0,6,167,1.8426778316497803,2
1644,graficon57nodi/grafo1567.57,23,57,74,118,135,2.0,17,181,2.2884786128997803,2
1645,graficon60nodi/grafo7536.60,23,60,76,119,135,3.0,29,339,250.00569534301758,2
1646,graficon62nodi/grafo9405.62,23,62,82,117,137,4.0,39,559,602.0890526771545,9
1647,graficon58nodi/grafo4605.58,23,58,84,118,144,5.0,74,624,601.2061429023743,9
1648,graficon39nodi/grafo3902.39,23,39,53,116,130,3.0,24,205,2.833967447280884,2
1649,graficon46nodi/grafo6228.46,23,46,62,116,132,3.0,31,285,19.050386667251587,2
1650,graficon63nodi/grafo6941.63,23,63,82,116,135,3.0,34,295,514.6897850036621,2
1651,graficon58nodi/grafo5389.58,23,58,84,122,148,4.0,54,409,600.663013458252,9
1652,graficon52nodi/grafo3704.52,23,52,70,121,139,4.0,47,328,600.8074157238007,9
1653,graficon60nodi/grafo5914.60,23,60,82,124,146,4.0,71,499,600.8720574378967,9
1654,graficon58nodi/grafo4730.58,23,58,86,123,151,3.0,38,585,107.39987397193909,2
1655,graficon68nodi/grafo8028.68,23,68,94,121,147,6.0,102,601,600.8450765609741,9
1656,graficon47nodi/grafo3846.47,23,47,65,124,142,2.0,17,306,2.266550064086914,2
1657,graficon46nodi/grafo6790.46,23,46,74,121,149,5.0,70,528,600.9787015914917,9
1658,graficon73nodi/grafo6710.73,23,73,94,124,145,3.0,54,558,20.939794301986694,2
1659,graficon59nodi/grafo7328.59,23,59,71,120,132,2.0,10,166,3.578016996383667,2
1660,graficon46nodi/grafo7399.46,23,46,63,123,140,2.0,19,196,4.360884666442871,2
1661,graficon76nodi/grafo7967.76,23,76,100,121,145,4.0,62,746,601.0458228588104,9
1662,graficon67nodi/grafo8050.67,23,67,86,123,142,2.0,33,415,39.29611253738403,2
1663,graficon42nodi/grafo6310.42,23,42,63,122,143,2.0,27,253,205.00958466529846,2
1664,graficon56nodi/grafo3658.56,23,56,78,124,146,5.0,67,427,600.9285821914673,9
1665,graficon62nodi/grafo4245.62,23,62,84,121,143,3.0,44,265,36.347691774368286,2
1666,graficon77nodi/grafo4554.77,23,77,99,124,146,4.0,76,517,533.0191135406494,2
1667,graficon60nodi/grafo4856.60,23,60,80,122,142,3.0,32,309,29.32308793067932,2
1668,graficon53nodi/grafo4505.53,23,53,69,120,136,1.0,9,179,4.031116724014282,2
1669,graficon43nodi/grafo5443.43,23,43,59,122,138,2.0,22,212,8.04369044303894,2
1670,graficon51nodi/grafo6475.51,23,51,66,122,137,2.0,23,178,4.600014925003052,2
1671,graficon47nodi/grafo7084.47,23,47,65,124,142,2.0,27,236,84.25318884849548,2
1672,graficon75nodi/grafo8507.75,23,75,88,123,136,2.0,12,176,52.17411494255066,2
1673,graficon48nodi/grafo1416.48,23,48,62,124,138,2.0,16,194,2.0615670680999756,2
1674,graficon63nodi/grafo9234.63,23,63,87,120,144,3.0,59,363,66.8211624622345,2
1675,graficon51nodi/grafo4154.51,23,51,65,121,135,2.0,10,221,5.284078598022461,2
1676,graficon62nodi/grafo4988.62,23,62,78,121,137,2.0,32,284,591.5144150257111,2
1677,graficon61nodi/grafo6131.61,23,61,79,123,141,2.0,17,399,46.68898272514343,2
1678,graficon44nodi/grafo6911.44,23,44,59,124,139,2.0,7,130,2.1728644371032715,2
1679,graficon58nodi/grafo3448.58,23,58,85,124,151,4.0,70,421,601.3508839607239,9
1680,graficon60nodi/grafo8115.60,23,60,74,120,134,2.0,27,320,12.319984197616577,2
1681,graficon55nodi/grafo3950.55,23,55,74,121,140,2.0,30,312,471.63964772224426,2
1682,graficon64nodi/grafo9659.64,23,64,82,122,140,3.0,47,341,585.8425769805908,2
1683,graficon44nodi/grafo3705.44,23,44,57,120,133,1.0,8,147,1.2012388706207275,2
1684,graficon61nodi/grafo4313.61,23,61,89,120,148,4.0,61,316,601.7785756587982,9
1685,graficon57nodi/grafo3991.57,23,57,81,120,144,4.0,72,457,91.25998640060425,2
1686,graficon46nodi/grafo7405.46,23,46,64,123,141,2.0,31,245,25.119800567626953,2
1687,graficon57nodi/grafo3791.57,23,57,78,123,144,3.0,38,335,323.6634018421173,2
1688,graficon43nodi/grafo3269.43,23,43,58,122,137,2.0,15,203,2.8667447566986084,2
1689,graficon39nodi/grafo6026.39,23,39,61,122,144,3.0,17,180,180.60387897491455,2
1690,graficon62nodi/grafo9822.62,23,62,89,124,151,5.0,81,489,600.5027322769165,9
1691,graficon49nodi/grafo4046.49,23,49,67,122,140,2.0,25,280,15.561234474182129,2
1692,graficon55nodi/grafo3346.55,23,55,74,122,141,2.0,25,283,7.889453649520874,2
1693,graficon56nodi/grafo4940.56,23,56,72,121,137,2.0,24,274,85.7749674320221,2
1694,graficon57nodi/grafo4083.57,23,57,78,124,145,3.0,35,297,600.8580365180969,9
1695,graficon46nodi/grafo3636.46,23,46,62,121,137,2.0,17,250,2.4156532287597656,2
1696,graficon55nodi/grafo4394.55,23,55,76,124,145,3.0,41,292,601.1728534698486,9
1697,graficon42nodi/grafo6004.42,23,42,60,121,139,2.0,13,281,2.68754506111145,2
1698,graficon61nodi/grafo4331.61,23,61,78,124,141,2.0,24,248,2.750422716140747,2
1699,graficon69nodi/grafo7284.69,23,69,87,121,139,3.0,38,291,154.25862526893616,2
1700,graficon55nodi/grafo3598.55,23,55,73,122,140,3.0,22,308,364.81379652023315,2
1701,graficon55nodi/grafo4356.55,23,55,73,120,138,3.0,27,194,220.1750762462616,2
1702,graficon61nodi/grafo5755.61,23,61,85,124,148,4.0,55,327,600.9657003879547,9
1703,graficon38nodi/grafo11236.38,23,38,52,124,138,2.0,5,127,1.37955904006958,2
1704,graficon56nodi/grafo5089.56,23,56,83,123,150,3.0,52,272,307.5775134563446,2
1705,graficon46nodi/grafo7386.46,23,46,66,122,142,3.0,37,341,84.5901415348053,2
1706,graficon60nodi/grafo8159.60,23,60,85,122,147,3.0,52,513,356.2011024951935,2
1707,graficon61nodi/grafo3564.61,23,61,79,124,142,4.0,56,484,601.372389793396,9
1708,graficon66nodi/grafo8771.66,23,66,88,123,145,2.0,30,283,27.21011257171631,2
1709,graficon56nodi/grafo5055.56,23,56,77,124,145,3.0,35,363,14.032976865768433,2
1710,graficon58nodi/grafo4280.58,23,58,75,120,137,2.0,20,273,16.1058669090271,2
1711,graficon69nodi/grafo4408.69,23,69,91,121,143,4.0,56,507,601.1994700431824,9
1712,graficon53nodi/grafo6767.53,23,53,73,121,141,3.0,35,426,601.2339899539948,9
1713,graficon63nodi/grafo4642.63,23,63,84,124,145,3.0,44,333,71.25420308113098,2
1714,graficon61nodi/grafo8562.61,23,61,80,122,141,3.0,41,259,6.221120119094849,2
1715,graficon37nodi/grafo3533.37,23,37,57,120,140,3.0,23,308,27.32577085494995,2
1716,graficon43nodi/grafo6008.43,23,43,68,124,149,3.0,32,360,60.920424938201904,2
1717,graficon60nodi/grafo3198.60,23,60,80,123,143,3.0,51,371,600.4399092197418,9
1718,graficon48nodi/grafo1488.48,23,48,58,122,132,2.0,12,204,2.3629159927368164,2
1719,graficon60nodi/grafo7341.60,23,60,78,124,142,3.0,42,296,9.0536630153656,2
1720,graficon73nodi/grafo9705.73,23,73,94,124,145,3.0,39,325,466.74020195007324,2
1721,graficon62nodi/grafo5912.62,23,62,75,122,135,2.0,21,245,11.72453236579895,2
1722,graficon51nodi/grafo4451.51,23,51,72,124,145,2.0,28,255,6.53682541847229,2
1723,graficon69nodi/grafo7808.69,23,69,88,120,139,3.0,27,304,413.0365722179413,2
1724,graficon68nodi/grafo2711.68,23,68,82,124,138,2.0,14,326,2.8299381732940674,2
1725,graficon63nodi/grafo4263.63,23,63,77,123,137,2.0,20,230,5.141439914703369,2
1726,graficon66nodi/grafo9266.66,23,66,93,127,154,4.0,75,524,601.0054349899292,9
1727,graficon48nodi/grafo7477.48,23,48,69,126,147,3.0,35,333,23.179927587509155,2
1728,graficon65nodi/grafo4828.65,23,65,88,125,148,2.0,33,470,33.53629994392395,2
1729,graficon59nodi/grafo4124.59,23,59,82,126,149,2.0,24,228,9.11460566520691,2
1730,graficon51nodi/grafo3677.51,23,51,71,129,149,3.0,33,267,218.02290606498718,2
1731,graficon54nodi/grafo3737.54,23,54,77,127,150,3.0,53,305,600.3931987285614,9
1732,graficon64nodi/grafo9716.64,23,64,82,125,143,3.0,25,312,600.4348058700562,9
1733,graficon60nodi/grafo6454.60,23,60,78,125,143,2.0,31,195,7.512678146362305,2
1734,graficon63nodi/grafo9179.63,23,63,74,125,136,1.0,8,197,5.839332103729248,2
1735,graficon46nodi/grafo6834.46,23,46,67,127,148,4.0,41,240,590.6436944007874,2
1736,graficon50nodi/grafo4950.50,23,50,64,125,139,1.0,12,217,2.143808603286743,2
1737,graficon67nodi/grafo5107.67,23,67,80,129,142,2.0,22,339,8.486366510391235,2
1738,graficon44nodi/grafo7398.44,23,44,58,128,142,2.0,15,157,3.0050909519195557,2
1739,graficon59nodi/grafo6969.59,23,59,79,129,149,3.0,37,203,58.26565504074097,2
1740,graficon54nodi/grafo3614.54,23,54,75,125,146,3.0,37,364,186.42844438552856,2
1741,graficon60nodi/grafo4876.60,23,60,78,127,145,3.0,37,288,311.89463448524475,2
1742,graficon40nodi/grafo10615.40,23,40,50,129,139,1.0,2,101,0.3094632625579834,2
1743,graficon69nodi/grafo9667.69,23,69,88,126,145,2.0,32,480,41.306779861450195,2
1744,graficon41nodi/grafo3889.41,23,41,55,126,140,3.0,19,169,6.528461217880249,2
1745,graficon43nodi/grafo7193.43,23,43,64,125,146,3.0,37,174,235.36055827140808,2
1746,graficon68nodi/grafo9145.68,23,68,86,129,147,2.0,28,323,37.79365253448486,2
1747,graficon68nodi/grafo8032.68,23,68,83,126,141,1.0,9,220,3.7447047233581543,2
1748,graficon56nodi/grafo4601.56,23,56,71,125,140,2.0,18,194,7.191665172576904,2
1749,graficon57nodi/grafo4462.57,23,57,67,127,137,1.0,6,189,1.0806965827941895,2
1750,graficon69nodi/grafo7516.69,23,69,88,128,147,3.0,53,369,62.98202133178711,2
1751,graficon56nodi/grafo3789.56,23,56,79,129,152,3.0,43,274,518.683171749115,2
1752,graficon49nodi/grafo1542.49,23,49,59,126,136,2.0,10,152,1.0130040645599365,2
1753,graficon56nodi/grafo3569.56,23,56,75,125,144,3.0,29,350,440.53543996810913,2
1754,graficon62nodi/grafo9583.62,23,62,77,129,144,2.0,18,165,5.8152220249176025,2
1755,graficon56nodi/grafo5249.56,23,56,85,125,154,3.0,44,582,358.4300842285156,2
1756,graficon48nodi/grafo3561.48,23,48,68,127,147,3.0,41,273,58.10318660736084,2
1757,graficon63nodi/grafo3204.63,23,63,87,128,152,4.0,47,526,600.7210605144501,9
1758,graficon53nodi/grafo7077.53,23,53,73,126,146,2.0,23,294,8.805603265762329,2
1759,graficon56nodi/grafo5077.56,23,56,79,125,148,4.0,53,329,601.3552281856537,9
1760,graficon57nodi/grafo4700.57,23,57,76,125,144,3.0,32,272,5.924429655075073,2
1761,graficon58nodi/grafo7346.58,23,58,78,125,145,2.0,33,291,112.73450922966003,2
1762,graficon57nodi/grafo5317.57,23,57,73,127,143,2.0,26,331,124.76593279838562,2
1763,graficon61nodi/grafo4497.61,23,61,82,125,146,4.0,72,438,55.88807463645935,2
1764,graficon65nodi/grafo9519.65,23,65,85,128,148,3.0,27,239,20.262953758239746,2
1765,graficon55nodi/grafo3183.55,23,55,67,125,137,2.0,16,168,4.084066390991211,2
1766,graficon71nodi/grafo9009.71,23,71,83,128,140,2.0,32,368,153.18530678749084,2
1767,graficon58nodi/grafo6840.58,23,58,73,125,140,2.0,17,237,2.3247432708740234,2
1768,graficon57nodi/grafo4773.57,23,57,79,128,150,3.0,50,355,332.8934781551361,2
1769,graficon54nodi/grafo6321.54,23,54,71,129,146,2.0,26,160,6.578865051269531,2
1770,graficon65nodi/grafo2881.65,23,65,76,129,140,2.0,15,214,17.81359314918518,2
1771,graficon50nodi/grafo6410.50,23,50,69,128,147,2.0,18,239,2.8840324878692627,2
1772,graficon64nodi/grafo9180.64,23,64,80,127,143,2.0,28,198,28.957695722579956,2
1773,graficon55nodi/grafo6500.55,23,55,75,125,145,3.0,38,439,346.7814955711365,2
1774,graficon74nodi/grafo7149.74,23,74,93,127,146,2.0,18,259,9.090917587280273,2
1775,graficon66nodi/grafo8998.66,23,66,99,127,160,9.0,171,648,600.9813709259033,9
1776,graficon60nodi/grafo5896.60,23,60,84,128,152,3.0,49,479,101.9950602054596,2
1777,graficon48nodi/grafo6833.48,23,48,69,129,150,3.0,30,253,294.804475069046,2
1778,graficon44nodi/grafo6938.44,23,44,61,127,144,2.0,24,181,4.8592894077301025,2
1779,graficon60nodi/grafo4138.60,23,60,83,129,152,3.0,56,347,123.28744673728943,2
1780,graficon63nodi/grafo5858.63,23,63,83,126,146,3.0,36,454,451.81782484054565,2
1781,graficon61nodi/grafo6803.61,23,61,87,125,151,5.0,75,528,601.0448894500732,9
1782,graficon54nodi/grafo4701.54,23,54,67,126,139,2.0,15,145,2.664768934249878,2
1783,graficon43nodi/grafo5467.43,23,43,73,129,159,4.0,64,441,206.37753653526306,2
1784,graficon62nodi/grafo9257.62,23,62,85,128,151,3.0,43,579,108.18992781639099,2
1785,graficon59nodi/grafo6980.59,23,59,79,129,149,3.0,37,203,57.49263572692871,2
1786,graficon65nodi/grafo9475.65,23,65,84,126,145,3.0,45,223,211.32507419586182,2
1787,graficon54nodi/grafo7613.54,23,54,78,127,151,3.0,41,357,11.46805191040039,2
1788,graficon43nodi/grafo5187.43,23,43,61,129,147,2.0,19,172,2.6039388179779053,2
1789,graficon41nodi/grafo3701.41,23,41,58,127,144,3.0,30,251,3.9349169731140137,2
1790,graficon49nodi/grafo3085.49,23,49,72,128,151,3.0,32,276,120.46941781044006,2
1791,graficon68nodi/grafo9378.68,23,68,81,125,138,2.0,15,215,9.070168018341064,2
1792,graficon59nodi/grafo5600.59,23,59,78,125,144,2.0,24,366,22.558845043182373,2
1793,graficon46nodi/grafo6986.46,23,46,63,127,144,3.0,28,270,5.146288633346558,2
1794,graficon78nodi/grafo8145.78,23,78,98,127,147,5.0,90,717,600.7529003620148,9
1795,graficon61nodi/grafo4392.61,23,61,75,125,139,2.0,20,312,20.34220862388611,2
1796,graficon68nodi/grafo4472.68,23,68,90,128,150,2.0,31,372,67.83909153938293,2
1797,graficon80nodi/grafo9560.80,23,80,100,127,147,4.0,88,682,601.9019250869751,9
1798,graficon57nodi/grafo6238.57,23,57,87,128,158,4.0,64,463,600.5773515701294,9
1799,graficon62nodi/grafo2002.62,23,62,77,126,141,2.0,28,335,15.776572465896606,2
1800,graficon59nodi/grafo4615.59,23,59,75,129,145,2.0,17,180,3.594897985458374,2
1801,graficon56nodi/grafo4685.56,23,56,71,132,147,2.0,13,231,1.2669434547424316,2
1802,graficon65nodi/grafo4904.65,23,65,78,130,143,1.0,5,293,9.50727915763855,2
1803,graficon75nodi/grafo7926.75,23,75,93,131,149,3.0,37,520,421.68713331222534,2
1804,graficon65nodi/grafo9415.65,23,65,85,131,151,4.0,72,438,600.9962332248688,9
1805,graficon48nodi/grafo5672.48,23,48,70,132,154,3.0,34,337,600.6926028728485,9
1806,graficon54nodi/grafo3189.54,23,54,84,132,162,5.0,86,479,600.6530086994171,9
1807,graficon63nodi/grafo4702.63,23,63,89,134,160,6.0,81,550,601.0100355148315,9
1808,graficon60nodi/grafo8898.60,23,60,78,130,148,2.0,28,322,12.434480667114258,2
1809,graficon70nodi/grafo1381.70,23,70,87,133,150,1.0,9,229,1.3228302001953125,2
1810,graficon62nodi/grafo8037.62,23,62,81,132,151,2.0,30,261,74.2108724117279,2
1811,graficon70nodi/grafo8234.70,23,70,89,131,150,2.0,32,199,8.31882643699646,2
1812,graficon63nodi/grafo7806.63,23,63,83,132,152,2.0,22,345,14.093822479248047,2
1813,graficon53nodi/grafo4882.53,23,53,75,133,155,3.0,33,230,193.18035531044006,2
1814,graficon69nodi/grafo1568.69,23,69,89,131,151,2.0,19,331,26.533671140670776,2
1815,graficon56nodi/grafo1478.56,23,56,69,132,145,1.0,8,179,1.362056016921997,2
1816,graficon67nodi/grafo9187.67,23,67,93,133,159,6.0,88,522,600.9195125102997,9
1817,graficon40nodi/grafo2593.40,23,40,55,130,145,2.0,14,125,1.1758840084075928,2
1818,graficon72nodi/grafo9592.72,23,72,86,132,146,2.0,22,165,5.568251132965088,2
1819,graficon38nodi/grafo6416.38,23,38,57,131,150,2.0,18,136,1.6875157356262207,2
1820,graficon65nodi/grafo6412.65,23,65,82,133,150,3.0,35,324,29.804203748703003,2
1821,graficon54nodi/grafo4969.54,23,54,85,130,161,5.0,71,559,600.8536796569824,9
1822,graficon63nodi/grafo9400.63,23,63,85,134,156,3.0,47,266,259.9207589626312,2
1823,graficon66nodi/grafo1298.66,23,66,82,131,147,3.0,36,280,580.078441619873,2
1824,graficon56nodi/grafo7752.56,23,56,69,134,147,2.0,14,227,12.495055913925171,2
1825,graficon67nodi/grafo9754.67,23,67,96,131,160,5.0,77,581,601.063542842865,9
1826,graficon55nodi/grafo5444.55,23,55,70,134,149,2.0,18,253,3.5986409187316895,2
1827,graficon66nodi/grafo4404.66,23,66,81,131,146,2.0,34,181,236.9099359512329,2
1828,graficon42nodi/grafo4033.42,23,42,64,133,155,2.0,26,289,10.300418376922607,2
1829,graficon69nodi/grafo9191.69,23,69,90,134,155,3.0,30,412,263.17030024528503,2
1830,graficon71nodi/grafo8560.71,23,71,93,132,154,5.0,73,432,601.0550119876862,9
1831,graficon46nodi/grafo5778.46,23,46,69,132,155,3.0,32,374,20.658684015274048,2
1832,graficon51nodi/grafo4577.51,23,51,68,132,149,2.0,34,279,13.838494539260864,2
1833,graficon60nodi/grafo7493.60,23,60,83,131,154,4.0,34,489,601.1329193115234,9
1834,graficon68nodi/grafo1575.68,23,68,84,133,149,2.0,18,242,12.270967245101929,2
1835,graficon45nodi/grafo6295.45,23,45,67,130,152,4.0,53,355,17.097301959991455,2
1836,graficon68nodi/grafo1303.68,23,68,84,131,147,2.0,24,312,10.363093852996826,2
1837,graficon65nodi/grafo9272.65,23,65,81,130,146,3.0,29,326,479.2607796192169,2
1838,graficon65nodi/grafo9575.65,23,65,82,130,147,2.0,25,214,4.179235935211182,2
1839,graficon64nodi/grafo5067.64,23,64,82,131,149,2.0,21,345,35.57545828819275,2
1840,graficon63nodi/grafo4679.63,23,63,87,131,155,3.0,64,388,195.76879167556763,2
1841,graficon69nodi/grafo8072.69,23,69,88,132,151,2.0,24,260,21.499011516571045,2
1842,graficon56nodi/grafo3427.56,23,56,81,131,156,5.0,69,574,600.9244124889374,9
1843,graficon46nodi/grafo6994.46,23,46,64,134,152,2.0,24,277,141.923335313797,2
1844,graficon66nodi/grafo4737.66,23,66,86,132,152,3.0,44,349,469.6374068260193,2
1845,graficon56nodi/grafo5851.56,23,56,75,131,150,3.0,39,313,31.588295459747314,2
1846,graficon63nodi/grafo5068.63,23,63,87,132,156,5.0,87,449,601.0348770618439,9
1847,graficon55nodi/grafo1487.55,23,55,71,130,146,2.0,23,272,10.108179330825806,2
1848,graficon60nodi/grafo9141.60,23,60,82,130,152,2.0,35,198,80.90870118141174,2
1849,graficon44nodi/grafo6014.44,23,44,59,133,148,2.0,13,197,1.5686850547790527,2
1850,graficon55nodi/grafo6741.55,23,55,80,131,156,4.0,73,321,600.6468787193298,9
1851,graficon66nodi/grafo4727.66,23,66,88,133,155,3.0,36,440,600.8668854236603,9
1852,graficon60nodi/grafo5435.60,23,60,85,132,157,4.0,60,517,602.5748541355133,9
1853,graficon41nodi/grafo3340.41,23,41,54,130,143,2.0,12,150,1.496788740158081,2
1854,graficon65nodi/grafo9417.65,23,65,88,132,155,2.0,17,308,21.563685417175293,2
1855,graficon61nodi/grafo7324.61,23,61,77,132,148,2.0,23,277,8.24110198020935,2
1856,graficon70nodi/grafo9841.70,23,70,97,131,158,4.0,73,416,600.6796455383301,9
1857,graficon69nodi/grafo7954.69,23,69,103,134,168,8.0,131,790,600.9292645454407,9
1858,graficon48nodi/grafo3327.48,23,48,73,133,158,3.0,35,375,370.44290041923523,2
1859,graficon60nodi/grafo8610.60,23,60,77,133,150,2.0,18,172,6.81851601600647,2
1860,graficon71nodi/grafo5375.71,23,71,93,132,154,5.0,90,642,601.0621054172516,9
1861,graficon60nodi/grafo4910.60,23,60,76,132,148,3.0,30,219,139.93620777130127,2
1862,graficon63nodi/grafo1606.63,23,63,85,133,155,4.0,47,369,602.9584105014801,9
1863,graficon83nodi/grafo8245.83,23,83,104,130,151,4.0,70,677,601.2347545623779,9
1864,graficon59nodi/grafo4591.59,23,59,83,131,155,3.0,47,379,37.56079936027527,2
1865,graficon54nodi/grafo1545.54,23,54,71,134,151,3.0,23,331,166.11439156532288,2
1866,graficon53nodi/grafo5052.53,23,53,77,130,154,3.0,37,425,74.26711010932922,2
1867,graficon51nodi/grafo7562.51,23,51,81,133,163,5.0,95,516,600.7584249973297,9
1868,graficon58nodi/grafo5403.58,23,58,77,130,149,3.0,48,658,49.18861413002014,2
1869,graficon79nodi/grafo9810.79,23,79,101,133,155,3.0,67,404,455.116770029068,2
1870,graficon48nodi/grafo5806.48,23,48,65,130,147,2.0,21,245,46.88233733177185,2
1871,graficon49nodi/grafo5654.49,23,49,68,130,149,3.0,32,271,8.709462404251099,2
1872,graficon60nodi/grafo6316.60,23,60,82,132,154,4.0,42,368,600.6198544502258,9
1873,graficon63nodi/grafo9246.63,23,63,89,133,159,5.0,80,494,601.0168633460999,9
1874,graficon71nodi/grafo9173.71,23,71,105,134,168,5.0,128,883,498.4605736732483,2
1875,graficon78nodi/grafo9549.78,23,78,97,132,151,4.0,70,601,601.2172482013702,9
