Index,Data,combo_idx,Nodes,Edges,TotalNodes,TotalEdges,ObjVal,Crossings,EdgeLength,Runtime,Status
1,graficon13nodi/grafo2567.13,30,13,13,13,13,12.0,0,11.0,0.02234792709350586,2
2,graficon11nodi/grafo685.11,30,11,11,13,13,18.0,0,14.0,0.03752279281616211,2
3,graficon10nodi/grafo2511.10,30,10,10,12,12,14.0,0,22.0,0.026944398880004883,2
4,graficon12nodi/grafo957.12,30,12,11,13,12,13.0,0,14.0,0.021622896194458008,2
5,graficon14nodi/grafo769.14,30,14,13,14,13,14.0,0,15.5,0.027096033096313477,2
6,graficon10nodi/grafo1070.10,30,10,10,12,12,7.0,0,14.0,0.019947290420532227,2
7,graficon10nodi/grafo473.10,30,10,10,12,12,7.0,0,14.0,0.019967317581176758,2
8,graficon14nodi/grafo371.14,30,14,13,14,13,20.0,0,8.0,0.030803442001342773,2
9,graficon12nodi/grafo906.12,30,12,11,12,11,10.0,0,10.5,0.0027244091033935547,2
10,graficon11nodi/grafo927.11,30,11,10,11,10,12.0,0,7.0,0.020221948623657227,2
11,graficon10nodi/grafo758.10,30,10,10,12,12,7.0,0,14.0,0.019847631454467773,2
12,graficon12nodi/grafo122.12,30,12,11,12,11,6.0,0,12.0,0.002560853958129883,2
13,graficon12nodi/grafo1843.12,30,12,15,14,17,14.0,2,25.0,0.013541936874389648,2
14,graficon10nodi/grafo898.10,30,10,9,10,9,6.0,0,6.0,0.0025713443756103516,2
15,graficon11nodi/grafo2433.11,30,11,11,13,13,10.0,0,5.0,0.01965475082397461,2
16,graficon11nodi/grafo749.11,30,11,10,13,12,14.0,0,20.0,0.02419281005859375,2
17,graficon10nodi/grafo961.10,30,10,10,12,12,7.0,0,14.0,0.019896984100341797,2
18,graficon10nodi/grafo1857.10,30,10,12,12,14,13.0,0,17.0,0.010242462158203125,2
19,graficon11nodi/grafo1004.11,30,11,12,12,13,17.0,0,23.0,0.031229734420776367,2
20,graficon11nodi/grafo675.11,30,11,11,13,13,12.0,0,16.0,0.0034339427947998047,2
21,graficon10nodi/grafo633.10,30,10,9,10,9,6.0,0,6.0,0.0021920204162597656,2
22,graficon13nodi/grafo2908.13,30,13,12,13,12,12.0,0,8.0,0.019864559173583984,2
23,graficon11nodi/grafo441.11,30,11,11,13,13,19.0,0,18.5,0.031034231185913086,2
24,graficon11nodi/grafo2812.11,30,11,11,13,13,10.0,0,5.0,0.019380807876586914,2
25,graficon10nodi/grafo881.10,30,10,9,10,9,8.0,0,4.5,0.0022487640380859375,2
26,graficon10nodi/grafo455.10,30,10,10,13,13,9.0,0,13.0,0.0033903121948242188,2
27,graficon12nodi/grafo933.12,30,12,11,12,11,6.0,0,12.0,0.0026493072509765625,2
28,graficon12nodi/grafo256.12,30,12,11,12,11,6.0,0,6.0,0.0027136802673339844,2
29,graficon10nodi/grafo1098.10,30,10,9,10,9,6.0,0,6.0,0.0027129650115966797,2
30,graficon11nodi/grafo246.11,30,11,10,11,10,8.0,0,7.5,0.0024487972259521484,2
31,graficon12nodi/grafo2668.12,30,12,13,14,15,11.0,1,18.0,0.00884103775024414,2
32,graficon12nodi/grafo667.12,30,12,12,13,13,16.0,0,16.0,0.03011488914489746,2
33,graficon12nodi/grafo986.12,30,12,11,12,11,6.0,0,12.0,0.0025522708892822266,2
34,graficon10nodi/grafo782.10,30,10,9,10,9,6.0,0,6.0,0.002655029296875,2
35,graficon12nodi/grafo756.12,30,12,11,12,11,10.0,0,10.5,0.002733469009399414,2
36,graficon11nodi/grafo1629.11,30,11,11,14,14,11.0,0,18.0,0.02211308479309082,2
37,graficon12nodi/grafo888.12,30,12,13,14,15,22.0,0,12.0,0.044776201248168945,2
38,graficon11nodi/grafo1162.11,30,11,11,12,12,7.0,0,16.0,0.003391265869140625,2
39,graficon11nodi/grafo3101.11,30,11,11,13,13,10.0,0,5.0,0.020153522491455078,2
40,graficon10nodi/grafo910.10,30,10,9,10,9,6.0,0,6.0,0.002490520477294922,2
41,graficon13nodi/grafo514.13,30,13,12,13,12,14.0,0,10.0,0.02083134651184082,2
42,graficon10nodi/grafo718.10,30,10,10,12,12,10.0,0,10.0,0.020108461380004883,2
43,graficon10nodi/grafo1123.10,30,10,10,12,12,10.0,0,10.0,0.02002406120300293,2
44,graficon10nodi/grafo474.10,30,10,10,12,12,10.0,0,10.0,0.02005147933959961,2
45,graficon14nodi/grafo272.14,30,14,13,14,13,18.0,0,8.5,0.025922775268554688,2
46,graficon11nodi/grafo1084.11,30,11,10,11,10,4.0,0,4.5,0.002485513687133789,2
47,graficon11nodi/grafo2971.11,30,11,11,13,13,10.0,0,5.0,0.019829511642456055,2
48,graficon11nodi/grafo313.11,30,11,10,13,12,16.0,0,18.0,0.01710224151611328,2
49,graficon11nodi/grafo532.11,30,11,11,13,13,12.0,0,13.0,0.02219867706298828,2
50,graficon11nodi/grafo857.11,30,11,11,12,12,20.0,0,8.0,0.04078984260559082,2
51,graficon10nodi/grafo978.10,30,10,10,12,12,7.0,0,14.0,0.009286880493164062,2
52,graficon13nodi/grafo1067.13,30,13,13,13,13,18.0,0,10.5,0.031231164932250977,2
53,graficon12nodi/grafo2949.12,30,12,11,12,11,8.0,0,6.0,0.02023148536682129,2
54,graficon10nodi/grafo962.10,30,10,10,12,12,10.0,0,10.0,0.020102262496948242,2
55,graficon10nodi/grafo460.10,30,10,9,10,9,6.0,0,6.0,0.0024678707122802734,2
56,graficon11nodi/grafo3073.11,30,11,11,13,13,10.0,0,5.0,0.01993083953857422,2
57,graficon11nodi/grafo316.11,30,11,13,14,16,16.0,0,44.0,0.028641223907470703,2
58,graficon13nodi/grafo2415.13,30,13,13,14,14,14.0,0,12.0,0.023369789123535156,2
59,graficon12nodi/grafo861.12,30,12,12,14,14,24.0,0,32.5,0.04688763618469238,2
60,graficon11nodi/grafo612.11,30,11,11,13,13,9.0,0,18.0,0.020118236541748047,2
61,graficon10nodi/grafo513.10,30,10,10,12,12,10.0,0,10.0,0.020148515701293945,2
62,graficon12nodi/grafo352.12,30,12,12,14,14,15.0,1,11.0,0.011530637741088867,2
63,graficon11nodi/grafo3113.11,30,11,11,13,13,10.0,0,5.0,0.019809484481811523,2
64,graficon12nodi/grafo2651.12,30,12,13,12,13,16.0,2,12.0,0.030308246612548828,2
65,graficon13nodi/grafo2595.13,30,13,12,13,12,18.0,0,14.0,0.03205370903015137,2
66,graficon14nodi/grafo345.14,30,14,13,14,13,18.0,0,8.5,0.02768683433532715,2
67,graficon10nodi/grafo209.10,30,10,10,12,12,7.0,0,14.0,0.020019054412841797,2
68,graficon11nodi/grafo1005.11,30,11,11,12,12,13.0,0,21.5,0.02700972557067871,2
69,graficon10nodi/grafo1032.10,30,10,9,10,9,6.0,0,6.0,0.0024759769439697266,2
70,graficon10nodi/grafo210.10,30,10,10,12,12,10.0,0,10.0,0.020320415496826172,2
71,graficon11nodi/grafo759.11,30,11,12,12,13,11.0,1,14.0,0.021904945373535156,2
72,graficon10nodi/grafo265.10,30,10,12,12,14,14.0,1,15.0,0.029704570770263672,2
73,graficon12nodi/grafo2439.12,30,12,12,13,13,13.0,0,13.0,0.030143022537231445,2
74,graficon11nodi/grafo748.11,30,11,11,13,13,14.0,0,13.0,0.024028301239013672,2
75,graficon11nodi/grafo2714.11,30,11,11,13,13,14.0,0,7.0,0.01060032844543457,2
76,graficon15nodi/grafo886.15,30,15,15,18,18,27.0,0,25.5,0.05119657516479492,2
77,graficon12nodi/grafo2359.12,30,12,17,16,21,35.0,3,40.0,0.0992116928100586,2
78,graficon17nodi/grafo565.17,30,17,17,19,19,14.0,0,17.0,0.004294633865356445,2
79,graficon14nodi/grafo642.14,30,14,15,16,17,19.0,1,29.0,0.0337221622467041,2
80,graficon15nodi/grafo2783.15,30,15,17,19,21,23.0,1,48.0,0.03813028335571289,2
81,graficon12nodi/grafo2707.12,30,12,14,16,18,20.0,1,41.0,0.03464865684509277,2
82,graficon16nodi/grafo2861.16,30,16,15,18,17,35.0,1,18.0,0.059537649154663086,2
83,graficon16nodi/grafo853.16,30,16,16,16,16,24.0,0,9.0,0.018177270889282227,2
84,graficon17nodi/grafo1122.17,30,17,17,19,19,14.0,0,17.0,0.004021644592285156,2
85,graficon11nodi/grafo2384.11,30,11,12,15,16,10.0,0,17.0,0.0037152767181396484,2
86,graficon15nodi/grafo1618.15,30,15,16,19,20,34.0,0,18.0,0.0597836971282959,2
87,graficon13nodi/grafo325.13,30,13,14,15,16,16.0,1,22.0,0.025206804275512695,2
88,graficon17nodi/grafo1161.17,30,17,18,19,20,28.0,0,19.0,0.046593427658081055,2
89,graficon13nodi/grafo510.13,30,13,16,18,21,25.0,1,32.0,0.04393362998962402,2
90,graficon14nodi/grafo367.14,30,14,14,15,15,25.0,0,21.0,0.04704451560974121,2
91,graficon13nodi/grafo477.13,30,13,13,15,15,10.0,0,16.0,0.02116703987121582,2
92,graficon13nodi/grafo951.13,30,13,17,19,23,29.0,0,35.0,0.06064009666442871,2
93,graficon11nodi/grafo1734.11,30,11,14,17,20,18.0,1,58.49999999999998,0.02869391441345215,2
94,graficon15nodi/grafo2797.15,30,15,17,15,17,26.0,1,18.0,0.046761512756347656,2
95,graficon12nodi/grafo2335.12,30,12,14,19,21,19.0,0,27.5,0.03542208671569824,2
96,graficon10nodi/grafo1740.10,30,10,13,17,20,30.0,1,47.0,0.05470991134643555,2
97,graficon13nodi/grafo1853.13,30,13,15,17,19,37.0,3,34.49999999999876,0.08116674423217773,2
98,graficon16nodi/grafo2142.16,30,16,16,17,17,29.0,0,21.5,0.04790306091308594,2
99,graficon14nodi/grafo956.14,30,14,15,15,16,23.0,1,19.0,0.045228004455566406,2
100,graficon15nodi/grafo585.15,30,15,16,19,20,31.0,0,35.0,0.05114388465881348,2
101,graficon14nodi/grafo2291.14,30,14,14,16,16,31.0,1,30.0,0.05822873115539551,2
102,graficon14nodi/grafo1658.14,30,14,15,19,20,20.0,0,32.0,0.03392767906188965,2
103,graficon13nodi/grafo559.13,30,13,15,19,21,17.0,0,38.0,0.020239830017089844,2
104,graficon15nodi/grafo2377.15,30,15,15,16,16,13.0,0,22.0,0.026982784271240234,2
105,graficon14nodi/grafo2189.14,30,14,16,17,19,26.0,1,29.0,0.04010438919067383,2
106,graficon16nodi/grafo322.16,30,16,15,17,16,28.0,0,9.0,0.04823160171508789,2
107,graficon14nodi/grafo2460.14,30,14,14,15,15,25.0,0,8.5,0.039946556091308594,2
108,graficon16nodi/grafo1177.16,30,16,15,17,16,21.0,0,9.0,0.03300619125366211,2
109,graficon13nodi/grafo203.13,30,13,14,15,16,22.0,1,35.0,0.036638498306274414,2
110,graficon13nodi/grafo387.13,30,13,15,19,21,25.0,1,39.0,0.03959345817565918,2
111,graficon15nodi/grafo1107.15,30,15,19,19,23,31.0,0,37.5,0.05331707000732422,2
112,graficon12nodi/grafo576.12,30,12,14,17,19,9.0,0,15.0,0.008852720260620117,2
113,graficon12nodi/grafo542.12,30,12,14,17,19,14.0,0,31.0,0.022841691970825195,2
114,graficon10nodi/grafo1898.10,30,10,15,16,21,24.0,1,59.5,0.03874516487121582,2
115,graficon12nodi/grafo543.12,30,12,12,15,15,13.0,1,18.0,0.012153863906860352,2
116,graficon14nodi/grafo843.14,30,14,14,15,15,33.0,0,28.0,0.06897211074829102,2
117,graficon14nodi/grafo1620.14,30,14,15,17,18,14.0,0,30.0,0.02592325210571289,2
118,graficon14nodi/grafo255.14,30,14,16,16,18,31.0,2,22.0,0.04386162757873535,2
119,graficon14nodi/grafo899.14,30,14,15,15,16,34.0,1,21.0,0.07513999938964844,2
120,graficon17nodi/grafo422.17,30,17,17,18,18,45.0,0,20.0,0.10341930389404297,2
121,graficon13nodi/grafo440.13,30,13,14,18,19,18.0,0,46.0,0.029692888259887695,2
122,graficon11nodi/grafo280.11,30,11,12,15,16,16.0,0,24.0,0.029211759567260742,2
123,graficon15nodi/grafo2331.15,30,15,17,17,19,20.0,0,35.0,0.032541513442993164,2
124,graficon11nodi/grafo1006.11,30,11,12,15,16,14.0,0,20.0,0.02100515365600586,2
125,graficon13nodi/grafo2218.13,30,13,13,16,16,17.0,1,14.0,0.02987051010131836,2
126,graficon14nodi/grafo3087.14,30,14,14,16,16,30.0,0,28.0,0.0634763240814209,2
127,graficon16nodi/grafo1069.16,30,16,15,17,16,23.0,0,25.5,0.03501725196838379,2
128,graficon14nodi/grafo524.14,30,14,15,15,16,21.0,0,12.0,0.03485441207885742,2
129,graficon11nodi/grafo1913.11,30,11,14,15,18,17.0,0,18.0,0.028520584106445312,2
130,graficon14nodi/grafo2919.14,30,14,15,17,18,22.0,0,35.0,0.04100179672241211,2
131,graficon16nodi/grafo418.16,30,16,18,19,21,34.0,0,31.0,0.05951118469238281,2
132,graficon13nodi/grafo1935.13,30,13,18,17,22,23.0,1,58.0,0.031118392944335938,2
133,graficon17nodi/grafo774.17,30,17,18,19,20,39.0,2,40.5,1.5134172439575195,2
134,graficon16nodi/grafo1029.16,30,16,16,18,18,12.0,0,15.0,0.00395655632019043,2
135,graficon12nodi/grafo2663.12,30,12,13,15,16,15.0,0,14.0,0.02294135093688965,2
136,graficon14nodi/grafo2634.14,30,14,13,15,14,23.0,0,19.0,0.04384469985961914,2
137,graficon12nodi/grafo2380.12,30,12,12,16,16,21.0,0,30.0,0.03394675254821777,2
138,graficon17nodi/grafo2146.17,30,17,17,19,19,22.0,0,27.0,0.03265094757080078,2
139,graficon14nodi/grafo2900.14,30,14,14,18,18,20.0,0,20.0,0.033931732177734375,2
140,graficon13nodi/grafo430.13,30,13,14,16,17,15.0,0,17.0,0.0274655818939209,2
141,graficon10nodi/grafo938.10,30,10,14,19,23,34.0,3,67.0,0.08559489250183105,2
142,graficon14nodi/grafo1063.14,30,14,15,18,19,14.0,0,21.0,0.020245075225830078,2
143,graficon11nodi/grafo2964.11,30,11,12,19,20,17.0,0,15.0,0.02620720863342285,2
144,graficon13nodi/grafo989.13,30,13,14,18,19,16.0,0,20.0,0.028405189514160156,2
145,graficon11nodi/grafo822.11,30,11,13,18,20,17.0,1,25.0,0.010474920272827148,2
146,graficon10nodi/grafo1774.10,30,10,15,16,21,24.0,1,59.5,0.038649797439575195,2
147,graficon11nodi/grafo900.11,30,11,13,18,20,14.0,0,33.0,0.024058818817138672,2
148,graficon13nodi/grafo2927.13,30,13,14,19,20,28.0,1,45.0,0.04983186721801758,2
149,graficon13nodi/grafo2354.13,30,13,16,19,22,24.0,1,38.0,0.03892397880554199,2
150,graficon13nodi/grafo791.13,30,13,15,19,21,25.0,1,34.0,0.0377049446105957,2
151,graficon16nodi/grafo1945.16,30,16,17,23,24,35.0,2,73.0,0.06444668769836426,2
152,graficon17nodi/grafo2644.17,30,17,19,23,25,33.0,0,55.5,0.05001115798950195,2
153,graficon17nodi/grafo2882.17,30,17,18,24,25,35.0,0,32.0,0.06167459487915039,2
154,graficon19nodi/grafo794.19,30,19,21,22,24,28.0,1,53.0,0.04023933410644531,2
155,graficon14nodi/grafo489.14,30,14,15,22,23,26.0,1,17.0,0.026217937469482422,2
156,graficon18nodi/grafo1865.18,30,18,20,23,25,39.0,0,52.0,0.0764162540435791,2
157,graficon15nodi/grafo1970.15,30,15,17,22,24,21.0,0,29.0,0.027337074279785156,2
158,graficon14nodi/grafo2419.14,30,14,17,24,27,34.0,1,34.00000000000003,0.05375075340270996,2
159,graficon12nodi/grafo2855.12,30,12,17,24,29,31.0,1,60.5,0.05099177360534668,2
160,graficon13nodi/grafo1729.13,30,13,19,22,28,43.0,5,90.0,0.08892035484313965,2
161,graficon13nodi/grafo2832.13,30,13,14,23,24,29.0,0,15.0,0.038358449935913086,2
162,graficon18nodi/grafo1893.18,30,18,18,21,21,27.0,0,22.0,0.03295540809631348,2
163,graficon18nodi/grafo1059.18,30,18,18,22,22,18.0,0,22.0,0.004439115524291992,2
164,graficon12nodi/grafo2890.12,30,12,14,20,22,26.0,0,36.999999999999986,0.033904314041137695,2
165,graficon16nodi/grafo2231.16,30,16,20,22,26,32.0,1,60.0,0.04603433609008789,2
166,graficon20nodi/grafo2767.20,30,20,22,24,26,56.0,1,65.5,1.790583848953247,2
167,graficon20nodi/grafo3051.20,30,20,23,24,27,25.0,0,46.0,0.045720815658569336,2
168,graficon12nodi/grafo638.12,30,12,17,22,27,25.0,0,42.0,0.044492244720458984,2
169,graficon15nodi/grafo2233.15,30,15,20,23,28,41.0,0,51.0,0.0972752571105957,2
170,graficon16nodi/grafo275.16,30,16,18,24,26,27.0,1,31.5,0.03816366195678711,2
171,graficon22nodi/grafo2137.22,30,22,21,24,23,37.0,0,36.0,0.07134437561035156,2
172,graficon18nodi/grafo314.18,30,18,18,22,22,18.0,0,22.0,0.004672050476074219,2
173,graficon15nodi/grafo2225.15,30,15,18,23,26,23.0,0,29.0,0.03149104118347168,2
174,graficon11nodi/grafo1876.11,30,11,19,24,32,42.0,6,53.0,0.07535648345947266,2
175,graficon13nodi/grafo891.13,30,13,13,20,20,19.0,0,32.0,0.01853322982788086,2
176,graficon12nodi/grafo2675.12,30,12,14,20,22,26.0,0,36.999999999999986,0.0376591682434082,2
177,graficon11nodi/grafo1835.11,30,11,15,21,25,22.0,0,44.0,0.03446459770202637,2
178,graficon23nodi/grafo2357.23,30,23,22,24,23,53.0,0,22.999999999999808,0.15427660942077637,2
179,graficon15nodi/grafo1982.15,30,15,17,24,26,34.0,1,62.0,0.047864437103271484,2
180,graficon14nodi/grafo378.14,30,14,17,22,25,37.0,0,30.5,0.07596826553344727,2
181,graficon17nodi/grafo2324.17,30,17,21,23,27,27.0,2,36.0,0.03886890411376953,2
182,graficon13nodi/grafo964.13,30,13,16,23,26,29.0,0,31.0,0.044446706771850586,2
183,graficon19nodi/grafo423.19,30,19,21,23,25,40.0,0,46.0,0.07272648811340332,2
184,graficon13nodi/grafo2204.13,30,13,13,20,20,23.0,0,25.0,0.04396247863769531,2
185,graficon13nodi/grafo443.13,30,13,15,20,22,28.0,2,27.5,0.0495758056640625,2
186,graficon20nodi/grafo215.20,30,20,22,24,26,44.0,1,33.000000000000085,0.07754945755004883,2
187,graficon14nodi/grafo1662.14,30,14,20,24,30,35.0,2,57.0,0.052080631256103516,2
188,graficon20nodi/grafo495.20,30,20,20,24,24,18.0,0,19.0,0.022532939910888672,2
189,graficon16nodi/grafo2281.16,30,16,21,24,29,35.0,1,69.0,0.07846832275390625,2
190,graficon11nodi/grafo1054.11,30,11,15,23,27,37.0,0,77.0,0.07639718055725098,2
191,graficon16nodi/grafo661.16,30,16,17,21,22,30.0,1,30.500000000000004,0.047217607498168945,2
192,graficon12nodi/grafo844.12,30,12,18,20,26,31.0,2,64.0,0.06524395942687988,2
193,graficon19nodi/grafo1661.19,30,19,21,21,23,42.0,2,35.0,1.3233404159545898,2
194,graficon18nodi/grafo2186.18,30,18,23,23,28,26.0,3,49.0,0.039301395416259766,2
195,graficon12nodi/grafo2867.12,30,12,16,22,26,30.0,0,61.000000000000014,0.04430890083312988,2
196,graficon15nodi/grafo1136.15,30,15,17,24,26,24.0,0,25.5,0.03654623031616211,2
197,graficon20nodi/grafo1651.20,30,20,21,23,24,55.0,1,59.0,1.795240879058838,2
198,graficon15nodi/grafo2157.15,30,15,15,20,20,20.0,0,25.0,0.016462326049804688,2
199,graficon17nodi/grafo1634.17,30,17,18,20,21,54.0,1,55.0,1.6759018898010254,2
200,graficon16nodi/grafo2440.16,30,16,20,22,26,40.0,4,32.0,0.07256126403808594,2
201,graficon18nodi/grafo953.18,30,18,18,22,22,18.0,0,22.0,0.004342317581176758,2
202,graficon23nodi/grafo1485.23,30,23,22,23,22,50.0,0,32.5,0.11231637001037598,2
203,graficon13nodi/grafo2620.13,30,13,16,20,23,23.0,0,39.5,0.03946518898010254,2
204,graficon17nodi/grafo2680.17,30,17,22,22,27,41.0,2,63.0,0.12216424942016602,2
205,graficon20nodi/grafo1649.20,30,20,22,24,26,52.0,2,59.0,1.7216475009918213,2
206,graficon19nodi/grafo1897.19,30,19,20,24,25,58.0,0,65.0,2.895535707473755,2
207,graficon13nodi/grafo2645.13,30,13,17,23,27,32.0,0,30.0,0.04111051559448242,2
208,graficon18nodi/grafo2480.18,30,18,21,22,25,42.0,0,44.00000000000002,0.0840764045715332,2
209,graficon13nodi/grafo2298.13,30,13,14,21,22,19.0,0,31.0,0.02909398078918457,2
210,graficon15nodi/grafo739.15,30,15,18,23,26,33.0,0,58.0,0.058897972106933594,2
211,graficon17nodi/grafo2679.17,30,17,19,21,23,34.0,1,30.5,0.05789065361022949,2
212,graficon14nodi/grafo2430.14,30,14,15,21,22,25.0,0,30.5,0.0352168083190918,2
213,graficon15nodi/grafo582.15,30,15,16,22,23,24.0,0,34.0,0.035399675369262695,2
214,graficon11nodi/grafo1619.11,30,11,15,21,25,30.0,3,31.99999999999997,0.048090219497680664,2
215,graficon15nodi/grafo1124.15,30,15,16,23,24,31.0,0,24.0,0.05279970169067383,2
216,graficon12nodi/grafo1763.12,30,12,21,22,31,38.0,2,86.0,0.07810688018798828,2
217,graficon17nodi/grafo1094.17,30,17,19,21,23,26.0,0,31.0,0.036478281021118164,2
218,graficon15nodi/grafo2903.15,30,15,16,20,21,30.0,1,48.5,0.05600118637084961,2
219,graficon11nodi/grafo1088.11,30,11,17,22,28,38.0,0,29.5,0.08591866493225098,2
220,graficon17nodi/grafo645.17,30,17,19,21,23,45.0,0,37.5,0.10110259056091309,2
221,graficon16nodi/grafo2537.16,30,16,19,21,24,22.0,0,36.0,0.029276132583618164,2
222,graficon15nodi/grafo1030.15,30,15,16,23,24,31.0,0,24.0,0.05202436447143555,2
223,graficon14nodi/grafo242.14,30,14,16,21,23,20.0,0,58.5,0.031655311584472656,2
224,graficon17nodi/grafo1009.17,30,17,17,24,24,25.0,0,68.5,0.03848576545715332,2
225,graficon13nodi/grafo3112.13,30,13,14,20,21,18.0,0,29.0,0.02594614028930664,2
226,graficon16nodi/grafo1731.16,30,16,19,25,28,27.0,0,27.5,0.034293413162231445,2
227,graficon16nodi/grafo967.16,30,16,17,26,27,30.0,0,34.0,0.02660202980041504,2
228,graficon17nodi/grafo1732.17,30,17,20,27,30,40.0,0,68.99999999999872,0.07284998893737793,2
229,graficon20nodi/grafo2272.20,30,20,23,27,30,58.0,0,52.0,2.439578056335449,2
230,graficon18nodi/grafo1146.18,30,18,29,29,40,59.0,6,155.0,0.19242644309997559,2
231,graficon18nodi/grafo2289.18,30,18,20,25,27,33.0,0,62.0,0.0644681453704834,2
232,graficon16nodi/grafo2420.16,30,16,18,28,30,33.0,1,35.0,0.041716814041137695,2
233,graficon12nodi/grafo574.12,30,12,19,27,34,36.0,2,54.00000000000005,0.0629732608795166,2
234,graficon21nodi/grafo804.21,30,21,22,28,29,52.0,0,87.5,0.11418914794921875,2
235,graficon22nodi/grafo694.22,30,22,23,27,28,37.0,0,54.5,0.0568695068359375,2
236,graficon17nodi/grafo479.17,30,17,23,25,31,54.0,7,71.5,1.8441400527954102,2
237,graficon18nodi/grafo538.18,30,18,19,25,26,33.0,0,31.999999999999986,0.04745936393737793,2
238,graficon21nodi/grafo2416.21,30,21,24,29,32,37.0,1,34.0,0.05279207229614258,2
239,graficon17nodi/grafo2418.17,30,17,20,26,29,44.0,2,36.0,0.08777475357055664,2
240,graficon24nodi/grafo1463.24,30,24,25,25,26,49.0,0,27.0,0.09458184242248535,2
241,graficon13nodi/grafo1885.13,30,13,16,25,28,27.0,0,52.0,0.04497075080871582,2
242,graficon11nodi/grafo1697.11,30,11,17,28,34,36.0,2,50.5,0.060518503189086914,2
243,graficon15nodi/grafo583.15,30,15,19,25,29,48.0,2,70.00000000000001,0.11317563056945801,2
244,graficon19nodi/grafo2951.19,30,19,24,27,32,44.0,1,80.0,0.08190202713012695,2
245,graficon14nodi/grafo520.14,30,14,22,29,37,43.0,0,97.99999999999989,0.08382272720336914,2
246,graficon17nodi/grafo2594.17,30,17,21,25,29,49.0,2,60.99999999999999,0.1193537712097168,2
247,graficon18nodi/grafo993.18,30,18,23,28,33,42.0,3,100.00000000000003,0.0646815299987793,2
248,graficon21nodi/grafo127.21,30,21,21,26,26,42.0,0,46.0,0.0668187141418457,2
249,graficon16nodi/grafo400.16,30,16,17,26,27,30.0,0,34.0,0.02622246742248535,2
250,graficon17nodi/grafo302.17,30,17,19,28,30,30.0,0,39.0,0.02987837791442871,2
251,graficon21nodi/grafo158.21,30,21,24,29,32,49.0,1,54.0,0.07563066482543945,2
252,graficon16nodi/grafo540.16,30,16,17,26,27,30.0,0,34.0,0.028687238693237305,2
253,graficon13nodi/grafo2303.13,30,13,19,28,34,42.0,0,55.49999999999999,0.08242607116699219,2
254,graficon21nodi/grafo1937.21,30,21,24,26,29,40.0,4,37.0,0.05724310874938965,2
255,graficon15nodi/grafo778.15,30,15,17,26,28,29.0,0,73.0,0.034127235412597656,2
256,graficon15nodi/grafo855.15,30,15,17,25,27,19.0,0,32.5,0.029401779174804688,2
257,graficon18nodi/grafo1652.18,30,18,20,25,27,41.0,0,69.5,0.060393571853637695,2
258,graficon13nodi/grafo2659.13,30,13,16,25,28,37.0,0,27.0,0.04926347732543945,2
259,graficon17nodi/grafo2682.17,30,17,19,26,28,43.0,2,61.499999999999275,0.10831189155578613,2
260,graficon16nodi/grafo1119.16,30,16,22,28,34,51.0,3,110.5,0.1503136157989502,2
261,graficon14nodi/grafo1870.14,30,14,21,28,35,43.0,3,72.49999999999987,0.06873416900634766,2
262,graficon19nodi/grafo1172.19,30,19,23,26,30,43.0,1,50.0,0.07794785499572754,2
263,graficon13nodi/grafo511.13,30,13,14,25,26,16.0,0,10.0,0.008828878402709961,2
264,graficon18nodi/grafo1648.18,30,18,24,26,32,52.0,5,91.0,0.14025568962097168,2
265,graficon17nodi/grafo893.17,30,17,21,26,30,54.0,0,97.50000000000018,1.550856590270996,2
266,graficon17nodi/grafo917.17,30,17,20,28,31,45.0,0,40.0,0.06455683708190918,2
267,graficon23nodi/grafo2256.23,30,23,26,29,32,60.0,0,97.0,0.16847753524780273,2
268,graficon18nodi/grafo2556.18,30,18,22,28,32,51.0,0,62.0,0.09931492805480957,2
269,graficon15nodi/grafo2921.15,30,15,17,27,29,29.0,0,46.0,0.034644126892089844,2
270,graficon21nodi/grafo1762.21,30,21,25,25,29,72.0,5,105.49999999999997,3.6837825775146484,2
271,graficon21nodi/grafo1064.21,30,21,26,25,30,61.0,9,58.0,1.6746838092803955,2
272,graficon18nodi/grafo784.18,30,18,23,25,30,48.0,3,122.99999999999997,0.12877225875854492,2
273,graficon16nodi/grafo2236.16,30,16,20,28,32,47.0,1,63.000000000000135,0.09178042411804199,2
274,graficon17nodi/grafo2345.17,30,17,20,26,29,30.0,1,53.0,0.04148101806640625,2
275,graficon18nodi/grafo2307.18,30,18,23,26,31,45.0,3,64.0,0.09969878196716309,2
276,graficon17nodi/grafo1056.17,30,17,22,29,34,37.0,1,130.0,0.061212778091430664,2
277,graficon18nodi/grafo1152.18,30,18,24,28,34,50.0,1,55.99999999999994,0.0742957592010498,2
278,graficon24nodi/grafo3100.24,30,24,28,26,30,60.0,2,91.5,1.5512478351593018,2
279,graficon16nodi/grafo279.16,30,16,19,27,30,33.0,0,36.0,0.051943302154541016,2
280,graficon17nodi/grafo2401.17,30,17,31,28,42,98.0,34,127.0,8.196996212005615,2
281,graficon16nodi/grafo2302.16,30,16,20,25,29,32.0,1,63.0,0.04643130302429199,2
282,graficon16nodi/grafo2525.16,30,16,19,26,29,31.0,1,54.0,0.045258283615112305,2
283,graficon17nodi/grafo2924.17,30,17,22,28,33,45.0,1,79.0,1.515190839767456,2
284,graficon22nodi/grafo167.22,30,22,24,29,31,54.0,1,56.000000000000284,0.1489248275756836,2
285,graficon16nodi/grafo2542.16,30,16,21,26,31,36.0,1,37.999999999999986,0.05789375305175781,2
286,graficon16nodi/grafo2636.16,30,16,22,26,32,33.0,5,54.00000000000001,0.05057406425476074,2
287,graficon17nodi/grafo2758.17,30,17,20,26,29,27.0,1,48.0,0.04351687431335449,2
288,graficon20nodi/grafo2554.20,30,20,22,25,27,48.0,1,45.5,0.0940554141998291,2
289,graficon25nodi/grafo2775.25,30,25,26,25,26,80.0,2,34.0,4.462398529052734,2
290,graficon19nodi/grafo409.19,30,19,22,25,28,55.0,2,45.0,2.037492275238037,2
291,graficon16nodi/grafo2326.16,30,16,21,25,30,44.0,1,88.0,0.09372425079345703,2
292,graficon14nodi/grafo596.14,30,14,16,27,29,27.0,0,30.0,0.02869391441345215,2
293,graficon20nodi/grafo679.20,30,20,25,29,34,48.0,2,75.50000000000026,0.10290789604187012,2
294,graficon23nodi/grafo188.23,30,23,24,27,28,40.0,0,49.99999999999995,0.0649411678314209,2
295,graficon19nodi/grafo2449.19,30,19,24,25,30,48.0,4,61.99999999999998,1.5190768241882324,2
296,graficon23nodi/grafo1038.23,30,23,24,27,28,33.0,1,28.0,0.03310871124267578,2
297,graficon17nodi/grafo2177.17,30,17,22,26,31,45.0,0,43.5,0.08423376083374023,2
298,graficon20nodi/grafo786.20,30,20,23,26,29,53.0,2,57.499999999999986,1.5582234859466553,2
299,graficon17nodi/grafo1875.17,30,17,21,28,32,56.0,1,106.0,0.16686749458312988,2
300,graficon14nodi/grafo796.14,30,14,19,27,32,48.0,3,66.0,0.08072400093078613,2
301,graficon21nodi/grafo2119.21,30,21,27,32,38,82.0,7,77.0,2.765305995941162,2
302,graficon15nodi/grafo1013.15,30,15,23,31,39,62.0,2,143.00000000000017,1.6342887878417969,2
303,graficon17nodi/grafo415.17,30,17,24,33,40,79.0,5,78.0,1.9355788230895996,2
304,graficon26nodi/grafo578.26,30,26,27,30,31,84.0,1,87.00000000000003,4.310690402984619,2
305,graficon25nodi/grafo2077.25,30,25,29,31,35,81.0,7,106.50000000000001,3.5632598400115967,2
306,graficon29nodi/grafo2085.29,30,29,30,33,34,60.0,0,57.5,0.09109807014465332,2
307,graficon19nodi/grafo1834.19,30,19,23,32,36,39.0,0,35.5,0.0414881706237793,2
308,graficon24nodi/grafo1830.24,30,24,29,34,39,66.0,1,69.0,2.0557312965393066,2
309,graficon21nodi/grafo245.21,30,21,22,30,31,45.0,1,46.5,0.06825113296508789,2
310,graficon21nodi/grafo1645.21,30,21,23,30,32,58.0,0,69.0,1.672163724899292,2
311,graficon20nodi/grafo1761.20,30,20,26,31,37,44.0,0,91.50000000000009,0.09144258499145508,2
312,graficon26nodi/grafo1805.26,30,26,31,33,38,70.0,5,96.0,2.4198367595672607,2
313,graficon18nodi/grafo2744.18,30,18,24,34,40,70.0,3,135.5,0.16940045356750488,2
314,graficon20nodi/grafo2268.20,30,20,24,32,36,57.0,3,121.0,0.10122394561767578,2
315,graficon25nodi/grafo2837.25,30,25,27,32,34,56.0,0,75.0,0.12418699264526367,2
316,graficon21nodi/grafo2833.21,30,21,24,30,33,44.0,1,52.5,0.08318686485290527,2
317,graficon20nodi/grafo3049.20,30,20,24,33,37,48.0,2,73.5,0.0878915786743164,2
318,graficon26nodi/grafo1799.26,30,26,30,32,36,79.0,3,78.499999999999,1.8840599060058594,2
319,graficon17nodi/grafo1403.17,30,17,23,30,36,57.0,1,56.5,0.11354351043701172,2
320,graficon27nodi/grafo2498.27,30,27,32,34,39,97.0,3,146.0,3.9889233112335205,2
321,graficon22nodi/grafo2819.22,30,22,25,33,36,40.0,0,82.00000000000006,0.05117940902709961,2
322,graficon16nodi/grafo421.16,30,16,22,33,39,67.0,1,96.0,1.4744718074798584,2
323,graficon14nodi/grafo1074.14,30,14,19,32,37,50.0,2,61.999999999999986,0.07059526443481445,2
324,graficon24nodi/grafo918.24,30,24,24,32,32,51.0,0,74.99999999999994,0.07345819473266602,2
325,graficon18nodi/grafo1780.18,30,18,24,30,36,44.0,1,70.5,0.07001352310180664,2
326,graficon29nodi/grafo1198.29,30,29,29,31,31,72.0,1,60.0,0.1551506519317627,2
327,graficon15nodi/grafo2591.15,30,15,23,31,39,63.0,2,57.0,0.12235522270202637,2
328,graficon19nodi/grafo924.19,30,19,21,32,34,40.0,0,64.0,0.06807374954223633,2
329,graficon23nodi/grafo835.23,30,23,27,31,35,58.0,6,101.0,0.14129090309143066,2
330,graficon17nodi/grafo829.17,30,17,21,33,37,62.0,0,106.99999999999974,0.15519428253173828,2
331,graficon16nodi/grafo1635.16,30,16,25,34,43,69.0,1,155.50000000000023,0.2113511562347412,2
332,graficon14nodi/grafo649.14,30,14,24,32,42,72.0,5,127.5000000000002,1.6804039478302002,2
333,graficon18nodi/grafo1824.18,30,18,23,32,37,58.0,1,47.0,0.10372757911682129,2
334,graficon26nodi/grafo1629.26,30,26,29,30,33,51.0,1,64.0,0.08395791053771973,2
335,graficon15nodi/grafo1142.15,30,15,24,32,41,82.0,1,61.0,1.909501314163208,2
336,graficon22nodi/grafo2410.22,30,22,24,30,32,38.0,1,66.5,0.04087066650390625,2
337,graficon23nodi/grafo2028.23,30,23,32,32,41,84.0,12,160.68181818181824,5.23941969871521,2
338,graficon25nodi/grafo1040.25,30,25,32,34,41,75.0,11,115.31818181818181,4.984344005584717,2
339,graficon17nodi/grafo2494.17,30,17,20,30,33,29.0,1,71.0,0.031184673309326172,2
340,graficon21nodi/grafo381.21,30,21,23,31,33,41.0,1,73.50000000000006,0.05516791343688965,2
341,graficon19nodi/grafo2425.19,30,19,23,30,34,51.0,2,105.99999999999997,0.13419580459594727,2
342,graficon26nodi/grafo1230.26,30,26,29,30,33,59.0,2,59.49999999999997,0.06871938705444336,2
343,graficon17nodi/grafo1861.17,30,17,21,34,38,45.0,2,57.5,0.06606245040893555,2
344,graficon27nodi/grafo1232.27,30,27,31,33,37,110.0,7,139.5000000000003,8.473782777786255,2
345,graficon27nodi/grafo2582.27,30,27,27,34,34,57.0,0,67.0,0.10536980628967285,2
346,graficon24nodi/grafo2017.24,30,24,28,32,36,73.0,2,98.50000000000247,3.1531753540039062,2
347,graficon32nodi/grafo11636.32,30,32,32,33,33,47.0,0,49.0,0.05897951126098633,2
348,graficon19nodi/grafo621.19,30,19,27,30,38,58.0,3,109.00000000000058,0.15264415740966797,2
349,graficon16nodi/grafo2023.16,30,16,20,34,38,47.0,2,56.5,0.07532644271850586,2
350,graficon23nodi/grafo622.23,30,23,25,33,35,52.0,1,84.0,0.07437396049499512,2
351,graficon19nodi/grafo2135.19,30,19,23,33,37,56.0,2,64.0,0.08873128890991211,2
352,graficon15nodi/grafo879.15,30,15,20,30,35,57.0,0,65.0,0.1360611915588379,2
353,graficon22nodi/grafo1012.22,30,22,24,31,33,60.0,0,67.99999999999963,0.15061450004577637,2
354,graficon20nodi/grafo429.20,30,20,28,34,42,72.0,6,65.00000000000001,0.18457531929016113,2
355,graficon26nodi/grafo1269.26,30,26,28,31,33,93.0,0,145.00000000000222,8.350231885910034,2
356,graficon17nodi/grafo2520.17,30,17,24,32,39,60.0,7,119.0,0.14742636680603027,2
357,graficon32nodi/grafo10052.32,30,32,33,34,35,48.0,0,52.5,0.05366849899291992,2
358,graficon20nodi/grafo874.20,30,20,25,34,39,57.0,1,59.0,0.07339715957641602,2
359,graficon20nodi/grafo1901.20,30,20,26,33,39,85.0,2,161.99999999999966,5.37847113609314,2
360,graficon22nodi/grafo2456.22,30,22,26,33,37,59.0,0,86.0,0.12777996063232422,2
361,graficon17nodi/grafo276.17,30,17,20,31,34,43.0,1,109.0,0.06619143486022949,2
362,graficon25nodi/grafo575.25,30,25,29,34,38,70.0,2,74.5,1.9583189487457275,2
363,graficon17nodi/grafo517.17,30,17,23,33,39,54.0,1,93.0,0.10159444808959961,2
364,graficon19nodi/grafo1900.19,30,19,22,31,34,37.0,0,38.0,0.049202680587768555,2
365,graficon22nodi/grafo1422.22,30,22,22,30,30,55.0,0,96.0,0.11634635925292969,2
366,graficon25nodi/grafo862.25,30,25,28,33,36,76.0,1,109.0,3.547403573989868,2
367,graficon23nodi/grafo545.23,30,23,28,32,37,39.0,1,47.5,0.050665855407714844,2
368,graficon24nodi/grafo2341.24,30,24,29,34,39,61.0,1,105.99999999999987,0.14833378791809082,2
369,graficon26nodi/grafo1512.26,30,26,30,34,38,77.0,2,125.0,3.874300956726074,2
370,graficon18nodi/grafo1626.18,30,18,27,32,41,66.0,8,108.00000000000006,1.506535530090332,2
371,graficon21nodi/grafo2378.21,30,21,25,31,35,52.0,2,98.0,1.5261502265930176,2
372,graficon25nodi/grafo2051.25,30,25,26,33,34,41.0,0,64.0,0.04153084754943848,2
373,graficon32nodi/grafo9919.32,30,32,32,33,33,47.0,0,49.0,0.05762529373168945,2
374,graficon18nodi/grafo1940.18,30,18,24,31,37,52.0,1,32.0,0.10306429862976074,2
375,graficon25nodi/grafo1338.25,30,25,26,34,35,69.0,0,72.99999999999997,1.4711029529571533,2
376,graficon33nodi/grafo11170.33,30,33,42,39,48,87.0,2,116.00000000000065,2.9988327026367188,2
377,graficon23nodi/grafo2966.23,30,23,26,36,39,51.0,0,43.0,0.07655882835388184,2
378,graficon29nodi/grafo1102.29,30,29,29,37,37,58.0,0,61.0,0.09579873085021973,2
379,graficon26nodi/grafo1340.26,30,26,31,38,43,99.0,4,172.00000000000063,5.542789697647095,2
380,graficon22nodi/grafo1850.22,30,22,28,38,44,64.0,1,109.0,0.11220765113830566,2
381,graficon28nodi/grafo2572.28,30,28,34,38,44,93.0,3,116.50000000000063,4.032530069351196,2
382,graficon17nodi/grafo420.17,30,17,25,37,45,70.0,3,73.0,1.568779706954956,2
383,graficon20nodi/grafo2670.20,30,20,28,36,44,51.0,3,90.5,0.09836578369140625,2
384,graficon26nodi/grafo2766.26,30,26,32,38,44,56.0,2,81.5,0.07739949226379395,2
385,graficon29nodi/grafo1333.29,30,29,31,38,40,89.0,0,116.00000000000023,3.029972791671753,2
386,graficon21nodi/grafo1863.21,30,21,26,35,40,76.0,4,94.00000000000009,0.18760275840759277,2
387,graficon27nodi/grafo1623.27,30,27,30,37,40,42.0,1,50.0,0.05508112907409668,2
388,graficon33nodi/grafo2828.33,30,33,37,38,42,83.0,3,60.0,2.1916768550872803,2
389,graficon26nodi/grafo2606.26,30,26,32,36,42,92.0,5,199.0,4.2296342849731445,2
390,graficon19nodi/grafo2371.19,30,19,24,35,40,59.0,0,76.00000000000006,0.14852595329284668,2
391,graficon25nodi/grafo2700.25,30,25,28,36,39,53.0,2,75.0,0.07702183723449707,2
392,graficon24nodi/grafo2587.24,30,24,28,36,40,66.0,5,97.0,0.16324830055236816,2
393,graficon15nodi/grafo947.15,30,15,24,39,48,82.0,3,147.5,1.675926923751831,2
394,graficon19nodi/grafo2562.19,30,19,28,36,45,58.0,4,135.99999999999991,0.11751914024353027,2
395,graficon32nodi/grafo11456.32,30,32,33,35,36,47.0,1,57.0,0.0594334602355957,2
396,graficon27nodi/grafo248.27,30,27,33,38,44,89.0,4,130.0,4.383445978164673,2
397,graficon22nodi/grafo2676.22,30,22,26,38,42,51.0,0,63.500000000000014,0.07809162139892578,2
398,graficon32nodi/grafo11607.32,30,32,38,39,45,89.0,4,61.0,3.6665422916412354,2
399,graficon19nodi/grafo2171.19,30,19,23,35,39,62.0,1,58.0,0.10618019104003906,2
400,graficon19nodi/grafo1666.19,30,19,28,37,46,74.0,1,112.00000000000117,1.6869573593139648,2
401,graficon33nodi/grafo11210.33,30,33,42,39,48,87.0,2,116.00000000000065,2.6759369373321533,2
402,graficon26nodi/grafo2123.26,30,26,28,35,37,76.0,1,61.5,0.23771119117736816,2
403,graficon26nodi/grafo3056.26,30,26,36,35,45,99.0,15,203.000000000003,5.2241175174713135,2
404,graficon30nodi/grafo1582.30,30,30,34,35,39,115.0,2,106.49999999999999,7.4457314014434814,2
405,graficon24nodi/grafo1440.24,30,24,32,37,45,99.0,6,133.0,5.36437463760376,2
406,graficon33nodi/grafo9903.33,30,33,42,39,48,87.0,2,116.00000000000065,2.604763984680176,2
407,graficon23nodi/grafo1557.23,30,23,29,37,43,89.0,2,113.0000000000005,3.808244466781616,2
408,graficon21nodi/grafo1941.21,30,21,26,37,42,61.0,1,71.00000000000011,0.12269020080566406,2
409,graficon13nodi/grafo317.13,30,13,21,38,46,76.0,2,114.0,1.6121156215667725,2
410,graficon33nodi/grafo154.33,30,33,34,36,37,69.0,0,40.5,2.767352819442749,2
411,graficon31nodi/grafo10007.31,30,31,34,35,38,97.0,4,106.00000000000263,4.688380241394043,2
412,graficon20nodi/grafo1764.20,30,20,25,37,42,53.0,2,149.0,0.08559060096740723,2
413,graficon31nodi/grafo5484.31,30,31,32,38,39,60.0,2,70.9999999999999,0.10522007942199707,2
414,graficon27nodi/grafo1286.27,30,27,31,36,40,72.0,2,59.99999999999994,0.1575181484222412,2
415,graficon23nodi/grafo2200.23,30,23,29,38,44,71.0,2,91.49999999999996,0.2014598846435547,2
416,graficon24nodi/grafo872.24,30,24,28,37,41,59.0,2,46.49999999999999,0.08717584609985352,2
417,graficon22nodi/grafo605.22,30,22,26,39,43,77.0,0,108.0,1.6052930355072021,2
418,graficon29nodi/grafo1034.29,30,29,32,38,41,86.0,1,143.5,1.6973612308502197,2
419,graficon21nodi/grafo2356.21,30,21,27,35,41,49.0,2,76.50000000000003,0.07337403297424316,2
420,graficon33nodi/grafo10134.33,30,33,34,37,38,73.0,1,37.5,0.14492011070251465,2
421,graficon32nodi/grafo9867.32,30,32,33,35,36,47.0,1,57.0,0.05974245071411133,2
422,graficon26nodi/grafo753.26,30,26,28,36,38,54.0,2,71.5,0.0817098617553711,2
423,graficon21nodi/grafo123.21,30,21,25,38,42,60.0,1,78.5,0.10280537605285645,2
424,graficon25nodi/grafo1360.25,30,25,30,35,40,62.0,5,80.9999999999971,0.12966203689575195,2
425,graficon27nodi/grafo174.27,30,27,28,36,37,79.0,1,57.0,3.1809253692626953,2
426,graficon20nodi/grafo251.20,30,20,23,36,39,60.0,1,83.0,0.1391150951385498,2
427,graficon18nodi/grafo2768.18,30,18,23,35,40,63.0,2,63.0,0.1431429386138916,2
428,graficon36nodi/grafo2402.36,30,36,38,39,41,109.0,0,151.99999999999986,5.677312612533569,2
429,graficon30nodi/grafo1237.30,30,30,35,39,44,80.0,1,68.00000000000011,1.861342191696167,2
430,graficon20nodi/grafo2284.20,30,20,30,37,47,72.0,6,79.0,0.1998579502105713,2
431,graficon17nodi/grafo1160.17,30,17,23,39,45,70.0,1,116.99999999999967,0.14409351348876953,2
432,graficon27nodi/grafo2721.27,30,27,27,37,37,54.0,1,82.0,0.09022903442382812,2
433,graficon23nodi/grafo2691.23,30,23,31,39,47,82.0,5,146.5,1.6202878952026367,2
434,graficon22nodi/grafo2875.22,30,22,27,38,43,67.0,2,69.5,0.12051820755004883,2
435,graficon33nodi/grafo11130.33,30,33,42,39,48,87.0,2,116.00000000000065,2.699812889099121,2
436,graficon18nodi/grafo2805.18,30,18,25,36,43,63.0,3,96.99999999999974,0.14666509628295898,2
437,graficon16nodi/grafo2584.16,30,16,22,39,45,58.0,2,43.0,0.06132769584655762,2
438,graficon17nodi/grafo597.17,30,17,24,36,43,71.0,0,113.0,1.4227910041809082,2
439,graficon24nodi/grafo1950.24,30,24,27,39,42,83.0,1,137.5,2.48184871673584,2
440,graficon25nodi/grafo2067.25,30,25,28,38,41,57.0,1,70.0,0.10573649406433105,2
441,graficon15nodi/grafo2448.15,30,15,23,38,46,72.0,2,63.0,0.22260808944702148,2
442,graficon26nodi/grafo1273.26,30,26,27,36,37,76.0,0,74.0,1.597409963607788,2
443,graficon32nodi/grafo11397.32,30,32,33,37,38,57.0,0,55.5,0.09105157852172852,2
444,graficon33nodi/grafo11023.33,30,33,33,36,36,50.0,0,43.5,0.06505417823791504,2
445,graficon33nodi/grafo11026.33,30,33,36,39,42,101.0,3,88.0,3.3891196250915527,2
446,graficon17nodi/grafo945.17,30,17,22,36,41,61.0,0,77.00000000000072,0.14826512336730957,2
447,graficon25nodi/grafo584.25,30,25,29,35,39,86.0,4,153.49999999999898,5.020898103713989,2
448,graficon12nodi/grafo2426.12,30,12,18,38,44,84.0,0,105.0,2.145749092102051,2
449,graficon18nodi/grafo2731.18,30,18,23,35,40,46.0,0,65.0,0.06624817848205566,2
450,graficon23nodi/grafo2217.23,30,23,29,35,41,70.0,9,80.99999999999997,0.21228408813476562,2
451,graficon26nodi/grafo2108.26,30,26,35,41,50,88.0,10,94.5,2.4668009281158447,2
452,graficon31nodi/grafo11581.31,30,31,36,42,47,109.0,4,100.49999999999999,5.301698684692383,2
453,graficon25nodi/grafo1271.25,30,25,30,40,45,80.0,3,129.0000000000001,3.1615359783172607,2
454,graficon31nodi/grafo11454.31,30,31,36,42,47,109.0,4,100.49999999999999,5.264755487442017,2
455,graficon25nodi/grafo163.25,30,25,37,44,56,143.0,26,198.0,10.815092086791992,2
456,graficon19nodi/grafo950.19,30,19,23,43,47,69.0,0,116.0,0.07861018180847168,2
457,graficon30nodi/grafo1252.30,30,30,34,43,47,69.0,0,82.00000000000034,0.13768649101257324,2
458,graficon27nodi/grafo1217.27,30,27,29,42,44,81.0,0,77.0,1.7999188899993896,2
459,graficon34nodi/grafo11331.34,30,34,41,43,50,90.0,3,114.99999999999997,1.5847523212432861,2
460,graficon20nodi/grafo1873.20,30,20,27,40,47,72.0,6,67.0,0.1752762794494629,2
461,graficon34nodi/grafo5197.34,30,34,36,43,45,74.0,0,83.5,0.11249351501464844,2
462,graficon28nodi/grafo1615.28,30,28,35,43,50,96.0,8,214.00000000000037,5.4364752769470215,2
463,graficon27nodi/grafo3039.27,30,27,31,44,48,62.0,1,88.49999999999959,0.10318684577941895,2
464,graficon37nodi/grafo2519.37,30,37,39,44,46,136.0,0,124.00000000000023,8.17829704284668,2
465,graficon27nodi/grafo2037.27,30,27,31,42,46,104.0,2,192.00000000000117,6.320826768875122,2
466,graficon20nodi/grafo1757.20,30,20,25,41,46,62.0,1,84.5,0.1388695240020752,2
467,graficon23nodi/grafo551.23,30,23,29,43,49,77.0,0,102.0,0.23223328590393066,2
468,graficon32nodi/grafo10795.32,30,32,35,43,46,106.0,1,76.0,4.959696292877197,2
469,graficon33nodi/grafo5994.33,30,33,36,42,45,90.0,0,46.0,2.2092738151550293,2
470,graficon23nodi/grafo2712.23,30,23,30,40,47,67.0,1,102.0,0.15114855766296387,2
471,graficon22nodi/grafo1894.22,30,22,30,40,48,84.0,5,145.0,0.24548673629760742,2
472,graficon28nodi/grafo1190.28,30,28,31,43,46,90.0,3,122.0,1.5749247074127197,2
473,graficon32nodi/grafo1455.32,30,32,38,43,49,100.0,2,131.49999999999997,4.12992000579834,2
474,graficon18nodi/grafo1086.18,30,18,26,41,49,85.0,1,71.5,0.25173282623291016,2
475,graficon34nodi/grafo9918.34,30,34,34,43,43,48.0,0,73.0,0.04450225830078125,2
476,graficon32nodi/grafo1226.32,30,32,34,43,45,86.0,1,70.5,0.18471026420593262,2
477,graficon35nodi/grafo7133.35,30,35,38,43,46,96.0,3,119.0,1.9658703804016113,2
478,graficon34nodi/grafo11544.34,30,34,34,43,43,48.0,0,73.0,0.042955636978149414,2
479,graficon14nodi/grafo2738.14,30,14,23,40,49,89.0,1,105.99999999999967,0.32425689697265625,2
480,graficon27nodi/grafo2958.27,30,27,32,42,47,68.0,0,149.50000000000003,0.14027070999145508,2
481,graficon31nodi/grafo3686.31,30,31,36,42,47,109.0,4,100.49999999999999,5.112379789352417,2
482,graficon14nodi/grafo701.14,30,14,20,42,48,70.0,1,100.5,0.13506650924682617,2
483,graficon33nodi/grafo9921.33,30,33,36,43,46,91.0,1,134.0,3.771090507507324,2
484,graficon27nodi/grafo2876.27,30,27,32,41,46,77.0,2,110.0,1.546509027481079,2
485,graficon25nodi/grafo1234.25,30,25,33,42,50,102.0,2,159.00000000000026,7.267573118209839,2
486,graficon26nodi/grafo1285.26,30,26,30,42,46,63.0,2,62.5,0.08378171920776367,2
487,graficon30nodi/grafo2365.30,30,30,34,40,44,117.0,4,177.5,7.79778528213501,2
488,graficon26nodi/grafo798.26,30,26,32,41,47,78.0,5,97.50000000000001,0.19423842430114746,2
489,graficon21nodi/grafo1682.21,30,21,41,43,63,128.0,33,266.0,10.047435760498047,2
490,graficon32nodi/grafo5244.32,30,32,38,42,48,67.0,0,49.0,0.07116079330444336,2
491,graficon23nodi/grafo2854.23,30,23,29,44,50,80.0,2,84.5,0.19483280181884766,2
492,graficon32nodi/grafo1053.32,30,32,41,43,52,140.0,6,208.9999999999889,12.308179140090942,2
493,graficon21nodi/grafo2756.21,30,21,26,40,45,57.0,2,72.0,0.07305073738098145,2
494,graficon22nodi/grafo1503.22,30,22,26,44,48,74.0,0,105.0,0.1150064468383789,2
495,graficon22nodi/grafo2370.22,30,22,28,41,47,54.0,1,74.5,0.08010554313659668,2
496,graficon23nodi/grafo2769.23,30,23,27,44,48,70.0,2,76.0,0.14677953720092773,2
497,graficon28nodi/grafo124.28,30,28,29,41,42,56.0,1,79.0,0.08446025848388672,2
498,graficon31nodi/grafo9916.31,30,31,36,42,47,109.0,4,100.49999999999999,6.130356788635254,2
499,graficon33nodi/grafo11631.33,30,33,43,41,51,88.0,3,99.5,3.269045829772949,2
500,graficon30nodi/grafo1256.30,30,30,33,40,43,72.0,0,44.5,0.14047908782958984,2
501,graficon32nodi/grafo10231.32,30,32,35,43,46,66.0,0,110.0,2.554569959640503,2
502,graficon34nodi/grafo11277.34,30,34,35,41,42,55.0,0,76.5,0.07981252670288086,2
503,graficon34nodi/grafo2464.34,30,34,38,44,48,128.0,5,166.5,8.397226333618164,2
504,graficon27nodi/grafo1199.27,30,27,30,40,43,42.0,0,76.0,0.042928218841552734,2
505,graficon25nodi/grafo1614.25,30,25,27,41,43,76.0,1,132.00000000000284,1.7554931640625,2
506,graficon29nodi/grafo1376.29,30,29,34,42,47,90.0,3,88.5,0.19643902778625488,2
507,graficon35nodi/grafo3480.35,30,35,35,44,44,97.0,0,123.0,3.1950440406799316,2
508,graficon29nodi/grafo1587.29,30,29,35,42,48,108.0,1,95.625,3.921818256378174,2
509,graficon34nodi/grafo6050.34,30,34,41,43,50,87.0,3,87.5,1.6881980895996094,2
510,graficon25nodi/grafo2755.25,30,25,32,42,49,85.0,5,112.00000000000001,3.184738874435425,2
511,graficon23nodi/grafo2853.23,30,23,34,40,51,100.0,15,153.00000000000003,3.600705146789551,2
512,graficon34nodi/grafo10281.34,30,34,41,42,49,96.0,1,101.5000000000001,4.185823440551758,2
513,graficon34nodi/grafo11630.34,30,34,40,44,50,113.0,1,89.0,5.293166399002075,2
514,graficon28nodi/grafo2436.28,30,28,37,44,53,141.0,8,180.50000000000003,10.699621438980103,2
515,graficon34nodi/grafo9878.34,30,34,39,41,46,95.0,2,116.0,1.9354472160339355,2
516,graficon32nodi/grafo3901.32,30,32,38,42,48,93.0,3,165.00000000000003,5.266758680343628,2
517,graficon35nodi/grafo11455.35,30,35,35,42,42,83.0,0,61.50000000000002,3.84277081489563,2
518,graficon28nodi/grafo296.28,30,28,36,43,51,100.0,11,151.5,4.163626194000244,2
519,graficon25nodi/grafo1251.25,30,25,26,40,41,57.0,0,43.5,0.05923032760620117,2
520,graficon34nodi/grafo11319.34,30,34,40,42,48,120.0,3,83.00000000000001,4.49085807800293,2
521,graficon34nodi/grafo11660.34,30,34,36,43,45,107.0,1,92.99999999999993,4.647107124328613,2
522,graficon31nodi/grafo2394.31,30,31,36,43,48,119.0,5,167.0,9.075725317001343,2
523,graficon26nodi/grafo1218.26,30,26,28,42,44,88.0,0,115.50000000000014,1.7412421703338623,2
524,graficon37nodi/grafo6342.37,30,37,42,44,49,138.0,7,112.00000000000449,10.035062551498413,2
525,graficon28nodi/grafo1311.28,30,28,34,42,48,90.0,5,147.49999999999994,3.215596914291382,2
526,graficon19nodi/grafo1826.19,30,19,27,46,54,106.0,2,178.0,6.110612869262695,2
527,graficon14nodi/grafo1951.14,30,14,25,46,57,110.0,3,114.5,2.504049777984619,2
528,graficon37nodi/grafo3547.37,30,37,38,49,50,81.0,0,105.0,0.13931918144226074,2
529,graficon34nodi/grafo11207.34,30,34,38,48,52,80.0,4,96.0,0.1609790325164795,2
530,graficon31nodi/grafo10887.31,30,31,36,46,51,77.0,0,100.5,0.1547563076019287,2
531,graficon32nodi/grafo1255.32,30,32,37,46,51,74.0,1,90.49999999999997,0.15466594696044922,2
532,graficon28nodi/grafo1840.28,30,28,34,48,54,85.0,4,115.00000000000006,0.18973660469055176,2
533,graficon21nodi/grafo630.21,30,21,28,45,52,82.0,1,109.0,0.16117477416992188,2
534,graficon26nodi/grafo3044.26,30,26,34,48,56,117.0,3,196.5,0.45000147819519043,2
535,graficon23nodi/grafo1806.23,30,23,28,48,53,96.0,0,108.0,1.5551190376281738,2
536,graficon31nodi/grafo10458.31,30,31,36,46,51,77.0,0,100.5,0.17677640914916992,2
537,graficon35nodi/grafo10620.35,30,35,41,46,52,116.0,3,121.50000000000011,3.7799510955810547,2
538,graficon22nodi/grafo249.22,30,22,31,46,55,114.0,4,148.0,5.893923282623291,2
539,graficon32nodi/grafo745.32,30,32,36,45,49,107.0,0,104.99999999999991,3.1707816123962402,2
540,graficon35nodi/grafo5759.35,30,35,39,45,49,53.0,1,91.0,0.0693509578704834,2
541,graficon33nodi/grafo11516.33,30,33,42,45,54,104.0,4,142.00000000000205,1.770477294921875,2
542,graficon25nodi/grafo2437.25,30,25,30,48,53,63.0,1,104.5,0.10090923309326172,2
543,graficon31nodi/grafo1301.31,30,31,40,47,56,117.0,7,191.50000000000082,8.151286602020264,2
544,graficon38nodi/grafo3332.38,30,38,43,45,50,181.0,2,144.9999999999754,49.59843134880066,2
545,graficon22nodi/grafo2748.22,30,22,29,45,52,110.0,0,114.49999999999987,1.796440601348877,2
546,graficon27nodi/grafo1253.27,30,27,32,45,50,110.0,2,215.0,9.027388572692871,2
547,graficon36nodi/grafo3862.36,30,36,41,46,51,92.0,4,81.0,0.20601177215576172,2
548,graficon28nodi/grafo1202.28,30,28,36,45,53,99.0,4,156.0,3.4904017448425293,2
549,graficon37nodi/grafo5957.37,30,37,39,48,50,132.0,0,181.00000000000043,7.968626499176025,2
550,graficon38nodi/grafo6734.38,30,38,41,45,48,138.0,1,183.5,11.554993391036987,2
551,graficon36nodi/grafo5561.36,30,36,38,47,49,69.0,0,98.5,0.10272765159606934,2
552,graficon31nodi/grafo10011.31,30,31,36,46,51,77.0,0,100.5,0.15385103225708008,2
553,graficon36nodi/grafo6066.36,30,36,39,48,51,129.0,0,161.5,6.90683913230896,2
554,graficon31nodi/grafo1362.31,30,31,37,45,51,114.0,1,194.00000000000065,4.754421710968018,2
555,graficon27nodi/grafo1200.27,30,27,36,46,55,123.0,0,247.50000000000045,7.816844701766968,2
556,graficon39nodi/grafo6087.39,30,39,46,48,55,122.0,9,117.0,5.957834720611572,2
557,graficon33nodi/grafo5247.33,30,33,38,46,51,60.0,0,105.0,0.0723106861114502,2
558,graficon36nodi/grafo6811.36,30,36,44,48,56,101.0,2,104.5,3.218799591064453,2
559,graficon23nodi/grafo1798.23,30,23,31,48,56,98.0,3,112.0,1.5811686515808105,2
560,graficon27nodi/grafo2275.27,30,27,32,46,51,108.0,2,139.00000000000136,1.727388620376587,2
561,graficon26nodi/grafo2981.26,30,26,36,45,55,114.0,10,100.5,6.490889549255371,2
562,graficon36nodi/grafo3414.36,30,36,39,46,49,98.0,2,68.5,2.325711250305176,2
563,graficon19nodi/grafo2428.19,30,19,23,45,49,61.0,1,79.0,0.056153059005737305,2
564,graficon35nodi/grafo10085.35,30,35,41,46,52,122.0,8,189.50000000000017,4.5515477657318115,2
565,graficon32nodi/grafo1379.32,30,32,39,48,55,115.0,3,113.5,1.7462396621704102,2
566,graficon26nodi/grafo173.26,30,26,31,46,51,97.0,3,105.50000000000003,4.494348049163818,2
567,graficon38nodi/grafo5236.38,30,38,43,49,54,95.0,2,119.50000000000009,1.6596167087554932,2
568,graficon26nodi/grafo2399.26,30,26,31,46,51,81.0,2,172.49999999999613,1.7013630867004395,2
569,graficon31nodi/grafo11421.31,30,31,37,46,52,114.0,4,137.49999999999977,4.738295793533325,2
570,graficon40nodi/grafo7698.40,30,40,47,49,56,172.0,1,102.5,11.408473014831543,2
571,graficon35nodi/grafo1925.35,30,35,36,48,49,104.0,0,147.00000000000006,1.8210773468017578,2
572,graficon25nodi/grafo1319.25,30,25,31,47,53,99.0,3,154.0,3.2580277919769287,2
573,graficon26nodi/grafo2999.26,30,26,30,45,49,69.0,2,79.99999999999994,0.12264156341552734,2
574,graficon21nodi/grafo1632.21,30,21,26,48,53,69.0,0,72.0,0.07956361770629883,2
575,graficon32nodi/grafo9975.32,30,32,39,48,55,120.0,4,193.5,7.702569961547852,2
576,graficon33nodi/grafo5182.33,30,33,38,49,54,107.0,0,114.0,1.8077208995819092,2
577,graficon32nodi/grafo11121.32,30,32,40,47,55,102.0,4,125.5,2.6767187118530273,2
578,graficon35nodi/grafo6642.35,30,35,42,49,56,122.0,5,94.0,5.468400955200195,2
579,graficon28nodi/grafo932.28,30,28,35,45,52,91.0,2,165.5000000000001,2.712031126022339,2
580,graficon34nodi/grafo2578.34,30,34,36,48,50,110.0,1,87.0,1.9404964447021484,2
581,graficon33nodi/grafo11538.33,30,33,38,47,52,106.0,3,189.00000000000028,3.6531119346618652,2
582,graficon33nodi/grafo10562.33,30,33,39,48,54,118.0,4,134.0,3.9567954540252686,2
583,graficon35nodi/grafo2815.35,30,35,43,47,55,141.0,9,172.00000000000125,6.773171663284302,2
584,graficon18nodi/grafo374.18,30,18,25,46,53,108.0,0,164.5000000000001,5.279376268386841,2
585,graficon34nodi/grafo5148.34,30,34,37,47,50,108.0,1,164.0,2.34578800201416,2
586,graficon35nodi/grafo11567.35,30,35,43,45,53,87.0,1,89.0,1.962113857269287,2
587,graficon31nodi/grafo1115.31,30,31,43,45,57,126.0,12,299.0,7.962522029876709,2
588,graficon34nodi/grafo2363.34,30,34,39,48,53,113.0,3,114.0,5.333306550979614,2
589,graficon33nodi/grafo11375.33,30,33,39,48,54,107.0,3,165.5,5.643055438995361,2
590,graficon36nodi/grafo5879.36,30,36,42,46,52,102.0,4,131.0,4.084569692611694,2
591,graficon35nodi/grafo5820.35,30,35,38,45,48,100.0,1,77.5,5.644594669342041,2
592,graficon17nodi/grafo678.17,30,17,25,48,56,93.0,1,136.99999999999972,0.20896410942077637,2
593,graficon32nodi/grafo9954.32,30,32,34,46,48,54.0,1,72.0,0.045614004135131836,2
594,graficon35nodi/grafo5966.35,30,35,45,47,57,111.0,10,159.0,5.353537082672119,2
595,graficon35nodi/grafo5522.35,30,35,40,46,51,109.0,6,177.0,5.918335676193237,2
596,graficon22nodi/grafo2807.22,30,22,27,46,51,74.0,2,63.5,0.07201504707336426,2
597,graficon32nodi/grafo3106.32,30,32,38,48,54,114.0,3,198.5,4.79376482963562,2
598,graficon36nodi/grafo5667.36,30,36,40,46,50,79.0,0,126.99999999999991,0.1704087257385254,2
599,graficon31nodi/grafo2262.31,30,31,40,47,56,114.0,3,270.0,6.454890966415405,2
600,graficon33nodi/grafo10456.33,30,33,38,48,53,92.0,4,104.5,2.5969388484954834,2
601,graficon33nodi/grafo1915.33,30,33,44,54,65,180.0,2,219.99999999999943,37.49363398551941,2
602,graficon36nodi/grafo3304.36,30,36,47,53,64,162.0,15,253.00000000001216,11.056358098983765,2
603,graficon36nodi/grafo11296.36,30,36,44,50,58,133.0,18,180.0000000000013,9.106909990310669,2
604,graficon37nodi/grafo3729.37,30,37,45,54,62,121.0,3,241.0,7.656235694885254,2
605,graficon36nodi/grafo2212.36,30,36,41,54,59,121.0,2,99.0,1.7738590240478516,2
606,graficon31nodi/grafo1989.31,30,31,33,54,56,95.0,0,155.50000000000003,0.15025067329406738,2
607,graficon35nodi/grafo10658.35,30,35,41,50,56,129.0,3,98.00000000000065,5.987387418746948,2
608,graficon39nodi/grafo5309.39,30,39,46,54,61,196.0,5,317.00000000006384,51.131596326828,2
609,graficon34nodi/grafo5495.34,30,34,43,53,62,117.0,7,261.5000000000002,3.9182662963867188,2
610,graficon37nodi/grafo3433.37,30,37,42,54,59,130.0,3,129.0,5.979435682296753,2
611,graficon34nodi/grafo9882.34,30,34,39,50,55,104.0,0,148.0,3.7458386421203613,2
612,graficon22nodi/grafo1154.22,30,22,28,50,56,106.0,3,69.5,2.3283684253692627,2
613,graficon22nodi/grafo1715.22,30,22,34,54,66,143.0,3,267.9999999999995,8.582635641098022,2
614,graficon36nodi/grafo3282.36,30,36,40,54,58,113.0,2,167.00000000000028,2.9354822635650635,2
615,graficon36nodi/grafo3153.36,30,36,43,53,60,135.0,2,185.0,6.3816752433776855,2
616,graficon34nodi/grafo4029.34,30,34,40,50,56,98.0,6,152.49999999999966,2.9232254028320312,2
617,graficon32nodi/grafo1784.32,30,32,36,52,56,73.0,3,71.0,0.09126758575439453,2
618,graficon33nodi/grafo2397.33,30,33,39,50,56,119.0,5,203.00000000000156,7.597842693328857,2
619,graficon39nodi/grafo7363.39,30,39,43,51,55,169.0,3,184.99999999999594,14.373623132705688,2
620,graficon34nodi/grafo11241.34,30,34,39,50,55,104.0,0,148.0,3.9423635005950928,2
621,graficon31nodi/grafo1689.31,30,31,34,53,56,89.0,0,80.5,0.18096160888671875,2
622,graficon39nodi/grafo6808.39,30,39,45,51,57,143.0,6,108.00000000000016,8.897109508514404,2
623,graficon24nodi/grafo522.24,30,24,30,51,57,114.0,4,144.5,1.8149161338806152,2
624,graficon25nodi/grafo2016.25,30,25,33,50,58,98.0,2,123.49999999999999,0.23142743110656738,2
625,graficon24nodi/grafo1667.24,30,24,29,50,55,70.0,1,119.5,0.11627721786499023,2
626,graficon40nodi/grafo5346.40,30,40,44,52,56,157.0,6,119.5,17.588114500045776,2
627,graficon34nodi/grafo11531.34,30,34,37,50,53,113.0,1,97.0,5.492879629135132,2
628,graficon23nodi/grafo1974.23,30,23,27,54,58,100.0,1,115.99999999999997,0.21380257606506348,2
629,graficon30nodi/grafo1183.30,30,30,39,50,59,133.0,6,119.0000000000001,8.095046281814575,2
630,graficon35nodi/grafo7366.35,30,35,43,51,59,140.0,1,205.00000000000261,13.17791199684143,2
631,graficon33nodi/grafo9869.33,30,33,38,50,55,84.0,2,54.499999999999986,0.1281898021697998,2
632,graficon38nodi/grafo3247.38,30,38,43,50,55,146.0,3,174.00000000001134,13.76260781288147,2
633,graficon36nodi/grafo5319.36,30,36,44,53,61,159.0,2,276.50000000001137,13.317646980285645,2
634,graficon30nodi/grafo11384.30,30,30,34,50,54,88.0,2,161.50000000000006,1.620466709136963,2
635,graficon38nodi/grafo3966.38,30,38,42,54,58,141.0,4,187.0000000000017,10.174113512039185,2
636,graficon32nodi/grafo3012.32,30,32,38,54,60,151.0,3,165.0,17.945151329040527,2
637,graficon33nodi/grafo1174.33,30,33,41,53,61,133.0,4,164.5,6.052721261978149,2
638,graficon35nodi/grafo11415.35,30,35,43,52,60,118.0,5,145.49999999999994,4.235600233078003,2
639,graficon36nodi/grafo10746.36,30,36,42,54,60,105.0,0,107.49999999999994,1.8231120109558105,2
640,graficon38nodi/grafo6579.38,30,38,49,54,65,151.0,7,228.50000000000244,11.05822229385376,2
641,graficon32nodi/grafo10058.32,30,32,40,51,59,112.0,3,118.50000000000018,0.3208639621734619,2
642,graficon34nodi/grafo11614.34,30,34,39,50,55,104.0,0,148.0,3.563840389251709,2
643,graficon38nodi/grafo6106.38,30,38,47,53,62,171.0,11,220.49999999999991,11.624241828918457,2
644,graficon26nodi/grafo309.26,30,26,36,54,64,143.0,6,215.00000000000017,7.26989483833313,2
645,graficon34nodi/grafo10483.34,30,34,45,50,61,108.0,8,198.000000000001,2.857025384902954,2
646,graficon34nodi/grafo3023.34,30,34,42,54,62,98.0,2,138.49999999999997,1.6773052215576172,2
647,graficon35nodi/grafo11423.35,30,35,42,54,61,88.0,4,120.0,0.21278095245361328,2
648,graficon26nodi/grafo1952.26,30,26,31,54,59,94.0,3,109.0,0.1602325439453125,2
649,graficon38nodi/grafo5993.38,30,38,44,53,59,120.0,4,154.5,1.9218509197235107,2
650,graficon17nodi/grafo2227.17,30,17,25,50,58,129.0,2,63.5,1.8002052307128906,2
651,graficon34nodi/grafo2082.34,30,34,38,54,58,91.0,0,68.5,1.4122951030731201,2
652,graficon27nodi/grafo1746.27,30,27,38,52,63,84.0,3,214.0,0.1729414463043213,2
653,graficon33nodi/grafo3214.33,30,33,44,52,63,145.0,14,201.0,6.465765476226807,2
654,graficon28nodi/grafo3060.28,30,28,36,51,59,79.0,4,92.99999999999986,0.12842941284179688,2
655,graficon24nodi/grafo1158.24,30,24,34,52,62,150.0,6,227.0,9.886706352233887,2
656,graficon33nodi/grafo11638.33,30,33,38,53,58,88.0,2,134.0,1.4697620868682861,2
657,graficon35nodi/grafo7548.35,30,35,42,54,61,136.0,1,167.0,7.654157638549805,2
658,graficon34nodi/grafo5827.34,30,34,40,51,57,127.0,2,144.99999999999997,9.31208848953247,2
659,graficon34nodi/grafo5485.34,30,34,43,52,61,112.0,5,210.00000000000054,5.824253082275391,2
660,graficon35nodi/grafo6897.35,30,35,47,52,64,133.0,10,202.99999999999991,8.396239042282104,2
661,graficon34nodi/grafo5498.34,30,34,41,54,61,129.0,4,173.5,6.580902814865112,2
662,graficon34nodi/grafo5856.34,30,34,41,50,57,99.0,4,164.0,1.8094096183776855,2
663,graficon40nodi/grafo4073.40,30,40,42,51,53,200.0,2,191.00000000000003,24.627294540405273,2
664,graficon36nodi/grafo10619.36,30,36,41,51,56,117.0,1,182.99999999999997,3.1650660037994385,2
665,graficon42nodi/grafo7119.42,30,42,46,50,54,140.0,2,174.5,8.27820873260498,2
666,graficon36nodi/grafo11525.36,30,36,45,53,62,139.0,6,128.99999999999974,6.309522867202759,2
667,graficon35nodi/grafo11234.35,30,35,35,51,51,59.0,0,54.0,0.05673861503601074,2
668,graficon24nodi/grafo2787.24,30,24,35,51,62,125.0,7,167.49999999999983,6.100635051727295,2
669,graficon40nodi/grafo3874.40,30,40,46,50,56,184.0,4,255.50000000000034,19.124317169189453,2
670,graficon28nodi/grafo1569.28,30,28,36,53,61,113.0,1,141.0,0.31316256523132324,2
671,graficon35nodi/grafo2098.35,30,35,42,50,57,94.0,3,120.5,2.1402790546417236,2
672,graficon34nodi/grafo2031.34,30,34,42,53,61,116.0,4,179.00000000000173,4.521473407745361,2
673,graficon30nodi/grafo11667.30,30,30,34,52,56,78.0,0,99.0,0.09817385673522949,2
674,graficon30nodi/grafo1345.30,30,30,44,50,64,176.0,15,310.49999999999994,15.980169296264648,2
675,graficon29nodi/grafo2054.29,30,29,35,50,56,62.0,2,68.0,0.06580114364624023,2
676,graficon41nodi/grafo4004.41,30,41,48,57,64,129.0,5,176.49999999999886,1.9082744121551514,2
677,graficon37nodi/grafo2224.37,30,37,45,58,66,176.0,11,209.0000000000005,16.217978477478027,2
678,graficon34nodi/grafo6076.34,30,34,44,56,66,125.0,2,266.00000000000006,5.4421470165252686,2
679,graficon40nodi/grafo5714.40,30,40,52,59,71,178.0,18,191.0,14.520639419555664,2
680,graficon38nodi/grafo9968.38,30,38,44,55,61,114.0,1,96.0,3.1247830390930176,2
681,graficon28nodi/grafo1201.28,30,28,38,58,68,143.0,5,182.0000000000001,3.873356342315674,2
682,graficon35nodi/grafo10708.35,30,35,46,55,66,171.0,19,190.0,16.151927947998047,2
683,graficon21nodi/grafo433.21,30,21,28,55,62,134.0,5,142.00000000000028,3.7932796478271484,2
684,graficon34nodi/grafo5143.34,30,34,40,57,63,62.0,1,187.0,0.05168747901916504,2
685,graficon36nodi/grafo11677.36,30,36,49,56,69,149.0,8,285.9999999999985,8.435945510864258,2
686,graficon37nodi/grafo3125.37,30,37,42,58,63,110.0,2,122.5,1.689957857131958,2
687,graficon37nodi/grafo7307.37,30,37,47,55,65,114.0,3,164.0,2.281625509262085,2
688,graficon37nodi/grafo6450.37,30,37,46,57,66,127.0,4,131.0,1.936600685119629,2
689,graficon39nodi/grafo3679.39,30,39,43,56,60,155.0,5,107.5,8.800926208496094,2
690,graficon38nodi/grafo6656.38,30,38,46,57,65,150.0,3,239.00000000000023,8.461175203323364,2
691,graficon34nodi/grafo11409.34,30,34,35,56,57,83.0,1,80.5,0.12236642837524414,2
692,graficon38nodi/grafo6939.38,30,38,51,57,70,125.0,12,155.00000000000009,6.673598766326904,2
693,graficon33nodi/grafo2687.33,30,33,46,56,69,163.0,15,329.00000000001216,20.37881350517273,2
694,graficon38nodi/grafo3351.38,30,38,46,55,63,123.0,7,161.0,5.952598333358765,2
695,graficon37nodi/grafo7087.37,30,37,44,59,66,133.0,2,95.49999999999964,5.382550001144409,2
696,graficon36nodi/grafo11468.36,30,36,47,58,69,177.0,20,267.0000000000006,18.447452068328857,2
697,graficon31nodi/grafo1946.31,30,31,38,59,66,98.0,3,155.49999999999775,0.23341584205627441,2
698,graficon32nodi/grafo1908.32,30,32,39,55,62,108.0,3,268.99999999999983,4.724642276763916,2
699,graficon40nodi/grafo3255.40,30,40,46,56,62,141.0,8,173.99999999999997,8.588752508163452,2
700,graficon37nodi/grafo5301.37,30,37,44,58,65,144.0,3,127.99999999999994,8.057196378707886,2
701,graficon35nodi/grafo5613.35,30,35,46,57,68,145.0,11,248.50000000000256,7.3280768394470215,2
702,graficon35nodi/grafo2990.35,30,35,48,59,72,156.0,13,228.00000000000347,11.078806161880493,2
703,graficon43nodi/grafo6878.43,30,43,48,56,61,164.0,5,203.0,14.458170413970947,2
704,graficon27nodi/grafo1390.27,30,27,39,57,69,154.0,10,247.00000000000136,16.88684344291687,2
705,graficon36nodi/grafo6227.36,30,36,46,59,69,154.0,8,225.5,12.934237003326416,2
706,graficon39nodi/grafo3830.39,30,39,50,58,69,156.0,6,229.49999999999935,16.486223459243774,2
707,graficon37nodi/grafo6796.37,30,37,49,57,69,181.0,7,287.00000000000426,25.329257011413574,2
708,graficon33nodi/grafo5872.33,30,33,39,57,63,71.0,2,135.0,0.10546636581420898,2
709,graficon36nodi/grafo6071.36,30,36,43,59,66,105.0,3,104.0,0.2055819034576416,2
710,graficon36nodi/grafo2465.36,30,36,44,58,66,149.0,5,181.5000000000003,10.868318557739258,2
711,graficon38nodi/grafo7362.38,30,38,44,59,65,133.0,3,125.00000000000003,4.92882776260376,2
712,graficon38nodi/grafo7290.38,30,38,47,58,67,164.0,8,255.99999999999872,12.080999374389648,2
713,graficon42nodi/grafo3239.42,30,42,48,56,62,166.0,4,251.99999999999795,20.432772874832153,2
714,graficon44nodi/grafo3040.44,30,44,50,59,65,168.0,5,228.00000000000426,13.86640977859497,2
715,graficon39nodi/grafo11577.39,30,39,49,55,65,142.0,9,183.00000000000043,9.473865747451782,2
716,graficon40nodi/grafo4081.40,30,40,46,56,62,193.0,12,313.9999999999837,46.211814880371094,2
717,graficon42nodi/grafo6381.42,30,42,50,59,67,134.0,4,203.00000000000313,4.95804762840271,2
718,graficon41nodi/grafo10067.41,30,41,47,58,64,108.0,3,113.0,0.2994720935821533,2
719,graficon37nodi/grafo11622.37,30,37,49,59,71,125.0,5,224.0000000000001,1.989084005355835,2
720,graficon32nodi/grafo1992.32,30,32,36,57,61,94.0,2,87.0,0.17363262176513672,2
721,graficon38nodi/grafo6467.38,30,38,43,59,64,103.0,2,170.4999999999999,0.2804234027862549,2
722,graficon40nodi/grafo6922.40,30,40,47,59,66,141.0,5,171.0,7.144923210144043,2
723,graficon34nodi/grafo5303.34,30,34,44,59,69,144.0,2,139.00000000000193,4.180375576019287,2
724,graficon34nodi/grafo11396.34,30,34,35,55,56,66.0,0,87.5,0.05957174301147461,2
725,graficon39nodi/grafo5122.39,30,39,51,59,71,192.0,15,259.50000000001666,19.709869384765625,2
726,graficon42nodi/grafo6223.42,30,42,45,59,62,149.0,2,203.27272727272737,12.508431911468506,2
727,graficon40nodi/grafo2627.40,30,40,49,56,65,148.0,7,214.81818181818304,9.51064920425415,2
728,graficon41nodi/grafo6876.41,30,41,50,58,67,142.0,5,131.5,7.360722541809082,2
729,graficon35nodi/grafo11548.35,30,35,46,55,66,171.0,19,190.0,16.431856870651245,2
730,graficon31nodi/grafo1637.31,30,31,41,56,66,140.0,10,145.0,8.398103713989258,2
731,graficon38nodi/grafo3437.38,30,38,45,57,64,152.0,9,131.0,7.835026025772095,2
732,graficon35nodi/grafo10135.35,30,35,43,55,63,136.0,7,175.00000000000125,5.034330368041992,2
733,graficon38nodi/grafo2960.38,30,38,48,56,66,159.0,13,166.00000000000207,9.670363903045654,2
734,graficon35nodi/grafo3720.35,30,35,46,59,70,178.0,6,288.00000000000006,13.963064193725586,2
735,graficon36nodi/grafo6233.36,30,36,47,56,67,133.0,8,230.5000000000001,6.715662956237793,2
736,graficon24nodi/grafo1966.24,30,24,34,58,68,136.0,2,183.0,6.230388402938843,2
737,graficon38nodi/grafo3681.38,30,38,48,56,66,160.0,6,268.0000000000019,17.369072914123535,2
738,graficon36nodi/grafo5970.36,30,36,46,57,67,177.0,10,219.50000000000122,22.028995990753174,2
739,graficon26nodi/grafo1272.26,30,26,34,56,64,144.0,1,245.5000000000021,9.162823677062988,2
740,graficon32nodi/grafo2968.32,30,32,41,55,64,147.0,8,153.0,6.78448748588562,2
741,graficon34nodi/grafo5917.34,30,34,41,58,65,96.0,2,91.99999999999994,1.7173230648040771,2
742,graficon35nodi/grafo11344.35,30,35,40,55,60,99.0,3,133.5,2.2847976684570312,2
743,graficon47nodi/grafo1531.47,30,47,54,58,65,201.0,2,269.0000000000036,33.871182441711426,2
744,graficon36nodi/grafo5264.36,30,36,41,59,64,95.0,0,128.0,0.16065549850463867,2
745,graficon36nodi/grafo7306.36,30,36,48,55,67,223.0,30,337.50000000002905,54.957664251327515,2
746,graficon34nodi/grafo3124.34,30,34,43,56,65,138.0,8,283.0,10.603611946105957,2
747,graficon35nodi/grafo11633.35,30,35,46,56,67,165.0,7,170.5,18.458840131759644,2
748,graficon40nodi/grafo6115.40,30,40,46,57,63,107.0,5,118.49999999999991,2.454726457595825,2
749,graficon37nodi/grafo3554.37,30,37,41,57,61,117.0,0,183.49999999999952,3.986495018005371,2
750,graficon36nodi/grafo10229.36,30,36,46,58,68,114.0,5,144.99999999999994,2.413065195083618,2
751,graficon33nodi/grafo598.33,30,33,49,63,79,217.0,23,359.9999999999997,44.26148223876953,2
752,graficon44nodi/grafo7435.44,30,44,53,63,72,118.0,4,235.49999999999977,3.8040215969085693,2
753,graficon40nodi/grafo6485.40,30,40,51,62,73,169.0,15,176.0000000000026,12.541842222213745,2
754,graficon35nodi/grafo6035.35,30,35,50,61,76,187.0,9,176.0,20.037219524383545,2
755,graficon38nodi/grafo7531.38,30,38,44,61,67,108.0,3,218.00000000000068,1.7391929626464844,2
756,graficon37nodi/grafo11473.37,30,37,42,61,66,117.0,1,134.49999999999994,1.67399001121521,2
757,graficon33nodi/grafo5821.33,30,33,43,62,72,99.0,4,177.0,0.18879365921020508,2
758,graficon39nodi/grafo5308.39,30,39,49,64,74,133.0,7,231.5,3.8803091049194336,2
759,graficon33nodi/grafo10454.33,30,33,41,61,69,128.0,3,149.99999999999994,0.3014862537384033,2
760,graficon42nodi/grafo7704.42,30,42,51,63,72,205.0,10,251.00000000001188,19.327572107315063,2
761,graficon33nodi/grafo2654.33,30,33,49,64,80,217.0,14,299.7727272727272,25.344576358795166,2
762,graficon36nodi/grafo11077.36,30,36,40,63,67,115.0,1,126.0,1.8618748188018799,2
763,graficon37nodi/grafo5888.37,30,37,50,60,73,126.0,9,188.4999999999999,2.2087342739105225,2
764,graficon33nodi/grafo10732.33,30,33,37,60,64,118.0,1,174.5,4.4730918407440186,2
765,graficon25nodi/grafo2301.25,30,25,37,61,73,146.0,1,190.00000000000003,9.041304588317871,2
766,graficon43nodi/grafo7428.43,30,43,52,60,69,189.0,6,247.5,15.756678581237793,2
767,graficon32nodi/grafo2991.32,30,32,43,61,72,155.0,6,339.0,9.011187553405762,2
768,graficon41nodi/grafo3498.41,30,41,53,63,75,170.0,13,247.0,20.82167410850525,2
769,graficon36nodi/grafo11414.36,30,36,47,62,73,149.0,9,222.99999999999991,7.720478773117065,2
770,graficon35nodi/grafo10841.35,30,35,45,62,72,159.0,9,160.50000000000006,8.283450603485107,2
771,graficon38nodi/grafo2959.38,30,38,48,61,71,136.0,7,204.00000000000688,6.561333656311035,2
772,graficon30nodi/grafo359.30,30,30,37,60,67,97.0,4,114.49999999999997,0.19096970558166504,2
773,graficon37nodi/grafo1555.37,30,37,48,61,72,184.0,15,260.0000000000083,19.454689502716064,2
774,graficon37nodi/grafo2398.37,30,37,47,64,74,161.0,10,254.97458242556283,17.403554677963257,2
775,graficon40nodi/grafo2729.40,30,40,46,64,70,185.0,4,174.00000000000082,16.232637643814087,2
776,graficon42nodi/grafo3325.42,30,42,52,64,74,151.0,5,343.5,8.254518747329712,2
777,graficon36nodi/grafo10462.36,30,36,40,61,65,95.0,0,163.0,0.09703803062438965,2
778,graficon39nodi/grafo7630.39,30,39,46,62,69,176.0,8,312.5000000000006,16.54421877861023,2
779,graficon30nodi/grafo2012.30,30,30,46,64,80,222.0,16,347.5000000000068,41.644115686416626,2
780,graficon48nodi/grafo1669.48,30,48,59,62,73,261.0,15,362.5000000000061,66.79173111915588,2
781,graficon40nodi/grafo3116.40,30,40,47,64,71,173.0,5,253.5,20.088956356048584,2
782,graficon41nodi/grafo4047.41,30,41,48,63,70,148.0,1,198.00000000000168,7.2828521728515625,2
783,graficon44nodi/grafo3971.44,30,44,48,64,68,158.0,2,187.0,5.153477191925049,2
784,graficon36nodi/grafo6093.36,30,36,43,63,70,118.0,7,165.0,1.6917724609375,2
785,graficon39nodi/grafo6244.39,30,39,52,64,77,211.0,12,327.9999999999996,42.19335913658142,2
786,graficon34nodi/grafo5991.34,30,34,41,60,67,122.0,2,206.5000000000044,5.405069351196289,2
787,graficon38nodi/grafo5998.38,30,38,44,60,66,150.0,1,314.0,9.423214673995972,2
788,graficon32nodi/grafo5807.32,30,32,41,64,73,120.0,2,157.5,2.0988144874572754,2
789,graficon29nodi/grafo2811.29,30,29,40,62,73,153.0,9,150.00000000000006,4.495141506195068,2
790,graficon33nodi/grafo11643.33,30,33,37,60,64,118.0,1,174.5,4.522461652755737,2
791,graficon45nodi/grafo7711.45,30,45,53,64,72,156.0,3,166.0,6.242552995681763,2
792,graficon35nodi/grafo3483.35,30,35,41,61,67,109.0,4,176.4999999999988,0.30431413650512695,2
793,graficon37nodi/grafo7410.37,30,37,51,61,75,161.0,15,220.00000000000074,14.777124166488647,2
794,graficon39nodi/grafo3792.39,30,39,49,61,71,148.0,7,203.00000000000026,8.050310134887695,2
795,graficon46nodi/grafo7281.46,30,46,54,61,69,169.0,9,235.0000000000034,14.259174823760986,2
796,graficon41nodi/grafo7033.41,30,41,48,60,67,186.0,8,200.0,18.57860016822815,2
797,graficon37nodi/grafo6905.37,30,37,48,63,74,182.0,11,229.99999999999824,20.184844493865967,2
798,graficon33nodi/grafo1668.33,30,33,41,63,71,145.0,6,145.50000000000082,2.037997007369995,2
799,graficon43nodi/grafo4042.43,30,43,47,60,64,165.0,0,136.00000000000028,12.082872867584229,2
800,graficon37nodi/grafo3728.37,30,37,47,63,73,151.0,6,280.50000000000546,6.928469896316528,2
801,graficon37nodi/grafo6219.37,30,37,45,62,70,142.0,4,210.0,6.973143577575684,2
802,graficon37nodi/grafo2761.37,30,37,45,60,68,135.0,5,234.49999999999994,7.6358420848846436,2
803,graficon35nodi/grafo6010.35,30,35,44,60,69,148.0,8,81.0,5.2373926639556885,2
804,graficon41nodi/grafo5637.41,30,41,49,61,69,154.0,5,282.0,11.224460363388062,2
805,graficon36nodi/grafo5783.36,30,36,46,62,72,138.0,6,235.50000000000028,6.345066785812378,2
806,graficon42nodi/grafo5250.42,30,42,51,64,73,151.0,7,241.00000000000358,9.78681993484497,2
807,graficon38nodi/grafo11452.38,30,38,50,62,74,161.0,17,217.0000000000014,10.603213787078857,2
808,graficon41nodi/grafo11172.41,30,41,51,62,72,174.0,8,270.00000000000523,7.5614025592803955,2
809,graficon37nodi/grafo7650.37,30,37,52,63,78,180.0,9,331.999999999995,36.15862274169922,2
810,graficon33nodi/grafo11527.33,30,33,40,62,69,142.0,3,114.5,7.287068605422974,2
811,graficon40nodi/grafo6142.40,30,40,49,64,73,168.0,8,212.50000000000276,12.307404518127441,2
812,graficon36nodi/grafo5809.36,30,36,45,63,72,153.0,8,272.49999999999983,10.388971328735352,2
813,graficon40nodi/grafo5426.40,30,40,50,62,72,254.0,14,413.0000000000016,55.32338070869446,2
814,graficon34nodi/grafo3076.34,30,34,39,61,66,141.0,2,167.0,4.342759132385254,2
815,graficon39nodi/grafo7374.39,30,39,51,62,74,176.0,17,300.50000000001086,16.086192846298218,2
816,graficon40nodi/grafo7706.40,30,40,51,60,71,160.0,14,277.00000000000006,11.815897226333618,2
817,graficon44nodi/grafo3602.44,30,44,53,62,71,219.0,12,245.99999999999952,46.66111493110657,2
818,graficon43nodi/grafo7484.43,30,43,49,63,69,166.0,4,352.99999999999625,11.945862293243408,2
819,graficon37nodi/grafo11410.37,30,37,45,64,72,110.0,4,144.50000000000034,1.5653715133666992,2
820,graficon35nodi/grafo6104.35,30,35,40,63,68,159.0,1,251.79999999999995,6.343764781951904,2
821,graficon36nodi/grafo5360.36,30,36,44,62,70,126.0,6,158.49999999999972,1.8662452697753906,2
822,graficon38nodi/grafo5222.38,30,38,43,62,67,118.0,3,210.0,2.188559055328369,2
823,graficon36nodi/grafo11309.36,30,36,46,61,71,174.0,12,182.5000000000031,13.818479776382446,2
824,graficon36nodi/grafo5457.36,30,36,43,61,68,101.0,4,143.5,1.5803682804107666,2
825,graficon37nodi/grafo7092.37,30,37,47,61,71,210.0,18,245.50000000000006,44.58899450302124,2
826,graficon38nodi/grafo1999.38,30,38,45,68,75,117.0,2,191.50000000000017,0.27448439598083496,2
827,graficon38nodi/grafo7684.38,30,38,54,68,84,206.0,15,387.0,44.42599439620972,2
828,graficon43nodi/grafo3669.43,30,43,52,67,76,241.0,6,377.5,46.96348810195923,2
829,graficon40nodi/grafo11665.40,30,40,48,68,76,140.0,9,220.99999999999937,1.790623426437378,2
830,graficon39nodi/grafo10234.39,30,39,51,69,81,171.0,13,224.00000000000026,6.76334547996521,2
831,graficon40nodi/grafo6382.40,30,40,52,65,77,195.0,12,232.50000000000028,26.902840852737427,2
832,graficon44nodi/grafo7013.44,30,44,53,69,78,137.0,1,239.0000000000001,3.6541428565979004,2
833,graficon37nodi/grafo3341.37,30,37,50,66,79,198.0,12,165.00000000000037,22.17915964126587,2
834,graficon40nodi/grafo5504.40,30,40,53,66,79,182.0,10,267.9999999999973,14.965592861175537,2
835,graficon44nodi/grafo1219.44,30,44,48,66,70,120.0,0,171.99999999999994,0.32764339447021484,2
836,graficon29nodi/grafo3034.29,30,29,40,65,76,176.0,4,315.50000000000176,12.90799069404602,2
837,graficon44nodi/grafo3831.44,30,44,52,67,75,218.0,8,336.9999999999966,42.6431999206543,2
838,graficon35nodi/grafo3068.35,30,35,50,67,82,217.0,16,254.99999999999005,35.943490505218506,2
839,graficon40nodi/grafo9898.40,30,40,50,68,78,155.0,9,158.5,3.037687063217163,2
840,graficon37nodi/grafo6847.37,30,37,47,67,77,180.0,2,298.50000000000114,17.00101351737976,2
841,graficon40nodi/grafo5327.40,30,40,47,68,75,146.0,4,210.50000000000009,0.4098055362701416,2
842,graficon44nodi/grafo6266.44,30,44,60,68,84,235.0,23,345.99999999998704,44.84994912147522,2
843,graficon39nodi/grafo6848.39,30,39,52,67,80,193.0,8,275.0000000000002,34.297640800476074,2
844,graficon30nodi/grafo2030.30,30,30,44,66,80,198.0,14,218.0000000000024,18.926732778549194,2
845,graficon40nodi/grafo6167.40,30,40,57,66,83,244.0,22,496.00000000010846,52.52825093269348,2
846,graficon39nodi/grafo2148.39,30,39,45,67,73,148.0,3,153.50000000000006,6.377992153167725,2
847,graficon36nodi/grafo3734.36,30,36,46,67,77,199.0,6,344.00000000000034,47.352964639663696,2
848,graficon39nodi/grafo5789.39,30,39,58,69,88,201.0,24,315.9999999999999,20.81665849685669,2
849,graficon29nodi/grafo1284.29,30,29,40,65,76,192.0,6,215.00000000000415,21.6331524848938,2
850,graficon45nodi/grafo7024.45,30,45,50,65,70,146.0,5,150.0,3.3540260791778564,2
851,graficon33nodi/grafo5203.33,30,33,41,68,76,123.0,5,162.0,0.21460628509521484,2
852,graficon34nodi/grafo6218.34,30,34,40,65,71,138.0,3,194.50000000000028,4.314336538314819,2
853,graficon43nodi/grafo7073.43,30,43,51,69,77,136.0,7,149.0,2.8072755336761475,2
854,graficon42nodi/grafo5867.42,30,42,52,69,79,247.0,12,479.0000000000049,52.93470096588135,2
855,graficon36nodi/grafo7509.36,30,36,45,69,78,158.0,6,286.00000000000136,7.624989986419678,2
856,graficon37nodi/grafo7743.37,30,37,55,68,86,219.0,21,400.5000000000001,39.87220597267151,2
857,graficon44nodi/grafo6915.44,30,44,58,68,82,198.0,17,325.9999999999795,22.094788551330566,2
858,graficon40nodi/grafo7570.40,30,40,52,68,80,187.0,14,330.5,20.3106951713562,2
859,graficon33nodi/grafo5787.33,30,33,40,66,73,121.0,2,191.50000000000003,0.37313127517700195,2
860,graficon34nodi/grafo11517.34,30,34,44,69,79,193.0,5,198.00000000000168,18.977466821670532,2
861,graficon49nodi/grafo1560.49,30,49,59,68,78,186.0,9,166.5,29.375360250473022,2
862,graficon47nodi/grafo3121.47,30,47,54,65,72,214.0,3,315.0000000000003,23.263660430908203,2
863,graficon38nodi/grafo2052.38,30,38,50,67,79,159.0,14,254.00000000000023,6.150578260421753,2
864,graficon41nodi/grafo3794.41,30,41,52,65,76,164.0,18,186.0,10.401666164398193,2
865,graficon38nodi/grafo3964.38,30,38,48,69,79,187.0,6,221.0,18.20745825767517,2
866,graficon39nodi/grafo7264.39,30,39,51,67,79,215.0,20,216.5,39.081599712371826,2
867,graficon38nodi/grafo3752.38,30,38,46,65,73,176.0,4,179.9615384615384,13.077062606811523,2
868,graficon37nodi/grafo3576.37,30,37,49,69,81,202.0,13,306.5000000000012,17.34336757659912,2
869,graficon38nodi/grafo5949.38,30,38,50,66,78,182.0,4,273.0,14.22066354751587,2
870,graficon29nodi/grafo2639.29,30,29,43,67,81,211.0,6,428.50000000000364,45.43362736701965,2
871,graficon38nodi/grafo11575.38,30,38,46,66,74,151.0,11,247.49999999999972,6.2696802616119385,2
872,graficon38nodi/grafo3321.38,30,38,53,66,81,199.0,16,449.99999999999994,20.919618844985962,2
873,graficon31nodi/grafo1429.31,30,31,45,65,79,214.0,14,258.0000000000065,41.7137176990509,2
874,graficon38nodi/grafo4013.38,30,38,49,67,78,157.0,9,140.0,5.531278371810913,2
875,graficon28nodi/grafo1339.28,30,28,41,67,80,190.0,15,337.9999999999936,15.18822693824768,2
876,graficon35nodi/grafo2020.35,30,35,43,68,76,128.0,1,246.99999999999991,0.25798869132995605,2
877,graficon40nodi/grafo7409.40,30,40,48,65,73,139.0,5,158.0,3.973001480102539,2
878,graficon42nodi/grafo6141.42,30,42,53,68,79,177.0,13,203.00000000000128,8.101710081100464,2
879,graficon38nodi/grafo3932.38,30,38,48,69,79,180.0,5,342.0,13.024131059646606,2
880,graficon38nodi/grafo2986.38,30,38,50,67,79,212.0,17,335.00000000000944,38.70450806617737,2
881,graficon42nodi/grafo5771.42,30,42,51,68,77,174.0,5,249.9999999999999,9.816887855529785,2
882,graficon45nodi/grafo7734.45,30,45,55,68,78,185.0,13,259.5,26.274551153182983,2
883,graficon42nodi/grafo3094.42,30,42,49,69,76,175.0,2,194.0000000000024,7.452554941177368,2
884,graficon38nodi/grafo819.38,30,38,49,68,79,197.0,13,314.9999999999982,19.314868450164795,2
885,graficon39nodi/grafo6923.39,30,39,48,67,76,203.0,10,294.9999999999993,38.355257511138916,2
886,graficon33nodi/grafo10400.33,30,33,38,68,73,149.0,1,146.50000000000057,5.801402807235718,2
887,graficon36nodi/grafo11346.36,30,36,49,69,82,177.0,12,223.99999999999974,17.24171805381775,2
888,graficon39nodi/grafo11565.39,30,39,45,65,71,123.0,4,131.49999999999977,0.2475414276123047,2
889,graficon50nodi/grafo1494.50,30,50,57,68,75,234.0,9,321.722222222219,30.199605464935303,2
890,graficon38nodi/grafo10455.38,30,38,42,67,71,106.0,1,96.0,0.16407036781311035,2
891,graficon38nodi/grafo9852.38,30,38,48,66,76,159.0,7,217.00000000000122,7.373897314071655,2
892,graficon45nodi/grafo5975.45,30,45,52,66,73,179.0,5,207.50000000000023,17.038498878479004,2
893,graficon39nodi/grafo4061.39,30,39,47,69,77,144.0,5,185.5000000000001,3.521489381790161,2
894,graficon40nodi/grafo6955.40,30,40,52,69,81,201.0,8,301.8862275449106,21.76376724243164,2
895,graficon41nodi/grafo7624.41,30,41,54,69,82,284.0,11,339.0000000000017,78.26205801963806,2
896,graficon35nodi/grafo6116.35,30,35,43,69,77,125.0,5,141.5000000000001,0.26045823097229004,2
897,graficon51nodi/grafo1404.51,30,51,70,69,88,323.0,38,422.5000000003365,87.07247638702393,2
898,graficon36nodi/grafo7553.36,30,36,52,69,85,177.0,15,246.99999999999997,18.569315910339355,2
899,graficon40nodi/grafo3711.40,30,40,53,68,81,230.0,3,234.5000000000029,41.532654762268066,2
900,graficon37nodi/grafo2099.37,30,37,44,69,76,145.0,0,242.5,6.3996171951293945,2
901,graficon40nodi/grafo3916.40,30,40,51,71,82,201.0,6,282.0000000000012,27.6704683303833,2
902,graficon39nodi/grafo227.39,30,39,47,72,80,182.0,4,216.00000000000438,14.334060430526733,2
903,graficon44nodi/grafo7217.44,30,44,53,70,79,170.0,7,247.00000000000085,10.057294845581055,2
904,graficon35nodi/grafo10277.35,30,35,45,71,81,223.0,8,310.0,44.1699423789978,2
905,graficon37nodi/grafo2678.37,30,37,45,74,82,186.0,2,275.00000000000375,10.63869047164917,2
906,graficon44nodi/grafo3432.44,30,44,55,72,83,182.0,9,229.0,10.787226438522339,2
907,graficon43nodi/grafo7404.43,30,43,55,73,85,193.0,9,309.49999999999727,13.521472930908203,2
908,graficon47nodi/grafo6168.47,30,47,50,70,73,178.0,1,313.5000000000034,8.450815916061401,2
909,graficon44nodi/grafo5590.44,30,44,49,72,77,124.0,1,148.0,0.2749166488647461,2
910,graficon37nodi/grafo3954.37,30,37,50,70,83,217.0,12,239.00000000000026,20.134921550750732,2
911,graficon40nodi/grafo490.40,30,40,45,71,76,108.0,1,199.00000000000307,1.4939568042755127,2
912,graficon38nodi/grafo3708.38,30,38,53,74,89,216.0,8,364.0000000000003,30.394749402999878,2
913,graficon34nodi/grafo10511.34,30,34,41,71,78,148.0,3,213.0,1.7481639385223389,2
914,graficon39nodi/grafo11357.39,30,39,48,71,80,151.0,8,312.5,4.3089704513549805,2
915,graficon49nodi/grafo6373.49,30,49,56,73,80,204.0,10,261.50000000000017,20.6530122756958,2
916,graficon41nodi/grafo7372.41,30,41,55,71,85,302.0,14,387.0,81.505122423172,2
917,graficon47nodi/grafo3806.47,30,47,52,71,76,163.0,3,284.0000000000036,9.31355619430542,2
918,graficon40nodi/grafo7285.40,30,40,56,70,86,241.0,20,447.4999999999656,47.14171075820923,2
919,graficon36nodi/grafo5124.36,30,36,43,70,77,170.0,4,239.50000000000136,12.228346109390259,2
920,graficon38nodi/grafo3457.38,30,38,43,70,75,143.0,1,131.5,3.667231798171997,2
921,graficon40nodi/grafo3539.40,30,40,57,72,89,240.0,20,354.0000000000074,36.95990514755249,2
922,graficon39nodi/grafo3391.39,30,39,61,71,93,285.0,38,366.50000000000637,76.72646498680115,2
923,graficon38nodi/grafo6480.38,30,38,50,70,82,178.0,11,232.0,18.757534503936768,2
924,graficon42nodi/grafo3820.42,30,42,52,70,80,194.0,5,366.4999999999946,17.538378715515137,2
925,graficon40nodi/grafo11283.40,30,40,52,74,86,184.0,11,258.5000000000002,13.813360214233398,2
926,graficon48nodi/grafo1535.48,30,48,53,72,77,142.0,1,229.00000000000017,5.076038837432861,2
927,graficon44nodi/grafo11640.44,30,44,59,73,88,228.0,15,495.0000000000007,53.45970702171326,2
928,graficon30nodi/grafo1810.30,30,30,40,73,83,184.0,4,195.0000000000004,14.657418012619019,2
929,graficon38nodi/grafo10767.38,30,38,50,72,84,239.0,7,325.0,41.06028914451599,2
930,graficon39nodi/grafo10062.39,30,39,44,74,79,141.0,5,224.49999999999997,3.7970378398895264,2
931,graficon42nodi/grafo6171.42,30,42,59,73,90,247.0,18,324.5000000000024,55.75631618499756,2
932,graficon41nodi/grafo7074.41,30,41,50,72,81,158.0,1,185.5,5.565747261047363,2
933,graficon42nodi/grafo6304.42,30,42,55,73,86,215.0,13,408.00000000000745,50.296027421951294,2
934,graficon43nodi/grafo3801.43,30,43,52,70,79,153.0,5,211.50000000000153,4.927389144897461,2
935,graficon40nodi/grafo3538.40,30,40,46,72,78,157.0,3,147.0,1.8874144554138184,2
936,graficon38nodi/grafo10567.38,30,38,47,74,83,215.0,9,261.5,37.89429211616516,2
937,graficon37nodi/grafo3445.37,30,37,46,73,82,148.0,7,116.49999999999997,0.4112856388092041,2
938,graficon37nodi/grafo11122.37,30,37,44,74,81,166.0,7,134.00000000000006,0.4743530750274658,2
939,graficon35nodi/grafo3499.35,30,35,47,70,82,160.0,9,208.4999999999998,8.446691751480103,2
940,graficon42nodi/grafo7296.42,30,42,56,73,87,171.0,11,347.00000000000864,14.962399244308472,2
941,graficon38nodi/grafo10027.38,30,38,50,74,86,197.0,9,273.0,15.611024141311646,2
942,graficon40nodi/grafo6207.40,30,40,52,72,84,196.0,11,272.50000000000085,16.37395453453064,2
943,graficon35nodi/grafo3006.35,30,35,44,70,79,173.0,3,232.00000000000264,16.591064929962158,2
944,graficon56nodi/grafo5979.56,30,56,69,72,85,360.0,21,611.000000000076,127.99989485740662,2
945,graficon39nodi/grafo7283.39,30,39,50,74,85,232.0,11,296.0000000000017,43.35656237602234,2
946,graficon40nodi/grafo3229.40,30,40,48,74,82,172.0,3,134.00000000000028,4.30796480178833,2
947,graficon37nodi/grafo2528.37,30,37,50,70,83,219.0,6,223.9999999999995,28.690252542495728,2
948,graficon40nodi/grafo2963.40,30,40,49,70,79,170.0,7,432.5,12.948789834976196,2
949,graficon37nodi/grafo11238.37,30,37,47,70,80,181.0,5,295.99999999999943,11.650604724884033,2
950,graficon34nodi/grafo5693.34,30,34,46,73,85,180.0,5,288.9999999999998,3.6896071434020996,2
951,graficon45nodi/grafo5623.45,30,45,55,74,84,230.0,2,312.00000000000074,46.27153825759888,2
952,graficon38nodi/grafo1157.38,30,38,48,73,83,152.0,5,205.0,3.8567545413970947,2
953,graficon36nodi/grafo9862.36,30,36,51,74,89,220.0,10,302.0000000000001,22.74582266807556,2
954,graficon39nodi/grafo10505.39,30,39,52,70,83,216.0,12,351.0000000000008,44.77399921417236,2
955,graficon34nodi/grafo9934.34,30,34,40,73,79,118.0,0,98.0,0.2507781982421875,2
956,graficon42nodi/grafo7692.42,30,42,54,74,86,202.0,9,160.0,13.4998197555542,2
957,graficon41nodi/grafo7635.41,30,41,53,71,83,244.0,21,304.0000000000001,43.49444818496704,2
958,graficon39nodi/grafo3849.39,30,39,50,71,82,228.0,9,323.00000000003087,48.39108633995056,2
959,graficon40nodi/grafo3287.40,30,40,52,71,83,212.0,11,332.5,26.8276104927063,2
960,graficon56nodi/grafo7164.56,30,56,68,70,82,223.0,9,164.50000000000006,17.558302402496338,2
961,graficon43nodi/grafo7403.43,30,43,57,70,84,231.0,22,334.5000000000068,45.590601205825806,2
962,graficon39nodi/grafo6476.39,30,39,50,73,84,142.0,14,188.4999999999996,2.1851351261138916,2
963,graficon41nodi/grafo5344.41,30,41,52,73,84,169.0,8,247.50000000000512,10.739392757415771,2
964,graficon35nodi/grafo7560.35,30,35,45,72,82,137.0,5,143.0,1.7972538471221924,2
965,graficon39nodi/grafo11552.39,30,39,47,71,79,191.0,4,301.5,18.652506113052368,2
966,graficon42nodi/grafo3865.42,30,42,56,73,87,184.0,15,326.0000000000027,19.129181623458862,2
967,graficon46nodi/grafo1581.46,30,46,52,71,77,183.0,2,197.00000000000279,7.099890470504761,2
968,graficon38nodi/grafo7187.38,30,38,52,74,88,263.0,18,361.0000000000012,49.940900802612305,2
969,graficon57nodi/grafo5041.57,30,57,63,74,80,326.0,4,449.0000000000005,91.78829956054688,2
970,graficon37nodi/grafo7512.37,30,37,45,71,79,177.0,2,317.50000000000006,11.667518377304077,2
971,graficon39nodi/grafo7479.39,30,39,53,70,84,212.0,13,405.4999999999978,22.571627140045166,2
972,graficon46nodi/grafo5905.46,30,46,56,74,84,198.0,7,234.00000000000165,17.29986548423767,2
973,graficon40nodi/grafo3387.40,30,40,53,74,87,223.0,15,306.49999999998437,37.64766192436218,2
974,graficon38nodi/grafo3915.38,30,38,44,71,77,172.0,2,155.0,12.64316701889038,2
975,graficon37nodi/grafo11479.37,30,37,44,73,80,164.0,6,134.99999999999983,0.38599538803100586,2
976,graficon36nodi/grafo2504.36,30,36,49,76,89,196.0,9,319.0000000000001,17.476791858673096,2
977,graficon30nodi/grafo3011.30,30,30,41,76,87,230.0,4,219.9999999999928,39.82161903381348,2
978,graficon39nodi/grafo2310.39,30,39,59,77,97,292.0,21,353.5000000000004,63.838966846466064,2
979,graficon40nodi/grafo365.40,30,40,47,76,83,123.0,4,213.50000000000003,0.3054165840148926,2
980,graficon41nodi/grafo5534.41,30,41,49,77,85,179.0,5,137.00000000000028,6.404836416244507,2
981,graficon36nodi/grafo5632.36,30,36,43,76,83,173.0,5,218.00000000000028,8.29151177406311,2
982,graficon42nodi/grafo3895.42,30,42,55,79,92,263.0,22,360.99999999999204,54.17453050613403,2
983,graficon40nodi/grafo7534.40,30,40,54,76,90,267.0,15,427.0,61.515198945999146,2
984,graficon38nodi/grafo11163.38,30,38,50,77,89,211.0,14,293.0000000000001,43.807791233062744,2
985,graficon36nodi/grafo5700.36,30,36,49,78,91,238.0,11,382.9999999999987,25.73376441001892,2
986,graficon41nodi/grafo7150.41,30,41,52,75,86,156.0,8,222.0,1.9786603450775146,2
987,graficon38nodi/grafo9909.38,30,38,48,77,87,191.0,8,187.50000000000048,14.200528144836426,2
988,graficon41nodi/grafo6152.41,30,41,56,75,90,225.0,12,207.50000000000338,21.654555559158325,2
989,graficon44nodi/grafo3924.44,30,44,53,75,84,236.0,8,261.5000000000015,37.11164045333862,2
990,graficon38nodi/grafo5880.38,30,38,52,76,90,225.0,12,382.9999999999984,36.57564640045166,2
991,graficon31nodi/grafo1257.31,30,31,50,76,95,282.0,22,372.999999999998,56.71073246002197,2
992,graficon40nodi/grafo9929.40,30,40,56,77,93,204.0,19,259.0000000000001,11.85221266746521,2
993,graficon43nodi/grafo7444.43,30,43,55,77,89,236.0,15,219.0,21.468046188354492,2
994,graficon33nodi/grafo1975.33,30,33,46,77,90,175.0,9,255.99999999999963,11.300820112228394,2
995,graficon44nodi/grafo5982.44,30,44,57,79,92,248.0,12,293.5000000000001,47.16209316253662,2
996,graficon49nodi/grafo1353.49,30,49,54,76,81,158.0,3,277.0,6.517679929733276,2
997,graficon36nodi/grafo3379.36,30,36,44,75,83,142.0,1,199.0,3.2075579166412354,2
998,graficon37nodi/grafo5904.37,30,37,50,77,90,212.0,10,188.9999999999998,19.959227800369263,2
999,graficon37nodi/grafo3837.37,30,37,52,75,90,256.0,13,397.00000000011573,41.38343954086304,2
1000,graficon42nodi/grafo6032.42,30,42,51,76,85,184.0,5,222.00000000000088,6.354261159896851,2
1001,graficon40nodi/grafo7544.40,30,40,53,75,88,241.0,4,343.50000000000114,50.99211359024048,2
1002,graficon38nodi/grafo7305.38,30,38,53,76,91,275.0,17,388.0000000000065,55.10456323623657,2
1003,graficon48nodi/grafo7046.48,30,48,54,76,82,188.0,2,398.42549923195054,12.623223543167114,2
1004,graficon47nodi/grafo3232.47,30,47,55,77,85,170.0,4,195.00000000000125,5.479676246643066,2
1005,graficon40nodi/grafo3885.40,30,40,51,75,86,202.0,6,213.00000000000028,19.669618129730225,2
1006,graficon43nodi/grafo6858.43,30,43,61,77,95,270.0,19,319.1785714285727,54.30947399139404,2
1007,graficon43nodi/grafo5298.43,30,43,56,76,89,208.0,11,256.50000000000006,20.150381326675415,2
1008,graficon37nodi/grafo11609.37,30,37,44,77,84,189.0,6,208.00000000000023,6.190624237060547,2
1009,graficon43nodi/grafo7047.43,30,43,55,76,88,212.0,9,254.0000000000005,28.286023139953613,2
1010,graficon46nodi/grafo1484.46,30,46,57,78,89,290.0,11,539.500000000006,84.3235080242157,2
1011,graficon37nodi/grafo5641.37,30,37,44,79,86,169.0,1,228.0,2.959991931915283,2
1012,graficon47nodi/grafo7547.47,30,47,59,77,89,200.0,10,273.50000000000045,16.138898134231567,2
1013,graficon40nodi/grafo10494.40,30,40,50,78,88,198.0,6,190.00000000000065,13.586094617843628,2
1014,graficon37nodi/grafo2713.37,30,37,48,76,87,205.0,14,266.9999999999915,19.34504795074463,2
1015,graficon39nodi/grafo6248.39,30,39,50,79,90,226.0,6,379.000000000001,33.5922749042511,2
1016,graficon38nodi/grafo5903.38,30,38,48,77,87,186.0,8,276.5,2.9476864337921143,2
1017,graficon43nodi/grafo6296.43,30,43,59,79,95,309.0,25,728.5000000001337,66.854905128479,2
1018,graficon41nodi/grafo6951.41,30,41,54,76,89,221.0,13,328.9999999999992,31.853727340698242,2
1019,graficon39nodi/grafo10733.39,30,39,53,79,93,261.0,8,311.0000000000046,44.0162091255188,2
1020,graficon41nodi/grafo7056.41,30,41,51,76,86,193.0,3,335.00000000000034,11.653899431228638,2
1021,graficon46nodi/grafo3380.46,30,46,56,75,85,189.0,7,253.00000000000335,13.666730642318726,2
1022,graficon41nodi/grafo3534.41,30,41,49,77,85,213.0,6,251.00000000000009,20.534473657608032,2
1023,graficon39nodi/grafo3617.39,30,39,48,77,86,185.0,2,273.00000000000114,5.157672882080078,2
1024,graficon38nodi/grafo11024.38,30,38,45,75,82,164.0,4,224.0,4.382991313934326,2
1025,graficon49nodi/grafo1408.49,30,49,59,77,87,228.0,0,405.5000000000003,46.41716814041138,2
1026,graficon46nodi/grafo7234.46,30,46,63,78,95,298.0,26,516.0000000000263,68.34040451049805,2
1027,graficon45nodi/grafo3840.45,30,45,59,79,93,306.0,19,476.0000000000081,80.81773734092712,2
1028,graficon43nodi/grafo5371.43,30,43,57,79,93,167.0,10,170.50000000000006,5.620229005813599,2
1029,graficon38nodi/grafo3671.38,30,38,47,75,84,143.0,5,197.0,0.54010009765625,2
1030,graficon38nodi/grafo9893.38,30,38,49,76,87,180.0,6,267.9999999999993,16.299702882766724,2
1031,graficon35nodi/grafo4037.35,30,35,40,78,83,179.0,3,190.0,5.8784332275390625,2
1032,graficon36nodi/grafo5155.36,30,36,47,79,90,226.0,7,370.50000000000205,20.26089835166931,2
1033,graficon42nodi/grafo7486.42,30,42,57,79,94,255.0,16,317.99999999999903,39.58839774131775,2
1034,graficon49nodi/grafo3418.49,30,49,63,79,93,246.0,13,216.0,42.807716369628906,2
1035,graficon38nodi/grafo9981.38,30,38,45,78,85,133.0,1,157.0,0.2314143180847168,2
1036,graficon27nodi/grafo2050.27,30,27,36,76,85,142.0,1,170.00000000000006,2.975879430770874,2
1037,graficon29nodi/grafo2072.29,30,29,43,78,92,186.0,6,239.50000000000077,15.597134351730347,2
1038,graficon45nodi/grafo1836.45,30,45,58,77,90,252.0,15,416.0000000000252,42.017768144607544,2
1039,graficon34nodi/grafo3921.34,30,34,46,77,89,205.0,7,277.4999999999976,19.43320894241333,2
1040,graficon55nodi/grafo6415.55,30,55,59,76,80,180.0,2,191.0,6.5317840576171875,2
1041,graficon41nodi/grafo6191.41,30,41,52,78,89,240.0,10,314.00000000001177,40.514602184295654,2
1042,graficon46nodi/grafo1406.46,30,46,56,79,89,202.0,4,286.00000000000244,12.452897548675537,2
1043,graficon45nodi/grafo5925.45,30,45,56,79,90,208.0,14,286.9999999999997,24.164196968078613,2
1044,graficon35nodi/grafo3996.35,30,35,47,78,90,229.0,13,192.4999999999967,18.071375846862793,2
1045,graficon46nodi/grafo6678.46,30,46,55,77,86,229.0,2,227.5,23.851447343826294,2
1046,graficon43nodi/grafo3573.43,30,43,58,79,94,214.0,15,308.4999999999991,20.30772089958191,2
1047,graficon40nodi/grafo6972.40,30,40,51,77,88,218.0,6,289.9999999999997,19.40687656402588,2
1048,graficon51nodi/grafo3958.51,30,51,62,77,88,301.0,16,425.0000000000268,75.09053802490234,2
1049,graficon39nodi/grafo10192.39,30,39,48,78,87,224.0,7,210.50000000000134,19.931950330734253,2
1050,graficon45nodi/grafo6007.45,30,45,58,79,92,261.0,13,261.0,44.03118062019348,2
1051,graficon37nodi/grafo11553.37,30,37,49,83,95,153.0,4,179.0,0.388927698135376,2
1052,graficon44nodi/grafo7454.44,30,44,56,84,96,284.0,11,386.99999999999983,57.916574001312256,2
1053,graficon40nodi/grafo5453.40,30,40,57,83,100,246.0,19,273.3000000000036,38.21560764312744,2
1054,graficon43nodi/grafo6144.43,30,43,56,80,93,236.0,9,418.0000000000296,45.208752393722534,2
1055,graficon38nodi/grafo5499.38,30,38,48,81,91,163.0,3,267.0,4.671794176101685,2
1056,graficon41nodi/grafo6973.41,30,41,58,84,101,261.0,16,504.50000000000523,46.633460521698,2
1057,graficon39nodi/grafo10037.39,30,39,50,80,91,248.0,9,193.4999999999991,23.325838088989258,2
1058,graficon36nodi/grafo11554.36,30,36,50,82,96,252.0,22,371.99999999999375,46.77236008644104,2
1059,graficon60nodi/grafo5751.60,30,60,75,84,99,507.0,21,553.5,256.2910761833191,2
1060,graficon42nodi/grafo5241.42,30,42,55,83,96,211.0,11,142.5,11.19218635559082,2
1061,graficon46nodi/grafo6628.46,30,46,63,83,100,413.0,26,503.5,195.5702040195465,2
1062,graficon39nodi/grafo9924.39,30,39,52,84,97,239.0,12,271.0,22.321646213531494,2
1063,graficon46nodi/grafo3661.46,30,46,56,83,93,197.0,6,264.5000000000022,13.165790796279907,2
1064,graficon38nodi/grafo7549.38,30,38,50,82,94,204.0,12,318.0000000000006,19.755095958709717,2
1065,graficon39nodi/grafo11532.39,30,39,51,81,93,209.0,4,373.5,19.579373359680176,2
1066,graficon47nodi/grafo1536.47,30,47,52,80,85,138.0,0,213.99999999999937,2.5906286239624023,2
1067,graficon38nodi/grafo4110.38,30,38,52,84,98,277.0,14,398.50000000000193,58.96940851211548,2
1068,graficon41nodi/grafo6857.41,30,41,54,83,96,174.0,6,245.50000000000006,8.957733631134033,2
1069,graficon34nodi/grafo6118.34,30,34,42,82,90,177.0,1,224.50000000000222,4.876968145370483,2
1070,graficon39nodi/grafo10014.39,30,39,52,83,96,224.0,10,296.5,23.69343328475952,2
1071,graficon43nodi/grafo7598.43,30,43,57,82,96,237.0,12,453.00000000000443,26.047565937042236,2
1072,graficon39nodi/grafo3329.39,30,39,50,80,91,205.0,8,200.00000000000014,14.464784383773804,2
1073,graficon43nodi/grafo1506.43,30,43,50,82,89,199.0,4,302.5000000000014,12.9859778881073,2
1074,graficon42nodi/grafo5595.42,30,42,56,80,94,265.0,12,333.9999999999963,55.96322751045227,2
1075,graficon41nodi/grafo2235.41,30,41,58,83,100,257.0,15,266.00000000000387,42.27776098251343,2
1076,graficon37nodi/grafo5408.37,30,37,57,84,104,279.0,29,428.9999999999753,50.591341733932495,2
1077,graficon56nodi/grafo7757.56,30,56,64,80,88,258.0,10,343.4999999999922,45.37751483917236,2
1078,graficon43nodi/grafo7465.43,30,43,60,80,97,265.0,18,673.0000000000049,44.08970904350281,2
1079,graficon42nodi/grafo5984.42,30,42,53,80,91,148.0,6,230.00000000000023,0.43396973609924316,2
1080,graficon49nodi/grafo2124.49,30,49,64,82,97,231.0,11,312.0000000000023,21.054983139038086,2
1081,graficon39nodi/grafo3939.39,30,39,50,83,94,238.0,10,303.50000000000074,18.161855697631836,2
1082,graficon41nodi/grafo6441.41,30,41,54,82,95,201.0,11,371.500000000005,11.861258029937744,2
1083,graficon56nodi/grafo4306.56,30,56,63,84,91,248.0,2,296.5000000000049,39.235511302948,2
1084,graficon43nodi/grafo5339.43,30,43,54,81,92,210.0,9,279.9999999999995,17.999521493911743,2
1085,graficon36nodi/grafo3413.36,30,36,53,83,100,309.0,16,501.0000000000044,71.9812524318695,2
1086,graficon40nodi/grafo7766.40,30,40,50,80,90,185.0,11,187.0,6.400001525878906,2
1087,graficon41nodi/grafo3444.41,30,41,53,82,94,225.0,13,330.4999999999999,24.910845041275024,2
1088,graficon55nodi/grafo6789.55,30,55,60,81,86,269.0,4,408.0000000000055,46.28782844543457,2
1089,graficon32nodi/grafo1421.32,30,32,45,80,93,239.0,6,332.5000000000014,19.735527515411377,2
1090,graficon36nodi/grafo5865.36,30,36,44,83,91,165.0,2,156.99999999999991,3.2211358547210693,2
1091,graficon42nodi/grafo3326.42,30,42,60,82,100,279.0,30,434.0,60.40529799461365,2
1092,graficon43nodi/grafo3360.43,30,43,56,83,96,271.0,11,354.9999999999969,57.49490213394165,2
1093,graficon44nodi/grafo5765.44,30,44,59,84,99,310.0,13,308.49999999998704,66.31763625144958,2
1094,graficon38nodi/grafo10031.38,30,38,49,84,95,191.0,5,154.0,4.23891806602478,2
1095,graficon46nodi/grafo5873.46,30,46,57,83,94,250.0,6,326.5000000000091,31.364256381988525,2
1096,graficon43nodi/grafo5486.43,30,43,54,81,92,254.0,14,304.0000000000001,41.792325019836426,2
1097,graficon40nodi/grafo6472.40,30,40,57,84,101,314.0,22,459.000000000001,77.06870532035828,2
1098,graficon47nodi/grafo6781.47,30,47,66,82,101,282.0,19,408.49999999998215,61.01411986351013,2
1099,graficon36nodi/grafo3953.36,30,36,48,83,95,180.0,3,293.000000000002,9.043421268463135,2
1100,graficon43nodi/grafo5760.43,30,43,55,84,96,203.0,8,314.99999999999955,17.144090175628662,2
1101,graficon26nodi/grafo914.26,30,26,42,83,99,363.0,23,282.9999999999999,97.18320298194885,2
1102,graficon38nodi/grafo7227.38,30,38,54,80,96,266.0,15,406.00000000003405,59.75497007369995,2
1103,graficon40nodi/grafo7652.40,30,40,55,80,95,212.0,14,235.50000000000233,13.222230672836304,2
1104,graficon37nodi/grafo11359.37,30,37,47,83,93,204.0,6,325.00000000000244,20.642026662826538,2
1105,graficon42nodi/grafo1092.42,30,42,53,81,92,224.0,8,270.4999999999998,21.181282997131348,2
1106,graficon39nodi/grafo10835.39,30,39,45,82,88,151.0,3,137.49999999999997,0.29375743865966797,2
1107,graficon40nodi/grafo7432.40,30,40,47,80,87,169.0,4,157.0,0.4790616035461426,2
1108,graficon45nodi/grafo7099.45,30,45,56,84,95,266.0,12,339.00000000000534,44.23603630065918,2
1109,graficon44nodi/grafo7381.44,30,44,65,81,102,343.0,38,654.5,90.42393827438354,2
1110,graficon42nodi/grafo7049.42,30,42,54,81,93,243.0,12,330.0000000000086,28.182226419448853,2
1111,graficon40nodi/grafo7542.40,30,40,51,81,92,197.0,9,244.99999999999983,8.850346326828003,2
1112,graficon42nodi/grafo6058.42,30,42,54,81,93,198.0,9,318.0,17.401060819625854,2
1113,graficon40nodi/grafo3753.40,30,40,53,81,94,211.0,16,285.0,16.57179093360901,2
1114,graficon48nodi/grafo6376.48,30,48,61,81,94,245.0,14,351.50000000000983,40.843504190444946,2
1115,graficon42nodi/grafo7146.42,30,42,54,82,94,250.0,4,303.00000000000006,22.838361501693726,2
1116,graficon39nodi/grafo3944.39,30,39,54,84,99,260.0,9,311.49999999998454,45.06937313079834,2
1117,graficon41nodi/grafo7373.41,30,41,58,80,97,368.0,33,554.0000000000002,137.09154152870178,2
1118,graficon19nodi/grafo2375.19,30,19,35,80,96,301.0,14,283.00000000000034,58.33577513694763,2
1119,graficon41nodi/grafo5234.41,30,41,51,83,93,207.0,4,252.4999999999974,18.436866283416748,2
1120,graficon55nodi/grafo3570.55,30,55,66,83,94,285.0,11,355.50000000004263,53.470542669296265,2
1121,graficon49nodi/grafo3626.49,30,49,61,81,93,269.0,18,311.00000000000375,62.75630831718445,2
1122,graficon47nodi/grafo6600.47,30,47,68,84,105,365.0,30,517.5,118.68689751625061,2
1123,graficon39nodi/grafo3793.39,30,39,53,81,95,238.0,12,317.50000000000455,41.2542884349823,2
1124,graficon41nodi/grafo7007.41,30,41,55,84,98,294.0,19,395.5000000000314,59.31805086135864,2
1125,graficon39nodi/grafo5742.39,30,39,56,83,100,272.0,15,416.00000000000085,71.41287541389465,2
1126,graficon40nodi/grafo7541.40,30,40,53,89,102,274.0,12,348.5,57.72087121009827,2
1127,graficon54nodi/grafo4016.54,30,54,65,88,99,249.0,6,302.49999999999505,23.750295877456665,2
1128,graficon45nodi/grafo7241.45,30,45,62,86,103,243.0,10,606.7272727273219,53.30945706367493,2
1129,graficon43nodi/grafo6406.43,30,43,57,86,100,233.0,10,454.0000000000007,45.831329107284546,2
1130,graficon42nodi/grafo7246.42,30,42,53,89,100,226.0,9,283.00000000000995,17.27698254585266,2
1131,graficon44nodi/grafo7720.44,30,44,61,88,105,269.0,17,360.4999999999916,63.55037999153137,2
1132,graficon46nodi/grafo7742.46,30,46,58,85,97,328.0,14,439.50000000000273,66.0857834815979,2
1133,graficon44nodi/grafo7169.44,30,44,56,85,97,218.0,13,293.5,18.147599697113037,2
1134,graficon52nodi/grafo1591.52,30,52,62,85,95,235.0,5,378.00000000000006,32.81043720245361,2
1135,graficon48nodi/grafo5501.48,30,48,65,88,105,339.0,28,443.00000000000057,98.73628187179565,2
1136,graficon44nodi/grafo5554.44,30,44,61,89,106,336.0,13,449.5,120.05541467666626,2
1137,graficon39nodi/grafo7716.39,30,39,49,85,95,218.0,7,356.0000000000001,17.93560552597046,2
1138,graficon37nodi/grafo11653.37,30,37,51,87,101,163.0,2,273.00000000000006,2.9376296997070312,2
1139,graficon58nodi/grafo4792.58,30,58,69,88,99,242.0,4,251.5000000000006,31.64469313621521,2
1140,graficon49nodi/grafo7578.49,30,49,57,89,97,216.0,6,382.5000000000012,22.014370679855347,2
1141,graficon61nodi/grafo5831.61,30,61,72,88,99,358.0,23,441.9999999999808,100.475998878479,2
1142,graficon46nodi/grafo5331.46,30,46,58,88,100,358.0,20,457.50000000000364,76.88019132614136,2
1143,graficon51nodi/grafo4600.51,30,51,62,89,100,241.0,7,199.50000000000074,22.022637844085693,2
1144,graficon40nodi/grafo3335.40,30,40,53,89,102,240.0,9,363.9999999999999,23.086276054382324,2
1145,graficon42nodi/grafo6257.42,30,42,60,85,103,313.0,16,311.49999999997704,76.8032922744751,2
1146,graficon36nodi/grafo5546.36,30,36,51,88,103,295.0,16,377.0000000000055,47.395357847213745,2
1147,graficon41nodi/grafo9946.41,30,41,48,85,92,231.0,5,295.0,18.41644287109375,2
1148,graficon60nodi/grafo4886.60,30,60,73,85,98,305.0,20,585.5000000001422,62.18689799308777,2
1149,graficon40nodi/grafo7050.40,30,40,51,88,99,234.0,5,347.00000000000136,24.114155054092407,2
1150,graficon49nodi/grafo4380.49,30,49,64,87,102,234.0,6,242.99999999999952,19.155775547027588,2
1151,graficon55nodi/grafo3625.55,30,55,68,88,101,363.0,20,673.5000000000014,111.3926751613617,2
1152,graficon53nodi/grafo7688.53,30,53,65,88,100,359.0,13,400.99999999998306,81.4318642616272,2
1153,graficon39nodi/grafo5407.39,30,39,53,89,103,247.0,18,243.50000000000676,24.483293533325195,2
1154,graficon41nodi/grafo2781.41,30,41,61,87,107,310.0,28,365.00000000001614,68.94118118286133,2
1155,graficon37nodi/grafo5598.37,30,37,48,88,99,251.0,3,286.00000000000045,17.113012313842773,2
1156,graficon40nodi/grafo3997.40,30,40,56,88,104,359.0,22,349.500000000002,89.53291940689087,2
1157,graficon43nodi/grafo7470.43,30,43,52,88,97,212.0,7,311.0000000000001,8.909147262573242,2
1158,graficon45nodi/grafo7442.45,30,45,53,86,94,212.0,2,268.50000000000176,20.22309136390686,2
1159,graficon54nodi/grafo7723.54,30,54,73,86,105,278.0,29,532.5000000000006,73.38822317123413,2
1160,graficon42nodi/grafo7352.42,30,42,51,85,94,165.0,3,214.00000000000378,5.537195444107056,2
1161,graficon40nodi/grafo7670.40,30,40,56,88,104,283.0,5,353.0000000000024,54.50543785095215,2
1162,graficon43nodi/grafo5245.43,30,43,59,88,104,337.0,13,278.50000000000034,81.00293850898743,2
1163,graficon51nodi/grafo1486.51,30,51,60,87,96,230.0,5,343.0,24.345902681350708,2
1164,graficon36nodi/grafo6049.36,30,36,45,87,96,230.0,4,221.5000000000001,14.82942509651184,2
1165,graficon39nodi/grafo7415.39,30,39,53,88,102,261.0,11,323.00000000000045,39.15346932411194,2
1166,graficon40nodi/grafo5373.40,30,40,58,87,105,317.0,17,584.5000000000166,73.42436504364014,2
1167,graficon38nodi/grafo9979.38,30,38,50,86,98,177.0,10,299.49999999999966,3.174600839614868,2
1168,graficon48nodi/grafo5194.48,30,48,65,89,106,241.0,17,367.0,45.60820555686951,2
1169,graficon48nodi/grafo5357.48,30,48,64,85,101,279.0,25,489.5000000000239,59.729645013809204,2
1170,graficon36nodi/grafo11662.36,30,36,48,87,99,166.0,1,207.5,5.009440898895264,2
1171,graficon42nodi/grafo7614.42,30,42,57,87,102,393.0,16,539.5,136.77930760383606,2
1172,graficon48nodi/grafo7272.48,30,48,57,86,95,242.0,3,320.4999999999941,20.374585151672363,2
1173,graficon44nodi/grafo5878.44,30,44,56,87,99,251.0,9,278.99999999999807,37.21827936172485,2
1174,graficon42nodi/grafo5958.42,30,42,56,86,100,230.0,11,325.0,21.096688985824585,2
1175,graficon58nodi/grafo1588.58,30,58,66,88,96,300.0,7,494.9999999999569,60.90672492980957,2
1176,graficon52nodi/grafo3455.52,30,52,65,87,100,270.0,14,310.5000000000017,45.91681265830994,2
1177,graficon42nodi/grafo7583.42,30,42,56,86,100,244.0,15,212.00000000000057,31.643933534622192,2
1178,graficon49nodi/grafo7370.49,30,49,64,87,102,270.0,6,332.99999999999295,49.67250680923462,2
1179,graficon39nodi/grafo5157.39,30,39,54,88,103,306.0,10,469.0000000000037,68.38356852531433,2
1180,graficon47nodi/grafo6822.47,30,47,56,88,97,266.0,5,334.99999999999915,46.56751465797424,2
1181,graficon43nodi/grafo6928.43,30,43,56,88,101,233.0,13,326.49999999999903,17.673815965652466,2
1182,graficon38nodi/grafo3421.38,30,38,52,89,103,317.0,21,299.0000000000007,53.006128787994385,2
1183,graficon39nodi/grafo3727.39,30,39,53,86,100,275.0,9,319.5000000000002,35.76406264305115,2
1184,graficon44nodi/grafo6870.44,30,44,64,85,105,233.0,34,420.0,25.37647819519043,2
1185,graficon36nodi/grafo9853.36,30,36,48,87,99,166.0,1,207.5,4.992928981781006,2
1186,graficon50nodi/grafo4518.50,30,50,66,87,103,240.0,15,522.5000000000002,36.40116906166077,2
1187,graficon42nodi/grafo7709.42,30,42,58,86,102,263.0,15,296.00000000000074,46.18601751327515,2
1188,graficon60nodi/grafo7155.60,30,60,70,86,96,302.0,5,351.0000000000112,59.4264702796936,2
1189,graficon64nodi/grafo4420.64,30,64,81,88,105,362.0,18,466.9999999999784,71.77141571044922,2
1190,graficon47nodi/grafo6437.47,30,47,70,88,111,400.0,56,540.0000000000188,165.36450481414795,2
1191,graficon45nodi/grafo3151.45,30,45,58,86,99,265.0,12,324.000000000012,39.68900012969971,2
1192,graficon51nodi/grafo4369.51,30,51,67,87,103,302.0,15,464.00000000001876,68.76071262359619,2
1193,graficon38nodi/grafo3887.38,30,38,52,87,101,229.0,10,405.00000000000136,38.95802903175354,2
1194,graficon44nodi/grafo6329.44,30,44,58,88,102,192.0,8,242.00000000000054,6.662408351898193,2
1195,graficon50nodi/grafo1418.50,30,50,57,88,95,203.0,6,273.4999999999992,12.049022436141968,2
1196,graficon43nodi/grafo6886.43,30,43,62,85,104,308.0,25,567.0,66.63580799102783,2
1197,graficon42nodi/grafo7012.42,30,42,59,88,105,260.0,15,347.00000000000557,51.34730315208435,2
1198,graficon34nodi/grafo5990.34,30,34,45,89,100,252.0,1,327.0000000000002,20.569908142089844,2
1199,graficon56nodi/grafo4391.56,30,56,70,86,100,363.0,19,580.4999999999065,119.97855806350708,2
1200,graficon48nodi/grafo6689.48,30,48,57,86,95,230.0,6,233.50000000000057,13.296212673187256,2
1201,graficon36nodi/grafo10457.36,30,36,45,93,102,211.0,4,250.00000000000028,10.043790340423584,2
1202,graficon46nodi/grafo5338.46,30,46,62,94,110,293.0,16,352.0000000000002,56.07167911529541,2
1203,graficon72nodi/grafo9639.72,30,72,80,94,102,459.0,13,382.0,160.12454652786255,2
1204,graficon44nodi/grafo3644.44,30,44,54,93,103,216.0,7,322.49999999999966,17.277353525161743,2
1205,graficon54nodi/grafo3511.54,30,54,73,93,112,306.0,13,413.00000000000773,64.24687957763672,2
1206,graficon42nodi/grafo6946.42,30,42,58,94,110,300.0,17,389.5000000000147,61.32467341423035,2
1207,graficon57nodi/grafo5626.57,30,57,78,94,115,308.0,24,479.5000000000059,59.96640348434448,2
1208,graficon37nodi/grafo6217.37,30,37,53,94,110,296.0,17,284.50000000000136,40.83328032493591,2
1209,graficon60nodi/grafo4512.60,30,60,73,93,106,305.0,11,441.49999999999596,59.67606806755066,2
1210,graficon47nodi/grafo5432.47,30,47,68,92,113,340.0,22,321.9999999999822,76.52093863487244,2
1211,graficon55nodi/grafo4502.55,30,55,76,92,113,409.0,43,453.0,105.63745474815369,2
1212,graficon58nodi/grafo1247.58,30,58,68,94,104,255.0,12,482.0000000000063,44.932560443878174,2
1213,graficon43nodi/grafo6346.43,30,43,62,91,110,313.0,24,377.00000000000193,67.5220136642456,2
1214,graficon37nodi/grafo11625.37,30,37,51,92,106,211.0,6,287.0,11.678935766220093,2
1215,graficon51nodi/grafo1470.51,30,51,69,90,108,405.0,28,607.0000000000563,105.56652879714966,2
1216,graficon64nodi/grafo8416.64,30,64,79,94,109,416.0,27,487.00000000002325,135.55644416809082,2
1217,graficon43nodi/grafo7441.43,30,43,60,92,109,310.0,27,483.1666666666667,69.17046213150024,2
1218,graficon40nodi/grafo5211.40,30,40,54,93,107,287.0,8,560.0000000000059,47.43155598640442,2
1219,graficon35nodi/grafo11326.35,30,35,42,91,98,199.0,3,183.0000000000002,5.766505479812622,2
1220,graficon43nodi/grafo7157.43,30,43,53,90,100,194.0,7,294.00000000000375,15.415865182876587,2
1221,graficon39nodi/grafo3330.39,30,39,60,93,114,367.0,30,555.1666666666672,107.26270151138306,2
1222,graficon40nodi/grafo3519.40,30,40,56,93,109,263.0,6,260.5000000000009,23.53490972518921,2
1223,graficon57nodi/grafo4041.57,30,57,66,92,101,315.0,11,440.0000000000431,75.21075677871704,2
1224,graficon41nodi/grafo7124.41,30,41,59,94,112,222.0,12,269.49999999999955,13.72676157951355,2
1225,graficon61nodi/grafo4482.61,30,61,75,91,105,312.0,6,394.9999999999932,66.9114465713501,2
1226,graficon49nodi/grafo5721.49,30,49,64,92,107,226.0,7,356.0000000000013,20.031866788864136,2
1227,graficon42nodi/grafo5468.42,30,42,58,94,110,273.0,16,509.9999999999959,44.806336879730225,2
1228,graficon37nodi/grafo1758.37,30,37,45,93,101,262.0,4,270.00000000000296,22.306953191757202,2
1229,graficon36nodi/grafo11444.36,30,36,46,94,104,216.0,4,354.0000000000001,17.08349347114563,2
1230,graficon37nodi/grafo11540.37,30,37,48,91,102,235.0,3,371.5,17.59016180038452,2
1231,graficon37nodi/grafo7028.37,30,37,48,90,101,294.0,11,288.0000000000001,49.66867780685425,2
1232,graficon37nodi/grafo11417.37,30,37,49,90,102,205.0,3,284.0000000000017,17.598043203353882,2
1233,graficon39nodi/grafo3187.39,30,39,53,91,105,292.0,13,384.00000000000034,53.11052203178406,2
1234,graficon39nodi/grafo9897.39,30,39,55,90,106,300.0,16,273.99999999999983,58.3276584148407,2
1235,graficon57nodi/grafo5748.57,30,57,76,94,113,361.0,20,401.0000000000795,82.267263174057,2
1236,graficon38nodi/grafo10032.38,30,38,47,91,100,201.0,6,195.50000000000017,6.811490535736084,2
1237,graficon58nodi/grafo4796.58,30,58,73,90,105,315.0,19,387.499999999996,72.99312496185303,2
1238,graficon40nodi/grafo10282.40,30,40,59,92,111,308.0,14,441.5,69.57081985473633,2
1239,graficon54nodi/grafo5002.54,30,54,64,91,101,292.0,8,458.0000000000089,62.651427268981934,2
1240,graficon44nodi/grafo2199.44,30,44,50,90,96,231.0,3,236.0,19.446797847747803,2
1241,graficon38nodi/grafo10659.38,30,38,57,91,110,291.0,17,498.0000000000002,58.71489238739014,2
1242,graficon56nodi/grafo4409.56,30,56,67,93,104,186.0,6,185.99999999999994,0.5100352764129639,2
1243,graficon47nodi/grafo6408.47,30,47,57,90,100,225.0,7,240.00000000000222,19.16902256011963,2
1244,graficon54nodi/grafo3858.54,30,54,68,92,106,353.0,20,519.0000000000794,70.15137338638306,2
1245,graficon43nodi/grafo5723.43,30,43,59,92,108,341.0,21,284.4999999999998,64.26470017433167,2
1246,graficon40nodi/grafo4010.40,30,40,52,92,104,281.0,8,335.0000000000143,35.77403283119202,2
1247,graficon62nodi/grafo6173.62,30,62,73,92,103,270.0,8,303.5000000000001,29.882017850875854,2
1248,graficon45nodi/grafo5138.45,30,45,61,90,106,410.0,24,566.0,183.7506926059723,2
1249,graficon41nodi/grafo6164.41,30,41,55,91,105,241.0,13,443.50000000000387,37.39983034133911,2
1250,graficon41nodi/grafo3527.41,30,41,54,93,106,257.0,13,305.499999999999,21.974510431289673,2
1251,graficon42nodi/grafo7642.42,30,42,62,90,110,339.0,19,467.5,76.40681600570679,2
1252,graficon46nodi/grafo3424.46,30,46,56,94,104,232.0,12,301.5,21.860666513442993,2
1253,graficon53nodi/grafo271.53,30,53,67,91,105,320.0,10,581.0000000000052,70.98797273635864,2
1254,graficon45nodi/grafo3660.45,30,45,60,90,105,299.0,19,537.0000000000371,65.700199842453,2
1255,graficon40nodi/grafo5980.40,30,40,54,92,106,238.0,9,255.0000000000011,18.373149871826172,2
1256,graficon44nodi/grafo6945.44,30,44,60,93,109,385.0,18,407.00000000000387,91.29558730125427,2
1257,graficon35nodi/grafo5299.35,30,35,44,91,100,249.0,6,226.50000000000048,13.618809938430786,2
1258,graficon66nodi/grafo9143.66,30,66,84,94,112,449.0,30,538.5000000000002,141.29856824874878,2
1259,graficon55nodi/grafo4195.55,30,55,69,91,105,226.0,8,261.5000000000024,17.68889284133911,2
1260,graficon58nodi/grafo6193.58,30,58,77,91,110,406.0,25,414.00000000000057,154.75377249717712,2
1261,graficon45nodi/grafo6524.45,30,45,59,94,108,278.0,13,455.00000000001876,50.51490616798401,2
1262,graficon54nodi/grafo4006.54,30,54,64,91,101,183.0,2,284.5,4.909030437469482,2
1263,graficon38nodi/grafo11322.38,30,38,50,94,106,188.0,3,315.0,5.545727729797363,2
1264,graficon46nodi/grafo6723.46,30,46,64,93,111,394.0,29,516.500000000003,106.74087166786194,2
1265,graficon35nodi/grafo6517.35,30,35,49,93,107,272.0,12,305.0000000000006,24.23020076751709,2
1266,graficon49nodi/grafo3415.49,30,49,65,90,106,232.0,13,404.0000000000056,20.432199954986572,2
1267,graficon39nodi/grafo4005.39,30,39,52,91,104,274.0,16,310.00000000001774,50.31678342819214,2
1268,graficon52nodi/grafo4030.52,30,52,65,92,105,244.0,12,420.50000000000205,24.886207103729248,2
1269,graficon41nodi/grafo7098.41,30,41,59,92,110,356.0,33,475.500000000021,74.26471948623657,2
1270,graficon43nodi/grafo5926.43,30,43,62,93,112,235.0,14,482.00000000000097,19.802066326141357,2
1271,graficon47nodi/grafo7625.47,30,47,67,94,114,332.0,27,394.0000000000007,76.95742726325989,2
1272,graficon41nodi/grafo5717.41,30,41,51,93,103,234.0,5,363.00000000000006,18.226126670837402,2
1273,graficon66nodi/grafo9641.66,30,66,79,90,103,469.0,11,639.0,194.96311569213867,2
1274,graficon38nodi/grafo6578.38,30,38,53,93,108,187.0,7,251.99999999999972,6.3434977531433105,2
1275,graficon42nodi/grafo3508.42,30,42,59,94,111,357.0,18,335.50000000000045,88.52988314628601,2
1276,graficon44nodi/grafo11403.44,30,44,60,98,114,402.0,15,428.5000000000048,103.62755107879639,2
1277,graficon43nodi/grafo7636.43,30,43,59,99,115,364.0,18,400.50000000000637,76.09831666946411,2
1278,graficon42nodi/grafo5817.42,30,42,60,99,117,236.0,11,308.500000000007,13.763441324234009,2
1279,graficon51nodi/grafo3172.51,30,51,71,96,116,348.0,31,487.9999999999041,80.98632049560547,2
1280,graficon44nodi/grafo6432.44,30,44,54,95,105,280.0,4,311.5000000000043,42.548166036605835,2
1281,graficon40nodi/grafo3621.40,30,40,50,95,105,210.0,7,254.9999999999999,6.089625835418701,2
1282,graficon62nodi/grafo4646.62,30,62,78,96,112,352.0,12,578.5000000000033,101.73327493667603,2
1283,graficon52nodi/grafo7721.52,30,52,71,95,114,336.0,20,473.5000000000149,78.01181888580322,2
1284,graficon45nodi/grafo7640.45,30,45,65,98,118,326.0,29,723.0000000000019,62.7718448638916,2
1285,graficon41nodi/grafo3781.41,30,41,58,96,113,370.0,20,578.5000000000001,78.60815596580505,2
1286,graficon57nodi/grafo4352.57,30,57,67,98,108,247.0,6,358.5000000000002,20.043344974517822,2
1287,graficon40nodi/grafo6458.40,30,40,57,95,112,316.0,13,612.5,59.81775999069214,2
1288,graficon56nodi/grafo6568.56,30,56,69,98,111,352.0,19,437.00000000001774,74.0230643749237,2
1289,graficon50nodi/grafo4580.50,30,50,63,99,112,277.0,14,403.0000000000048,46.875346660614014,2
1290,graficon53nodi/grafo3486.53,30,53,68,97,112,346.0,19,522.0000000000724,78.54862380027771,2
1291,graficon54nodi/grafo1483.54,30,54,67,98,111,224.0,9,269.5,14.548066139221191,2
1292,graficon47nodi/grafo6664.47,30,47,63,96,112,338.0,19,462.00000000000034,93.4220917224884,2
1293,graficon44nodi/grafo7761.44,30,44,55,98,109,292.0,9,425.5000000000106,45.00157713890076,2
1294,graficon48nodi/grafo3769.48,30,48,63,99,114,381.0,18,398.99999999999983,87.0752375125885,2
1295,graficon44nodi/grafo3205.44,30,44,57,99,112,242.0,7,309.5000000000009,4.698223114013672,2
1296,graficon42nodi/grafo3439.42,30,42,57,95,110,319.0,10,479.00000000003143,52.935991287231445,2
1297,graficon41nodi/grafo5645.41,30,41,52,97,108,247.0,8,394.9999999999992,20.857390880584717,2
1298,graficon49nodi/grafo4012.49,30,49,65,99,115,320.0,20,377.0000000000181,59.20229911804199,2
1299,graficon38nodi/grafo3540.38,30,38,57,96,115,277.0,14,578.0,38.80119609832764,2
1300,graficon44nodi/grafo6960.44,30,44,61,98,115,321.0,18,493.00000000005457,71.58467769622803,2
1301,graficon43nodi/grafo4053.43,30,43,58,98,113,391.0,20,747.0000000000007,134.84971380233765,2
1302,graficon38nodi/grafo7478.38,30,38,47,98,107,237.0,5,234.49999999999991,4.926218748092651,2
1303,graficon42nodi/grafo3402.42,30,42,62,99,119,306.0,23,505.0000000000042,56.07764482498169,2
1304,graficon40nodi/grafo3804.40,30,40,49,98,107,261.0,5,303.0,19.17768931388855,2
1305,graficon46nodi/grafo7713.46,30,46,67,96,117,415.0,40,604.0000000000363,96.19998097419739,2
1306,graficon54nodi/grafo4849.54,30,54,68,95,109,250.0,6,377.0000000000015,22.04487371444702,2
1307,graficon48nodi/grafo4473.48,30,48,61,95,108,248.0,3,308.0,20.945802688598633,2
1308,graficon54nodi/grafo4530.54,30,54,76,97,119,412.0,44,604.9999999998917,103.05188918113708,2
1309,graficon41nodi/grafo2531.41,30,41,56,99,114,308.0,9,462.0000000000073,40.829389333724976,2
1310,graficon61nodi/grafo8112.61,30,61,77,97,113,345.0,18,489.0000000000121,70.01154899597168,2
1311,graficon53nodi/grafo3763.53,30,53,72,95,114,393.0,20,450.0,100.12390112876892,2
1312,graficon39nodi/grafo3099.39,30,39,47,98,106,194.0,0,143.99999999999955,2.1917150020599365,2
1313,graficon44nodi/grafo7621.44,30,44,65,98,119,335.0,17,524.0000000000074,67.10218930244446,2
1314,graficon44nodi/grafo6263.44,30,44,66,96,118,315.0,26,421.50000000000125,62.63577342033386,2
1315,graficon60nodi/grafo7448.60,30,60,81,98,119,425.0,44,592.2179487179486,160.29498982429504,2
1316,graficon46nodi/grafo5480.46,30,46,63,95,112,256.0,17,368.5000000000011,43.47879123687744,2
1317,graficon39nodi/grafo7390.39,30,39,59,97,117,350.0,19,348.00000000000057,61.68187475204468,2
1318,graficon42nodi/grafo3258.42,30,42,58,96,112,301.0,14,427.00000000000404,43.98922348022461,2
1319,graficon52nodi/grafo6159.52,30,52,65,98,111,297.0,10,366.0000000000093,47.5073823928833,2
1320,graficon42nodi/grafo7485.42,30,42,56,99,113,302.0,15,255.49999999999048,27.547935247421265,2
1321,graficon49nodi/grafo7245.49,30,49,65,97,113,301.0,18,457.0000000000066,48.52700114250183,2
1322,graficon54nodi/grafo4488.54,30,54,69,95,110,273.0,15,446.00000000000045,28.232910633087158,2
1323,graficon42nodi/grafo6270.42,30,42,54,98,110,293.0,7,385.500000000002,49.80899786949158,2
1324,graficon42nodi/grafo3277.42,30,42,56,95,109,293.0,14,341.0000000000044,46.59513759613037,2
1325,graficon46nodi/grafo5832.46,30,46,58,95,107,314.0,6,480.00000000000455,61.04239892959595,2
1326,graficon60nodi/grafo4376.60,30,60,73,96,109,272.0,6,338.0000000000009,23.307706594467163,2
1327,graficon55nodi/grafo1549.55,30,55,66,99,110,392.0,6,773.0000000000241,110.00394320487976,2
1328,graficon53nodi/grafo4871.53,30,53,71,98,116,361.0,17,489.0000000000052,77.6075348854065,2
1329,graficon60nodi/grafo8276.60,30,60,74,97,111,322.0,10,386.99999999999784,69.3265540599823,2
1330,graficon55nodi/grafo1465.55,30,55,65,95,105,285.0,12,292.0,59.08077669143677,2
1331,graficon53nodi/grafo5057.53,30,53,67,95,109,335.0,13,623.0,85.76216912269592,2
1332,graficon38nodi/grafo3383.38,30,38,62,98,122,452.0,54,641.0,192.92817163467407,2
1333,graficon38nodi/grafo3758.38,30,38,56,99,117,412.0,28,357.5000000000092,99.06466674804688,2
1334,graficon63nodi/grafo4664.63,30,63,77,99,113,276.0,11,299.5,37.41214466094971,2
1335,graficon46nodi/grafo3412.46,30,46,65,95,114,303.0,18,304.500000000001,52.01840567588806,2
1336,graficon44nodi/grafo7591.44,30,44,61,95,112,390.0,26,649.0,110.5015549659729,2
1337,graficon53nodi/grafo1482.53,30,53,67,96,110,313.0,14,570.0000000000588,62.352696895599365,2
1338,graficon43nodi/grafo6921.43,30,43,55,97,109,274.0,9,250.99999999999966,26.90704369544983,2
1339,graficon41nodi/grafo6192.41,30,41,54,95,108,242.0,14,322.5000000000018,21.932737350463867,2
1340,graficon51nodi/grafo7730.51,30,51,67,95,111,268.0,14,363.99999999999875,43.26026749610901,2
1341,graficon39nodi/grafo7581.39,30,39,51,96,108,317.0,8,385.00000000001154,61.01033043861389,2
1342,graficon62nodi/grafo4312.62,30,62,74,96,108,340.0,14,516.1829268292698,63.437007904052734,2
1343,graficon42nodi/grafo3476.42,30,42,60,99,117,348.0,15,622.0000000000969,70.08288526535034,2
1344,graficon41nodi/grafo7204.41,30,41,54,99,112,279.0,13,385.0000000000007,42.474902868270874,2
1345,graficon44nodi/grafo3603.44,30,44,66,99,121,394.0,47,813.0,133.37352108955383,2
1346,graficon39nodi/grafo11495.39,30,39,52,95,108,294.0,9,355.3999999999991,28.30174422264099,2
1347,graficon39nodi/grafo3474.39,30,39,51,95,107,359.0,11,461.0000000000053,74.96957635879517,2
1348,graficon42nodi/grafo6308.42,30,42,62,96,116,430.0,23,478.0,147.08198618888855,2
1349,graficon40nodi/grafo5643.40,30,40,51,95,106,272.0,5,279.0000000000082,49.05342888832092,2
1350,graficon39nodi/grafo5974.39,30,39,53,97,111,330.0,11,509.5,55.215805768966675,2
1351,graficon41nodi/grafo6398.41,30,41,53,100,112,230.0,8,351.0000000000005,15.220394611358643,2
1352,graficon53nodi/grafo5091.53,30,53,77,102,126,401.0,34,504.9999999999998,96.60417795181274,2
1353,graficon49nodi/grafo5078.49,30,49,64,100,115,253.0,8,364.4999999999997,23.17133927345276,2
1354,graficon41nodi/grafo5565.41,30,41,53,102,114,382.0,10,338.50000000000375,71.37144660949707,2
1355,graficon56nodi/grafo3328.56,30,56,76,104,124,431.0,48,651.000000000003,128.4429874420166,2
1356,graficon52nodi/grafo3755.52,30,52,72,104,124,380.0,23,620.333333333334,98.31298804283142,2
1357,graficon65nodi/grafo9317.65,30,65,80,100,115,369.0,21,417.49999999999864,68.19540977478027,2
1358,graficon42nodi/grafo7572.42,30,42,50,101,109,245.0,5,181.0,11.512375593185425,2
1359,graficon55nodi/grafo2141.55,30,55,76,102,123,470.0,27,501.0,164.57837915420532,2
1360,graficon47nodi/grafo1433.47,30,47,60,101,114,281.0,8,243.0,25.70290780067444,2
1361,graficon39nodi/grafo5798.39,30,39,55,104,120,311.0,12,414.50000000000034,49.13775062561035,2
1362,graficon55nodi/grafo4475.55,30,55,67,101,113,231.0,6,366.0,13.091405153274536,2
1363,graficon58nodi/grafo5350.58,30,58,74,104,120,366.0,27,636.0000000000122,102.95831155776978,2
1364,graficon71nodi/grafo9653.71,30,71,80,103,112,356.0,2,391.00000000000085,69.37994694709778,2
1365,graficon63nodi/grafo4351.63,30,63,78,101,116,445.0,29,629.0,267.5883011817932,2
1366,graficon54nodi/grafo3785.54,30,54,70,101,117,360.0,24,554.5,79.01532053947449,2
1367,graficon37nodi/grafo11284.37,30,37,50,101,114,182.0,5,166.0,0.25653982162475586,2
1368,graficon38nodi/grafo2726.38,30,38,53,101,116,343.0,12,397.500000000005,57.52879524230957,2
1369,graficon62nodi/grafo6805.62,30,62,75,104,117,323.0,7,535.5000000000053,59.35866713523865,2
1370,graficon67nodi/grafo9658.67,30,67,79,100,112,280.0,7,400.0000000000001,34.98249387741089,2
1371,graficon60nodi/grafo3536.60,30,60,73,100,113,345.0,22,586.0000000000251,75.98671770095825,2
1372,graficon57nodi/grafo7289.57,30,57,72,100,115,325.0,18,384.50000000000205,80.38538479804993,2
1373,graficon59nodi/grafo4281.59,30,59,76,102,119,408.0,17,788.7307692307576,129.4729197025299,2
1374,graficon40nodi/grafo5568.40,30,40,59,100,119,353.0,17,537.0000000000009,74.0916337966919,2
1375,graficon61nodi/grafo8051.61,30,61,73,102,114,276.0,9,387.50000000001717,45.037412881851196,2
1376,graficon65nodi/grafo9375.65,30,65,76,102,113,348.0,6,417.81999999997464,67.41679787635803,2
1377,graficon44nodi/grafo5352.44,30,44,70,100,126,526.0,59,741.0,252.24540090560913,2
1378,graficon47nodi/grafo5710.47,30,47,62,103,118,348.0,14,381.0000000000017,76.66885495185852,2
1379,graficon50nodi/grafo1392.50,30,50,63,103,116,288.0,9,338.00000000000006,26.504257678985596,2
1380,graficon42nodi/grafo7610.42,30,42,55,103,116,190.0,6,195.00000000000017,0.42635488510131836,2
1381,graficon40nodi/grafo6641.40,30,40,54,100,114,251.0,7,322.5000000000006,20.752521514892578,2
1382,graficon57nodi/grafo4452.57,30,57,76,104,123,319.0,18,578.0000000000323,70.5828468799591,2
1383,graficon48nodi/grafo6289.48,30,48,65,104,121,333.0,15,760.0000000000377,69.22671389579773,2
1384,graficon39nodi/grafo3375.39,30,39,59,103,123,403.0,20,609.5000000000005,85.5955262184143,2
1385,graficon45nodi/grafo7623.45,30,45,62,104,121,384.0,28,464.4999999999893,77.3944001197815,2
1386,graficon57nodi/grafo7770.57,30,57,69,102,114,345.0,7,450.00000000000415,88.42222142219543,2
1387,graficon46nodi/grafo6166.46,30,46,66,102,122,351.0,28,496.00000000000614,74.33670973777771,2
1388,graficon45nodi/grafo7391.45,30,45,61,100,116,380.0,18,496.00000000002814,83.23214197158813,2
1389,graficon48nodi/grafo7135.48,30,48,68,104,124,456.0,30,497.0,144.4139964580536,2
1390,graficon59nodi/grafo6718.59,30,59,73,103,117,366.0,9,455.0000000000067,64.44292569160461,2
1391,graficon36nodi/grafo2877.36,30,36,53,101,118,299.0,13,326.5,47.09706950187683,2
1392,graficon42nodi/grafo7744.42,30,42,52,100,110,200.0,5,198.0,3.518982410430908,2
1393,graficon55nodi/grafo3834.55,30,55,80,103,128,412.0,34,742.0000000004266,118.16405749320984,2
1394,graficon50nodi/grafo1307.50,30,50,71,104,125,483.0,40,745.5,190.70856428146362,2
1395,graficon42nodi/grafo7026.42,30,42,55,101,114,252.0,9,182.5,16.745115756988525,2
1396,graficon42nodi/grafo7261.42,30,42,62,100,120,401.0,28,413.00000000000995,135.91278266906738,2
1397,graficon56nodi/grafo5341.56,30,56,79,101,124,357.0,40,578.9999999999999,72.97414898872375,2
1398,graficon56nodi/grafo4651.56,30,56,76,101,121,427.0,31,614.0731707316212,153.71557426452637,2
1399,graficon35nodi/grafo5493.35,30,35,53,100,118,372.0,20,577.0000000000135,91.71833562850952,2
1400,graficon54nodi/grafo3748.54,30,54,73,104,123,301.0,29,602.4999999999987,55.546966314315796,2
1401,graficon56nodi/grafo1205.56,30,56,75,100,119,337.0,26,708.0000000000675,104.03342485427856,2
1402,graficon56nodi/grafo7738.56,30,56,79,102,125,446.0,31,636.0,164.1137535572052,2
1403,graficon61nodi/grafo3257.61,30,61,82,102,123,519.0,40,500.0,239.05900120735168,2
1404,graficon48nodi/grafo2254.48,30,48,66,102,120,425.0,19,527.0000000000009,107.20972180366516,2
1405,graficon42nodi/grafo5550.42,30,42,57,101,116,383.0,17,530.0000000000134,103.20713639259338,2
1406,graficon58nodi/grafo6722.58,30,58,69,103,114,314.0,15,417.00000000000045,66.10626196861267,2
1407,graficon50nodi/grafo6775.50,30,50,63,101,114,360.0,12,524.0000000000231,110.62815380096436,2
1408,graficon56nodi/grafo6630.56,30,56,68,103,115,390.0,20,696.5,80.0534245967865,2
1409,graficon51nodi/grafo7550.51,30,51,66,102,117,334.0,18,534.0000000000002,73.70366287231445,2
1410,graficon55nodi/grafo4367.55,30,55,72,103,120,268.0,10,307.49999999999284,22.672489881515503,2
1411,graficon40nodi/grafo7165.40,30,40,55,102,117,338.0,21,432.99999999999824,69.20081281661987,2
1412,graficon67nodi/grafo6272.67,30,67,72,100,105,188.0,1,325.9999999999995,5.070993185043335,2
1413,graficon51nodi/grafo3484.51,30,51,68,104,121,374.0,29,488.5000000000007,76.05057907104492,2
1414,graficon53nodi/grafo2794.53,30,53,73,104,124,376.0,29,547.5,97.35357213020325,2
1415,graficon49nodi/grafo4734.49,30,49,59,101,111,264.0,3,327.00000000000017,23.93460702896118,2
1416,graficon50nodi/grafo5745.50,30,50,75,101,126,382.0,47,387.0000000000042,94.85135006904602,2
1417,graficon63nodi/grafo1570.63,30,63,74,100,111,333.0,13,520.9999999999966,70.4992663860321,2
1418,graficon39nodi/grafo11671.39,30,39,52,101,114,352.0,9,363.49999999999994,50.93318271636963,2
1419,graficon67nodi/grafo1617.67,30,67,80,103,116,289.0,10,333.5,41.63807511329651,2
1420,graficon39nodi/grafo5762.39,30,39,59,103,123,377.0,19,450.50000000000557,75.77321290969849,2
1421,graficon54nodi/grafo4467.54,30,54,69,102,117,322.0,8,482.4999999999608,71.71889734268188,2
1422,graficon36nodi/grafo5175.36,30,36,45,101,110,254.0,5,142.5,12.900733232498169,2
1423,graficon49nodi/grafo5220.49,30,49,64,100,115,381.0,14,671.7692307692413,94.65591645240784,2
1424,graficon57nodi/grafo5032.57,30,57,69,101,113,317.0,6,505.00000000000597,58.59492754936218,2
1425,graficon44nodi/grafo5221.44,30,44,57,102,115,333.0,14,377.000000000001,62.181156396865845,2
1426,graficon42nodi/grafo10008.42,30,42,61,107,126,330.0,15,293.4999999999756,65.74989748001099,2
1427,graficon44nodi/grafo3501.44,30,44,63,106,125,455.0,24,775.0,168.18718194961548,2
1428,graficon55nodi/grafo4528.55,30,55,67,106,118,273.0,5,491.5000000000008,21.882842779159546,2
1429,graficon45nodi/grafo7219.45,30,45,59,108,122,374.0,14,573.4999999999987,85.19553327560425,2
1430,graficon39nodi/grafo5763.39,30,39,54,109,124,307.0,7,319.00000000000034,23.435234546661377,2
1431,graficon55nodi/grafo1361.55,30,55,66,106,117,330.0,8,502.0000000001027,70.40778660774231,2
1432,graficon45nodi/grafo7555.45,30,45,58,106,119,275.0,7,321.50000000000034,20.0216064453125,2
1433,graficon54nodi/grafo7407.54,30,54,66,105,117,345.0,12,516.0000000000005,73.47916102409363,2
1434,graficon57nodi/grafo5924.57,30,57,74,105,122,362.0,15,637.5000000000274,73.15509939193726,2
1435,graficon44nodi/grafo6229.44,30,44,56,107,119,270.0,6,285.5,5.8338234424591064,2
1436,graficon43nodi/grafo6343.43,30,43,55,106,118,268.0,10,423.50000000000176,22.537035703659058,2
1437,graficon48nodi/grafo6544.48,30,48,61,105,118,337.0,14,382.5000000000001,68.37413930892944,2
1438,graficon62nodi/grafo1215.62,30,62,82,105,125,466.0,41,503.4999999999999,150.08108377456665,2
1439,graficon51nodi/grafo3726.51,30,51,70,105,124,351.0,24,470.5,70.97132754325867,2
1440,graficon64nodi/grafo9460.64,30,64,78,107,121,403.0,15,441.00000000000006,93.33382844924927,2
1441,graficon47nodi/grafo5255.47,30,47,64,106,123,399.0,16,398.5,72.33884692192078,2
1442,graficon61nodi/grafo4491.61,30,61,79,109,127,367.0,17,729.9999999999958,80.30837225914001,2
1443,graficon44nodi/grafo5130.44,30,44,56,106,118,305.0,13,385.0000000000002,48.115856647491455,2
1444,graficon45nodi/grafo6438.45,30,45,58,105,118,316.0,9,557.0000000000108,62.73998713493347,2
1445,graficon53nodi/grafo4079.53,30,53,62,107,116,256.0,9,394.50000000000045,18.578723430633545,2
1446,graficon40nodi/grafo10057.40,30,40,59,106,125,469.0,39,404.0,120.13577675819397,2
1447,graficon52nodi/grafo7181.52,30,52,81,109,138,467.0,48,627.5,139.12510681152344,2
1448,graficon46nodi/grafo5473.46,30,46,64,106,124,408.0,17,407.99999999999295,87.33654999732971,2
1449,graficon46nodi/grafo6674.46,30,46,62,107,123,337.0,15,428.0000000000017,48.08947467803955,2
1450,graficon51nodi/grafo4756.51,30,51,70,109,128,383.0,22,590.7948717948885,84.10362577438354,2
1451,graficon38nodi/grafo11400.38,30,38,49,109,120,234.0,7,285.9999999999998,2.0589141845703125,2
1452,graficon43nodi/grafo6348.43,30,43,56,108,121,334.0,13,492.00000000000017,47.36350226402283,2
1453,graficon36nodi/grafo6109.36,30,36,52,106,122,384.0,12,335.99999999999795,74.54241824150085,2
1454,graficon53nodi/grafo4167.53,30,53,69,106,122,338.0,17,396.50000000000676,58.83095979690552,2
1455,graficon66nodi/grafo9206.66,30,66,84,109,127,459.0,29,383.0000000000035,113.28915023803711,2
1456,graficon58nodi/grafo3235.58,30,58,71,109,122,396.0,14,394.5000000000058,81.84868574142456,2
1457,graficon48nodi/grafo6554.48,30,48,70,107,129,504.0,44,593.5,208.99494123458862,2
1458,graficon60nodi/grafo1192.60,30,60,79,106,125,393.0,34,432.5000000000048,91.40781283378601,2
1459,graficon46nodi/grafo6771.46,30,46,55,107,116,263.0,5,252.5,13.341566801071167,2
1460,graficon40nodi/grafo5231.40,30,40,56,108,124,378.0,14,614.4999999999934,84.25792527198792,2
1461,graficon38nodi/grafo6547.38,30,38,64,107,133,517.0,55,590.0,184.5270688533783,2
1462,graficon59nodi/grafo3194.59,30,59,67,106,114,248.0,3,238.00000000000065,7.410567998886108,2
1463,graficon47nodi/grafo6384.47,30,47,72,108,133,475.0,39,936.0,166.61925172805786,2
1464,graficon42nodi/grafo7389.42,30,42,62,109,129,412.0,22,418.50000000000085,95.33394956588745,2
1465,graficon54nodi/grafo7090.54,30,54,72,107,125,416.0,25,762.0000000000413,130.28736925125122,2
1466,graficon43nodi/grafo3227.43,30,43,65,108,130,395.0,26,511.99999999999363,98.63108968734741,2
1467,graficon44nodi/grafo7751.44,30,44,58,105,119,282.0,9,378.5,30.306511402130127,2
1468,graficon40nodi/grafo7767.40,30,40,54,107,121,272.0,8,246.5,16.601208686828613,2
1469,graficon49nodi/grafo7010.49,30,49,67,106,124,313.0,14,347.49999999999795,57.88384246826172,2
1470,graficon60nodi/grafo4421.60,30,60,73,106,119,368.0,14,617.5000000000053,126.83570718765259,2
1471,graficon52nodi/grafo1431.52,30,52,70,109,127,294.0,15,431.0000000000005,38.69312882423401,2
1472,graficon48nodi/grafo6390.48,30,48,65,109,126,358.0,16,420.00000000000006,80.68139266967773,2
1473,graficon46nodi/grafo5713.46,30,46,66,105,125,402.0,22,363.0000000000006,103.99382305145264,2
1474,graficon55nodi/grafo5960.55,30,55,79,108,132,524.0,55,668.5,243.46961188316345,2
1475,graficon55nodi/grafo4161.55,30,55,73,106,124,354.0,24,624.4705882352318,73.34172677993774,2
1476,graficon37nodi/grafo3359.37,30,37,58,109,130,443.0,18,492.000000000025,99.07675194740295,2
1477,graficon52nodi/grafo5150.52,30,52,70,107,125,362.0,16,559.4999999999523,78.06816816329956,2
1478,graficon55nodi/grafo4967.55,30,55,66,109,120,322.0,10,479.00000000001415,61.21605181694031,2
1479,graficon49nodi/grafo2656.49,30,49,59,107,117,302.0,6,413.5000000000002,36.912089586257935,2
1480,graficon44nodi/grafo7259.44,30,44,61,105,122,275.0,14,387.0000000000051,38.37729811668396,2
1481,graficon45nodi/grafo6396.45,30,45,65,108,128,338.0,23,468.00000000000045,59.376041412353516,2
1482,graficon47nodi/grafo3730.47,30,47,63,107,123,327.0,11,506.0000000000006,58.6222870349884,2
1483,graficon47nodi/grafo2478.47,30,47,62,105,120,403.0,18,432.0,105.65459179878235,2
1484,graficon59nodi/grafo6030.59,30,59,80,105,126,380.0,27,705.9031141868525,104.0714180469513,2
1485,graficon47nodi/grafo6696.47,30,47,66,106,125,388.0,21,455.0000000000013,80.9618787765503,2
1486,graficon60nodi/grafo5223.60,30,60,83,105,128,505.0,49,604.0,202.46360874176025,2
1487,graficon40nodi/grafo4038.40,30,40,53,107,120,349.0,9,317.50000000000034,67.70980072021484,2
1488,graficon57nodi/grafo4177.57,30,57,76,107,126,460.0,19,704.5,185.21988129615784,2
1489,graficon57nodi/grafo5329.57,30,57,71,106,120,347.0,9,572.0000000000322,71.18951559066772,2
1490,graficon57nodi/grafo5849.57,30,57,81,106,130,441.0,32,747.5,113.19481801986694,2
1491,graficon58nodi/grafo1501.58,30,58,72,108,122,236.0,5,381.0000000000023,14.26569151878357,2
1492,graficon61nodi/grafo9391.61,30,61,78,107,124,308.0,18,378.0000000000013,46.19585394859314,2
1493,graficon55nodi/grafo3352.55,30,55,69,108,122,298.0,8,295.00000000000045,25.89610767364502,2
1494,graficon38nodi/grafo3917.38,30,38,58,105,125,480.0,24,500.0,152.41971564292908,2
1495,graficon65nodi/grafo9118.65,30,65,84,105,124,364.0,11,469.5,81.50774431228638,2
1496,graficon59nodi/grafo5083.59,30,59,71,106,118,434.0,16,437.5,96.39747881889343,2
1497,graficon41nodi/grafo5811.41,30,41,59,105,123,409.0,26,639.5000000000047,95.20579648017883,2
1498,graficon52nodi/grafo3185.52,30,52,76,108,132,405.0,32,661.5000000000201,104.55957508087158,2
1499,graficon61nodi/grafo6898.61,30,61,72,109,120,323.0,10,406.0000000000105,51.56320548057556,2
1500,graficon49nodi/grafo6707.49,30,49,64,106,121,409.0,20,390.9999999999999,88.19492506980896,2
1501,graficon37nodi/grafo4080.37,30,37,57,112,132,494.0,26,529.0,159.33111214637756,2
1502,graficon54nodi/grafo1328.54,30,54,71,112,129,360.0,18,638.5000000000014,73.9788978099823,2
1503,graficon56nodi/grafo4416.56,30,56,70,114,128,317.0,14,468.0000000000024,28.664992809295654,2
1504,graficon59nodi/grafo4386.59,30,59,73,111,125,266.0,9,465.5,26.595359802246094,2
1505,graficon54nodi/grafo4332.54,30,54,69,111,126,349.0,15,353.5000000000122,62.14953851699829,2
1506,graficon35nodi/grafo5351.35,30,35,51,111,127,371.0,9,461.00000000000045,70.95442247390747,2
1507,graficon56nodi/grafo4275.56,30,56,76,113,133,406.0,27,636.0000000000138,98.87351417541504,2
1508,graficon59nodi/grafo6792.59,30,59,76,114,131,456.0,25,432.0000000001152,122.35104632377625,2
1509,graficon69nodi/grafo7584.69,30,69,80,114,125,373.0,12,397.9999999999859,88.22609829902649,2
1510,graficon51nodi/grafo6893.51,30,51,68,114,131,313.0,15,765.0000000000167,55.5436007976532,2
1511,graficon58nodi/grafo5098.58,30,58,79,112,133,472.0,47,992.5,238.63764834403992,2
1512,graficon64nodi/grafo7471.64,30,64,76,110,122,344.0,12,554.0000000000008,60.83645558357239,2
1513,graficon74nodi/grafo8685.74,30,74,94,114,134,547.0,19,893.0,274.2393283843994,2
1514,graficon47nodi/grafo7236.47,30,47,70,111,134,449.0,30,621.0000000000013,113.6264955997467,2
1515,graficon60nodi/grafo4548.60,30,60,72,112,124,427.0,20,616.4999999999881,106.22185254096985,2
1516,graficon64nodi/grafo4288.64,30,64,81,111,128,410.0,18,459.00000000000523,119.53694367408752,2
1517,graficon77nodi/grafo8372.77,30,77,85,112,120,462.0,8,535.0,169.14965105056763,2
1518,graficon61nodi/grafo5418.61,30,61,82,112,133,471.0,16,634.0,169.26492023468018,2
1519,graficon59nodi/grafo4463.59,30,59,76,114,131,364.0,10,625.5392022009187,103.21588134765625,2
1520,graficon58nodi/grafo4889.58,30,58,77,111,130,477.0,27,439.0,153.5107614994049,2
1521,graficon55nodi/grafo4661.55,30,55,69,111,125,352.0,15,379.0000000000008,64.48517155647278,2
1522,graficon43nodi/grafo5950.43,30,43,56,112,125,307.0,8,378.99999999999994,23.899143934249878,2
1523,graficon44nodi/grafo5404.44,30,44,60,113,129,380.0,13,557.5000000000005,88.22886562347412,2
1524,graficon59nodi/grafo6503.59,30,59,73,111,125,334.0,12,388.0000000000001,50.17728662490845,2
1525,graficon35nodi/grafo5852.35,30,35,50,112,127,361.0,7,145.5,29.337806701660156,2
1526,graficon55nodi/grafo4318.55,30,55,81,114,140,509.0,45,1000.0,328.13513565063477,2
1527,graficon63nodi/grafo9365.63,30,63,83,110,130,469.0,23,512.5,122.43127655982971,2
1528,graficon39nodi/grafo2982.39,30,39,52,112,125,303.0,7,349.0000000000006,28.53304409980774,2
1529,graficon58nodi/grafo6031.58,30,58,82,113,137,587.0,36,834.5,273.0355112552643,2
1530,graficon40nodi/grafo3131.40,30,40,53,112,125,413.0,12,570.5000000000006,84.76528739929199,2
1531,graficon66nodi/grafo1564.66,30,66,85,114,133,442.0,16,456.0000000000008,101.5930814743042,2
1532,graficon44nodi/grafo6276.44,30,44,62,112,130,348.0,11,316.00000000000153,39.00122022628784,2
1533,graficon65nodi/grafo9158.65,30,65,87,114,136,492.0,45,645.5,195.34739422798157,2
1534,graficon61nodi/grafo3853.61,30,61,79,113,131,490.0,26,446.0,160.2800920009613,2
1535,graficon61nodi/grafo9775.61,30,61,79,113,131,528.0,16,528.0,183.22409558296204,2
1536,graficon43nodi/grafo3947.43,30,43,63,114,134,395.0,11,637.5000000000374,90.63709831237793,2
1537,graficon42nodi/grafo7666.42,30,42,63,111,132,465.0,25,518.0,121.58634614944458,2
1538,graficon72nodi/grafo8975.72,30,72,87,112,127,491.0,27,770.9999999999446,193.69453978538513,2
1539,graficon51nodi/grafo4726.51,30,51,67,110,126,529.0,9,531.5,177.13896346092224,2
1540,graficon46nodi/grafo5659.46,30,46,60,110,124,338.0,11,493.000000000001,41.1329083442688,2
1541,graficon63nodi/grafo2914.63,30,63,80,111,128,473.0,29,929.0000000000017,125.66957521438599,2
1542,graficon58nodi/grafo5008.58,30,58,77,114,133,394.0,23,508.0000000000281,81.77647256851196,2
1543,graficon59nodi/grafo6791.59,30,59,76,114,131,456.0,25,432.0000000001152,116.20663166046143,2
1544,graficon53nodi/grafo1262.53,30,53,74,114,135,575.0,40,467.5,185.19551634788513,2
1545,graficon56nodi/grafo6350.56,30,56,74,114,132,357.0,20,623.4999999999998,71.21477937698364,2
1546,graficon36nodi/grafo3241.36,30,36,47,110,121,300.0,8,281.4000000000005,23.1381995677948,2
1547,graficon52nodi/grafo3628.52,30,52,71,114,133,405.0,13,637.4999999999916,91.39185357093811,2
1548,graficon40nodi/grafo4021.40,30,40,51,111,122,267.0,8,385.5,13.999659776687622,2
1549,graficon60nodi/grafo5483.60,30,60,75,113,128,384.0,7,608.5000000000117,89.0666298866272,2
1550,graficon42nodi/grafo5183.42,30,42,58,110,126,425.0,16,620.5000000000107,95.14215064048767,2
1551,graficon62nodi/grafo4952.62,30,62,78,110,126,426.0,16,570.0000000000149,137.41656923294067,2
1552,graficon44nodi/grafo6968.44,30,44,67,112,135,359.0,24,471.0000000000348,60.004159450531006,2
1553,graficon46nodi/grafo6553.46,30,46,66,111,131,398.0,14,539.0000000000016,101.20504713058472,2
1554,graficon56nodi/grafo6546.56,30,56,70,113,127,435.0,9,488.0000000000023,106.4140830039978,2
1555,graficon55nodi/grafo7054.55,30,55,79,112,136,548.0,40,741.0,225.79620552062988,2
1556,graficon62nodi/grafo6494.62,30,62,81,111,130,360.0,30,705.5000000000057,76.2426130771637,2
1557,graficon56nodi/grafo4322.56,30,56,78,113,135,455.0,32,655.8571428571513,127.13951253890991,2
1558,graficon62nodi/grafo7772.62,30,62,79,113,130,451.0,19,604.0,131.6500642299652,2
1559,graficon61nodi/grafo4616.61,30,61,81,111,131,471.0,20,702.0,134.0164840221405,2
1560,graficon63nodi/grafo4884.63,30,63,86,113,136,500.0,30,795.5,239.91512322425842,2
1561,graficon38nodi/grafo10618.38,30,38,54,113,129,350.0,20,363.0000000000085,44.02782130241394,2
1562,graficon52nodi/grafo6715.52,30,52,72,110,130,447.0,26,883.5000000000197,185.83728909492493,2
1563,graficon41nodi/grafo4031.41,30,41,62,111,132,431.0,23,406.0000000000107,105.86715388298035,2
1564,graficon53nodi/grafo5040.53,30,53,72,112,131,446.0,21,380.4999999998705,98.37653112411499,2
1565,graficon63nodi/grafo4162.63,30,63,81,113,131,401.0,20,782.6666666666977,129.47205805778503,2
1566,graficon53nodi/grafo4750.53,30,53,64,113,124,282.0,6,245.99999999999275,24.58109402656555,2
1567,graficon37nodi/grafo5965.37,30,37,52,113,128,344.0,10,517.0000000000044,55.068321228027344,2
1568,graficon41nodi/grafo149.41,30,41,54,111,124,351.0,9,355.5000000000032,45.42578411102295,2
1569,graficon68nodi/grafo4896.68,30,68,86,114,132,335.0,20,447.0000000000005,36.05272674560547,2
1570,graficon48nodi/grafo6561.48,30,48,68,111,131,390.0,15,881.0000000000061,103.71255445480347,2
1571,graficon64nodi/grafo9060.64,30,64,81,112,129,459.0,26,732.0000000000475,162.6134226322174,2
1572,graficon44nodi/grafo4022.44,30,44,63,113,132,440.0,17,623.0000000000963,103.64523410797119,2
1573,graficon39nodi/grafo3142.39,30,39,52,111,124,414.0,10,311.9411764705799,81.17863726615906,2
1574,graficon64nodi/grafo9057.64,30,64,85,114,135,415.0,32,757.5000000000038,126.17350339889526,2
1575,graficon38nodi/grafo7492.38,30,38,57,111,130,493.0,27,462.49999999999943,185.60153675079346,2
1576,graficon56nodi/grafo1366.56,30,56,70,115,129,381.0,6,379.49999999999943,85.69424152374268,2
1577,graficon57nodi/grafo4130.57,30,57,79,117,139,518.0,38,515.5,194.16618418693542,2
1578,graficon55nodi/grafo6661.55,30,55,72,117,134,325.0,13,399.4999999999927,32.034435510635376,2
1579,graficon59nodi/grafo1342.59,30,59,70,117,128,437.0,13,479.0000000000012,98.37870240211487,2
1580,graficon64nodi/grafo9594.64,30,64,86,117,139,499.0,31,510.5,189.60004878044128,2
1581,graficon57nodi/grafo6107.57,30,57,75,119,137,518.0,22,487.0,182.07534384727478,2
1582,graficon64nodi/grafo9467.64,30,64,75,117,128,335.0,8,417.5000000000014,56.30895972251892,2
1583,graficon68nodi/grafo9749.68,30,68,82,119,133,429.0,14,520.5000000000143,104.05394148826599,2
1584,graficon56nodi/grafo1480.56,30,56,77,118,139,613.0,50,549.0,318.1741020679474,2
1585,graficon37nodi/grafo11566.37,30,37,53,116,132,407.0,12,473.5000000000109,74.2954638004303,2
1586,graficon62nodi/grafo5406.62,30,62,77,117,132,334.0,14,441.49999999999886,31.4039785861969,2
1587,graficon71nodi/grafo8270.71,30,71,91,118,138,482.0,22,732.0000000000036,118.68089079856873,2
1588,graficon54nodi/grafo5311.54,30,54,74,115,135,548.0,27,521.0,202.16466784477234,2
1589,graficon59nodi/grafo4198.59,30,59,75,115,131,380.0,23,740.5,83.21890377998352,2
1590,graficon51nodi/grafo6747.51,30,51,65,118,132,401.0,11,399.5,70.66561818122864,2
1591,graficon68nodi/grafo6622.68,30,68,77,115,124,288.0,4,311.50000000000085,15.301931381225586,2
1592,graficon64nodi/grafo4563.64,30,64,87,118,141,669.0,56,778.0,367.66824173927307,2
1593,graficon64nodi/grafo5788.64,30,64,77,117,130,446.0,15,424.9999999999877,100.69550728797913,2
1594,graficon67nodi/grafo6909.67,30,67,77,115,125,382.0,13,292.5000000000023,61.71327304840088,2
1595,graficon53nodi/grafo4003.53,30,53,72,118,137,470.0,22,638.0000000000068,118.80871868133545,2
1596,graficon54nodi/grafo6872.54,30,54,76,119,141,517.0,51,714.0000000001727,199.67103672027588,2
1597,graficon57nodi/grafo6269.57,30,57,75,118,136,536.0,32,526.5,189.71955370903015,2
1598,graficon58nodi/grafo4723.58,30,58,70,118,130,329.0,5,486.4999999999978,53.90630769729614,2
1599,graficon45nodi/grafo6297.45,30,45,60,115,130,368.0,11,412.50000000000045,62.104204177856445,2
1600,graficon39nodi/grafo9974.39,30,39,55,117,133,303.0,5,331.0000000000002,20.06495451927185,2
1601,graficon55nodi/grafo4894.55,30,55,76,116,137,445.0,20,518.5000000000073,106.4342930316925,2
1602,graficon43nodi/grafo5515.43,30,43,64,116,137,513.0,29,712.0000000000682,192.31131649017334,2
1603,graficon52nodi/grafo3810.52,30,52,64,115,127,347.0,13,364.00000000000034,59.252601623535156,2
1604,graficon62nodi/grafo4293.62,30,62,77,115,130,411.0,19,654.4999999999977,99.9530303478241,2
1605,graficon57nodi/grafo3957.57,30,57,80,119,142,470.0,34,710.0000000000008,114.02679371833801,2
1606,graficon42nodi/grafo5345.42,30,42,55,118,131,317.0,6,208.5,22.455864906311035,2
1607,graficon44nodi/grafo7605.44,30,44,65,118,139,463.0,17,606.0000000000128,120.18350172042847,2
1608,graficon47nodi/grafo6300.47,30,47,72,117,142,523.0,42,573.0,171.55519556999207,2
1609,graficon63nodi/grafo9652.63,30,63,75,118,130,385.0,12,502.50000000000045,65.74147987365723,2
1610,graficon53nodi/grafo5729.53,30,53,75,115,137,517.0,34,695.0000000000094,195.7602927684784,2
1611,graficon58nodi/grafo6690.58,30,58,70,116,128,426.0,7,560.0000000000011,98.39900612831116,2
1612,graficon75nodi/grafo6954.75,30,75,90,117,132,422.0,16,562.5000000000005,86.19289898872375,2
1613,graficon51nodi/grafo3507.51,30,51,71,117,137,408.0,28,478.0000000000047,86.72959160804749,2
1614,graficon41nodi/grafo7137.41,30,41,59,115,133,409.0,18,328.5000000000037,84.0651798248291,2
1615,graficon69nodi/grafo8347.69,30,69,76,119,126,317.0,3,417.5000000000029,31.184290409088135,2
1616,graficon64nodi/grafo4722.64,30,64,80,119,135,386.0,14,483.50000000000455,49.36726188659668,2
1617,graficon44nodi/grafo5243.44,30,44,61,118,135,439.0,18,506.9999999999868,101.60100030899048,2
1618,graficon51nodi/grafo4766.51,30,51,73,117,139,469.0,20,530.5,155.17127203941345,2
1619,graficon45nodi/grafo7039.45,30,45,63,116,134,389.0,10,388.500000000009,73.61393737792969,2
1620,graficon66nodi/grafo1414.66,30,66,82,118,134,533.0,18,562.0,192.31870913505554,2
1621,graficon48nodi/grafo7601.48,30,48,64,118,134,368.0,18,502.0000000000014,53.01372218132019,2
1622,graficon63nodi/grafo9085.63,30,63,82,119,138,491.0,24,574.0000000000009,173.7635977268219,2
1623,graficon56nodi/grafo4621.56,30,56,67,119,130,316.0,10,370.5,23.9852192401886,2
1624,graficon63nodi/grafo7961.63,30,63,76,117,130,354.0,6,491.0,36.144625186920166,2
1625,graficon56nodi/grafo3760.56,30,56,69,115,128,282.0,8,333.0000000000006,17.663793325424194,2
1626,graficon58nodi/grafo5173.58,30,58,83,115,140,555.0,36,567.0,228.02032160758972,2
1627,graficon43nodi/grafo6391.43,30,43,62,119,138,455.0,24,498.0,156.1855607032776,2
1628,graficon37nodi/grafo5229.37,30,37,53,115,131,473.0,13,561.0000000000244,109.734375,2
1629,graficon67nodi/grafo9070.67,30,67,88,116,137,486.0,39,633.5,175.70638418197632,2
1630,graficon76nodi/grafo8078.76,30,76,98,117,139,555.0,53,737.5,217.58380222320557,2
1631,graficon65nodi/grafo1527.65,30,65,77,117,129,325.0,9,480.50000000000006,39.66184735298157,2
1632,graficon37nodi/grafo6959.37,30,37,55,117,135,328.0,10,246.5,18.501529693603516,2
1633,graficon46nodi/grafo6724.46,30,46,66,118,138,507.0,23,613.5,137.95237612724304,2
1634,graficon43nodi/grafo5987.43,30,43,63,117,137,462.0,30,452.50000000002103,105.78760361671448,2
1635,graficon64nodi/grafo9098.64,30,64,80,117,133,336.0,15,634.0000000000031,56.6619348526001,2
1636,graficon54nodi/grafo3460.54,30,54,82,117,145,611.0,52,1077.0,289.7954275608063,2
1637,graficon50nodi/grafo4869.50,30,50,69,117,136,424.0,18,526.0000000000005,89.29678893089294,2
1638,graficon44nodi/grafo4017.44,30,44,60,118,134,384.0,16,607.9999999999998,72.37421154975891,2
1639,graficon61nodi/grafo9367.61,30,61,77,117,133,490.0,14,565.0,212.56578588485718,2
1640,graficon37nodi/grafo6698.37,30,37,54,118,135,353.0,13,354.99999999999807,51.60788536071777,2
1641,graficon66nodi/grafo4656.66,30,66,81,119,134,442.0,15,435.50000000000176,93.21597790718079,2
1642,graficon52nodi/grafo4874.52,30,52,70,119,137,416.0,7,679.9999999999367,84.05490303039551,2
1643,graficon57nodi/grafo6446.57,30,57,68,116,127,298.0,4,561.5000000000009,27.217753171920776,2
1644,graficon57nodi/grafo1567.57,30,57,74,118,135,439.0,14,477.49999999999994,84.5589554309845,2
1645,graficon60nodi/grafo7536.60,30,60,76,119,135,516.0,23,461.0,111.41532325744629,2
1646,graficon62nodi/grafo9405.62,30,62,82,117,137,534.0,32,803.0,248.42531967163086,2
1647,graficon58nodi/grafo4605.58,30,58,84,118,144,602.0,50,811.0,374.189213514328,2
1648,graficon39nodi/grafo3902.39,30,39,53,116,130,364.0,13,396.0,64.38651514053345,2
1649,graficon46nodi/grafo6228.46,30,46,62,116,132,480.0,21,386.0000000000083,104.12819457054138,2
1650,graficon63nodi/grafo6941.63,30,63,82,116,135,381.0,23,579.4999999999998,80.54347586631775,2
1651,graficon58nodi/grafo5389.58,30,58,84,122,148,608.0,45,774.0,223.89675045013428,2
1652,graficon52nodi/grafo3704.52,30,52,70,121,139,515.0,24,550.5,133.84974431991577,2
1653,graficon60nodi/grafo5914.60,30,60,82,124,146,553.0,45,631.0,184.30160808563232,2
1654,graficon58nodi/grafo4730.58,30,58,86,123,151,643.0,32,934.0,294.39628982543945,2
1655,graficon68nodi/grafo8028.68,30,68,94,121,147,717.0,71,898.5,398.3943033218384,2
1656,graficon47nodi/grafo3846.47,30,47,65,124,142,468.0,14,588.0000000000002,99.5500168800354,2
1657,graficon46nodi/grafo6790.46,30,46,74,121,149,667.0,50,845.0,383.32829785346985,2
1658,graficon73nodi/grafo6710.73,30,73,94,124,145,600.0,39,860.0,224.2193431854248,2
1659,graficon59nodi/grafo7328.59,30,59,71,120,132,286.0,8,436.0,25.10610795021057,2
1660,graficon46nodi/grafo7399.46,30,46,63,123,140,436.0,15,602.0000000000116,92.13097929954529,2
1661,graficon76nodi/grafo7967.76,30,76,100,121,145,684.0,44,922.9999999999998,602.1441421508789,9
1662,graficon67nodi/grafo8050.67,30,67,86,123,142,494.0,22,755.5,168.50345730781555,2
1663,graficon42nodi/grafo6310.42,30,42,63,122,143,445.0,21,496.00000000001154,107.61668992042542,2
1664,graficon56nodi/grafo3658.56,30,56,78,124,146,508.0,44,864.0,169.17558789253235,2
1665,graficon62nodi/grafo4245.62,30,62,84,121,143,480.0,33,560.5000000000427,114.84742617607117,2
1666,graficon77nodi/grafo4554.77,30,77,99,124,146,606.0,51,740.0,277.27665662765503,2
1667,graficon60nodi/grafo4856.60,30,60,80,122,142,516.0,22,614.0,181.2654173374176,2
1668,graficon53nodi/grafo4505.53,30,53,69,120,136,342.0,7,485.99999999999955,39.12375831604004,2
1669,graficon43nodi/grafo5443.43,30,43,59,122,138,453.0,16,507.50000000000375,96.49860310554504,2
1670,graficon51nodi/grafo6475.51,30,51,66,122,137,370.0,16,486.5000000000037,60.87657308578491,2
1671,graficon47nodi/grafo7084.47,30,47,65,124,142,491.0,14,539.5000000000719,130.90603375434875,2
1672,graficon75nodi/grafo8507.75,30,75,88,123,136,482.0,11,455.00000000000256,114.6556646823883,2
1673,graficon48nodi/grafo1416.48,30,48,62,124,138,381.0,8,420.5000000000009,43.20483183860779,2
1674,graficon63nodi/grafo9234.63,30,63,87,120,144,546.0,39,527.0,223.92671537399292,2
1675,graficon51nodi/grafo4154.51,30,51,65,121,135,335.0,10,516.9999999999998,59.667301654815674,2
1676,graficon62nodi/grafo4988.62,30,62,78,121,137,466.0,22,632.000000000008,107.85901737213135,2
1677,graficon61nodi/grafo6131.61,30,61,79,123,141,569.0,14,488.0,251.6633596420288,2
1678,graficon44nodi/grafo6911.44,30,44,59,124,139,308.0,6,449.0,20.67902898788452,2
1679,graficon58nodi/grafo3448.58,30,58,85,124,151,579.0,40,583.5,230.87288212776184,2
1680,graficon60nodi/grafo8115.60,30,60,74,120,134,467.0,21,529.0,108.83448219299316,2
1681,graficon55nodi/grafo3950.55,30,55,74,121,140,463.0,19,615.0000000000031,109.9258291721344,2
1682,graficon64nodi/grafo9659.64,30,64,82,122,140,535.0,27,548.0,182.38113260269165,2
1683,graficon44nodi/grafo3705.44,30,44,57,120,133,433.0,7,262.4999999999974,81.45193552970886,2
1684,graficon61nodi/grafo4313.61,30,61,89,120,148,447.0,41,621.0000000000019,94.7315628528595,2
1685,graficon57nodi/grafo3991.57,30,57,81,120,144,561.0,40,611.0,199.73534560203552,2
1686,graficon46nodi/grafo7405.46,30,46,64,123,141,431.0,23,621.500000000011,93.55982756614685,2
1687,graficon57nodi/grafo3791.57,30,57,78,123,144,506.0,33,449.5,118.90376496315002,2
1688,graficon43nodi/grafo3269.43,30,43,58,122,137,373.0,9,381.4999999999992,50.0308039188385,2
1689,graficon39nodi/grafo6026.39,30,39,61,122,144,415.0,14,425.52941176470915,63.45129442214966,2
1690,graficon62nodi/grafo9822.62,30,62,89,124,151,614.0,58,894.0,244.20768857002258,2
1691,graficon49nodi/grafo4046.49,30,49,67,122,140,488.0,13,531.5,123.97818517684937,2
1692,graficon55nodi/grafo3346.55,30,55,74,122,141,371.0,15,721.0000000000191,79.49105143547058,2
1693,graficon56nodi/grafo4940.56,30,56,72,121,137,390.0,13,542.5000000000545,80.92603182792664,2
1694,graficon57nodi/grafo4083.57,30,57,78,124,145,457.0,29,664.0,107.8181459903717,2
1695,graficon46nodi/grafo3636.46,30,46,62,121,137,472.0,12,481.70588235294514,114.97025227546692,2
1696,graficon55nodi/grafo4394.55,30,55,76,124,145,649.0,25,395.0,231.01177144050598,2
1697,graficon42nodi/grafo6004.42,30,42,60,121,139,426.0,10,602.5000000000018,102.23373460769653,2
1698,graficon61nodi/grafo4331.61,30,61,78,124,141,361.0,13,563.0000000000013,66.65035629272461,2
1699,graficon69nodi/grafo7284.69,30,69,87,121,139,363.0,26,578.5000000000285,68.62055706977844,2
1700,graficon55nodi/grafo3598.55,30,55,73,122,140,482.0,20,924.0000000000148,149.4720516204834,2
1701,graficon55nodi/grafo4356.55,30,55,73,120,138,402.0,17,396.00000000000523,52.906415939331055,2
1702,graficon61nodi/grafo5755.61,30,61,85,124,148,487.0,42,821.0000000000098,135.08236598968506,2
1703,graficon38nodi/grafo11236.38,30,38,52,124,138,335.0,5,341.0000000000011,27.528165578842163,2
1704,graficon56nodi/grafo5089.56,30,56,83,123,150,474.0,39,565.4999999999966,114.51773643493652,2
1705,graficon46nodi/grafo7386.46,30,46,66,122,142,525.0,25,668.0,173.54588794708252,2
1706,graficon60nodi/grafo8159.60,30,60,85,122,147,560.0,31,753.5,252.83593654632568,2
1707,graficon61nodi/grafo3564.61,30,61,79,124,142,510.0,33,563.0,198.83853840827942,2
1708,graficon66nodi/grafo8771.66,30,66,88,123,145,463.0,21,625.0000000000044,119.29210877418518,2
1709,graficon56nodi/grafo5055.56,30,56,77,124,145,527.0,28,882.0000000000158,144.20120477676392,2
1710,graficon58nodi/grafo4280.58,30,58,75,120,137,450.0,16,581.0000000000838,135.79196953773499,2
1711,graficon69nodi/grafo4408.69,30,69,91,121,143,554.0,34,874.0,440.5974123477936,2
1712,graficon53nodi/grafo6767.53,30,53,73,121,141,604.0,24,754.5,254.17762279510498,2
1713,graficon63nodi/grafo4642.63,30,63,84,124,145,478.0,29,779.0000000000709,144.42591881752014,2
1714,graficon61nodi/grafo8562.61,30,61,80,122,141,382.0,24,503.50000000000006,54.68719935417175,2
1715,graficon37nodi/grafo3533.37,30,37,57,120,140,577.0,20,542.0,202.33890986442566,2
1716,graficon43nodi/grafo6008.43,30,43,68,124,149,489.0,27,818.000000000001,117.26024508476257,2
1717,graficon60nodi/grafo3198.60,30,60,80,123,143,472.0,32,551.0000000000334,135.51294326782227,2
1718,graficon48nodi/grafo1488.48,30,48,58,122,132,357.0,7,482.0000000000004,49.56601309776306,2
1719,graficon60nodi/grafo7341.60,30,60,78,124,142,394.0,23,513.500000000005,62.68041014671326,2
1720,graficon73nodi/grafo9705.73,30,73,94,124,145,474.0,20,819.0000000000615,141.94053769111633,2
1721,graficon62nodi/grafo5912.62,30,62,75,122,135,388.0,12,448.0000000000247,81.51358914375305,2
1722,graficon51nodi/grafo4451.51,30,51,72,124,145,418.0,18,318.99999999999983,76.39024233818054,2
1723,graficon69nodi/grafo7808.69,30,69,88,120,139,491.0,17,671.5000000000231,138.49199628829956,2
1724,graficon68nodi/grafo2711.68,30,68,82,124,138,395.0,10,731.00000000002,60.29312467575073,2
1725,graficon63nodi/grafo4263.63,30,63,77,123,137,377.0,13,539.5000000000068,66.27710628509521,2
1726,graficon66nodi/grafo9266.66,30,66,93,127,154,668.0,47,635.5,298.00882506370544,2
1727,graficon48nodi/grafo7477.48,30,48,69,126,147,573.0,28,623.0,150.38005375862122,2
1728,graficon65nodi/grafo4828.65,30,65,88,125,148,521.0,23,681.5,194.06427669525146,2
1729,graficon59nodi/grafo4124.59,30,59,82,126,149,453.0,18,453.5000000000011,87.68875217437744,2
1730,graficon51nodi/grafo3677.51,30,51,71,129,149,465.0,22,562.0,104.7815580368042,2
1731,graficon54nodi/grafo3737.54,30,54,77,127,150,469.0,31,426.00000000000114,97.87173891067505,2
1732,graficon64nodi/grafo9716.64,30,64,82,125,143,422.0,20,603.000000000012,89.88999199867249,2
1733,graficon60nodi/grafo6454.60,30,60,78,125,143,478.0,18,452.00000000000273,107.68698120117188,2
1734,graficon63nodi/grafo9179.63,30,63,74,125,136,452.0,7,597.0000000000098,109.98266816139221,2
1735,graficon46nodi/grafo6834.46,30,46,67,127,148,448.0,29,512.5000000000041,83.80510091781616,2
1736,graficon50nodi/grafo4950.50,30,50,64,125,139,371.0,8,459.49999999997556,72.2171266078949,2
1737,graficon67nodi/grafo5107.67,30,67,80,129,142,523.0,15,638.0000000000335,184.5454981327057,2
1738,graficon44nodi/grafo7398.44,30,44,58,128,142,369.0,12,376.0,50.54690742492676,2
1739,graficon59nodi/grafo6969.59,30,59,79,129,149,391.0,22,601.5000000000006,53.83390665054321,2
1740,graficon54nodi/grafo3614.54,30,54,75,125,146,457.0,26,598.0000000000016,94.8382134437561,2
1741,graficon60nodi/grafo4876.60,30,60,78,127,145,422.0,23,591.0000000000027,78.97968769073486,2
1742,graficon40nodi/grafo10615.40,30,40,50,129,139,309.0,1,291.0,17.87043595314026,2
1743,graficon69nodi/grafo9667.69,30,69,88,126,145,526.0,19,775.0,204.07850646972656,2
1744,graficon41nodi/grafo3889.41,30,41,55,126,140,455.0,12,472.5,78.36655902862549,2
1745,graficon43nodi/grafo7193.43,30,43,64,125,146,415.0,25,591.0000000000152,83.89329934120178,2
1746,graficon68nodi/grafo9145.68,30,68,86,129,147,539.0,23,735.0,187.3559229373932,2
1747,graficon68nodi/grafo8032.68,30,68,83,126,141,374.0,5,463.4999999999995,60.26325011253357,2
1748,graficon56nodi/grafo4601.56,30,56,71,125,140,434.0,12,630.3657866379853,85.79999446868896,2
1749,graficon57nodi/grafo4462.57,30,57,67,127,137,351.0,5,441.9999999999983,31.669861316680908,2
1750,graficon69nodi/grafo7516.69,30,69,88,128,147,512.0,36,643.0,124.5645523071289,2
1751,graficon56nodi/grafo3789.56,30,56,79,129,152,523.0,31,576.0,120.03619480133057,2
1752,graficon49nodi/grafo1542.49,30,49,59,126,136,281.0,5,324.5000000000011,13.761188268661499,2
1753,graficon56nodi/grafo3569.56,30,56,75,125,144,463.0,23,552.0,131.0501697063446,2
1754,graficon62nodi/grafo9583.62,30,62,77,129,144,402.0,13,440.9999999999969,67.78558230400085,2
1755,graficon56nodi/grafo5249.56,30,56,85,125,154,623.0,36,937.0,348.5917868614197,2
1756,graficon48nodi/grafo3561.48,30,48,68,127,147,582.0,28,579.5,187.6014757156372,2
1757,graficon63nodi/grafo3204.63,30,63,87,128,152,590.0,40,910.0,253.47199273109436,2
1758,graficon53nodi/grafo7077.53,30,53,73,126,146,397.0,16,568.0000000000007,73.9640941619873,2
1759,graficon56nodi/grafo5077.56,30,56,79,125,148,531.0,35,554.5,149.61062002182007,2
1760,graficon57nodi/grafo4700.57,30,57,76,125,144,415.0,21,698.9999999999986,87.97418999671936,2
1761,graficon58nodi/grafo7346.58,30,58,78,125,145,473.0,23,752.4999999999978,101.12733149528503,2
1762,graficon57nodi/grafo5317.57,30,57,73,127,143,457.0,21,582.0,131.8751630783081,2
1763,graficon61nodi/grafo4497.61,30,61,82,125,146,576.0,48,684.5,210.24589848518372,2
1764,graficon65nodi/grafo9519.65,30,65,85,128,148,395.0,22,484.4999999999933,82.4238531589508,2
1765,graficon55nodi/grafo3183.55,30,55,67,125,137,364.0,9,384.0000000000007,52.59770154953003,2
1766,graficon71nodi/grafo9009.71,30,71,83,128,140,506.0,18,722.0000000000016,170.2967689037323,2
1767,graficon58nodi/grafo6840.58,30,58,73,125,140,413.0,10,547.9999999999999,89.03011894226074,2
1768,graficon57nodi/grafo4773.57,30,57,79,128,150,570.0,30,481.5,157.7257056236267,2
1769,graficon54nodi/grafo6321.54,30,54,71,129,146,384.0,17,409.0000000000062,53.90368604660034,2
1770,graficon65nodi/grafo2881.65,30,65,76,129,140,425.0,9,481.50000000005554,85.55491018295288,2
1771,graficon50nodi/grafo6410.50,30,50,69,128,147,457.0,16,666.0000000000048,97.55366516113281,2
1772,graficon64nodi/grafo9180.64,30,64,80,127,143,484.0,23,462.0000000000204,111.22448658943176,2
1773,graficon55nodi/grafo6500.55,30,55,75,125,145,554.0,26,712.5,209.70651364326477,2
1774,graficon74nodi/grafo7149.74,30,74,93,127,146,445.0,14,825.9999999999859,101.4742078781128,2
1775,graficon66nodi/grafo8998.66,30,66,99,127,160,751.0,106,1061.0,529.6063814163208,2
1776,graficon60nodi/grafo5896.60,30,60,84,128,152,636.0,27,982.0,254.40816831588745,2
1777,graficon48nodi/grafo6833.48,30,48,69,129,150,506.0,19,560.5000000000066,118.85448122024536,2
1778,graficon44nodi/grafo6938.44,30,44,61,127,144,473.0,15,488.5,77.56280517578125,2
1779,graficon60nodi/grafo4138.60,30,60,83,129,152,582.0,40,711.5,218.29809165000916,2
1780,graficon63nodi/grafo5858.63,30,63,83,126,146,506.0,24,813.5,234.72050380706787,2
1781,graficon61nodi/grafo6803.61,30,61,87,125,151,580.0,49,912.5,221.00690627098083,2
1782,graficon54nodi/grafo4701.54,30,54,67,126,139,323.0,8,367.99999999999943,24.127294063568115,2
1783,graficon43nodi/grafo5467.43,30,43,73,129,159,647.0,49,685.0,220.64830827713013,2
1784,graficon62nodi/grafo9257.62,30,62,85,128,151,604.0,38,763.0,236.2876636981964,2
1785,graficon59nodi/grafo6980.59,30,59,79,129,149,391.0,22,601.5000000000006,54.01216983795166,2
1786,graficon65nodi/grafo9475.65,30,65,84,126,145,405.0,25,532.5000000000116,79.63072085380554,2
1787,graficon54nodi/grafo7613.54,30,54,78,127,151,398.0,32,783.0000000000205,107.13867449760437,2
1788,graficon43nodi/grafo5187.43,30,43,61,129,147,374.0,12,396.9999999999992,44.24701476097107,2
1789,graficon41nodi/grafo3701.41,30,41,58,127,144,494.0,22,380.00000000000523,98.02963304519653,2
1790,graficon49nodi/grafo3085.49,30,49,72,128,151,531.0,26,714.9999999999959,132.81780004501343,2
1791,graficon68nodi/grafo9378.68,30,68,81,125,138,437.0,13,548.0000000000275,100.64727878570557,2
1792,graficon59nodi/grafo5600.59,30,59,78,125,144,544.0,19,579.0,169.95751857757568,2
1793,graficon46nodi/grafo6986.46,30,46,63,127,144,451.0,16,561.000000000001,87.33870816230774,2
1794,graficon78nodi/grafo8145.78,30,78,98,127,147,763.0,61,874.0,520.7694475650787,2
1795,graficon61nodi/grafo4392.61,30,61,75,125,139,452.0,17,453.0,109.72501397132874,2
1796,graficon68nodi/grafo4472.68,30,68,90,128,150,445.0,21,639.0,107.05585050582886,2
1797,graficon80nodi/grafo9560.80,30,80,100,127,147,769.0,55,1229.9999999999973,601.813494682312,9
1798,graficon57nodi/grafo6238.57,30,57,87,128,158,574.0,42,869.0,243.04704189300537,2
1799,graficon62nodi/grafo2002.62,30,62,77,126,141,431.0,18,686.0000000000045,95.79238867759705,2
1800,graficon59nodi/grafo4615.59,30,59,75,129,145,345.0,14,472.99999999999505,42.30573487281799,2
1801,graficon56nodi/grafo4685.56,30,56,71,132,147,406.0,8,462.396020539153,60.44735360145569,2
1802,graficon65nodi/grafo4904.65,30,65,78,130,143,522.0,5,652.0,133.22006821632385,2
1803,graficon75nodi/grafo7926.75,30,75,93,131,149,631.0,26,699.0,268.4113609790802,2
1804,graficon65nodi/grafo9415.65,30,65,85,131,151,598.0,37,839.5,250.51646614074707,2
1805,graficon48nodi/grafo5672.48,30,48,70,132,154,552.0,24,888.9999999999995,156.04599809646606,2
1806,graficon54nodi/grafo3189.54,30,54,84,132,162,580.0,54,899.0,204.52109718322754,2
1807,graficon63nodi/grafo4702.63,30,63,89,134,160,697.0,64,843.0,330.5217430591583,2
1808,graficon60nodi/grafo8898.60,30,60,78,130,148,485.0,17,790.0000000000167,147.2308008670807,2
1809,graficon70nodi/grafo1381.70,30,70,87,133,150,386.0,9,503.5,67.8566415309906,2
1810,graficon62nodi/grafo8037.62,30,62,81,132,151,473.0,21,744.1000000000133,117.73884630203247,2
1811,graficon70nodi/grafo8234.70,30,70,89,131,150,498.0,22,501.99999999999727,117.16691064834595,2
1812,graficon63nodi/grafo7806.63,30,63,83,132,152,558.0,14,509.5,143.5067596435547,2
1813,graficon53nodi/grafo4882.53,30,53,75,133,155,464.0,23,560.0000000000052,92.68423962593079,2
1814,graficon69nodi/grafo1568.69,30,69,89,131,151,534.0,16,519.5,218.49708247184753,2
1815,graficon56nodi/grafo1478.56,30,56,69,132,145,416.0,6,431.0,84.59480142593384,2
1816,graficon67nodi/grafo9187.67,30,67,93,133,159,635.0,69,777.0,286.15570735931396,2
1817,graficon40nodi/grafo2593.40,30,40,55,130,145,355.0,8,259.0,20.24605894088745,2
1818,graficon72nodi/grafo9592.72,30,72,86,132,146,424.0,18,544.5000000000033,65.5172986984253,2
1819,graficon38nodi/grafo6416.38,30,38,57,131,150,374.0,13,527.4999999999999,51.783071994781494,2
1820,graficon65nodi/grafo6412.65,30,65,82,133,150,523.0,21,850.0,188.49078679084778,2
1821,graficon54nodi/grafo4969.54,30,54,85,130,161,677.0,55,1207.5,317.21699380874634,2
1822,graficon63nodi/grafo9400.63,30,63,85,134,156,496.0,28,522.5000000000011,126.86247158050537,2
1823,graficon66nodi/grafo1298.66,30,66,82,131,147,519.0,20,639.0,127.86176943778992,2
1824,graficon56nodi/grafo7752.56,30,56,69,134,147,546.0,10,554.5000000000003,111.5369963645935,2
1825,graficon67nodi/grafo9754.67,30,67,96,131,160,745.0,51,606.0,416.70137000083923,2
1826,graficon55nodi/grafo5444.55,30,55,70,134,149,459.0,15,554.0000000000053,99.82399487495422,2
1827,graficon66nodi/grafo4404.66,30,66,81,131,146,407.0,18,396.0000000000076,61.27427339553833,2
1828,graficon42nodi/grafo4033.42,30,42,64,133,155,494.0,19,687.4999999999685,89.33072328567505,2
1829,graficon69nodi/grafo9191.69,30,69,90,134,155,578.0,23,771.0,216.59544134140015,2
1830,graficon71nodi/grafo8560.71,30,71,93,132,154,576.0,43,697.0,194.7046253681183,2
1831,graficon46nodi/grafo5778.46,30,46,69,132,155,501.0,27,669.5000000000082,161.8593373298645,2
1832,graficon51nodi/grafo4577.51,30,51,68,132,149,526.0,19,651.9999999999945,114.18437266349792,2
1833,graficon60nodi/grafo7493.60,30,60,83,131,154,686.0,32,746.5,274.0397744178772,2
1834,graficon68nodi/grafo1575.68,30,68,84,133,149,429.0,13,633.5000000000005,85.12056374549866,2
1835,graficon45nodi/grafo6295.45,30,45,67,130,152,527.0,28,723.5,166.2240560054779,2
1836,graficon68nodi/grafo1303.68,30,68,84,131,147,457.0,15,647.5000000000032,107.31272292137146,2
1837,graficon65nodi/grafo9272.65,30,65,81,130,146,483.0,22,562.0,138.0535044670105,2
1838,graficon65nodi/grafo9575.65,30,65,82,130,147,381.0,16,531.000000000006,54.12247824668884,2
1839,graficon64nodi/grafo5067.64,30,64,82,131,149,584.0,18,428.0,171.60158395767212,2
1840,graficon63nodi/grafo4679.63,30,63,87,131,155,550.0,43,682.5000000000002,111.22246885299683,2
1841,graficon69nodi/grafo8072.69,30,69,88,132,151,439.0,15,429.5000000000079,76.18073511123657,2
1842,graficon56nodi/grafo3427.56,30,56,81,131,156,655.0,48,677.0,275.7059540748596,2
1843,graficon46nodi/grafo6994.46,30,46,64,134,152,518.0,16,737.0,125.78379607200623,2
1844,graficon66nodi/grafo4737.66,30,66,86,132,152,578.0,28,531.5,146.17639684677124,2
1845,graficon56nodi/grafo5851.56,30,56,75,131,150,526.0,25,495.00000000001,96.17325830459595,2
1846,graficon63nodi/grafo5068.63,30,63,87,132,156,643.0,46,783.5,233.56489849090576,2
1847,graficon55nodi/grafo1487.55,30,55,71,130,146,473.0,17,589.5000000000016,85.50700688362122,2
1848,graficon60nodi/grafo9141.60,30,60,82,130,152,409.0,25,560.9999999999989,55.25827479362488,2
1849,graficon44nodi/grafo6014.44,30,44,59,133,148,395.0,10,317.0,30.13557720184326,2
1850,graficon55nodi/grafo6741.55,30,55,80,131,156,531.0,48,743.0476190476962,104.27967023849487,2
1851,graficon66nodi/grafo4727.66,30,66,88,133,155,614.0,27,562.0,243.30614066123962,2
1852,graficon60nodi/grafo5435.60,30,60,85,132,157,646.0,49,1075.0,234.09286212921143,2
1853,graficon41nodi/grafo3340.41,30,41,54,130,143,407.0,8,333.00000000000114,43.889060497283936,2
1854,graficon65nodi/grafo9417.65,30,65,88,132,155,506.0,12,619.0,112.6189353466034,2
1855,graficon61nodi/grafo7324.61,30,61,77,132,148,469.0,17,425.0000000000064,86.62664008140564,2
1856,graficon70nodi/grafo9841.70,30,70,97,131,158,637.0,55,683.5,255.17672634124756,2
1857,graficon69nodi/grafo7954.69,30,69,103,134,168,764.0,72,960.0,567.1025929450989,2
1858,graficon48nodi/grafo3327.48,30,48,73,133,158,615.0,25,752.5,192.7642161846161,2
1859,graficon60nodi/grafo8610.60,30,60,77,133,150,375.0,14,479.0,45.411256313323975,2
1860,graficon71nodi/grafo5375.71,30,71,93,132,154,724.0,50,1031.0,425.547411441803,2
1861,graficon60nodi/grafo4910.60,30,60,76,132,148,451.0,18,527.5000000000025,82.8542091846466,2
1862,graficon63nodi/grafo1606.63,30,63,85,133,155,559.0,29,819.5000000000754,188.56701850891113,2
1863,graficon83nodi/grafo8245.83,30,83,104,130,151,766.0,41,778.0,558.5551958084106,2
1864,graficon59nodi/grafo4591.59,30,59,83,131,155,595.0,25,577.0,227.5374801158905,2
1865,graficon54nodi/grafo1545.54,30,54,71,134,151,573.0,17,478.5,143.03546452522278,2
1866,graficon53nodi/grafo5052.53,30,53,77,130,154,611.0,31,613.0,251.9581515789032,2
1867,graficon51nodi/grafo7562.51,30,51,81,133,163,803.0,73,684.0,352.3551514148712,2
1868,graficon58nodi/grafo5403.58,30,58,77,130,149,630.0,31,711.0,283.79050636291504,2
1869,graficon79nodi/grafo9810.79,30,79,101,133,155,642.0,47,832.0,256.20127034187317,2
1870,graficon48nodi/grafo5806.48,30,48,65,130,147,440.0,14,574.0000000000013,76.17490410804749,2
1871,graficon49nodi/grafo5654.49,30,49,68,130,149,451.0,19,638.0000000000031,74.5892264842987,2
1872,graficon60nodi/grafo6316.60,30,60,82,132,154,666.0,34,595.5,262.98167181015015,2
1873,graficon63nodi/grafo9246.63,30,63,89,133,159,686.0,46,915.0,252.7890796661377,2
1874,graficon71nodi/grafo9173.71,30,71,105,134,168,723.0,72,1400.5373763518792,603.2573840618134,9
1875,graficon78nodi/grafo9549.78,30,78,97,132,151,669.0,43,727.0,359.5209095478058,2
1876,graficon64nodi/grafo4584.64,30,64,89,136,161,561.0,34,762.5,218.7883198261261,2
1877,graficon47nodi/grafo6821.47,30,47,68,138,159,455.0,23,361.0400000000034,63.60832142829895,2
1878,graficon61nodi/grafo8397.61,30,61,82,138,159,510.0,26,639.9999999999967,108.86819505691528,2
1879,graficon52nodi/grafo6177.52,30,52,69,139,156,445.0,13,596.3064516129359,85.25711154937744,2
1880,graficon56nodi/grafo3772.56,30,56,83,138,165,616.0,34,600.0,168.1297631263733,2
1881,graficon62nodi/grafo4790.62,30,62,85,135,158,596.0,36,653.0,190.060950756073,2
1882,graficon51nodi/grafo1520.51,30,51,65,139,153,493.0,19,312.4444444444458,75.72907161712646,2
1883,graficon71nodi/grafo4197.71,30,71,97,139,165,548.0,29,625.0,164.55131149291992,2
1884,graficon76nodi/grafo4174.76,30,76,98,135,157,554.0,27,582.4519230770054,126.76889634132385,2
1885,graficon62nodi/grafo5986.62,30,62,88,137,163,762.0,67,899.0,388.9103572368622,2
1886,graficon62nodi/grafo7813.62,30,62,81,135,154,503.0,24,790.5000000000041,105.4108555316925,2
1887,graficon57nodi/grafo7627.57,30,57,85,135,163,683.0,47,683.0,293.5427780151367,2
1888,graficon61nodi/grafo5559.61,30,61,75,139,153,486.0,17,486.5000000000125,88.73148465156555,2
1889,graficon58nodi/grafo6457.58,30,58,84,137,163,628.0,42,800.0,236.14321613311768,2
1890,graficon53nodi/grafo6147.53,30,53,63,139,149,375.0,6,476.00000000000097,30.52358627319336,2
1891,graficon59nodi/grafo4900.59,30,59,83,139,163,498.0,26,594.9999999999886,104.62995624542236,2
1892,graficon54nodi/grafo4928.54,30,54,72,139,157,520.0,22,423.49999999996,99.61227250099182,2
1893,graficon58nodi/grafo7022.58,30,58,80,136,158,574.0,31,551.5000000000318,123.93155884742737,2
1894,graficon77nodi/grafo9389.77,30,77,99,136,158,600.0,37,680.0,218.7842411994934,2
1895,graficon67nodi/grafo8161.67,30,67,90,138,161,574.0,29,637.0,140.5348699092865,2
1896,graficon47nodi/grafo6701.47,30,47,74,136,163,661.0,44,737.0,244.17115330696106,2
1897,graficon70nodi/grafo9708.70,30,70,91,139,160,635.0,17,856.0,225.735497713089,2
1898,graficon55nodi/grafo4299.55,30,55,79,138,162,545.0,38,456.0,132.89345526695251,2
1899,graficon55nodi/grafo5845.55,30,55,80,139,164,636.0,41,700.5,251.7014298439026,2
1900,graficon54nodi/grafo7468.54,30,54,81,138,165,567.0,42,620.5,150.88920402526855,2
1901,graficon73nodi/grafo4273.73,30,73,90,139,156,479.0,8,704.5000000000007,99.03552508354187,2
1902,graficon67nodi/grafo5665.67,30,67,83,137,153,546.0,12,651.4999999999895,127.77000069618225,2
1903,graficon55nodi/grafo5023.55,30,55,78,136,159,483.0,28,880.4999999999891,121.61831736564636,2
1904,graficon66nodi/grafo9195.66,30,66,86,138,158,534.0,20,639.3461538461552,101.24384665489197,2
1905,graficon64nodi/grafo9364.64,30,64,91,136,163,609.0,35,778.0,254.41022849082947,2
1906,graficon61nodi/grafo6022.61,30,61,86,138,163,604.0,39,765.0,220.65924286842346,2
1907,graficon39nodi/grafo6294.39,30,39,58,138,157,510.0,16,428.0000000000023,99.42727303504944,2
1908,graficon57nodi/grafo3386.57,30,57,86,135,164,580.0,39,677.5,158.59096455574036,2
1909,graficon55nodi/grafo3797.55,30,55,79,135,159,552.0,24,800.9999999999332,146.05449223518372,2
1910,graficon66nodi/grafo4881.66,30,66,83,138,155,528.0,17,615.5,110.2959349155426,2
1911,graficon59nodi/grafo4611.59,30,59,81,137,159,619.0,19,581.5,143.66299200057983,2
1912,graficon59nodi/grafo3674.59,30,59,90,139,170,699.0,57,1104.5,372.4837210178375,2
1913,graficon66nodi/grafo9366.66,30,66,85,139,158,690.0,26,633.5,269.0515811443329,2
1914,graficon81nodi/grafo5469.81,30,81,98,137,154,711.0,28,1001.5,408.68836879730225,2
1915,graficon77nodi/grafo9780.77,30,77,96,138,157,734.0,28,929.5,440.9806342124939,2
1916,graficon76nodi/grafo8522.76,30,76,99,135,158,556.0,21,822.0,140.48863005638123,2
1917,graficon80nodi/grafo9582.80,30,80,101,138,159,617.0,32,599.0,175.1750500202179,2
1918,graficon79nodi/grafo6720.79,30,79,102,139,162,589.0,41,914.5,189.69900941848755,2
1919,graficon68nodi/grafo9632.68,30,68,91,139,162,550.0,37,943.0,186.75686502456665,2
1920,graficon68nodi/grafo7293.68,30,68,79,137,148,385.0,7,461.49999999996766,60.50434470176697,2
1921,graficon77nodi/grafo4393.77,30,77,97,136,156,500.0,28,516.5000000000059,97.03353452682495,2
1922,graficon81nodi/grafo4257.81,30,81,107,136,162,647.0,65,1269.499999999994,603.9577188491821,9
1923,graficon62nodi/grafo5084.62,30,62,80,137,155,555.0,13,642.5000000000024,132.64542818069458,2
1924,graficon38nodi/grafo11345.38,30,38,56,139,157,482.0,7,363.0000000000017,74.51947546005249,2
1925,graficon61nodi/grafo4922.61,30,61,91,138,168,689.0,36,1019.5,297.5869483947754,2
1926,graficon71nodi/grafo5179.71,30,71,98,136,163,800.0,63,693.0,506.3489725589752,2
1927,graficon47nodi/grafo6691.47,30,47,67,139,159,532.0,23,750.931623931634,92.87007141113281,2
1928,graficon68nodi/grafo1565.68,30,68,83,136,151,439.0,9,511.00000000000045,84.6062982082367,2
1929,graficon78nodi/grafo8409.78,30,78,103,137,162,708.0,37,1206.0,485.32241702079773,2
1930,graficon62nodi/grafo4877.62,30,62,85,137,160,490.0,29,630.0000000000005,116.84330987930298,2
1931,graficon69nodi/grafo8995.69,30,69,90,136,157,561.0,25,661.0,165.41685390472412,2
1932,graficon64nodi/grafo4413.64,30,64,87,138,161,504.0,20,681.4999999999999,124.3788890838623,2
1933,graficon69nodi/grafo7938.69,30,69,90,139,160,630.0,48,734.5,248.3762457370758,2
1934,graficon70nodi/grafo8047.70,30,70,98,138,166,747.0,70,760.0,394.80287170410156,2
1935,graficon67nodi/grafo4635.67,30,67,79,139,151,486.0,5,663.9999999999801,101.76721143722534,2
1936,graficon85nodi/grafo8547.85,30,85,104,139,158,645.0,38,864.0,261.16401624679565,2
1937,graficon58nodi/grafo6312.58,30,58,87,138,167,709.0,48,877.0,328.3057472705841,2
1938,graficon39nodi/grafo4104.39,30,39,55,139,155,550.0,10,429.00000000000364,107.52645492553711,2
1939,graficon81nodi/grafo4522.81,30,81,94,136,149,470.0,10,591.0,102.09166193008423,2
1940,graficon93nodi/grafo8962.93,30,93,109,135,151,593.0,23,663.0,189.75962948799133,2
1941,graficon54nodi/grafo4346.54,30,54,80,138,164,755.0,43,547.0,304.84532046318054,2
1942,graficon67nodi/grafo1518.67,30,67,85,135,153,579.0,29,737.0000000000001,213.58970141410828,2
1943,graficon62nodi/grafo5134.62,30,62,80,136,154,401.0,16,464.9999999999997,47.296616315841675,2
1944,graficon42nodi/grafo7588.42,30,42,62,138,158,535.0,23,440.0000000000027,89.63437700271606,2
1945,graficon56nodi/grafo6721.56,30,56,77,135,156,589.0,32,609.0,165.70770978927612,2
1946,graficon61nodi/grafo8268.61,30,61,89,137,165,593.0,33,614.0,199.08879208564758,2
1947,graficon67nodi/grafo7882.67,30,67,81,137,151,514.0,11,680.9999999999972,101.95944738388062,2
1948,graficon75nodi/grafo4276.75,30,75,96,137,158,556.0,26,622.00000000001,131.2476601600647,2
1949,graficon74nodi/grafo5001.74,30,74,91,135,152,487.0,17,648.5000000000032,93.73163604736328,2
1950,graficon65nodi/grafo4774.65,30,65,85,138,158,545.0,15,734.0000000000389,117.42041254043579,2
1951,graficon60nodi/grafo3653.60,30,60,86,141,167,676.0,41,707.5,297.85824513435364,2
1952,graficon65nodi/grafo9512.65,30,65,93,142,170,795.0,51,1414.0000000000875,601.6489045619965,9
1953,graficon71nodi/grafo7021.71,30,71,89,144,162,456.0,15,499.0000000000012,66.69123673439026,2
1954,graficon65nodi/grafo9304.65,30,65,91,144,170,679.0,45,643.0,293.3704640865326,2
1955,graficon74nodi/grafo9719.74,30,74,106,143,175,783.0,92,1193.000000000032,600.2204670906067,9
1956,graficon50nodi/grafo7712.50,30,50,67,142,159,466.0,12,416.5,72.9946072101593,2
1957,graficon65nodi/grafo4738.65,30,65,89,141,165,673.0,36,1050.0,345.8643002510071,2
1958,graficon43nodi/grafo7458.43,30,43,61,142,160,496.0,21,403.9999999999952,75.89900469779968,2
1959,graficon61nodi/grafo9017.61,30,61,80,144,163,405.0,10,468.00000000000125,38.1562397480011,2
1960,graficon72nodi/grafo6528.72,30,72,87,141,156,578.0,18,733.9999999999993,135.96490955352783,2
1961,graficon55nodi/grafo4357.55,30,55,74,140,159,471.0,12,495.50000000000057,65.63430428504944,2
1962,graficon61nodi/grafo4181.61,30,61,78,144,161,546.0,18,736.5,134.9195876121521,2
1963,graficon89nodi/grafo6694.89,30,89,103,140,154,678.0,19,842.5,254.62961554527283,2
1964,graficon81nodi/grafo7951.81,30,81,99,143,161,743.0,39,869.0,483.0531220436096,2
1965,graficon65nodi/grafo8405.65,30,65,92,142,169,655.0,45,638.5,194.79520392417908,2
1966,graficon71nodi/grafo6545.71,30,71,89,142,160,631.0,27,744.0,199.00800561904907,2
1967,graficon63nodi/grafo9109.63,30,63,88,142,167,649.0,49,720.5,179.40170764923096,2
1968,graficon52nodi/grafo6386.52,30,52,79,142,169,714.0,43,614.0,306.14900302886963,2
1969,graficon56nodi/grafo4175.56,30,56,73,141,158,477.0,12,531.9999999999999,78.1927719116211,2
1970,graficon78nodi/grafo9693.78,30,78,103,143,168,762.0,37,871.0,423.1384017467499,2
1971,graficon89nodi/grafo8947.89,30,89,116,143,170,846.0,51,1442.0000000000073,600.5414969921112,9
1972,graficon52nodi/grafo3211.52,30,52,77,141,166,519.0,40,634.5000000000008,135.9760320186615,2
1973,graficon70nodi/grafo8238.70,30,70,89,144,163,652.0,23,529.0,220.99507117271423,2
1974,graficon63nodi/grafo7972.63,30,63,90,143,170,753.0,52,761.0,394.0901584625244,2
1975,graficon83nodi/grafo9440.83,30,83,108,140,165,658.0,37,691.0,219.18699026107788,2
1976,graficon69nodi/grafo8401.69,30,69,100,143,174,766.0,57,829.0,341.5519959926605,2
1977,graficon68nodi/grafo9165.68,30,68,91,142,165,676.0,36,637.0,249.93523502349854,2
1978,graficon53nodi/grafo3357.53,30,53,73,140,160,499.0,21,555.5000000000279,96.76600670814514,2
1979,graficon53nodi/grafo4996.53,30,53,69,142,158,522.0,19,575.0000000000203,105.31724047660828,2
1980,graficon61nodi/grafo4239.61,30,61,76,143,158,371.0,8,522.0,24.148194551467896,2
1981,graficon56nodi/grafo7664.56,30,56,74,143,161,476.0,18,574.4999999999955,103.36400532722473,2
1982,graficon51nodi/grafo1383.51,30,51,74,140,163,533.0,24,720.6666666666674,104.36869192123413,2
1983,graficon57nodi/grafo6842.57,30,57,74,141,158,418.0,16,571.4999999999999,71.07111644744873,2
1984,graficon71nodi/grafo7810.71,30,71,92,142,163,566.0,37,745.0,167.3753924369812,2
1985,graficon64nodi/grafo9007.64,30,64,101,144,181,807.0,81,1025.0,334.48718094825745,2
1986,graficon66nodi/grafo9398.66,30,66,90,141,165,632.0,32,483.0,224.9012041091919,2
1987,graficon52nodi/grafo6375.52,30,52,79,142,169,714.0,43,614.0,297.14296555519104,2
1988,graficon83nodi/grafo7841.83,30,83,107,144,168,585.0,43,719.0,181.93249988555908,2
1989,graficon60nodi/grafo8868.60,30,60,75,141,156,367.0,15,446.50000000000153,26.1698477268219,2
1990,graficon69nodi/grafo7855.69,30,69,84,142,157,583.0,24,666.0000000000009,159.4389889240265,2
1991,graficon56nodi/grafo3584.56,30,56,80,141,165,534.0,31,829.5000000000023,99.41955494880676,2
1992,graficon61nodi/grafo7596.61,30,61,85,140,164,538.0,33,587.0,107.29712176322937,2
1993,graficon57nodi/grafo3818.57,30,57,77,142,162,584.0,25,651.0,186.38780617713928,2
1994,graficon75nodi/grafo8517.75,30,75,95,142,162,700.0,27,1098.5,552.2903747558594,2
1995,graficon63nodi/grafo9291.63,30,63,88,140,165,698.0,54,861.0,308.7918469905853,2
1996,graficon47nodi/grafo3948.47,30,47,66,141,160,458.0,20,465.5000000000021,71.95000386238098,2
1997,graficon76nodi/grafo9253.76,30,76,105,141,170,1015.0,91,1761.4999999999982,602.5067684650421,9
1998,graficon53nodi/grafo4803.53,30,53,70,143,160,536.0,17,523.5,118.41801810264587,2
1999,graficon69nodi/grafo9729.69,30,69,103,144,178,746.0,64,991.0,318.9746973514557,2
2000,graficon54nodi/grafo3284.54,30,54,82,142,170,571.0,47,612.0,131.61536121368408,2
2001,graficon68nodi/grafo9328.68,30,68,99,143,174,728.0,66,1066.0,274.3902304172516,2
2002,graficon43nodi/grafo4055.43,30,43,61,141,159,542.0,21,599.4705882352947,100.29702234268188,2
2003,graficon70nodi/grafo8229.70,30,70,97,143,170,646.0,34,654.5,187.33282017707825,2
2004,graficon64nodi/grafo9178.64,30,64,87,141,164,553.0,27,734.5000000000094,110.7637448310852,2
2005,graficon69nodi/grafo9816.69,30,69,96,141,168,619.0,49,1146.5,206.6385247707367,2
2006,graficon52nodi/grafo4677.52,30,52,72,143,163,429.0,15,476.5000000000004,58.7252631187439,2
2007,graficon72nodi/grafo4810.72,30,72,88,143,159,431.0,11,555.0,48.67720079421997,2
2008,graficon51nodi/grafo6012.51,30,51,81,142,172,654.0,28,741.5,205.35703229904175,2
2009,graficon62nodi/grafo4487.62,30,62,86,140,164,646.0,49,763.5,217.80334448814392,2
2010,graficon59nodi/grafo4390.59,30,59,89,143,173,831.0,59,864.5,373.18333172798157,2
2011,graficon78nodi/grafo4220.78,30,78,98,143,163,564.0,22,780.0,139.80898451805115,2
2012,graficon71nodi/grafo8336.71,30,71,91,144,164,579.0,34,669.0,171.00884103775024,2
2013,graficon70nodi/grafo5094.70,30,70,91,141,162,702.0,35,1048.5,289.18525886535645,2
2014,graficon62nodi/grafo8989.62,30,62,80,141,159,434.0,16,467.00000000000466,39.543017864227295,2
2015,graficon75nodi/grafo4669.75,30,75,96,142,163,497.0,16,577.0000000000017,94.06647658348083,2
2016,graficon58nodi/grafo4899.58,30,58,80,141,163,657.0,31,667.0,235.04464101791382,2
2017,graficon75nodi/grafo9188.75,30,75,92,140,157,493.0,18,743.9788679245288,94.59640884399414,2
2018,graficon67nodi/grafo9712.67,30,67,85,140,158,447.0,14,565.9999999999931,75.31686186790466,2
2019,graficon79nodi/grafo9244.79,30,79,98,142,161,753.0,38,650.0,302.77045464515686,2
2020,graficon57nodi/grafo4919.57,30,57,74,143,160,389.0,9,582.5000000000016,56.26254868507385,2
2021,graficon70nodi/grafo8187.70,30,70,89,140,159,601.0,30,595.0,173.08956050872803,2
2022,graficon58nodi/grafo5075.58,30,58,75,144,161,414.0,21,462.00000000002177,47.13968825340271,2
2023,graficon70nodi/grafo9739.70,30,70,85,144,159,429.0,11,424.9999999999977,33.537553787231445,2
2024,graficon74nodi/grafo4178.74,30,74,99,141,166,474.0,30,990.5,96.35681796073914,2
2025,graficon59nodi/grafo7660.59,30,59,81,140,162,720.0,31,535.0,246.1364061832428,2
2026,graficon55nodi/grafo5671.55,30,55,83,148,176,893.0,52,979.4999999999959,600.2475202083588,9
2027,graficon60nodi/grafo4443.60,30,60,83,145,168,572.0,24,660.0,152.87259435653687,2
2028,graficon46nodi/grafo6688.46,30,46,65,146,165,490.0,19,467.5000000000001,67.94780039787292,2
2029,graficon91nodi/grafo10239.91,30,91,123,146,178,999.0,130,1576.5000000005402,601.8346436023712,9
2030,graficon90nodi/grafo10642.90,30,90,118,146,174,938.0,105,1312.5000000006517,602.2045557498932,9
2031,graficon61nodi/grafo4749.61,30,61,73,147,159,436.0,10,451.00000000000114,40.269691705703735,2
2032,graficon58nodi/grafo4974.58,30,58,79,145,166,582.0,18,631.5,152.9557867050171,2
2033,graficon60nodi/grafo4039.60,30,60,90,145,175,692.0,63,707.5,271.4637441635132,2
2034,graficon74nodi/grafo8591.74,30,74,93,149,168,515.0,28,893.4999999998159,128.51896500587463,2
2035,graficon73nodi/grafo9038.73,30,73,94,148,169,735.0,31,861.0,288.6527304649353,2
2036,graficon70nodi/grafo9068.70,30,70,90,149,169,453.0,21,748.1499999999982,74.90474939346313,2
2037,graficon72nodi/grafo9449.72,30,72,100,147,175,659.0,68,777.5,205.51426577568054,2
2038,graficon72nodi/grafo9423.72,30,72,100,149,177,736.0,39,774.0,308.0142240524292,2
2039,graficon67nodi/grafo7896.67,30,67,95,148,176,617.0,42,722.0,169.14568090438843,2
2040,graficon77nodi/grafo4837.77,30,77,106,146,175,775.0,56,828.5,509.238254070282,2
2041,graficon53nodi/grafo4486.53,30,53,70,147,164,610.0,18,670.0000000000198,104.89597702026367,2
2042,graficon55nodi/grafo3181.55,30,55,77,147,169,649.0,25,601.5,134.3954062461853,2
2043,graficon65nodi/grafo4912.65,30,65,92,147,174,683.0,48,581.0,234.2520136833191,2
2044,graficon53nodi/grafo3973.53,30,53,69,148,164,563.0,15,603.5000000000108,95.18219757080078,2
2045,graficon68nodi/grafo4476.68,30,68,95,147,174,681.0,43,747.0,164.27353501319885,2
2046,graficon75nodi/grafo1451.75,30,75,88,145,158,487.0,11,743.4999999999927,97.08621859550476,2
2047,graficon71nodi/grafo5039.71,30,71,96,149,174,795.0,32,1179.5,525.9383306503296,2
2048,graficon57nodi/grafo3428.57,30,57,80,145,168,755.0,33,905.0,275.584632396698,2
2049,graficon78nodi/grafo8175.78,30,78,95,146,163,661.0,20,524.0,143.0198531150818,2
2050,graficon73nodi/grafo8860.73,30,73,101,148,176,656.0,38,934.5,293.96041321754456,2
2051,graficon56nodi/grafo4424.56,30,56,74,146,164,587.0,19,817.0000000000089,118.19407081604004,2
2052,graficon44nodi/grafo7431.44,30,44,64,148,168,773.0,24,569.5,268.80437421798706,2
2053,graficon68nodi/grafo9540.68,30,68,95,147,174,697.0,41,934.0,263.45824813842773,2
2054,graficon59nodi/grafo4628.59,30,59,80,147,168,569.0,19,596.0,183.32121777534485,2
2055,graficon51nodi/grafo3333.51,30,51,71,147,167,430.0,22,485.4999999999789,55.31057024002075,2
2056,graficon74nodi/grafo8049.74,30,74,103,145,174,807.0,73,899.0,364.72837352752686,2
2057,graficon75nodi/grafo9736.75,30,75,90,147,162,425.0,14,556.000000000001,69.45473003387451,2
2058,graficon94nodi/grafo8861.94,30,94,107,145,158,585.0,35,1055.0,216.56768774986267,2
2059,graficon62nodi/grafo4538.62,30,62,85,148,171,759.0,38,777.0,251.7239067554474,2
2060,graficon63nodi/grafo9336.63,30,63,89,146,172,730.0,39,906.0,352.6196401119232,2
2061,graficon83nodi/grafo4144.83,30,83,110,146,173,867.0,80,780.5000000000055,602.6063985824585,9
2062,graficon67nodi/grafo4208.67,30,67,92,147,172,735.0,41,674.0,248.2265055179596,2
2063,graficon76nodi/grafo5898.76,30,76,96,148,168,830.0,34,1302.4116402116902,601.5970618724823,9
2064,graficon70nodi/grafo7801.70,30,70,88,149,167,534.0,20,591.0000000000011,97.07826256752014,2
2065,graficon82nodi/grafo8144.82,30,82,100,146,164,568.0,26,850.0,176.99582386016846,2
2066,graficon55nodi/grafo5884.55,30,55,79,146,170,568.0,29,667.5000000000007,115.51998472213745,2
2067,graficon70nodi/grafo9373.70,30,70,87,149,166,649.0,18,530.5,211.18131709098816,2
2068,graficon65nodi/grafo1302.65,30,65,87,149,171,494.0,20,696.5000000000082,107.82368659973145,2
2069,graficon57nodi/grafo3610.57,30,57,80,149,172,553.0,29,697.5000000000036,100.16705203056335,2
2070,graficon76nodi/grafo4484.76,30,76,101,149,174,666.0,35,941.5,197.13022232055664,2
2071,graficon66nodi/grafo8917.66,30,66,100,145,179,821.0,90,1063.5,564.2999927997589,2
2072,graficon72nodi/grafo4126.72,30,72,89,148,165,482.0,17,478.50000000000017,62.804245471954346,2
2073,graficon77nodi/grafo9793.77,30,77,96,146,165,701.0,31,999.0,522.878618478775,2
2074,graficon62nodi/grafo4691.62,30,62,85,149,172,611.0,33,965.5,177.7577166557312,2
2075,graficon59nodi/grafo6657.59,30,59,79,148,168,576.0,22,546.9999999999915,106.46838212013245,2
2076,graficon74nodi/grafo4732.74,30,74,96,147,169,567.0,22,603.500000000008,102.51027488708496,2
2077,graficon43nodi/grafo7334.43,30,43,63,146,166,459.0,13,299.4999999999993,30.27354407310486,2
2078,graficon80nodi/grafo4618.80,30,80,104,149,173,707.0,64,888.5,285.10939621925354,2
2079,graficon73nodi/grafo5074.73,30,73,95,149,171,858.0,60,958.0,585.5600607395172,2
2080,graficon54nodi/grafo4590.54,30,54,72,148,166,603.0,17,547.0,156.75519347190857,2
2081,graficon69nodi/grafo8132.69,30,69,95,146,172,652.0,34,763.0,206.52743458747864,2
2082,graficon66nodi/grafo8339.66,30,66,90,146,170,531.0,38,729.5,116.50614261627197,2
2083,graficon61nodi/grafo8424.61,30,61,83,148,170,596.0,28,761.0,135.56238317489624,2
2084,graficon43nodi/grafo2506.43,30,43,56,145,158,567.0,14,432.1556213017768,108.21023154258728,2
2085,graficon76nodi/grafo4492.76,30,76,102,149,175,532.0,33,855.5000000002437,212.29116415977478,2
2086,graficon61nodi/grafo7814.61,30,61,90,147,176,649.0,31,748.0,190.10732245445251,2
2087,graficon62nodi/grafo8572.62,30,62,87,147,172,772.0,52,751.0,326.77709102630615,2
2088,graficon60nodi/grafo4335.60,30,60,87,149,176,686.0,27,614.0,231.60129141807556,2
2089,graficon93nodi/grafo11193.93,30,93,120,145,172,947.0,85,1451.0000000000064,600.3158700466156,9
2090,graficon36nodi/grafo3182.36,30,36,53,147,164,750.0,25,459.0,212.43182849884033,2
2091,graficon83nodi/grafo7891.83,30,83,113,149,179,799.0,78,989.0,350.19147396087646,2
2092,graficon45nodi/grafo6906.45,30,45,66,145,166,631.0,22,480.0,144.1235637664795,2
2093,graficon62nodi/grafo4653.62,30,62,95,148,181,819.0,66,1300.000000000063,602.9849066734314,9
2094,graficon75nodi/grafo5859.75,30,75,96,146,167,652.0,40,1012.5,257.17304277420044,2
2095,graficon82nodi/grafo7860.82,30,82,113,146,177,736.0,75,860.0,255.80360651016235,2
2096,graficon61nodi/grafo9494.61,30,61,80,146,165,647.0,15,508.0,166.04876708984375,2
2097,graficon59nodi/grafo5159.59,30,59,84,146,171,718.0,29,760.0,267.9815745353699,2
2098,graficon85nodi/grafo4294.85,30,85,107,146,168,809.0,31,857.0,356.90290427207947,2
2099,graficon84nodi/grafo8318.84,30,84,110,147,173,928.0,67,1640.4999999999911,604.6423552036285,9
2100,graficon66nodi/grafo2089.66,30,66,84,146,164,839.0,35,837.5,533.3965537548065,2
2101,graficon70nodi/grafo7779.70,30,70,90,150,170,564.0,24,1014.4999999999992,100.60168433189392,2
2102,graficon49nodi/grafo3526.49,30,49,71,151,173,667.0,33,641.5,184.02506947517395,2
2103,graficon61nodi/grafo9451.61,30,61,97,153,189,962.0,94,1376.0000000000089,607.864767074585,9
2104,graficon66nodi/grafo8977.66,30,66,81,150,165,526.0,19,739.4999999999993,104.6862952709198,2
2105,graficon74nodi/grafo8677.74,30,74,96,151,173,532.0,33,800.5000000000064,104.47840738296509,2
2106,graficon68nodi/grafo1420.68,30,68,90,150,172,438.0,24,665.0,62.892024517059326,2
2107,graficon59nodi/grafo3398.59,30,59,87,151,179,811.0,40,716.0,339.2549042701721,2
2108,graficon61nodi/grafo8417.61,30,61,89,154,182,628.0,36,798.2058823529427,141.32094502449036,2
2109,graficon80nodi/grafo9100.80,30,80,105,153,178,675.0,33,804.0,204.15634775161743,2
2110,graficon63nodi/grafo4793.63,30,63,86,151,174,727.0,25,730.5,238.7215428352356,2
2111,graficon74nodi/grafo5959.74,30,74,91,151,168,628.0,25,915.5,218.30489230155945,2
2112,graficon92nodi/grafo11259.92,30,92,106,153,167,652.0,17,894.0,196.68962979316711,2
2113,graficon61nodi/grafo4128.61,30,61,88,151,178,666.0,27,759.0,209.36872601509094,2
2114,graficon55nodi/grafo4850.55,30,55,75,154,174,579.0,16,553.0,156.26920890808105,2
2115,graficon70nodi/grafo9175.70,30,70,94,150,174,598.0,40,1043.0,202.71118092536926,2
2116,graficon53nodi/grafo3208.53,30,53,80,150,177,759.0,43,609.5,262.6301386356354,2
2117,graficon63nodi/grafo9298.63,30,63,85,154,176,573.0,24,570.4999999999399,111.56710481643677,2
2118,graficon81nodi/grafo7975.81,30,81,98,151,168,648.0,18,751.0,232.56842637062073,2
2119,graficon63nodi/grafo4693.63,30,63,82,154,173,702.0,13,612.0,224.70946598052979,2
2120,graficon73nodi/grafo7983.73,30,73,95,150,172,585.0,32,723.5000000000103,174.54319739341736,2
2121,graficon39nodi/grafo2969.39,30,39,57,152,170,689.0,19,531.5000000000002,118.83283686637878,2
2122,graficon59nodi/grafo3903.59,30,59,83,151,175,644.0,21,662.0,204.5448248386383,2
2123,graficon69nodi/grafo4801.69,30,69,95,154,180,686.0,43,863.0,178.92372512817383,2
2124,graficon77nodi/grafo6779.77,30,77,99,153,175,589.0,18,561.5,133.1966097354889,2
2125,graficon57nodi/grafo3166.57,30,57,75,153,171,570.0,21,631.4999999999903,109.73236608505249,2
2126,graficon62nodi/grafo4431.62,30,62,80,153,171,496.0,19,545.999999999967,82.7741527557373,2
2127,graficon67nodi/grafo9481.67,30,67,90,151,174,722.0,31,662.5,239.41859030723572,2
2128,graficon78nodi/grafo9551.78,30,78,92,152,166,758.0,18,858.5,273.18011832237244,2
2129,graficon77nodi/grafo8561.77,30,77,97,154,174,694.0,24,595.0,254.97095489501953,2
2130,graficon75nodi/grafo4802.75,30,75,98,150,173,517.0,13,755.0000000000101,93.11887907981873,2
2131,graficon60nodi/grafo9419.60,30,60,83,153,176,563.0,29,776.0000000000005,100.00348687171936,2
2132,graficon70nodi/grafo8376.70,30,70,96,152,178,776.0,42,889.0,331.6641707420349,2
2133,graficon58nodi/grafo4228.58,30,58,81,151,174,818.0,43,770.5,356.5144429206848,2
2134,graficon85nodi/grafo9469.85,30,85,109,154,178,723.0,38,812.5,305.15780091285706,2
2135,graficon71nodi/grafo1476.71,30,71,95,154,178,719.0,34,921.5,285.9133412837982,2
2136,graficon79nodi/grafo5080.79,30,79,107,154,182,699.0,39,971.0,289.8309223651886,2
2137,graficon96nodi/grafo10855.96,30,96,113,151,168,782.0,25,907.0,337.4898178577423,2
2138,graficon75nodi/grafo8524.75,30,75,91,150,166,507.0,17,799.0000000000007,101.14830279350281,2
2139,graficon67nodi/grafo1235.67,30,67,88,153,174,521.0,24,841.1153846153547,102.6154055595398,2
2140,graficon87nodi/grafo8766.87,30,87,116,151,180,859.0,74,1476.4230769243798,604.5956518650055,9
2141,graficon43nodi/grafo7295.43,30,43,67,151,175,603.0,33,616.5151515151492,118.05405306816101,2
2142,graficon65nodi/grafo9665.65,30,65,86,152,173,373.0,7,541.0,24.17552924156189,2
2143,graficon82nodi/grafo6810.82,30,82,101,154,173,667.0,27,846.0,174.8051152229309,2
2144,graficon78nodi/grafo9397.78,30,78,96,154,172,675.0,12,645.5,221.28353762626648,2
2145,graficon56nodi/grafo7199.56,30,56,79,153,176,772.0,19,891.5,283.69363474845886,2
2146,graficon48nodi/grafo3373.48,30,48,74,152,178,790.0,33,632.0,286.12655329704285,2
2147,graficon58nodi/grafo5313.58,30,58,80,153,175,607.0,27,692.0,131.83472084999084,2
2148,graficon62nodi/grafo4857.62,30,62,76,151,165,551.0,12,405.9999999999998,87.28111267089844,2
2149,graficon60nodi/grafo8116.60,30,60,80,151,171,599.0,15,777.0,152.3137764930725,2
2150,graficon72nodi/grafo1370.72,30,72,89,150,167,401.0,16,410.50000000000006,27.422621726989746,2
2151,graficon66nodi/grafo4224.66,30,66,95,150,179,729.0,46,980.0,288.02045011520386,2
2152,graficon68nodi/grafo4474.68,30,68,99,154,185,996.0,79,1315.8333333333965,604.4660978317261,9
2153,graficon66nodi/grafo7817.66,30,66,94,150,178,638.0,69,671.0,185.43484258651733,2
2154,graficon63nodi/grafo9671.63,30,63,80,154,171,599.0,16,726.5000000000083,128.515118598938,2
2155,graficon81nodi/grafo5018.81,30,81,102,152,173,715.0,28,834.5,288.14718794822693,2
2156,graficon77nodi/grafo5678.77,30,77,101,150,174,934.0,51,1304.0000000000039,602.4144654273987,9
2157,graficon65nodi/grafo4776.65,30,65,95,151,181,859.0,71,855.0,394.9169297218323,2
2158,graficon55nodi/grafo4827.55,30,55,73,153,171,519.0,18,796.0000000000055,99.34243702888489,2
2159,graficon59nodi/grafo4252.59,30,59,83,152,176,637.0,18,571.0,165.42372345924377,2
2160,graficon57nodi/grafo6423.57,30,57,77,154,174,556.0,20,562.4999999999984,102.83410048484802,2
2161,graficon60nodi/grafo3138.60,30,60,85,154,179,694.0,39,477.0,160.29660964012146,2
2162,graficon71nodi/grafo8552.71,30,71,93,151,173,743.0,37,816.0,309.49227714538574,2
2163,graficon60nodi/grafo4183.60,30,60,77,150,167,514.0,13,488.2647058823469,82.25137329101562,2
2164,graficon62nodi/grafo7923.62,30,62,88,151,177,853.0,43,903.0,437.5169417858124,2
2165,graficon42nodi/grafo7629.42,30,42,65,153,176,774.0,16,442.0,223.5372018814087,2
2166,graficon75nodi/grafo8433.75,30,75,98,154,177,627.0,40,743.5,212.08756303787231,2
2167,graficon78nodi/grafo4948.78,30,78,103,154,179,633.0,34,573.0,137.21910333633423,2
2168,graficon76nodi/grafo2762.76,30,76,97,152,173,810.0,40,1309.5000000002926,601.5509915351868,9
2169,graficon74nodi/grafo4523.74,30,74,93,151,170,655.0,25,555.5,150.69826221466064,2
2170,graficon56nodi/grafo7695.56,30,56,79,154,177,627.0,34,721.0,162.19956398010254,2
2171,graficon69nodi/grafo8212.69,30,69,95,153,179,564.0,22,970.0,132.39565682411194,2
2172,graficon61nodi/grafo6584.61,30,61,84,154,177,650.0,39,697.5,221.25372409820557,2
2173,graficon40nodi/grafo5719.40,30,40,64,151,175,692.0,25,519.0,165.18147134780884,2
2174,graficon79nodi/grafo9247.79,30,79,99,151,171,720.0,36,1161.0,221.3958911895752,2
2175,graficon55nodi/grafo6784.55,30,55,72,151,168,583.0,19,694.5000000000022,103.93026423454285,2
2176,graficon62nodi/grafo9707.62,30,62,82,156,176,631.0,28,577.0000000000003,124.55980658531189,2
2177,graficon76nodi/grafo6078.76,30,76,97,155,176,873.0,54,1382.8809523809605,601.1906485557556,9
2178,graficon64nodi/grafo5072.64,30,64,86,158,180,694.0,35,564.0,143.2520570755005,2
2179,graficon77nodi/grafo4123.77,30,77,108,159,190,853.0,52,1047.0,499.76805329322815,2
2180,graficon76nodi/grafo6065.76,30,76,110,159,193,950.0,74,1310.000000000462,600.2159559726715,9
2181,graficon54nodi/grafo4217.54,30,54,75,158,179,740.0,30,601.0,230.41498923301697,2
2182,graficon63nodi/grafo4681.63,30,63,79,158,174,639.0,15,678.0,204.1570484638214,2
2183,graficon80nodi/grafo5558.80,30,80,108,156,184,931.0,49,1345.0000000000027,600.9926652908325,9
2184,graficon66nodi/grafo9507.66,30,66,96,155,185,860.0,54,613.0,396.77449131011963,2
2185,graficon58nodi/grafo3502.58,30,58,77,155,174,523.0,15,678.9999999999966,121.40879964828491,2
2186,graficon74nodi/grafo9113.74,30,74,94,158,178,554.0,23,686.1250000000084,119.30297350883484,2
2187,graficon76nodi/grafo8151.76,30,76,93,156,173,729.0,26,715.0,272.16348791122437,2
2188,graficon62nodi/grafo4215.62,30,62,85,155,178,687.0,39,1000.5,273.98810482025146,2
2189,graficon60nodi/grafo4116.60,30,60,88,158,186,851.0,53,943.5,397.72551822662354,2
2190,graficon61nodi/grafo9818.61,30,61,88,155,182,822.0,59,748.5,357.8357765674591,2
2191,graficon68nodi/grafo9123.68,30,68,103,157,192,730.0,67,1037.5,275.83388328552246,2
2192,graficon78nodi/grafo4360.78,30,78,101,159,182,772.0,35,903.5,335.5249125957489,2
2193,graficon87nodi/grafo7977.87,30,87,105,158,176,758.0,29,606.5,277.6553075313568,2
2194,graficon45nodi/grafo5161.45,30,45,73,155,183,847.0,40,903.0,335.52781319618225,2
2195,graficon74nodi/grafo4457.74,30,74,88,158,172,462.0,7,449.0000000000007,38.35050415992737,2
2196,graficon66nodi/grafo9387.66,30,66,84,156,174,555.0,16,680.0,129.57787322998047,2
2197,graficon78nodi/grafo5073.78,30,78,100,159,181,710.0,32,837.0,271.14084005355835,2
2198,graficon47nodi/grafo5358.47,30,47,75,158,186,855.0,46,766.0,428.6875088214874,2
2199,graficon62nodi/grafo9556.62,30,62,87,158,183,751.0,31,658.5,305.1585385799408,2
2200,graficon52nodi/grafo5105.52,30,52,81,156,185,681.0,28,758.5,227.37731862068176,2
2201,graficon47nodi/grafo5715.47,30,47,69,156,178,648.0,27,561.0,136.95172882080078,2
2202,graficon98nodi/grafo10553.98,30,98,117,156,175,860.0,28,655.5,406.29386281967163,2
2203,graficon59nodi/grafo4859.59,30,59,78,155,174,666.0,22,821.0,222.9424226284027,2
2204,graficon72nodi/grafo5664.72,30,72,95,158,181,838.0,35,915.5,517.2993338108063,2
2205,graficon63nodi/grafo4637.63,30,63,84,157,178,743.0,41,776.5,246.98212456703186,2
2206,graficon58nodi/grafo4706.58,30,58,83,155,180,812.0,44,780.0,332.6536102294922,2
2207,graficon63nodi/grafo9579.63,30,63,92,157,186,863.0,53,1344.5000000000239,601.7362959384918,9
2208,graficon73nodi/grafo5393.73,30,73,94,156,177,682.0,36,958.5,251.73625445365906,2
2209,graficon72nodi/grafo9552.72,30,72,98,159,185,1039.0,58,1075.5000000000202,602.5324928760529,9
2210,graficon86nodi/grafo8770.86,30,86,107,156,177,579.0,18,495.00000000000347,110.59270000457764,2
2211,graficon43nodi/grafo7031.43,30,43,63,155,175,607.0,23,780.5000000000095,115.3929877281189,2
2212,graficon56nodi/grafo7508.56,30,56,81,155,180,647.0,31,787.5,157.44735050201416,2
2213,graficon67nodi/grafo9610.67,30,67,94,157,184,760.0,49,973.0,416.0696518421173,2
2214,graficon74nodi/grafo9293.74,30,74,99,155,180,822.0,43,777.5,369.52868247032166,2
2215,graficon63nodi/grafo9675.63,30,63,89,157,183,741.0,36,680.5,250.67294669151306,2
2216,graficon83nodi/grafo8308.83,30,83,102,156,175,791.0,44,903.0,322.57147097587585,2
2217,graficon66nodi/grafo9679.66,30,66,95,157,186,812.0,50,866.0,309.30241680145264,2
2218,graficon81nodi/grafo4929.81,30,81,99,159,177,791.0,30,921.0,269.3191432952881,2
2219,graficon62nodi/grafo6206.62,30,62,95,159,192,876.0,55,1000.0,480.6586148738861,2
2220,graficon68nodi/grafo9036.68,30,68,95,155,182,796.0,54,815.0,393.9638764858246,2
2221,graficon88nodi/grafo8841.88,30,88,118,158,188,856.0,56,952.0,505.535964012146,2
2222,graficon64nodi/grafo9402.64,30,64,90,155,181,792.0,36,1019.0,399.57625794410706,2
2223,graficon71nodi/grafo9066.71,30,71,94,155,178,694.0,40,552.5,229.26726412773132,2
2224,graficon64nodi/grafo9420.64,30,64,85,155,176,598.0,23,761.5000000000018,126.51992344856262,2
2225,graficon67nodi/grafo4314.67,30,67,102,155,190,735.0,56,929.5,273.3747487068176,2
2226,graficon83nodi/grafo5246.83,30,83,115,157,189,1005.0,84,1235.00000000005,601.7831268310547,9
2227,graficon59nodi/grafo3286.59,30,59,83,157,181,714.0,33,754.0,270.5845613479614,2
2228,graficon68nodi/grafo9284.68,30,68,94,157,183,851.0,50,894.0,425.6838171482086,2
2229,graficon55nodi/grafo7207.55,30,55,77,159,181,579.0,23,718.5000000000377,95.04221153259277,2
2230,graficon72nodi/grafo6714.72,30,72,95,156,179,609.0,21,738.0,120.96817016601562,2
2231,graficon56nodi/grafo3292.56,30,56,84,157,185,857.0,39,747.0,366.1613578796387,2
2232,graficon68nodi/grafo8031.68,30,68,93,156,181,598.0,27,740.5,141.61639189720154,2
2233,graficon60nodi/grafo5862.60,30,60,87,157,184,920.0,52,969.0,570.4308323860168,2
2234,graficon61nodi/grafo4345.61,30,61,83,156,178,747.0,31,723.5,262.6204764842987,2
2235,graficon85nodi/grafo8690.85,30,85,107,155,177,636.0,32,708.0,202.44032096862793,2
2236,graficon58nodi/grafo4361.58,30,58,90,158,190,773.0,65,1079.0,268.15556597709656,2
2237,graficon69nodi/grafo9399.69,30,69,96,159,186,774.0,57,978.0,376.94595170021057,2
2238,graficon59nodi/grafo6914.59,30,59,86,159,186,643.0,33,578.0,137.8810749053955,2
2239,graficon53nodi/grafo3190.53,30,53,84,155,186,863.0,57,970.0,385.05656361579895,2
2240,graficon75nodi/grafo5434.75,30,75,93,159,177,687.0,24,704.5,213.50549268722534,2
2241,graficon51nodi/grafo3443.51,30,51,73,157,179,572.0,25,552.4090909090899,90.62521958351135,2
2242,graficon60nodi/grafo1619.60,30,60,75,159,174,463.0,9,422.5000000000001,31.14510464668274,2
2243,graficon70nodi/grafo9065.70,30,70,92,155,177,635.0,24,690.5,172.6458683013916,2
2244,graficon69nodi/grafo9330.69,30,69,92,157,180,707.0,23,786.5,203.8025257587433,2
2245,graficon93nodi/grafo11288.93,30,93,114,159,180,536.0,17,550.5000000000036,73.82338190078735,2
2246,graficon54nodi/grafo6225.54,30,54,82,159,187,937.0,49,541.0,437.3365960121155,2
2247,graficon53nodi/grafo5971.53,30,53,83,155,185,696.0,39,850.0,178.68301510810852,2
2248,graficon40nodi/grafo5972.40,30,40,64,158,182,785.0,36,458.5,193.31851029396057,2
2249,graficon70nodi/grafo4450.70,30,70,93,156,179,453.0,15,614.6595744681103,69.59022235870361,2
2250,graficon72nodi/grafo8140.72,30,72,97,157,182,736.0,37,972.5,349.9279873371124,2
2251,graficon51nodi/grafo4160.51,30,51,70,162,181,511.0,12,471.5000000000029,67.47057628631592,2
2252,graficon61nodi/grafo4251.61,30,61,90,160,189,748.0,45,729.0,273.9473674297333,2
2253,graficon83nodi/grafo4986.83,30,83,107,163,187,790.0,45,711.0,210.55979681015015,2
2254,graficon73nodi/grafo4298.73,30,73,91,162,180,624.0,22,543.0,120.26232767105103,2
2255,graficon81nodi/grafo7843.81,30,81,107,160,186,653.0,36,784.0,226.31478261947632,2
2256,graficon80nodi/grafo9795.80,30,80,117,162,199,1237.0,87,1841.5000000075888,601.543662071228,9
2257,graficon83nodi/grafo7069.83,30,83,106,162,185,693.0,37,714.0,205.6975429058075,2
2258,graficon68nodi/grafo7902.68,30,68,96,164,192,813.0,51,750.0,281.98652696609497,2
2259,graficon78nodi/grafo4323.78,30,78,100,164,186,752.0,29,1087.0,277.2613787651062,2
2260,graficon84nodi/grafo4402.84,30,84,103,160,179,490.0,22,693.0000000000014,87.22808241844177,2
2261,graficon67nodi/grafo7863.67,30,67,92,163,188,982.0,42,948.0,564.502108335495,2
2262,graficon76nodi/grafo5725.76,30,76,95,160,179,725.0,33,963.0,261.0066108703613,2
2263,graficon60nodi/grafo8735.60,30,60,86,161,187,754.0,45,716.0,171.55986189842224,2
2264,graficon65nodi/grafo1189.65,30,65,81,161,177,568.0,14,605.5000000000147,96.32339286804199,2
2265,graficon67nodi/grafo9149.67,30,67,92,160,185,772.0,48,861.0,271.3705701828003,2
2266,graficon69nodi/grafo5310.69,30,69,87,160,178,756.0,36,791.0,265.2712218761444,2
2267,graficon41nodi/grafo7228.41,30,41,67,164,190,795.0,28,553.0,247.3177034854889,2
2268,graficon62nodi/grafo6413.62,30,62,95,164,197,959.0,53,852.0,506.21527314186096,2
2269,graficon85nodi/grafo9603.85,30,85,110,163,188,783.0,58,969.0,371.2775492668152,2
2270,graficon54nodi/grafo6529.54,30,54,67,163,176,595.0,8,653.500000000001,117.34164237976074,2
2271,graficon77nodi/grafo8143.77,30,77,99,162,184,719.0,33,726.0,272.7904624938965,2
2272,graficon82nodi/grafo6849.82,30,82,104,164,186,717.0,38,1022.5,274.7091929912567,2
2273,graficon79nodi/grafo9323.79,30,79,95,163,179,597.0,18,760.4999999999973,148.96343874931335,2
2274,graficon83nodi/grafo9489.83,30,83,110,164,191,695.0,42,1188.0,274.1379246711731,2
2275,graficon65nodi/grafo9510.65,30,65,89,160,184,904.0,33,1594.0000000000587,600.2976472377777,9
2276,graficon56nodi/grafo4847.56,30,56,86,163,193,759.0,32,467.0,240.99106240272522,2
2277,graficon66nodi/grafo9501.66,30,66,105,163,202,1096.0,93,1449.5000000000027,603.0352551937103,9
2278,graficon68nodi/grafo9073.68,30,68,85,160,177,570.0,20,754.4999999999973,117.37926435470581,2
2279,graficon75nodi/grafo9147.75,30,75,106,160,191,849.0,66,1073.0,410.6171097755432,2
2280,graficon76nodi/grafo4614.76,30,76,101,163,188,742.0,38,806.5,310.61768651008606,2
2281,graficon70nodi/grafo9506.70,30,70,91,160,181,775.0,34,721.0,335.26398158073425,2
2282,graficon63nodi/grafo9442.63,30,63,81,164,182,578.0,23,502.7083333333334,105.58576130867004,2
2283,graficon80nodi/grafo7862.80,30,80,104,164,188,751.0,47,787.5,282.2017648220062,2
2284,graficon79nodi/grafo9381.79,30,79,104,161,186,655.0,48,891.0,248.44703006744385,2
2285,graficon42nodi/grafo4096.42,30,42,65,162,185,717.0,35,459.0,204.91391444206238,2
2286,graficon74nodi/grafo8232.74,30,74,98,163,187,707.0,29,944.0,250.3455526828766,2
2287,graficon62nodi/grafo8053.62,30,62,91,164,193,960.0,54,951.4999999999927,601.3731174468994,9
2288,graficon64nodi/grafo9437.64,30,64,82,161,179,565.0,10,565.5000000000009,100.87863302230835,2
2289,graficon64nodi/grafo9081.64,30,64,98,163,197,846.0,41,1046.0,443.3794803619385,2
2290,graficon62nodi/grafo4647.62,30,62,89,162,189,854.0,47,613.0,350.69990611076355,2
2291,graficon59nodi/grafo4939.59,30,59,71,163,175,548.0,5,393.000000000001,64.35566830635071,2
2292,graficon73nodi/grafo7483.73,30,73,92,161,180,730.0,25,669.0,209.05729842185974,2
2293,graficon53nodi/grafo3289.53,30,53,76,160,183,682.0,29,523.0,151.67539858818054,2
2294,graficon75nodi/grafo8639.75,30,75,108,163,196,975.0,81,1495.1666666667177,602.4284591674805,9
2295,graficon69nodi/grafo5962.69,30,69,88,164,183,828.0,28,827.0,300.85000586509705,2
2296,graficon61nodi/grafo4598.61,30,61,79,161,179,662.0,29,619.0,143.90291285514832,2
2297,graficon72nodi/grafo5108.72,30,72,88,163,179,746.0,17,551.0,212.15287709236145,2
2298,graficon76nodi/grafo8164.76,30,76,96,163,183,679.0,25,662.5,197.9495792388916,2
2299,graficon79nodi/grafo8550.79,30,79,100,164,185,982.0,36,1132.4999999999889,603.7067551612854,9
2300,graficon86nodi/grafo9614.86,30,86,112,160,186,821.0,83,948.0,326.5626873970032,2
2301,graficon81nodi/grafo4971.81,30,81,101,160,180,655.0,36,1289.5,304.1122512817383,2
2302,graficon68nodi/grafo6765.68,30,68,82,164,178,602.0,15,679.5,150.29818439483643,2
2303,graficon64nodi/grafo3557.64,30,64,85,163,184,576.0,20,688.0000000000058,100.59166288375854,2
2304,graficon72nodi/grafo7865.72,30,72,102,162,192,738.0,50,1090.0,287.21896505355835,2
2305,graficon71nodi/grafo1497.71,30,71,95,163,187,838.0,43,972.5,355.4308090209961,2
2306,graficon78nodi/grafo4432.78,30,78,105,164,191,668.0,28,874.5,189.57736015319824,2
2307,graficon72nodi/grafo8043.72,30,72,100,162,190,764.0,49,912.0,264.6924636363983,2
2308,graficon61nodi/grafo4892.61,30,61,79,161,179,714.0,14,577.9999999999995,103.65114831924438,2
2309,graficon69nodi/grafo7901.69,30,69,93,161,185,795.0,42,611.0,290.02493834495544,2
2310,graficon78nodi/grafo5647.78,30,78,96,161,179,680.0,26,668.0,183.8692991733551,2
2311,graficon66nodi/grafo4466.66,30,66,102,160,196,830.0,76,901.5,317.8472697734833,2
2312,graficon93nodi/grafo10425.93,30,93,122,163,192,802.0,69,893.5,321.71937704086304,2
2313,graficon76nodi/grafo7361.76,30,76,92,163,179,623.0,12,592.0,107.51176118850708,2
2314,graficon65nodi/grafo9411.65,30,65,95,162,192,948.0,67,842.5,410.3657958507538,2
2315,graficon68nodi/grafo4454.68,30,68,96,163,191,835.0,54,1218.0000000000077,601.0787637233734,9
2316,graficon61nodi/grafo5281.61,30,61,87,162,188,787.0,43,885.5,228.06828355789185,2
2317,graficon83nodi/grafo8062.83,30,83,107,164,188,797.0,43,607.0,246.70313167572021,2
2318,graficon62nodi/grafo5011.62,30,62,85,162,185,756.0,27,617.5,212.88291835784912,2
2319,graficon73nodi/grafo8621.73,30,73,103,160,190,769.0,42,715.0,265.57227659225464,2
2320,graficon59nodi/grafo6151.59,30,59,75,160,176,536.0,17,387.00000000000045,71.3712785243988,2
2321,graficon60nodi/grafo8869.60,30,60,79,164,183,679.0,16,536.0000000000011,127.26232814788818,2
2322,graficon69nodi/grafo9763.69,30,69,95,162,188,727.0,43,931.0,250.65412616729736,2
2323,graficon75nodi/grafo8459.75,30,75,93,161,179,611.0,21,589.0,183.23916506767273,2
2324,graficon63nodi/grafo4241.63,30,63,89,164,190,744.0,37,898.0,233.17497634887695,2
2325,graficon84nodi/grafo7949.84,30,84,109,160,185,950.0,47,971.0,443.3938274383545,2
2326,graficon75nodi/grafo6681.75,30,75,106,169,200,847.0,65,867.0,289.86483240127563,2
2327,graficon69nodi/grafo7177.69,30,69,88,167,186,627.0,29,813.0,130.22281742095947,2
2328,graficon77nodi/grafo4347.77,30,77,101,165,189,681.0,40,872.5,202.09256505966187,2
2329,graficon40nodi/grafo3171.40,30,40,56,169,185,666.0,10,485.0000000000025,106.34653115272522,2
2330,graficon73nodi/grafo8040.73,30,73,103,167,197,847.0,54,1156.3750000000302,600.953211069107,9
2331,graficon81nodi/grafo9254.81,30,81,105,169,193,721.0,35,905.0,243.3888738155365,2
2332,graficon68nodi/grafo1213.68,30,68,86,169,187,501.0,15,443.5000000000016,35.345667600631714,2
2333,graficon76nodi/grafo7058.76,30,76,96,165,185,754.0,37,523.5,232.38025546073914,2
2334,graficon67nodi/grafo7816.67,30,67,98,166,197,1082.0,40,1823.4444444444512,602.6365332603455,9
2335,graficon76nodi/grafo9277.76,30,76,102,167,193,921.0,56,826.0,475.63330841064453,2
2336,graficon93nodi/grafo10858.93,30,93,118,165,190,704.0,48,850.0,238.55771851539612,2
2337,graficon91nodi/grafo8668.91,30,91,115,167,191,624.0,28,946.4999999999991,141.32241797447205,2
2338,graficon72nodi/grafo9079.72,30,72,91,165,184,620.0,20,608.9999999999987,106.83595514297485,2
2339,graficon70nodi/grafo9474.70,30,70,90,165,185,582.0,18,531.5000000000082,82.85916233062744,2
2340,graficon59nodi/grafo4113.59,30,59,84,166,191,658.0,25,677.5,177.7167615890503,2
2341,graficon68nodi/grafo4337.68,30,68,95,169,196,883.0,45,946.0,322.643830537796,2
2342,graficon84nodi/grafo8087.84,30,84,114,166,196,810.0,72,1570.90000000004,601.0420334339142,9
2343,graficon74nodi/grafo8205.74,30,74,105,167,198,787.0,47,859.0,230.56701278686523,2
2344,graficon72nodi/grafo9828.72,30,72,95,165,188,623.0,26,847.0,134.96477961540222,2
2345,graficon81nodi/grafo4534.81,30,81,101,166,186,727.0,26,1128.0,208.50151348114014,2
2346,graficon62nodi/grafo6080.62,30,62,90,167,195,1074.0,62,1275.5000000003733,601.0700454711914,9
2347,graficon80nodi/grafo8089.80,30,80,107,167,194,776.0,44,1094.0,254.27349019050598,2
2348,graficon81nodi/grafo7782.81,30,81,102,166,187,755.0,32,965.0,268.4255385398865,2
2349,graficon69nodi/grafo5059.69,30,69,99,169,199,851.0,52,1006.5,527.6637465953827,2
2350,graficon77nodi/grafo8315.77,30,77,100,167,190,791.0,51,1167.5,464.5278537273407,2
2351,graficon63nodi/grafo9221.63,30,63,100,165,202,1081.0,84,997.512820512887,606.3831901550293,9
2352,graficon69nodi/grafo8227.69,30,69,107,169,207,1209.0,160,1687.0000000000102,602.38787150383,9
2353,graficon45nodi/grafo7558.45,30,45,74,166,195,783.0,38,595.5,178.941992521286,2
2354,graficon83nodi/grafo8160.83,30,83,118,166,201,1189.0,121,1814.5625000000052,601.6197307109833,9
2355,graficon89nodi/grafo8670.89,30,89,109,166,186,420.0,16,666.0000000000266,43.50166583061218,2
2356,graficon71nodi/grafo5097.71,30,71,104,167,200,899.0,69,869.0,417.3866403102875,2
2357,graficon51nodi/grafo3790.51,30,51,74,169,192,660.0,24,821.2272727272746,133.38692831993103,2
2358,graficon80nodi/grafo8716.80,30,80,101,165,186,960.0,38,1385.500000000138,601.1344790458679,9
2359,graficon66nodi/grafo9536.66,30,66,93,167,194,573.0,26,815.9999999999997,87.38272547721863,2
2360,graficon53nodi/grafo3297.53,30,53,74,166,187,717.0,25,747.5,174.05260968208313,2
2361,graficon57nodi/grafo3477.57,30,57,88,167,198,838.0,56,645.0,319.77461433410645,2
2362,graficon75nodi/grafo8493.75,30,75,94,168,187,652.0,24,692.0000000000009,116.98149728775024,2
2363,graficon78nodi/grafo6434.78,30,78,97,166,185,613.0,17,654.5,117.40366005897522,2
2364,graficon88nodi/grafo8914.88,30,88,107,167,186,700.0,24,935.5,172.62029838562012,2
2365,graficon40nodi/grafo7680.40,30,40,55,166,181,656.0,12,480.49999999999795,79.3312087059021,2
2366,graficon82nodi/grafo9137.82,30,82,106,169,193,775.0,39,1013.0,288.61685848236084,2
2367,graficon77nodi/grafo8165.77,30,77,109,169,201,1152.0,74,1212.0000000001721,602.8113386631012,9
2368,graficon64nodi/grafo4480.64,30,64,88,168,192,784.0,34,804.5,257.78730273246765,2
2369,graficon84nodi/grafo6815.84,30,84,108,166,190,904.0,55,946.0,511.37570667266846,2
2370,graficon76nodi/grafo9718.76,30,76,93,167,184,632.0,13,694.6000000000133,96.97349572181702,2
2371,graficon56nodi/grafo4831.56,30,56,86,165,195,839.0,50,744.5,289.27697682380676,2
2372,graficon75nodi/grafo9735.75,30,75,100,169,194,641.0,28,762.0,136.4947681427002,2
2373,graficon72nodi/grafo9084.72,30,72,92,169,189,592.0,18,761.99999999998,114.54721760749817,2
2374,graficon81nodi/grafo9731.81,30,81,109,165,193,736.0,27,722.0,189.76306104660034,2
2375,graficon67nodi/grafo9086.67,30,67,96,166,195,794.0,41,821.0,291.62119817733765,2
2376,graficon78nodi/grafo8258.78,30,78,105,165,192,712.0,57,1001.5,231.2666051387787,2
2377,graficon79nodi/grafo4961.79,30,79,100,169,190,608.0,23,710.7965116278976,106.1778552532196,2
2378,graficon91nodi/grafo8154.91,30,91,109,169,187,829.0,24,1004.0,399.14285159111023,2
2379,graficon78nodi/grafo8413.78,30,78,98,167,187,757.0,27,672.5,218.9544882774353,2
2380,graficon83nodi/grafo6806.83,30,83,109,168,194,822.0,57,1125.0,438.4445288181305,2
2381,graficon64nodi/grafo4478.64,30,64,83,168,187,511.0,16,642.500000000016,71.993319272995,2
2382,graficon76nodi/grafo5841.76,30,76,100,166,190,720.0,40,789.5,226.30942296981812,2
2383,graficon70nodi/grafo8356.70,30,70,103,166,199,999.0,77,1453.000000000015,602.5143172740936,9
2384,graficon87nodi/grafo8487.87,30,87,112,166,191,888.0,44,729.5,383.0154781341553,2
2385,graficon78nodi/grafo4926.78,30,78,103,166,191,769.0,47,1005.5,301.28105425834656,2
2386,graficon81nodi/grafo8271.81,30,81,113,166,198,840.0,60,776.0,319.6512699127197,2
2387,graficon77nodi/grafo6502.77,30,77,95,165,183,623.0,20,920.5,134.249089717865,2
2388,graficon78nodi/grafo6090.78,30,78,94,167,183,711.0,11,705.0,226.04924774169922,2
2389,graficon76nodi/grafo8456.76,30,76,102,168,194,856.0,51,847.0,350.25918841362,2
2390,graficon89nodi/grafo8595.89,30,89,112,167,190,847.0,40,912.0,348.1994092464447,2
2391,graficon83nodi/grafo6468.83,30,83,110,165,192,757.0,55,921.0,257.4240937232971,2
2392,graficon92nodi/grafo8825.92,30,92,124,168,200,992.0,78,1445.6666666666717,600.3406751155853,9
2393,graficon73nodi/grafo8069.73,30,73,94,165,186,555.0,27,950.5,136.99260830879211,2
2394,graficon92nodi/grafo9471.92,30,92,122,168,198,800.0,61,975.0,298.0637745857239,2
2395,graficon62nodi/grafo5754.62,30,62,89,168,195,929.0,37,734.0,408.2470293045044,2
2396,graficon82nodi/grafo8423.82,30,82,109,167,194,886.0,45,983.5,390.60916090011597,2
2397,graficon96nodi/grafo11391.96,30,96,126,167,197,1046.0,84,1237.5000000000057,604.4740455150604,9
2398,graficon91nodi/grafo8787.91,30,91,119,169,197,1000.0,58,1042.0,580.7046115398407,2
2399,graficon77nodi/grafo8064.77,30,77,107,166,196,787.0,66,1410.0,327.4822895526886,2
2400,graficon86nodi/grafo8693.86,30,86,109,166,189,827.0,30,747.0,290.00417280197144,2
