Index,Data,combo_idx,Nodes,Edges,TotalNodes,TotalEdges,ObjVal,Crossings,EdgeLength,Runtime,Status
1,graficon13nodi/grafo2567.13,31,13,13,13,13,4.0,0,4.0,0.008713960647583008,2
2,graficon11nodi/grafo685.11,31,11,11,13,13,5.0,0,5.0,0.019199609756469727,2
3,graficon10nodi/grafo2511.10,31,10,10,12,12,6.0,0,6.0,0.018924474716186523,2
4,graficon12nodi/grafo957.12,31,12,11,13,12,5.0,0,5.0,0.018976211547851562,2
5,graficon14nodi/grafo769.14,31,14,13,14,13,4.0,0,4.0,0.019014835357666016,2
6,graficon10nodi/grafo1070.10,31,10,10,12,12,4.0,0,4.0,0.0196230411529541,2
7,graficon10nodi/grafo473.10,31,10,10,12,12,4.0,0,4.0,0.019953489303588867,2
8,graficon14nodi/grafo371.14,31,14,13,14,13,6.0,0,6.0,0.019990921020507812,2
9,graficon12nodi/grafo906.12,31,12,11,12,11,3.0,0,3.0,0.006601572036743164,2
10,graficon11nodi/grafo927.11,31,11,10,11,10,3.0,0,3.0,0.006774187088012695,2
11,graficon10nodi/grafo758.10,31,10,10,12,12,4.0,0,4.0,0.018990516662597656,2
12,graficon12nodi/grafo122.12,31,12,11,12,11,3.0,0,3.0,0.0068895816802978516,2
13,graficon12nodi/grafo1843.12,31,12,15,14,17,12.0,2,12.0,0.019171476364135742,2
14,graficon10nodi/grafo898.10,31,10,9,10,9,2.0,0,2.0,0.0064144134521484375,2
15,graficon11nodi/grafo2433.11,31,11,11,13,13,3.0,0,3.0,0.018845081329345703,2
16,graficon11nodi/grafo749.11,31,11,10,13,12,5.0,0,5.0,0.007086992263793945,2
17,graficon10nodi/grafo961.10,31,10,10,12,12,4.0,0,4.0,0.006971836090087891,2
18,graficon10nodi/grafo1857.10,31,10,12,12,14,7.0,0,7.0,0.01881551742553711,2
19,graficon11nodi/grafo1004.11,31,11,12,12,13,6.0,0,6.0,0.019484758377075195,2
20,graficon11nodi/grafo675.11,31,11,11,13,13,4.0,0,4.0,0.007017850875854492,2
21,graficon10nodi/grafo633.10,31,10,9,10,9,2.0,0,2.0,0.006732463836669922,2
22,graficon13nodi/grafo2908.13,31,13,12,13,12,3.0,0,3.0,0.006823539733886719,2
23,graficon11nodi/grafo441.11,31,11,11,13,13,6.0,0,6.0,0.01895451545715332,2
24,graficon11nodi/grafo2812.11,31,11,11,13,13,3.0,0,3.0,0.007065534591674805,2
25,graficon10nodi/grafo881.10,31,10,9,10,9,1.0,0,1.0,0.006311893463134766,2
26,graficon10nodi/grafo455.10,31,10,10,13,13,4.0,0,4.0,0.007317066192626953,2
27,graficon12nodi/grafo933.12,31,12,11,12,11,3.0,0,3.0,0.006503105163574219,2
28,graficon12nodi/grafo256.12,31,12,11,12,11,2.0,0,2.0,0.00645756721496582,2
29,graficon10nodi/grafo1098.10,31,10,9,10,9,2.0,0,2.0,0.0062906742095947266,2
30,graficon11nodi/grafo246.11,31,11,10,11,10,2.0,0,2.0,0.007385730743408203,2
31,graficon12nodi/grafo2668.12,31,12,13,14,15,5.0,1,5.0,0.007375955581665039,2
32,graficon12nodi/grafo667.12,31,12,12,13,13,6.0,0,6.0,0.00720667839050293,2
33,graficon12nodi/grafo986.12,31,12,11,12,11,3.0,0,3.0,0.006714820861816406,2
34,graficon10nodi/grafo782.10,31,10,9,10,9,2.0,0,2.0,0.0068700313568115234,2
35,graficon12nodi/grafo756.12,31,12,11,12,11,3.0,0,3.0,0.006846904754638672,2
36,graficon11nodi/grafo1629.11,31,11,11,14,14,7.0,0,7.0,0.00747370719909668,2
37,graficon12nodi/grafo888.12,31,12,13,14,15,12.0,0,12.0,0.00844883918762207,2
38,graficon11nodi/grafo1162.11,31,11,11,12,12,4.0,0,4.0,0.007505655288696289,2
39,graficon11nodi/grafo3101.11,31,11,11,13,13,3.0,0,3.0,0.00728297233581543,2
40,graficon10nodi/grafo910.10,31,10,9,10,9,2.0,0,2.0,0.006637096405029297,2
41,graficon13nodi/grafo514.13,31,13,12,13,12,4.0,0,4.0,0.007441997528076172,2
42,graficon10nodi/grafo718.10,31,10,10,12,12,4.0,0,4.0,0.019113779067993164,2
43,graficon10nodi/grafo1123.10,31,10,10,12,12,4.0,0,4.0,0.007032155990600586,2
44,graficon10nodi/grafo474.10,31,10,10,12,12,4.0,0,4.0,0.018792390823364258,2
45,graficon14nodi/grafo272.14,31,14,13,14,13,4.0,0,4.0,0.007372617721557617,2
46,graficon11nodi/grafo1084.11,31,11,10,11,10,1.0,0,1.0,0.007027149200439453,2
47,graficon11nodi/grafo2971.11,31,11,11,13,13,3.0,0,3.0,0.0189058780670166,2
48,graficon11nodi/grafo313.11,31,11,10,13,12,6.0,0,6.0,0.019552946090698242,2
49,graficon11nodi/grafo532.11,31,11,11,13,13,5.0,0,5.0,0.007164716720581055,2
50,graficon11nodi/grafo857.11,31,11,11,12,12,5.0,0,5.0,0.019122838973999023,2
51,graficon10nodi/grafo978.10,31,10,10,12,12,4.0,0,4.0,0.008561134338378906,2
52,graficon13nodi/grafo1067.13,31,13,13,13,13,5.0,0,5.0,0.019036054611206055,2
53,graficon12nodi/grafo2949.12,31,12,11,12,11,3.0,0,3.0,0.006909608840942383,2
54,graficon10nodi/grafo962.10,31,10,10,12,12,4.0,0,4.0,0.0189211368560791,2
55,graficon10nodi/grafo460.10,31,10,9,10,9,2.0,0,2.0,0.006727457046508789,2
56,graficon11nodi/grafo3073.11,31,11,11,13,13,3.0,0,3.0,0.007298946380615234,2
57,graficon11nodi/grafo316.11,31,11,13,14,16,9.0,0,9.0,0.019427061080932617,2
58,graficon13nodi/grafo2415.13,31,13,13,14,14,4.0,0,4.0,0.0073108673095703125,2
59,graficon12nodi/grafo861.12,31,12,12,14,14,10.0,0,10.0,0.0198056697845459,2
60,graficon11nodi/grafo612.11,31,11,11,13,13,4.0,0,4.0,0.01953721046447754,2
61,graficon10nodi/grafo513.10,31,10,10,12,12,4.0,0,4.0,0.007149696350097656,2
62,graficon12nodi/grafo352.12,31,12,12,14,14,4.0,1,4.0,0.019301652908325195,2
63,graficon11nodi/grafo3113.11,31,11,11,13,13,3.0,0,3.0,0.01924276351928711,2
64,graficon12nodi/grafo2651.12,31,12,13,12,13,7.0,2,7.0,0.007337808609008789,2
65,graficon13nodi/grafo2595.13,31,13,12,13,12,5.0,0,5.0,0.01927924156188965,2
66,graficon14nodi/grafo345.14,31,14,13,14,13,4.0,0,4.0,0.0196073055267334,2
67,graficon10nodi/grafo209.10,31,10,10,12,12,4.0,0,4.0,0.007079124450683594,2
68,graficon11nodi/grafo1005.11,31,11,11,12,12,6.0,0,6.0,0.019522905349731445,2
69,graficon10nodi/grafo1032.10,31,10,9,10,9,2.0,0,2.0,0.006761312484741211,2
70,graficon10nodi/grafo210.10,31,10,10,12,12,4.0,0,4.0,0.01904916763305664,2
71,graficon11nodi/grafo759.11,31,11,12,12,13,6.0,1,6.0,0.019192934036254883,2
72,graficon10nodi/grafo265.10,31,10,12,12,14,9.0,1,9.0,0.019321918487548828,2
73,graficon12nodi/grafo2439.12,31,12,12,13,13,7.0,0,7.0,0.019628047943115234,2
74,graficon11nodi/grafo748.11,31,11,11,13,13,5.0,0,5.0,0.01947927474975586,2
75,graficon11nodi/grafo2714.11,31,11,11,13,13,3.0,0,3.0,0.019294261932373047,2
76,graficon15nodi/grafo886.15,31,15,15,18,18,7.0,0,7.0,0.020026206970214844,2
77,graficon12nodi/grafo2359.12,31,12,17,16,21,26.0,3,26.0,0.020262479782104492,2
78,graficon17nodi/grafo565.17,31,17,17,19,19,5.0,0,5.0,0.019389629364013672,2
79,graficon14nodi/grafo642.14,31,14,15,16,17,10.0,1,10.0,0.009021520614624023,2
80,graficon15nodi/grafo2783.15,31,15,17,19,21,14.0,1,14.0,0.009045124053955078,2
81,graficon12nodi/grafo2707.12,31,12,14,16,18,8.0,1,8.0,0.019435644149780273,2
82,graficon16nodi/grafo2861.16,31,16,15,18,17,13.0,1,13.0,0.020382165908813477,2
83,graficon16nodi/grafo853.16,31,16,16,16,16,6.0,0,6.0,0.01934671401977539,2
84,graficon17nodi/grafo1122.17,31,17,17,19,19,5.0,0,5.0,0.019533634185791016,2
85,graficon11nodi/grafo2384.11,31,11,12,15,16,6.0,0,6.0,0.01886272430419922,2
86,graficon15nodi/grafo1618.15,31,15,16,19,20,12.0,0,12.0,0.020265579223632812,2
87,graficon13nodi/grafo325.13,31,13,14,15,16,7.0,1,7.0,0.020623207092285156,2
88,graficon17nodi/grafo1161.17,31,17,18,19,20,13.0,0,13.0,0.02028965950012207,2
89,graficon13nodi/grafo510.13,31,13,16,18,21,17.0,1,17.0,0.022069454193115234,2
90,graficon14nodi/grafo367.14,31,14,14,15,15,5.0,0,5.0,0.01969170570373535,2
91,graficon13nodi/grafo477.13,31,13,13,15,15,4.0,0,4.0,0.019155025482177734,2
92,graficon13nodi/grafo951.13,31,13,17,19,23,26.0,0,26.0,0.014116764068603516,2
93,graficon11nodi/grafo1734.11,31,11,14,17,20,13.0,1,13.0,0.02023768424987793,2
94,graficon15nodi/grafo2797.15,31,15,17,15,17,10.0,1,10.0,0.00845646858215332,2
95,graficon12nodi/grafo2335.12,31,12,14,19,21,9.0,0,9.0,0.019744157791137695,2
96,graficon10nodi/grafo1740.10,31,10,13,17,20,17.0,1,17.0,0.02021169662475586,2
97,graficon13nodi/grafo1853.13,31,13,15,17,19,17.0,3,17.0,0.02027750015258789,2
98,graficon16nodi/grafo2142.16,31,16,16,17,17,8.0,0,8.0,0.019308805465698242,2
99,graficon14nodi/grafo956.14,31,14,15,15,16,9.0,1,9.0,0.01939535140991211,2
100,graficon15nodi/grafo585.15,31,15,16,19,20,12.0,0,12.0,0.008981943130493164,2
101,graficon14nodi/grafo2291.14,31,14,14,16,16,12.0,1,12.0,0.00805807113647461,2
102,graficon14nodi/grafo1658.14,31,14,15,19,20,9.0,0,9.0,0.019579648971557617,2
103,graficon13nodi/grafo559.13,31,13,15,19,21,10.0,0,10.0,0.01966261863708496,2
104,graficon15nodi/grafo2377.15,31,15,15,16,16,6.0,0,6.0,0.007586479187011719,2
105,graficon14nodi/grafo2189.14,31,14,16,17,19,13.0,1,13.0,0.0203244686126709,2
106,graficon16nodi/grafo322.16,31,16,15,17,16,6.0,0,6.0,0.007642269134521484,2
107,graficon14nodi/grafo2460.14,31,14,14,15,15,5.0,0,5.0,0.008052825927734375,2
108,graficon16nodi/grafo1177.16,31,16,15,17,16,6.0,0,6.0,0.019838571548461914,2
109,graficon13nodi/grafo203.13,31,13,14,15,16,8.0,1,8.0,0.007534980773925781,2
110,graficon13nodi/grafo387.13,31,13,15,19,21,12.0,1,12.0,0.01970696449279785,2
111,graficon15nodi/grafo1107.15,31,15,19,19,23,19.0,0,19.0,0.01988053321838379,2
112,graficon12nodi/grafo576.12,31,12,14,17,19,7.0,0,7.0,0.007360219955444336,2
113,graficon12nodi/grafo542.12,31,12,14,17,19,9.0,0,9.0,0.019934892654418945,2
114,graficon10nodi/grafo1898.10,31,10,15,16,21,20.0,1,20.0,0.009052038192749023,2
115,graficon12nodi/grafo543.12,31,12,12,15,15,5.0,1,5.0,0.007490396499633789,2
116,graficon14nodi/grafo843.14,31,14,14,15,15,14.0,0,14.0,0.019913196563720703,2
117,graficon14nodi/grafo1620.14,31,14,15,17,18,7.0,0,7.0,0.007669687271118164,2
118,graficon14nodi/grafo255.14,31,14,16,16,18,16.0,2,16.0,0.020302295684814453,2
119,graficon14nodi/grafo899.14,31,14,15,15,16,14.0,1,14.0,0.019528865814208984,2
120,graficon17nodi/grafo422.17,31,17,17,18,18,10.0,0,10.0,0.019794464111328125,2
121,graficon13nodi/grafo440.13,31,13,14,18,19,9.0,0,9.0,0.019537687301635742,2
122,graficon11nodi/grafo280.11,31,11,12,15,16,11.0,0,11.0,0.019807100296020508,2
123,graficon15nodi/grafo2331.15,31,15,17,17,19,10.0,0,10.0,0.019556760787963867,2
124,graficon11nodi/grafo1006.11,31,11,12,15,16,7.0,0,7.0,0.019120454788208008,2
125,graficon13nodi/grafo2218.13,31,13,13,16,16,6.0,1,6.0,0.0073757171630859375,2
126,graficon14nodi/grafo3087.14,31,14,14,16,16,12.0,0,12.0,0.0197145938873291,2
127,graficon16nodi/grafo1069.16,31,16,15,17,16,7.0,0,7.0,0.019093990325927734,2
128,graficon14nodi/grafo524.14,31,14,15,15,16,7.0,0,7.0,0.019140005111694336,2
129,graficon11nodi/grafo1913.11,31,11,14,15,18,10.0,0,10.0,0.007678031921386719,2
130,graficon14nodi/grafo2919.14,31,14,15,17,18,8.0,0,8.0,0.020555734634399414,2
131,graficon16nodi/grafo418.16,31,16,18,19,21,15.0,0,15.0,0.020281553268432617,2
132,graficon13nodi/grafo1935.13,31,13,18,17,22,16.0,1,16.0,0.019772768020629883,2
133,graficon17nodi/grafo774.17,31,17,18,19,20,18.0,2,18.0,0.02019047737121582,2
134,graficon16nodi/grafo1029.16,31,16,16,18,18,5.0,0,5.0,0.007143259048461914,2
135,graficon12nodi/grafo2663.12,31,12,13,15,16,7.0,0,7.0,0.00737452507019043,2
136,graficon14nodi/grafo2634.14,31,14,13,15,14,8.0,0,8.0,0.019242286682128906,2
137,graficon12nodi/grafo2380.12,31,12,12,16,16,9.0,0,9.0,0.019774436950683594,2
138,graficon17nodi/grafo2146.17,31,17,17,19,19,9.0,0,9.0,0.019703149795532227,2
139,graficon14nodi/grafo2900.14,31,14,14,18,18,7.0,0,7.0,0.01975870132446289,2
140,graficon13nodi/grafo430.13,31,13,14,16,17,6.0,0,6.0,0.01924920082092285,2
141,graficon10nodi/grafo938.10,31,10,14,19,23,29.0,3,29.0,0.008834600448608398,2
142,graficon14nodi/grafo1063.14,31,14,15,18,19,9.0,0,9.0,0.02016735076904297,2
143,graficon11nodi/grafo2964.11,31,11,12,19,20,7.0,0,7.0,0.01973557472229004,2
144,graficon13nodi/grafo989.13,31,13,14,18,19,7.0,0,7.0,0.01968097686767578,2
145,graficon11nodi/grafo822.11,31,11,13,18,20,7.0,1,7.0,0.019759416580200195,2
146,graficon10nodi/grafo1774.10,31,10,15,16,21,20.0,1,20.0,0.020433425903320312,2
147,graficon11nodi/grafo900.11,31,11,13,18,20,7.0,0,7.0,0.01994156837463379,2
148,graficon13nodi/grafo2927.13,31,13,14,19,20,14.0,1,14.0,0.02118229866027832,2
149,graficon13nodi/grafo2354.13,31,13,16,19,22,19.0,1,19.0,0.020131826400756836,2
150,graficon13nodi/grafo791.13,31,13,15,19,21,11.0,1,11.0,0.019570589065551758,2
151,graficon16nodi/grafo1945.16,31,16,17,23,24,20.0,2,20.0,0.009402990341186523,2
152,graficon17nodi/grafo2644.17,31,17,19,23,25,11.0,0,11.0,0.02030158042907715,2
153,graficon17nodi/grafo2882.17,31,17,18,24,25,12.0,0,12.0,0.009126901626586914,2
154,graficon19nodi/grafo794.19,31,19,21,22,24,15.0,1,15.0,0.020146608352661133,2
155,graficon14nodi/grafo489.14,31,14,15,22,23,11.0,1,11.0,0.021124839782714844,2
156,graficon18nodi/grafo1865.18,31,18,20,23,25,20.0,0,20.0,0.009371519088745117,2
157,graficon15nodi/grafo1970.15,31,15,17,22,24,11.0,0,11.0,0.01980876922607422,2
158,graficon14nodi/grafo2419.14,31,14,17,24,27,15.0,1,15.0,0.009122371673583984,2
159,graficon12nodi/grafo2855.12,31,12,17,24,29,17.0,1,17.0,0.00923919677734375,2
160,graficon13nodi/grafo1729.13,31,13,19,22,28,37.0,5,37.0,0.009255409240722656,2
161,graficon13nodi/grafo2832.13,31,13,14,23,24,10.0,0,10.0,0.02062535285949707,2
162,graficon18nodi/grafo1893.18,31,18,18,21,21,10.0,0,10.0,0.02042555809020996,2
163,graficon18nodi/grafo1059.18,31,18,18,22,22,7.0,0,7.0,0.008159637451171875,2
164,graficon12nodi/grafo2890.12,31,12,14,20,22,13.0,0,13.0,0.02030348777770996,2
165,graficon16nodi/grafo2231.16,31,16,20,22,26,22.0,1,22.0,0.02027106285095215,2
166,graficon20nodi/grafo2767.20,31,20,22,24,26,19.0,1,19.0,0.009537458419799805,2
167,graficon20nodi/grafo3051.20,31,20,23,24,27,12.0,0,12.0,0.020803451538085938,2
168,graficon12nodi/grafo638.12,31,12,17,22,27,18.0,0,18.0,0.020257949829101562,2
169,graficon15nodi/grafo2233.15,31,15,20,23,28,27.0,0,27.0,0.009066343307495117,2
170,graficon16nodi/grafo275.16,31,16,18,24,26,13.0,1,13.0,0.020737886428833008,2
171,graficon22nodi/grafo2137.22,31,22,21,24,23,9.0,0,9.0,0.02083420753479004,2
172,graficon18nodi/grafo314.18,31,18,18,22,22,7.0,0,7.0,0.020798683166503906,2
173,graficon15nodi/grafo2225.15,31,15,18,23,26,11.0,0,11.0,0.00896000862121582,2
174,graficon11nodi/grafo1876.11,31,11,19,24,32,28.0,6,28.0,0.020161867141723633,2
175,graficon13nodi/grafo891.13,31,13,13,20,20,7.0,0,7.0,0.019785404205322266,2
176,graficon12nodi/grafo2675.12,31,12,14,20,22,13.0,0,13.0,0.020045757293701172,2
177,graficon11nodi/grafo1835.11,31,11,15,21,25,16.0,0,16.0,0.009192943572998047,2
178,graficon23nodi/grafo2357.23,31,23,22,24,23,14.0,0,14.0,0.009384632110595703,2
179,graficon15nodi/grafo1982.15,31,15,17,24,26,15.0,1,15.0,0.009258031845092773,2
180,graficon14nodi/grafo378.14,31,14,17,22,25,20.0,0,20.0,0.00913238525390625,2
181,graficon17nodi/grafo2324.17,31,17,21,23,27,14.0,2,14.0,0.009338617324829102,2
182,graficon13nodi/grafo964.13,31,13,16,23,26,16.0,0,16.0,0.009337186813354492,2
183,graficon19nodi/grafo423.19,31,19,21,23,25,16.0,0,16.0,0.005622386932373047,2
184,graficon13nodi/grafo2204.13,31,13,13,20,20,8.0,0,8.0,0.020250797271728516,2
185,graficon13nodi/grafo443.13,31,13,15,20,22,11.0,2,11.0,0.020304203033447266,2
186,graficon20nodi/grafo215.20,31,20,22,24,26,18.0,1,18.0,0.009303808212280273,2
187,graficon14nodi/grafo1662.14,31,14,20,24,30,23.0,2,23.0,0.009550809860229492,2
188,graficon20nodi/grafo495.20,31,20,20,24,24,10.0,0,10.0,0.020081758499145508,2
189,graficon16nodi/grafo2281.16,31,16,21,24,29,24.0,1,24.0,0.00961756706237793,2
190,graficon11nodi/grafo1054.11,31,11,15,23,27,22.0,0,22.0,0.016441822052001953,2
191,graficon16nodi/grafo661.16,31,16,17,21,22,10.0,1,10.0,0.020304441452026367,2
192,graficon12nodi/grafo844.12,31,12,18,20,26,26.0,2,26.0,0.009587764739990234,2
193,graficon19nodi/grafo1661.19,31,19,21,21,23,13.0,2,13.0,0.009045839309692383,2
194,graficon18nodi/grafo2186.18,31,18,23,23,28,16.0,3,16.0,0.009267807006835938,2
195,graficon12nodi/grafo2867.12,31,12,16,22,26,20.0,0,20.0,0.009926795959472656,2
196,graficon15nodi/grafo1136.15,31,15,17,24,26,13.0,0,13.0,0.009302616119384766,2
197,graficon20nodi/grafo1651.20,31,20,21,23,24,24.0,1,24.0,0.020775318145751953,2
198,graficon15nodi/grafo2157.15,31,15,15,20,20,9.0,0,9.0,0.01983475685119629,2
199,graficon17nodi/grafo1634.17,31,17,18,20,21,17.0,1,17.0,0.00897359848022461,2
200,graficon16nodi/grafo2440.16,31,16,20,22,26,19.0,4,19.0,0.009317636489868164,2
201,graficon18nodi/grafo953.18,31,18,18,22,22,7.0,0,7.0,0.01969003677368164,2
202,graficon23nodi/grafo1485.23,31,23,22,23,22,11.0,0,11.0,0.00907135009765625,2
203,graficon13nodi/grafo2620.13,31,13,16,20,23,15.0,0,15.0,0.020810604095458984,2
204,graficon17nodi/grafo2680.17,31,17,22,22,27,22.0,2,22.0,0.020272254943847656,2
205,graficon20nodi/grafo1649.20,31,20,22,24,26,25.0,2,25.0,0.020705461502075195,2
206,graficon19nodi/grafo1897.19,31,19,20,24,25,21.0,0,21.0,0.009411096572875977,2
207,graficon13nodi/grafo2645.13,31,13,17,23,27,20.0,0,20.0,0.009257078170776367,2
208,graficon18nodi/grafo2480.18,31,18,21,22,25,17.0,0,17.0,0.009161710739135742,2
209,graficon13nodi/grafo2298.13,31,13,14,21,22,9.0,0,9.0,0.009158611297607422,2
210,graficon15nodi/grafo739.15,31,15,18,23,26,19.0,0,19.0,0.00939631462097168,2
211,graficon17nodi/grafo2679.17,31,17,19,21,23,15.0,1,15.0,0.009253740310668945,2
212,graficon14nodi/grafo2430.14,31,14,15,21,22,10.0,0,10.0,0.02004528045654297,2
213,graficon15nodi/grafo582.15,31,15,16,22,23,10.0,0,10.0,0.009684085845947266,2
214,graficon11nodi/grafo1619.11,31,11,15,21,25,19.0,3,19.0,0.009357213973999023,2
215,graficon15nodi/grafo1124.15,31,15,16,23,24,9.0,0,9.0,0.009267568588256836,2
216,graficon12nodi/grafo1763.12,31,12,21,22,31,41.0,2,41.0,0.020771026611328125,2
217,graficon17nodi/grafo1094.17,31,17,19,21,23,11.0,0,11.0,0.02015209197998047,2
218,graficon15nodi/grafo2903.15,31,15,16,20,21,11.0,1,11.0,0.020261764526367188,2
219,graficon11nodi/grafo1088.11,31,11,17,22,28,27.0,0,27.0,0.020283937454223633,2
220,graficon17nodi/grafo645.17,31,17,19,21,23,16.0,0,16.0,0.00937795639038086,2
221,graficon16nodi/grafo2537.16,31,16,19,21,24,12.0,0,12.0,0.020161151885986328,2
222,graficon15nodi/grafo1030.15,31,15,16,23,24,9.0,0,9.0,0.009263038635253906,2
223,graficon14nodi/grafo242.14,31,14,16,21,23,11.0,0,11.0,0.00907588005065918,2
224,graficon17nodi/grafo1009.17,31,17,17,24,24,7.0,0,7.0,0.020108461380004883,2
225,graficon13nodi/grafo3112.13,31,13,14,20,21,10.0,0,10.0,0.008939504623413086,2
226,graficon16nodi/grafo1731.16,31,16,19,25,28,15.0,0,15.0,0.009347200393676758,2
227,graficon16nodi/grafo967.16,31,16,17,26,27,9.0,0,9.0,0.020102977752685547,2
228,graficon17nodi/grafo1732.17,31,17,20,27,30,21.0,0,21.0,0.009467124938964844,2
229,graficon20nodi/grafo2272.20,31,20,23,27,30,22.0,0,22.0,0.020481586456298828,2
230,graficon18nodi/grafo1146.18,31,18,29,29,40,51.0,6,51.0,0.02218914031982422,2
231,graficon18nodi/grafo2289.18,31,18,20,25,27,19.0,0,19.0,0.009768247604370117,2
232,graficon16nodi/grafo2420.16,31,16,18,28,30,11.0,1,11.0,0.009302616119384766,2
233,graficon12nodi/grafo574.12,31,12,19,27,34,28.0,2,28.0,0.02079319953918457,2
234,graficon21nodi/grafo804.21,31,21,22,28,29,22.0,0,22.0,0.020215749740600586,2
235,graficon22nodi/grafo694.22,31,22,23,27,28,14.0,0,14.0,0.00965738296508789,2
236,graficon17nodi/grafo479.17,31,17,23,25,31,44.0,7,44.0,0.008980512619018555,2
237,graficon18nodi/grafo538.18,31,18,19,25,26,12.0,0,12.0,0.009113073348999023,2
238,graficon21nodi/grafo2416.21,31,21,24,29,32,12.0,1,12.0,0.009273290634155273,2
239,graficon17nodi/grafo2418.17,31,17,20,26,29,18.0,2,18.0,0.009188413619995117,2
240,graficon24nodi/grafo1463.24,31,24,25,25,26,17.0,0,17.0,0.020351886749267578,2
241,graficon13nodi/grafo1885.13,31,13,16,25,28,16.0,0,16.0,0.009147167205810547,2
242,graficon11nodi/grafo1697.11,31,11,17,28,34,22.0,2,22.0,0.021339893341064453,2
243,graficon15nodi/grafo583.15,31,15,19,25,29,21.0,2,21.0,0.020296812057495117,2
244,graficon19nodi/grafo2951.19,31,19,24,27,32,25.0,1,25.0,0.02071094512939453,2
245,graficon14nodi/grafo520.14,31,14,22,29,37,29.0,0,29.0,0.015340805053710938,2
246,graficon17nodi/grafo2594.17,31,17,21,25,29,24.0,2,24.0,0.020179033279418945,2
247,graficon18nodi/grafo993.18,31,18,23,28,33,28.0,3,28.0,0.00910043716430664,2
248,graficon21nodi/grafo127.21,31,21,21,26,26,14.0,0,14.0,0.009388208389282227,2
249,graficon16nodi/grafo400.16,31,16,17,26,27,9.0,0,9.0,0.02033066749572754,2
250,graficon17nodi/grafo302.17,31,17,19,28,30,13.0,0,13.0,0.009233474731445312,2
251,graficon21nodi/grafo158.21,31,21,24,29,32,14.0,1,14.0,0.020261764526367188,2
252,graficon16nodi/grafo540.16,31,16,17,26,27,9.0,0,9.0,0.020210981369018555,2
253,graficon13nodi/grafo2303.13,31,13,19,28,34,29.0,0,29.0,0.00978708267211914,2
254,graficon21nodi/grafo1937.21,31,21,24,26,29,19.0,4,19.0,0.009532451629638672,2
255,graficon15nodi/grafo778.15,31,15,17,26,28,11.0,0,11.0,0.020197629928588867,2
256,graficon15nodi/grafo855.15,31,15,17,25,27,10.0,0,10.0,0.02028203010559082,2
257,graficon18nodi/grafo1652.18,31,18,20,25,27,21.0,0,21.0,0.02030777931213379,2
258,graficon13nodi/grafo2659.13,31,13,16,25,28,14.0,0,14.0,0.009439945220947266,2
259,graficon17nodi/grafo2682.17,31,17,19,26,28,18.0,2,18.0,0.020308971405029297,2
260,graficon16nodi/grafo1119.16,31,16,22,28,34,38.0,3,38.0,0.010143756866455078,2
261,graficon14nodi/grafo1870.14,31,14,21,28,35,27.0,3,27.0,0.0202329158782959,2
262,graficon19nodi/grafo1172.19,31,19,23,26,30,25.0,1,25.0,0.02035689353942871,2
263,graficon13nodi/grafo511.13,31,13,14,25,26,4.0,0,4.0,0.019984006881713867,2
264,graficon18nodi/grafo1648.18,31,18,24,26,32,29.0,5,29.0,0.023195266723632812,2
265,graficon17nodi/grafo893.17,31,17,21,26,30,24.0,0,24.0,0.00955820083618164,2
266,graficon17nodi/grafo917.17,31,17,20,28,31,15.0,0,15.0,0.020354032516479492,2
267,graficon23nodi/grafo2256.23,31,23,26,29,32,19.0,0,19.0,0.00992584228515625,2
268,graficon18nodi/grafo2556.18,31,18,22,28,32,21.0,0,21.0,0.009749650955200195,2
269,graficon15nodi/grafo2921.15,31,15,17,27,29,10.0,0,10.0,0.009339570999145508,2
270,graficon21nodi/grafo1762.21,31,21,25,25,29,34.0,5,34.0,0.009788036346435547,2
271,graficon21nodi/grafo1064.21,31,21,26,25,30,29.0,9,29.0,0.020178556442260742,2
272,graficon18nodi/grafo784.18,31,18,23,25,30,40.0,3,40.0,0.009571075439453125,2
273,graficon16nodi/grafo2236.16,31,16,20,28,32,21.0,1,21.0,0.020438671112060547,2
274,graficon17nodi/grafo2345.17,31,17,20,26,29,15.0,1,15.0,0.009207010269165039,2
275,graficon18nodi/grafo2307.18,31,18,23,26,31,24.0,3,24.0,0.009229660034179688,2
276,graficon17nodi/grafo1056.17,31,17,22,29,34,21.0,1,21.0,0.009140491485595703,2
277,graficon18nodi/grafo1152.18,31,18,24,28,34,30.0,1,30.0,0.010254621505737305,2
278,graficon24nodi/grafo3100.24,31,24,28,26,30,20.0,2,20.0,0.008981943130493164,2
279,graficon16nodi/grafo279.16,31,16,19,27,30,16.0,0,16.0,0.00934147834777832,2
280,graficon17nodi/grafo2401.17,31,17,31,28,42,91.0,34,91.0,0.012866973876953125,2
281,graficon16nodi/grafo2302.16,31,16,20,25,29,15.0,1,15.0,0.02022409439086914,2
282,graficon16nodi/grafo2525.16,31,16,19,26,29,14.0,1,14.0,0.008923530578613281,2
283,graficon17nodi/grafo2924.17,31,17,22,28,33,28.0,1,28.0,0.00952768325805664,2
284,graficon22nodi/grafo167.22,31,22,24,29,31,18.0,1,18.0,0.009788990020751953,2
285,graficon16nodi/grafo2542.16,31,16,21,26,31,22.0,1,22.0,0.009730339050292969,2
286,graficon16nodi/grafo2636.16,31,16,22,26,32,23.0,5,23.0,0.00946664810180664,2
287,graficon17nodi/grafo2758.17,31,17,20,26,29,16.0,1,16.0,0.009226560592651367,2
288,graficon20nodi/grafo2554.20,31,20,22,25,27,15.0,1,15.0,0.0092926025390625,2
289,graficon25nodi/grafo2775.25,31,25,26,25,26,17.0,2,17.0,0.020267963409423828,2
290,graficon19nodi/grafo409.19,31,19,22,25,28,24.0,2,24.0,0.020200252532958984,2
291,graficon16nodi/grafo2326.16,31,16,21,25,30,26.0,1,26.0,0.02018451690673828,2
292,graficon14nodi/grafo596.14,31,14,16,27,29,12.0,0,12.0,0.02031731605529785,2
293,graficon20nodi/grafo679.20,31,20,25,29,34,25.0,2,25.0,0.009626388549804688,2
294,graficon23nodi/grafo188.23,31,23,24,27,28,15.0,0,15.0,0.020196199417114258,2
295,graficon19nodi/grafo2449.19,31,19,24,25,30,25.0,4,25.0,0.020401954650878906,2
296,graficon23nodi/grafo1038.23,31,23,24,27,28,12.0,1,12.0,0.02028822898864746,2
297,graficon17nodi/grafo2177.17,31,17,22,26,31,23.0,0,23.0,0.009626388549804688,2
298,graficon20nodi/grafo786.20,31,20,23,26,29,25.0,2,25.0,0.009400367736816406,2
299,graficon17nodi/grafo1875.17,31,17,21,28,32,39.0,1,39.0,0.009868621826171875,2
300,graficon14nodi/grafo796.14,31,14,19,27,32,31.0,3,31.0,0.020523548126220703,2
301,graficon21nodi/grafo2119.21,31,21,27,32,38,43.0,7,43.0,0.012412309646606445,2
302,graficon15nodi/grafo1013.15,31,15,23,31,39,45.0,2,45.0,0.022041797637939453,2
303,graficon17nodi/grafo415.17,31,17,24,33,40,43.0,5,43.0,0.0235292911529541,2
304,graficon26nodi/grafo578.26,31,26,27,30,31,20.0,1,20.0,0.021301984786987305,2
305,graficon25nodi/grafo2077.25,31,25,29,31,35,32.0,7,32.0,0.021756887435913086,2
306,graficon29nodi/grafo2085.29,31,29,30,33,34,13.0,0,13.0,0.020522356033325195,2
307,graficon19nodi/grafo1834.19,31,19,23,32,36,17.0,0,17.0,0.020151376724243164,2
308,graficon24nodi/grafo1830.24,31,24,29,34,39,30.0,1,30.0,0.02228403091430664,2
309,graficon21nodi/grafo245.21,31,21,22,30,31,17.0,1,17.0,0.02032637596130371,2
310,graficon21nodi/grafo1645.21,31,21,23,30,32,23.0,0,23.0,0.02199387550354004,2
311,graficon20nodi/grafo1761.20,31,20,26,31,37,25.0,0,25.0,0.009886026382446289,2
312,graficon26nodi/grafo1805.26,31,26,31,33,38,24.0,5,24.0,0.02205491065979004,2
313,graficon18nodi/grafo2744.18,31,18,24,34,40,32.0,3,32.0,0.022610187530517578,2
314,graficon20nodi/grafo2268.20,31,20,24,32,36,27.0,3,27.0,0.019897937774658203,2
315,graficon25nodi/grafo2837.25,31,25,27,32,34,16.0,0,16.0,0.010365724563598633,2
316,graficon21nodi/grafo2833.21,31,21,24,30,33,21.0,1,21.0,0.009956598281860352,2
317,graficon20nodi/grafo3049.20,31,20,24,33,37,24.0,2,24.0,0.010196447372436523,2
318,graficon26nodi/grafo1799.26,31,26,30,32,36,30.0,3,30.0,0.02279210090637207,2
319,graficon17nodi/grafo1403.17,31,17,23,30,36,33.0,1,33.0,0.021831989288330078,2
320,graficon27nodi/grafo2498.27,31,27,32,34,39,49.0,3,49.0,0.023876667022705078,2
321,graficon22nodi/grafo2819.22,31,22,25,33,36,15.0,0,15.0,0.02063584327697754,2
322,graficon16nodi/grafo421.16,31,16,22,33,39,37.0,1,37.0,0.022074222564697266,2
323,graficon14nodi/grafo1074.14,31,14,19,32,37,17.0,2,17.0,0.010063409805297852,2
324,graficon24nodi/grafo918.24,31,24,24,32,32,16.0,0,16.0,0.020389795303344727,2
325,graficon18nodi/grafo1780.18,31,18,24,30,36,26.0,1,26.0,0.009842157363891602,2
326,graficon29nodi/grafo1198.29,31,29,29,31,31,17.0,1,17.0,0.020768165588378906,2
327,graficon15nodi/grafo2591.15,31,15,23,31,39,33.0,2,33.0,0.021818876266479492,2
328,graficon19nodi/grafo924.19,31,19,21,32,34,19.0,0,19.0,0.009557008743286133,2
329,graficon23nodi/grafo835.23,31,23,27,31,35,34.0,6,34.0,0.021864891052246094,2
330,graficon17nodi/grafo829.17,31,17,21,33,37,24.0,0,24.0,0.021363496780395508,2
331,graficon16nodi/grafo1635.16,31,16,25,34,43,35.0,1,35.0,0.02266979217529297,2
332,graficon14nodi/grafo649.14,31,14,24,32,42,48.0,5,48.0,0.022531747817993164,2
333,graficon18nodi/grafo1824.18,31,18,23,32,37,18.0,1,18.0,0.009820699691772461,2
334,graficon26nodi/grafo1629.26,31,26,29,30,33,21.0,1,21.0,0.02080845832824707,2
335,graficon15nodi/grafo1142.15,31,15,24,32,41,38.0,1,38.0,0.0236814022064209,2
336,graficon22nodi/grafo2410.22,31,22,24,30,32,13.0,1,13.0,0.008881330490112305,2
337,graficon23nodi/grafo2028.23,31,23,32,32,41,61.0,12,61.0,0.023853540420532227,2
338,graficon25nodi/grafo1040.25,31,25,32,34,41,49.0,11,49.0,0.022341012954711914,2
339,graficon17nodi/grafo2494.17,31,17,20,30,33,15.0,1,15.0,0.009520292282104492,2
340,graficon21nodi/grafo381.21,31,21,23,31,33,22.0,1,22.0,0.020121097564697266,2
341,graficon19nodi/grafo2425.19,31,19,23,30,34,28.0,2,28.0,0.009515047073364258,2
342,graficon26nodi/grafo1230.26,31,26,29,30,33,18.0,2,18.0,0.009569406509399414,2
343,graficon17nodi/grafo1861.17,31,17,21,34,38,19.0,2,19.0,0.020858049392700195,2
344,graficon27nodi/grafo1232.27,31,27,31,33,37,44.0,7,44.0,0.01310586929321289,2
345,graficon27nodi/grafo2582.27,31,27,27,34,34,21.0,0,21.0,0.012269973754882812,2
346,graficon24nodi/grafo2017.24,31,24,28,32,36,32.0,2,32.0,0.02302408218383789,2
347,graficon32nodi/grafo11636.32,31,32,32,33,33,14.0,0,14.0,0.009159326553344727,2
348,graficon19nodi/grafo621.19,31,19,27,30,38,30.0,3,30.0,0.021602630615234375,2
349,graficon16nodi/grafo2023.16,31,16,20,34,38,18.0,2,18.0,0.009664773941040039,2
350,graficon23nodi/grafo622.23,31,23,25,33,35,18.0,1,18.0,0.009570837020874023,2
351,graficon19nodi/grafo2135.19,31,19,23,33,37,29.0,2,29.0,0.021707534790039062,2
352,graficon15nodi/grafo879.15,31,15,20,30,35,27.0,0,27.0,0.012846231460571289,2
353,graficon22nodi/grafo1012.22,31,22,24,31,33,22.0,0,22.0,0.010101079940795898,2
354,graficon20nodi/grafo429.20,31,20,28,34,42,35.0,6,35.0,0.012030839920043945,2
355,graficon26nodi/grafo1269.26,31,26,28,31,33,34.0,0,34.0,0.022508621215820312,2
356,graficon17nodi/grafo2520.17,31,17,24,32,39,37.0,7,37.0,0.02254962921142578,2
357,graficon32nodi/grafo10052.32,31,32,33,34,35,16.0,0,16.0,0.02031707763671875,2
358,graficon20nodi/grafo874.20,31,20,25,34,39,22.0,1,22.0,0.02160048484802246,2
359,graficon20nodi/grafo1901.20,31,20,26,33,39,58.0,2,58.0,0.012622356414794922,2
360,graficon22nodi/grafo2456.22,31,22,26,33,37,24.0,0,24.0,0.010020256042480469,2
361,graficon17nodi/grafo276.17,31,17,20,31,34,18.0,1,18.0,0.020259618759155273,2
362,graficon25nodi/grafo575.25,31,25,29,34,38,26.0,2,26.0,0.021698474884033203,2
363,graficon17nodi/grafo517.17,31,17,23,33,39,28.0,1,28.0,0.02020096778869629,2
364,graficon19nodi/grafo1900.19,31,19,22,31,34,18.0,0,18.0,0.022538185119628906,2
365,graficon22nodi/grafo1422.22,31,22,22,30,30,17.0,0,17.0,0.009507179260253906,2
366,graficon25nodi/grafo862.25,31,25,28,33,36,26.0,1,26.0,0.022347450256347656,2
367,graficon23nodi/grafo545.23,31,23,28,32,37,24.0,1,24.0,0.020563602447509766,2
368,graficon24nodi/grafo2341.24,31,24,29,34,39,28.0,1,28.0,0.010014772415161133,2
369,graficon26nodi/grafo1512.26,31,26,30,34,38,26.0,2,26.0,0.022469520568847656,2
370,graficon18nodi/grafo1626.18,31,18,27,32,41,44.0,8,44.0,0.023240327835083008,2
371,graficon21nodi/grafo2378.21,31,21,25,31,35,30.0,2,30.0,0.020307302474975586,2
372,graficon25nodi/grafo2051.25,31,25,26,33,34,13.0,0,13.0,0.020294904708862305,2
373,graficon32nodi/grafo9919.32,31,32,32,33,33,14.0,0,14.0,0.020345687866210938,2
374,graficon18nodi/grafo1940.18,31,18,24,31,37,19.0,1,19.0,0.009751558303833008,2
375,graficon25nodi/grafo1338.25,31,25,26,34,35,25.0,0,25.0,0.021628618240356445,2
376,graficon33nodi/grafo11170.33,31,33,42,39,48,37.0,2,37.0,0.023578643798828125,2
377,graficon23nodi/grafo2966.23,31,23,26,36,39,17.0,0,17.0,0.010168075561523438,2
378,graficon29nodi/grafo1102.29,31,29,29,37,37,19.0,0,19.0,0.010108470916748047,2
379,graficon26nodi/grafo1340.26,31,26,31,38,43,54.0,4,54.0,0.022524118423461914,2
380,graficon22nodi/grafo1850.22,31,22,28,38,44,25.0,1,25.0,0.022536277770996094,2
381,graficon28nodi/grafo2572.28,31,28,34,38,44,43.0,3,43.0,0.012626886367797852,2
382,graficon17nodi/grafo420.17,31,17,25,37,45,37.0,3,37.0,0.022004127502441406,2
383,graficon20nodi/grafo2670.20,31,20,28,36,44,24.0,3,24.0,0.020782470703125,2
384,graficon26nodi/grafo2766.26,31,26,32,38,44,23.0,2,23.0,0.021260499954223633,2
385,graficon29nodi/grafo1333.29,31,29,31,38,40,34.0,0,34.0,0.023750782012939453,2
386,graficon21nodi/grafo1863.21,31,21,26,35,40,36.0,4,36.0,0.022815465927124023,2
387,graficon27nodi/grafo1623.27,31,27,30,37,40,17.0,1,17.0,0.020374774932861328,2
388,graficon33nodi/grafo2828.33,31,33,37,38,42,26.0,3,26.0,0.022376298904418945,2
389,graficon26nodi/grafo2606.26,31,26,32,36,42,49.0,5,49.0,0.024436473846435547,2
390,graficon19nodi/grafo2371.19,31,19,24,35,40,28.0,0,28.0,0.021874189376831055,2
391,graficon25nodi/grafo2700.25,31,25,28,36,39,25.0,2,25.0,0.009097576141357422,2
392,graficon24nodi/grafo2587.24,31,24,28,36,40,28.0,5,28.0,0.021669626235961914,2
393,graficon15nodi/grafo947.15,31,15,24,39,48,39.0,3,39.0,0.023311138153076172,2
394,graficon19nodi/grafo2562.19,31,19,28,36,45,50.0,4,50.0,0.022104501724243164,2
395,graficon32nodi/grafo11456.32,31,32,33,35,36,20.0,1,20.0,0.02027273178100586,2
396,graficon27nodi/grafo248.27,31,27,33,38,44,39.0,4,39.0,0.012491464614868164,2
397,graficon22nodi/grafo2676.22,31,22,26,38,42,20.0,0,20.0,0.022788286209106445,2
398,graficon32nodi/grafo11607.32,31,32,38,39,45,33.0,4,33.0,0.012441158294677734,2
399,graficon19nodi/grafo2171.19,31,19,23,35,39,25.0,1,25.0,0.021039724349975586,2
400,graficon19nodi/grafo1666.19,31,19,28,37,46,47.0,1,47.0,0.022245168685913086,2
401,graficon33nodi/grafo11210.33,31,33,42,39,48,37.0,2,37.0,0.02266836166381836,2
402,graficon26nodi/grafo2123.26,31,26,28,35,37,27.0,1,27.0,0.021739482879638672,2
403,graficon26nodi/grafo3056.26,31,26,36,35,45,74.0,15,74.0,0.02296280860900879,2
404,graficon30nodi/grafo1582.30,31,30,34,35,39,38.0,2,38.0,0.012701272964477539,2
405,graficon24nodi/grafo1440.24,31,24,32,37,45,57.0,6,57.0,0.026055574417114258,2
406,graficon33nodi/grafo9903.33,31,33,42,39,48,37.0,2,37.0,0.02325606346130371,2
407,graficon23nodi/grafo1557.23,31,23,29,37,43,45.0,2,45.0,0.013231277465820312,2
408,graficon21nodi/grafo1941.21,31,21,26,37,42,30.0,1,30.0,0.012500524520874023,2
409,graficon13nodi/grafo317.13,31,13,21,38,46,41.0,2,41.0,0.01388692855834961,2
410,graficon33nodi/grafo154.33,31,33,34,36,37,21.0,0,21.0,0.010134696960449219,2
411,graficon31nodi/grafo10007.31,31,31,34,35,38,30.0,4,30.0,0.011936426162719727,2
412,graficon20nodi/grafo1764.20,31,20,25,37,42,23.0,2,23.0,0.02195000648498535,2
413,graficon31nodi/grafo5484.31,31,31,32,38,39,18.0,2,18.0,0.009714126586914062,2
414,graficon27nodi/grafo1286.27,31,27,31,36,40,27.0,2,27.0,0.0218658447265625,2
415,graficon23nodi/grafo2200.23,31,23,29,38,44,36.0,2,36.0,0.011929750442504883,2
416,graficon24nodi/grafo872.24,31,24,28,37,41,26.0,2,26.0,0.021031618118286133,2
417,graficon22nodi/grafo605.22,31,22,26,39,43,26.0,0,26.0,0.023251056671142578,2
418,graficon29nodi/grafo1034.29,31,29,32,38,41,44.0,1,44.0,0.023661136627197266,2
419,graficon21nodi/grafo2356.21,31,21,27,35,41,22.0,2,22.0,0.010034799575805664,2
420,graficon33nodi/grafo10134.33,31,33,34,37,38,17.0,1,17.0,0.009092569351196289,2
421,graficon32nodi/grafo9867.32,31,32,33,35,36,20.0,1,20.0,0.020125150680541992,2
422,graficon26nodi/grafo753.26,31,26,28,36,38,13.0,2,13.0,0.009749412536621094,2
423,graficon21nodi/grafo123.21,31,21,25,38,42,23.0,1,23.0,0.02189946174621582,2
424,graficon25nodi/grafo1360.25,31,25,30,35,40,40.0,5,40.0,0.011180400848388672,2
425,graficon27nodi/grafo174.27,31,27,28,36,37,27.0,1,27.0,0.022942781448364258,2
426,graficon20nodi/grafo251.20,31,20,23,36,39,28.0,1,28.0,0.021923303604125977,2
427,graficon18nodi/grafo2768.18,31,18,23,35,40,19.0,2,19.0,0.02126312255859375,2
428,graficon36nodi/grafo2402.36,31,36,38,39,41,32.0,0,32.0,0.023032188415527344,2
429,graficon30nodi/grafo1237.30,31,30,35,39,44,22.0,1,22.0,0.021763324737548828,2
430,graficon20nodi/grafo2284.20,31,20,30,37,47,48.0,6,48.0,0.02316594123840332,2
431,graficon17nodi/grafo1160.17,31,17,23,39,45,31.0,1,31.0,0.022983551025390625,2
432,graficon27nodi/grafo2721.27,31,27,27,37,37,17.0,1,17.0,0.009494304656982422,2
433,graficon23nodi/grafo2691.23,31,23,31,39,47,44.0,5,44.0,0.02538466453552246,2
434,graficon22nodi/grafo2875.22,31,22,27,38,43,25.0,2,25.0,0.023044347763061523,2
435,graficon33nodi/grafo11130.33,31,33,42,39,48,37.0,2,37.0,0.02370905876159668,2
436,graficon18nodi/grafo2805.18,31,18,25,36,43,39.0,3,39.0,0.02329087257385254,2
437,graficon16nodi/grafo2584.16,31,16,22,39,45,19.0,2,19.0,0.02130913734436035,2
438,graficon17nodi/grafo597.17,31,17,24,36,43,45.0,0,45.0,0.023988723754882812,2
439,graficon24nodi/grafo1950.24,31,24,27,39,42,28.0,1,28.0,0.02255082130432129,2
440,graficon25nodi/grafo2067.25,31,25,28,38,41,18.0,1,18.0,0.022155284881591797,2
441,graficon15nodi/grafo2448.15,31,15,23,38,46,38.0,2,38.0,0.01797175407409668,2
442,graficon26nodi/grafo1273.26,31,26,27,36,37,22.0,0,22.0,0.011805295944213867,2
443,graficon32nodi/grafo11397.32,31,32,33,37,38,17.0,0,17.0,0.009548187255859375,2
444,graficon33nodi/grafo11023.33,31,33,33,36,36,15.0,0,15.0,0.009459972381591797,2
445,graficon33nodi/grafo11026.33,31,33,36,39,42,21.0,3,21.0,0.012381792068481445,2
446,graficon17nodi/grafo945.17,31,17,22,36,41,30.0,0,30.0,0.011862993240356445,2
447,graficon25nodi/grafo584.25,31,25,29,35,39,55.0,4,55.0,0.013053178787231445,2
448,graficon12nodi/grafo2426.12,31,12,18,38,44,24.0,0,24.0,0.022847652435302734,2
449,graficon18nodi/grafo2731.18,31,18,23,35,40,23.0,0,23.0,0.010102510452270508,2
450,graficon23nodi/grafo2217.23,31,23,29,35,41,32.0,9,32.0,0.022971630096435547,2
451,graficon26nodi/grafo2108.26,31,26,35,41,50,50.0,10,50.0,0.01339864730834961,2
452,graficon31nodi/grafo11581.31,31,31,36,42,47,40.0,4,40.0,0.024045944213867188,2
453,graficon25nodi/grafo1271.25,31,25,30,40,45,43.0,3,43.0,0.023569822311401367,2
454,graficon31nodi/grafo11454.31,31,31,36,42,47,40.0,4,40.0,0.023864030838012695,2
455,graficon25nodi/grafo163.25,31,25,37,44,56,97.0,26,97.0,0.035053253173828125,2
456,graficon19nodi/grafo950.19,31,19,23,43,47,27.0,0,27.0,0.02248835563659668,2
457,graficon30nodi/grafo1252.30,31,30,34,43,47,33.0,0,33.0,0.012367725372314453,2
458,graficon27nodi/grafo1217.27,31,27,29,42,44,25.0,0,25.0,0.02458477020263672,2
459,graficon34nodi/grafo11331.34,31,34,41,43,50,31.0,3,31.0,0.02467823028564453,2
460,graficon20nodi/grafo1873.20,31,20,27,40,47,32.0,6,32.0,0.023583173751831055,2
461,graficon34nodi/grafo5197.34,31,34,36,43,45,24.0,0,24.0,0.011690378189086914,2
462,graficon28nodi/grafo1615.28,31,28,35,43,50,55.0,8,55.0,0.023874521255493164,2
463,graficon27nodi/grafo3039.27,31,27,31,44,48,28.0,1,28.0,0.02304363250732422,2
464,graficon37nodi/grafo2519.37,31,37,39,44,46,40.0,0,40.0,0.024015426635742188,2
465,graficon27nodi/grafo2037.27,31,27,31,42,46,44.0,2,44.0,0.02454543113708496,2
466,graficon20nodi/grafo1757.20,31,20,25,41,46,25.0,1,25.0,0.022698402404785156,2
467,graficon23nodi/grafo551.23,31,23,29,43,49,34.0,0,34.0,0.012480735778808594,2
468,graficon32nodi/grafo10795.32,31,32,35,43,46,46.0,1,46.0,0.02408623695373535,2
469,graficon33nodi/grafo5994.33,31,33,36,42,45,25.0,0,25.0,0.022907733917236328,2
470,graficon23nodi/grafo2712.23,31,23,30,40,47,27.0,1,27.0,0.012092828750610352,2
471,graficon22nodi/grafo1894.22,31,22,30,40,48,43.0,5,43.0,0.02279210090637207,2
472,graficon28nodi/grafo1190.28,31,28,31,43,46,48.0,3,48.0,0.02301812171936035,2
473,graficon32nodi/grafo1455.32,31,32,38,43,49,35.0,2,35.0,0.023212432861328125,2
474,graficon18nodi/grafo1086.18,31,18,26,41,49,49.0,1,49.0,0.022683382034301758,2
475,graficon34nodi/grafo9918.34,31,34,34,43,43,16.0,0,16.0,0.009785652160644531,2
476,graficon32nodi/grafo1226.32,31,32,34,43,45,26.0,1,26.0,0.02370452880859375,2
477,graficon35nodi/grafo7133.35,31,35,38,43,46,27.0,3,27.0,0.013010740280151367,2
478,graficon34nodi/grafo11544.34,31,34,34,43,43,16.0,0,16.0,0.020461559295654297,2
479,graficon14nodi/grafo2738.14,31,14,23,40,49,42.0,1,42.0,0.013827085494995117,2
480,graficon27nodi/grafo2958.27,31,27,32,42,47,32.0,0,32.0,0.022857189178466797,2
481,graficon31nodi/grafo3686.31,31,31,36,42,47,40.0,4,40.0,0.09402656555175781,2
482,graficon14nodi/grafo701.14,31,14,20,42,48,25.0,1,25.0,0.023076772689819336,2
483,graficon33nodi/grafo9921.33,31,33,36,43,46,33.0,1,33.0,0.012663841247558594,2
484,graficon27nodi/grafo2876.27,31,27,32,41,46,39.0,2,39.0,0.023879289627075195,2
485,graficon25nodi/grafo1234.25,31,25,33,42,50,44.0,2,44.0,0.03067326545715332,2
486,graficon26nodi/grafo1285.26,31,26,30,42,46,24.0,2,24.0,0.021798133850097656,2
487,graficon30nodi/grafo2365.30,31,30,34,40,44,46.0,4,46.0,0.02365851402282715,2
488,graficon26nodi/grafo798.26,31,26,32,41,47,36.0,5,36.0,0.012359857559204102,2
489,graficon21nodi/grafo1682.21,31,21,41,43,63,114.0,33,114.0,0.035236358642578125,2
490,graficon32nodi/grafo5244.32,31,32,38,42,48,22.0,0,22.0,0.022258520126342773,2
491,graficon23nodi/grafo2854.23,31,23,29,44,50,28.0,2,28.0,0.024080514907836914,2
492,graficon32nodi/grafo1053.32,31,32,41,43,52,75.0,6,75.0,0.030989885330200195,2
493,graficon21nodi/grafo2756.21,31,21,26,40,45,23.0,2,23.0,0.022095441818237305,2
494,graficon22nodi/grafo1503.22,31,22,26,44,48,21.0,0,21.0,0.022394418716430664,2
495,graficon22nodi/grafo2370.22,31,22,28,41,47,21.0,1,21.0,0.022449493408203125,2
496,graficon23nodi/grafo2769.23,31,23,27,44,48,27.0,2,27.0,0.012312650680541992,2
497,graficon28nodi/grafo124.28,31,28,29,41,42,24.0,1,24.0,0.020204782485961914,2
498,graficon31nodi/grafo9916.31,31,31,36,42,47,40.0,4,40.0,0.023977041244506836,2
499,graficon33nodi/grafo11631.33,31,33,43,41,51,40.0,3,40.0,0.0227813720703125,2
500,graficon30nodi/grafo1256.30,31,30,33,40,43,26.0,0,26.0,0.02192211151123047,2
501,graficon32nodi/grafo10231.32,31,32,35,43,46,23.0,0,23.0,0.020292997360229492,2
502,graficon34nodi/grafo11277.34,31,34,35,41,42,15.0,0,15.0,0.009663105010986328,2
503,graficon34nodi/grafo2464.34,31,34,38,44,48,44.0,5,44.0,0.024047374725341797,2
504,graficon27nodi/grafo1199.27,31,27,30,40,43,18.0,0,18.0,0.020336151123046875,2
505,graficon25nodi/grafo1614.25,31,25,27,41,43,26.0,1,26.0,0.022632122039794922,2
506,graficon29nodi/grafo1376.29,31,29,34,42,47,52.0,3,52.0,0.022889137268066406,2
507,graficon35nodi/grafo3480.35,31,35,35,44,44,23.0,0,23.0,0.012485027313232422,2
508,graficon29nodi/grafo1587.29,31,29,35,42,48,40.0,1,40.0,0.024378538131713867,2
509,graficon34nodi/grafo6050.34,31,34,41,43,50,30.0,3,30.0,0.012341499328613281,2
510,graficon25nodi/grafo2755.25,31,25,32,42,49,33.0,5,33.0,0.01286768913269043,2
511,graficon23nodi/grafo2853.23,31,23,34,40,51,62.0,15,62.0,0.03106832504272461,2
512,graficon34nodi/grafo10281.34,31,34,41,42,49,39.0,1,39.0,0.023797273635864258,2
513,graficon34nodi/grafo11630.34,31,34,40,44,50,34.0,1,34.0,0.01312708854675293,2
514,graficon28nodi/grafo2436.28,31,28,37,44,53,80.0,8,80.0,0.03469419479370117,2
515,graficon34nodi/grafo9878.34,31,34,39,41,46,36.0,2,36.0,0.02408003807067871,2
516,graficon32nodi/grafo3901.32,31,32,38,42,48,38.0,3,38.0,0.02247023582458496,2
517,graficon35nodi/grafo11455.35,31,35,35,42,42,16.0,0,16.0,0.02176523208618164,2
518,graficon28nodi/grafo296.28,31,28,36,43,51,43.0,11,43.0,0.02315688133239746,2
519,graficon25nodi/grafo1251.25,31,25,26,40,41,21.0,0,21.0,0.009915590286254883,2
520,graficon34nodi/grafo11319.34,31,34,40,42,48,41.0,3,41.0,0.013393402099609375,2
521,graficon34nodi/grafo11660.34,31,34,36,43,45,31.0,1,31.0,0.013006448745727539,2
522,graficon31nodi/grafo2394.31,31,31,36,43,48,44.0,5,44.0,0.03093695640563965,2
523,graficon26nodi/grafo1218.26,31,26,28,42,44,35.0,0,35.0,0.023525714874267578,2
524,graficon37nodi/grafo6342.37,31,37,42,44,49,45.0,7,45.0,0.013782739639282227,2
525,graficon28nodi/grafo1311.28,31,28,34,42,48,44.0,5,44.0,0.02239227294921875,2
526,graficon19nodi/grafo1826.19,31,19,27,46,54,46.0,2,46.0,0.024350881576538086,2
527,graficon14nodi/grafo1951.14,31,14,25,46,57,49.0,3,49.0,0.025352954864501953,2
528,graficon37nodi/grafo3547.37,31,37,38,49,50,17.0,0,17.0,0.01226496696472168,2
529,graficon34nodi/grafo11207.34,31,34,38,48,52,35.0,4,35.0,0.01250457763671875,2
530,graficon31nodi/grafo10887.31,31,31,36,46,51,21.0,0,21.0,0.023905038833618164,2
531,graficon32nodi/grafo1255.32,31,32,37,46,51,30.0,1,30.0,0.012232303619384766,2
532,graficon28nodi/grafo1840.28,31,28,34,48,54,39.0,4,39.0,0.024715423583984375,2
533,graficon21nodi/grafo630.21,31,21,28,45,52,31.0,1,31.0,0.022450685501098633,2
534,graficon26nodi/grafo3044.26,31,26,34,48,56,48.0,3,48.0,0.034215450286865234,2
535,graficon23nodi/grafo1806.23,31,23,28,48,53,36.0,0,36.0,0.013113021850585938,2
536,graficon31nodi/grafo10458.31,31,31,36,46,51,21.0,0,21.0,0.023566007614135742,2
537,graficon35nodi/grafo10620.35,31,35,41,46,52,46.0,3,46.0,0.024280071258544922,2
538,graficon22nodi/grafo249.22,31,22,31,46,55,54.0,4,54.0,0.02566838264465332,2
539,graficon32nodi/grafo745.32,31,32,36,45,49,29.0,0,29.0,0.013425111770629883,2
540,graficon35nodi/grafo5759.35,31,35,39,45,49,19.0,1,19.0,0.010182857513427734,2
541,graficon33nodi/grafo11516.33,31,33,42,45,54,41.0,4,41.0,0.0242612361907959,2
542,graficon25nodi/grafo2437.25,31,25,30,48,53,25.0,1,25.0,0.022329330444335938,2
543,graficon31nodi/grafo1301.31,31,31,40,47,56,63.0,7,63.0,0.03159189224243164,2
544,graficon38nodi/grafo3332.38,31,38,43,45,50,46.0,2,46.0,0.03200125694274902,2
545,graficon22nodi/grafo2748.22,31,22,29,45,52,37.0,0,37.0,0.024585723876953125,2
546,graficon27nodi/grafo1253.27,31,27,32,45,50,57.0,2,57.0,0.032166481018066406,2
547,graficon36nodi/grafo3862.36,31,36,41,46,51,34.0,4,34.0,0.01297903060913086,2
548,graficon28nodi/grafo1202.28,31,28,36,45,53,54.0,4,54.0,0.02587604522705078,2
549,graficon37nodi/grafo5957.37,31,37,39,48,50,45.0,0,45.0,0.03356122970581055,2
550,graficon38nodi/grafo6734.38,31,38,41,45,48,32.0,1,32.0,0.03059077262878418,2
551,graficon36nodi/grafo5561.36,31,36,38,47,49,19.0,0,19.0,0.022429466247558594,2
552,graficon31nodi/grafo10011.31,31,31,36,46,51,21.0,0,21.0,0.012613296508789062,2
553,graficon36nodi/grafo6066.36,31,36,39,48,51,26.0,0,26.0,0.03175234794616699,2
554,graficon31nodi/grafo1362.31,31,31,37,45,51,50.0,1,50.0,0.03164553642272949,2
555,graficon27nodi/grafo1200.27,31,27,36,46,55,59.0,0,59.0,0.0321345329284668,2
556,graficon39nodi/grafo6087.39,31,39,46,48,55,43.0,9,43.0,0.024985551834106445,2
557,graficon33nodi/grafo5247.33,31,33,38,46,51,21.0,0,21.0,0.017163515090942383,2
558,graficon36nodi/grafo6811.36,31,36,44,48,56,37.0,2,37.0,0.024476051330566406,2
559,graficon23nodi/grafo1798.23,31,23,31,48,56,42.0,3,42.0,0.025488853454589844,2
560,graficon27nodi/grafo2275.27,31,27,32,46,51,48.0,2,48.0,0.031291961669921875,2
561,graficon26nodi/grafo2981.26,31,26,36,45,55,59.0,10,59.0,0.031613826751708984,2
562,graficon36nodi/grafo3414.36,31,36,39,46,49,30.0,2,30.0,0.02557992935180664,2
563,graficon19nodi/grafo2428.19,31,19,23,45,49,15.0,1,15.0,0.011780023574829102,2
564,graficon35nodi/grafo10085.35,31,35,41,46,52,53.0,8,53.0,0.03353381156921387,2
565,graficon32nodi/grafo1379.32,31,32,39,48,55,45.0,3,45.0,0.03391242027282715,2
566,graficon26nodi/grafo173.26,31,26,31,46,51,36.0,3,36.0,0.013446807861328125,2
567,graficon38nodi/grafo5236.38,31,38,43,49,54,31.0,2,31.0,0.023901700973510742,2
568,graficon26nodi/grafo2399.26,31,26,31,46,51,41.0,2,41.0,0.024123668670654297,2
569,graficon31nodi/grafo11421.31,31,31,37,46,52,44.0,4,44.0,0.025723934173583984,2
570,graficon40nodi/grafo7698.40,31,40,47,49,56,48.0,1,48.0,0.03166508674621582,2
571,graficon35nodi/grafo1925.35,31,35,36,48,49,28.0,0,28.0,0.025557756423950195,2
572,graficon25nodi/grafo1319.25,31,25,31,47,53,47.0,3,47.0,0.02724289894104004,2
573,graficon26nodi/grafo2999.26,31,26,30,45,49,28.0,2,28.0,0.00885152816772461,2
574,graficon21nodi/grafo1632.21,31,21,26,48,53,22.0,0,22.0,0.022685527801513672,2
575,graficon32nodi/grafo9975.32,31,32,39,48,55,53.0,4,53.0,0.033226966857910156,2
576,graficon33nodi/grafo5182.33,31,33,38,49,54,22.0,0,22.0,0.025478124618530273,2
577,graficon32nodi/grafo11121.32,31,32,40,47,55,37.0,4,37.0,0.0304107666015625,2
578,graficon35nodi/grafo6642.35,31,35,42,49,56,48.0,5,48.0,0.02501678466796875,2
579,graficon28nodi/grafo932.28,31,28,35,45,52,54.0,2,54.0,0.013182878494262695,2
580,graficon34nodi/grafo2578.34,31,34,36,48,50,38.0,1,38.0,0.02462482452392578,2
581,graficon33nodi/grafo11538.33,31,33,38,47,52,35.0,3,35.0,0.024144887924194336,2
582,graficon33nodi/grafo10562.33,31,33,39,48,54,41.0,4,41.0,0.03128623962402344,2
583,graficon35nodi/grafo2815.35,31,35,43,47,55,44.0,9,44.0,0.03188896179199219,2
584,graficon18nodi/grafo374.18,31,18,25,46,53,31.0,0,31.0,0.025223493576049805,2
585,graficon34nodi/grafo5148.34,31,34,37,47,50,25.0,1,25.0,0.013397693634033203,2
586,graficon35nodi/grafo11567.35,31,35,43,45,53,42.0,1,42.0,0.022574663162231445,2
587,graficon31nodi/grafo1115.31,31,31,43,45,57,84.0,12,84.0,0.031316518783569336,2
588,graficon34nodi/grafo2363.34,31,34,39,48,53,40.0,3,40.0,0.01352548599243164,2
589,graficon33nodi/grafo11375.33,31,33,39,48,54,34.0,3,34.0,0.023719072341918945,2
590,graficon36nodi/grafo5879.36,31,36,42,46,52,44.0,4,44.0,0.013103246688842773,2
591,graficon35nodi/grafo5820.35,31,35,38,45,48,19.0,1,19.0,0.031065940856933594,2
592,graficon17nodi/grafo678.17,31,17,25,48,56,32.0,1,32.0,0.023006200790405273,2
593,graficon32nodi/grafo9954.32,31,32,34,46,48,20.0,1,20.0,0.010139226913452148,2
594,graficon35nodi/grafo5966.35,31,35,45,47,57,53.0,10,53.0,0.024741411209106445,2
595,graficon35nodi/grafo5522.35,31,35,40,46,51,37.0,6,37.0,0.023340702056884766,2
596,graficon22nodi/grafo2807.22,31,22,27,46,51,19.0,2,19.0,0.022214412689208984,2
597,graficon32nodi/grafo3106.32,31,32,38,48,54,47.0,3,47.0,0.023892879486083984,2
598,graficon36nodi/grafo5667.36,31,36,40,46,50,28.0,0,28.0,0.023343324661254883,2
599,graficon31nodi/grafo2262.31,31,31,40,47,56,50.0,3,50.0,0.025750160217285156,2
600,graficon33nodi/grafo10456.33,31,33,38,48,53,33.0,4,33.0,0.024850130081176758,2
601,graficon33nodi/grafo1915.33,31,33,44,54,65,59.0,2,59.0,0.036063194274902344,2
602,graficon36nodi/grafo3304.36,31,36,47,53,64,81.0,15,81.0,0.0347898006439209,2
603,graficon36nodi/grafo11296.36,31,36,44,50,58,63.0,18,63.0,0.03173375129699707,2
604,graficon37nodi/grafo3729.37,31,37,45,54,62,50.0,3,50.0,0.02598428726196289,2
605,graficon36nodi/grafo2212.36,31,36,41,54,59,34.0,2,34.0,0.023861408233642578,2
606,graficon31nodi/grafo1989.31,31,31,33,54,56,30.0,0,30.0,0.013435840606689453,2
607,graficon35nodi/grafo10658.35,31,35,41,50,56,49.0,3,49.0,0.031600236892700195,2
608,graficon39nodi/grafo5309.39,31,39,46,54,61,49.0,5,49.0,0.03516077995300293,2
609,graficon34nodi/grafo5495.34,31,34,43,53,62,44.0,7,44.0,0.031854867935180664,2
610,graficon37nodi/grafo3433.37,31,37,42,54,59,43.0,3,43.0,0.024991512298583984,2
611,graficon34nodi/grafo9882.34,31,34,39,50,55,34.0,0,34.0,0.013647317886352539,2
612,graficon22nodi/grafo1154.22,31,22,28,50,56,34.0,3,34.0,0.023914337158203125,2
613,graficon22nodi/grafo1715.22,31,22,34,54,66,85.0,3,85.0,0.03476881980895996,2
614,graficon36nodi/grafo3282.36,31,36,40,54,58,33.0,2,33.0,0.024402618408203125,2
615,graficon36nodi/grafo3153.36,31,36,43,53,60,53.0,2,53.0,0.030982255935668945,2
616,graficon34nodi/grafo4029.34,31,34,40,50,56,39.0,6,39.0,0.024764537811279297,2
617,graficon32nodi/grafo1784.32,31,32,36,52,56,25.0,3,25.0,0.023593425750732422,2
618,graficon33nodi/grafo2397.33,31,33,39,50,56,46.0,5,46.0,0.02500009536743164,2
619,graficon39nodi/grafo7363.39,31,39,43,51,55,42.0,3,42.0,0.032329559326171875,2
620,graficon34nodi/grafo11241.34,31,34,39,50,55,34.0,0,34.0,0.02371835708618164,2
621,graficon31nodi/grafo1689.31,31,31,34,53,56,28.0,0,28.0,0.02333974838256836,2
622,graficon39nodi/grafo6808.39,31,39,45,51,57,41.0,6,41.0,0.03183126449584961,2
623,graficon24nodi/grafo522.24,31,24,30,51,57,40.0,4,40.0,0.025344133377075195,2
624,graficon25nodi/grafo2016.25,31,25,33,50,58,45.0,2,45.0,0.024934053421020508,2
625,graficon24nodi/grafo1667.24,31,24,29,50,55,31.0,1,31.0,0.02380681037902832,2
626,graficon40nodi/grafo5346.40,31,40,44,52,56,52.0,6,52.0,0.034685373306274414,2
627,graficon34nodi/grafo11531.34,31,34,37,50,53,29.0,1,29.0,0.024466514587402344,2
628,graficon23nodi/grafo1974.23,31,23,27,54,58,30.0,1,30.0,0.013462066650390625,2
629,graficon30nodi/grafo1183.30,31,30,39,50,59,46.0,6,46.0,0.031594038009643555,2
630,graficon35nodi/grafo7366.35,31,35,43,51,59,31.0,1,31.0,0.03456544876098633,2
631,graficon33nodi/grafo9869.33,31,33,38,50,55,25.0,2,25.0,0.022668838500976562,2
632,graficon38nodi/grafo3247.38,31,38,43,50,55,53.0,3,53.0,0.034934043884277344,2
633,graficon36nodi/grafo5319.36,31,36,44,53,61,40.0,2,40.0,0.034584760665893555,2
634,graficon30nodi/grafo11384.30,31,30,34,50,54,24.0,2,24.0,0.013345003128051758,2
635,graficon38nodi/grafo3966.38,31,38,42,54,58,45.0,4,45.0,0.034149885177612305,2
636,graficon32nodi/grafo3012.32,31,32,38,54,60,54.0,3,54.0,0.03483700752258301,2
637,graficon33nodi/grafo1174.33,31,33,41,53,61,56.0,4,56.0,0.03379106521606445,2
638,graficon35nodi/grafo11415.35,31,35,43,52,60,46.0,5,46.0,0.03100728988647461,2
639,graficon36nodi/grafo10746.36,31,36,42,54,60,42.0,0,42.0,0.02591872215270996,2
640,graficon38nodi/grafo6579.38,31,38,49,54,65,74.0,7,74.0,0.034844160079956055,2
641,graficon32nodi/grafo10058.32,31,32,40,51,59,53.0,3,53.0,0.03070521354675293,2
642,graficon34nodi/grafo11614.34,31,34,39,50,55,34.0,0,34.0,0.024760961532592773,2
643,graficon38nodi/grafo6106.38,31,38,47,53,62,59.0,11,59.0,0.0350651741027832,2
644,graficon26nodi/grafo309.26,31,26,36,54,64,69.0,6,69.0,0.03460383415222168,2
645,graficon34nodi/grafo10483.34,31,34,45,50,61,58.0,8,58.0,0.025809526443481445,2
646,graficon34nodi/grafo3023.34,31,34,42,54,62,42.0,2,42.0,0.024126529693603516,2
647,graficon35nodi/grafo11423.35,31,35,42,54,61,37.0,4,37.0,0.03354668617248535,2
648,graficon26nodi/grafo1952.26,31,26,31,54,59,28.0,3,28.0,0.023995637893676758,2
649,graficon38nodi/grafo5993.38,31,38,44,53,59,40.0,4,40.0,0.032176971435546875,2
650,graficon17nodi/grafo2227.17,31,17,25,50,58,36.0,2,36.0,0.03183388710021973,2
651,graficon34nodi/grafo2082.34,31,34,38,54,58,24.0,0,24.0,0.023316383361816406,2
652,graficon27nodi/grafo1746.27,31,27,38,52,63,43.0,3,43.0,0.024164676666259766,2
653,graficon33nodi/grafo3214.33,31,33,44,52,63,69.0,14,69.0,0.03459811210632324,2
654,graficon28nodi/grafo3060.28,31,28,36,51,59,33.0,4,33.0,0.022731304168701172,2
655,graficon24nodi/grafo1158.24,31,24,34,52,62,66.0,6,66.0,0.03261923789978027,2
656,graficon33nodi/grafo11638.33,31,33,38,53,58,38.0,2,38.0,0.024886131286621094,2
657,graficon35nodi/grafo7548.35,31,35,42,54,61,49.0,1,49.0,0.03401541709899902,2
658,graficon34nodi/grafo5827.34,31,34,40,51,57,34.0,2,34.0,0.022691965103149414,2
659,graficon34nodi/grafo5485.34,31,34,43,52,61,47.0,5,47.0,0.0261538028717041,2
660,graficon35nodi/grafo6897.35,31,35,47,52,64,63.0,10,63.0,0.031874656677246094,2
661,graficon34nodi/grafo5498.34,31,34,41,54,61,41.0,4,41.0,0.03436279296875,2
662,graficon34nodi/grafo5856.34,31,34,41,50,57,30.0,4,30.0,0.02411627769470215,2
663,graficon40nodi/grafo4073.40,31,40,42,51,53,33.0,2,33.0,0.03538393974304199,2
664,graficon36nodi/grafo10619.36,31,36,41,51,56,42.0,1,42.0,0.02466440200805664,2
665,graficon42nodi/grafo7119.42,31,42,46,50,54,33.0,2,33.0,0.024044275283813477,2
666,graficon36nodi/grafo11525.36,31,36,45,53,62,48.0,6,48.0,0.03232836723327637,2
667,graficon35nodi/grafo11234.35,31,35,35,51,51,17.0,0,17.0,0.017011165618896484,2
668,graficon24nodi/grafo2787.24,31,24,35,51,62,52.0,7,52.0,0.03167605400085449,2
669,graficon40nodi/grafo3874.40,31,40,46,50,56,51.0,4,51.0,0.034732818603515625,2
670,graficon28nodi/grafo1569.28,31,28,36,53,61,53.0,1,53.0,0.025280475616455078,2
671,graficon35nodi/grafo2098.35,31,35,42,50,57,33.0,3,33.0,0.012722015380859375,2
672,graficon34nodi/grafo2031.34,31,34,42,53,61,37.0,4,37.0,0.03167533874511719,2
673,graficon30nodi/grafo11667.30,31,30,34,52,56,16.0,0,16.0,0.012555837631225586,2
674,graficon30nodi/grafo1345.30,31,30,44,50,64,116.0,15,116.0,0.03820323944091797,2
675,graficon29nodi/grafo2054.29,31,29,35,50,56,26.0,2,26.0,0.012212753295898438,2
676,graficon41nodi/grafo4004.41,31,41,48,57,64,47.0,5,47.0,0.02596569061279297,2
677,graficon37nodi/grafo2224.37,31,37,45,58,66,74.0,11,74.0,0.03548789024353027,2
678,graficon34nodi/grafo6076.34,31,34,44,56,66,61.0,2,61.0,0.0313565731048584,2
679,graficon40nodi/grafo5714.40,31,40,52,59,71,83.0,18,83.0,0.03621554374694824,2
680,graficon38nodi/grafo9968.38,31,38,44,55,61,34.0,1,34.0,0.013545513153076172,2
681,graficon28nodi/grafo1201.28,31,28,38,58,68,59.0,5,59.0,0.03282737731933594,2
682,graficon35nodi/grafo10708.35,31,35,46,55,66,82.0,19,82.0,0.03725075721740723,2
683,graficon21nodi/grafo433.21,31,21,28,55,62,37.0,5,37.0,0.03126335144042969,2
684,graficon34nodi/grafo5143.34,31,34,40,57,63,25.0,1,25.0,0.024096250534057617,2
685,graficon36nodi/grafo11677.36,31,36,49,56,69,78.0,8,78.0,0.03379392623901367,2
686,graficon37nodi/grafo3125.37,31,37,42,58,63,32.0,2,32.0,0.02419424057006836,2
687,graficon37nodi/grafo7307.37,31,37,47,55,65,40.0,3,40.0,0.031607866287231445,2
688,graficon37nodi/grafo6450.37,31,37,46,57,66,49.0,4,49.0,0.031763315200805664,2
689,graficon39nodi/grafo3679.39,31,39,43,56,60,51.0,5,51.0,0.032616376876831055,2
690,graficon38nodi/grafo6656.38,31,38,46,57,65,52.0,3,52.0,0.03190803527832031,2
691,graficon34nodi/grafo11409.34,31,34,35,56,57,21.0,1,21.0,0.023706912994384766,2
692,graficon38nodi/grafo6939.38,31,38,51,57,70,71.0,12,71.0,0.03415489196777344,2
693,graficon33nodi/grafo2687.33,31,33,46,56,69,89.0,15,89.0,0.03594326972961426,2
694,graficon38nodi/grafo3351.38,31,38,46,55,63,46.0,7,46.0,0.030941009521484375,2
695,graficon37nodi/grafo7087.37,31,37,44,59,66,54.0,2,54.0,0.03189420700073242,2
696,graficon36nodi/grafo11468.36,31,36,47,58,69,84.0,20,84.0,0.037355661392211914,2
697,graficon31nodi/grafo1946.31,31,31,38,59,66,49.0,3,49.0,0.02599048614501953,2
698,graficon32nodi/grafo1908.32,31,32,39,55,62,55.0,3,55.0,0.03332328796386719,2
699,graficon40nodi/grafo3255.40,31,40,46,56,62,44.0,8,44.0,0.03474831581115723,2
700,graficon37nodi/grafo5301.37,31,37,44,58,65,40.0,3,40.0,0.033506155014038086,2
701,graficon35nodi/grafo5613.35,31,35,46,57,68,86.0,11,86.0,0.0350339412689209,2
702,graficon35nodi/grafo2990.35,31,35,48,59,72,71.0,13,71.0,0.035161733627319336,2
703,graficon43nodi/grafo6878.43,31,43,48,56,61,56.0,5,56.0,0.0843963623046875,2
704,graficon27nodi/grafo1390.27,31,27,39,57,69,67.0,10,67.0,0.035553932189941406,2
705,graficon36nodi/grafo6227.36,31,36,46,59,69,74.0,8,74.0,0.036257028579711914,2
706,graficon39nodi/grafo3830.39,31,39,50,58,69,71.0,6,71.0,0.03470277786254883,2
707,graficon37nodi/grafo6796.37,31,37,49,57,69,82.0,7,82.0,0.03618431091308594,2
708,graficon33nodi/grafo5872.33,31,33,39,57,63,31.0,2,31.0,0.02277517318725586,2
709,graficon36nodi/grafo6071.36,31,36,43,59,66,38.0,3,38.0,0.023580551147460938,2
710,graficon36nodi/grafo2465.36,31,36,44,58,66,71.0,5,71.0,0.03472161293029785,2
711,graficon38nodi/grafo7362.38,31,38,44,59,65,42.0,3,42.0,0.03361916542053223,2
712,graficon38nodi/grafo7290.38,31,38,47,58,67,69.0,8,69.0,0.03622031211853027,2
713,graficon42nodi/grafo3239.42,31,42,48,56,62,63.0,4,63.0,0.03536272048950195,2
714,graficon44nodi/grafo3040.44,31,44,50,59,65,49.0,5,49.0,0.034430503845214844,2
715,graficon39nodi/grafo11577.39,31,39,49,55,65,68.0,9,68.0,0.03423452377319336,2
716,graficon40nodi/grafo4081.40,31,40,46,56,62,73.0,12,73.0,0.03815913200378418,2
717,graficon42nodi/grafo6381.42,31,42,50,59,67,48.0,4,48.0,0.03150224685668945,2
718,graficon41nodi/grafo10067.41,31,41,47,58,64,39.0,3,39.0,0.025390148162841797,2
719,graficon37nodi/grafo11622.37,31,37,49,59,71,51.0,5,51.0,0.030931711196899414,2
720,graficon32nodi/grafo1992.32,31,32,36,57,61,34.0,2,34.0,0.023433446884155273,2
721,graficon38nodi/grafo6467.38,31,38,43,59,64,35.0,2,35.0,0.025295734405517578,2
722,graficon40nodi/grafo6922.40,31,40,47,59,66,53.0,5,53.0,0.03456568717956543,2
723,graficon34nodi/grafo5303.34,31,34,44,59,69,44.0,2,44.0,0.03538036346435547,2
724,graficon34nodi/grafo11396.34,31,34,35,55,56,21.0,0,21.0,0.022814512252807617,2
725,graficon39nodi/grafo5122.39,31,39,51,59,71,99.0,15,99.0,0.037383079528808594,2
726,graficon42nodi/grafo6223.42,31,42,45,59,62,37.0,2,37.0,0.03444242477416992,2
727,graficon40nodi/grafo2627.40,31,40,49,56,65,54.0,7,54.0,0.03432202339172363,2
728,graficon41nodi/grafo6876.41,31,41,50,58,67,61.0,5,61.0,0.03190970420837402,2
729,graficon35nodi/grafo11548.35,31,35,46,55,66,82.0,19,82.0,0.03567862510681152,2
730,graficon31nodi/grafo1637.31,31,31,41,56,66,66.0,10,66.0,0.03262805938720703,2
731,graficon38nodi/grafo3437.38,31,38,45,57,64,50.0,9,50.0,0.035355567932128906,2
732,graficon35nodi/grafo10135.35,31,35,43,55,63,51.0,7,51.0,0.03467082977294922,2
733,graficon38nodi/grafo2960.38,31,38,48,56,66,62.0,13,62.0,0.03511476516723633,2
734,graficon35nodi/grafo3720.35,31,35,46,59,70,80.0,6,80.0,0.03639411926269531,2
735,graficon36nodi/grafo6233.36,31,36,47,56,67,49.0,8,49.0,0.031919002532958984,2
736,graficon24nodi/grafo1966.24,31,24,34,58,68,51.0,2,51.0,0.031462907791137695,2
737,graficon38nodi/grafo3681.38,31,38,48,56,66,64.0,6,64.0,0.035837650299072266,2
738,graficon36nodi/grafo5970.36,31,36,46,57,67,81.0,10,81.0,0.03708148002624512,2
739,graficon26nodi/grafo1272.26,31,26,34,56,64,57.0,1,57.0,0.03232121467590332,2
740,graficon32nodi/grafo2968.32,31,32,41,55,64,57.0,8,57.0,0.03430032730102539,2
741,graficon34nodi/grafo5917.34,31,34,41,58,65,24.0,2,24.0,0.02342391014099121,2
742,graficon35nodi/grafo11344.35,31,35,40,55,60,30.0,3,30.0,0.023937463760375977,2
743,graficon47nodi/grafo1531.47,31,47,54,58,65,75.0,2,75.0,0.035430908203125,2
744,graficon36nodi/grafo5264.36,31,36,41,59,64,30.0,0,30.0,0.01364445686340332,2
745,graficon36nodi/grafo7306.36,31,36,48,55,67,119.0,30,119.0,0.03731703758239746,2
746,graficon34nodi/grafo3124.34,31,34,43,56,65,72.0,8,72.0,0.034201860427856445,2
747,graficon35nodi/grafo11633.35,31,35,46,56,67,55.0,7,55.0,0.034967899322509766,2
748,graficon40nodi/grafo6115.40,31,40,46,57,63,46.0,5,46.0,0.023886919021606445,2
749,graficon37nodi/grafo3554.37,31,37,41,57,61,29.0,0,29.0,0.02492976188659668,2
750,graficon36nodi/grafo10229.36,31,36,46,58,68,52.0,5,52.0,0.033773183822631836,2
751,graficon33nodi/grafo598.33,31,33,49,63,79,120.0,23,120.0,0.037140607833862305,2
752,graficon44nodi/grafo7435.44,31,44,53,63,72,46.0,4,46.0,0.03381538391113281,2
753,graficon40nodi/grafo6485.40,31,40,51,62,73,62.0,15,62.0,0.03515911102294922,2
754,graficon35nodi/grafo6035.35,31,35,50,61,76,96.0,9,96.0,0.036096811294555664,2
755,graficon38nodi/grafo7531.38,31,38,44,61,67,35.0,3,35.0,0.02368450164794922,2
756,graficon37nodi/grafo11473.37,31,37,42,61,66,37.0,1,37.0,0.03083348274230957,2
757,graficon33nodi/grafo5821.33,31,33,43,62,72,47.0,4,47.0,0.031082868576049805,2
758,graficon39nodi/grafo5308.39,31,39,49,64,74,60.0,7,60.0,0.034008026123046875,2
759,graficon33nodi/grafo10454.33,31,33,41,61,69,43.0,3,43.0,0.0324254035949707,2
760,graficon42nodi/grafo7704.42,31,42,51,63,72,71.0,10,71.0,0.035490989685058594,2
761,graficon33nodi/grafo2654.33,31,33,49,64,80,97.0,14,97.0,0.03729581832885742,2
762,graficon36nodi/grafo11077.36,31,36,40,63,67,35.0,1,35.0,0.023407459259033203,2
763,graficon37nodi/grafo5888.37,31,37,50,60,73,45.0,9,45.0,0.03221416473388672,2
764,graficon33nodi/grafo10732.33,31,33,37,60,64,34.0,1,34.0,0.021030664443969727,2
765,graficon25nodi/grafo2301.25,31,25,37,61,73,63.0,1,63.0,0.0340733528137207,2
766,graficon43nodi/grafo7428.43,31,43,52,60,69,58.0,6,58.0,0.035390377044677734,2
767,graficon32nodi/grafo2991.32,31,32,43,61,72,74.0,6,74.0,0.03446507453918457,2
768,graficon41nodi/grafo3498.41,31,41,53,63,75,87.0,13,87.0,0.035418033599853516,2
769,graficon36nodi/grafo11414.36,31,36,47,62,73,59.0,9,59.0,0.03498339653015137,2
770,graficon35nodi/grafo10841.35,31,35,45,62,72,71.0,9,71.0,0.03300356864929199,2
771,graficon38nodi/grafo2959.38,31,38,48,61,71,54.0,7,54.0,0.032453298568725586,2
772,graficon30nodi/grafo359.30,31,30,37,60,67,34.0,4,34.0,0.024211645126342773,2
773,graficon37nodi/grafo1555.37,31,37,48,61,72,65.0,15,65.0,0.03519749641418457,2
774,graficon37nodi/grafo2398.37,31,37,47,64,74,56.0,10,56.0,0.035552263259887695,2
775,graficon40nodi/grafo2729.40,31,40,46,64,70,52.0,4,52.0,0.03319144248962402,2
776,graficon42nodi/grafo3325.42,31,42,52,64,74,56.0,5,56.0,0.034468889236450195,2
777,graficon36nodi/grafo10462.36,31,36,40,61,65,32.0,0,32.0,0.022912025451660156,2
778,graficon39nodi/grafo7630.39,31,39,46,62,69,51.0,8,51.0,0.03553056716918945,2
779,graficon30nodi/grafo2012.30,31,30,46,64,80,114.0,16,114.0,0.03975105285644531,2
780,graficon48nodi/grafo1669.48,31,48,59,62,73,123.0,15,123.0,0.037139177322387695,2
781,graficon40nodi/grafo3116.40,31,40,47,64,71,75.0,5,75.0,0.03583979606628418,2
782,graficon41nodi/grafo4047.41,31,41,48,63,70,48.0,1,48.0,0.03162193298339844,2
783,graficon44nodi/grafo3971.44,31,44,48,64,68,39.0,2,39.0,0.034902095794677734,2
784,graficon36nodi/grafo6093.36,31,36,43,63,70,41.0,7,41.0,0.03163909912109375,2
785,graficon39nodi/grafo6244.39,31,39,52,64,77,86.0,12,86.0,0.036713361740112305,2
786,graficon34nodi/grafo5991.34,31,34,41,60,67,36.0,2,36.0,0.031134605407714844,2
787,graficon38nodi/grafo5998.38,31,38,44,60,66,52.0,1,52.0,0.034667253494262695,2
788,graficon32nodi/grafo5807.32,31,32,41,64,73,38.0,2,38.0,0.03153085708618164,2
789,graficon29nodi/grafo2811.29,31,29,40,62,73,70.0,9,70.0,0.03270530700683594,2
790,graficon33nodi/grafo11643.33,31,33,37,60,64,34.0,1,34.0,0.024645090103149414,2
791,graficon45nodi/grafo7711.45,31,45,53,64,72,47.0,3,47.0,0.032332420349121094,2
792,graficon35nodi/grafo3483.35,31,35,41,61,67,34.0,4,34.0,0.03100442886352539,2
793,graficon37nodi/grafo7410.37,31,37,51,61,75,58.0,15,58.0,0.03282475471496582,2
794,graficon39nodi/grafo3792.39,31,39,49,61,71,57.0,7,57.0,0.03248095512390137,2
795,graficon46nodi/grafo7281.46,31,46,54,61,69,58.0,9,58.0,0.03403782844543457,2
796,graficon41nodi/grafo7033.41,31,41,48,60,67,59.0,8,59.0,0.035305023193359375,2
797,graficon37nodi/grafo6905.37,31,37,48,63,74,82.0,11,82.0,0.035405874252319336,2
798,graficon33nodi/grafo1668.33,31,33,41,63,71,48.0,6,48.0,0.03425765037536621,2
799,graficon43nodi/grafo4042.43,31,43,47,60,64,45.0,0,45.0,0.03420233726501465,2
800,graficon37nodi/grafo3728.37,31,37,47,63,73,62.0,6,62.0,0.0327451229095459,2
801,graficon37nodi/grafo6219.37,31,37,45,62,70,60.0,4,60.0,0.032749176025390625,2
802,graficon37nodi/grafo2761.37,31,37,45,60,68,46.0,5,46.0,0.03413510322570801,2
803,graficon35nodi/grafo6010.35,31,35,44,60,69,52.0,8,52.0,0.03449892997741699,2
804,graficon41nodi/grafo5637.41,31,41,49,61,69,64.0,5,64.0,0.033364295959472656,2
805,graficon36nodi/grafo5783.36,31,36,46,62,72,59.0,6,59.0,0.03493642807006836,2
806,graficon42nodi/grafo5250.42,31,42,51,64,73,66.0,7,66.0,0.03267359733581543,2
807,graficon38nodi/grafo11452.38,31,38,50,62,74,80.0,17,80.0,0.036086320877075195,2
808,graficon41nodi/grafo11172.41,31,41,51,62,72,75.0,8,75.0,0.03683352470397949,2
809,graficon37nodi/grafo7650.37,31,37,52,63,78,89.0,9,89.0,0.037953853607177734,2
810,graficon33nodi/grafo11527.33,31,33,40,62,69,51.0,3,51.0,0.03372812271118164,2
811,graficon40nodi/grafo6142.40,31,40,49,64,73,63.0,8,63.0,0.036728858947753906,2
812,graficon36nodi/grafo5809.36,31,36,45,63,72,71.0,8,71.0,0.0352628231048584,2
813,graficon40nodi/grafo5426.40,31,40,50,62,72,112.0,14,112.0,0.04053974151611328,2
814,graficon34nodi/grafo3076.34,31,34,39,61,66,29.0,2,29.0,0.03232264518737793,2
815,graficon39nodi/grafo7374.39,31,39,51,62,74,72.0,17,72.0,0.03649139404296875,2
816,graficon40nodi/grafo7706.40,31,40,51,60,71,77.0,14,77.0,0.03484916687011719,2
817,graficon44nodi/grafo3602.44,31,44,53,62,71,100.0,12,100.0,0.03723907470703125,2
818,graficon43nodi/grafo7484.43,31,43,49,63,69,59.0,4,59.0,0.03507518768310547,2
819,graficon37nodi/grafo11410.37,31,37,45,64,72,43.0,4,43.0,0.031355857849121094,2
820,graficon35nodi/grafo6104.35,31,35,40,63,68,43.0,1,43.0,0.032776594161987305,2
821,graficon36nodi/grafo5360.36,31,36,44,62,70,40.0,6,40.0,0.03176426887512207,2
822,graficon38nodi/grafo5222.38,31,38,43,62,67,41.0,3,41.0,0.031853675842285156,2
823,graficon36nodi/grafo11309.36,31,36,46,61,71,66.0,12,66.0,0.036210060119628906,2
824,graficon36nodi/grafo5457.36,31,36,43,61,68,33.0,4,33.0,0.025545358657836914,2
825,graficon37nodi/grafo7092.37,31,37,47,61,71,78.0,18,78.0,0.036368608474731445,2
826,graficon38nodi/grafo1999.38,31,38,45,68,75,44.0,2,44.0,0.03143954277038574,2
827,graficon38nodi/grafo7684.38,31,38,54,68,84,104.0,15,104.0,0.0362095832824707,2
828,graficon43nodi/grafo3669.43,31,43,52,67,76,85.0,6,85.0,0.03994441032409668,2
829,graficon40nodi/grafo11665.40,31,40,48,68,76,51.0,9,51.0,0.03433585166931152,2
830,graficon39nodi/grafo10234.39,31,39,51,69,81,59.0,13,59.0,0.03569459915161133,2
831,graficon40nodi/grafo6382.40,31,40,52,65,77,78.0,12,78.0,0.03364849090576172,2
832,graficon44nodi/grafo7013.44,31,44,53,69,78,61.0,1,61.0,0.032468557357788086,2
833,graficon37nodi/grafo3341.37,31,37,50,66,79,95.0,12,95.0,0.03728961944580078,2
834,graficon40nodi/grafo5504.40,31,40,53,66,79,71.0,10,71.0,0.03348875045776367,2
835,graficon44nodi/grafo1219.44,31,44,48,66,70,33.0,0,33.0,0.02121448516845703,2
836,graficon29nodi/grafo3034.29,31,29,40,65,76,82.0,4,82.0,0.03557395935058594,2
837,graficon44nodi/grafo3831.44,31,44,52,67,75,76.0,8,76.0,0.0396728515625,2
838,graficon35nodi/grafo3068.35,31,35,50,67,82,92.0,16,92.0,0.03705859184265137,2
839,graficon40nodi/grafo9898.40,31,40,50,68,78,52.0,9,52.0,0.03484702110290527,2
840,graficon37nodi/grafo6847.37,31,37,47,67,77,59.0,2,59.0,0.03574204444885254,2
841,graficon40nodi/grafo5327.40,31,40,47,68,75,42.0,4,42.0,0.0328981876373291,2
842,graficon44nodi/grafo6266.44,31,44,60,68,84,113.0,23,113.0,0.04058361053466797,2
843,graficon39nodi/grafo6848.39,31,39,52,67,80,73.0,8,73.0,0.0362858772277832,2
844,graficon30nodi/grafo2030.30,31,30,44,66,80,106.0,14,106.0,0.03626227378845215,2
845,graficon40nodi/grafo6167.40,31,40,57,66,83,127.0,22,127.0,0.04182600975036621,2
846,graficon39nodi/grafo2148.39,31,39,45,67,73,56.0,3,56.0,0.03319549560546875,2
847,graficon36nodi/grafo3734.36,31,36,46,67,77,85.0,6,85.0,0.03766131401062012,2
848,graficon39nodi/grafo5789.39,31,39,58,69,88,96.0,24,96.0,0.03941702842712402,2
849,graficon29nodi/grafo1284.29,31,29,40,65,76,78.0,6,78.0,0.03673911094665527,2
850,graficon45nodi/grafo7024.45,31,45,50,65,70,48.0,5,48.0,0.032230377197265625,2
851,graficon33nodi/grafo5203.33,31,33,41,68,76,34.0,5,34.0,0.03248429298400879,2
852,graficon34nodi/grafo6218.34,31,34,40,65,71,37.0,3,37.0,0.03218698501586914,2
853,graficon43nodi/grafo7073.43,31,43,51,69,77,42.0,7,42.0,0.03432726860046387,2
854,graficon42nodi/grafo5867.42,31,42,52,69,79,89.0,12,89.0,0.0402829647064209,2
855,graficon36nodi/grafo7509.36,31,36,45,69,78,53.0,6,53.0,0.03550910949707031,2
856,graficon37nodi/grafo7743.37,31,37,55,68,86,120.0,21,120.0,0.03808760643005371,2
857,graficon44nodi/grafo6915.44,31,44,58,68,82,95.0,17,95.0,0.037096261978149414,2
858,graficon40nodi/grafo7570.40,31,40,52,68,80,57.0,14,57.0,0.03529024124145508,2
859,graficon33nodi/grafo5787.33,31,33,40,66,73,34.0,2,34.0,0.03203439712524414,2
860,graficon34nodi/grafo11517.34,31,34,44,69,79,60.0,5,60.0,0.03774714469909668,2
861,graficon49nodi/grafo1560.49,31,49,59,68,78,77.0,9,77.0,0.03579592704772949,2
862,graficon47nodi/grafo3121.47,31,47,54,65,72,56.0,3,56.0,0.03693389892578125,2
863,graficon38nodi/grafo2052.38,31,38,50,67,79,66.0,14,66.0,0.03516864776611328,2
864,graficon41nodi/grafo3794.41,31,41,52,65,76,71.0,18,71.0,0.03401446342468262,2
865,graficon38nodi/grafo3964.38,31,38,48,69,79,83.0,6,83.0,0.03607940673828125,2
866,graficon39nodi/grafo7264.39,31,39,51,67,79,91.0,20,91.0,0.04075169563293457,2
867,graficon38nodi/grafo3752.38,31,38,46,65,73,55.0,4,55.0,0.03276824951171875,2
868,graficon37nodi/grafo3576.37,31,37,49,69,81,95.0,13,95.0,0.03711056709289551,2
869,graficon38nodi/grafo5949.38,31,38,50,66,78,79.0,4,79.0,0.0361783504486084,2
870,graficon29nodi/grafo2639.29,31,29,43,67,81,92.0,6,92.0,0.03924250602722168,2
871,graficon38nodi/grafo11575.38,31,38,46,66,74,66.0,11,66.0,0.03443288803100586,2
872,graficon38nodi/grafo3321.38,31,38,53,66,81,98.0,16,98.0,0.03759121894836426,2
873,graficon31nodi/grafo1429.31,31,31,45,65,79,91.0,14,91.0,0.03878641128540039,2
874,graficon38nodi/grafo4013.38,31,38,49,67,78,64.0,9,64.0,0.032991647720336914,2
875,graficon28nodi/grafo1339.28,31,28,41,67,80,89.0,15,89.0,0.039398193359375,2
876,graficon35nodi/grafo2020.35,31,35,43,68,76,36.0,1,36.0,0.03087449073791504,2
877,graficon40nodi/grafo7409.40,31,40,48,65,73,58.0,5,58.0,0.034567832946777344,2
878,graficon42nodi/grafo6141.42,31,42,53,68,79,77.0,13,77.0,0.03845071792602539,2
879,graficon38nodi/grafo3932.38,31,38,48,69,79,62.0,5,62.0,0.03623461723327637,2
880,graficon38nodi/grafo2986.38,31,38,50,67,79,94.0,17,94.0,0.039697885513305664,2
881,graficon42nodi/grafo5771.42,31,42,51,68,77,54.0,5,54.0,0.03558826446533203,2
882,graficon45nodi/grafo7734.45,31,45,55,68,78,69.0,13,69.0,0.03924751281738281,2
883,graficon42nodi/grafo3094.42,31,42,49,69,76,58.0,2,58.0,0.04741692543029785,2
884,graficon38nodi/grafo819.38,31,38,49,68,79,88.0,13,88.0,0.0357205867767334,2
885,graficon39nodi/grafo6923.39,31,39,48,67,76,67.0,10,67.0,0.03878045082092285,2
886,graficon33nodi/grafo10400.33,31,33,38,68,73,34.0,1,34.0,0.03252673149108887,2
887,graficon36nodi/grafo11346.36,31,36,49,69,82,67.0,12,67.0,0.03543281555175781,2
888,graficon39nodi/grafo11565.39,31,39,45,65,71,39.0,4,39.0,0.03344082832336426,2
889,graficon50nodi/grafo1494.50,31,50,57,68,75,77.0,9,77.0,0.04007720947265625,2
890,graficon38nodi/grafo10455.38,31,38,42,67,71,29.0,1,29.0,0.03137946128845215,2
891,graficon38nodi/grafo9852.38,31,38,48,66,76,64.0,7,64.0,0.03525185585021973,2
892,graficon45nodi/grafo5975.45,31,45,52,66,73,72.99999999999989,5,72.99999999999996,0.039168596267700195,2
893,graficon39nodi/grafo4061.39,31,39,47,69,77,48.0,5,48.0,0.03624868392944336,2
894,graficon40nodi/grafo6955.40,31,40,52,69,81,79.0,8,79.0,0.04368162155151367,2
895,graficon41nodi/grafo7624.41,31,41,54,69,82,99.0,11,99.0,0.049757957458496094,2
896,graficon35nodi/grafo6116.35,31,35,43,69,77,40.0,5,40.0,0.033977508544921875,2
897,graficon51nodi/grafo1404.51,31,51,70,69,88,142.0,38,142.0,0.04528546333312988,2
898,graficon36nodi/grafo7553.36,31,36,52,69,85,91.0,15,91.0,0.039530277252197266,2
899,graficon40nodi/grafo3711.40,31,40,53,68,81,74.0,3,74.0,0.03879284858703613,2
900,graficon37nodi/grafo2099.37,31,37,44,69,76,43.0,0,43.0,0.031876325607299805,2
901,graficon40nodi/grafo3916.40,31,40,51,71,82,81.0,6,81.0,0.0387575626373291,2
902,graficon39nodi/grafo227.39,31,39,47,72,80,59.0,4,59.0,0.03573179244995117,2
903,graficon44nodi/grafo7217.44,31,44,53,70,79,73.0,7,73.0,0.03742527961730957,2
904,graficon35nodi/grafo10277.35,31,35,45,71,81,73.0,8,73.0,0.040802955627441406,2
905,graficon37nodi/grafo2678.37,31,37,45,74,82,44.0,2,44.0,0.08282685279846191,2
906,graficon44nodi/grafo3432.44,31,44,55,72,83,77.0,9,77.0,0.03571295738220215,2
907,graficon43nodi/grafo7404.43,31,43,55,73,85,89.0,9,89.0,0.036665916442871094,2
908,graficon47nodi/grafo6168.47,31,47,50,70,73,43.0,1,43.0,0.03364825248718262,2
909,graficon44nodi/grafo5590.44,31,44,49,72,77,35.0,1,35.0,0.031070232391357422,2
910,graficon37nodi/grafo3954.37,31,37,50,70,83,77.0,12,77.0,0.03763175010681152,2
911,graficon40nodi/grafo490.40,31,40,45,71,76,31.0,1,31.0,0.03131365776062012,2
912,graficon38nodi/grafo3708.38,31,38,53,74,89,104.0,8,104.0,0.03919267654418945,2
913,graficon34nodi/grafo10511.34,31,34,41,71,78,43.0,3,43.0,0.031937599182128906,2
914,graficon39nodi/grafo11357.39,31,39,48,71,80,51.0,8,51.0,0.03403759002685547,2
915,graficon49nodi/grafo6373.49,31,49,56,73,80,75.0,10,75.0,0.03723907470703125,2
916,graficon41nodi/grafo7372.41,31,41,55,71,85,134.0,14,134.0,0.04639577865600586,2
917,graficon47nodi/grafo3806.47,31,47,52,71,76,58.0,3,58.0,0.03428506851196289,2
918,graficon40nodi/grafo7285.40,31,40,56,70,86,122.0,20,122.0,0.04155421257019043,2
919,graficon36nodi/grafo5124.36,31,36,43,70,77,55.0,4,55.0,0.03563737869262695,2
920,graficon38nodi/grafo3457.38,31,38,43,70,75,39.0,1,39.0,0.0325007438659668,2
921,graficon40nodi/grafo3539.40,31,40,57,72,89,98.0,20,98.0,0.04018092155456543,2
922,graficon39nodi/grafo3391.39,31,39,61,71,93,133.0,38,133.0,0.04639911651611328,2
923,graficon38nodi/grafo6480.38,31,38,50,70,82,75.0,11,75.0,0.03617453575134277,2
924,graficon42nodi/grafo3820.42,31,42,52,70,80,53.0,5,53.0,0.03848910331726074,2
925,graficon40nodi/grafo11283.40,31,40,52,74,86,68.0,11,68.0,0.03584122657775879,2
926,graficon48nodi/grafo1535.48,31,48,53,72,77,53.0,1,53.0,0.031974077224731445,2
927,graficon44nodi/grafo11640.44,31,44,59,73,88,101.0,15,101.0,0.04009294509887695,2
928,graficon30nodi/grafo1810.30,31,30,40,73,83,44.0,4,44.0,0.035928964614868164,2
929,graficon38nodi/grafo10767.38,31,38,50,72,84,83.0,7,83.0,0.04047703742980957,2
930,graficon39nodi/grafo10062.39,31,39,44,74,79,44.0,5,44.0,0.034645795822143555,2
931,graficon42nodi/grafo6171.42,31,42,59,73,90,105.0,18,105.0,0.043370723724365234,2
932,graficon41nodi/grafo7074.41,31,41,50,72,81,54.0,1,54.0,0.03588676452636719,2
933,graficon42nodi/grafo6304.42,31,42,55,73,86,105.0,13,105.0,0.10137820243835449,2
934,graficon43nodi/grafo3801.43,31,43,52,70,79,58.0,5,58.0,0.03250718116760254,2
935,graficon40nodi/grafo3538.40,31,40,46,72,78,47.0,3,47.0,0.03305554389953613,2
936,graficon38nodi/grafo10567.38,31,38,47,74,83,66.0,9,66.0,0.03695034980773926,2
937,graficon37nodi/grafo3445.37,31,37,46,73,82,43.0,7,43.0,0.03443121910095215,2
938,graficon37nodi/grafo11122.37,31,37,44,74,81,47.0,7,47.000000000000014,0.033223867416381836,2
939,graficon35nodi/grafo3499.35,31,35,47,70,82,68.0,9,68.0,0.03464102745056152,2
940,graficon42nodi/grafo7296.42,31,42,56,73,87,82.0,11,82.0,0.036431074142456055,2
941,graficon38nodi/grafo10027.38,31,38,50,74,86,76.0,9,76.0,0.037181854248046875,2
942,graficon40nodi/grafo6207.40,31,40,52,72,84,69.0,11,69.0,0.03601264953613281,2
943,graficon35nodi/grafo3006.35,31,35,44,70,79,54.0,3,54.0,0.03600454330444336,2
944,graficon56nodi/grafo5979.56,31,56,69,72,85,122.0,21,122.0,0.043663740158081055,2
945,graficon39nodi/grafo7283.39,31,39,50,74,85,82.0,11,82.0,0.036702632904052734,2
946,graficon40nodi/grafo3229.40,31,40,48,74,82,59.0,3,59.0,0.035973548889160156,2
947,graficon37nodi/grafo2528.37,31,37,50,70,83,71.0,6,71.0,0.03753781318664551,2
948,graficon40nodi/grafo2963.40,31,40,49,70,79,69.0,7,69.0,0.035720109939575195,2
949,graficon37nodi/grafo11238.37,31,37,47,70,80,59.0,5,59.0,0.034821510314941406,2
950,graficon34nodi/grafo5693.34,31,34,46,73,85,59.0,5,59.0,0.03422880172729492,2
951,graficon45nodi/grafo5623.45,31,45,55,74,84,83.0,2,83.0,0.03723645210266113,2
952,graficon38nodi/grafo1157.38,31,38,48,73,83,51.0,5,51.0,0.03496193885803223,2
953,graficon36nodi/grafo9862.36,31,36,51,74,89,64.0,10,64.0,0.03822445869445801,2
954,graficon39nodi/grafo10505.39,31,39,52,70,83,80.0,12,80.0,0.03720593452453613,2
955,graficon34nodi/grafo9934.34,31,34,40,73,79,23.0,0,23.0,0.030964374542236328,2
956,graficon42nodi/grafo7692.42,31,42,54,74,86,63.0,9,63.0,0.03857564926147461,2
957,graficon41nodi/grafo7635.41,31,41,53,71,83,96.0,21,96.0,0.042417287826538086,2
958,graficon39nodi/grafo3849.39,31,39,50,71,82,83.0,9,83.0,0.03877830505371094,2
959,graficon40nodi/grafo3287.40,31,40,52,71,83,68.0,11,68.0,0.03558516502380371,2
960,graficon56nodi/grafo7164.56,31,56,68,70,82,79.0,9,79.0,0.03584718704223633,2
961,graficon43nodi/grafo7403.43,31,43,57,70,84,101.0,22,101.0,0.03757309913635254,2
962,graficon39nodi/grafo6476.39,31,39,50,73,84,53.0,14,53.0,0.035265207290649414,2
963,graficon41nodi/grafo5344.41,31,41,52,73,84,60.0,8,60.0,0.03682756423950195,2
964,graficon35nodi/grafo7560.35,31,35,45,72,82,52.0,5,52.0,0.03239893913269043,2
965,graficon39nodi/grafo11552.39,31,39,47,71,79,78.0,4,78.0,0.03532004356384277,2
966,graficon42nodi/grafo3865.42,31,42,56,73,87,73.0,15,73.0,0.03633689880371094,2
967,graficon46nodi/grafo1581.46,31,46,52,71,77,49.0,2,49.0,0.03592228889465332,2
968,graficon38nodi/grafo7187.38,31,38,52,74,88,125.0,18,125.0,0.041724443435668945,2
969,graficon57nodi/grafo5041.57,31,57,63,74,80,78.0,4,78.0,0.039249420166015625,2
970,graficon37nodi/grafo7512.37,31,37,45,71,79,75.0,2,75.0,0.03564310073852539,2
971,graficon39nodi/grafo7479.39,31,39,53,70,84,108.0,13,108.0,0.03886985778808594,2
972,graficon46nodi/grafo5905.46,31,46,56,74,84,76.0,7,76.0,0.03717184066772461,2
973,graficon40nodi/grafo3387.40,31,40,53,74,87,87.0,15,87.0,0.03957176208496094,2
974,graficon38nodi/grafo3915.38,31,38,44,71,77,61.0,2,61.0,0.03525829315185547,2
975,graficon37nodi/grafo11479.37,31,37,44,73,80,41.0,6,41.0,0.033084869384765625,2
976,graficon36nodi/grafo2504.36,31,36,49,76,89,77.0,9,77.0,0.0374753475189209,2
977,graficon30nodi/grafo3011.30,31,30,41,76,87,63.0,4,63.0,0.03666806221008301,2
978,graficon39nodi/grafo2310.39,31,39,59,77,97,134.0,21,134.0,0.04353070259094238,2
979,graficon40nodi/grafo365.40,31,40,47,76,83,51.0,4,51.0,0.0318448543548584,2
980,graficon41nodi/grafo5534.41,31,41,49,77,85,46.0,5,46.0,0.03578376770019531,2
981,graficon36nodi/grafo5632.36,31,36,43,76,83,49.0,5,49.0,0.03330516815185547,2
982,graficon42nodi/grafo3895.42,31,42,55,79,92,108.0,22,108.0,0.040766239166259766,2
983,graficon40nodi/grafo7534.40,31,40,54,76,90,128.0,15,128.0,0.0421442985534668,2
984,graficon38nodi/grafo11163.38,31,38,50,77,89,79.0,14,79.0,0.036424875259399414,2
985,graficon36nodi/grafo5700.36,31,36,49,78,91,81.0,11,81.0,0.03872275352478027,2
986,graficon41nodi/grafo7150.41,31,41,52,75,86,58.0,8,58.0,0.035169124603271484,2
987,graficon38nodi/grafo9909.38,31,38,48,77,87,72.0,8,72.0,0.03605818748474121,2
988,graficon41nodi/grafo6152.41,31,41,56,75,90,82.0,12,82.0,0.038507938385009766,2
989,graficon44nodi/grafo3924.44,31,44,53,75,84,54.0,8,54.0,0.03720211982727051,2
990,graficon38nodi/grafo5880.38,31,38,52,76,90,93.0,12,93.0,0.03942728042602539,2
991,graficon31nodi/grafo1257.31,31,31,50,76,95,128.0,22,128.0,0.04309248924255371,2
992,graficon40nodi/grafo9929.40,31,40,56,77,93,89.0,19,89.0,0.0373232364654541,2
993,graficon43nodi/grafo7444.43,31,43,55,77,89,85.0,15,85.0,0.03929543495178223,2
994,graficon33nodi/grafo1975.33,31,33,46,77,90,61.0,9,61.0,0.0351104736328125,2
995,graficon44nodi/grafo5982.44,31,44,57,79,92,92.0,12,92.0,0.04304218292236328,2
996,graficon49nodi/grafo1353.49,31,49,54,76,81,65.0,3,65.0,0.03546857833862305,2
997,graficon36nodi/grafo3379.36,31,36,44,75,83,47.0,1,47.0,0.03225398063659668,2
998,graficon37nodi/grafo5904.37,31,37,50,77,90,74.0,10,74.0,0.0369107723236084,2
999,graficon37nodi/grafo3837.37,31,37,52,75,90,115.0,13,115.0,0.04234480857849121,2
1000,graficon42nodi/grafo6032.42,31,42,51,76,85,55.0,5,55.0,0.03549051284790039,2
1001,graficon40nodi/grafo7544.40,31,40,53,75,88,93.0,4,93.0,0.04116654396057129,2
1002,graficon38nodi/grafo7305.38,31,38,53,76,91,105.0,17,105.0,0.040673255920410156,2
1003,graficon48nodi/grafo7046.48,31,48,54,76,82,80.0,2,80.0,0.03617572784423828,2
1004,graficon47nodi/grafo3232.47,31,47,55,77,85,50.0,4,50.0,0.033132076263427734,2
1005,graficon40nodi/grafo3885.40,31,40,51,75,86,72.0,6,72.0,0.03650212287902832,2
1006,graficon43nodi/grafo6858.43,31,43,61,77,95,120.0,19,120.0,0.04291987419128418,2
1007,graficon43nodi/grafo5298.43,31,43,56,76,89,79.0,11,79.0,0.03724312782287598,2
1008,graficon37nodi/grafo11609.37,31,37,44,77,84,43.0,6,43.0,0.033616065979003906,2
1009,graficon43nodi/grafo7047.43,31,43,55,76,88,90.0,9,90.0,0.039022207260131836,2
1010,graficon46nodi/grafo1484.46,31,46,57,78,89,122.0,11,122.0,0.04584908485412598,2
1011,graficon37nodi/grafo5641.37,31,37,44,79,86,62.0,1,62.0,0.03577399253845215,2
1012,graficon47nodi/grafo7547.47,31,47,59,77,89,69.0,10,69.0,0.03751349449157715,2
1013,graficon40nodi/grafo10494.40,31,40,50,78,88,61.0,6,61.0,0.038308143615722656,2
1014,graficon37nodi/grafo2713.37,31,37,48,76,87,76.0,14,76.0,0.03646516799926758,2
1015,graficon39nodi/grafo6248.39,31,39,50,79,90,79.0,6,79.0,0.0400238037109375,2
1016,graficon38nodi/grafo5903.38,31,38,48,77,87,62.0,8,62.0,0.03715991973876953,2
1017,graficon43nodi/grafo6296.43,31,43,59,79,95,137.0,25,137.0,0.04508352279663086,2
1018,graficon41nodi/grafo6951.41,31,41,54,76,89,95.0,13,95.0,0.03723931312561035,2
1019,graficon39nodi/grafo10733.39,31,39,53,79,93,94.0,8,94.0,0.04070305824279785,2
1020,graficon41nodi/grafo7056.41,31,41,51,76,86,65.0,3,65.0,0.036422014236450195,2
1021,graficon46nodi/grafo3380.46,31,46,56,75,85,71.0,7,71.0,0.03605008125305176,2
1022,graficon41nodi/grafo3534.41,31,41,49,77,85,69.0,6,69.0,0.03717827796936035,2
1023,graficon39nodi/grafo3617.39,31,39,48,77,86,55.0,2,55.0,0.035367488861083984,2
1024,graficon38nodi/grafo11024.38,31,38,45,75,82,42.0,4,42.0,0.03522944450378418,2
1025,graficon49nodi/grafo1408.49,31,49,59,77,87,75.0,0,75.0,0.039662837982177734,2
1026,graficon46nodi/grafo7234.46,31,46,63,78,95,141.0,26,141.0,0.048389434814453125,2
1027,graficon45nodi/grafo3840.45,31,45,59,79,93,136.0,19,136.0,0.046875953674316406,2
1028,graficon43nodi/grafo5371.43,31,43,57,79,93,72.0,10,72.0,0.03562283515930176,2
1029,graficon38nodi/grafo3671.38,31,38,47,75,84,39.0,5,39.0,0.03344988822937012,2
1030,graficon38nodi/grafo9893.38,31,38,49,76,87,54.0,6,54.0,0.03681468963623047,2
1031,graficon35nodi/grafo4037.35,31,35,40,78,83,40.0,3,40.0,0.03629255294799805,2
1032,graficon36nodi/grafo5155.36,31,36,47,79,90,78.0,7,78.0,0.03893136978149414,2
1033,graficon42nodi/grafo7486.42,31,42,57,79,94,95.0,16,95.0,0.040343284606933594,2
1034,graficon49nodi/grafo3418.49,31,49,63,79,93,79.0,13,79.0,0.04232525825500488,2
1035,graficon38nodi/grafo9981.38,31,38,45,78,85,34.0,1,34.0,0.03488945960998535,2
1036,graficon27nodi/grafo2050.27,31,27,36,76,85,36.0,1,36.0,0.032923221588134766,2
1037,graficon29nodi/grafo2072.29,31,29,43,78,92,68.0,6,68.0,0.03576469421386719,2
1038,graficon45nodi/grafo1836.45,31,45,58,77,90,104.0,15,104.0,0.04372143745422363,2
1039,graficon34nodi/grafo3921.34,31,34,46,77,89,70.0,7,70.0,0.03928112983703613,2
1040,graficon55nodi/grafo6415.55,31,55,59,76,80,52.0,2,52.0,0.03631758689880371,2
1041,graficon41nodi/grafo6191.41,31,41,52,78,89,92.0,10,92.0,0.041037797927856445,2
1042,graficon46nodi/grafo1406.46,31,46,56,79,89,80.0,4,80.0,0.038702964782714844,2
1043,graficon45nodi/grafo5925.45,31,45,56,79,90,109.0,14,109.0,0.03714275360107422,2
1044,graficon35nodi/grafo3996.35,31,35,47,78,90,66.0,13,66.0,0.03783774375915527,2
1045,graficon46nodi/grafo6678.46,31,46,55,77,86,64.0,2,64.0,0.03876852989196777,2
1046,graficon43nodi/grafo3573.43,31,43,58,79,94,105.0,15,105.0,0.03934669494628906,2
1047,graficon40nodi/grafo6972.40,31,40,51,77,88,64.0,6,64.0,0.037767887115478516,2
1048,graficon51nodi/grafo3958.51,31,51,62,77,88,94.0,16,94.0,0.04163670539855957,2
1049,graficon39nodi/grafo10192.39,31,39,48,78,87,49.0,7,49.0,0.03650975227355957,2
1050,graficon45nodi/grafo6007.45,31,45,58,79,92,100.0,13,100.0,0.043198347091674805,2
1051,graficon37nodi/grafo11553.37,31,37,49,83,95,42.0,4,42.0,0.03571581840515137,2
1052,graficon44nodi/grafo7454.44,31,44,56,84,96,98.0,11,98.0,0.043634653091430664,2
1053,graficon40nodi/grafo5453.40,31,40,57,83,100,95.0,19,95.0,0.03906369209289551,2
1054,graficon43nodi/grafo6144.43,31,43,56,80,93,103.0,9,103.0,0.040022850036621094,2
1055,graficon38nodi/grafo5499.38,31,38,48,81,91,55.0,3,55.0,0.03519010543823242,2
1056,graficon41nodi/grafo6973.41,31,41,58,84,101,120.0,16,120.0,0.043111562728881836,2
1057,graficon39nodi/grafo10037.39,31,39,50,80,91,62.0,9,62.0,0.038001060485839844,2
1058,graficon36nodi/grafo11554.36,31,36,50,82,96,105.0,22,105.0,0.03993821144104004,2
1059,graficon60nodi/grafo5751.60,31,60,75,84,99,203.99999999999915,21,203.99999999999915,0.1260240077972412,2
1060,graficon42nodi/grafo5241.42,31,42,55,83,96,87.0,11,87.0,0.0412142276763916,2
1061,graficon46nodi/grafo6628.46,31,46,63,83,100,140.99999999999966,26,140.99999999999966,0.052762746810913086,2
1062,graficon39nodi/grafo9924.39,31,39,52,84,97,77.0,12,77.0,0.0393671989440918,2
1063,graficon46nodi/grafo3661.46,31,46,56,83,93,75.0,6,75.0,0.038130998611450195,2
1064,graficon38nodi/grafo7549.38,31,38,50,82,94,74.0,12,74.0,0.03709983825683594,2
1065,graficon39nodi/grafo11532.39,31,39,51,81,93,58.0,4,58.0,0.03750252723693848,2
1066,graficon47nodi/grafo1536.47,31,47,52,80,85,42.0,0,42.0,0.032620906829833984,2
1067,graficon38nodi/grafo4110.38,31,38,52,84,98,107.0,14,107.0,0.0408167839050293,2
1068,graficon41nodi/grafo6857.41,31,41,54,83,96,68.0,6,68.0,0.03508806228637695,2
1069,graficon34nodi/grafo6118.34,31,34,42,82,90,57.0,1,57.0,0.0360720157623291,2
1070,graficon39nodi/grafo10014.39,31,39,52,83,96,85.0,10,85.0,0.03804826736450195,2
1071,graficon43nodi/grafo7598.43,31,43,57,82,96,93.0,12,93.0,0.03907442092895508,2
1072,graficon39nodi/grafo3329.39,31,39,50,80,91,69.0,8,69.0,0.037428855895996094,2
1073,graficon43nodi/grafo1506.43,31,43,50,82,89,58.0,4,58.0,0.03588223457336426,2
1074,graficon42nodi/grafo5595.42,31,42,56,80,94,85.0,12,85.0,0.041570425033569336,2
1075,graficon41nodi/grafo2235.41,31,41,58,83,100,100.0,15,100.0,0.04253697395324707,2
1076,graficon37nodi/grafo5408.37,31,37,57,84,104,131.0,29,131.0,0.040624380111694336,2
1077,graficon56nodi/grafo7757.56,31,56,64,80,88,85.0,10,85.0,0.038568973541259766,2
1078,graficon43nodi/grafo7465.43,31,43,60,80,97,112.0,18,112.0,0.04229283332824707,2
1079,graficon42nodi/grafo5984.42,31,42,53,80,91,68.0,6,68.0,0.033228397369384766,2
1080,graficon49nodi/grafo2124.49,31,49,64,82,97,105.0,11,105.0,0.039453983306884766,2
1081,graficon39nodi/grafo3939.39,31,39,50,83,94,81.0,10,81.0,0.03852224349975586,2
1082,graficon41nodi/grafo6441.41,31,41,54,82,95,87.0,11,87.0,0.03889942169189453,2
1083,graficon56nodi/grafo4306.56,31,56,63,84,91,61.0,2,61.0,0.038309574127197266,2
1084,graficon43nodi/grafo5339.43,31,43,54,81,92,65.0,9,65.0,0.03908085823059082,2
1085,graficon36nodi/grafo3413.36,31,36,53,83,100,141.0,16,141.0,0.04231715202331543,2
1086,graficon40nodi/grafo7766.40,31,40,50,80,90,55.0,11,55.0,0.03587627410888672,2
1087,graficon41nodi/grafo3444.41,31,41,53,82,94,73.0,13,73.0,0.0407404899597168,2
1088,graficon55nodi/grafo6789.55,31,55,60,81,86,71.0,4,71.0,0.04104351997375488,2
1089,graficon32nodi/grafo1421.32,31,32,45,80,93,72.0,6,72.0,0.03917956352233887,2
1090,graficon36nodi/grafo5865.36,31,36,44,83,91,37.0,2,37.0,0.03325700759887695,2
1091,graficon42nodi/grafo3326.42,31,42,60,82,100,125.0,30,125.0,0.04324078559875488,2
1092,graficon43nodi/grafo3360.43,31,43,56,83,96,116.0,11,116.0,0.04280710220336914,2
1093,graficon44nodi/grafo5765.44,31,44,59,84,99,121.0,13,121.0,0.044226646423339844,2
1094,graficon38nodi/grafo10031.38,31,38,49,84,95,63.0,5,63.0,0.03582262992858887,2
1095,graficon46nodi/grafo5873.46,31,46,57,83,94,74.0,6,74.0,0.039452552795410156,2
1096,graficon43nodi/grafo5486.43,31,43,54,81,92,97.0,14,97.0,0.04052734375,2
1097,graficon40nodi/grafo6472.40,31,40,57,84,101,131.0,22,131.0,0.04459667205810547,2
1098,graficon47nodi/grafo6781.47,31,47,66,82,101,100.0,19,100.0,0.042977333068847656,2
1099,graficon36nodi/grafo3953.36,31,36,48,83,95,67.0,3,67.0,0.036954641342163086,2
1100,graficon43nodi/grafo5760.43,31,43,55,84,96,83.0,8,83.0,0.038120269775390625,2
1101,graficon26nodi/grafo914.26,31,26,42,83,99,120.0,23,120.0,0.04380369186401367,2
1102,graficon38nodi/grafo7227.38,31,38,54,80,96,123.0,15,123.0,0.042574405670166016,2
1103,graficon40nodi/grafo7652.40,31,40,55,80,95,74.0,14,74.0,0.039785146713256836,2
1104,graficon37nodi/grafo11359.37,31,37,47,83,93,63.0,6,63.0,0.036767005920410156,2
1105,graficon42nodi/grafo1092.42,31,42,53,81,92,68.0,8,68.0,0.03762221336364746,2
1106,graficon39nodi/grafo10835.39,31,39,45,82,88,35.0,3,35.0,0.03293943405151367,2
1107,graficon40nodi/grafo7432.40,31,40,47,80,87,57.0,4,57.0,0.03587198257446289,2
1108,graficon45nodi/grafo7099.45,31,45,56,84,95,81.0,12,81.0,0.03990483283996582,2
1109,graficon44nodi/grafo7381.44,31,44,65,81,102,181.0,38,181.0,0.047985076904296875,2
1110,graficon42nodi/grafo7049.42,31,42,54,81,93,88.0,12,88.0,0.040334224700927734,2
1111,graficon40nodi/grafo7542.40,31,40,51,81,92,54.0,9,54.0,0.03543710708618164,2
1112,graficon42nodi/grafo6058.42,31,42,54,81,93,67.0,9,67.0,0.03504776954650879,2
1113,graficon40nodi/grafo3753.40,31,40,53,81,94,85.0,16,85.0,0.03681445121765137,2
1114,graficon48nodi/grafo6376.48,31,48,61,81,94,94.0,14,94.0,0.0841984748840332,2
1115,graficon42nodi/grafo7146.42,31,42,54,82,94,90.0,4,90.0,0.040999412536621094,2
1116,graficon39nodi/grafo3944.39,31,39,54,84,99,92.0,9,92.0,0.040792226791381836,2
1117,graficon41nodi/grafo7373.41,31,41,58,80,97,158.0,33,158.0,0.04559803009033203,2
1118,graficon19nodi/grafo2375.19,31,19,35,80,96,100.0,14,100.0,0.037932634353637695,2
1119,graficon41nodi/grafo5234.41,31,41,51,83,93,54.0,4,54.0,0.03763389587402344,2
1120,graficon55nodi/grafo3570.55,31,55,66,83,94,79.0,11,79.0,0.040433645248413086,2
1121,graficon49nodi/grafo3626.49,31,49,61,81,93,106.0,18,106.0,0.04155993461608887,2
1122,graficon47nodi/grafo6600.47,31,47,68,84,105,167.0,30,167.0,0.04862260818481445,2
1123,graficon39nodi/grafo3793.39,31,39,53,81,95,89.0,12,89.0,0.04075312614440918,2
1124,graficon41nodi/grafo7007.41,31,41,55,84,98,88.0,19,88.0,0.04201388359069824,2
1125,graficon39nodi/grafo5742.39,31,39,56,83,100,130.0,15,130.0,0.04349637031555176,2
1126,graficon40nodi/grafo7541.40,31,40,53,89,102,93.0,12,93.0,0.04316282272338867,2
1127,graficon54nodi/grafo4016.54,31,54,65,88,99,84.0,6,84.0,0.03838038444519043,2
1128,graficon45nodi/grafo7241.45,31,45,62,86,103,99.0,10,99.0,0.04157280921936035,2
1129,graficon43nodi/grafo6406.43,31,43,57,86,100,112.0,10,112.0,0.04037833213806152,2
1130,graficon42nodi/grafo7246.42,31,42,53,89,100,75.0,9,75.0,0.03973388671875,2
1131,graficon44nodi/grafo7720.44,31,44,61,88,105,99.0,17,99.0,0.09026479721069336,2
1132,graficon46nodi/grafo7742.46,31,46,58,85,97,117.0,14,117.0,0.04573512077331543,2
1133,graficon44nodi/grafo7169.44,31,44,56,85,97,65.0,13,65.0,0.038797855377197266,2
1134,graficon52nodi/grafo1591.52,31,52,62,85,95,66.0,5,66.0,0.0369725227355957,2
1135,graficon48nodi/grafo5501.48,31,48,65,88,105,154.0,28,154.0,0.045543670654296875,2
1136,graficon44nodi/grafo5554.44,31,44,61,89,106,144.0,13,144.0,0.04802393913269043,2
1137,graficon39nodi/grafo7716.39,31,39,49,85,95,77.0,7,77.0,0.03659629821777344,2
1138,graficon37nodi/grafo11653.37,31,37,51,87,101,58.0,2,58.0,0.07015752792358398,2
1139,graficon58nodi/grafo4792.58,31,58,69,88,99,71.0,4,71.0,0.03943014144897461,2
1140,graficon49nodi/grafo7578.49,31,49,57,89,97,63.0,6,63.0,0.03766274452209473,2
1141,graficon61nodi/grafo5831.61,31,61,72,88,99,121.0,23,121.0,0.04891562461853027,2
1142,graficon46nodi/grafo5331.46,31,46,58,88,100,127.0,20,127.0,0.0477447509765625,2
1143,graficon51nodi/grafo4600.51,31,51,62,89,100,77.0,7,77.0,0.0326390266418457,2
1144,graficon40nodi/grafo3335.40,31,40,53,89,102,84.0,9,84.0,0.039786577224731445,2
1145,graficon42nodi/grafo6257.42,31,42,60,85,103,136.0,16,136.0,0.04267621040344238,2
1146,graficon36nodi/grafo5546.36,31,36,51,88,103,101.0,16,101.0,0.043915510177612305,2
1147,graficon41nodi/grafo9946.41,31,41,48,85,92,61.0,5,61.0,0.03947329521179199,2
1148,graficon60nodi/grafo4886.60,31,60,73,85,98,99.0,20,99.0,0.043817758560180664,2
1149,graficon40nodi/grafo7050.40,31,40,51,88,99,90.0,5,90.0,0.03841114044189453,2
1150,graficon49nodi/grafo4380.49,31,49,64,87,102,71.0,6,71.0,0.03940892219543457,2
1151,graficon55nodi/grafo3625.55,31,55,68,88,101,149.0,20,149.0,0.050683021545410156,2
1152,graficon53nodi/grafo7688.53,31,53,65,88,100,82.0,13,82.0,0.04668688774108887,2
1153,graficon39nodi/grafo5407.39,31,39,53,89,103,84.0,18,84.0,0.08660554885864258,2
1154,graficon41nodi/grafo2781.41,31,41,61,87,107,140.0,28,140.0,0.04209256172180176,2
1155,graficon37nodi/grafo5598.37,31,37,48,88,99,68.0,3,68.0,0.037815093994140625,2
1156,graficon40nodi/grafo3997.40,31,40,56,88,104,132.0,22,132.0,0.04543280601501465,2
1157,graficon43nodi/grafo7470.43,31,43,52,88,97,62.0,7,62.0,0.03746509552001953,2
1158,graficon45nodi/grafo7442.45,31,45,53,86,94,63.0,2,63.0,0.03768157958984375,2
1159,graficon54nodi/grafo7723.54,31,54,73,86,105,113.0,29,113.0,0.04306530952453613,2
1160,graficon42nodi/grafo7352.42,31,42,51,85,94,58.0,3,58.0,0.03610682487487793,2
1161,graficon40nodi/grafo7670.40,31,40,56,88,104,84.0,5,84.0,0.043975830078125,2
1162,graficon43nodi/grafo5245.43,31,43,59,88,104,105.0,13,105.0,0.04533696174621582,2
1163,graficon51nodi/grafo1486.51,31,51,60,87,96,65.0,5,65.0,0.03991842269897461,2
1164,graficon36nodi/grafo6049.36,31,36,45,87,96,52.0,4,52.0,0.0394287109375,2
1165,graficon39nodi/grafo7415.39,31,39,53,88,102,86.0,11,86.0,0.03954935073852539,2
1166,graficon40nodi/grafo5373.40,31,40,58,87,105,132.0,17,132.0,0.047235965728759766,2
1167,graficon38nodi/grafo9979.38,31,38,50,86,98,56.0,10,56.0,0.03649544715881348,2
1168,graficon48nodi/grafo5194.48,31,48,65,89,106,101.0,17,101.0,0.04491996765136719,2
1169,graficon48nodi/grafo5357.48,31,48,64,85,101,117.0,25,117.0,0.04470014572143555,2
1170,graficon36nodi/grafo11662.36,31,36,48,87,99,38.0,1,38.0,0.03768467903137207,2
1171,graficon42nodi/grafo7614.42,31,42,57,87,102,151.99999999999957,16,151.99999999999966,0.047638654708862305,2
1172,graficon48nodi/grafo7272.48,31,48,57,86,95,79.0,3,79.0,0.04210019111633301,2
1173,graficon44nodi/grafo5878.44,31,44,56,87,99,74.0,9,74.0,0.03892922401428223,2
1174,graficon42nodi/grafo5958.42,31,42,56,86,100,105.0,11,105.0,0.04031252861022949,2
1175,graficon58nodi/grafo1588.58,31,58,66,88,96,98.0,7,98.0,0.04212808609008789,2
1176,graficon52nodi/grafo3455.52,31,52,65,87,100,85.0,14,85.0,0.04152369499206543,2
1177,graficon42nodi/grafo7583.42,31,42,56,86,100,91.0,15,91.0,0.0402677059173584,2
1178,graficon49nodi/grafo7370.49,31,49,64,87,102,118.0,6,118.0,0.042430877685546875,2
1179,graficon39nodi/grafo5157.39,31,39,54,88,103,93.0,10,93.0,0.04281353950500488,2
1180,graficon47nodi/grafo6822.47,31,47,56,88,97,65.0,5,65.0,0.045135498046875,2
1181,graficon43nodi/grafo6928.43,31,43,56,88,101,91.0,13,91.0,0.03915882110595703,2
1182,graficon38nodi/grafo3421.38,31,38,52,89,103,87.0,21,87.0,0.04037284851074219,2
1183,graficon39nodi/grafo3727.39,31,39,53,86,100,85.0,9,85.0,0.040906429290771484,2
1184,graficon44nodi/grafo6870.44,31,44,64,85,105,114.0,34,114.0,0.03902459144592285,2
1185,graficon36nodi/grafo9853.36,31,36,48,87,99,38.0,1,38.0,0.035048484802246094,2
1186,graficon50nodi/grafo4518.50,31,50,66,87,103,108.0,15,108.0,0.03910422325134277,2
1187,graficon42nodi/grafo7709.42,31,42,58,86,102,89.0,15,89.0,0.042580604553222656,2
1188,graficon60nodi/grafo7155.60,31,60,70,86,96,99.0,5,99.0,0.04287886619567871,2
1189,graficon64nodi/grafo4420.64,31,64,81,88,105,124.0,18,124.0,0.046805381774902344,2
1190,graficon47nodi/grafo6437.47,31,47,70,88,111,168.0,56,168.0,0.05581188201904297,2
1191,graficon45nodi/grafo3151.45,31,45,58,86,99,100.0,12,100.0,0.040741920471191406,2
1192,graficon51nodi/grafo4369.51,31,51,67,87,103,131.0,15,131.0,0.043694496154785156,2
1193,graficon38nodi/grafo3887.38,31,38,52,87,101,89.0,10,89.0,0.03877615928649902,2
1194,graficon44nodi/grafo6329.44,31,44,58,88,102,70.0,8,70.0,0.036966562271118164,2
1195,graficon50nodi/grafo1418.50,31,50,57,88,95,55.0,6,55.0,0.036466121673583984,2
1196,graficon43nodi/grafo6886.43,31,43,62,85,104,119.0,25,119.0,0.04177451133728027,2
1197,graficon42nodi/grafo7012.42,31,42,59,88,105,119.0,15,119.0,0.0401155948638916,2
1198,graficon34nodi/grafo5990.34,31,34,45,89,100,70.0,1,70.0,0.03936052322387695,2
1199,graficon56nodi/grafo4391.56,31,56,70,86,100,126.0,19,126.0,0.048073768615722656,2
1200,graficon48nodi/grafo6689.48,31,48,57,86,95,76.0,6,76.0,0.04041290283203125,2
1201,graficon36nodi/grafo10457.36,31,36,45,93,102,54.0,4,54.0,0.03735208511352539,2
1202,graficon46nodi/grafo5338.46,31,46,62,94,110,108.0,16,108.0,0.044089317321777344,2
1203,graficon72nodi/grafo9639.72,31,72,80,94,102,128.0,13,128.0,0.04941368103027344,2
1204,graficon44nodi/grafo3644.44,31,44,54,93,103,60.0,7,60.0,0.0376896858215332,2
1205,graficon54nodi/grafo3511.54,31,54,73,93,112,112.0,13,112.0,0.044620513916015625,2
1206,graficon42nodi/grafo6946.42,31,42,58,94,110,108.0,17,108.0,0.044661760330200195,2
1207,graficon57nodi/grafo5626.57,31,57,78,94,115,116.0,24,116.0,0.04493999481201172,2
1208,graficon37nodi/grafo6217.37,31,37,53,94,110,90.0,17,90.0,0.04395008087158203,2
1209,graficon60nodi/grafo4512.60,31,60,73,93,106,96.0,11,96.0,0.04397463798522949,2
1210,graficon47nodi/grafo5432.47,31,47,68,92,113,153.0,22,153.0,0.04545736312866211,2
1211,graficon55nodi/grafo4502.55,31,55,76,92,113,191.0,43,191.0,0.05326509475708008,2
1212,graficon58nodi/grafo1247.58,31,58,68,94,104,83.0,12,83.0,0.04168534278869629,2
1213,graficon43nodi/grafo6346.43,31,43,62,91,110,124.0,24,124.0,0.04566836357116699,2
1214,graficon37nodi/grafo11625.37,31,37,51,92,106,60.0,6,60.0,0.036298513412475586,2
1215,graficon51nodi/grafo1470.51,31,51,69,90,108,155.0,28,155.0,0.048070669174194336,2
1216,graficon64nodi/grafo8416.64,31,64,79,94,109,152.0,27,152.0,0.049605369567871094,2
1217,graficon43nodi/grafo7441.43,31,43,60,92,109,125.0,27,125.0,0.04542350769042969,2
1218,graficon40nodi/grafo5211.40,31,40,54,93,107,87.0,8,87.0,0.04291200637817383,2
1219,graficon35nodi/grafo11326.35,31,35,42,91,98,55.0,3,55.0,0.03569483757019043,2
1220,graficon43nodi/grafo7157.43,31,43,53,90,100,76.0,7,76.0,0.03992176055908203,2
1221,graficon39nodi/grafo3330.39,31,39,60,93,114,156.0,30,156.0,0.055966854095458984,2
1222,graficon40nodi/grafo3519.40,31,40,56,93,109,78.0,6,78.0,0.044019460678100586,2
1223,graficon57nodi/grafo4041.57,31,57,66,92,101,89.0,11,89.0,0.04376029968261719,2
1224,graficon41nodi/grafo7124.41,31,41,59,94,112,77.0,12,77.0,0.1109459400177002,2
1225,graficon61nodi/grafo4482.61,31,61,75,91,105,98.0,6,98.0,0.04390525817871094,2
1226,graficon49nodi/grafo5721.49,31,49,64,92,107,93.0,7,93.0,0.039130449295043945,2
1227,graficon42nodi/grafo5468.42,31,42,58,94,110,108.0,16,108.0,0.04375171661376953,2
1228,graficon37nodi/grafo1758.37,31,37,45,93,101,62.0,4,62.0,0.04049372673034668,2
1229,graficon36nodi/grafo11444.36,31,36,46,94,104,57.0,4,57.0,0.039067745208740234,2
1230,graficon37nodi/grafo11540.37,31,37,48,91,102,70.0,3,70.0,0.036916494369506836,2
1231,graficon37nodi/grafo7028.37,31,37,48,90,101,67.0,11,67.0,0.039937734603881836,2
1232,graficon37nodi/grafo11417.37,31,37,49,90,102,67.0,3,67.0,0.03802061080932617,2
1233,graficon39nodi/grafo3187.39,31,39,53,91,105,91.0,13,91.0,0.040270090103149414,2
1234,graficon39nodi/grafo9897.39,31,39,55,90,106,99.0,16,99.0,0.043382883071899414,2
1235,graficon57nodi/grafo5748.57,31,57,76,94,113,149.0,20,149.0,0.04891180992126465,2
1236,graficon38nodi/grafo10032.38,31,38,47,91,100,54.0,6,54.0,0.03773093223571777,2
1237,graficon58nodi/grafo4796.58,31,58,73,90,105,114.0,19,114.0,0.044919490814208984,2
1238,graficon40nodi/grafo10282.40,31,40,59,92,111,139.0,14,139.0,0.04318976402282715,2
1239,graficon54nodi/grafo5002.54,31,54,64,91,101,97.0,8,97.0,0.04215598106384277,2
1240,graficon44nodi/grafo2199.44,31,44,50,90,96,49.0,3,49.0,0.03609728813171387,2
1241,graficon38nodi/grafo10659.38,31,38,57,91,110,98.0,17,98.0,0.04242563247680664,2
1242,graficon56nodi/grafo4409.56,31,56,67,93,104,67.0,6,67.0,0.03629636764526367,2
1243,graficon47nodi/grafo6408.47,31,47,57,90,100,62.0,7,62.0,0.0391848087310791,2
1244,graficon54nodi/grafo3858.54,31,54,68,92,106,111.0,20,111.0,0.045012712478637695,2
1245,graficon43nodi/grafo5723.43,31,43,59,92,108,107.0,21,107.0,0.04556417465209961,2
1246,graficon40nodi/grafo4010.40,31,40,52,92,104,70.0,8,70.0,0.041407108306884766,2
1247,graficon62nodi/grafo6173.62,31,62,73,92,103,107.0,8,107.0,0.039389848709106445,2
1248,graficon45nodi/grafo5138.45,31,45,61,90,106,187.0,24,187.0,0.053316593170166016,2
1249,graficon41nodi/grafo6164.41,31,41,55,91,105,93.0,13,93.0,0.04204535484313965,2
1250,graficon41nodi/grafo3527.41,31,41,54,93,106,93.0,13,93.0,0.039856672286987305,2
1251,graficon42nodi/grafo7642.42,31,42,62,90,110,141.0,19,141.0,0.04646492004394531,2
1252,graficon46nodi/grafo3424.46,31,46,56,94,104,78.0,12,78.0,0.03886818885803223,2
1253,graficon53nodi/grafo271.53,31,53,67,91,105,133.0,10,133.0,0.04608273506164551,2
1254,graficon45nodi/grafo3660.45,31,45,60,90,105,114.0,19,114.0,0.044081926345825195,2
1255,graficon40nodi/grafo5980.40,31,40,54,92,106,66.0,9,66.0,0.03818035125732422,2
1256,graficon44nodi/grafo6945.44,31,44,60,93,109,133.0,18,133.0,0.04639577865600586,2
1257,graficon35nodi/grafo5299.35,31,35,44,91,100,49.0,6,49.0,0.0379488468170166,2
1258,graficon66nodi/grafo9143.66,31,66,84,94,112,145.0,30,145.0,0.051727294921875,2
1259,graficon55nodi/grafo4195.55,31,55,69,91,105,82.0,8,82.0,0.038291215896606445,2
1260,graficon58nodi/grafo6193.58,31,58,77,91,110,191.0,25,191.0,0.051136016845703125,2
1261,graficon45nodi/grafo6524.45,31,45,59,94,108,124.0,13,124.0,0.04305672645568848,2
1262,graficon54nodi/grafo4006.54,31,54,64,91,101,56.0,2,56.0,0.03606581687927246,2
1263,graficon38nodi/grafo11322.38,31,38,50,94,106,52.0,3,52.0,0.0374758243560791,2
1264,graficon46nodi/grafo6723.46,31,46,64,93,111,148.0,29,148.0,0.05417799949645996,2
1265,graficon35nodi/grafo6517.35,31,35,49,93,107,71.0,12,71.0,0.04008293151855469,2
1266,graficon49nodi/grafo3415.49,31,49,65,90,106,88.0,13,88.0,0.039667367935180664,2
1267,graficon39nodi/grafo4005.39,31,39,52,91,104,108.0,16,108.0,0.04057002067565918,2
1268,graficon52nodi/grafo4030.52,31,52,65,92,105,92.0,12,92.0,0.03970766067504883,2
1269,graficon41nodi/grafo7098.41,31,41,59,92,110,140.0,33,140.0,0.0448756217956543,2
1270,graficon43nodi/grafo5926.43,31,43,62,93,112,122.0,14,122.0,0.1018984317779541,2
1271,graficon47nodi/grafo7625.47,31,47,67,94,114,134.0,27,134.0,0.04708528518676758,2
1272,graficon41nodi/grafo5717.41,31,41,51,93,103,56.0,5,56.0,0.040029287338256836,2
1273,graficon66nodi/grafo9641.66,31,66,79,90,103,149.99999999999886,11,149.99999999999886,0.05030083656311035,2
1274,graficon38nodi/grafo6578.38,31,38,53,93,108,66.0,7,66.0,0.036087989807128906,2
1275,graficon42nodi/grafo3508.42,31,42,59,94,111,106.0,18,106.0,0.04844236373901367,2
1276,graficon44nodi/grafo11403.44,31,44,60,98,114,138.0,15,138.0,0.04984307289123535,2
1277,graficon43nodi/grafo7636.43,31,43,59,99,115,120.0,18,120.0,0.04750990867614746,2
1278,graficon42nodi/grafo5817.42,31,42,60,99,117,83.0,11,83.0,0.03928565979003906,2
1279,graficon51nodi/grafo3172.51,31,51,71,96,116,187.0,31,187.0,0.047441959381103516,2
1280,graficon44nodi/grafo6432.44,31,44,54,95,105,80.0,4,80.0,0.040703773498535156,2
1281,graficon40nodi/grafo3621.40,31,40,50,95,105,64.0,7,64.0,0.03685760498046875,2
1282,graficon62nodi/grafo4646.62,31,62,78,96,112,119.0,12,119.0,0.04599642753601074,2
1283,graficon52nodi/grafo7721.52,31,52,71,95,114,123.0,20,123.0,0.04562544822692871,2
1284,graficon45nodi/grafo7640.45,31,45,65,98,118,150.0,29,150.0,0.045799970626831055,2
1285,graficon41nodi/grafo3781.41,31,41,58,96,113,127.0,20,127.0,0.04794740676879883,2
1286,graficon57nodi/grafo4352.57,31,57,67,98,108,75.0,6,75.0,0.04067635536193848,2
1287,graficon40nodi/grafo6458.40,31,40,57,95,112,145.0,13,145.0,0.0436100959777832,2
1288,graficon56nodi/grafo6568.56,31,56,69,98,111,114.0,19,114.0,0.04747462272644043,2
1289,graficon50nodi/grafo4580.50,31,50,63,99,112,104.0,14,104.0,0.04306173324584961,2
1290,graficon53nodi/grafo3486.53,31,53,68,97,112,120.0,19,120.0,0.04935789108276367,2
1291,graficon54nodi/grafo1483.54,31,54,67,98,111,79.0,9,79.0,0.03759026527404785,2
1292,graficon47nodi/grafo6664.47,31,47,63,96,112,127.0,19,127.0,0.046047210693359375,2
1293,graficon44nodi/grafo7761.44,31,44,55,98,109,76.0,9,76.0,0.04302477836608887,2
1294,graficon48nodi/grafo3769.48,31,48,63,99,114,112.0,18,112.0,0.04654359817504883,2
1295,graficon44nodi/grafo3205.44,31,44,57,99,112,69.0,7,69.0,0.03861379623413086,2
1296,graficon42nodi/grafo3439.42,31,42,57,95,110,115.0,10,115.0,0.04527425765991211,2
1297,graficon41nodi/grafo5645.41,31,41,52,97,108,75.0,8,75.0,0.04084610939025879,2
1298,graficon49nodi/grafo4012.49,31,49,65,99,115,118.0,20,118.0,0.04402637481689453,2
1299,graficon38nodi/grafo3540.38,31,38,57,96,115,117.0,14,117.0,0.042771100997924805,2
1300,graficon44nodi/grafo6960.44,31,44,61,98,115,100.0,18,100.0,0.04409337043762207,2
1301,graficon43nodi/grafo4053.43,31,43,58,98,113,142.0,20,142.0,0.05310702323913574,2
1302,graficon38nodi/grafo7478.38,31,38,47,98,107,56.0,5,56.0,0.03991961479187012,2
1303,graficon42nodi/grafo3402.42,31,42,62,99,119,123.0,23,123.0,0.04237532615661621,2
1304,graficon40nodi/grafo3804.40,31,40,49,98,107,67.0,5,67.0,0.039994001388549805,2
1305,graficon46nodi/grafo7713.46,31,46,67,96,117,183.0,40,183.0,0.05568408966064453,2
1306,graficon54nodi/grafo4849.54,31,54,68,95,109,88.0,6,88.0,0.04265642166137695,2
1307,graficon48nodi/grafo4473.48,31,48,61,95,108,68.0,3,68.0,0.040755271911621094,2
1308,graficon54nodi/grafo4530.54,31,54,76,97,119,156.0,44,156.0,0.05129098892211914,2
1309,graficon41nodi/grafo2531.41,31,41,56,99,114,113.0,9,113.0,0.04485273361206055,2
1310,graficon61nodi/grafo8112.61,31,61,77,97,113,126.0,18,126.0,0.045513153076171875,2
1311,graficon53nodi/grafo3763.53,31,53,72,95,114,137.0,20,137.0,0.05069160461425781,2
1312,graficon39nodi/grafo3099.39,31,39,47,98,106,43.0,0,43.0,0.03662824630737305,2
1313,graficon44nodi/grafo7621.44,31,44,65,98,119,140.0,17,140.0,0.0447845458984375,2
1314,graficon44nodi/grafo6263.44,31,44,66,96,118,162.0,26,162.0,0.08966207504272461,2
1315,graficon60nodi/grafo7448.60,31,60,81,98,119,194.0,44,194.0,0.055747032165527344,2
1316,graficon46nodi/grafo5480.46,31,46,63,95,112,113.0,17,113.0,0.042644500732421875,2
1317,graficon39nodi/grafo7390.39,31,39,59,97,117,120.0,19,120.0,0.04456138610839844,2
1318,graficon42nodi/grafo3258.42,31,42,58,96,112,110.0,14,110.0,0.04235124588012695,2
1319,graficon52nodi/grafo6159.52,31,52,65,98,111,99.0,10,99.0,0.04143357276916504,2
1320,graficon42nodi/grafo7485.42,31,42,56,99,113,88.0,15,88.0,0.04361915588378906,2
1321,graficon49nodi/grafo7245.49,31,49,65,97,113,113.0,18,113.0,0.04472017288208008,2
1322,graficon54nodi/grafo4488.54,31,54,69,95,110,103.0,15,103.0,0.04192686080932617,2
1323,graficon42nodi/grafo6270.42,31,42,54,98,110,82.0,7,82.0,0.040152549743652344,2
1324,graficon42nodi/grafo3277.42,31,42,56,95,109,110.0,14,110.0,0.04415440559387207,2
1325,graficon46nodi/grafo5832.46,31,46,58,95,107,108.0,6,108.0,0.043190956115722656,2
1326,graficon60nodi/grafo4376.60,31,60,73,96,109,83.0,6,83.0,0.03959012031555176,2
1327,graficon55nodi/grafo1549.55,31,55,66,99,110,97.0,6,97.0,0.05028700828552246,2
1328,graficon53nodi/grafo4871.53,31,53,71,98,116,123.0,17,123.0,0.04849958419799805,2
1329,graficon60nodi/grafo8276.60,31,60,74,97,111,112.0,10,112.0,0.04463958740234375,2
1330,graficon55nodi/grafo1465.55,31,55,65,95,105,76.0,12,76.0,0.04309701919555664,2
1331,graficon53nodi/grafo5057.53,31,53,67,95,109,96.0,13,96.0,0.044933319091796875,2
1332,graficon38nodi/grafo3383.38,31,38,62,98,122,242.0,54,242.0,0.12748146057128906,2
1333,graficon38nodi/grafo3758.38,31,38,56,99,117,120.0,28,120.0,0.05002260208129883,2
1334,graficon63nodi/grafo4664.63,31,63,77,99,113,96.0,11,96.0,0.04159355163574219,2
1335,graficon46nodi/grafo3412.46,31,46,65,95,114,114.0,18,114.0,0.04428815841674805,2
1336,graficon44nodi/grafo7591.44,31,44,61,95,112,175.0,26,175.0,0.0551912784576416,2
1337,graficon53nodi/grafo1482.53,31,53,67,96,110,134.0,14,134.0,0.0904226303100586,2
1338,graficon43nodi/grafo6921.43,31,43,55,97,109,66.0,9,66.0,0.04171276092529297,2
1339,graficon41nodi/grafo6192.41,31,41,54,95,108,68.0,14,68.0,0.03935861587524414,2
1340,graficon51nodi/grafo7730.51,31,51,67,95,111,106.0,14,106.0,0.04088425636291504,2
1341,graficon39nodi/grafo7581.39,31,39,51,96,108,93.0,8,93.0,0.04280495643615723,2
1342,graficon62nodi/grafo4312.62,31,62,74,96,108,129.0,14,129.0,0.04483938217163086,2
1343,graficon42nodi/grafo3476.42,31,42,60,99,117,124.0,15,124.0,0.04910683631896973,2
1344,graficon41nodi/grafo7204.41,31,41,54,99,112,97.0,13,97.0,0.04226207733154297,2
1345,graficon44nodi/grafo3603.44,31,44,66,99,121,183.0,47,183.0,0.04971122741699219,2
1346,graficon39nodi/grafo11495.39,31,39,52,95,108,74.0,9,74.0,0.043706655502319336,2
1347,graficon39nodi/grafo3474.39,31,39,51,95,107,132.0,11,132.0,0.04449963569641113,2
1348,graficon42nodi/grafo6308.42,31,42,62,96,116,175.0,23,175.0,0.053353071212768555,2
1349,graficon40nodi/grafo5643.40,31,40,51,95,106,79.0,5,79.0,0.04196047782897949,2
1350,graficon39nodi/grafo5974.39,31,39,53,97,111,109.0,11,109.0,0.04222583770751953,2
1351,graficon41nodi/grafo6398.41,31,41,53,100,112,64.0,8,64.0,0.04123187065124512,2
1352,graficon53nodi/grafo5091.53,31,53,77,102,126,150.0,34,150.0,0.054032087326049805,2
1353,graficon49nodi/grafo5078.49,31,49,64,100,115,81.0,8,81.0,0.04276442527770996,2
1354,graficon41nodi/grafo5565.41,31,41,53,102,114,98.0,10,98.0,0.048830509185791016,2
1355,graficon56nodi/grafo3328.56,31,56,76,104,124,189.0,48,189.0,0.057178497314453125,2
1356,graficon52nodi/grafo3755.52,31,52,72,104,124,121.0,23,121.0,0.051154375076293945,2
1357,graficon65nodi/grafo9317.65,31,65,80,100,115,115.0,21,115.0,0.04898858070373535,2
1358,graficon42nodi/grafo7572.42,31,42,50,101,109,56.0,5,56.0,0.03956413269042969,2
1359,graficon55nodi/grafo2141.55,31,55,76,102,123,216.0,27,216.0,0.05389523506164551,2
1360,graficon47nodi/grafo1433.47,31,47,60,101,114,70.0,8,70.0,0.041467905044555664,2
1361,graficon39nodi/grafo5798.39,31,39,55,104,120,90.0,12,90.0,0.04227852821350098,2
1362,graficon55nodi/grafo4475.55,31,55,67,101,113,81.0,6,81.0,0.09546256065368652,2
1363,graficon58nodi/grafo5350.58,31,58,74,104,120,149.0,27,149.0,0.04790902137756348,2
1364,graficon71nodi/grafo9653.71,31,71,80,103,112,64.0,2,64.0,0.04551553726196289,2
1365,graficon63nodi/grafo4351.63,31,63,78,101,116,173.99999999999966,29,173.99999999999966,0.05084967613220215,2
1366,graficon54nodi/grafo3785.54,31,54,70,101,117,133.0,24,133.0,0.04654359817504883,2
1367,graficon37nodi/grafo11284.37,31,37,50,101,114,41.0,5,41.0,0.033854007720947266,2
1368,graficon38nodi/grafo2726.38,31,38,53,101,116,117.0,12,117.0,0.04515552520751953,2
1369,graficon62nodi/grafo6805.62,31,62,75,104,117,98.0,7,98.0,0.04556155204772949,2
1370,graficon67nodi/grafo9658.67,31,67,79,100,112,91.0,7,91.0,0.03980660438537598,2
1371,graficon60nodi/grafo3536.60,31,60,73,100,113,137.0,22,137.0,0.04586982727050781,2
1372,graficon57nodi/grafo7289.57,31,57,72,100,115,116.0,18,116.0,0.04430985450744629,2
1373,graficon59nodi/grafo4281.59,31,59,76,102,119,160.0,17,160.0,0.05239701271057129,2
1374,graficon40nodi/grafo5568.40,31,40,59,100,119,138.0,17,138.0,0.04693341255187988,2
1375,graficon61nodi/grafo8051.61,31,61,73,102,114,83.0,9,83.0,0.04359269142150879,2
1376,graficon65nodi/grafo9375.65,31,65,76,102,113,121.0,6,121.0,0.04404926300048828,2
1377,graficon44nodi/grafo5352.44,31,44,70,100,126,254.0,59,254.0,0.058653831481933594,2
1378,graficon47nodi/grafo5710.47,31,47,62,103,118,97.0,14,97.0,0.04776430130004883,2
1379,graficon50nodi/grafo1392.50,31,50,63,103,116,107.0,9,107.0,0.04245281219482422,2
1380,graficon42nodi/grafo7610.42,31,42,55,103,116,44.0,6,44.0,0.03629565238952637,2
1381,graficon40nodi/grafo6641.40,31,40,54,100,114,72.0,7,72.0,0.03967428207397461,2
1382,graficon57nodi/grafo4452.57,31,57,76,104,123,125.0,18,125.0,0.04372692108154297,2
1383,graficon48nodi/grafo6289.48,31,48,65,104,121,122.0,15,122.0,0.04773211479187012,2
1384,graficon39nodi/grafo3375.39,31,39,59,103,123,113.0,20,113.0,0.04706168174743652,2
1385,graficon45nodi/grafo7623.45,31,45,62,104,121,123.0,28,123.0,0.04817676544189453,2
1386,graficon57nodi/grafo7770.57,31,57,69,102,114,101.0,7,101.0,0.047216176986694336,2
1387,graficon46nodi/grafo6166.46,31,46,66,102,122,130.0,28,130.0,0.04858756065368652,2
1388,graficon45nodi/grafo7391.45,31,45,61,100,116,108.0,18,108.0,0.04691290855407715,2
1389,graficon48nodi/grafo7135.48,31,48,68,104,124,180.0,30,180.0,0.052874088287353516,2
1390,graficon59nodi/grafo6718.59,31,59,73,103,117,106.0,9,106.0,0.047987937927246094,2
1391,graficon36nodi/grafo2877.36,31,36,53,101,118,119.0,13,119.0,0.041576385498046875,2
1392,graficon42nodi/grafo7744.42,31,42,52,100,110,44.0,5,44.0,0.03554201126098633,2
1393,graficon55nodi/grafo3834.55,31,55,80,103,128,172.0,34,172.0,0.05520749092102051,2
1394,graficon50nodi/grafo1307.50,31,50,71,104,125,187.9999999999991,40,187.9999999999991,0.055680274963378906,2
1395,graficon42nodi/grafo7026.42,31,42,55,101,114,65.0,9,65.0,0.04070734977722168,2
1396,graficon42nodi/grafo7261.42,31,42,62,100,120,157.0,28,157.0,0.050142526626586914,2
1397,graficon56nodi/grafo5341.56,31,56,79,101,124,206.0,40,206.0,0.050299882888793945,2
1398,graficon56nodi/grafo4651.56,31,56,76,101,121,169.0,31,169.0,0.05480146408081055,2
1399,graficon35nodi/grafo5493.35,31,35,53,100,118,126.0,20,126.0,0.04565548896789551,2
1400,graficon54nodi/grafo3748.54,31,54,73,104,123,119.0,29,119.0,0.04581308364868164,2
1401,graficon56nodi/grafo1205.56,31,56,75,100,119,165.0,26,165.0,0.04786944389343262,2
1402,graficon56nodi/grafo7738.56,31,56,79,102,125,155.0,31,155.0,0.061686038970947266,2
1403,graficon61nodi/grafo3257.61,31,61,82,102,123,216.99999999999866,40,216.99999999999898,0.06330680847167969,2
1404,graficon48nodi/grafo2254.48,31,48,66,102,120,146.0,19,146.0,0.054297447204589844,2
1405,graficon42nodi/grafo5550.42,31,42,57,101,116,121.0,17,121.0,0.04716205596923828,2
1406,graficon58nodi/grafo6722.58,31,58,69,103,114,97.0,15,97.0,0.04443240165710449,2
1407,graficon50nodi/grafo6775.50,31,50,63,101,114,141.0,12,141.0,0.04200434684753418,2
1408,graficon56nodi/grafo6630.56,31,56,68,103,115,126.0,20,126.0,0.050907135009765625,2
1409,graficon51nodi/grafo7550.51,31,51,66,102,117,126.0,18,126.0,0.04726052284240723,2
1410,graficon55nodi/grafo4367.55,31,55,72,103,120,89.0,10,89.0,0.04098343849182129,2
1411,graficon40nodi/grafo7165.40,31,40,55,102,117,133.0,21,133.0,0.04680776596069336,2
1412,graficon67nodi/grafo6272.67,31,67,72,100,105,53.0,1,53.0,0.03654193878173828,2
1413,graficon51nodi/grafo3484.51,31,51,68,104,121,128.0,29,128.0,0.04677462577819824,2
1414,graficon53nodi/grafo2794.53,31,53,73,104,124,172.0,29,172.0,0.04718589782714844,2
1415,graficon49nodi/grafo4734.49,31,49,59,101,111,81.0,3,81.0,0.0407261848449707,2
1416,graficon50nodi/grafo5745.50,31,50,75,101,126,149.0,47,149.0,0.048647165298461914,2
1417,graficon63nodi/grafo1570.63,31,63,74,100,111,99.0,13,99.0,0.0430445671081543,2
1418,graficon39nodi/grafo11671.39,31,39,52,101,114,71.0,9,71.0,0.04289722442626953,2
1419,graficon67nodi/grafo1617.67,31,67,80,103,116,85.0,10,85.0,0.04283928871154785,2
1420,graficon39nodi/grafo5762.39,31,39,59,103,123,148.0,19,148.0,0.0489499568939209,2
1421,graficon54nodi/grafo4467.54,31,54,69,102,117,83.0,8,83.0,0.04720258712768555,2
1422,graficon36nodi/grafo5175.36,31,36,45,101,110,48.0,5,48.0,0.039873361587524414,2
1423,graficon49nodi/grafo5220.49,31,49,64,100,115,149.0,14,149.0,0.048700571060180664,2
1424,graficon57nodi/grafo5032.57,31,57,69,101,113,107.0,6,107.0,0.04491162300109863,2
1425,graficon44nodi/grafo5221.44,31,44,57,102,115,85.0,14,85.0,0.04304766654968262,2
1426,graficon42nodi/grafo10008.42,31,42,61,107,126,121.0,15,121.0,0.04659748077392578,2
1427,graficon44nodi/grafo3501.44,31,44,63,106,125,148.0,24,148.0,0.0529780387878418,2
1428,graficon55nodi/grafo4528.55,31,55,67,106,118,69.0,5,69.0,0.041330814361572266,2
1429,graficon45nodi/grafo7219.45,31,45,59,108,122,125.0,14,125.0,0.04700732231140137,2
1430,graficon39nodi/grafo5763.39,31,39,54,109,124,87.0,7,87.0,0.04370927810668945,2
1431,graficon55nodi/grafo1361.55,31,55,66,106,117,140.0,8,140.0,0.048302412033081055,2
1432,graficon45nodi/grafo7555.45,31,45,58,106,119,75.0,7,75.0,0.04076743125915527,2
1433,graficon54nodi/grafo7407.54,31,54,66,105,117,128.0,12,128.0,0.04671764373779297,2
1434,graficon57nodi/grafo5924.57,31,57,74,105,122,126.0,15,126.0,0.049239397048950195,2
1435,graficon44nodi/grafo6229.44,31,44,56,107,119,64.0,6,64.0,0.042380332946777344,2
1436,graficon43nodi/grafo6343.43,31,43,55,106,118,71.0,10,71.0,0.041623830795288086,2
1437,graficon48nodi/grafo6544.48,31,48,61,105,118,106.0,14,106.0,0.04802727699279785,2
1438,graficon62nodi/grafo1215.62,31,62,82,105,125,163.0,41,163.0,0.06562590599060059,2
1439,graficon51nodi/grafo3726.51,31,51,70,105,124,120.0,24,120.0,0.048577070236206055,2
1440,graficon64nodi/grafo9460.64,31,64,78,107,121,136.0,15,136.0,0.04952049255371094,2
1441,graficon47nodi/grafo5255.47,31,47,64,106,123,117.0,16,117.0,0.04836249351501465,2
1442,graficon61nodi/grafo4491.61,31,61,79,109,127,104.0,17,104.0,0.04872465133666992,2
1443,graficon44nodi/grafo5130.44,31,44,56,106,118,97.0,13,97.0,0.04220700263977051,2
1444,graficon45nodi/grafo6438.45,31,45,58,105,118,128.0,9,128.0,0.044753074645996094,2
1445,graficon53nodi/grafo4079.53,31,53,62,107,116,71.0,9,71.0,0.03973865509033203,2
1446,graficon40nodi/grafo10057.40,31,40,59,106,125,173.0,39,173.0,0.055028676986694336,2
1447,graficon52nodi/grafo7181.52,31,52,81,109,138,232.0,48,232.0,0.062331199645996094,2
1448,graficon46nodi/grafo5473.46,31,46,64,106,124,136.0,17,136.0,0.047289133071899414,2
1449,graficon46nodi/grafo6674.46,31,46,62,107,123,89.0,15,89.0,0.04640674591064453,2
1450,graficon51nodi/grafo4756.51,31,51,70,109,128,178.0,22,178.0,0.048563480377197266,2
1451,graficon38nodi/grafo11400.38,31,38,49,109,120,60.0,7,60.0,0.03828692436218262,2
1452,graficon43nodi/grafo6348.43,31,43,56,108,121,113.0,13,113.0,0.04379105567932129,2
1453,graficon36nodi/grafo6109.36,31,36,52,106,122,100.0,12,100.0,0.04506087303161621,2
1454,graficon53nodi/grafo4167.53,31,53,69,106,122,109.0,17,109.0,0.04573822021484375,2
1455,graficon66nodi/grafo9206.66,31,66,84,109,127,127.0,29,127.0,0.05559682846069336,2
1456,graficon58nodi/grafo3235.58,31,58,71,109,122,146.0,14,146.0,0.05217242240905762,2
1457,graficon48nodi/grafo6554.48,31,48,70,107,129,173.0,44,173.0,0.059839725494384766,2
1458,graficon60nodi/grafo1192.60,31,60,79,106,125,130.0,34,130.0,0.05201840400695801,2
1459,graficon46nodi/grafo6771.46,31,46,55,107,116,67.0,5,67.0,0.041927337646484375,2
1460,graficon40nodi/grafo5231.40,31,40,56,108,124,129.0,14,129.0,0.049036502838134766,2
1461,graficon38nodi/grafo6547.38,31,38,64,107,133,177.0,55,177.0,0.057834625244140625,2
1462,graficon59nodi/grafo3194.59,31,59,67,106,114,55.0,3,55.0,0.03899216651916504,2
1463,graficon47nodi/grafo6384.47,31,47,72,108,133,230.0,39,230.0,0.060534000396728516,2
1464,graficon42nodi/grafo7389.42,31,42,62,109,129,147.0,22,147.0,0.04974627494812012,2
1465,graficon54nodi/grafo7090.54,31,54,72,107,125,177.0,25,177.0,0.05412006378173828,2
1466,graficon43nodi/grafo3227.43,31,43,65,108,130,155.0,26,155.0,0.051282644271850586,2
1467,graficon44nodi/grafo7751.44,31,44,58,105,119,67.0,9,67.0,0.04123735427856445,2
1468,graficon40nodi/grafo7767.40,31,40,54,107,121,71.0,8,71.0,0.04238295555114746,2
1469,graficon49nodi/grafo7010.49,31,49,67,106,124,119.0,14,119.0,0.04621577262878418,2
1470,graficon60nodi/grafo4421.60,31,60,73,106,119,115.0,14,115.0,0.04795503616333008,2
1471,graficon52nodi/grafo1431.52,31,52,70,109,127,106.0,15,106.0,0.043584585189819336,2
1472,graficon48nodi/grafo6390.48,31,48,65,109,126,106.0,16,106.0,0.0467534065246582,2
1473,graficon46nodi/grafo5713.46,31,46,66,105,125,131.0,22,131.0,0.05557394027709961,2
1474,graficon55nodi/grafo5960.55,31,55,79,108,132,233.0,55,233.0,0.0670323371887207,2
1475,graficon55nodi/grafo4161.55,31,55,73,106,124,134.0,24,134.0,0.046652793884277344,2
1476,graficon37nodi/grafo3359.37,31,37,58,109,130,139.0,18,139.0,0.052709102630615234,2
1477,graficon52nodi/grafo5150.52,31,52,70,107,125,163.0,16,163.0,0.04641151428222656,2
1478,graficon55nodi/grafo4967.55,31,55,66,109,120,112.0,10,112.0,0.04407238960266113,2
1479,graficon49nodi/grafo2656.49,31,49,59,107,117,67.0,6,67.0,0.04524087905883789,2
1480,graficon44nodi/grafo7259.44,31,44,61,105,122,99.0,14,99.0,0.0404515266418457,2
1481,graficon45nodi/grafo6396.45,31,45,65,108,128,119.0,23,119.0,0.08196306228637695,2
1482,graficon47nodi/grafo3730.47,31,47,63,107,123,97.0,11,97.0,0.046064138412475586,2
1483,graficon47nodi/grafo2478.47,31,47,62,105,120,137.0,18,137.0,0.049190521240234375,2
1484,graficon59nodi/grafo6030.59,31,59,80,105,126,160.0,27,160.0,0.0533297061920166,2
1485,graficon47nodi/grafo6696.47,31,47,66,106,125,152.0,21,152.0,0.04982590675354004,2
1486,graficon60nodi/grafo5223.60,31,60,83,105,128,216.0,49,216.0,0.06372237205505371,2
1487,graficon40nodi/grafo4038.40,31,40,53,107,120,105.0,9,105.0,0.04308199882507324,2
1488,graficon57nodi/grafo4177.57,31,57,76,107,126,186.0,19,186.0,0.05713534355163574,2
1489,graficon57nodi/grafo5329.57,31,57,71,106,120,114.0,9,114.0,0.04665350914001465,2
1490,graficon57nodi/grafo5849.57,31,57,81,106,130,183.0,32,183.0,0.057471275329589844,2
1491,graficon58nodi/grafo1501.58,31,58,72,108,122,86.0,5,86.0,0.04181098937988281,2
1492,graficon61nodi/grafo9391.61,31,61,78,107,124,118.0,18,118.0,0.044945478439331055,2
1493,graficon55nodi/grafo3352.55,31,55,69,108,122,73.0,8,73.0,0.04605722427368164,2
1494,graficon38nodi/grafo3917.38,31,38,58,105,125,174.0,24,174.0,0.05501842498779297,2
1495,graficon65nodi/grafo9118.65,31,65,84,105,124,132.0,11,132.0,0.04835844039916992,2
1496,graficon59nodi/grafo5083.59,31,59,71,106,118,138.0,16,138.0,0.05603432655334473,2
1497,graficon41nodi/grafo5811.41,31,41,59,105,123,147.0,26,147.0,0.04995918273925781,2
1498,graficon52nodi/grafo3185.52,31,52,76,108,132,134.0,32,134.0,0.05121278762817383,2
1499,graficon61nodi/grafo6898.61,31,61,72,109,120,107.0,10,107.0,0.044324398040771484,2
1500,graficon49nodi/grafo6707.49,31,49,64,106,121,122.0,20,122.0,0.04929327964782715,2
1501,graficon37nodi/grafo4080.37,31,37,57,112,132,170.0,26,170.0,0.05423688888549805,2
1502,graficon54nodi/grafo1328.54,31,54,71,112,129,161.0,18,161.0,0.04831385612487793,2
1503,graficon56nodi/grafo4416.56,31,56,70,114,128,85.0,14,85.0,0.044594764709472656,2
1504,graficon59nodi/grafo4386.59,31,59,73,111,125,111.0,9,111.0,0.0430147647857666,2
1505,graficon54nodi/grafo4332.54,31,54,69,111,126,103.0,15,103.0,0.04564309120178223,2
1506,graficon35nodi/grafo5351.35,31,35,51,111,127,86.0,9,86.0,0.04470181465148926,2
1507,graficon56nodi/grafo4275.56,31,56,76,113,133,131.0,27,131.0,0.051995038986206055,2
1508,graficon59nodi/grafo6792.59,31,59,76,114,131,126.0,25,126.0,0.05458211898803711,2
1509,graficon69nodi/grafo7584.69,31,69,80,114,125,121.0,12,121.0,0.048871755599975586,2
1510,graficon51nodi/grafo6893.51,31,51,68,114,131,111.0,15,111.0,0.046339988708496094,2
1511,graficon58nodi/grafo5098.58,31,58,79,112,133,227.99999999999926,47,227.99999999999926,0.0573267936706543,2
1512,graficon64nodi/grafo7471.64,31,64,76,110,122,93.0,12,93.0,0.04881763458251953,2
1513,graficon74nodi/grafo8685.74,31,74,94,114,134,158.0,19,158.0,0.05827689170837402,2
1514,graficon47nodi/grafo7236.47,31,47,70,111,134,192.0,30,192.0,0.05158376693725586,2
1515,graficon60nodi/grafo4548.60,31,60,72,112,124,137.0,20,137.0,0.05152440071105957,2
1516,graficon64nodi/grafo4288.64,31,64,81,111,128,152.0,18,152.0,0.05211806297302246,2
1517,graficon77nodi/grafo8372.77,31,77,85,112,120,95.0,8,95.0,0.049896955490112305,2
1518,graficon61nodi/grafo5418.61,31,61,82,112,133,161.0,16,161.0,0.056142568588256836,2
1519,graficon59nodi/grafo4463.59,31,59,76,114,131,132.0,10,132.0,0.04926919937133789,2
1520,graficon58nodi/grafo4889.58,31,58,77,111,130,164.0,27,164.0,0.06038618087768555,2
1521,graficon55nodi/grafo4661.55,31,55,69,111,125,91.0,15,91.0,0.047435760498046875,2
1522,graficon43nodi/grafo5950.43,31,43,56,112,125,71.0,8,71.0,0.04156947135925293,2
1523,graficon44nodi/grafo5404.44,31,44,60,113,129,139.0,13,139.0,0.04590463638305664,2
1524,graficon59nodi/grafo6503.59,31,59,73,111,125,88.0,12,88.0,0.04562807083129883,2
1525,graficon35nodi/grafo5852.35,31,35,50,112,127,56.0,7,56.0,0.0446774959564209,2
1526,graficon55nodi/grafo4318.55,31,55,81,114,140,223.0,45,223.0,0.0631570816040039,2
1527,graficon63nodi/grafo9365.63,31,63,83,110,130,161.0,23,161.0,0.05503392219543457,2
1528,graficon39nodi/grafo2982.39,31,39,52,112,125,74.0,7,74.0,0.04392504692077637,2
1529,graficon58nodi/grafo6031.58,31,58,82,113,137,265.99999999999903,36,265.9999999999991,0.06657052040100098,2
1530,graficon40nodi/grafo3131.40,31,40,53,112,125,102.0,12,102.0,0.04734945297241211,2
1531,graficon66nodi/grafo1564.66,31,66,85,114,133,164.0,16,164.0,0.05416727066040039,2
1532,graficon44nodi/grafo6276.44,31,44,62,112,130,87.0,11,87.0,0.04456758499145508,2
1533,graficon65nodi/grafo9158.65,31,65,87,114,136,201.0,45,201.0,0.06431341171264648,2
1534,graficon61nodi/grafo3853.61,31,61,79,113,131,134.0,26,134.0,0.05644869804382324,2
1535,graficon61nodi/grafo9775.61,31,61,79,113,131,164.0,16,164.0,0.05836224555969238,2
1536,graficon43nodi/grafo3947.43,31,43,63,114,134,123.0,11,123.0,0.047292232513427734,2
1537,graficon42nodi/grafo7666.42,31,42,63,111,132,149.0,25,149.0,0.05406641960144043,2
1538,graficon72nodi/grafo8975.72,31,72,87,112,127,174.0,27,174.0,0.05783224105834961,2
1539,graficon51nodi/grafo4726.51,31,51,67,110,126,122.0,9,122.0,0.05707669258117676,2
1540,graficon46nodi/grafo5659.46,31,46,60,110,124,97.0,11,97.0,0.04595017433166504,2
1541,graficon63nodi/grafo2914.63,31,63,80,111,128,149.0,29,149.0,0.05497169494628906,2
1542,graficon58nodi/grafo5008.58,31,58,77,114,133,124.0,23,124.0,0.048232078552246094,2
1543,graficon59nodi/grafo6791.59,31,59,76,114,131,126.0,25,126.0,0.05330657958984375,2
1544,graficon53nodi/grafo1262.53,31,53,74,114,135,171.0,40,171.0,0.06293535232543945,2
1545,graficon56nodi/grafo6350.56,31,56,74,114,132,151.0,20,151.0,0.05017900466918945,2
1546,graficon36nodi/grafo3241.36,31,36,47,110,121,55.0,8,55.0,0.04128146171569824,2
1547,graficon52nodi/grafo3628.52,31,52,71,114,133,164.0,13,164.0,0.05251884460449219,2
1548,graficon40nodi/grafo4021.40,31,40,51,111,122,54.0,8,54.0,0.04018807411193848,2
1549,graficon60nodi/grafo5483.60,31,60,75,113,128,140.0,7,140.0,0.05042719841003418,2
1550,graficon42nodi/grafo5183.42,31,42,58,110,126,134.0,16,134.0,0.05034136772155762,2
1551,graficon62nodi/grafo4952.62,31,62,78,110,126,154.0,16,154.0,0.05294942855834961,2
1552,graficon44nodi/grafo6968.44,31,44,67,112,135,137.0,24,137.0,0.04884171485900879,2
1553,graficon46nodi/grafo6553.46,31,46,66,111,131,116.0,14,116.0,0.04861640930175781,2
1554,graficon56nodi/grafo6546.56,31,56,70,113,127,107.0,9,107.0,0.05116748809814453,2
1555,graficon55nodi/grafo7054.55,31,55,79,112,136,189.0,40,189.0,0.0626366138458252,2
1556,graficon62nodi/grafo6494.62,31,62,81,111,130,168.0,30,168.0,0.0524599552154541,2
1557,graficon56nodi/grafo4322.56,31,56,78,113,135,160.0,32,160.0,0.0611109733581543,2
1558,graficon62nodi/grafo7772.62,31,62,79,113,130,149.0,19,149.0,0.05942654609680176,2
1559,graficon61nodi/grafo4616.61,31,61,81,111,131,180.0,20,180.0,0.06037282943725586,2
1560,graficon63nodi/grafo4884.63,31,63,86,113,136,196.99999999999915,30,196.99999999999972,0.05946755409240723,2
1561,graficon38nodi/grafo10618.38,31,38,54,113,129,96.0,20,96.0,0.04423928260803223,2
1562,graficon52nodi/grafo6715.52,31,52,72,110,130,173.9999999999994,26,173.99999999999937,0.05616402626037598,2
1563,graficon41nodi/grafo4031.41,31,41,62,111,132,142.0,23,142.0,0.049832820892333984,2
1564,graficon53nodi/grafo5040.53,31,53,72,112,131,175.0,21,175.0,0.05475473403930664,2
1565,graficon63nodi/grafo4162.63,31,63,81,113,131,146.0,20,146.0,0.05005645751953125,2
1566,graficon53nodi/grafo4750.53,31,53,64,113,124,77.0,6,77.0,0.04242229461669922,2
1567,graficon37nodi/grafo5965.37,31,37,52,113,128,105.0,10,105.0,0.04548382759094238,2
1568,graficon41nodi/grafo149.41,31,41,54,111,124,80.0,9,80.0,0.04561281204223633,2
1569,graficon68nodi/grafo4896.68,31,68,86,114,132,103.0,20,103.0,0.04597616195678711,2
1570,graficon48nodi/grafo6561.48,31,48,68,111,131,203.0,15,203.0,0.05249905586242676,2
1571,graficon64nodi/grafo9060.64,31,64,81,112,129,148.0,26,148.0,0.05662846565246582,2
1572,graficon44nodi/grafo4022.44,31,44,63,113,132,130.0,17,130.0,0.0521697998046875,2
1573,graficon39nodi/grafo3142.39,31,39,52,111,124,94.0,10,94.0,0.04824399948120117,2
1574,graficon64nodi/grafo9057.64,31,64,85,114,135,161.0,32,161.0,0.05636739730834961,2
1575,graficon38nodi/grafo7492.38,31,38,57,111,130,179.0,27,179.0,0.05693364143371582,2
1576,graficon56nodi/grafo1366.56,31,56,70,115,129,98.0,6,98.0,0.04813408851623535,2
1577,graficon57nodi/grafo4130.57,31,57,79,117,139,171.0,38,171.0,0.05933070182800293,2
1578,graficon55nodi/grafo6661.55,31,55,72,117,134,117.0,13,117.0,0.04610276222229004,2
1579,graficon59nodi/grafo1342.59,31,59,70,117,128,126.0,13,126.0,0.11726045608520508,2
1580,graficon64nodi/grafo9594.64,31,64,86,117,139,158.0,31,158.0,0.06030917167663574,2
1581,graficon57nodi/grafo6107.57,31,57,75,119,137,166.0,22,166.0,0.06174612045288086,2
1582,graficon64nodi/grafo9467.64,31,64,75,117,128,87.0,8,87.0,0.04497838020324707,2
1583,graficon68nodi/grafo9749.68,31,68,82,119,133,145.0,14,145.0,0.053550004959106445,2
1584,graficon56nodi/grafo1480.56,31,56,77,118,139,197.0,50,197.0,0.0662086009979248,2
1585,graficon37nodi/grafo11566.37,31,37,53,116,132,109.0,12,109.0,0.04658341407775879,2
1586,graficon62nodi/grafo5406.62,31,62,77,117,132,108.0,14,108.0,0.04630279541015625,2
1587,graficon71nodi/grafo8270.71,31,71,91,118,138,147.0,22,147.0,0.056234121322631836,2
1588,graficon54nodi/grafo5311.54,31,54,74,115,135,162.99999999999994,27,163.00000000000017,0.05841970443725586,2
1589,graficon59nodi/grafo4198.59,31,59,75,115,131,153.0,23,153.0,0.0516963005065918,2
1590,graficon51nodi/grafo6747.51,31,51,65,118,132,113.0,11,113.0,0.049394845962524414,2
1591,graficon68nodi/grafo6622.68,31,68,77,115,124,81.0,4,81.0,0.04177236557006836,2
1592,graficon64nodi/grafo4563.64,31,64,87,118,141,283.0000000000008,56,283.0000000000025,0.07747554779052734,2
1593,graficon64nodi/grafo5788.64,31,64,77,117,130,117.0,15,117.0,0.05274033546447754,2
1594,graficon67nodi/grafo6909.67,31,67,77,115,125,86.0,13,86.0,0.1093752384185791,2
1595,graficon53nodi/grafo4003.53,31,53,72,118,137,123.0,22,123.0,0.05570530891418457,2
1596,graficon54nodi/grafo6872.54,31,54,76,119,141,195.99999999999866,51,195.9999999999987,0.06009268760681152,2
1597,graficon57nodi/grafo6269.57,31,57,75,118,136,144.0,32,144.0,0.06287074089050293,2
1598,graficon58nodi/grafo4723.58,31,58,70,118,130,85.0,5,85.0,0.0449213981628418,2
1599,graficon45nodi/grafo6297.45,31,45,60,115,130,87.0,11,87.0,0.043421030044555664,2
1600,graficon39nodi/grafo9974.39,31,39,55,117,133,69.0,5,69.0,0.04268836975097656,2
1601,graficon55nodi/grafo4894.55,31,55,76,116,137,155.0,20,155.0,0.051857709884643555,2
1602,graficon43nodi/grafo5515.43,31,43,64,116,137,193.0,29,193.0,0.05715036392211914,2
1603,graficon52nodi/grafo3810.52,31,52,64,115,127,107.0,13,107.0,0.045667409896850586,2
1604,graficon62nodi/grafo4293.62,31,62,77,115,130,128.0,19,128.0,0.05019402503967285,2
1605,graficon57nodi/grafo3957.57,31,57,80,119,142,181.0,34,181.0,0.05711197853088379,2
1606,graficon42nodi/grafo5345.42,31,42,55,118,131,88.0,6,88.0,0.04306221008300781,2
1607,graficon44nodi/grafo7605.44,31,44,65,118,139,139.0,17,139.0,0.052759647369384766,2
1608,graficon47nodi/grafo6300.47,31,47,72,117,142,231.0,42,231.0,0.0608363151550293,2
1609,graficon63nodi/grafo9652.63,31,63,75,118,130,119.0,12,119.0,0.049698829650878906,2
1610,graficon53nodi/grafo5729.53,31,53,75,115,137,192.0,34,192.0,0.06180906295776367,2
1611,graficon58nodi/grafo6690.58,31,58,70,116,128,92.0,7,92.0,0.04978060722351074,2
1612,graficon75nodi/grafo6954.75,31,75,90,117,132,141.0,16,141.0,0.05297732353210449,2
1613,graficon51nodi/grafo3507.51,31,51,71,117,137,168.0,28,168.0,0.05198049545288086,2
1614,graficon41nodi/grafo7137.41,31,41,59,115,133,118.0,18,118.0,0.047847747802734375,2
1615,graficon69nodi/grafo8347.69,31,69,76,119,126,70.0,3,70.0,0.044824838638305664,2
1616,graficon64nodi/grafo4722.64,31,64,80,119,135,115.0,14,115.0,0.05278468132019043,2
1617,graficon44nodi/grafo5243.44,31,44,61,118,135,113.0,18,113.0,0.05079913139343262,2
1618,graficon51nodi/grafo4766.51,31,51,73,117,139,133.0,20,133.0,0.05868053436279297,2
1619,graficon45nodi/grafo7039.45,31,45,63,116,134,104.0,10,104.0,0.0499873161315918,2
1620,graficon66nodi/grafo1414.66,31,66,82,118,134,158.0,18,158.0,0.06850504875183105,2
1621,graficon48nodi/grafo7601.48,31,48,64,118,134,114.0,18,114.0,0.04922318458557129,2
1622,graficon63nodi/grafo9085.63,31,63,82,119,138,171.0,24,171.0,0.05998945236206055,2
1623,graficon56nodi/grafo4621.56,31,56,67,119,130,81.0,10,81.0,0.04665565490722656,2
1624,graficon63nodi/grafo7961.63,31,63,76,117,130,100.0,6,100.0,0.0473175048828125,2
1625,graficon56nodi/grafo3760.56,31,56,69,115,128,64.0,8,64.0,0.043437957763671875,2
1626,graficon58nodi/grafo5173.58,31,58,83,115,140,198.0,36,198.0,0.06177568435668945,2
1627,graficon43nodi/grafo6391.43,31,43,62,119,138,141.0,24,141.0,0.05594444274902344,2
1628,graficon37nodi/grafo5229.37,31,37,53,115,131,131.0,13,131.0,0.05337071418762207,2
1629,graficon67nodi/grafo9070.67,31,67,88,116,137,188.0,39,188.0,0.05987071990966797,2
1630,graficon76nodi/grafo8078.76,31,76,98,117,139,208.0,53,208.0,0.06526732444763184,2
1631,graficon65nodi/grafo1527.65,31,65,77,117,129,90.0,9,90.0,0.0456850528717041,2
1632,graficon37nodi/grafo6959.37,31,37,55,117,135,78.0,10,78.0,0.04253721237182617,2
1633,graficon46nodi/grafo6724.46,31,46,66,118,138,186.0,23,186.0,0.05966043472290039,2
1634,graficon43nodi/grafo5987.43,31,43,63,117,137,124.0,30,124.0,0.051999568939208984,2
1635,graficon64nodi/grafo9098.64,31,64,80,117,133,133.0,15,133.0,0.046089887619018555,2
1636,graficon54nodi/grafo3460.54,31,54,82,117,145,267.9999999999998,52,267.99999999999983,0.07229852676391602,2
1637,graficon50nodi/grafo4869.50,31,50,69,117,136,138.0,18,138.0,0.05322456359863281,2
1638,graficon44nodi/grafo4017.44,31,44,60,118,134,114.0,16,114.0,0.04765772819519043,2
1639,graficon61nodi/grafo9367.61,31,61,77,117,133,167.0,14,167.0,0.05795478820800781,2
1640,graficon37nodi/grafo6698.37,31,37,54,118,135,89.0,13,89.0,0.04453730583190918,2
1641,graficon66nodi/grafo4656.66,31,66,81,119,134,150.0,15,150.0,0.05392742156982422,2
1642,graficon52nodi/grafo4874.52,31,52,70,119,137,128.0,7,128.0,0.04981064796447754,2
1643,graficon57nodi/grafo6446.57,31,57,68,116,127,79.0,4,79.0,0.04412674903869629,2
1644,graficon57nodi/grafo1567.57,31,57,74,118,135,122.0,14,122.0,0.05456280708312988,2
1645,graficon60nodi/grafo7536.60,31,60,76,119,135,129.0,23,129.0,0.06081414222717285,2
1646,graficon62nodi/grafo9405.62,31,62,82,117,137,235.0,32,235.0,0.06850767135620117,2
1647,graficon58nodi/grafo4605.58,31,58,84,118,144,294.0,50,294.0,0.07003998756408691,2
1648,graficon39nodi/grafo3902.39,31,39,53,116,130,124.0,13,124.0,0.04523205757141113,2
1649,graficon46nodi/grafo6228.46,31,46,62,116,132,147.0,21,147.0,0.051648616790771484,2
1650,graficon63nodi/grafo6941.63,31,63,82,116,135,144.0,23,144.0,0.05106616020202637,2
1651,graficon58nodi/grafo5389.58,31,58,84,122,148,229.0,45,229.0,0.0682525634765625,2
1652,graficon52nodi/grafo3704.52,31,52,70,121,139,167.0,24,167.0,0.057065486907958984,2
1653,graficon60nodi/grafo5914.60,31,60,82,124,146,214.99999999999875,45,214.99999999999875,0.06551289558410645,2
1654,graficon58nodi/grafo4730.58,31,58,86,123,151,184.00000000000074,32,184.00000000000148,0.07046055793762207,2
1655,graficon68nodi/grafo8028.68,31,68,94,121,147,265.99999999999994,71,265.99999999999994,0.07912707328796387,2
1656,graficon47nodi/grafo3846.47,31,47,65,124,142,134.0,14,134.0,0.053139448165893555,2
1657,graficon46nodi/grafo6790.46,31,46,74,121,149,318.0,50,318.0,0.07181859016418457,2
1658,graficon73nodi/grafo6710.73,31,73,94,124,145,218.99999999999923,39,218.9999999999992,0.06448841094970703,2
1659,graficon59nodi/grafo7328.59,31,59,71,120,132,90.0,8,90.0,0.04477643966674805,2
1660,graficon46nodi/grafo7399.46,31,46,63,123,140,95.0,15,95.0,0.05396723747253418,2
1661,graficon76nodi/grafo7967.76,31,76,100,121,145,242.0,44,242.0,0.08275246620178223,2
1662,graficon67nodi/grafo8050.67,31,67,86,123,142,177.0,22,177.0,0.06148195266723633,2
1663,graficon42nodi/grafo6310.42,31,42,63,122,143,136.0,21,136.0,0.05365419387817383,2
1664,graficon56nodi/grafo3658.56,31,56,78,124,146,182.0,44,182.0,0.06136679649353027,2
1665,graficon62nodi/grafo4245.62,31,62,84,121,143,147.0,33,147.0,0.06240987777709961,2
1666,graficon77nodi/grafo4554.77,31,77,99,124,146,221.0,51,221.0,0.06897091865539551,2
1667,graficon60nodi/grafo4856.60,31,60,80,122,142,145.0,22,145.0,0.060442209243774414,2
1668,graficon53nodi/grafo4505.53,31,53,69,120,136,106.0,7,106.0,0.04922986030578613,2
1669,graficon43nodi/grafo5443.43,31,43,59,122,138,98.0,16,98.0,0.05404090881347656,2
1670,graficon51nodi/grafo6475.51,31,51,66,122,137,97.0,16,97.0,0.05029726028442383,2
1671,graficon47nodi/grafo7084.47,31,47,65,124,142,126.0,14,126.0,0.054796695709228516,2
1672,graficon75nodi/grafo8507.75,31,75,88,123,136,80.0,11,80.0,0.08431625366210938,2
1673,graficon48nodi/grafo1416.48,31,48,62,124,138,107.0,8,107.0,0.04621171951293945,2
1674,graficon63nodi/grafo9234.63,31,63,87,120,144,211.0,39,211.0,0.061901092529296875,2
1675,graficon51nodi/grafo4154.51,31,51,65,121,135,113.0,10,113.0,0.045630455017089844,2
1676,graficon62nodi/grafo4988.62,31,62,78,121,137,161.0,22,161.0,0.057544708251953125,2
1677,graficon61nodi/grafo6131.61,31,61,79,123,141,164.0,14,164.0,0.06463813781738281,2
1678,graficon44nodi/grafo6911.44,31,44,59,124,139,78.0,6,78.0,0.044095754623413086,2
1679,graficon58nodi/grafo3448.58,31,58,85,124,151,232.0,40,232.0,0.0692288875579834,2
1680,graficon60nodi/grafo8115.60,31,60,74,120,134,127.0,21,127.0,0.0554652214050293,2
1681,graficon55nodi/grafo3950.55,31,55,74,121,140,151.0,19,151.0,0.056440114974975586,2
1682,graficon64nodi/grafo9659.64,31,64,82,122,140,161.0,27,161.0,0.06362080574035645,2
1683,graficon44nodi/grafo3705.44,31,44,57,120,133,91.0,7,91.0,0.04821968078613281,2
1684,graficon61nodi/grafo4313.61,31,61,89,120,148,179.0,41,179.0,0.05654501914978027,2
1685,graficon57nodi/grafo3991.57,31,57,81,120,144,186.0,40,186.0,0.06679821014404297,2
1686,graficon46nodi/grafo7405.46,31,46,64,123,141,129.0,23,129.0,0.05256843566894531,2
1687,graficon57nodi/grafo3791.57,31,57,78,123,144,156.0,33,156.0,0.060626983642578125,2
1688,graficon43nodi/grafo3269.43,31,43,58,122,137,86.0,9,86.0,0.046560049057006836,2
1689,graficon39nodi/grafo6026.39,31,39,61,122,144,117.0,14,117.0,0.04926729202270508,2
1690,graficon62nodi/grafo9822.62,31,62,89,124,151,247.0,58,247.0,0.0716707706451416,2
1691,graficon49nodi/grafo4046.49,31,49,67,122,140,159.0,13,159.0,0.0594637393951416,2
1692,graficon55nodi/grafo3346.55,31,55,74,122,141,136.0,15,136.0,0.049593210220336914,2
1693,graficon56nodi/grafo4940.56,31,56,72,121,137,119.0,13,119.0,0.0493474006652832,2
1694,graficon57nodi/grafo4083.57,31,57,78,124,145,170.0,29,170.0,0.050661563873291016,2
1695,graficon46nodi/grafo3636.46,31,46,62,121,137,136.0,12,136.0,0.055457353591918945,2
1696,graficon55nodi/grafo4394.55,31,55,76,124,145,175.0,25,175.0,0.14390850067138672,2
1697,graficon42nodi/grafo6004.42,31,42,60,121,139,134.0,10,134.0,0.04968523979187012,2
1698,graficon61nodi/grafo4331.61,31,61,78,124,141,124.0,13,124.0,0.0489344596862793,2
1699,graficon69nodi/grafo7284.69,31,69,87,121,139,144.0,26,144.0,0.048323631286621094,2
1700,graficon55nodi/grafo3598.55,31,55,73,122,140,148.0,20,148.0,0.11534786224365234,2
1701,graficon55nodi/grafo4356.55,31,55,73,120,138,90.0,17,90.0,0.04821658134460449,2
1702,graficon61nodi/grafo5755.61,31,61,85,124,148,222.0,42,222.0,0.05875587463378906,2
1703,graficon38nodi/grafo11236.38,31,38,52,124,138,66.0,5,66.0,0.04234170913696289,2
1704,graficon56nodi/grafo5089.56,31,56,83,123,150,179.0,39,179.0,0.061664581298828125,2
1705,graficon46nodi/grafo7386.46,31,46,66,122,142,191.0,25,191.0,0.0589144229888916,2
1706,graficon60nodi/grafo8159.60,31,60,85,122,147,201.0,31,201.0,0.06609344482421875,2
1707,graficon61nodi/grafo3564.61,31,61,79,124,142,198.99999999999838,33,198.9999999999984,0.061168670654296875,2
1708,graficon66nodi/grafo8771.66,31,66,88,123,145,149.0,21,149.0,0.05711817741394043,2
1709,graficon56nodi/grafo5055.56,31,56,77,124,145,160.0,28,160.0,0.05937457084655762,2
1710,graficon58nodi/grafo4280.58,31,58,75,120,137,147.0,16,147.0,0.05692768096923828,2
1711,graficon69nodi/grafo4408.69,31,69,91,121,143,258.0,34,258.0,0.062070369720458984,2
1712,graficon53nodi/grafo6767.53,31,53,73,121,141,194.0,24,194.0,0.1243743896484375,2
1713,graficon63nodi/grafo4642.63,31,63,84,124,145,199.0,29,199.0,0.06058025360107422,2
1714,graficon61nodi/grafo8562.61,31,61,80,122,141,161.0,24,161.0,0.05032753944396973,2
1715,graficon37nodi/grafo3533.37,31,37,57,120,140,176.0,20,176.0,0.06032061576843262,2
1716,graficon43nodi/grafo6008.43,31,43,68,124,149,171.0,27,171.0,0.05646944046020508,2
1717,graficon60nodi/grafo3198.60,31,60,80,123,143,156.0,32,156.0,0.05886125564575195,2
1718,graficon48nodi/grafo1488.48,31,48,58,122,132,80.0,7,80.0,0.04491758346557617,2
1719,graficon60nodi/grafo7341.60,31,60,78,124,142,135.0,23,135.0,0.049813270568847656,2
1720,graficon73nodi/grafo9705.73,31,73,94,124,145,157.0,20,157.0,0.05483579635620117,2
1721,graficon62nodi/grafo5912.62,31,62,75,122,135,101.0,12,101.0,0.049440860748291016,2
1722,graficon51nodi/grafo4451.51,31,51,72,124,145,138.0,18,138.0,0.04992413520812988,2
1723,graficon69nodi/grafo7808.69,31,69,88,120,139,142.0,17,142.0,0.0591583251953125,2
1724,graficon68nodi/grafo2711.68,31,68,82,124,138,143.0,10,143.0,0.04953718185424805,2
1725,graficon63nodi/grafo4263.63,31,63,77,123,137,104.0,13,104.0,0.04830050468444824,2
1726,graficon66nodi/grafo9266.66,31,66,93,127,154,256.9999999999991,47,256.9999999999991,0.07082772254943848,2
1727,graficon48nodi/grafo7477.48,31,48,69,126,147,139.0,28,139.0,0.06366729736328125,2
1728,graficon65nodi/grafo4828.65,31,65,88,125,148,162.0,23,162.0,0.06078362464904785,2
1729,graficon59nodi/grafo4124.59,31,59,82,126,149,139.0,18,139.0,0.05243420600891113,2
1730,graficon51nodi/grafo3677.51,31,51,71,129,149,155.0,22,155.0,0.05610799789428711,2
1731,graficon54nodi/grafo3737.54,31,54,77,127,150,155.0,31,155.0,0.05999946594238281,2
1732,graficon64nodi/grafo9716.64,31,64,82,125,143,147.0,20,147.0,0.05853128433227539,2
1733,graficon60nodi/grafo6454.60,31,60,78,125,143,103.0,18,103.0,0.05519700050354004,2
1734,graficon63nodi/grafo9179.63,31,63,74,125,136,101.0,7,101.0,0.05448126792907715,2
1735,graficon46nodi/grafo6834.46,31,46,67,127,148,128.0,29,128.0,0.05303645133972168,2
1736,graficon50nodi/grafo4950.50,31,50,64,125,139,117.0,8,117.0,0.04845786094665527,2
1737,graficon67nodi/grafo5107.67,31,67,80,129,142,123.0,15,123.0,0.0604853630065918,2
1738,graficon44nodi/grafo7398.44,31,44,58,128,142,81.0,12,81.0,0.05066728591918945,2
1739,graficon59nodi/grafo6969.59,31,59,79,129,149,132.0,22,132.0,0.05069255828857422,2
1740,graficon54nodi/grafo3614.54,31,54,75,125,146,158.0,26,158.0,0.056084632873535156,2
1741,graficon60nodi/grafo4876.60,31,60,78,127,145,155.0,23,155.0,0.05098414421081543,2
1742,graficon40nodi/grafo10615.40,31,40,50,129,139,52.0,1,52.0,0.04331398010253906,2
1743,graficon69nodi/grafo9667.69,31,69,88,126,145,180.0,19,180.0,0.06328558921813965,2
1744,graficon41nodi/grafo3889.41,31,41,55,126,140,102.0,12,102.0,0.05060219764709473,2
1745,graficon43nodi/grafo7193.43,31,43,64,125,146,151.0,25,151.0,0.04890775680541992,2
1746,graficon68nodi/grafo9145.68,31,68,86,129,147,191.0,23,191.0,0.06536197662353516,2
1747,graficon68nodi/grafo8032.68,31,68,83,126,141,106.0,5,106.0,0.05075836181640625,2
1748,graficon56nodi/grafo4601.56,31,56,71,125,140,112.0,12,112.0,0.0514218807220459,2
1749,graficon57nodi/grafo4462.57,31,57,67,127,137,87.0,5,87.0,0.04591703414916992,2
1750,graficon69nodi/grafo7516.69,31,69,88,128,147,184.0,36,184.0,0.06024980545043945,2
1751,graficon56nodi/grafo3789.56,31,56,79,129,152,177.0,31,177.0,0.06088590621948242,2
1752,graficon49nodi/grafo1542.49,31,49,59,126,136,72.0,5,72.0,0.042099714279174805,2
1753,graficon56nodi/grafo3569.56,31,56,75,125,144,163.0,23,163.0,0.056151628494262695,2
1754,graficon62nodi/grafo9583.62,31,62,77,129,144,125.0,13,125.0,0.04961681365966797,2
1755,graficon56nodi/grafo5249.56,31,56,85,125,154,286.99999999999875,36,286.99999999999875,0.07143735885620117,2
1756,graficon48nodi/grafo3561.48,31,48,68,127,147,169.0,28,169.0,0.05498456954956055,2
1757,graficon63nodi/grafo3204.63,31,63,87,128,152,215.0,40,215.0,0.07074379920959473,2
1758,graficon53nodi/grafo7077.53,31,53,73,126,146,142.0,16,142.0,0.050390005111694336,2
1759,graficon56nodi/grafo5077.56,31,56,79,125,148,199.0,35,199.0,0.06379246711730957,2
1760,graficon57nodi/grafo4700.57,31,57,76,125,144,149.0,21,149.0,0.0544590950012207,2
1761,graficon58nodi/grafo7346.58,31,58,78,125,145,166.0,23,166.0,0.0577244758605957,2
1762,graficon57nodi/grafo5317.57,31,57,73,127,143,139.0,21,139.0,0.05911970138549805,2
1763,graficon61nodi/grafo4497.61,31,61,82,125,146,191.0,48,191.0,0.07069611549377441,2
1764,graficon65nodi/grafo9519.65,31,65,85,128,148,112.0,22,112.0,0.050004005432128906,2
1765,graficon55nodi/grafo3183.55,31,55,67,125,137,91.0,9,91.0,0.04570794105529785,2
1766,graficon71nodi/grafo9009.71,31,71,83,128,140,155.0,18,155.0,0.057628631591796875,2
1767,graficon58nodi/grafo6840.58,31,58,73,125,140,112.0,10,112.0,0.04943227767944336,2
1768,graficon57nodi/grafo4773.57,31,57,79,128,150,182.0,30,182.0,0.06058931350708008,2
1769,graficon54nodi/grafo6321.54,31,54,71,129,146,95.0,17,95.0,0.05186271667480469,2
1770,graficon65nodi/grafo2881.65,31,65,76,129,140,97.0,9,97.0,0.05245161056518555,2
1771,graficon50nodi/grafo6410.50,31,50,69,128,147,127.0,16,127.0,0.050954580307006836,2
1772,graficon64nodi/grafo9180.64,31,64,80,127,143,118.0,23,118.0,0.05707526206970215,2
1773,graficon55nodi/grafo6500.55,31,55,75,125,145,239.0,26,239.0,0.06670618057250977,2
1774,graficon74nodi/grafo7149.74,31,74,93,127,146,142.0,14,142.0,0.05497574806213379,2
1775,graficon66nodi/grafo8998.66,31,66,99,127,160,306.0,106,306.0,0.09282159805297852,2
1776,graficon60nodi/grafo5896.60,31,60,84,128,152,232.0,27,232.0,0.07343602180480957,2
1777,graficon48nodi/grafo6833.48,31,48,69,129,150,137.0,19,137.0,0.056092023849487305,2
1778,graficon44nodi/grafo6938.44,31,44,61,127,144,111.0,15,111.0,0.04827117919921875,2
1779,graficon60nodi/grafo4138.60,31,60,83,129,152,202.0,40,202.0,0.06578350067138672,2
1780,graficon63nodi/grafo5858.63,31,63,83,126,146,204.0,24,204.0,0.06295633316040039,2
1781,graficon61nodi/grafo6803.61,31,61,87,125,151,220.0,49,220.0,0.06604695320129395,2
1782,graficon54nodi/grafo4701.54,31,54,67,126,139,95.0,8,95.0,0.04481029510498047,2
1783,graficon43nodi/grafo5467.43,31,43,73,129,159,254.0,49,254.0,0.06843447685241699,2
1784,graficon62nodi/grafo9257.62,31,62,85,128,151,224.0,38,224.0,0.06767940521240234,2
1785,graficon59nodi/grafo6980.59,31,59,79,129,149,132.0,22,132.0,0.050966739654541016,2
1786,graficon65nodi/grafo9475.65,31,65,84,126,145,120.0,25,120.0,0.052877187728881836,2
1787,graficon54nodi/grafo7613.54,31,54,78,127,151,166.0,32,166.0,0.054563045501708984,2
1788,graficon43nodi/grafo5187.43,31,43,61,129,147,96.0,12,96.0,0.050397396087646484,2
1789,graficon41nodi/grafo3701.41,31,41,58,127,144,135.0,22,135.0,0.055570125579833984,2
1790,graficon49nodi/grafo3085.49,31,49,72,128,151,157.0,26,157.0,0.05719161033630371,2
1791,graficon68nodi/grafo9378.68,31,68,81,125,138,83.0,13,83.0,0.05330991744995117,2
1792,graficon59nodi/grafo5600.59,31,59,78,125,144,211.0,19,211.0,0.06074714660644531,2
1793,graficon46nodi/grafo6986.46,31,46,63,127,144,122.0,16,122.0,0.04999709129333496,2
1794,graficon78nodi/grafo8145.78,31,78,98,127,147,323.0,61,323.0,0.0816199779510498,2
1795,graficon61nodi/grafo4392.61,31,61,75,125,139,127.0,17,127.0,0.056322336196899414,2
1796,graficon68nodi/grafo4472.68,31,68,90,128,150,153.0,21,153.0,0.05413985252380371,2
1797,graficon80nodi/grafo9560.80,31,80,100,127,147,281.0,55,281.0,0.08498477935791016,2
1798,graficon57nodi/grafo6238.57,31,57,87,128,158,247.99999999999937,42,247.9999999999997,0.06340360641479492,2
1799,graficon62nodi/grafo2002.62,31,62,77,126,141,142.0,18,142.0,0.06046271324157715,2
1800,graficon59nodi/grafo4615.59,31,59,75,129,145,110.0,14,110.0,0.05083274841308594,2
1801,graficon56nodi/grafo4685.56,31,56,71,132,147,87.0,8,87.0,0.09977483749389648,2
1802,graficon65nodi/grafo4904.65,31,65,78,130,143,103.0,5,103.0,0.05937314033508301,2
1803,graficon75nodi/grafo7926.75,31,75,93,131,149,241.0,26,241.0,0.07052946090698242,2
1804,graficon65nodi/grafo9415.65,31,65,85,131,151,222.99999999999903,37,222.9999999999996,0.06728601455688477,2
1805,graficon48nodi/grafo5672.48,31,48,70,132,154,182.0,24,182.0,0.06091570854187012,2
1806,graficon54nodi/grafo3189.54,31,54,84,132,162,259.0,54,259.0,0.07314038276672363,2
1807,graficon63nodi/grafo4702.63,31,63,89,134,160,268.0,64,268.0,0.07657766342163086,2
1808,graficon60nodi/grafo8898.60,31,60,78,130,148,169.0,17,169.0,0.060419559478759766,2
1809,graficon70nodi/grafo1381.70,31,70,87,133,150,90.0,9,90.0,0.0494694709777832,2
1810,graficon62nodi/grafo8037.62,31,62,81,132,151,186.0,21,186.0,0.058098554611206055,2
1811,graficon70nodi/grafo8234.70,31,70,89,131,150,128.0,22,128.0,0.06193685531616211,2
1812,graficon63nodi/grafo7806.63,31,63,83,132,152,127.0,14,127.0,0.0627446174621582,2
1813,graficon53nodi/grafo4882.53,31,53,75,133,155,125.0,23,125.0,0.05263662338256836,2
1814,graficon69nodi/grafo1568.69,31,69,89,131,151,151.0,16,151.0,0.06205487251281738,2
1815,graficon56nodi/grafo1478.56,31,56,69,132,145,139.0,6,139.0,0.051064252853393555,2
1816,graficon67nodi/grafo9187.67,31,67,93,133,159,281.0,69,281.0,0.07631993293762207,2
1817,graficon40nodi/grafo2593.40,31,40,55,130,145,66.0,8,66.0,0.043340206146240234,2
1818,graficon72nodi/grafo9592.72,31,72,86,132,146,97.0,18,97.0,0.05174446105957031,2
1819,graficon38nodi/grafo6416.38,31,38,57,131,150,74.0,13,74.0,0.04461073875427246,2
1820,graficon65nodi/grafo6412.65,31,65,82,133,150,138.0,21,138.0,0.06141781806945801,2
1821,graficon54nodi/grafo4969.54,31,54,85,130,161,277.9999999999985,55,277.9999999999997,0.07431507110595703,2
1822,graficon63nodi/grafo9400.63,31,63,85,134,156,135.0,28,135.0,0.05778193473815918,2
1823,graficon66nodi/grafo1298.66,31,66,82,131,147,154.0,20,154.0,0.06345558166503906,2
1824,graficon56nodi/grafo7752.56,31,56,69,134,147,129.0,10,129.0,0.0597078800201416,2
1825,graficon67nodi/grafo9754.67,31,67,96,131,160,253.0,51,253.0,0.08130526542663574,2
1826,graficon55nodi/grafo5444.55,31,55,70,134,149,150.0,15,150.0,0.05685091018676758,2
1827,graficon66nodi/grafo4404.66,31,66,81,131,146,110.0,18,110.0,0.05127573013305664,2
1828,graficon42nodi/grafo4033.42,31,42,64,133,155,151.0,19,151.0,0.05449676513671875,2
1829,graficon69nodi/grafo9191.69,31,69,90,134,155,180.0,23,180.0,0.06738018989562988,2
1830,graficon71nodi/grafo8560.71,31,71,93,132,154,207.0,43,207.0,0.06823945045471191,2
1831,graficon46nodi/grafo5778.46,31,46,69,132,155,165.0,27,165.0,0.05607795715332031,2
1832,graficon51nodi/grafo4577.51,31,51,68,132,149,124.0,19,124.0,0.05719137191772461,2
1833,graficon60nodi/grafo7493.60,31,60,83,131,154,179.0,32,179.0,0.07193946838378906,2
1834,graficon68nodi/grafo1575.68,31,68,84,133,149,119.0,13,119.0,0.05418896675109863,2
1835,graficon45nodi/grafo6295.45,31,45,67,130,152,146.0,28,146.0,0.12999176979064941,2
1836,graficon68nodi/grafo1303.68,31,68,84,131,147,115.0,15,115.0,0.05424976348876953,2
1837,graficon65nodi/grafo9272.65,31,65,81,130,146,151.0,22,151.0,0.05815553665161133,2
1838,graficon65nodi/grafo9575.65,31,65,82,130,147,128.0,16,128.0,0.05083322525024414,2
1839,graficon64nodi/grafo5067.64,31,64,82,131,149,142.0,18,142.0,0.06521224975585938,2
1840,graficon63nodi/grafo4679.63,31,63,87,131,155,182.0,43,182.0,0.06385231018066406,2
1841,graficon69nodi/grafo8072.69,31,69,88,132,151,136.0,15,136.0,0.05330944061279297,2
1842,graficon56nodi/grafo3427.56,31,56,81,131,156,243.9999999999996,48,243.99999999999994,0.07203984260559082,2
1843,graficon46nodi/grafo6994.46,31,46,64,134,152,147.0,16,147.0,0.05592632293701172,2
1844,graficon66nodi/grafo4737.66,31,66,86,132,152,156.0,28,156.0,0.0651102066040039,2
1845,graficon56nodi/grafo5851.56,31,56,75,131,150,154.0,25,154.0,0.06025338172912598,2
1846,graficon63nodi/grafo5068.63,31,63,87,132,156,202.0,46,202.0,0.16589760780334473,2
1847,graficon55nodi/grafo1487.55,31,55,71,130,146,144.0,17,144.0,0.055371999740600586,2
1848,graficon60nodi/grafo9141.60,31,60,82,130,152,143.0,25,143.0,0.0511012077331543,2
1849,graficon44nodi/grafo6014.44,31,44,59,133,148,94.0,10,94.0,0.047879695892333984,2
1850,graficon55nodi/grafo6741.55,31,55,80,131,156,193.0,48,193.0,0.1441936492919922,2
1851,graficon66nodi/grafo4727.66,31,66,88,133,155,202.0,27,202.0,0.07212376594543457,2
1852,graficon60nodi/grafo5435.60,31,60,85,132,157,251.0,49,251.0,0.1547849178314209,2
1853,graficon41nodi/grafo3340.41,31,41,54,130,143,81.0,8,81.0,0.04905295372009277,2
1854,graficon65nodi/grafo9417.65,31,65,88,132,155,144.0,12,144.0,0.06032729148864746,2
1855,graficon61nodi/grafo7324.61,31,61,77,132,148,167.0,17,167.0,0.05599665641784668,2
1856,graficon70nodi/grafo9841.70,31,70,97,131,158,234.0,55,234.0,0.07040190696716309,2
1857,graficon69nodi/grafo7954.69,31,69,103,134,168,340.9999999999969,72,340.99999999999693,0.15450406074523926,2
1858,graficon48nodi/grafo3327.48,31,48,73,133,158,219.0,25,219.0,0.06644845008850098,2
1859,graficon60nodi/grafo8610.60,31,60,77,133,150,106.0,14,106.0,0.05060100555419922,2
1860,graficon71nodi/grafo5375.71,31,71,93,132,154,285.0,50,285.0,0.07461166381835938,2
1861,graficon60nodi/grafo4910.60,31,60,76,132,148,100.0,18,100.0,0.0534520149230957,2
1862,graficon63nodi/grafo1606.63,31,63,85,133,155,178.0,29,178.0,0.06559062004089355,2
1863,graficon83nodi/grafo8245.83,31,83,104,130,151,254.9999999999993,41,254.9999999999993,0.07838082313537598,2
1864,graficon59nodi/grafo4591.59,31,59,83,131,155,167.0,25,167.0,0.06525230407714844,2
1865,graficon54nodi/grafo1545.54,31,54,71,134,151,145.0,17,145.0,0.05922865867614746,2
1866,graficon53nodi/grafo5052.53,31,53,77,130,154,191.0,31,191.00000000000145,0.06479334831237793,2
1867,graficon51nodi/grafo7562.51,31,51,81,133,163,237.0,73,237.0,0.08360600471496582,2
1868,graficon58nodi/grafo5403.58,31,58,77,130,149,184.9999999999993,31,184.9999999999993,0.06363439559936523,2
1869,graficon79nodi/grafo9810.79,31,79,101,133,155,262.0,47,262.0,0.0757453441619873,2
1870,graficon48nodi/grafo5806.48,31,48,65,130,147,113.0,14,113.0,0.05294013023376465,2
1871,graficon49nodi/grafo5654.49,31,49,68,130,149,129.0,19,129.0,0.052278995513916016,2
1872,graficon60nodi/grafo6316.60,31,60,82,132,154,199.0,34,199.0,0.06918573379516602,2
1873,graficon63nodi/grafo9246.63,31,63,89,133,159,235.0,46,235.0,0.07781362533569336,2
1874,graficon71nodi/grafo9173.71,31,71,105,134,168,368.0,72,368.0,0.08079361915588379,2
1875,graficon78nodi/grafo9549.78,31,78,97,132,151,221.0,43,221.0,0.13360953330993652,2
1876,graficon64nodi/grafo4584.64,31,64,89,136,161,205.0,34,205.0,0.07230162620544434,2
1877,graficon47nodi/grafo6821.47,31,47,68,138,159,118.0,23,118.0,0.054108619689941406,2
1878,graficon61nodi/grafo8397.61,31,61,82,138,159,149.0,26,149.0,0.060062408447265625,2
1879,graficon52nodi/grafo6177.52,31,52,69,139,156,108.0,13,108.0,0.05312490463256836,2
1880,graficon56nodi/grafo3772.56,31,56,83,138,165,257.0,34,257.0,0.07096672058105469,2
1881,graficon62nodi/grafo4790.62,31,62,85,135,158,182.0,36,182.0,0.14328312873840332,2
1882,graficon51nodi/grafo1520.51,31,51,65,139,153,99.0,19,99.0,0.06127738952636719,2
1883,graficon71nodi/grafo4197.71,31,71,97,139,165,211.0,29,211.0,0.06292414665222168,2
1884,graficon76nodi/grafo4174.76,31,76,98,135,157,189.0,27,189.0,0.06387734413146973,2
1885,graficon62nodi/grafo5986.62,31,62,88,137,163,262.9999999999992,67,262.99999999999915,0.08118534088134766,2
1886,graficon62nodi/grafo7813.62,31,62,81,135,154,172.0,24,172.0,0.12315535545349121,2
1887,graficon57nodi/grafo7627.57,31,57,85,135,163,286.9999999999999,47,286.9999999999999,0.07456207275390625,2
1888,graficon61nodi/grafo5559.61,31,61,75,139,153,114.0,17,114.0,0.05988144874572754,2
1889,graficon58nodi/grafo6457.58,31,58,84,137,163,266.0,42,266.0,0.07115364074707031,2
1890,graficon53nodi/grafo6147.53,31,53,63,139,149,70.0,6,70.0,0.048341989517211914,2
1891,graficon59nodi/grafo4900.59,31,59,83,139,163,164.0,26,164.0,0.05344748497009277,2
1892,graficon54nodi/grafo4928.54,31,54,72,139,157,125.0,22,125.0,0.05787396430969238,2
1893,graficon58nodi/grafo7022.58,31,58,80,136,158,170.0,31,170.0,0.06362032890319824,2
1894,graficon77nodi/grafo9389.77,31,77,99,136,158,207.0,37,207.0,0.06980371475219727,2
1895,graficon67nodi/grafo8161.67,31,67,90,138,161,181.0,29,181.0,0.06877374649047852,2
1896,graficon47nodi/grafo6701.47,31,47,74,136,163,244.0,44,244.0,0.06962323188781738,2
1897,graficon70nodi/grafo9708.70,31,70,91,139,160,199.99999999999946,17,200.00000000000108,0.0705709457397461,2
1898,graficon55nodi/grafo4299.55,31,55,79,138,162,178.0,38,178.0,0.0613255500793457,2
1899,graficon55nodi/grafo5845.55,31,55,80,139,164,217.00000000000006,41,217.00000000000003,0.07162094116210938,2
1900,graficon54nodi/grafo7468.54,31,54,81,138,165,221.0,42,221.0,0.06707072257995605,2
1901,graficon73nodi/grafo4273.73,31,73,90,139,156,113.0,8,113.0,0.058054447174072266,2
1902,graficon67nodi/grafo5665.67,31,67,83,137,153,149.0,12,149.0,0.05942559242248535,2
1903,graficon55nodi/grafo5023.55,31,55,78,136,159,189.0,28,189.0,0.057611942291259766,2
1904,graficon66nodi/grafo9195.66,31,66,86,138,158,145.0,20,145.0,0.05981755256652832,2
1905,graficon64nodi/grafo9364.64,31,64,91,136,163,216.99999999999892,35,216.99999999999892,0.06718778610229492,2
1906,graficon61nodi/grafo6022.61,31,61,86,138,163,241.0,39,241.0,0.06714534759521484,2
1907,graficon39nodi/grafo6294.39,31,39,58,138,157,128.0,16,128.0,0.05236482620239258,2
1908,graficon57nodi/grafo3386.57,31,57,86,135,164,202.0,39,202.0,0.06685900688171387,2
1909,graficon55nodi/grafo3797.55,31,55,79,135,159,200.0,24,200.0,0.061013221740722656,2
1910,graficon66nodi/grafo4881.66,31,66,83,138,155,149.0,17,149.0,0.059981346130371094,2
1911,graficon59nodi/grafo4611.59,31,59,81,137,159,176.0,19,176.0,0.06814193725585938,2
1912,graficon59nodi/grafo3674.59,31,59,90,139,170,290.0,57,290.0,0.07943272590637207,2
1913,graficon66nodi/grafo9366.66,31,66,85,139,158,177.0,26,177.0,0.06661558151245117,2
1914,graficon81nodi/grafo5469.81,31,81,98,137,154,219.00000000000023,28,219.00000000000045,0.07465004920959473,2
1915,graficon77nodi/grafo9780.77,31,77,96,138,157,220.9999999999991,28,221.0000000000004,0.08118414878845215,2
1916,graficon76nodi/grafo8522.76,31,76,99,135,158,196.0,21,196.0,0.0632028579711914,2
1917,graficon80nodi/grafo9582.80,31,80,101,138,159,189.0,32,189.0,0.07114100456237793,2
1918,graficon79nodi/grafo6720.79,31,79,102,139,162,186.0,41,186.0,0.06815218925476074,2
1919,graficon68nodi/grafo9632.68,31,68,91,139,162,207.0,37,207.0,0.06891679763793945,2
1920,graficon68nodi/grafo7293.68,31,68,79,137,148,91.0,7,91.0,0.047089576721191406,2
1921,graficon77nodi/grafo4393.77,31,77,97,136,156,123.0,28,123.0,0.05551624298095703,2
1922,graficon81nodi/grafo4257.81,31,81,107,136,162,311.0,65,311.0,0.0703425407409668,2
1923,graficon62nodi/grafo5084.62,31,62,80,137,155,155.0,13,155.0,0.0642547607421875,2
1924,graficon38nodi/grafo11345.38,31,38,56,139,157,100.0,7,100.0,0.05199766159057617,2
1925,graficon61nodi/grafo4922.61,31,61,91,138,168,223.0,36,223.0,0.07631611824035645,2
1926,graficon71nodi/grafo5179.71,31,71,98,136,163,277.0,63,277.0,0.09764862060546875,2
1927,graficon47nodi/grafo6691.47,31,47,67,139,159,142.0,23,142.0,0.05940508842468262,2
1928,graficon68nodi/grafo1565.68,31,68,83,136,151,130.0,9,130.0,0.052008628845214844,2
1929,graficon78nodi/grafo8409.78,31,78,103,137,162,201.99999999999864,37,201.99999999999864,0.07517480850219727,2
1930,graficon62nodi/grafo4877.62,31,62,85,137,160,167.0,29,167.0,0.05889463424682617,2
1931,graficon69nodi/grafo8995.69,31,69,90,136,157,166.0,25,166.0,0.06539225578308105,2
1932,graficon64nodi/grafo4413.64,31,64,87,138,161,145.0,20,145.0,0.05940127372741699,2
1933,graficon69nodi/grafo7938.69,31,69,90,139,160,253.99999999999906,48,253.9999999999991,0.06931805610656738,2
1934,graficon70nodi/grafo8047.70,31,70,98,138,166,287.0,70,287.0,0.08124804496765137,2
1935,graficon67nodi/grafo4635.67,31,67,79,139,151,116.0,5,116.0,0.057949066162109375,2
1936,graficon85nodi/grafo8547.85,31,85,104,139,158,211.0,38,211.0,0.07293820381164551,2
1937,graficon58nodi/grafo6312.58,31,58,87,138,167,257.0,48,257.0,0.08346176147460938,2
1938,graficon39nodi/grafo4104.39,31,39,55,139,155,94.0,10,94.0,0.05849599838256836,2
1939,graficon81nodi/grafo4522.81,31,81,94,136,149,123.0,10,123.0,0.04291653633117676,2
1940,graficon93nodi/grafo8962.93,31,93,109,135,151,174.0,23,174.0,0.06240129470825195,2
1941,graficon54nodi/grafo4346.54,31,54,80,138,164,175.0,43,175.0,0.08017086982727051,2
1942,graficon67nodi/grafo1518.67,31,67,85,135,153,193.0,29,193.0,0.06528091430664062,2
1943,graficon62nodi/grafo5134.62,31,62,80,136,154,112.0,16,112.0,0.04983711242675781,2
1944,graficon42nodi/grafo7588.42,31,42,62,138,158,128.0,23,128.0,0.06067657470703125,2
1945,graficon56nodi/grafo6721.56,31,56,77,135,156,171.0,32,171.0,0.06650972366333008,2
1946,graficon61nodi/grafo8268.61,31,61,89,137,165,230.0,33,230.0,0.07093071937561035,2
1947,graficon67nodi/grafo7882.67,31,67,81,137,151,128.0,11,128.0,0.05794858932495117,2
1948,graficon75nodi/grafo4276.75,31,75,96,137,158,194.0,26,194.0,0.07120275497436523,2
1949,graficon74nodi/grafo5001.74,31,74,91,135,152,120.0,17,120.0,0.06325411796569824,2
1950,graficon65nodi/grafo4774.65,31,65,85,138,158,143.0,15,143.0,0.05957770347595215,2
1951,graficon60nodi/grafo3653.60,31,60,86,141,167,231.0,41,231.0,0.07701802253723145,2
1952,graficon65nodi/grafo9512.65,31,65,93,142,170,299.99999999999994,51,300.00000000000057,0.14573454856872559,2
1953,graficon71nodi/grafo7021.71,31,71,89,144,162,113.0,15,113.0,0.05532050132751465,2
1954,graficon65nodi/grafo9304.65,31,65,91,144,170,215.0,45,215.0,0.08254027366638184,2
1955,graficon74nodi/grafo9719.74,31,74,106,143,175,337.99999999999955,92,337.99999999999955,0.08606910705566406,2
1956,graficon50nodi/grafo7712.50,31,50,67,142,159,93.0,12,93.0,0.05225706100463867,2
1957,graficon65nodi/grafo4738.65,31,65,89,141,165,237.0,36,237.0,0.07711672782897949,2
1958,graficon43nodi/grafo7458.43,31,43,61,142,160,116.0,21,116.0,0.05572247505187988,2
1959,graficon61nodi/grafo9017.61,31,61,80,144,163,113.0,10,113.0,0.05536937713623047,2
1960,graficon72nodi/grafo6528.72,31,72,87,141,156,156.0,18,156.0,0.07204914093017578,2
1961,graficon55nodi/grafo4357.55,31,55,74,140,159,117.0,12,117.0,0.06598711013793945,2
1962,graficon61nodi/grafo4181.61,31,61,78,144,161,139.0,18,139.0,0.0706946849822998,2
1963,graficon89nodi/grafo6694.89,31,89,103,140,154,165.0,19,165.0,0.07468342781066895,2
1964,graficon81nodi/grafo7951.81,31,81,99,143,161,227.0000000000004,39,227.00000000000077,0.08280062675476074,2
1965,graficon65nodi/grafo8405.65,31,65,92,142,169,206.0,45,206.0,0.0729973316192627,2
1966,graficon71nodi/grafo6545.71,31,71,89,142,160,221.0,27,221.0,0.07323694229125977,2
1967,graficon63nodi/grafo9109.63,31,63,88,142,167,192.0,49,192.0,0.0738213062286377,2
1968,graficon52nodi/grafo6386.52,31,52,79,142,169,265.999999999999,43,265.999999999999,0.07920265197753906,2
1969,graficon56nodi/grafo4175.56,31,56,73,141,158,126.0,12,126.0,0.054841041564941406,2
1970,graficon78nodi/grafo9693.78,31,78,103,143,168,232.99999999999895,37,232.99999999999895,0.08528828620910645,2
1971,graficon89nodi/grafo8947.89,31,89,116,143,170,282.0,51,282.0,0.08792471885681152,2
1972,graficon52nodi/grafo3211.52,31,52,77,141,166,173.0,40,173.0,0.06268978118896484,2
1973,graficon70nodi/grafo8238.70,31,70,89,144,163,181.99999999999972,23,181.99999999999986,0.07137703895568848,2
1974,graficon63nodi/grafo7972.63,31,63,90,143,170,240.0,52,240.0,0.08034420013427734,2
1975,graficon83nodi/grafo9440.83,31,83,108,140,165,194.0,37,194.0,0.07239270210266113,2
1976,graficon69nodi/grafo8401.69,31,69,100,143,174,317.9999999999995,57,317.9999999999998,0.1642625331878662,2
1977,graficon68nodi/grafo9165.68,31,68,91,142,165,209.0,36,209.0,0.07568764686584473,2
1978,graficon53nodi/grafo3357.53,31,53,73,140,160,164.0,21,164.0,0.05675506591796875,2
1979,graficon53nodi/grafo4996.53,31,53,69,142,158,109.0,19,109.0,0.05773448944091797,2
1980,graficon61nodi/grafo4239.61,31,61,76,143,158,94.0,8,94.0,0.04797768592834473,2
1981,graficon56nodi/grafo7664.56,31,56,74,143,161,122.0,18,122.0,0.05802440643310547,2
1982,graficon51nodi/grafo1383.51,31,51,74,140,163,130.0,24,130.0,0.061812639236450195,2
1983,graficon57nodi/grafo6842.57,31,57,74,141,158,102.0,16,102.0,0.05537819862365723,2
1984,graficon71nodi/grafo7810.71,31,71,92,142,163,185.0,37,185.0,0.06578683853149414,2
1985,graficon64nodi/grafo9007.64,31,64,101,144,181,327.00000000000006,81,327.00000000000006,0.1525557041168213,2
1986,graficon66nodi/grafo9398.66,31,66,90,141,165,195.0,32,195.0,0.07613062858581543,2
1987,graficon52nodi/grafo6375.52,31,52,79,142,169,265.999999999999,43,265.999999999999,0.07325315475463867,2
1988,graficon83nodi/grafo7841.83,31,83,107,144,168,204.0,43,204.0,0.06926703453063965,2
1989,graficon60nodi/grafo8868.60,31,60,75,141,156,87.0,15,87.0,0.04537391662597656,2
1990,graficon69nodi/grafo7855.69,31,69,84,142,157,143.0,24,143.0,0.06566953659057617,2
1991,graficon56nodi/grafo3584.56,31,56,80,141,165,190.0,31,190.0,0.06379199028015137,2
1992,graficon61nodi/grafo7596.61,31,61,85,140,164,181.0,33,181.0,0.06228041648864746,2
1993,graficon57nodi/grafo3818.57,31,57,77,142,162,162.0,25,162.0,0.06524991989135742,2
1994,graficon75nodi/grafo8517.75,31,75,95,142,162,241.0,27,241.00000000000077,0.08619832992553711,2
1995,graficon63nodi/grafo9291.63,31,63,88,140,165,262.0,54,262.0,0.07750701904296875,2
1996,graficon47nodi/grafo3948.47,31,47,66,141,160,110.0,20,110.0,0.05216693878173828,2
1997,graficon76nodi/grafo9253.76,31,76,105,141,170,370.0,91,370.0,0.12319302558898926,2
1998,graficon53nodi/grafo4803.53,31,53,70,143,160,130.0,17,130.0,0.11391353607177734,2
1999,graficon69nodi/grafo9729.69,31,69,103,144,178,309.0,64,309.0,0.08211278915405273,2
2000,graficon54nodi/grafo3284.54,31,54,82,142,170,211.0,47,211.0,0.06468963623046875,2
2001,graficon68nodi/grafo9328.68,31,68,99,143,174,281.9999999999997,66,282.00000000000125,0.08144402503967285,2
2002,graficon43nodi/grafo4055.43,31,43,61,141,159,125.0,21,125.0,0.060262441635131836,2
2003,graficon70nodi/grafo8229.70,31,70,97,143,170,204.0,34,204.0,0.07337498664855957,2
2004,graficon64nodi/grafo9178.64,31,64,87,141,164,179.0,27,179.0,0.0640554428100586,2
2005,graficon69nodi/grafo9816.69,31,69,96,141,168,261.0,49,261.0,0.07007789611816406,2
2006,graficon52nodi/grafo4677.52,31,52,72,143,163,111.0,15,111.0,0.052533626556396484,2
2007,graficon72nodi/grafo4810.72,31,72,88,143,159,106.0,11,106.0,0.0534670352935791,2
2008,graficon51nodi/grafo6012.51,31,51,81,142,172,226.0,28,226.0,0.07012629508972168,2
2009,graficon62nodi/grafo4487.62,31,62,86,140,164,198.0,49,198.0,0.07160210609436035,2
2010,graficon59nodi/grafo4390.59,31,59,89,143,173,258.99999999999994,59,258.99999999999994,0.08244538307189941,2
2011,graficon78nodi/grafo4220.78,31,78,98,143,163,166.0,22,166.0,0.06698441505432129,2
2012,graficon71nodi/grafo8336.71,31,71,91,144,164,179.0,34,179.0,0.06837177276611328,2
2013,graficon70nodi/grafo5094.70,31,70,91,141,162,238.9999999999995,35,239.0000000000005,0.08084440231323242,2
2014,graficon62nodi/grafo8989.62,31,62,80,141,159,128.0,16,128.0,0.05453133583068848,2
2015,graficon75nodi/grafo4669.75,31,75,96,142,163,140.0,16,140.0,0.05724000930786133,2
2016,graficon58nodi/grafo4899.58,31,58,80,141,163,169.0,31,169.0,0.07012462615966797,2
2017,graficon75nodi/grafo9188.75,31,75,92,140,157,137.0,18,137.0,0.06039023399353027,2
2018,graficon67nodi/grafo9712.67,31,67,85,140,158,136.0,14,136.0,0.11339020729064941,2
2019,graficon79nodi/grafo9244.79,31,79,98,142,161,178.0,38,178.0,0.08779788017272949,2
2020,graficon57nodi/grafo4919.57,31,57,74,143,160,118.0,9,118.0,0.049857378005981445,2
2021,graficon70nodi/grafo8187.70,31,70,89,140,159,160.0,30,160.0,0.06423377990722656,2
2022,graficon58nodi/grafo5075.58,31,58,75,144,161,121.0,21,121.0,0.05059957504272461,2
2023,graficon70nodi/grafo9739.70,31,70,85,144,159,101.0,11,101.0,0.04856371879577637,2
2024,graficon74nodi/grafo4178.74,31,74,99,141,166,161.0,30,161.0,0.06256508827209473,2
2025,graficon59nodi/grafo7660.59,31,59,81,140,162,155.0,31,155.0,0.0767507553100586,2
2026,graficon55nodi/grafo5671.55,31,55,83,148,176,298.0,52,298.0,0.16568398475646973,2
2027,graficon60nodi/grafo4443.60,31,60,83,145,168,175.0,24,175.0,0.06281423568725586,2
2028,graficon46nodi/grafo6688.46,31,46,65,146,165,92.0,19,92.0,0.05279946327209473,2
2029,graficon91nodi/grafo10239.91,31,91,123,146,178,448.0,137,448.0,0.11190438270568848,2
2030,graficon90nodi/grafo10642.90,31,90,118,146,174,335.0,108,335.0,0.10169100761413574,2
2031,graficon61nodi/grafo4749.61,31,61,73,147,159,100.0,10,100.0,0.05431771278381348,2
2032,graficon58nodi/grafo4974.58,31,58,79,145,166,200.0,18,200.0,0.06770706176757812,2
2033,graficon60nodi/grafo4039.60,31,60,90,145,175,248.0,63,248.0,0.0768880844116211,2
2034,graficon74nodi/grafo8591.74,31,74,93,149,168,160.0,28,160.0,0.0651392936706543,2
2035,graficon73nodi/grafo9038.73,31,73,94,148,169,214.0,31,214.0,0.08086013793945312,2
2036,graficon70nodi/grafo9068.70,31,70,90,149,169,120.0,21,120.0,0.05275249481201172,2
2037,graficon72nodi/grafo9449.72,31,72,100,147,175,244.0,68,244.0,0.07503843307495117,2
2038,graficon72nodi/grafo9423.72,31,72,100,149,177,252.0,39,252.0,0.0774989128112793,2
2039,graficon67nodi/grafo7896.67,31,67,95,148,176,242.0,42,242.0,0.07367706298828125,2
2040,graficon77nodi/grafo4837.77,31,77,106,146,175,273.0,56,273.0,0.08315873146057129,2
2041,graficon53nodi/grafo4486.53,31,53,70,147,164,108.0,18,108.0,0.057878971099853516,2
2042,graficon55nodi/grafo3181.55,31,55,77,147,169,184.0,25,184.0,0.06485128402709961,2
2043,graficon65nodi/grafo4912.65,31,65,92,147,174,243.0,48,243.0,0.07473874092102051,2
2044,graficon53nodi/grafo3973.53,31,53,69,148,164,122.0,15,122.0,0.06211566925048828,2
2045,graficon68nodi/grafo4476.68,31,68,95,147,174,184.0,43,184.0,0.07387685775756836,2
2046,graficon75nodi/grafo1451.75,31,75,88,145,158,118.0,11,118.0,0.06359100341796875,2
2047,graficon71nodi/grafo5039.71,31,71,96,149,174,295.0,32,295.0,0.09095048904418945,2
2048,graficon57nodi/grafo3428.57,31,57,80,145,168,248.0,33,248.0,0.08265423774719238,2
2049,graficon78nodi/grafo8175.78,31,78,95,146,163,150.0,20,150.0,0.06987881660461426,2
2050,graficon73nodi/grafo8860.73,31,73,101,148,176,298.999999999999,38,298.999999999999,0.0759897232055664,2
2051,graficon56nodi/grafo4424.56,31,56,74,146,164,120.0,19,120.0,0.059453725814819336,2
2052,graficon44nodi/grafo7431.44,31,44,64,148,168,170.0,24,170.0,0.07460236549377441,2
2053,graficon68nodi/grafo9540.68,31,68,95,147,174,257.0,41,257.0,0.07750463485717773,2
2054,graficon59nodi/grafo4628.59,31,59,80,147,168,163.0,19,163.0,0.06418061256408691,2
2055,graficon51nodi/grafo3333.51,31,51,71,147,167,128.0,22,128.0,0.04969596862792969,2
2056,graficon74nodi/grafo8049.74,31,74,103,145,174,267.0,73,267.0,0.08772921562194824,2
2057,graficon75nodi/grafo9736.75,31,75,90,147,162,105.0,14,105.0,0.054583072662353516,2
2058,graficon94nodi/grafo8861.94,31,94,107,145,158,174.0,35,174.0,0.0670785903930664,2
2059,graficon62nodi/grafo4538.62,31,62,85,148,171,222.00000000000003,38,222.00000000000023,0.0727691650390625,2
2060,graficon63nodi/grafo9336.63,31,63,89,146,172,273.0,39,273.0,0.15813040733337402,2
2061,graficon83nodi/grafo4144.83,31,83,110,146,173,294.0,80,294.0,0.09192895889282227,2
2062,graficon67nodi/grafo4208.67,31,67,92,147,172,215.0,41,215.0,0.0757436752319336,2
2063,graficon76nodi/grafo5898.76,31,76,96,148,168,262.99999999999795,34,262.99999999999795,0.08767271041870117,2
2064,graficon70nodi/grafo7801.70,31,70,88,149,167,139.0,20,139.0,0.06323957443237305,2
2065,graficon82nodi/grafo8144.82,31,82,100,146,164,181.0,26,181.0,0.06623363494873047,2
2066,graficon55nodi/grafo5884.55,31,55,79,146,170,166.0,29,166.0,0.06168937683105469,2
2067,graficon70nodi/grafo9373.70,31,70,87,149,166,164.0,18,164.0,0.07082772254943848,2
2068,graficon65nodi/grafo1302.65,31,65,87,149,171,160.0,20,160.0,0.05923104286193848,2
2069,graficon57nodi/grafo3610.57,31,57,80,149,172,169.0,29,169.0,0.06117415428161621,2
2070,graficon76nodi/grafo4484.76,31,76,101,149,174,189.00000000000097,35,189.0000000000037,0.07510161399841309,2
2071,graficon66nodi/grafo8917.66,31,66,100,145,179,346.0,90,346.0,0.08553910255432129,2
2072,graficon72nodi/grafo4126.72,31,72,89,148,165,140.0,17,140.0,0.05872607231140137,2
2073,graficon77nodi/grafo9793.77,31,77,96,146,165,219.0,31,219.0,0.0783071517944336,2
2074,graficon62nodi/grafo4691.62,31,62,85,149,172,218.0,33,218.00000000000028,0.06916522979736328,2
2075,graficon59nodi/grafo6657.59,31,59,79,148,168,144.0,22,144.0,0.060868024826049805,2
2076,graficon74nodi/grafo4732.74,31,74,96,147,169,150.0,22,150.0,0.06596803665161133,2
2077,graficon43nodi/grafo7334.43,31,43,63,146,166,83.0,13,83.0,0.04937911033630371,2
2078,graficon80nodi/grafo4618.80,31,80,104,149,173,253.0,64,253.00000000000045,0.07855844497680664,2
2079,graficon73nodi/grafo5074.73,31,73,95,149,171,230.99999999999966,60,230.99999999999966,0.16354036331176758,2
2080,graficon54nodi/grafo4590.54,31,54,72,148,166,142.0,17,142.0,0.061392784118652344,2
2081,graficon69nodi/grafo8132.69,31,69,95,146,172,194.0,34,194.0,0.07350993156433105,2
2082,graficon66nodi/grafo8339.66,31,66,90,146,170,179.0,38,179.0,0.0636298656463623,2
2083,graficon61nodi/grafo8424.61,31,61,83,148,170,183.0,28,183.0,0.06885671615600586,2
2084,graficon43nodi/grafo2506.43,31,43,56,145,158,105.0,14,105.0,0.05447673797607422,2
2085,graficon76nodi/grafo4492.76,31,76,102,149,175,243.0,33,243.0,0.06245684623718262,2
2086,graficon61nodi/grafo7814.61,31,61,90,147,176,220.0,31,220.0,0.07065129280090332,2
2087,graficon62nodi/grafo8572.62,31,62,87,147,172,239.99999999999932,52,239.99999999999946,0.09144258499145508,2
2088,graficon60nodi/grafo4335.60,31,60,87,149,176,178.0,27,178.0,0.07015275955200195,2
2089,graficon93nodi/grafo11193.93,31,93,120,145,172,401.0,97,401.0,0.0999760627746582,2
2090,graficon36nodi/grafo3182.36,31,36,53,147,164,133.0,25,133.0,0.06481266021728516,2
2091,graficon83nodi/grafo7891.83,31,83,113,149,179,257.0,78,257.0,0.0849001407623291,2
2092,graficon45nodi/grafo6906.45,31,45,66,145,166,166.0,22,166.0,0.13531923294067383,2
2093,graficon62nodi/grafo4653.62,31,62,95,148,181,311.99999999999625,66,311.99999999999625,0.08419585227966309,2
2094,graficon75nodi/grafo5859.75,31,75,96,146,167,260.0,40,260.0,0.07657241821289062,2
2095,graficon82nodi/grafo7860.82,31,82,113,146,177,261.0,75,261.0,0.08347511291503906,2
2096,graficon61nodi/grafo9494.61,31,61,80,146,165,163.0,15,163.0,0.06889462471008301,2
2097,graficon59nodi/grafo5159.59,31,59,84,146,171,242.0,29,242.0,0.07508444786071777,2
2098,graficon85nodi/grafo4294.85,31,85,107,146,168,190.0,31,190.0,0.09221720695495605,2
2099,graficon84nodi/grafo8318.84,31,84,110,147,173,354.0,67,354.0,0.10075020790100098,2
2100,graficon66nodi/grafo2089.66,31,66,84,146,164,198.0,35,198.0,0.08122730255126953,2
2101,graficon70nodi/grafo7779.70,31,70,90,150,170,149.0,24,149.0,0.06648468971252441,2
2102,graficon49nodi/grafo3526.49,31,49,71,151,173,157.0,33,157.0,0.1327226161956787,2
2103,graficon61nodi/grafo9451.61,31,61,97,153,189,392.9999999999999,97,393.0,0.16420483589172363,2
2104,graficon66nodi/grafo8977.66,31,66,81,150,165,130.0,19,130.0,0.06244945526123047,2
2105,graficon74nodi/grafo8677.74,31,74,96,151,173,154.0,33,154.0,0.06230449676513672,2
2106,graficon68nodi/grafo1420.68,31,68,90,150,172,153.0,24,153.0,0.051751136779785156,2
2107,graficon59nodi/grafo3398.59,31,59,87,151,179,230.0,40,230.0,0.08286333084106445,2
2108,graficon61nodi/grafo8417.61,31,61,89,154,182,209.0,36,209.0,0.0694742202758789,2
2109,graficon80nodi/grafo9100.80,31,80,105,153,178,201.0,33,201.0,0.07590961456298828,2
2110,graficon63nodi/grafo4793.63,31,63,86,151,174,219.0,25,219.0,0.0704503059387207,2
2111,graficon74nodi/grafo5959.74,31,74,91,151,168,164.0,25,164.0,0.07154083251953125,2
2112,graficon92nodi/grafo11259.92,31,92,106,153,167,161.0,17,161.0,0.07185006141662598,2
2113,graficon61nodi/grafo4128.61,31,61,88,151,178,242.0,27,242.0,0.07386112213134766,2
2114,graficon55nodi/grafo4850.55,31,55,75,154,174,155.0,16,155.0,0.0645895004272461,2
2115,graficon70nodi/grafo9175.70,31,70,94,150,174,200.0,40,200.0,0.07109785079956055,2
2116,graficon53nodi/grafo3208.53,31,53,80,150,177,202.0,43,202.0,0.08153104782104492,2
2117,graficon63nodi/grafo9298.63,31,63,85,154,176,149.0,24,149.0,0.06426548957824707,2
2118,graficon81nodi/grafo7975.81,31,81,98,151,168,152.0,18,152.0000000000005,0.0695953369140625,2
2119,graficon63nodi/grafo4693.63,31,63,82,154,173,153.0,13,153.0,0.08088421821594238,2
2120,graficon73nodi/grafo7983.73,31,73,95,150,172,177.0,32,177.0,0.06758975982666016,2
2121,graficon39nodi/grafo2969.39,31,39,57,152,170,112.0,19,112.0,0.060918569564819336,2
2122,graficon59nodi/grafo3903.59,31,59,83,151,175,191.0,21,191.0,0.0693972110748291,2
2123,graficon69nodi/grafo4801.69,31,69,95,154,180,222.0,43,222.0,0.08161139488220215,2
2124,graficon77nodi/grafo6779.77,31,77,99,153,175,173.0,18,173.0,0.07125449180603027,2
2125,graficon57nodi/grafo3166.57,31,57,75,153,171,140.0,21,140.0,0.06209993362426758,2
2126,graficon62nodi/grafo4431.62,31,62,80,153,171,119.0,19,119.0,0.0568997859954834,2
2127,graficon67nodi/grafo9481.67,31,67,90,151,174,220.0,31,220.0,0.07602953910827637,2
2128,graficon78nodi/grafo9551.78,31,78,92,152,166,186.0,18,186.0,0.0792989730834961,2
2129,graficon77nodi/grafo8561.77,31,77,97,154,174,177.0,24,177.0,0.07947039604187012,2
2130,graficon75nodi/grafo4802.75,31,75,98,150,173,132.0,13,132.0,0.06203198432922363,2
2131,graficon60nodi/grafo9419.60,31,60,83,153,176,160.0,29,160.0,0.06427311897277832,2
2132,graficon70nodi/grafo8376.70,31,70,96,152,178,248.9999999999994,42,248.99999999999943,0.081146240234375,2
2133,graficon58nodi/grafo4228.58,31,58,81,151,174,240.0,43,240.0,0.15352773666381836,2
2134,graficon85nodi/grafo9469.85,31,85,109,154,178,216.99999999999974,38,216.99999999999997,0.0777733325958252,2
2135,graficon71nodi/grafo1476.71,31,71,95,154,178,266.0,34,266.0,0.07987570762634277,2
2136,graficon79nodi/grafo5080.79,31,79,107,154,182,233.99999999999895,39,233.99999999999892,0.07766342163085938,2
2137,graficon96nodi/grafo10855.96,31,96,113,151,168,230.0,25,230.0,0.1258711814880371,2
2138,graficon75nodi/grafo8524.75,31,75,91,150,166,127.0,17,127.0,0.06020307540893555,2
2139,graficon67nodi/grafo1235.67,31,67,88,153,174,160.0,24,160.0,0.06243729591369629,2
2140,graficon87nodi/grafo8766.87,31,87,116,151,180,391.9999999999985,74,391.99999999999847,0.08757710456848145,2
2141,graficon43nodi/grafo7295.43,31,43,67,151,175,147.0,33,147.0,0.06420588493347168,2
2142,graficon65nodi/grafo9665.65,31,65,86,152,173,94.0,7,94.0,0.047498464584350586,2
2143,graficon82nodi/grafo6810.82,31,82,101,154,173,165.0,27,165.0,0.07517385482788086,2
2144,graficon78nodi/grafo9397.78,31,78,96,154,172,194.0,12,194.0,0.07406020164489746,2
2145,graficon56nodi/grafo7199.56,31,56,79,153,176,215.0,19,215.0,0.07667160034179688,2
2146,graficon48nodi/grafo3373.48,31,48,74,152,178,207.0,33,207.0,0.08128523826599121,2
2147,graficon58nodi/grafo5313.58,31,58,80,153,175,169.0,27,169.0,0.06462597846984863,2
2148,graficon62nodi/grafo4857.62,31,62,76,151,165,106.0,12,106.0,0.05876469612121582,2
2149,graficon60nodi/grafo8116.60,31,60,80,151,171,128.0,15,128.0,0.06307220458984375,2
2150,graficon72nodi/grafo1370.72,31,72,89,150,167,102.0,16,102.0,0.0499567985534668,2
2151,graficon66nodi/grafo4224.66,31,66,95,150,179,222.0,46,222.0,0.14615488052368164,2
2152,graficon68nodi/grafo4474.68,31,68,99,154,185,404.9999999999999,79,404.9999999999999,0.18540453910827637,2
2153,graficon66nodi/grafo7817.66,31,66,94,150,178,222.0,69,222.0,0.07104873657226562,2
2154,graficon63nodi/grafo9671.63,31,63,80,154,171,128.0,16,128.0,0.06393170356750488,2
2155,graficon81nodi/grafo5018.81,31,81,102,152,173,210.0,28,210.0,0.08259391784667969,2
2156,graficon77nodi/grafo5678.77,31,77,101,150,174,278.9999999999995,51,278.9999999999995,0.10014152526855469,2
2157,graficon65nodi/grafo4776.65,31,65,95,151,181,280.0,71,280.0,0.16324472427368164,2
2158,graficon55nodi/grafo4827.55,31,55,73,153,171,166.0,18,166.0,0.05931496620178223,2
2159,graficon59nodi/grafo4252.59,31,59,83,152,176,164.0,18,164.0,0.06884193420410156,2
2160,graficon57nodi/grafo6423.57,31,57,77,154,174,146.0,20,146.0,0.12818050384521484,2
2161,graficon60nodi/grafo3138.60,31,60,85,154,179,185.0,39,185.0,0.07014584541320801,2
2162,graficon71nodi/grafo8552.71,31,71,93,151,173,218.0,37,218.0,0.14255905151367188,2
2163,graficon60nodi/grafo4183.60,31,60,77,150,167,94.0,13,94.0,0.05668497085571289,2
2164,graficon62nodi/grafo7923.62,31,62,88,151,177,260.99999999999994,43,261.00000000000006,0.14222049713134766,2
2165,graficon42nodi/grafo7629.42,31,42,65,153,176,148.0,16,148.0,0.06769657135009766,2
2166,graficon75nodi/grafo8433.75,31,75,98,154,177,212.0,40,212.0,0.07402753829956055,2
2167,graficon78nodi/grafo4948.78,31,78,103,154,179,190.0,34,190.0,0.07296633720397949,2
2168,graficon76nodi/grafo2762.76,31,76,97,152,173,258.0,40,258.0,0.08792829513549805,2
2169,graficon74nodi/grafo4523.74,31,74,93,151,170,172.0,25,172.0,0.07181692123413086,2
2170,graficon56nodi/grafo7695.56,31,56,79,154,177,186.0,34,186.0,0.06670546531677246,2
2171,graficon69nodi/grafo8212.69,31,69,95,153,179,189.0,22,189.0,0.06648111343383789,2
2172,graficon61nodi/grafo6584.61,31,61,84,154,177,179.0,39,179.0,0.07037997245788574,2
2173,graficon40nodi/grafo5719.40,31,40,64,151,175,172.0,25,172.0,0.06549572944641113,2
2174,graficon79nodi/grafo9247.79,31,79,99,151,171,231.0,36,231.0,0.0754251480102539,2
2175,graficon55nodi/grafo6784.55,31,55,72,151,168,138.0,19,138.0,0.06558680534362793,2
2176,graficon62nodi/grafo9707.62,31,62,82,156,176,154.0,28,154.0,0.06603717803955078,2
2177,graficon76nodi/grafo6078.76,31,76,97,155,176,316.0,54,316.0,0.16240715980529785,2
2178,graficon64nodi/grafo5072.64,31,64,86,158,180,176.0,35,176.0,0.07060098648071289,2
2179,graficon77nodi/grafo4123.77,31,77,108,159,190,258.0,52,258.0,0.08944320678710938,2
2180,graficon76nodi/grafo6065.76,31,76,110,159,193,346.0000000000005,77,346.0000000000016,0.176771879196167,2
2181,graficon54nodi/grafo4217.54,31,54,75,158,179,139.0,30,139.0,0.07496500015258789,2
2182,graficon63nodi/grafo4681.63,31,63,79,158,174,151.0,15,151.0,0.0686638355255127,2
2183,graficon80nodi/grafo5558.80,31,80,108,156,184,285.99999999999994,49,286.0,0.09302401542663574,2
2184,graficon66nodi/grafo9507.66,31,66,96,155,185,231.99999999999906,54,231.99999999999923,0.08563661575317383,2
2185,graficon58nodi/grafo3502.58,31,58,77,155,174,149.0,15,149.0,0.06002497673034668,2
2186,graficon74nodi/grafo9113.74,31,74,94,158,178,153.0,23,153.0,0.06424260139465332,2
2187,graficon76nodi/grafo8151.76,31,76,93,156,173,237.99999999999943,26,237.99999999999963,0.07967042922973633,2
2188,graficon62nodi/grafo4215.62,31,62,85,155,178,215.99999999999943,39,215.99999999999943,0.07033348083496094,2
2189,graficon60nodi/grafo4116.60,31,60,88,158,186,254.99999999999983,53,255.00000000000028,0.07763409614562988,2
2190,graficon61nodi/grafo9818.61,31,61,88,155,182,231.0,59,231.0,0.08178520202636719,2
2191,graficon68nodi/grafo9123.68,31,68,103,157,192,288.99999999999903,67,288.99999999999955,0.07853055000305176,2
2192,graficon78nodi/grafo4360.78,31,78,101,159,182,206.0,35,206.0,0.08421707153320312,2
2193,graficon87nodi/grafo7977.87,31,87,105,158,176,178.0,29,178.0,0.0805668830871582,2
2194,graficon45nodi/grafo5161.45,31,45,73,155,183,231.0,40,231.0,0.07612347602844238,2
2195,graficon74nodi/grafo4457.74,31,74,88,158,172,93.0,7,93.0,0.05495190620422363,2
2196,graficon66nodi/grafo9387.66,31,66,84,156,174,152.0,16,152.0,0.13524675369262695,2
2197,graficon78nodi/grafo5073.78,31,78,100,159,181,221.0,32,221.0,0.07921886444091797,2
2198,graficon47nodi/grafo5358.47,31,47,75,158,186,264.99999999999847,46,265.00000000000307,0.0805213451385498,2
2199,graficon62nodi/grafo9556.62,31,62,87,158,183,199.0,31,199.0,0.07253789901733398,2
2200,graficon52nodi/grafo5105.52,31,52,81,156,185,198.0,28,198.0,0.07275867462158203,2
2201,graficon47nodi/grafo5715.47,31,47,69,156,178,161.0,27,161.0,0.06494522094726562,2
2202,graficon98nodi/grafo10553.98,31,98,117,156,175,216.0,28,216.0,0.08374762535095215,2
2203,graficon59nodi/grafo4859.59,31,59,78,155,174,201.0,22,201.0,0.07369852066040039,2
2204,graficon72nodi/grafo5664.72,31,72,95,158,181,247.0,35,247.0,0.08241891860961914,2
2205,graficon63nodi/grafo4637.63,31,63,84,157,178,236.0,41,236.0,0.07918548583984375,2
2206,graficon58nodi/grafo4706.58,31,58,83,155,180,273.0,44,273.0,0.0857551097869873,2
2207,graficon63nodi/grafo9579.63,31,63,92,157,186,309.9999999999985,53,309.9999999999985,0.08803248405456543,2
2208,graficon73nodi/grafo5393.73,31,73,94,156,177,205.9999999999996,36,205.99999999999997,0.0745701789855957,2
2209,graficon72nodi/grafo9552.72,31,72,98,159,185,349.99999999999807,58,349.99999999999807,0.11377501487731934,2
2210,graficon86nodi/grafo8770.86,31,86,107,156,177,151.0,18,151.0,0.06670403480529785,2
2211,graficon43nodi/grafo7031.43,31,43,63,155,175,137.0,23,137.0,0.06184029579162598,2
2212,graficon56nodi/grafo7508.56,31,56,81,155,180,177.0,31,177.0,0.0729224681854248,2
2213,graficon67nodi/grafo9610.67,31,67,94,157,184,251.0,49,251.0,0.08336997032165527,2
2214,graficon74nodi/grafo9293.74,31,74,99,155,180,240.9999999999998,43,241.0,0.0878150463104248,2
2215,graficon63nodi/grafo9675.63,31,63,89,157,183,268.0,36,268.0,0.08220887184143066,2
2216,graficon83nodi/grafo8308.83,31,83,102,156,175,220.0,44,220.0,0.14377403259277344,2
2217,graficon66nodi/grafo9679.66,31,66,95,157,186,238.99999999999994,50,238.99999999999994,0.0895845890045166,2
2218,graficon81nodi/grafo4929.81,31,81,99,159,177,240.0,30,240.0,0.08516860008239746,2
2219,graficon62nodi/grafo6206.62,31,62,95,159,192,297.0,55,297.0,0.16349291801452637,2
2220,graficon68nodi/grafo9036.68,31,68,95,155,182,305.0,54,305.0,0.08326888084411621,2
2221,graficon88nodi/grafo8841.88,31,88,118,158,188,292.99999999999864,56,292.99999999999864,0.09496426582336426,2
2222,graficon64nodi/grafo9402.64,31,64,90,155,181,192.0,36,192.0,0.08517980575561523,2
2223,graficon71nodi/grafo9066.71,31,71,94,155,178,184.0,40,184.0,0.07866311073303223,2
2224,graficon64nodi/grafo9420.64,31,64,85,155,176,129.0,23,129.0,0.06779360771179199,2
2225,graficon67nodi/grafo4314.67,31,67,102,155,190,263.0,56,263.0,0.08098936080932617,2
2226,graficon83nodi/grafo5246.83,31,83,115,157,189,318.0,84,318.0,0.11431455612182617,2
2227,graficon59nodi/grafo3286.59,31,59,83,157,181,226.0,33,226.0,0.07502961158752441,2
2228,graficon68nodi/grafo9284.68,31,68,94,157,183,264.0,50,264.0,0.08670210838317871,2
2229,graficon55nodi/grafo7207.55,31,55,77,159,181,147.0,23,147.0,0.062456369400024414,2
2230,graficon72nodi/grafo6714.72,31,72,95,156,179,222.0,21,222.0,0.06912684440612793,2
2231,graficon56nodi/grafo3292.56,31,56,84,157,185,223.0,39,223.0,0.08445525169372559,2
2232,graficon68nodi/grafo8031.68,31,68,93,156,181,188.0,27,188.0,0.0677032470703125,2
2233,graficon60nodi/grafo5862.60,31,60,87,157,184,281.99999999999864,52,281.9999999999986,0.09234309196472168,2
2234,graficon61nodi/grafo4345.61,31,61,83,156,178,178.9999999999988,31,178.99999999999883,0.08129239082336426,2
2235,graficon85nodi/grafo8690.85,31,85,107,155,177,197.0,32,197.0,0.07469344139099121,2
2236,graficon58nodi/grafo4361.58,31,58,90,158,190,289.0,65,289.0,0.08260655403137207,2
2237,graficon69nodi/grafo9399.69,31,69,96,159,186,279.99999999999864,57,279.99999999999864,0.08081865310668945,2
2238,graficon59nodi/grafo6914.59,31,59,86,159,186,190.0,33,190.0,0.07009363174438477,2
2239,graficon53nodi/grafo3190.53,31,53,84,155,186,252.9999999999991,57,253.00000000000088,0.0839836597442627,2
2240,graficon75nodi/grafo5434.75,31,75,93,159,177,198.0,24,198.0,0.07738232612609863,2
2241,graficon51nodi/grafo3443.51,31,51,73,157,179,130.0,25,130.0,0.060686588287353516,2
2242,graficon60nodi/grafo1619.60,31,60,75,159,174,85.0,9,85.0,0.05142927169799805,2
2243,graficon70nodi/grafo9065.70,31,70,92,155,177,166.0,24,166.0,0.07251882553100586,2
2244,graficon69nodi/grafo9330.69,31,69,92,157,180,195.0,23,195.0,0.07529783248901367,2
2245,graficon93nodi/grafo11288.93,31,93,114,159,180,158.0,17,158.0,0.05913877487182617,2
2246,graficon54nodi/grafo6225.54,31,54,82,159,187,222.99999999999935,49,222.99999999999932,0.08666324615478516,2
2247,graficon53nodi/grafo5971.53,31,53,83,155,185,269.0,39,269.0,0.07339167594909668,2
2248,graficon40nodi/grafo5972.40,31,40,64,158,182,169.0,36,169.0,0.06983280181884766,2
2249,graficon70nodi/grafo4450.70,31,70,93,156,179,147.0,15,147.0,0.06182074546813965,2
2250,graficon72nodi/grafo8140.72,31,72,97,157,182,267.9999999999998,37,267.9999999999998,0.08490657806396484,2
2251,graficon51nodi/grafo4160.51,31,51,70,162,181,107.0,12,107.0,0.056594133377075195,2
2252,graficon61nodi/grafo4251.61,31,61,90,160,189,249.99999999999855,45,249.99999999999855,0.07732558250427246,2
2253,graficon83nodi/grafo4986.83,31,83,107,163,187,183.0,45,183.0,0.08085060119628906,2
2254,graficon73nodi/grafo4298.73,31,73,91,162,180,134.0,22,134.0,0.0672922134399414,2
2255,graficon81nodi/grafo7843.81,31,81,107,160,186,239.0,36,239.0,0.0786280632019043,2
2256,graficon80nodi/grafo9795.80,31,80,117,162,199,451.0,87,451.0,0.13976001739501953,2
2257,graficon83nodi/grafo7069.83,31,83,106,162,185,202.0,37,202.0,0.07970523834228516,2
2258,graficon68nodi/grafo7902.68,31,68,96,164,192,262.0,51,262.0,0.0845344066619873,2
2259,graficon78nodi/grafo4323.78,31,78,100,164,186,173.0,29,173.0,0.08296990394592285,2
2260,graficon84nodi/grafo4402.84,31,84,103,160,179,140.0,22,140.0,0.05432915687561035,2
2261,graficon67nodi/grafo7863.67,31,67,92,163,188,280.0,42,280.0,0.09680891036987305,2
2262,graficon76nodi/grafo5725.76,31,76,95,160,179,228.0,33,228.0,0.07856035232543945,2
2263,graficon60nodi/grafo8735.60,31,60,86,161,187,204.0,45,204.0,0.07066988945007324,2
2264,graficon65nodi/grafo1189.65,31,65,81,161,177,135.0,14,135.0,0.05888199806213379,2
2265,graficon67nodi/grafo9149.67,31,67,92,160,185,264.0,48,264.0,0.08575129508972168,2
2266,graficon69nodi/grafo5310.69,31,69,87,160,178,226.0,36,226.0,0.08042645454406738,2
2267,graficon41nodi/grafo7228.41,31,41,67,164,190,173.0,28,173.0,0.0725245475769043,2
2268,graficon62nodi/grafo6413.62,31,62,95,164,197,264.0,53,264.0,0.16881108283996582,2
2269,graficon85nodi/grafo9603.85,31,85,110,163,188,253.0,58,253.0,0.09049129486083984,2
2270,graficon54nodi/grafo6529.54,31,54,67,163,176,96.0,8,96.0,0.05863046646118164,2
2271,graficon77nodi/grafo8143.77,31,77,99,162,184,206.0,33,206.0,0.07958173751831055,2
2272,graficon82nodi/grafo6849.82,31,82,104,164,186,231.0,38,231.0,0.0825338363647461,2
2273,graficon79nodi/grafo9323.79,31,79,95,163,179,164.0,18,164.0,0.06634998321533203,2
2274,graficon83nodi/grafo9489.83,31,83,110,164,191,219.0,42,219.0,0.07732319831848145,2
2275,graficon65nodi/grafo9510.65,31,65,89,160,184,262.0,33,262.0,0.09101557731628418,2
2276,graficon56nodi/grafo4847.56,31,56,86,163,193,172.0,32,172.0,0.0752570629119873,2
2277,graficon66nodi/grafo9501.66,31,66,105,163,202,388.9999999999996,93,388.99999999999983,0.11697149276733398,2
2278,graficon68nodi/grafo9073.68,31,68,85,160,177,133.0,20,133.0,0.06147050857543945,2
2279,graficon75nodi/grafo9147.75,31,75,106,160,191,308.9999999999995,66,308.99999999999966,0.09570717811584473,2
2280,graficon76nodi/grafo4614.76,31,76,101,163,188,267.0,38,267.0,0.08743667602539062,2
2281,graficon70nodi/grafo9506.70,31,70,91,160,181,209.0,34,209.0,0.08305549621582031,2
2282,graficon63nodi/grafo9442.63,31,63,81,164,182,123.0,23,123.0,0.06160449981689453,2
2283,graficon80nodi/grafo7862.80,31,80,104,164,188,259.0,47,259.0,0.08174514770507812,2
2284,graficon79nodi/grafo9381.79,31,79,104,161,186,219.0,48,219.0,0.07545113563537598,2
2285,graficon42nodi/grafo4096.42,31,42,65,162,185,173.0,35,173.0,0.06919074058532715,2
2286,graficon74nodi/grafo8232.74,31,74,98,163,187,194.0,29,194.0,0.07610106468200684,2
2287,graficon62nodi/grafo8053.62,31,62,91,164,193,251.0,54,251.0,0.09229755401611328,2
2288,graficon64nodi/grafo9437.64,31,64,82,161,179,134.0,10,134.0,0.06373906135559082,2
2289,graficon64nodi/grafo9081.64,31,64,98,163,197,258.0,41,258.0,0.0879371166229248,2
2290,graficon62nodi/grafo4647.62,31,62,89,162,189,208.0,47,208.0,0.08422088623046875,2
2291,graficon59nodi/grafo4939.59,31,59,71,163,175,91.0,5,91.0,0.057889699935913086,2
2292,graficon73nodi/grafo7483.73,31,73,92,161,180,207.0,25,207.0,0.07933163642883301,2
2293,graficon53nodi/grafo3289.53,31,53,76,160,183,175.0,29,175.0,0.07003259658813477,2
2294,graficon75nodi/grafo8639.75,31,75,108,163,196,389.9999999999997,81,389.9999999999997,0.17700505256652832,2
2295,graficon69nodi/grafo5962.69,31,69,88,164,183,227.99999999999918,28,227.99999999999966,0.08675909042358398,2
2296,graficon61nodi/grafo4598.61,31,61,79,161,179,170.0,29,170.0,0.06993412971496582,2
2297,graficon72nodi/grafo5108.72,31,72,88,163,179,159.0,17,159.0,0.07436800003051758,2
2298,graficon76nodi/grafo8164.76,31,76,96,163,183,219.0,25,219.0,0.07756900787353516,2
2299,graficon79nodi/grafo8550.79,31,79,100,164,185,346.00000000000006,36,346.0000000000001,0.10187196731567383,2
2300,graficon86nodi/grafo9614.86,31,86,112,160,186,270.99999999999915,83,270.99999999999915,0.08925557136535645,2
2301,graficon81nodi/grafo4971.81,31,81,101,160,180,253.0,36,253.0,0.07411766052246094,2
2302,graficon68nodi/grafo6765.68,31,68,82,164,178,185.0,15,185.0,0.06656670570373535,2
2303,graficon64nodi/grafo3557.64,31,64,85,163,184,165.0,20,165.0,0.0661623477935791,2
2304,graficon72nodi/grafo7865.72,31,72,102,162,192,276.9999999999991,50,276.9999999999991,0.07926034927368164,2
2305,graficon71nodi/grafo1497.71,31,71,95,163,187,243.99999999999827,43,243.9999999999983,0.09400606155395508,2
2306,graficon78nodi/grafo4432.78,31,78,105,164,191,223.0,28,223.0,0.07724571228027344,2
2307,graficon72nodi/grafo8043.72,31,72,100,162,190,229.0,49,229.0,0.08236169815063477,2
2308,graficon61nodi/grafo4892.61,31,61,79,161,179,137.0,14,137.0,0.06936979293823242,2
2309,graficon69nodi/grafo7901.69,31,69,93,161,185,178.0,42,178.0,0.0813453197479248,2
2310,graficon78nodi/grafo5647.78,31,78,96,161,179,210.0,26,210.0,0.07865571975708008,2
2311,graficon66nodi/grafo4466.66,31,66,102,160,196,284.0,76,284.0,0.08831548690795898,2
2312,graficon93nodi/grafo10425.93,31,93,122,163,192,233.0,69,233.0,0.08909034729003906,2
2313,graficon76nodi/grafo7361.76,31,76,92,163,179,160.0,12,160.0,0.06958866119384766,2
2314,graficon65nodi/grafo9411.65,31,65,95,162,192,282.0000000000003,67,282.0000000000005,0.09090781211853027,2
2315,graficon68nodi/grafo4454.68,31,68,96,163,191,326.0,54,326.0,0.08874726295471191,2
2316,graficon61nodi/grafo5281.61,31,61,87,162,188,195.0,43,195.0,0.08080148696899414,2
2317,graficon83nodi/grafo8062.83,31,83,107,164,188,188.0,43,188.0,0.08518242835998535,2
2318,graficon62nodi/grafo5011.62,31,62,85,162,185,156.0,27,156.0,0.074066162109375,2
2319,graficon73nodi/grafo8621.73,31,73,103,160,190,217.0,42,217.0,0.08555769920349121,2
2320,graficon59nodi/grafo6151.59,31,59,75,160,176,101.0,17,101.0,0.05749106407165527,2
2321,graficon60nodi/grafo8869.60,31,60,79,164,183,139.0,16,139.0,0.06642317771911621,2
2322,graficon69nodi/grafo9763.69,31,69,95,162,188,217.9999999999988,43,217.9999999999992,0.07687044143676758,2
2323,graficon75nodi/grafo8459.75,31,75,93,161,179,185.0,21,185.0,0.07158541679382324,2
2324,graficon63nodi/grafo4241.63,31,63,89,164,190,238.0,37,238.0,0.07892203330993652,2
2325,graficon84nodi/grafo7949.84,31,84,109,160,185,218.0,47,218.0,0.09053373336791992,2
2326,graficon75nodi/grafo6681.75,31,75,106,169,200,260.9999999999996,65,260.99999999999966,0.08793997764587402,2
2327,graficon69nodi/grafo7177.69,31,69,88,167,186,152.0,29,152.0,0.06696033477783203,2
2328,graficon77nodi/grafo4347.77,31,77,101,165,189,201.0,40,201.0,0.07537317276000977,2
2329,graficon40nodi/grafo3171.40,31,40,56,169,185,90.0,10,90.0,0.06112265586853027,2
2330,graficon73nodi/grafo8040.73,31,73,103,167,197,326.0,54,326.0,0.08972525596618652,2
2331,graficon81nodi/grafo9254.81,31,81,105,169,193,203.0,35,203.0,0.0820772647857666,2
2332,graficon68nodi/grafo1213.68,31,68,86,169,187,111.0,15,111.0,0.05667233467102051,2
2333,graficon76nodi/grafo7058.76,31,76,96,165,185,182.0,37,182.0,0.08139181137084961,2
2334,graficon67nodi/grafo7816.67,31,67,98,166,197,328.0,40,328.0,0.12531232833862305,2
2335,graficon76nodi/grafo9277.76,31,76,102,167,193,289.0,56,289.0,0.09865164756774902,2
2336,graficon93nodi/grafo10858.93,31,93,118,165,190,232.0,48,232.0,0.07867169380187988,2
2337,graficon91nodi/grafo8668.91,31,91,115,167,191,182.0,28,182.0,0.15119218826293945,2
2338,graficon72nodi/grafo9079.72,31,72,91,165,184,151.0,20,151.0,0.06753802299499512,2
2339,graficon70nodi/grafo9474.70,31,70,90,165,185,132.0,18,132.0,0.06387877464294434,2
2340,graficon59nodi/grafo4113.59,31,59,84,166,191,194.0,25,194.0,0.07048869132995605,2
2341,graficon68nodi/grafo4337.68,31,68,95,169,196,316.0,45,316.0,0.09200596809387207,2
2342,graficon84nodi/grafo8087.84,31,84,114,166,196,323.0,72,323.0,0.08798575401306152,2
2343,graficon74nodi/grafo8205.74,31,74,105,167,198,260.0,47,260.0,0.08528995513916016,2
2344,graficon72nodi/grafo9828.72,31,72,95,165,188,173.0,26,173.0,0.07091689109802246,2
2345,graficon81nodi/grafo4534.81,31,81,101,166,186,145.0,26,145.0,0.07804608345031738,2
2346,graficon62nodi/grafo6080.62,31,62,90,167,195,253.99999999999937,62,254.00000000000176,0.09782791137695312,2
2347,graficon80nodi/grafo8089.80,31,80,107,167,194,241.0,44,241.0,0.08771085739135742,2
2348,graficon81nodi/grafo7782.81,31,81,102,166,187,217.0,32,217.0,0.08076238632202148,2
2349,graficon69nodi/grafo5059.69,31,69,99,169,199,314.99999999999955,52,314.9999999999996,0.09559416770935059,2
2350,graficon77nodi/grafo8315.77,31,77,100,167,190,276.9999999999975,51,276.9999999999975,0.0817258358001709,2
2351,graficon63nodi/grafo9221.63,31,63,100,165,202,417.99999999999716,84,417.99999999999716,0.11512565612792969,2
2352,graficon69nodi/grafo8227.69,31,69,107,169,207,445.0,170,445.0,0.12714695930480957,2
2353,graficon45nodi/grafo7558.45,31,45,74,166,195,202.0,38,202.0,0.07483148574829102,2
2354,graficon83nodi/grafo8160.83,31,83,118,166,201,471.0,121,471.0,0.15434789657592773,2
2355,graficon89nodi/grafo8670.89,31,89,109,166,186,109.0,16,109.0,0.05345654487609863,2
2356,graficon71nodi/grafo5097.71,31,71,104,167,200,328.0,69,328.0,0.09516572952270508,2
2357,graficon51nodi/grafo3790.51,31,51,74,169,192,173.0,24,173.0,0.06419610977172852,2
2358,graficon80nodi/grafo8716.80,31,80,101,165,186,210.9999999999988,38,210.9999999999988,0.10219430923461914,2
2359,graficon66nodi/grafo9536.66,31,66,93,167,194,174.0,26,174.0,0.06516718864440918,2
2360,graficon53nodi/grafo3297.53,31,53,74,166,187,163.0,25,163.0,0.07187080383300781,2
2361,graficon57nodi/grafo3477.57,31,57,88,167,198,263.0,56,263.0,0.09054374694824219,2
2362,graficon75nodi/grafo8493.75,31,75,94,168,187,148.0,24,148.0,0.06966495513916016,2
2363,graficon78nodi/grafo6434.78,31,78,97,166,185,182.0,17,182.0,0.0704507827758789,2
2364,graficon88nodi/grafo8914.88,31,88,107,167,186,187.0,24,187.0,0.07819437980651855,2
2365,graficon40nodi/grafo7680.40,31,40,55,166,181,99.0,12,99.0,0.059606075286865234,2
2366,graficon82nodi/grafo9137.82,31,82,106,169,193,228.0,39,228.00000000000028,0.08595585823059082,2
2367,graficon77nodi/grafo8165.77,31,77,109,169,201,376.0,74,376.0,0.1883690357208252,2
2368,graficon64nodi/grafo4480.64,31,64,88,168,192,209.0,34,209.0,0.08551406860351562,2
2369,graficon84nodi/grafo6815.84,31,84,108,166,190,290.99999999999955,55,291.0,0.09601378440856934,2
2370,graficon76nodi/grafo9718.76,31,76,93,167,184,138.0,13,138.0,0.06741595268249512,2
2371,graficon56nodi/grafo4831.56,31,56,86,165,195,253.99999999999898,50,253.99999999999898,0.08451509475708008,2
2372,graficon75nodi/grafo9735.75,31,75,100,169,194,176.0,28,176.0,0.0728752613067627,2
2373,graficon72nodi/grafo9084.72,31,72,92,169,189,136.0,18,136.0,0.06674814224243164,2
2374,graficon81nodi/grafo9731.81,31,81,109,165,193,200.0,27,200.0,0.08436036109924316,2
2375,graficon67nodi/grafo9086.67,31,67,96,166,195,245.0,41,245.0,0.08611202239990234,2
2376,graficon78nodi/grafo8258.78,31,78,105,165,192,279.0,57,279.0,0.08138799667358398,2
2377,graficon79nodi/grafo4961.79,31,79,100,169,190,149.0,23,149.0,0.0696413516998291,2
2378,graficon91nodi/grafo8154.91,31,91,109,169,187,214.0,24,214.0,0.1659374237060547,2
2379,graficon78nodi/grafo8413.78,31,78,98,167,187,160.0,27,160.0,0.08022642135620117,2
2380,graficon83nodi/grafo6806.83,31,83,109,168,194,261.0000000000004,57,261.0000000000008,0.08687353134155273,2
2381,graficon64nodi/grafo4478.64,31,64,83,168,187,115.0,16,115.0,0.058461904525756836,2
2382,graficon76nodi/grafo5841.76,31,76,100,166,190,261.0,40,261.0,0.0800483226776123,2
2383,graficon70nodi/grafo8356.70,31,70,103,166,199,391.0,77,391.0,0.09881281852722168,2
2384,graficon87nodi/grafo8487.87,31,87,112,166,191,247.0,44,247.0,0.09976506233215332,2
2385,graficon78nodi/grafo4926.78,31,78,103,166,191,257.9999999999983,47,257.9999999999983,0.0832211971282959,2
2386,graficon81nodi/grafo8271.81,31,81,113,166,198,228.0,60,228.0,0.09035754203796387,2
2387,graficon77nodi/grafo6502.77,31,77,95,165,183,158.0,20,158.0,0.069915771484375,2
2388,graficon78nodi/grafo6090.78,31,78,94,167,183,172.0,11,172.0,0.08233857154846191,2
2389,graficon76nodi/grafo8456.76,31,76,102,168,194,256.9999999999985,51,256.9999999999985,0.0925898551940918,2
2390,graficon89nodi/grafo8595.89,31,89,112,167,190,246.0,40,246.0,0.09195113182067871,2
2391,graficon83nodi/grafo6468.83,31,83,110,165,192,244.99999999999915,55,244.99999999999915,0.08326148986816406,2
2392,graficon92nodi/grafo8825.92,31,92,124,168,200,355.0,78,355.0,0.12642812728881836,2
2393,graficon73nodi/grafo8069.73,31,73,94,165,186,162.0,27,162.0,0.06692004203796387,2
2394,graficon92nodi/grafo9471.92,31,92,122,168,198,251.0,61,251.0,0.08591580390930176,2
2395,graficon62nodi/grafo5754.62,31,62,89,168,195,228.0,37,228.0,0.08939218521118164,2
2396,graficon82nodi/grafo8423.82,31,82,109,167,194,287.0,45,287.00000000000006,0.08855748176574707,2
2397,graficon96nodi/grafo11391.96,31,96,126,167,197,393.0,84,393.0,0.12383008003234863,2
2398,graficon91nodi/grafo8787.91,31,91,119,169,197,318.0,58,318.0,0.10111737251281738,2
2399,graficon77nodi/grafo8064.77,31,77,107,166,196,294.9999999999982,66,294.9999999999982,0.08545899391174316,2
2400,graficon86nodi/grafo8693.86,31,86,109,166,189,221.99999999999932,30,222.0,0.0820930004119873,2
2401,graficon47nodi/grafo7216.47,31,47,77,170,200,214.0,56,214.0,0.08763790130615234,2
2402,graficon68nodi/grafo6575.68,31,68,100,172,204,312.99999999999994,75,313.0,0.09396791458129883,2
2403,graficon63nodi/grafo4396.63,31,63,83,171,191,107.0,13,107.0,0.057527780532836914,2
2404,graficon53nodi/grafo7066.53,31,53,77,174,198,158.0,18,158.0,0.08572959899902344,2
2405,graficon70nodi/grafo9454.70,31,70,109,173,212,335.0,84,335.0,0.10080695152282715,2
2406,graficon83nodi/grafo9099.83,31,83,106,171,194,180.0,32,180.0,0.0768120288848877,2
2407,graficon77nodi/grafo9229.77,31,77,99,173,195,215.0,24,215.0,0.08667349815368652,2
2408,graficon82nodi/grafo5005.82,31,82,105,171,194,231.0,39,231.0,0.0862431526184082,2
2409,graficon65nodi/grafo4711.65,31,65,85,173,193,186.0,34,186.0,0.07804012298583984,2
2410,graficon78nodi/grafo9010.78,31,78,99,172,193,182.0,26,182.0,0.06849193572998047,2
2411,graficon61nodi/grafo3376.61,31,61,86,172,197,205.0,38,205.0,0.07596468925476074,2
2412,graficon58nodi/grafo4864.58,31,58,73,173,188,112.0,9,112.0,0.06460332870483398,2
2413,graficon84nodi/grafo7788.84,31,84,116,170,202,385.0,76,385.0,0.10280871391296387,2
2414,graficon69nodi/grafo9642.69,31,69,91,173,195,163.0,21,163.0,0.08002376556396484,2
2415,graficon77nodi/grafo7775.77,31,77,109,174,206,288.99999999999886,61,288.999999999999,0.11309552192687988,2
2416,graficon56nodi/grafo6519.56,31,56,74,172,190,153.0,17,153.0,0.06638169288635254,2
2417,graficon79nodi/grafo9722.79,31,79,110,170,201,281.0,57,281.0,0.09308838844299316,2
2418,graficon77nodi/grafo4423.77,31,77,96,172,191,169.0,24,169.0,0.07320976257324219,2
2419,graficon74nodi/grafo8289.74,31,74,101,170,197,178.0,29,178.0,0.06555938720703125,2
2420,graficon73nodi/grafo8386.73,31,73,99,173,199,242.0,49,242.0,0.09739494323730469,2
2421,graficon99nodi/grafo10061.99,31,99,131,171,203,271.0,67,271.0,0.09996294975280762,2
2422,graficon100nodi/grafo10679.100,31,100,129,173,202,206.0,28,206.0,0.08361053466796875,2
2423,graficon52nodi/grafo4374.52,31,52,73,170,191,165.0,22,165.0,0.07004213333129883,2
2424,graficon72nodi/grafo4807.72,31,72,91,171,190,145.0,14,145.0,0.06821441650390625,2
2425,graficon73nodi/grafo8337.73,31,73,93,174,194,169.0,26,169.0000000000001,0.07735228538513184,2
2426,graficon82nodi/grafo8437.82,31,82,115,171,204,420.99999999999983,70,420.9999999999998,0.13460350036621094,2
2427,graficon85nodi/grafo8583.85,31,85,103,172,190,224.0,22,224.0,0.08340787887573242,2
2428,graficon97nodi/grafo10253.97,31,97,125,174,202,306.0,58,306.0,0.11469721794128418,2
2429,graficon78nodi/grafo9762.78,31,78,106,174,202,361.99999999999943,62,361.9999999999994,0.11336517333984375,2
2430,graficon77nodi/grafo4511.77,31,77,103,174,200,254.99999999999977,52,254.99999999999977,0.09238696098327637,2
2431,graficon75nodi/grafo5594.75,31,75,92,174,191,228.9999999999975,30,228.9999999999975,0.09911894798278809,2
2432,graficon67nodi/grafo9220.67,31,67,101,171,205,357.0,80,357.0,0.11443018913269043,2
2433,graficon51nodi/grafo3616.51,31,51,73,172,194,171.0,25,171.0,0.07377815246582031,2
2434,graficon64nodi/grafo4547.64,31,64,88,174,198,175.0,41,175.0,0.08050870895385742,2
2435,graficon67nodi/grafo7838.67,31,67,92,171,196,207.0,27,207.0,0.07532334327697754,2
2436,graficon95nodi/grafo3741.95,31,95,120,173,198,281.0,52,281.0,0.09734106063842773,2
2437,graficon98nodi/grafo10718.98,31,98,120,173,195,180.0,38,180.0,0.0768275260925293,2
2438,graficon89nodi/grafo8503.89,31,89,107,171,189,271.9999999999995,31,271.9999999999995,0.101287841796875,2
2439,graficon61nodi/grafo9779.61,31,61,90,172,201,279.99999999999983,55,279.99999999999983,0.08118224143981934,2
2440,graficon68nodi/grafo9479.68,31,68,105,170,207,389.0,128,389.0,0.12307500839233398,2
2441,graficon75nodi/grafo4187.75,31,75,101,171,197,218.0,31,218.0,0.08231639862060547,2
2442,graficon59nodi/grafo4808.59,31,59,78,174,193,106.0,13,106.0,0.0605471134185791,2
2443,graficon75nodi/grafo9782.75,31,75,96,171,192,225.0,43,225.0,0.11728048324584961,2
2444,graficon87nodi/grafo7861.87,31,87,118,172,203,290.0,55,290.0,0.10052943229675293,2
2445,graficon75nodi/grafo8939.75,31,75,93,174,192,175.0,32,175.00000000000264,0.07351207733154297,2
2446,graficon74nodi/grafo8231.74,31,74,99,170,195,228.0,38,228.0,0.08746004104614258,2
2447,graficon74nodi/grafo7825.74,31,74,105,171,202,317.99999999999875,71,317.99999999999875,0.08913540840148926,2
2448,graficon75nodi/grafo4233.75,31,75,105,173,203,229.0,43,229.0,0.09083771705627441,2
2449,graficon95nodi/grafo10430.95,31,95,120,172,197,220.99999999999963,41,221.0000000000004,0.08866739273071289,2
2450,graficon74nodi/grafo9574.74,31,74,107,173,206,280.0,81,280.0,0.09555530548095703,2
2451,graficon80nodi/grafo7886.80,31,80,101,172,193,161.0,13,161.0,0.07283234596252441,2
2452,graficon66nodi/grafo9393.66,31,66,87,173,194,153.0,20,153.0,0.0643470287322998,2
2453,graficon47nodi/grafo1979.47,31,47,64,170,187,155.0,12,155.0,0.06504559516906738,2
2454,graficon67nodi/grafo9515.67,31,67,89,170,192,200.0,27,200.0,0.07867217063903809,2
2455,graficon95nodi/grafo10352.95,31,95,123,174,202,244.0,50,244.0,0.09145331382751465,2
2456,graficon77nodi/grafo8068.77,31,77,105,174,202,224.0,40,224.0,0.07751870155334473,2
2457,graficon65nodi/grafo9216.65,31,65,81,171,187,117.0,7,117.0,0.0597224235534668,2
2458,graficon80nodi/grafo5132.80,31,80,106,171,197,320.99999999999545,61,320.99999999999545,0.11394000053405762,2
2459,graficon67nodi/grafo9108.67,31,67,101,174,208,345.9999999999998,68,346.0,0.11407971382141113,2
2460,graficon83nodi/grafo8430.83,31,83,118,172,207,385.0,99,385.0,0.102081298828125,2
2461,graficon62nodi/grafo7875.62,31,62,100,174,212,352.0,79,352.0,0.12476730346679688,2
2462,graficon68nodi/grafo8041.68,31,68,106,171,209,371.9999999999973,86,371.9999999999973,0.11239051818847656,2
2463,graficon89nodi/grafo8842.89,31,89,122,173,206,398.00000000000136,77,398.000000000005,0.1328136920928955,2
2464,graficon87nodi/grafo9026.87,31,87,107,170,190,259.0,25,259.0,0.08460116386413574,2
2465,graficon80nodi/grafo9096.80,31,80,108,170,198,239.0,41,239.0,0.09424710273742676,2
2466,graficon65nodi/grafo9624.65,31,65,80,171,186,235.99999999999997,29,236.0,0.09051012992858887,2
2467,graficon94nodi/grafo6764.94,31,94,118,172,196,183.0,34,183.0,0.07544326782226562,2
2468,graficon58nodi/grafo5110.58,31,58,85,170,197,190.0,35,190.0,0.07613754272460938,2
2469,graficon73nodi/grafo9686.73,31,73,103,173,203,243.9999999999991,48,244.0000000000009,0.08948111534118652,2
2470,graficon64nodi/grafo9516.64,31,64,92,172,200,269.0,30,269.0,0.1456584930419922,2
2471,graficon90nodi/grafo8186.90,31,90,116,174,200,330.9999999999992,52,331.0000000000008,0.09334444999694824,2
2472,graficon85nodi/grafo8148.85,31,85,119,174,208,355.99999999999886,79,355.99999999999886,0.09955930709838867,2
2473,graficon56nodi/grafo3698.56,31,56,87,174,205,305.0,52,305.0,0.09367060661315918,2
2474,graficon56nodi/grafo4655.56,31,56,80,174,198,176.0,26,176.0,0.07429909706115723,2
2475,graficon66nodi/grafo9386.66,31,66,86,173,193,141.0,13,141.0,0.061934471130371094,2
2476,graficon69nodi/grafo5541.69,31,69,86,176,193,189.0,20,189.0,0.06716465950012207,2
2477,graficon90nodi/grafo7524.90,31,90,113,178,201,283.0,42,283.0,0.09823250770568848,2
2478,graficon81nodi/grafo4976.81,31,81,103,177,199,214.0,29,214.0,0.08678793907165527,2
2479,graficon66nodi/grafo9370.66,31,66,88,178,200,158.0,24,158.0,0.07689046859741211,2
2480,graficon81nodi/grafo4333.81,31,81,99,178,196,184.0,15,184.0,0.0860280990600586,2
2481,graficon78nodi/grafo4791.78,31,78,99,175,196,179.0,25,179.0,0.07619428634643555,2
2482,graficon87nodi/grafo8741.87,31,87,109,179,201,261.0,33,261.0000000000014,0.08495187759399414,2
2483,graficon47nodi/grafo3163.47,31,47,75,175,203,200.0,40,200.0,0.0823049545288086,2
2484,graficon99nodi/grafo10324.99,31,99,118,179,198,191.0,28,191.0,0.09437990188598633,2
2485,graficon80nodi/grafo7956.80,31,80,110,176,206,393.9999999999874,73,393.9999999999874,0.12340879440307617,2
2486,graficon60nodi/grafo5586.60,31,60,78,178,196,152.0,19,152.0,0.07784342765808105,2
2487,graficon71nodi/grafo7820.71,31,71,95,177,201,199.0,40,199.0,0.08954739570617676,2
2488,graficon84nodi/grafo6463.84,31,84,106,177,199,198.0,23,198.0,0.08155965805053711,2
2489,graficon74nodi/grafo5690.74,31,74,89,177,192,162.0,12,162.0,0.07117986679077148,2
2490,graficon74nodi/grafo9418.74,31,74,94,178,198,159.99999999999994,26,159.99999999999994,0.08295583724975586,2
2491,graficon92nodi/grafo11151.92,31,92,121,179,208,342.0,110,342.0,0.13351750373840332,2
2492,graficon94nodi/grafo10412.94,31,94,125,176,207,378.0,72,378.0,0.12237739562988281,2
2493,graficon76nodi/grafo5293.76,31,76,108,179,211,425.9999999999998,96,426.0,0.13496828079223633,2
2494,graficon76nodi/grafo4680.76,31,76,96,175,195,138.0,20,138.0,0.07112956047058105,2
2495,graficon92nodi/grafo10210.92,31,92,118,177,203,215.0,35,215.0,0.08575439453125,2
2496,graficon72nodi/grafo8358.72,31,72,104,175,207,486.0,110,486.0,0.13585686683654785,2
2497,graficon50nodi/grafo6594.50,31,50,77,176,203,155.0,31,155.0,0.07882523536682129,2
2498,graficon96nodi/grafo3510.96,31,96,123,175,202,253.0,41,253.0,0.10267972946166992,2
2499,graficon72nodi/grafo8388.72,31,72,102,179,209,268.0,46,268.0,0.09624934196472168,2
2500,graficon59nodi/grafo3967.59,31,59,87,175,203,224.0,55,224.0,0.0840916633605957,2
2501,graficon70nodi/grafo8230.70,31,70,105,178,213,406.9999999999993,83,406.9999999999999,0.1750020980834961,2
2502,graficon79nodi/grafo8794.79,31,79,109,177,207,316.0,63,316.0,0.12396025657653809,2
2503,graficon77nodi/grafo7931.77,31,77,103,178,204,335.99999999999955,68,336.0000000000015,0.10326004028320312,2
2504,graficon77nodi/grafo4855.77,31,77,106,177,206,347.0,63,347.0,0.1941373348236084,2
2505,graficon97nodi/grafo11085.97,31,97,120,178,201,187.0,17,187.0,0.07596302032470703,2
2506,graficon79nodi/grafo6640.79,31,79,103,176,200,221.0,37,221.0,0.08425521850585938,2
2507,graficon63nodi/grafo4136.63,31,63,98,176,211,380.9999999999975,52,380.9999999999975,0.1335909366607666,2
2508,graficon64nodi/grafo4182.64,31,64,91,178,205,224.9999999999996,31,224.99999999999955,0.09688401222229004,2
2509,graficon95nodi/grafo10597.95,31,95,117,178,200,195.0,45,195.0,0.08397150039672852,2
2510,graficon97nodi/grafo3481.97,31,97,117,176,196,166.0,12,166.0,0.08277058601379395,2
2511,graficon77nodi/grafo8211.77,31,77,98,176,197,187.0,36,187.0,0.0902864933013916,2
2512,graficon52nodi/grafo6702.52,31,52,73,175,196,136.0,16,136.0,0.06964230537414551,2
2513,graficon45nodi/grafo7333.45,31,45,73,176,204,226.0,28,226.0,0.08647656440734863,2
2514,graficon81nodi/grafo8255.81,31,81,106,178,203,206.99999999999852,49,207.00000000000028,0.09212112426757812,2
2515,graficon77nodi/grafo4317.77,31,77,102,179,204,235.0,33,235.0,0.09028339385986328,2
2516,graficon62nodi/grafo4671.62,31,62,84,178,200,160.0,15,160.0,0.08415365219116211,2
2517,graficon53nodi/grafo3666.53,31,53,93,176,216,331.9999999999999,86,331.9999999999999,0.09768271446228027,2
2518,graficon75nodi/grafo5540.75,31,75,95,176,196,208.0,39,208.0,0.0829014778137207,2
2519,graficon81nodi/grafo9615.81,31,81,106,179,204,244.0,36,244.0,0.09335756301879883,2
2520,graficon76nodi/grafo7934.76,31,76,96,176,196,206.0,29,206.0,0.08194851875305176,2
2521,graficon66nodi/grafo5021.66,31,66,84,175,193,135.0,15,135.0,0.06332039833068848,2
2522,graficon81nodi/grafo7515.81,31,81,97,178,194,176.0,23,176.00000000000057,0.07134342193603516,2
2523,graficon74nodi/grafo8700.74,31,74,95,175,196,143.0,27,143.0,0.07516145706176758,2
2524,graficon78nodi/grafo5836.78,31,78,95,177,194,196.0,16,196.0,0.08030247688293457,2
2525,graficon98nodi/grafo8806.98,31,98,121,179,202,190.0,33,190.0,0.08829498291015625,2
2526,graficon92nodi/grafo8904.92,31,92,124,177,209,444.0,104,444.0,0.13498783111572266,2
2527,graficon79nodi/grafo9522.79,31,79,105,178,204,312.0,56,312.0,0.09775233268737793,2
2528,graficon74nodi/grafo8623.74,31,74,98,176,200,183.0,41,183.0,0.08104085922241211,2
2529,graficon64nodi/grafo4259.64,31,64,87,176,199,232.99999999999903,34,232.99999999999952,0.09862852096557617,2
2530,graficon82nodi/grafo8419.82,31,82,108,178,204,240.0,40,240.0,0.09658288955688477,2
2531,graficon74nodi/grafo8285.74,31,74,98,177,201,182.0,28,182.0,0.0737142562866211,2
2532,graficon86nodi/grafo8769.86,31,86,105,179,198,250.0,25,250.0,0.09797430038452148,2
2533,graficon70nodi/grafo4558.70,31,70,92,178,200,147.0,13,147.0,0.07887673377990723,2
2534,graficon75nodi/grafo9505.75,31,75,97,178,200,178.0,28,178.0,0.07556891441345215,2
2535,graficon99nodi/grafo10591.99,31,99,119,177,197,189.0,28,189.0,0.09503746032714844,2
2536,graficon68nodi/grafo4135.68,31,68,96,177,205,288.0,58,288.0,0.1145334243774414,2
2537,graficon56nodi/grafo3632.56,31,56,88,176,208,283.0,51,283.0,0.09056568145751953,2
2538,graficon74nodi/grafo5121.74,31,74,107,179,212,269.00000000000006,58,269.00000000000034,0.11493444442749023,2
2539,graficon64nodi/grafo9134.64,31,64,88,178,202,182.0,31,182.0,0.09145307540893555,2
2540,graficon63nodi/grafo9350.63,31,63,85,176,198,179.0,34,179.0,0.08407783508300781,2
2541,graficon78nodi/grafo9478.78,31,78,100,175,197,159.0,23,159.0,0.07305073738098145,2
2542,graficon64nodi/grafo9496.64,31,64,89,177,202,207.0,42,207.0,0.08767342567443848,2
2543,graficon93nodi/grafo10872.93,31,93,115,176,198,167.0,23,167.0,0.08430719375610352,2
2544,graficon82nodi/grafo4639.82,31,82,107,178,203,253.00000000000003,36,253.00000000000009,0.08830499649047852,2
2545,graficon78nodi/grafo7834.78,31,78,104,179,205,236.0,44,236.0,0.16392803192138672,2
2546,graficon83nodi/grafo9339.83,31,83,108,176,201,227.0,41,227.0,0.08936357498168945,2
2547,graficon91nodi/grafo7083.91,31,91,112,176,197,237.0,32,237.0,0.09302544593811035,2
2548,graficon98nodi/grafo11156.98,31,98,117,177,196,202.0,27,202.0,0.09585237503051758,2
2549,graficon97nodi/grafo10829.97,31,97,136,177,216,440.0,114,440.0,0.15297603607177734,2
2550,graficon66nodi/grafo4782.66,31,66,100,175,209,369.0,74,369.0,0.12612485885620117,2
2551,graficon72nodi/grafo5189.72,31,72,92,184,204,222.0,41,222.0,0.11592960357666016,2
2552,graficon74nodi/grafo1197.74,31,74,95,184,205,240.0,45,240.0,0.08394265174865723,2
2553,graficon60nodi/grafo8874.60,31,60,89,184,213,224.0,53,224.0,0.09058833122253418,2
2554,graficon58nodi/grafo7648.58,31,58,85,183,210,237.0,42,237.0,0.09243226051330566,2
2555,graficon97nodi/grafo11535.97,31,97,127,184,214,348.0,67,348.0,0.11455035209655762,2
2556,graficon92nodi/grafo11192.92,31,92,111,182,201,206.0,44,206.0,0.09165287017822266,2
2557,graficon61nodi/grafo8496.61,31,61,91,180,210,346.0000000000018,61,346.0000000000037,0.11535978317260742,2
2558,graficon91nodi/grafo8033.91,31,91,113,184,206,139.0,19,139.0,0.07698917388916016,2
2559,graficon66nodi/grafo8984.66,31,66,92,182,208,168.0,24,168.0,0.07473206520080566,2
2560,graficon93nodi/grafo10545.93,31,93,121,182,210,215.0,34,215.0,0.09906673431396484,2
2561,graficon63nodi/grafo9014.63,31,63,88,180,205,268.9999999999992,31,268.99999999999966,0.09322667121887207,2
2562,graficon94nodi/grafo10874.94,31,94,122,184,212,274.0,46,274.0,0.13628411293029785,2
2563,graficon75nodi/grafo5363.75,31,75,101,180,206,340.0,57,340.0000000000001,0.11504483222961426,2
2564,graficon87nodi/grafo6482.87,31,87,115,182,210,286.0,50,286.0,0.11230659484863281,2
2565,graficon68nodi/grafo9462.68,31,68,99,184,215,362.0,59,362.0,0.12529206275939941,2
2566,graficon68nodi/grafo1407.68,31,68,90,181,203,134.0,23,134.0,0.06629514694213867,2
2567,graficon58nodi/grafo7649.58,31,58,85,183,210,237.0,42,237.0,0.09411478042602539,2
2568,graficon94nodi/grafo11061.94,31,94,119,183,208,227.00000000000068,34,227.0000000000046,0.16977405548095703,2
2569,graficon92nodi/grafo10853.92,31,92,113,184,205,143.0,21,143.0,0.0740821361541748,2
2570,graficon93nodi/grafo8219.93,31,93,117,180,204,148.0,25,148.0,0.07013273239135742,2
2571,graficon60nodi/grafo5053.60,31,60,86,184,210,194.0,42,194.0,0.09234833717346191,2
2572,graficon60nodi/grafo8933.60,31,60,88,180,208,195.0,29,195.0,0.07494497299194336,2
2573,graficon81nodi/grafo9702.81,31,81,109,184,212,286.0,50,286.0,0.09680628776550293,2
2574,graficon77nodi/grafo4498.77,31,77,105,181,209,241.0,42,241.0,0.07932066917419434,2
2575,graficon76nodi/grafo7807.76,31,76,96,181,201,165.0,22,165.0,0.06711220741271973,2
2576,graficon70nodi/grafo9300.70,31,70,96,180,206,205.0,30,205.0,0.07915854454040527,2
2577,graficon78nodi/grafo9425.78,31,78,100,181,203,185.0,25,185.0,0.07041120529174805,2
2578,graficon92nodi/grafo8879.92,31,92,119,180,207,296.0,47,296.0,0.11751723289489746,2
2579,graficon77nodi/grafo5087.77,31,77,100,182,205,158.0,36,158.0,0.06858682632446289,2
2580,graficon65nodi/grafo9097.65,31,65,97,180,212,275.0,62,275.0,0.1346282958984375,2
2581,graficon88nodi/grafo8748.88,31,88,107,183,202,162.0,21,162.0,0.0740056037902832,2
2582,graficon82nodi/grafo9533.82,31,82,112,182,212,349.9999999999969,75,349.9999999999968,0.12429332733154297,2
2583,graficon79nodi/grafo8505.79,31,79,100,181,202,253.0,35,253.0,0.09953665733337402,2
2584,graficon86nodi/grafo6725.86,31,86,106,180,200,240.0,36,240.0,0.09575653076171875,2
2585,graficon62nodi/grafo5997.62,31,62,92,180,210,317.99999999999926,46,317.9999999999993,0.10014843940734863,2
2586,graficon71nodi/grafo5929.71,31,71,98,183,210,289.0,59,289.0,0.12398838996887207,2
2587,graficon74nodi/grafo6614.74,31,74,95,180,201,191.0,29,191.0,0.07891702651977539,2
2588,graficon63nodi/grafo4495.63,31,63,94,182,213,274.0,48,274.0,0.17452335357666016,2
2589,graficon97nodi/grafo3983.97,31,97,125,184,212,315.9999999999975,45,315.9999999999975,0.11346793174743652,2
2590,graficon63nodi/grafo9051.63,31,63,95,184,216,244.0,34,244.0,0.08724403381347656,2
2591,graficon78nodi/grafo5650.78,31,78,106,180,208,357.0,45,357.0,0.11447286605834961,2
2592,graficon79nodi/grafo4594.79,31,79,104,182,207,157.0,28,157.0,0.07196545600891113,2
2593,graficon62nodi/grafo8188.62,31,62,89,180,207,224.0,49,224.0,0.09549713134765625,2
2594,graficon54nodi/grafo3531.54,31,54,81,180,207,229.0,53,229.0,0.11444568634033203,2
2595,graficon60nodi/grafo6483.60,31,60,83,184,207,186.0,23,186.0,0.0979013442993164,2
2596,graficon60nodi/grafo4562.60,31,60,79,181,200,160.0,25,160.0,0.07655549049377441,2
2597,graficon72nodi/grafo8259.72,31,72,102,184,214,326.9999999999974,64,326.9999999999974,0.12339186668395996,2
2598,graficon67nodi/grafo9831.67,31,67,91,182,206,237.0,25,237.0,0.08175253868103027,2
2599,graficon79nodi/grafo9256.79,31,79,98,181,200,195.0,35,195.0,0.09607195854187012,2
2600,graficon80nodi/grafo9692.80,31,80,117,184,221,296.0,64,296.0,0.11502885818481445,2
2601,graficon92nodi/grafo10715.92,31,92,118,181,207,201.99999999999997,33,202.0,0.08442211151123047,2
2602,graficon79nodi/grafo9395.79,31,79,99,181,201,192.0,28,192.0,0.08515214920043945,2
2603,graficon90nodi/grafo8557.90,31,90,112,184,206,212.0,28,212.0,0.0910186767578125,2
2604,graficon89nodi/grafo8932.89,31,89,118,181,210,355.0,65,355.0,0.12559866905212402,2
2605,graficon78nodi/grafo4234.78,31,78,107,180,209,245.0,30,245.0,0.08400559425354004,2
2606,graficon68nodi/grafo8605.68,31,68,104,181,217,377.99999999999926,84,377.99999999999983,0.11424899101257324,2
2607,graficon64nodi/grafo9732.64,31,64,89,180,205,218.9999999999993,31,218.99999999999955,0.16325020790100098,2
2608,graficon78nodi/grafo8262.78,31,78,107,182,211,238.0,54,238.0,0.08837461471557617,2
2609,graficon91nodi/grafo3063.91,31,91,103,183,195,154.0,11,154.0,0.0739593505859375,2
2610,graficon85nodi/grafo9025.85,31,85,118,184,217,331.0,65,331.0,0.12350726127624512,2
2611,graficon55nodi/grafo3541.55,31,55,87,182,214,269.0,46,269.0,0.10165786743164062,2
2612,graficon59nodi/grafo5396.59,31,59,84,181,206,235.0,44,235.0,0.09201169013977051,2
2613,graficon79nodi/grafo9619.79,31,79,111,181,213,270.0,55,270.0,0.18445420265197754,2
2614,graficon92nodi/grafo11144.92,31,92,136,183,227,785.0,439,785.0,0.16429877281188965,2
2615,graficon73nodi/grafo8656.73,31,73,96,181,204,213.99999999999994,25,213.99999999999994,0.09598779678344727,2
2616,graficon72nodi/grafo9723.72,31,72,107,181,216,368.99999999999994,77,369.0,0.11547183990478516,2
2617,graficon89nodi/grafo8686.89,31,89,113,180,204,194.0,24,194.0,0.0833444595336914,2
2618,graficon60nodi/grafo6556.60,31,60,88,180,208,195.0,29,195.0,0.07550811767578125,2
2619,graficon99nodi/grafo10447.99,31,99,129,181,211,307.0,63,307.0,0.12822270393371582,2
2620,graficon79nodi/grafo8119.79,31,79,104,183,208,221.0,43,221.0,0.18546056747436523,2
2621,graficon76nodi/grafo4168.76,31,76,101,180,205,241.0,32,241.0,0.09084749221801758,2
2622,graficon89nodi/grafo8734.89,31,89,109,183,203,241.0,24,241.0,0.12306356430053711,2
2623,graficon75nodi/grafo4640.75,31,75,103,184,212,221.0,42,221.0,0.09038615226745605,2
2624,graficon75nodi/grafo6005.75,31,75,109,183,217,519.9999999999955,96,519.9999999999955,0.15314292907714844,2
2625,graficon83nodi/grafo8077.83,31,83,112,181,210,269.0,40,269.0,0.10223627090454102,2
2626,graficon84nodi/grafo9003.84,31,84,115,186,217,313.0,43,313.0,0.12610292434692383,2
2627,graficon75nodi/grafo4992.75,31,75,97,187,209,196.0,26,196.0,0.08483719825744629,2
2628,graficon74nodi/grafo9737.74,31,74,97,185,208,151.0,22,151.0,0.07239317893981934,2
2629,graficon78nodi/grafo7776.78,31,78,109,185,216,286.9999999999986,63,286.9999999999986,0.1134953498840332,2
2630,graficon98nodi/grafo8710.98,31,98,126,187,215,190.0,26,190.0,0.07424569129943848,2
2631,graficon73nodi/grafo9485.73,31,73,98,187,212,193.0,38,193.0,0.0816340446472168,2
2632,graficon91nodi/grafo8910.91,31,91,124,185,218,325.0,77,325.0,0.1151893138885498,2
2633,graficon81nodi/grafo8015.81,31,81,112,187,218,305.99999999999994,71,305.99999999999994,0.13294029235839844,2
2634,graficon79nodi/grafo5956.79,31,79,97,187,205,245.0,20,245.0,0.0855247974395752,2
2635,graficon92nodi/grafo10328.92,31,92,111,186,205,111.0,7,111.0,0.0749354362487793,2
2636,graficon84nodi/grafo9730.84,31,84,118,185,219,451.0,82,451.0,0.1949615478515625,2
2637,graficon71nodi/grafo4338.71,31,71,98,185,212,179.0,27,179.0,0.06888532638549805,2
2638,graficon65nodi/grafo4559.65,31,65,93,188,216,265.0,51,265.0,0.11517834663391113,2
2639,graficon71nodi/grafo9572.71,31,71,96,189,214,262.0,54,262.0,0.09979557991027832,2
2640,graficon78nodi/grafo6424.78,31,78,96,185,203,183.0,25,183.0,0.0784149169921875,2
2641,graficon82nodi/grafo8705.82,31,82,108,188,214,295.0,44,295.0,0.1131126880645752,2
2642,graficon97nodi/grafo8970.97,31,97,127,189,219,377.9999999999993,68,377.9999999999999,0.13647055625915527,2
2643,graficon82nodi/grafo6679.82,31,82,107,187,212,295.0,36,295.0,0.1284935474395752,2
2644,graficon68nodi/grafo9032.68,31,68,91,188,211,218.99999999999991,37,218.9999999999999,0.07876110076904297,2
2645,graficon81nodi/grafo8167.81,31,81,106,187,212,244.99999999999977,47,245.00000000000136,0.11204671859741211,2
2646,graficon77nodi/grafo8972.77,31,77,111,186,220,288.0,70,288.0,0.09345626831054688,2
2647,graficon86nodi/grafo8576.86,31,86,122,189,225,394.0,81,394.0,0.13394880294799805,2
2648,graficon80nodi/grafo5870.80,31,80,106,185,211,282.99999999999966,43,283.00000000000034,0.10157895088195801,2
2649,graficon80nodi/grafo8075.80,31,80,111,186,217,346.0,54,346.0,0.11382198333740234,2
2650,graficon78nodi/grafo9407.78,31,78,102,185,209,225.0,38,225.0,0.1842665672302246,2
2651,graficon75nodi/grafo8466.75,31,75,100,189,214,322.99999999999807,45,322.99999999999903,0.09321713447570801,2
2652,graficon73nodi/grafo9591.73,31,73,107,188,222,337.0,70,337.0,0.11373591423034668,2
2653,graficon80nodi/grafo8979.80,31,80,97,188,205,156.0,29,156.0,0.07953190803527832,2
2654,graficon78nodi/grafo4243.78,31,78,102,185,209,225.0,38,225.0,0.09950685501098633,2
2655,graficon86nodi/grafo9776.86,31,86,113,188,215,341.00000000000125,62,341.0000000000048,0.11586308479309082,2
2656,graficon75nodi/grafo4903.75,31,75,108,186,219,321.99999999999886,85,321.99999999999886,0.12546515464782715,2
2657,graficon95nodi/grafo10677.95,31,95,122,189,216,263.0,61,263.0,0.08913445472717285,2
2658,graficon94nodi/grafo10775.94,31,94,124,186,216,349.99999999999807,64,349.999999999998,0.12670612335205078,2
2659,graficon100nodi/grafo10542.100,31,100,133,188,221,502.0,172,502.0,0.22545123100280762,2
2660,graficon96nodi/grafo11068.96,31,96,118,185,207,233.99999999999912,27,233.9999999999991,0.08047366142272949,2
2661,graficon88nodi/grafo8579.88,31,88,121,188,221,345.0,78,345.0,0.13697576522827148,2
2662,graficon91nodi/grafo8209.91,31,91,119,189,217,362.0,72,362.0,0.12476062774658203,2
2663,graficon69nodi/grafo8451.69,31,69,95,187,213,242.99999999999906,39,242.9999999999991,0.08291220664978027,2
2664,graficon71nodi/grafo8497.71,31,71,104,188,221,423.0,106,423.0,0.1333005428314209,2
2665,graficon100nodi/grafo10257.100,31,100,124,188,212,228.0,46,228.0,0.12836980819702148,2
2666,graficon71nodi/grafo7831.71,31,71,94,188,211,163.0,33,163.0,0.07401776313781738,2
2667,graficon85nodi/grafo7151.85,31,85,120,188,223,394.0,90,394.0,0.11173510551452637,2
2668,graficon42nodi/grafo7665.42,31,42,67,185,210,183.0,28,183.0,0.0800008773803711,2
2669,graficon94nodi/grafo10643.94,31,94,118,187,211,310.0,44,310.0,0.11477828025817871,2
2670,graficon75nodi/grafo9845.75,31,75,106,187,218,333.0,71,333.0,0.12339663505554199,2
2671,graficon92nodi/grafo11367.92,31,92,118,185,211,216.0,34,216.0,0.07992887496948242,2
2672,graficon87nodi/grafo8743.87,31,87,116,186,215,287.99999999999994,53,287.9999999999999,0.10179734230041504,2
2673,graficon88nodi/grafo7126.88,31,88,118,188,218,239.99999999999935,56,239.99999999999966,0.14850902557373047,2
2674,graficon80nodi/grafo9532.80,31,80,94,185,199,179.0,23,179.0,0.07707929611206055,2
2675,graficon84nodi/grafo7463.84,31,84,113,185,214,339.0,56,339.0,0.11511969566345215,2
2676,graficon81nodi/grafo9715.81,31,81,107,188,214,221.0,36,221.0,0.09126520156860352,2
2677,graficon77nodi/grafo4983.77,31,77,105,186,214,287.0,33,287.0,0.09560132026672363,2
2678,graficon99nodi/grafo10701.99,31,99,120,188,209,203.0,21,203.0,0.0892024040222168,2
2679,graficon93nodi/grafo10407.93,31,93,121,188,216,363.0,82,363.0,0.13370060920715332,2
2680,graficon55nodi/grafo4002.55,31,55,82,189,216,246.99999999999974,27,247.0,0.08991026878356934,2
2681,graficon78nodi/grafo7969.78,31,78,98,185,205,262.0,32,262.0,0.08920598030090332,2
2682,graficon94nodi/grafo11175.94,31,94,114,185,205,142.0,19,142.0,0.07203507423400879,2
2683,graficon91nodi/grafo8831.91,31,91,111,187,207,246.0,36,246.0,0.09188580513000488,2
2684,graficon73nodi/grafo8994.73,31,73,98,189,214,279.0,49,279.0,0.10278630256652832,2
2685,graficon82nodi/grafo9019.82,31,82,101,186,205,126.0,18,126.0,0.13289093971252441,2
2686,graficon81nodi/grafo9196.81,31,81,121,189,229,389.9999999999974,104,389.9999999999974,0.1245875358581543,2
2687,graficon74nodi/grafo4193.74,31,74,103,187,216,245.99999999999866,43,245.99999999999864,0.08919119834899902,2
2688,graficon72nodi/grafo9819.72,31,72,102,188,218,350.0,59,350.0,0.12740612030029297,2
2689,graficon84nodi/grafo8594.84,31,84,115,189,220,393.999999999999,79,393.9999999999999,0.1316971778869629,2
2690,graficon83nodi/grafo4936.83,31,83,112,189,218,240.0,42,240.0,0.09051346778869629,2
2691,graficon63nodi/grafo4660.63,31,63,88,186,211,259.0,34,259.0,0.0913395881652832,2
2692,graficon72nodi/grafo8303.72,31,72,103,188,219,291.9999999999992,68,291.9999999999992,0.09605979919433594,2
2693,graficon64nodi/grafo9259.64,31,64,92,185,213,203.0,34,203.0,0.08893752098083496,2
2694,graficon87nodi/grafo7132.87,31,87,112,186,211,228.0,35,228.0,0.09749960899353027,2
2695,graficon87nodi/grafo8559.87,31,87,112,186,211,228.0,35,228.0,0.09771537780761719,2
2696,graficon89nodi/grafo8208.89,31,89,115,187,213,243.0,37,243.0,0.09243583679199219,2
2697,graficon71nodi/grafo7787.71,31,71,87,189,205,100.0,13,100.0,0.07169818878173828,2
2698,graficon65nodi/grafo9543.65,31,65,92,185,212,237.0,41,237.0,0.09011030197143555,2
2699,graficon67nodi/grafo6394.67,31,67,85,188,206,155.0,18,155.0,0.07778048515319824,2
2700,graficon73nodi/grafo4406.73,31,73,98,186,211,232.0,46,232.0,0.09639525413513184,2
2701,graficon65nodi/grafo1525.65,31,65,85,194,214,121.0,21,121.0,0.14394593238830566,2
2702,graficon66nodi/grafo9214.66,31,66,95,194,223,196.0,31,196.0,0.08162450790405273,2
2703,graficon100nodi/grafo11147.100,31,100,126,192,218,240.9999999999997,46,240.99999999999966,0.0908820629119873,2
2704,graficon65nodi/grafo9329.65,31,65,91,192,218,196.0,35,196.0,0.07592082023620605,2
2705,graficon92nodi/grafo11431.92,31,92,125,193,226,434.0,113,434.0,0.1852564811706543,2
2706,graficon79nodi/grafo8066.79,31,79,104,190,215,288.0,36,288.0,0.10291743278503418,2
2707,graficon62nodi/grafo9589.62,31,62,100,194,232,426.00000000000006,92,426.00000000000017,0.1220254898071289,2
2708,graficon91nodi/grafo8480.91,31,91,116,191,216,216.0,37,216.0,0.08745050430297852,2
2709,graficon80nodi/grafo481.80,31,80,108,193,221,340.0,56,340.0,0.1366260051727295,2
2710,graficon79nodi/grafo4913.79,31,79,109,190,220,256.999999999999,43,256.999999999999,0.08829379081726074,2
2711,graficon74nodi/grafo8443.74,31,74,101,191,218,217.0,38,217.0,0.09559893608093262,2
2712,graficon91nodi/grafo11206.91,31,91,126,190,225,464.0,136,464.0,0.16499042510986328,2
2713,graficon99nodi/grafo10384.99,31,99,124,192,217,221.9999999999998,50,221.9999999999998,0.1768956184387207,2
2714,graficon40nodi/grafo6763.40,31,40,59,192,211,116.0,13,116.0,0.07059144973754883,2
2715,graficon82nodi/grafo8025.82,31,82,104,192,214,228.0,35,228.0,0.07815074920654297,2
2716,graficon98nodi/grafo10414.98,31,98,131,190,223,389.99999999999767,81,389.9999999999976,0.11346292495727539,2
2717,graficon79nodi/grafo8727.79,31,79,96,193,210,184.0,18,184.0,0.07833027839660645,2
2718,graficon61nodi/grafo3396.61,31,61,95,193,227,382.0,77,382.0,0.125596284866333,2
2719,graficon68nodi/grafo9200.68,31,68,94,190,216,229.0,41,229.0,0.09792661666870117,2
2720,graficon77nodi/grafo4353.77,31,77,100,190,213,175.0,21,175.0,0.08260011672973633,2
2721,graficon73nodi/grafo8590.73,31,73,102,191,220,317.0,50,317.0,0.13577866554260254,2
2722,graficon90nodi/grafo8968.90,31,90,116,192,218,168.0,21,168.0,0.07156109809875488,2
2723,graficon76nodi/grafo4658.76,31,76,109,193,226,284.0,72,284.0,0.11516618728637695,2
2724,graficon81nodi/grafo8079.81,31,81,114,191,224,359.9999999999965,51,359.9999999999965,0.13547682762145996,2
2725,graficon76nodi/grafo6000.76,31,76,101,191,216,357.0,52,357.0,0.12350916862487793,2
2726,graficon75nodi/grafo6700.75,31,75,99,192,216,208.0,35,208.0,0.0839848518371582,2
2727,graficon77nodi/grafo9766.77,31,77,106,194,223,342.99999999999864,63,342.99999999999864,0.12636804580688477,2
2728,graficon77nodi/grafo9189.77,31,77,102,192,217,229.99999999999886,32,229.99999999999886,0.10141301155090332,2
2729,graficon72nodi/grafo8307.72,31,72,100,194,222,242.0,40,242.0,0.09862112998962402,2
2730,graficon92nodi/grafo11337.92,31,92,118,191,217,199.0,39,199.0,0.07918643951416016,2
2731,graficon61nodi/grafo9092.61,31,61,99,193,231,404.0,86,404.0,0.13576102256774902,2
2732,graficon92nodi/grafo7499.92,31,92,120,194,222,271.0,51,271.0,0.12385153770446777,2
2733,graficon71nodi/grafo7691.71,31,71,95,192,216,170.0,30,170.0,0.0870065689086914,2
2734,graficon81nodi/grafo8273.81,31,81,107,190,216,217.0,34,217.0,0.09528207778930664,2
2735,graficon78nodi/grafo8252.78,31,78,109,194,225,255.0,32,255.0,0.09635186195373535,2
2736,graficon73nodi/grafo4271.73,31,73,91,190,208,148.0,16,148.0,0.08284616470336914,2
2737,graficon89nodi/grafo8859.89,31,89,102,191,204,130.0,13,130.0,0.07041454315185547,2
2738,graficon80nodi/grafo9333.80,31,80,112,191,223,311.99999999999875,66,311.9999999999989,0.12760138511657715,2
2739,graficon71nodi/grafo8103.71,31,71,99,190,218,226.0,31,226.0,0.0819699764251709,2
2740,graficon94nodi/grafo10304.94,31,94,112,193,211,152.0,19,152.0,0.0811014175415039,2
2741,graficon77nodi/grafo4533.77,31,77,105,191,219,298.0,54,298.0000000000005,0.11291909217834473,2
2742,graficon63nodi/grafo9211.63,31,63,91,190,218,236.0,38,236.0,0.1690976619720459,2
2743,graficon84nodi/grafo8300.84,31,84,115,192,223,362.0,77,362.0,0.15346026420593262,2
2744,graficon94nodi/grafo10583.94,31,94,124,194,224,292.0,49,292.0,0.12372255325317383,2
2745,graficon83nodi/grafo8093.83,31,83,122,192,231,372.0,112,372.0,0.12697172164916992,2
2746,graficon77nodi/grafo5413.77,31,77,101,194,218,309.9999999999983,42,309.9999999999983,0.12384748458862305,2
2747,graficon74nodi/grafo6977.74,31,74,101,193,220,272.9999999999991,44,272.9999999999991,0.09299635887145996,2
2748,graficon63nodi/grafo5049.63,31,63,88,191,216,230.99999999999955,24,231.00000000000136,0.0888669490814209,2
2749,graficon86nodi/grafo8137.86,31,86,122,194,230,566.0,141,566.0,0.1557779312133789,2
2750,graficon83nodi/grafo8139.83,31,83,110,193,220,285.0,51,285.0,0.09731650352478027,2
2751,graficon75nodi/grafo9161.75,31,75,112,194,231,362.0,85,362.0,0.13407635688781738,2
2752,graficon89nodi/grafo8471.89,31,89,117,192,220,274.0,62,274.0,0.11504054069519043,2
2753,graficon87nodi/grafo8709.87,31,87,111,190,214,261.0,36,261.0,0.09924817085266113,2
2754,graficon85nodi/grafo6982.85,31,85,108,191,214,189.0,27,189.0,0.08267474174499512,2
2755,graficon85nodi/grafo8189.85,31,85,116,193,224,298.9999999999986,64,298.99999999999864,0.19548916816711426,2
2756,graficon74nodi/grafo8721.74,31,74,97,192,215,166.0,31,166.0,0.08407306671142578,2
2757,graficon68nodi/grafo8074.68,31,68,98,193,223,251.99999999999986,47,252.00000000000253,0.1337110996246338,2
2758,graficon87nodi/grafo9493.87,31,87,122,191,226,379.0,87,379.0,0.12386226654052734,2
2759,graficon77nodi/grafo7986.77,31,77,102,191,216,233.0,49,233.0,0.09274911880493164,2
2760,graficon77nodi/grafo7888.77,31,77,106,191,220,190.0,32,190.0,0.08777213096618652,2
2761,graficon68nodi/grafo9064.68,31,68,88,193,213,160.0,22,160.0,0.07030916213989258,2
2762,graficon94nodi/grafo10910.94,31,94,118,194,218,151.0,23,151.0,0.07482290267944336,2
2763,graficon82nodi/grafo5572.82,31,82,118,193,229,461.0,89,461.0,0.1997692584991455,2
2764,graficon100nodi/grafo10372.100,31,100,127,190,217,218.0,45,218.0,0.08593225479125977,2
2765,graficon96nodi/grafo9056.96,31,96,135,190,229,362.0,93,362.0,0.1327822208404541,2
2766,graficon92nodi/grafo8965.92,31,92,109,191,208,212.0,24,212.0,0.08984017372131348,2
2767,graficon81nodi/grafo8425.81,31,81,110,192,221,199.0,48,199.0,0.08416152000427246,2
2768,graficon82nodi/grafo8149.82,31,82,108,192,218,324.0,57,324.0,0.13599634170532227,2
2769,graficon80nodi/grafo4517.80,31,80,112,191,223,307.0,59,307.0,0.19881987571716309,2
2770,graficon70nodi/grafo8519.70,31,70,92,190,212,156.0,27,156.0,0.07818126678466797,2
2771,graficon77nodi/grafo4254.77,31,77,110,190,223,327.999999999996,61,327.9999999999961,0.1433696746826172,2
2772,graficon75nodi/grafo4383.75,31,75,105,192,222,225.0,49,225.0,0.08489108085632324,2
2773,graficon79nodi/grafo4641.79,31,79,104,190,215,265.0,33,265.0,0.09257674217224121,2
2774,graficon42nodi/grafo3883.42,31,42,65,194,217,146.0,14,146.0,0.07583141326904297,2
2775,graficon65nodi/grafo8427.65,31,65,91,192,218,269.0,50,269.0,0.08873391151428223,2
2776,graficon56nodi/grafo4117.56,31,56,73,199,216,118.0,17,118.0,0.06933927536010742,2
2777,graficon89nodi/grafo8958.89,31,89,122,198,231,347.0,78,347.0,0.14382719993591309,2
2778,graficon66nodi/grafo8738.66,31,66,98,196,228,305.0,76,305.0,0.11519050598144531,2
2779,graficon85nodi/grafo8624.85,31,85,120,199,234,350.9999999999994,74,351.00000000000006,0.13347935676574707,2
2780,graficon96nodi/grafo10821.96,31,96,115,196,215,201.0,31,201.0,0.09111785888671875,2
2781,graficon74nodi/grafo4834.74,31,74,91,199,216,163.0,20,163.0,0.07908034324645996,2
2782,graficon92nodi/grafo3472.92,31,92,120,198,226,232.99999999999883,39,233.0000000000011,0.10123252868652344,2
2783,graficon96nodi/grafo10590.96,31,96,118,197,219,190.0,27,190.0,0.09163260459899902,2
2784,graficon80nodi/grafo4865.80,31,80,117,199,236,347.0,75,347.0,0.12360000610351562,2
2785,graficon84nodi/grafo8637.84,31,84,122,197,235,510.0,145,510.0,0.17550206184387207,2
2786,graficon77nodi/grafo5530.77,31,77,96,197,216,247.9999999999999,30,248.00000000000023,0.0941457748413086,2
2787,graficon99nodi/grafo10222.99,31,99,128,197,226,272.0,45,272.0000000000042,0.127821683883667,2
2788,graficon82nodi/grafo4524.82,31,82,118,199,235,486.0,103,486.0,0.12654447555541992,2
2789,graficon73nodi/grafo8985.73,31,73,102,198,227,322.99999999999966,34,323.00000000000017,0.1153414249420166,2
2790,graficon61nodi/grafo7835.61,31,61,82,198,219,136.0,18,136.0,0.08011841773986816,2
2791,graficon96nodi/grafo10449.96,31,96,126,196,226,303.9999999999996,73,303.9999999999996,0.11872696876525879,2
2792,graficon66nodi/grafo1365.66,31,66,86,198,218,173.0,13,173.0,0.0857689380645752,2
2793,graficon90nodi/grafo7978.90,31,90,116,197,223,291.0,67,291.0,0.11242318153381348,2
2794,graficon75nodi/grafo8162.75,31,75,96,196,217,207.9999999999987,28,207.9999999999987,0.08545255661010742,2
2795,graficon74nodi/grafo5176.74,31,74,100,197,223,208.0,37,208.0,0.09342217445373535,2
2796,graficon82nodi/grafo5013.82,31,82,107,197,222,227.0,39,227.0,0.09471869468688965,2
2797,graficon85nodi/grafo6518.85,31,85,107,196,218,201.0,38,201.0,0.08800315856933594,2
2798,graficon99nodi/grafo10726.99,31,99,140,196,237,378.0,95,378.0,0.13426899909973145,2
2799,graficon50nodi/grafo7057.50,31,50,74,197,221,195.0,33,195.0,0.08948397636413574,2
2800,graficon80nodi/grafo9236.80,31,80,120,197,237,413.0,104,413.0,0.1476118564605713,2
2801,graficon98nodi/grafo10788.98,31,98,132,199,233,379.0,91,379.0,0.1376204490661621,2
2802,graficon84nodi/grafo4442.84,31,84,109,195,220,241.0,28,241.0,0.08968973159790039,2
2803,graficon71nodi/grafo8096.71,31,71,96,196,221,232.0,40,232.0,0.10231947898864746,2
2804,graficon81nodi/grafo4752.81,31,81,109,196,224,257.0,44,257.0,0.10849571228027344,2
2805,graficon62nodi/grafo7965.62,31,62,94,197,229,278.9999999999993,53,279.0000000000012,0.09932541847229004,2
2806,graficon58nodi/grafo3390.58,31,58,83,199,224,177.0,31,177.0,0.08814477920532227,2
2807,graficon94nodi/grafo10466.94,31,94,121,195,222,283.0,65,283.0,0.12289071083068848,2
2808,graficon87nodi/grafo8297.87,31,87,126,196,235,489.0,161,489.0,0.18298649787902832,2
2809,graficon61nodi/grafo4668.61,31,61,90,195,224,204.0,42,204.0,0.08875823020935059,2
2810,graficon86nodi/grafo7108.86,31,86,106,195,215,164.0,27,164.0,0.08794617652893066,2
2811,graficon73nodi/grafo6953.73,31,73,102,199,228,267.9999999999991,51,267.99999999999943,0.09395313262939453,2
2812,graficon81nodi/grafo4720.81,31,81,109,199,227,289.0,58,289.0,0.1243293285369873,2
2813,graficon90nodi/grafo8891.90,31,90,114,197,221,226.0,35,226.0,0.08370041847229004,2
2814,graficon92nodi/grafo9961.92,31,92,123,195,226,355.9999999999972,75,355.99999999999727,0.13443517684936523,2
2815,graficon96nodi/grafo10579.96,31,96,119,196,219,316.0,52,316.0,0.1287832260131836,2
2816,graficon76nodi/grafo8526.76,31,76,101,197,222,230.0,38,230.0,0.09432840347290039,2
2817,graficon72nodi/grafo9045.72,31,72,92,195,215,178.0,28,178.0,0.08147644996643066,2
2818,graficon66nodi/grafo4526.66,31,66,91,195,220,234.0,45,234.0,0.10135531425476074,2
2819,graficon74nodi/grafo4303.74,31,74,94,195,215,153.0,22,153.0,0.07634639739990234,2
2820,graficon76nodi/grafo8446.76,31,76,106,195,225,238.0,32,238.0,0.08621597290039062,2
2821,graficon66nodi/grafo4585.66,31,66,85,195,214,152.0,16,152.0,0.07049155235290527,2
2822,graficon64nodi/grafo9128.64,31,64,94,195,225,368.0,44,368.0,0.1332259178161621,2
2823,graficon97nodi/grafo8930.97,31,97,127,198,228,315.99999999999994,61,315.99999999999994,0.11470770835876465,2
2824,graficon69nodi/grafo7974.69,31,69,102,197,230,331.0,59,331.0,0.11407613754272461,2
2825,graficon80nodi/grafo9492.80,31,80,106,199,225,277.0,57,277.0,0.1258084774017334,2
2826,graficon90nodi/grafo9958.90,31,90,118,195,223,329.0,59,329.0,0.1337904930114746,2
2827,graficon94nodi/grafo10852.94,31,94,110,196,212,145.0,14,145.0,0.07519364356994629,2
2828,graficon95nodi/grafo10934.95,31,95,131,197,233,285.0,85,285.0,0.1133723258972168,2
2829,graficon76nodi/grafo4477.76,31,76,103,198,225,216.0,36,216.0,0.09276437759399414,2
2830,graficon86nodi/grafo9565.86,31,86,111,197,222,280.0,49,280.0,0.11404180526733398,2
2831,graficon73nodi/grafo8482.73,31,73,96,198,221,225.0,19,225.0,0.08157849311828613,2
2832,graficon90nodi/grafo8701.90,31,90,130,196,236,390.0,113,390.0,0.1460714340209961,2
2833,graficon84nodi/grafo8222.84,31,84,109,199,224,203.0,42,203.0,0.08806347846984863,2
2834,graficon77nodi/grafo4721.77,31,77,98,197,218,178.0,21,178.0,0.0791630744934082,2
2835,graficon72nodi/grafo9427.72,31,72,99,198,225,198.0,33,198.0,0.07085013389587402,2
2836,graficon87nodi/grafo7826.87,31,87,120,196,229,283.0,46,283.0,0.13512682914733887,2
2837,graficon88nodi/grafo7594.88,31,88,120,197,229,404.9999999999998,91,404.9999999999999,0.13466620445251465,2
2838,graficon96nodi/grafo7043.96,31,96,126,198,228,324.9999999999993,44,325.0000000000001,0.12622380256652832,2
2839,graficon82nodi/grafo4247.82,31,82,115,199,232,245.0,64,245.0,0.08847761154174805,2
2840,graficon82nodi/grafo5861.82,31,82,113,196,227,388.0,49,388.0,0.14554882049560547,2
2841,graficon75nodi/grafo9545.75,31,75,92,199,216,187.0,17,187.0,0.08701467514038086,2
2842,graficon61nodi/grafo4634.61,31,61,87,196,222,181.0,40,181.0,0.15371346473693848,2
2843,graficon96nodi/grafo8776.96,31,96,119,197,220,325.0,52,325.0,0.1944737434387207,2
2844,graficon97nodi/grafo8903.97,31,97,118,195,216,217.00000000000165,32,217.0000000000032,0.10025691986083984,2
2845,graficon79nodi/grafo7953.79,31,79,116,197,234,403.9999999999982,82,403.9999999999982,0.20244407653808594,2
2846,graficon93nodi/grafo6536.93,31,93,116,197,220,224.0,28,224.0,0.10054731369018555,2
2847,graficon82nodi/grafo4610.82,31,82,109,195,222,260.0,41,260.0,0.0883491039276123,2
2848,graficon75nodi/grafo4989.75,31,75,99,198,222,252.99999999999991,38,253.00000000000003,0.16499996185302734,2
2849,graficon88nodi/grafo8773.88,31,88,117,199,228,245.0,46,245.0,0.10240626335144043,2
2850,graficon95nodi/grafo10964.95,31,95,122,199,226,235.99999999999812,46,235.99999999999812,0.12744641304016113,2
2851,graficon80nodi/grafo8058.80,31,80,111,204,235,270.0,45,270.0,0.11383891105651855,2
2852,graficon75nodi/grafo8638.75,31,75,94,202,221,235.0,32,235.0,0.09914731979370117,2
2853,graficon82nodi/grafo8133.82,31,82,110,200,228,199.0,28,199.0,0.08896327018737793,2
2854,graficon85nodi/grafo8201.85,31,85,117,202,234,314.9999999999992,59,314.99999999999926,0.1260662078857422,2
2855,graficon81nodi/grafo9834.81,31,81,103,202,224,215.0,34,215.0,0.09048700332641602,2
2856,graficon72nodi/grafo9101.72,31,72,102,201,231,320.99999999999784,68,320.99999999999784,0.12407135963439941,2
2857,graficon91nodi/grafo11536.91,31,91,132,201,242,436.0,88,436.0,0.14398765563964844,2
2858,graficon82nodi/grafo7922.82,31,82,115,203,236,282.0,64,282.0,0.13507390022277832,2
2859,graficon91nodi/grafo8580.91,31,91,107,201,217,165.0,20,165.0,0.08693623542785645,2
2860,graficon83nodi/grafo9680.83,31,83,111,204,232,232.0,29,232.0,0.09591293334960938,2
2861,graficon87nodi/grafo8012.87,31,87,120,204,237,381.0,82,381.0,0.135406494140625,2
2862,graficon69nodi/grafo9765.69,31,69,91,203,225,186.0,32,186.0,0.07898807525634766,2
2863,graficon76nodi/grafo8460.76,31,76,102,203,229,395.0,61,395.0,0.1860353946685791,2
2864,graficon100nodi/grafo10533.100,31,100,135,202,237,305.0,58,305.0,0.11472272872924805,2
2865,graficon80nodi/grafo8982.80,31,80,106,204,230,246.0,32,246.0,0.08646368980407715,2
2866,graficon91nodi/grafo8736.91,31,91,114,200,223,252.99999999999932,45,252.9999999999994,0.1004343032836914,2
2867,graficon88nodi/grafo9706.88,31,88,122,201,235,434.0,113,434.0,0.15401244163513184,2
2868,graficon83nodi/grafo8599.83,31,83,113,200,230,271.0,48,271.0,0.09957695007324219,2
2869,graficon95nodi/grafo11402.95,31,95,120,204,229,238.0,26,238.0,0.09805178642272949,2
2870,graficon96nodi/grafo10995.96,31,96,130,202,236,362.0,102,362.0,0.13492059707641602,2
2871,graficon66nodi/grafo9324.66,31,66,106,202,242,445.0,93,445.0000000000046,0.15658307075500488,2
2872,graficon60nodi/grafo4795.60,31,60,93,201,234,285.99999999999903,38,285.9999999999991,0.11510515213012695,2
2873,graficon99nodi/grafo11146.99,31,99,127,202,230,275.9999999999961,59,275.9999999999961,0.1125340461730957,2
2874,graficon68nodi/grafo4979.68,31,68,97,201,230,276.0,33,276.0,0.11466288566589355,2
2875,graficon100nodi/grafo10344.100,31,100,130,204,234,244.0,50,244.0,0.115478515625,2
2876,graficon70nodi/grafo2065.70,31,70,91,201,222,212.0,44,212.0,0.09892821311950684,2
2877,graficon98nodi/grafo10812.98,31,98,128,204,234,265.0,44,265.0,0.09879612922668457,2
2878,graficon70nodi/grafo7927.70,31,70,103,202,235,328.999999999999,61,328.9999999999991,0.16246485710144043,2
2879,graficon84nodi/grafo9785.84,31,84,108,200,224,222.0,37,222.0,0.0877072811126709,2
2880,graficon100nodi/grafo10937.100,31,100,136,203,239,407.0000000000009,110,407.00000000000205,0.21231555938720703,2
2881,graficon85nodi/grafo2692.85,31,85,108,203,226,176.0,31,176.0,0.09490513801574707,2
2882,graficon78nodi/grafo4225.78,31,78,106,202,230,319.99999999999847,47,319.9999999999986,0.12729525566101074,2
2883,graficon59nodi/grafo3422.59,31,59,96,201,238,380.0,80,380.0,0.12385201454162598,2
2884,graficon62nodi/grafo5685.62,31,62,90,203,231,227.0,34,227.0,0.09082627296447754,2
2885,graficon72nodi/grafo6836.72,31,72,95,201,224,238.0,33,238.0,0.0977470874786377,2
2886,graficon63nodi/grafo9477.63,31,63,87,203,227,161.0,26,161.0,0.08327031135559082,2
2887,graficon75nodi/grafo7964.75,31,75,101,203,229,290.00000000000017,46,290.00000000000034,0.12540149688720703,2
2888,graficon85nodi/grafo9238.85,31,85,103,202,220,201.0,25,201.0,0.08565592765808105,2
2889,graficon66nodi/grafo9295.66,31,66,96,204,234,263.0,45,263.0,0.09448575973510742,2
2890,graficon93nodi/grafo10440.93,31,93,123,201,231,272.0,49,272.0,0.12517523765563965,2
2891,graficon74nodi/grafo9654.74,31,74,94,202,222,167.0,21,167.0,0.15487146377563477,2
2892,graficon70nodi/grafo4623.70,31,70,101,203,234,255.99999999999906,46,255.9999999999991,0.0947420597076416,2
2893,graficon62nodi/grafo3733.62,31,62,91,204,233,252.00000000000023,44,252.00000000000097,0.11545395851135254,2
2894,graficon93nodi/grafo11233.93,31,93,126,201,234,370.99999999999994,88,371.0,0.13461923599243164,2
2895,graficon64nodi/grafo4150.64,31,64,93,201,230,241.0,32,241.0,0.10010910034179688,2
2896,graficon99nodi/grafo10827.99,31,99,135,203,239,341.999999999999,86,341.999999999999,0.11185550689697266,2
2897,graficon80nodi/grafo5897.80,31,80,105,201,226,318.0,50,318.0,0.13188672065734863,2
2898,graficon91nodi/grafo11349.91,31,91,107,201,217,139.0,21,139.0,0.08470892906188965,2
2899,graficon72nodi/grafo9800.72,31,72,95,203,226,194.0,37,194.0,0.09516549110412598,2
2900,graficon74nodi/grafo5400.74,31,74,99,200,225,256.0,54,256.0,0.1274712085723877,2
2901,graficon79nodi/grafo4289.79,31,79,104,204,229,190.0,27,190.0,0.09256458282470703,2
2902,graficon73nodi/grafo5106.73,31,73,95,200,222,148.0,21,148.0,0.08023381233215332,2
2903,graficon80nodi/grafo9103.80,31,80,108,202,230,201.0,39,201.0,0.1668238639831543,2
2904,graficon83nodi/grafo9094.83,31,83,111,203,231,241.0,41,241.0,0.11469578742980957,2
2905,graficon97nodi/grafo9580.97,31,97,120,201,224,226.0,41,226.0,0.1150672435760498,2
2906,graficon56nodi/grafo3136.56,31,56,83,200,227,274.9999999999993,49,274.9999999999993,0.11301493644714355,2
2907,graficon74nodi/grafo7909.74,31,74,99,200,225,192.99999999999906,22,192.99999999999906,0.09087061882019043,2
2908,graficon67nodi/grafo8438.67,31,67,99,202,234,261.0,65,261.0,0.10069918632507324,2
2909,graficon83nodi/grafo5086.83,31,83,112,202,231,214.0,46,214.0,0.09969687461853027,2
2910,graficon79nodi/grafo4687.79,31,79,111,203,235,271.9999999999988,65,271.9999999999988,0.11550474166870117,2
2911,graficon81nodi/grafo4147.81,31,81,107,200,226,229.0,49,229.0,0.1012275218963623,2
2912,graficon71nodi/grafo1516.71,31,71,101,202,232,242.0,38,242.0,0.09711837768554688,2
2913,graficon74nodi/grafo5210.74,31,74,93,202,221,208.0,26,208.0,0.09242415428161621,2
2914,graficon64nodi/grafo9673.64,31,64,89,203,228,208.0,28,208.0,0.0904395580291748,2
2915,graficon83nodi/grafo8106.83,31,83,112,200,229,268.99999999999955,53,269.00000000000017,0.09923410415649414,2
2916,graficon88nodi/grafo8207.88,31,88,111,200,223,256.0,34,256.0,0.12343859672546387,2
2917,graficon77nodi/grafo7847.77,31,77,117,204,244,412.00000000000006,96,412.00000000000045,0.11531639099121094,2
2918,graficon85nodi/grafo8098.85,31,85,111,204,230,275.0,50,275.0,0.1028296947479248,2
2919,graficon78nodi/grafo4131.78,31,78,108,204,234,267.0,45,267.0,0.10083365440368652,2
2920,graficon81nodi/grafo7945.81,31,81,120,202,241,509.0,151,509.0,0.16439080238342285,2
2921,graficon79nodi/grafo7876.79,31,79,109,200,230,227.9999999999995,31,227.99999999999966,0.08752202987670898,2
2922,graficon93nodi/grafo8713.93,31,93,114,200,221,138.0,16,138.0,0.06386494636535645,2
2923,graficon84nodi/grafo9777.84,31,84,105,201,222,237.0,30,237.0,0.08910322189331055,2
2924,graficon98nodi/grafo10678.98,31,98,125,202,229,255.0,44,255.0,0.12473249435424805,2
2925,graficon80nodi/grafo5029.80,31,80,108,204,232,195.0,43,195.0,0.09477567672729492,2
2926,graficon84nodi/grafo7930.84,31,84,115,209,240,315.0,62,315.0,0.12400484085083008,2
2927,graficon75nodi/grafo5060.75,31,75,99,206,230,178.0,26,178.0,0.08967232704162598,2
2928,graficon97nodi/grafo10989.97,31,97,126,207,236,364.999999999999,48,364.999999999999,0.14196991920471191,2
2929,graficon76nodi/grafo5119.76,31,76,115,208,247,392.0,90,392.0,0.13418197631835938,2
2930,graficon90nodi/grafo8912.90,31,90,117,209,236,362.9999999999995,54,362.9999999999997,0.1269521713256836,2
2931,graficon68nodi/grafo4814.68,31,68,90,209,231,158.0,28,158.0,0.07480788230895996,2
2932,graficon91nodi/grafo11521.91,31,91,111,209,229,174.0,25,174.0,0.11281681060791016,2
2933,graficon95nodi/grafo10236.95,31,95,119,206,230,246.0,31,246.0,0.12372279167175293,2
2934,graficon73nodi/grafo4326.73,31,73,97,209,233,141.0,26,141.0,0.0738525390625,2
2935,graficon68nodi/grafo9651.68,31,68,90,209,231,157.0,19,157.0,0.08464193344116211,2
2936,graficon62nodi/grafo8117.62,31,62,94,209,241,238.0,36,238.0,0.15552186965942383,2
2937,graficon77nodi/grafo5180.77,31,77,102,206,231,292.0,46,292.0,0.18735241889953613,2
2938,graficon96nodi/grafo11054.96,31,96,127,209,240,248.0,51,248.0,0.0979914665222168,2
2939,graficon81nodi/grafo6971.81,31,81,108,208,235,245.0,55,245.0,0.12706661224365234,2
2940,graficon95nodi/grafo10247.95,31,95,126,208,239,253.0,37,253.0,0.12318730354309082,2
2941,graficon79nodi/grafo4297.79,31,79,117,205,243,338.999999999999,77,338.9999999999991,0.15013813972473145,2
2942,graficon81nodi/grafo9198.81,31,81,131,206,256,538.9999999999989,116,538.9999999999989,0.15686964988708496,2
2943,graficon80nodi/grafo9401.80,31,80,102,205,227,174.0,19,174.0,0.0756080150604248,2
2944,graficon91nodi/grafo8824.91,31,91,120,209,238,237.0,60,237.0,0.10446286201477051,2
2945,graficon69nodi/grafo5111.69,31,69,102,207,240,259.0,60,259.0,0.1236879825592041,2
2946,graficon99nodi/grafo10172.99,31,99,132,206,239,388.9999999999975,84,388.9999999999975,0.12481307983398438,2
2947,graficon75nodi/grafo8406.75,31,75,108,207,240,274.0,55,274.0,0.08305048942565918,2
2948,graficon69nodi/grafo5054.69,31,69,102,206,239,281.999999999999,31,282.0000000000005,0.0865631103515625,2
2949,graficon71nodi/grafo7889.71,31,71,102,206,237,321.0,56,321.0,0.09550642967224121,2
2950,graficon98nodi/grafo10885.98,31,98,124,205,231,264.0,52,264.0,0.0928199291229248,2
2951,graficon83nodi/grafo6533.83,31,83,115,207,239,360.0,71,360.0000000000004,0.15561842918395996,2
2952,graficon100nodi/grafo11191.100,31,100,129,207,236,294.0,36,294.0,0.12660932540893555,2
2953,graficon100nodi/grafo10106.100,31,100,119,207,226,197.0000000000001,21,197.0000000000005,0.0859677791595459,2
2954,graficon84nodi/grafo9662.84,31,84,119,206,241,401.0,80,401.0,0.12403202056884766,2
2955,graficon98nodi/grafo10699.98,31,98,123,209,234,307.0000000000005,46,307.000000000002,0.09885907173156738,2
2956,graficon76nodi/grafo8200.76,31,76,102,208,234,233.0,36,233.0,0.08029747009277344,2
2957,graficon93nodi/grafo8380.93,31,93,126,208,241,359.99999999999784,67,359.99999999999784,0.1162712574005127,2
2958,graficon90nodi/grafo9621.90,31,90,112,209,231,202.0,21,202.0,0.07149147987365723,2
2959,graficon61nodi/grafo4612.61,31,61,94,206,239,239.0,37,239.0,0.13710784912109375,2
2960,graficon77nodi/grafo4471.77,31,77,107,205,235,221.0,35,221.0,0.09250283241271973,2
2961,graficon86nodi/grafo8541.86,31,86,129,209,252,482.99999999999744,138,482.9999999999974,0.12393379211425781,2
2962,graficon83nodi/grafo6532.83,31,83,115,207,239,360.0,71,360.0000000000004,0.11526608467102051,2
2963,graficon78nodi/grafo7899.78,31,78,100,207,229,161.0,21,161.0,0.13599324226379395,2
2964,graficon88nodi/grafo8844.88,31,88,114,209,235,227.0,52,227.0,0.09135055541992188,2
2965,graficon79nodi/grafo4657.79,31,79,113,209,243,337.0,71,337.0,0.11529684066772461,2
2966,graficon83nodi/grafo9500.83,31,83,117,206,240,337.9999999999997,74,338.0000000000003,0.16565847396850586,2
2967,graficon99nodi/grafo11306.99,31,99,124,207,232,321.0000000000004,44,321.0000000000012,0.10170912742614746,2
2968,graficon74nodi/grafo8630.74,31,74,101,208,235,336.0,50,336.0,0.15378069877624512,2
2969,graficon77nodi/grafo9129.77,31,77,97,205,225,150.0,21,150.0,0.07112503051757812,2
2970,graficon81nodi/grafo8420.81,31,81,105,208,232,211.0,46,211.0,0.08468365669250488,2
2971,graficon92nodi/grafo10741.92,31,92,132,206,246,405.00000000000574,106,405.00000000001154,0.12565326690673828,2
2972,graficon83nodi/grafo8532.83,31,83,110,207,234,293.9999999999987,60,293.99999999999864,0.14389586448669434,2
2973,graficon96nodi/grafo10759.96,31,96,122,206,232,302.0,40,302.0,0.0939643383026123,2
2974,graficon91nodi/grafo11257.91,31,91,129,205,243,434.99999999999807,107,434.99999999999807,0.12694859504699707,2
2975,graficon92nodi/grafo10283.92,31,92,131,205,244,453.0,139,453.0,0.15461158752441406,2
2976,graficon90nodi/grafo8756.90,31,90,117,205,232,155.0,29,155.0,0.06752133369445801,2
2977,graficon72nodi/grafo8240.72,31,72,96,205,229,200.0,26,200.0,0.07731318473815918,2
2978,graficon72nodi/grafo4236.72,31,72,103,207,238,244.0,47,244.0,0.1443774700164795,2
2979,graficon80nodi/grafo9541.80,31,80,105,206,231,255.0,33,255.0,0.10190176963806152,2
2980,graficon80nodi/grafo6319.80,31,80,109,205,234,242.0,35,242.0,0.10068535804748535,2
2981,graficon80nodi/grafo5370.80,31,80,111,208,239,278.0,61,278.0,0.10123467445373535,2
2982,graficon77nodi/grafo4529.77,31,77,107,205,235,260.0,35,260.0,0.08923554420471191,2
2983,graficon89nodi/grafo8785.89,31,89,116,205,232,227.0,52,227.0,0.10125231742858887,2
2984,graficon74nodi/grafo8414.74,31,74,101,206,233,235.0,31,235.0,0.0912015438079834,2
2985,graficon93nodi/grafo10143.93,31,93,118,209,234,178.0,31,178.0,0.0807795524597168,2
2986,graficon86nodi/grafo8248.86,31,86,119,206,239,305.9999999999991,62,305.9999999999991,0.15796637535095215,2
2987,graficon62nodi/grafo4553.62,31,62,88,207,233,184.0,33,184.0,0.08498477935791016,2
2988,graficon92nodi/grafo8820.92,31,92,121,209,238,302.0,52,302.0,0.10230779647827148,2
2989,graficon75nodi/grafo5938.75,31,75,116,205,246,450.0,123,450.0,0.141768217086792,2
2990,graficon71nodi/grafo7913.71,31,71,94,208,231,227.0,30,227.0,0.09529328346252441,2
2991,graficon73nodi/grafo8403.73,31,73,94,207,228,132.0,18,132.0,0.07767820358276367,2
2992,graficon89nodi/grafo8003.89,31,89,115,205,231,278.0,57,278.0,0.11366677284240723,2
2993,graficon99nodi/grafo11179.99,31,99,123,208,232,253.0,37,253.0,0.10051655769348145,2
2994,graficon77nodi/grafo9750.77,31,77,103,206,232,212.0,32,212.0,0.08723926544189453,2
2995,graficon86nodi/grafo8311.86,31,86,116,206,236,392.0,95,392.0,0.11400508880615234,2
2996,graficon96nodi/grafo10723.96,31,96,112,205,221,164.0,18,164.0,0.1348721981048584,2
2997,graficon76nodi/grafo9848.76,31,76,107,206,237,308.0,53,308.0,0.09111714363098145,2
2998,graficon88nodi/grafo7778.88,31,88,110,209,231,253.9999999999999,30,254.00000000000003,0.1009676456451416,2
2999,graficon77nodi/grafo7871.77,31,77,112,207,242,250.0,68,250.0,0.11505722999572754,2
3000,graficon88nodi/grafo8885.88,31,88,116,209,237,248.0,46,248.0,0.15568780899047852,2
3001,graficon94nodi/grafo11258.94,31,94,119,214,239,191.0,29,191.0,0.06815195083618164,2
3002,graficon79nodi/grafo9468.79,31,79,109,214,244,331.9999999999985,50,331.9999999999985,0.12516474723815918,2
3003,graficon95nodi/grafo10295.95,31,95,131,211,247,365.9999999999993,115,366.0000000000007,0.12575793266296387,2
3004,graficon96nodi/grafo10817.96,31,96,126,210,240,358.0,86,358.0,0.13408684730529785,2
3005,graficon78nodi/grafo5217.78,31,78,100,214,236,304.0,44,304.0,0.1270596981048584,2
3006,graficon96nodi/grafo10654.96,31,96,129,211,244,343.0,62,343.0,0.12369918823242188,2
3007,graficon74nodi/grafo8173.74,31,74,110,214,250,406.0000000000001,96,406.0000000000002,0.12733840942382812,2
3008,graficon97nodi/grafo8718.97,31,97,122,214,239,242.0,43,242.0,0.12715387344360352,2
3009,graficon79nodi/grafo9553.79,31,79,123,210,254,573.0,246,573.0,0.16327357292175293,2
3010,graficon77nodi/grafo5735.77,31,77,100,210,233,272.9999999999996,55,273.0,0.0870213508605957,2
3011,graficon63nodi/grafo9609.63,31,63,92,212,241,236.0,43,236.0,0.10042977333068848,2
3012,graficon94nodi/grafo11033.94,31,94,121,213,240,230.0,48,230.0,0.1334826946258545,2
3013,graficon95nodi/grafo10920.95,31,95,122,213,240,265.0,42,265.0000000000003,0.1028439998626709,2
3014,graficon89nodi/grafo8354.89,31,89,116,210,237,362.0,54,362.0,0.13397884368896484,2
3015,graficon97nodi/grafo10263.97,31,97,123,214,240,247.0,40,247.0,0.1279292106628418,2
3016,graficon93nodi/grafo11299.93,31,93,132,213,252,412.99999999999545,112,412.99999999999545,0.14416003227233887,2
3017,graficon74nodi/grafo9554.74,31,74,91,214,231,194.99999999999994,28,195.0000000000002,0.0941007137298584,2
3018,graficon90nodi/grafo8952.90,31,90,128,211,249,467.99999999999613,117,467.99999999999613,0.13581204414367676,2
3019,graficon87nodi/grafo8539.87,31,87,127,210,250,442.9999999999993,110,442.9999999999998,0.13521194458007812,2
3020,graficon97nodi/grafo10433.97,31,97,128,212,243,471.0,91,471.0,0.14372825622558594,2
3021,graficon57nodi/grafo7763.57,31,57,83,210,236,156.0,36,156.0,0.08139848709106445,2
3022,graficon92nodi/grafo10879.92,31,92,124,210,242,333.99999999999835,84,333.99999999999864,0.1266615390777588,2
3023,graficon79nodi/grafo9267.79,31,79,107,212,240,271.99999999999943,48,271.99999999999943,0.09319806098937988,2
3024,graficon78nodi/grafo4868.78,31,78,114,211,247,316.0,57,316.0,0.1156606674194336,2
3025,graficon98nodi/grafo10180.98,31,98,132,211,245,396.0,77,396.0,0.1261584758758545,2
3026,graficon100nodi/grafo11149.100,31,100,136,210,246,421.0,111,421.0,0.14338326454162598,2
3027,graficon95nodi/grafo10345.95,31,95,130,211,246,434.9999999999994,88,435.00000000000273,0.14617204666137695,2
3028,graficon74nodi/grafo4858.74,31,74,105,210,241,281.0,58,281.0,0.12588262557983398,2
3029,graficon94nodi/grafo10392.94,31,94,132,213,251,432.0,94,432.0,0.14330267906188965,2
3030,graficon98nodi/grafo10448.98,31,98,124,212,238,250.0,38,250.0,0.08401060104370117,2
3031,graficon98nodi/grafo10117.98,31,98,125,211,238,298.0,63,298.0,0.1338965892791748,2
3032,graficon57nodi/grafo7764.57,31,57,83,210,236,156.0,36,156.0,0.07948088645935059,2
3033,graficon45nodi/grafo6867.45,31,45,73,214,242,255.0,36,255.0,0.09787940979003906,2
3034,graficon95nodi/grafo10649.95,31,95,125,214,244,479.0,127,479.0,0.15438437461853027,2
3035,graficon90nodi/grafo8946.90,31,90,125,211,246,337.99999999999994,81,337.99999999999994,0.1237492561340332,2
3036,graficon71nodi/grafo9534.71,31,71,98,211,238,295.0,58,295.00000000000045,0.11337113380432129,2
3037,graficon98nodi/grafo10411.98,31,98,130,211,243,273.0,51,273.0,0.11463332176208496,2
3038,graficon75nodi/grafo8343.75,31,75,106,213,244,284.9999999999986,51,284.9999999999986,0.15451455116271973,2
3039,graficon93nodi/grafo11005.93,31,93,121,210,238,273.9999999999994,54,273.99999999999966,0.11688804626464844,2
3040,graficon79nodi/grafo4978.79,31,79,100,213,234,170.0,20,170.0,0.07946658134460449,2
3041,graficon94nodi/grafo10587.94,31,94,119,214,239,255.0,38,255.0,0.09888243675231934,2
3042,graficon96nodi/grafo10314.96,31,96,124,212,240,381.0,58,381.0,0.15387320518493652,2
3043,graficon81nodi/grafo8128.81,31,81,123,213,255,448.9999999999999,77,448.9999999999999,0.14418959617614746,2
3044,graficon88nodi/grafo3103.88,31,88,105,214,231,142.0,18,142.0,0.09110069274902344,2
3045,graficon76nodi/grafo7943.76,31,76,98,210,232,234.0,27,234.0,0.09438443183898926,2
3046,graficon63nodi/grafo7872.63,31,63,90,210,237,267.0,40,267.0,0.12484383583068848,2
3047,graficon83nodi/grafo4169.83,31,83,113,214,244,269.0,55,269.0,0.10215234756469727,2
3048,graficon88nodi/grafo9527.88,31,88,118,212,242,333.9999999999985,65,333.9999999999985,0.12446808815002441,2
3049,graficon91nodi/grafo9949.91,31,91,119,214,242,324.0000000000008,65,324.0000000000016,0.12668490409851074,2
3050,graficon85nodi/grafo9111.85,31,85,118,211,244,355.0,69,355.0,0.1258249282836914,2
3051,graficon79nodi/grafo9521.79,31,79,104,214,239,301.9999999999999,49,301.9999999999999,0.18407678604125977,2
3052,graficon75nodi/grafo9414.75,31,75,114,212,251,410.0,88,410.0,0.13350653648376465,2
3053,graficon84nodi/grafo8640.84,31,84,118,211,245,386.0,88,386.0,0.15630030632019043,2
3054,graficon65nodi/grafo9426.65,31,65,106,212,253,388.0,81,388.0,0.1340932846069336,2
3055,graficon96nodi/grafo11066.96,31,96,127,211,242,279.0,59,279.0,0.12274050712585449,2
3056,graficon87nodi/grafo8593.87,31,87,120,213,246,284.0,59,284.0,0.09526681900024414,2
3057,graficon89nodi/grafo8353.89,31,89,116,210,237,362.0,54,362.0,0.13358592987060547,2
3058,graficon94nodi/grafo10299.94,31,94,132,211,249,421.0,89,421.0,0.13405704498291016,2
3059,graficon96nodi/grafo10258.96,31,96,131,214,249,395.0,83,395.0,0.19405078887939453,2
3060,graficon74nodi/grafo4397.74,31,74,104,214,244,244.0,30,244.0,0.09938430786132812,2
3061,graficon75nodi/grafo6016.75,31,75,101,212,238,269.99999999999926,39,269.99999999999966,0.10027217864990234,2
3062,graficon78nodi/grafo5489.78,31,78,95,212,229,204.0,22,204.0,0.13589096069335938,2
3063,graficon81nodi/grafo9318.81,31,81,108,212,239,278.0,30,278.0,0.10124993324279785,2
3064,graficon79nodi/grafo9457.79,31,79,110,210,241,255.0,55,255.0,0.1160130500793457,2
3065,graficon79nodi/grafo9476.79,31,79,109,211,241,274.99999999999966,49,275.0,0.1147310733795166,2
3066,graficon57nodi/grafo4115.57,31,57,80,211,234,158.0,22,158.0,0.08711671829223633,2
3067,graficon96nodi/grafo11413.96,31,96,122,213,239,214.99999999999943,38,214.99999999999943,0.09884262084960938,2
3068,graficon96nodi/grafo10439.96,31,96,130,213,247,254.0,51,254.0,0.12566304206848145,2
3069,graficon83nodi/grafo4833.83,31,83,120,212,249,336.9999999999986,86,336.99999999999864,0.11544108390808105,2
3070,graficon88nodi/grafo8193.88,31,88,106,210,228,155.0,22,155.0,0.0798635482788086,2
3071,graficon89nodi/grafo8926.89,31,89,122,211,244,399.0,60,399.0,0.14780664443969727,2
3072,graficon86nodi/grafo8492.86,31,86,117,213,244,219.0,46,219.0,0.08899259567260742,2
3073,graficon91nodi/grafo11174.91,31,91,117,212,238,266.0,48,266.0,0.11376094818115234,2
3074,graficon78nodi/grafo9710.78,31,78,111,210,243,235.0,53,235.0,0.09569501876831055,2
3075,graficon96nodi/grafo8775.96,31,96,122,213,239,244.0,22,244.0,0.0876619815826416,2
3076,graficon99nodi/grafo10178.99,31,99,128,217,246,338.0,52,338.0,0.13402056694030762,2
3077,graficon88nodi/grafo8836.88,31,88,121,216,249,340.0,85,340.0,0.12516188621520996,2
3078,graficon77nodi/grafo8020.77,31,77,107,217,247,290.00000000000165,61,290.00000000000597,0.12311506271362305,2
3079,graficon95nodi/grafo10174.95,31,95,131,215,251,372.0,56,372.0,0.13327574729919434,2
3080,graficon97nodi/grafo10356.97,31,97,127,216,246,266.0,59,266.0,0.12957286834716797,2
3081,graficon97nodi/grafo10110.97,31,97,117,215,235,161.0,23,161.0,0.08691787719726562,2
3082,graficon92nodi/grafo11273.92,31,92,120,219,247,302.9999999999985,43,302.9999999999986,0.11527562141418457,2
3083,graficon83nodi/grafo9434.83,31,83,117,215,249,313.0,88,313.0,0.12757468223571777,2
3084,graficon96nodi/grafo8582.96,31,96,126,216,246,262.9999999999993,49,263.0000000000007,0.11554765701293945,2
3085,graficon85nodi/grafo8362.85,31,85,109,217,241,237.0,32,237.0,0.0947263240814209,2
3086,graficon95nodi/grafo10096.95,31,95,130,218,253,340.0,44,340.0,0.16877079010009766,2
3087,graficon82nodi/grafo332.82,31,82,106,215,239,213.0,35,213.0,0.08786725997924805,2
3088,graficon80nodi/grafo6868.80,31,80,111,218,249,316.0,80,316.0,0.11948776245117188,2
3089,graficon88nodi/grafo7910.88,31,88,125,219,256,340.00000000000256,76,340.0000000000051,0.12443304061889648,2
3090,graficon72nodi/grafo8449.72,31,72,97,217,242,283.00000000000284,45,283.00000000000847,0.13313531875610352,2
3091,graficon98nodi/grafo11059.98,31,98,129,219,250,283.00000000000284,68,283.0000000000086,0.16298246383666992,2
3092,graficon98nodi/grafo10790.98,31,98,125,216,243,275.0,46,275.0,0.16223931312561035,2
3093,graficon76nodi/grafo7027.76,31,76,100,219,243,190.0,25,190.0,0.09368276596069336,2
3094,graficon82nodi/grafo8313.82,31,82,108,218,244,311.99999999999983,37,311.9999999999999,0.10001611709594727,2
3095,graficon76nodi/grafo9044.76,31,76,95,219,238,155.0,26,155.0,0.08393621444702148,2
3096,graficon100nodi/grafo10778.100,31,100,128,215,243,306.9999999999998,59,307.00000000000034,0.13488078117370605,2
3097,graficon76nodi/grafo4650.76,31,76,110,216,250,334.0,47,334.0,0.13500761985778809,2
3098,graficon70nodi/grafo9062.70,31,70,92,217,239,197.0,30,197.0,0.0858767032623291,2
3099,graficon76nodi/grafo8163.76,31,76,106,217,247,288.0,46,288.0,0.12503910064697266,2
3100,graficon74nodi/grafo7897.74,31,74,94,215,235,144.0,16,144.0,0.08382463455200195,2
3101,graficon76nodi/grafo4617.76,31,76,107,215,246,245.0,58,245.0,0.15427160263061523,2
3102,graficon92nodi/grafo11420.92,31,92,131,216,255,489.0,89,489.0,0.14365053176879883,2
3103,graficon96nodi/grafo10990.96,31,96,132,217,253,396.99999999999756,99,396.9999999999986,0.1538221836090088,2
3104,graficon89nodi/grafo8964.89,31,89,109,215,235,171.0,26,171.0,0.07998442649841309,2
3105,graficon89nodi/grafo9289.89,31,89,126,218,255,422.0,107,422.0,0.14493274688720703,2
3106,graficon68nodi/grafo4479.68,31,68,90,217,239,204.0,24,204.0,0.09670186042785645,2
3107,graficon100nodi/grafo11203.100,31,100,131,218,249,306.0,52,306.0,0.1160895824432373,2
3108,graficon95nodi/grafo10691.95,31,95,123,215,243,263.0,41,263.0,0.11574888229370117,2
3109,graficon85nodi/grafo8452.85,31,85,118,215,248,354.0,66,354.0,0.11347603797912598,2
3110,graficon74nodi/grafo4204.74,31,74,99,217,242,184.0,20,184.0,0.08817434310913086,2
3111,graficon94nodi/grafo11225.94,31,94,122,219,247,262.0,47,262.0,0.10296177864074707,2
3112,graficon69nodi/grafo8404.69,31,69,100,215,246,283.9999999999995,37,283.9999999999995,0.11485052108764648,2
3113,graficon55nodi/grafo3119.55,31,55,82,216,243,222.0,34,222.0,0.16701936721801758,2
3114,graficon92nodi/grafo11405.92,31,92,127,218,253,313.9999999999983,61,313.9999999999983,0.12243437767028809,2
3115,graficon84nodi/grafo9406.84,31,84,120,217,253,301.0,72,301.0,0.09817767143249512,2
3116,graficon94nodi/grafo8784.94,31,94,130,215,251,405.0,107,405.0,0.17017292976379395,2
3117,graficon76nodi/grafo8301.76,31,76,115,215,254,468.99999999999613,104,468.99999999999613,0.13501310348510742,2
3118,graficon73nodi/grafo9713.73,31,73,101,217,245,253.99999999999915,53,253.99999999999915,0.10346841812133789,2
3119,graficon94nodi/grafo8581.94,31,94,121,215,242,218.0,32,218.0,0.07991266250610352,2
3120,graficon100nodi/grafo10665.100,31,100,127,216,243,402.00000000000233,52,402.000000000007,0.1755363941192627,2
3121,graficon62nodi/grafo9380.62,31,62,96,218,252,358.0,55,358.0,0.12356424331665039,2
3122,graficon82nodi/grafo5398.82,31,82,111,219,248,364.9999999999999,72,364.99999999999994,0.14235615730285645,2
3123,graficon66nodi/grafo4414.66,31,66,91,217,242,191.0,38,191.0,0.08757257461547852,2
3124,graficon86nodi/grafo9595.86,31,86,120,215,249,359.0,48,359.0,0.12472677230834961,2
3125,graficon72nodi/grafo8253.72,31,72,106,216,250,256.0,48,256.0,0.09437894821166992,2
3126,graficon96nodi/grafo10909.96,31,96,124,219,247,190.0,33,190.0,0.08155965805053711,2
3127,graficon85nodi/grafo4946.85,31,85,120,217,252,310.0,57,310.0,0.12601375579833984,2
3128,graficon98nodi/grafo10593.98,31,98,130,218,250,375.9999999999984,94,376.0000000000003,0.17282867431640625,2
3129,graficon72nodi/grafo5261.72,31,72,95,218,241,312.0,48,312.0,0.13148283958435059,2
3130,graficon78nodi/grafo8309.78,31,78,104,217,243,225.0,46,225.0,0.09339356422424316,2
3131,graficon98nodi/grafo10895.98,31,98,130,216,248,310.0,45,310.0,0.12634015083312988,2
3132,graficon86nodi/grafo9829.86,31,86,109,216,239,278.9999999999998,42,278.9999999999998,0.093536376953125,2
3133,graficon91nodi/grafo9915.91,31,91,119,216,244,199.0,21,199.0,0.07316470146179199,2
3134,graficon100nodi/grafo11196.100,31,100,121,216,237,172.0,21,172.0,0.07464122772216797,2
3135,graficon99nodi/grafo10498.99,31,99,129,219,249,402.0,76,402.0,0.13682031631469727,2
3136,graficon96nodi/grafo8220.96,31,96,119,219,242,200.0,29,200.0,0.08099699020385742,2
3137,graficon99nodi/grafo3435.99,31,99,135,217,253,470.0,110,470.0,0.16263532638549805,2
3138,graficon87nodi/grafo8829.87,31,87,120,215,248,398.99999999999994,97,398.99999999999994,0.12538504600524902,2
3139,graficon100nodi/grafo10550.100,31,100,124,218,242,211.0,37,211.0,0.09129643440246582,2
3140,graficon97nodi/grafo10996.97,31,97,131,217,251,318.99999999999994,64,319.0,0.12445378303527832,2
3141,graficon100nodi/grafo11078.100,31,100,130,218,248,219.99999999999895,42,220.00000000000244,0.10183501243591309,2
3142,graficon83nodi/grafo916.83,31,83,110,219,246,263.0,41,263.0,0.11547112464904785,2
3143,graficon83nodi/grafo8114.83,31,83,114,218,249,306.0,43,306.0,0.11368083953857422,2
3144,graficon92nodi/grafo11314.92,31,92,127,219,254,462.0,96,462.0,0.15508341789245605,2
3145,graficon89nodi/grafo8724.89,31,89,116,217,244,293.0,47,293.0,0.15571331977844238,2
3146,graficon85nodi/grafo4649.85,31,85,112,215,242,287.9999999999993,48,288.0000000000007,0.11557531356811523,2
3147,graficon100nodi/grafo10609.100,31,100,132,218,250,411.0,64,411.0,0.1514120101928711,2
3148,graficon97nodi/grafo10090.97,31,97,118,217,238,168.0,32,168.0,0.0877385139465332,2
3149,graficon94nodi/grafo10863.94,31,94,126,215,247,338.0,68,338.0,0.13651132583618164,2
3150,graficon81nodi/grafo8472.81,31,81,109,219,247,263.0,52,263.0,0.09358596801757812,2
3151,graficon88nodi/grafo8781.88,31,88,122,223,257,382.0,72,382.0,0.13329553604125977,2
3152,graficon80nodi/grafo9116.80,31,80,117,223,260,390.9999999999983,77,390.9999999999983,0.12815213203430176,2
3153,graficon77nodi/grafo9695.77,31,77,102,222,247,217.00000000000102,30,217.00000000000261,0.09984326362609863,2
3154,graficon78nodi/grafo4129.78,31,78,108,220,250,248.99999999999966,46,248.99999999999966,0.07862305641174316,2
3155,graficon91nodi/grafo9945.91,31,91,123,223,255,303.0,74,303.0,0.12506103515625,2
3156,graficon97nodi/grafo10050.97,31,97,133,224,260,358.9999999999991,81,359.0,0.12668466567993164,2
3157,graficon91nodi/grafo8753.91,31,91,125,222,256,400.0,93,400.0,0.13657712936401367,2
3158,graficon96nodi/grafo10393.96,31,96,139,221,264,448.0,121,448.0,0.17299675941467285,2
3159,graficon96nodi/grafo8843.96,31,96,121,224,249,275.0,44,275.0,0.16234707832336426,2
3160,graficon76nodi/grafo5090.76,31,76,112,221,257,353.0,80,353.0,0.1248166561126709,2
3161,graficon87nodi/grafo9607.87,31,87,116,222,251,264.0,47,264.0,0.15475106239318848,2
3162,graficon84nodi/grafo8534.84,31,84,119,224,259,378.9999999999984,56,378.9999999999984,0.12491488456726074,2
3163,graficon69nodi/grafo7273.69,31,69,93,220,244,192.0,30,192.0,0.0880894660949707,2
3164,graficon91nodi/grafo9911.91,31,91,119,222,250,317.0,66,317.0,0.12428140640258789,2
3165,graficon92nodi/grafo8257.92,31,92,122,220,250,319.99999999999875,53,319.99999999999875,0.12410902976989746,2
3166,graficon84nodi/grafo9524.84,31,84,116,223,255,374.0,75,374.0,0.11574769020080566,2
3167,graficon81nodi/grafo5532.81,31,81,98,224,241,190.99999999999966,27,190.99999999999966,0.09063482284545898,2
3168,graficon77nodi/grafo9213.77,31,77,115,224,262,331.0,67,331.0,0.12541484832763672,2
3169,graficon90nodi/grafo8957.90,31,90,133,222,265,549.0,178,549.0,0.155012845993042,2
3170,graficon94nodi/grafo10612.94,31,94,120,220,246,143.0,28,143.0,0.06947588920593262,2
3171,graficon98nodi/grafo10443.98,31,98,125,220,247,172.0,35,172.0,0.07970786094665527,2
3172,graficon81nodi/grafo8135.81,31,81,119,222,260,427.99999999999864,131,427.99999999999864,0.13321423530578613,2
3173,graficon94nodi/grafo10214.94,31,94,125,221,252,380.0,65,380.0,0.13217568397521973,2
3174,graficon95nodi/grafo11602.95,31,95,131,222,258,369.0,73,369.0,0.19537973403930664,2
3175,graficon95nodi/grafo10787.95,31,95,121,223,249,229.0,38,229.0,0.0891571044921875,2
3176,graficon94nodi/grafo10332.94,31,94,128,224,258,427.0,90,427.0,0.15670537948608398,2
3177,graficon78nodi/grafo5076.78,31,78,105,223,250,236.0,38,236.0,0.0868070125579834,2
3178,graficon95nodi/grafo10359.95,31,95,139,222,266,609.0,271,609.0,0.18620610237121582,2
3179,graficon95nodi/grafo10570.95,31,95,120,221,246,242.0,31,242.0000000000001,0.08263301849365234,2
3180,graficon99nodi/grafo10289.99,31,99,125,222,248,276.0,42,276.0,0.12940311431884766,2
3181,graficon83nodi/grafo9626.83,31,83,115,222,254,303.0,50,303.0,0.10262441635131836,2
3182,graficon93nodi/grafo10163.93,31,93,121,224,252,262.0,45,262.0,0.09897947311401367,2
3183,graficon85nodi/grafo9784.85,31,85,120,223,258,360.0,91,360.0,0.15421438217163086,2
3184,graficon86nodi/grafo8176.86,31,86,112,223,249,221.0000000000006,37,221.00000000000244,0.08159470558166504,2
3185,graficon87nodi/grafo9606.87,31,87,116,222,251,264.0,47,264.0,0.0995476245880127,2
3186,graficon72nodi/grafo7924.72,31,72,96,221,245,287.0,34,287.0,0.1336672306060791,2
3187,graficon72nodi/grafo6751.72,31,72,92,223,243,168.0,20,168.0,0.07202386856079102,2
3188,graficon79nodi/grafo8130.79,31,79,123,221,265,376.999999999999,82,376.999999999999,0.12749791145324707,2
3189,graficon94nodi/grafo8846.94,31,94,121,222,249,281.0,51,281.0,0.10144495964050293,2
3190,graficon100nodi/grafo8373.100,31,100,137,222,259,379.0,73,379.0,0.11529135704040527,2
3191,graficon98nodi/grafo10506.98,31,98,134,224,260,376.0,73,376.0,0.17231273651123047,2
3192,graficon66nodi/grafo7784.66,31,66,85,224,243,118.0,15,118.0,0.06828856468200684,2
3193,graficon82nodi/grafo8101.82,31,82,110,223,251,257.0,55,257.0,0.09908604621887207,2
3194,graficon87nodi/grafo8332.87,31,87,116,220,249,216.0,45,216.0,0.11459231376647949,2
3195,graficon99nodi/grafo10742.99,31,99,130,221,252,343.0,71,343.0,0.13552474975585938,2
3196,graficon97nodi/grafo10422.97,31,97,132,223,258,393.9999999999985,82,393.9999999999996,0.1350688934326172,2
3197,graficon77nodi/grafo4282.77,31,77,109,222,254,220.99999999999963,43,221.0,0.0804450511932373,2
3198,graficon95nodi/grafo10793.95,31,95,135,223,263,416.0,65,416.0,0.12247228622436523,2
3199,graficon98nodi/grafo9344.98,31,98,130,223,255,272.0000000000001,50,272.0000000000014,0.11810898780822754,2
3200,graficon74nodi/grafo4286.74,31,74,111,221,258,435.9999999999968,81,435.9999999999968,0.1251983642578125,2
3201,graficon99nodi/grafo11018.99,31,99,130,221,252,282.0,49,282.0,0.11551332473754883,2
3202,graficon92nodi/grafo11063.92,31,92,116,222,246,230.99999999999994,32,231.00000000000017,0.09668302536010742,2
3203,graficon70nodi/grafo1584.70,31,70,98,224,252,222.0,32,222.0,0.0862116813659668,2
3204,graficon72nodi/grafo5237.72,31,72,98,224,250,227.9999999999999,45,227.99999999999994,0.09725260734558105,2
3205,graficon78nodi/grafo9273.78,31,78,112,220,254,339.0,62,339.0,0.1633141040802002,2
3206,graficon89nodi/grafo6418.89,31,89,130,223,264,530.0,156,530.0,0.17492008209228516,2
3207,graficon97nodi/grafo11088.97,31,97,139,222,264,558.0,169,558.0,0.16408658027648926,2
3208,graficon95nodi/grafo10897.95,31,95,120,224,249,184.0,30,184.0,0.08787393569946289,2
3209,graficon70nodi/grafo4805.70,31,70,88,221,239,129.0,17,129.0,0.0713043212890625,2
3210,graficon86nodi/grafo9338.86,31,86,111,220,245,301.0,45,301.0,0.12565279006958008,2
3211,graficon74nodi/grafo5491.74,31,74,97,221,244,244.0,26,244.0,0.10152268409729004,2
3212,graficon64nodi/grafo4712.64,31,64,85,224,245,182.0,24,182.0,0.12589669227600098,2
3213,graficon89nodi/grafo8658.89,31,89,127,222,260,396.9999999999985,114,396.9999999999985,0.13408946990966797,2
3214,graficon84nodi/grafo9046.84,31,84,113,223,252,233.0,51,233.0,0.11473655700683594,2
3215,graficon77nodi/grafo9755.77,31,77,109,221,253,259.9999999999996,61,259.9999999999996,0.09448385238647461,2
3216,graficon82nodi/grafo9602.82,31,82,107,224,249,261.9999999999999,34,261.9999999999999,0.10264801979064941,2
3217,graficon88nodi/grafo9217.88,31,88,122,221,255,463.0,71,463.0,0.15259003639221191,2
3218,graficon70nodi/grafo8278.70,31,70,113,224,267,556.0,104,556.0,0.15332889556884766,2
3219,graficon64nodi/grafo4629.64,31,64,90,220,246,238.0,29,238.0,0.09312796592712402,2
3220,graficon100nodi/grafo10577.100,31,100,135,221,256,367.0,66,367.0,0.13295245170593262,2
3221,graficon74nodi/grafo8540.74,31,74,98,221,245,200.99999999999977,34,200.99999999999977,0.0862569808959961,2
3222,graficon94nodi/grafo8936.94,31,94,127,221,254,354.0,82,354.0,0.1443767547607422,2
3223,graficon78nodi/grafo4196.78,31,78,106,220,248,253.0,43,253.0,0.09690284729003906,2
3224,graficon77nodi/grafo4459.77,31,77,110,222,255,215.0,40,215.0,0.09805107116699219,2
3225,graficon97nodi/grafo11041.97,31,97,126,221,250,285.0,58,285.0,0.10183238983154297,2
3226,graficon77nodi/grafo8004.77,31,77,115,227,265,379.99999999999847,66,379.9999999999984,0.1248774528503418,2
3227,graficon96nodi/grafo8908.96,31,96,135,229,268,452.0,111,452.0,0.1541447639465332,2
3228,graficon93nodi/grafo11019.93,31,93,123,228,258,224.0,41,224.0,0.09476709365844727,2
3229,graficon95nodi/grafo10097.95,31,95,118,229,252,212.0,23,212.0,0.10196852684020996,2
3230,graficon98nodi/grafo8792.98,31,98,132,226,260,398.0,75,398.0,0.1434488296508789,2
3231,graficon68nodi/grafo9720.68,31,68,91,227,250,227.99999999999875,26,227.99999999999875,0.11534380912780762,2
3232,graficon71nodi/grafo5513.71,31,71,93,229,251,225.99999999999977,36,226.00000000000057,0.09758210182189941,2
3233,graficon95nodi/grafo11034.95,31,95,132,227,264,427.0000000000011,95,427.0000000000118,0.1420893669128418,2
3234,graficon77nodi/grafo6742.77,31,77,104,227,254,307.99999999999943,43,307.9999999999997,0.10092353820800781,2
3235,graficon61nodi/grafo8455.61,31,61,90,227,256,244.0,34,244.0,0.09797525405883789,2
3236,graficon74nodi/grafo7174.74,31,74,96,226,248,219.0,41,219.0,0.09914684295654297,2
3237,graficon94nodi/grafo11053.94,31,94,132,228,266,465.0,101,465.0,0.1558525562286377,2
3238,graficon100nodi/grafo10535.100,31,100,123,228,251,283.0,42,283.0,0.16589593887329102,2
3239,graficon91nodi/grafo9932.91,31,91,132,225,266,417.99999999999966,126,418.0,0.13640975952148438,2
3240,graficon94nodi/grafo8221.94,31,94,124,227,257,290.0,32,290.0,0.10067224502563477,2
3241,graficon97nodi/grafo11052.97,31,97,134,225,262,397.0,104,397.0,0.12766432762145996,2
3242,graficon53nodi/grafo7183.53,31,53,80,227,254,184.0,30,184.0,0.07854247093200684,2
3243,graficon75nodi/grafo9105.75,31,75,106,227,258,229.0,45,229.0,0.09333276748657227,2
3244,graficon89nodi/grafo9445.89,31,89,118,225,254,350.9999999999992,45,350.9999999999993,0.11422538757324219,2
3245,graficon96nodi/grafo8942.96,31,96,127,226,257,375.00000000000125,74,375.0000000000049,0.13473105430603027,2
3246,graficon86nodi/grafo9429.86,31,86,126,226,266,457.99999999999795,83,457.99999999999795,0.13417267799377441,2
3247,graficon93nodi/grafo8671.93,31,93,114,227,248,176.0,22,176.0,0.08205842971801758,2
3248,graficon94nodi/grafo10977.94,31,94,121,229,256,184.0,29,184.0,0.09562826156616211,2
3249,graficon74nodi/grafo8295.74,31,74,102,228,256,259.0,41,259.0,0.08907008171081543,2
3250,graficon92nodi/grafo7984.92,31,92,123,225,256,274.0,48,274.0,0.11431050300598145,2
3251,graficon98nodi/grafo10199.98,31,98,123,226,251,209.0,28,209.0,0.0905611515045166,2
3252,graficon62nodi/grafo5058.62,31,62,92,227,257,255.0,44,255.0,0.11569547653198242,2
3253,graficon95nodi/grafo11568.95,31,95,123,228,256,347.99999999999983,44,347.99999999999994,0.1477963924407959,2
3254,graficon97nodi/grafo10203.97,31,97,141,227,271,670.9999999999984,185,670.9999999999987,0.15607428550720215,2
3255,graficon79nodi/grafo9691.79,31,79,125,228,274,500.0,125,500.0,0.136399507522583,2
3256,graficon90nodi/grafo11351.90,31,90,125,229,264,320.99999999999994,63,321.0,0.10268402099609375,2
3257,graficon96nodi/grafo11446.96,31,96,130,229,263,271.0,52,271.0,0.09360003471374512,2
3258,graficon81nodi/grafo8157.81,31,81,113,227,259,313.0,58,313.0,0.0978846549987793,2
3259,graficon96nodi/grafo10743.96,31,96,118,227,249,193.0,30,193.0,0.0828256607055664,2
3260,graficon57nodi/grafo4403.57,31,57,79,229,251,198.99999999999972,24,199.00000000000006,0.09076690673828125,2
3261,graficon83nodi/grafo8346.83,31,83,106,226,249,250.0,36,250.0,0.09304499626159668,2
3262,graficon86nodi/grafo8730.86,31,86,119,229,262,420.99999999999875,52,420.9999999999993,0.126600980758667,2
3263,graficon90nodi/grafo7857.90,31,90,120,228,258,315.99999999999704,80,315.99999999999704,0.13402748107910156,2
3264,graficon98nodi/grafo10712.98,31,98,141,229,272,509.99999999999955,107,509.99999999999955,0.1438884735107422,2
3265,graficon80nodi/grafo9190.80,31,80,104,229,253,215.0,34,215.0,0.09586071968078613,2
3266,graficon94nodi/grafo10478.94,31,94,122,228,256,217.0,33,217.0,0.08638834953308105,2
3267,graficon98nodi/grafo11015.98,31,98,136,227,265,502.9999999999993,122,502.9999999999998,0.1995694637298584,2
3268,graficon99nodi/grafo10264.99,31,99,127,229,257,323.9999999999996,48,323.99999999999966,0.10213708877563477,2
3269,graficon76nodi/grafo8366.76,31,76,101,228,253,205.0,41,205.0,0.0894172191619873,2
3270,graficon100nodi/grafo10586.100,31,100,137,226,263,491.0,108,491.0,0.17530345916748047,2
3271,graficon92nodi/grafo8845.92,31,92,115,227,250,238.99999999999955,28,238.99999999999983,0.09110283851623535,2
3272,graficon93nodi/grafo11287.93,31,93,131,229,267,414.0,102,414.0,0.1364128589630127,2
3273,graficon82nodi/grafo9421.82,31,82,114,225,257,241.0,45,241.0,0.08771276473999023,2
3274,graficon96nodi/grafo8803.96,31,96,134,229,267,478.0,105,478.0,0.163893461227417,2
3275,graficon93nodi/grafo11347.93,31,93,115,225,247,212.0,29,212.0,0.09818625450134277,2
3276,graficon96nodi/grafo10628.96,31,96,124,229,257,332.9999999999986,56,332.9999999999986,0.11342597007751465,2
3277,graficon74nodi/grafo8498.74,31,74,102,229,257,256.99999999999886,48,256.99999999999886,0.09916377067565918,2
3278,graficon52nodi/grafo3993.52,31,52,82,225,255,198.0,43,198.0,0.09079670906066895,2
3279,graficon99nodi/grafo10244.99,31,99,141,225,267,976.0,534,976.0,0.17402362823486328,2
3280,graficon94nodi/grafo10929.94,31,94,130,228,264,375.0,78,375.0,0.1410503387451172,2
3281,graficon53nodi/grafo6136.53,31,53,79,227,253,193.0,43,193.0,0.0948019027709961,2
3282,graficon95nodi/grafo10473.95,31,95,124,229,258,279.9999999999986,66,279.99999999999926,0.09730219841003418,2
3283,graficon78nodi/grafo5279.78,31,78,114,229,265,415.9999999999999,106,415.99999999999994,0.13742852210998535,2
3284,graficon59nodi/grafo4315.59,31,59,80,229,250,165.0,26,165.0,0.08531832695007324,2
3285,graficon74nodi/grafo6099.74,31,74,93,227,246,197.0,28,197.0,0.09929084777832031,2
3286,graficon82nodi/grafo4381.82,31,82,120,228,266,561.0,150,561.0,0.16755175590515137,2
3287,graficon67nodi/grafo8328.67,31,67,98,226,257,280.0,47,280.0,0.12590718269348145,2
3288,graficon97nodi/grafo10329.97,31,97,135,226,264,514.0,124,514.0,0.15156865119934082,2
3289,graficon92nodi/grafo3909.92,31,92,124,228,260,273.0,48,273.0,0.1016387939453125,2
3290,graficon86nodi/grafo9709.86,31,86,121,227,262,405.0,91,405.0,0.14600896835327148,2
3291,graficon93nodi/grafo7781.93,31,93,119,227,253,323.0,43,323.0,0.13632655143737793,2
3292,graficon97nodi/grafo10959.97,31,97,131,228,262,373.9999999999999,80,374.0000000000033,0.14122915267944336,2
3293,graficon82nodi/grafo8102.82,31,82,117,228,263,279.9999999999998,56,280.0,0.12488484382629395,2
3294,graficon84nodi/grafo6813.84,31,84,120,225,261,369.99999999999994,77,369.99999999999994,0.183197021484375,2
3295,graficon91nodi/grafo9864.91,31,91,130,228,267,372.0,95,372.0,0.1348111629486084,2
3296,graficon96nodi/grafo10256.96,31,96,127,229,260,261.0,53,261.0,0.1456770896911621,2
3297,graficon92nodi/grafo11116.92,31,92,112,226,246,264.0,33,264.0,0.11448097229003906,2
3298,graficon95nodi/grafo10497.95,31,95,125,228,258,306.9999999999984,55,306.9999999999984,0.10252523422241211,2
3299,graficon99nodi/grafo10381.99,31,99,128,227,256,309.9999999999993,57,309.9999999999998,0.11588931083679199,2
3300,graficon93nodi/grafo10711.93,31,93,123,229,259,279.0,49,279.0,0.10035085678100586,2
3301,graficon84nodi/grafo8629.84,31,84,114,233,263,306.99999999999983,52,306.99999999999983,0.12514543533325195,2
3302,graficon91nodi/grafo11506.91,31,91,124,233,266,352.99999999999943,57,352.9999999999995,0.13124847412109375,2
3303,graficon93nodi/grafo10201.93,31,93,123,231,261,269.0,64,269.0,0.12607860565185547,2
3304,graficon96nodi/grafo8371.96,31,96,130,230,264,338.9999999999983,76,338.9999999999983,0.13461804389953613,2
3305,graficon92nodi/grafo8563.92,31,92,130,234,272,434.0,92,434.0,0.15770435333251953,2
3306,graficon97nodi/grafo6647.97,31,97,127,230,260,289.0,52,289.0,0.15337729454040527,2
3307,graficon97nodi/grafo10155.97,31,97,129,232,264,377.9999999999975,60,377.9999999999975,0.13496136665344238,2
3308,graficon86nodi/grafo8681.86,31,86,126,234,274,438.99999999999795,121,438.99999999999795,0.1452043056488037,2
3309,graficon100nodi/grafo10504.100,31,100,129,233,262,305.0,42,305.0,0.1462564468383789,2
3310,graficon83nodi/grafo8320.83,31,83,110,230,257,296.0,50,296.0,0.12367963790893555,2
3311,graficon76nodi/grafo6958.76,31,76,107,232,263,277.9999999999985,46,277.99999999999943,0.11324048042297363,2
3312,graficon90nodi/grafo8494.90,31,90,119,234,263,335.9999999999999,64,336.0000000000005,0.13481497764587402,2
3313,graficon73nodi/grafo9487.73,31,73,96,234,257,165.0,29,165.0,0.0862276554107666,2
3314,graficon95nodi/grafo10882.95,31,95,135,230,270,473.00000000000296,92,473.0000000000059,0.14695954322814941,2
3315,graficon93nodi/grafo9622.93,31,93,124,232,263,267.9999999999991,55,267.99999999999955,0.11574935913085938,2
3316,graficon91nodi/grafo8832.91,31,91,115,234,258,164.0,21,164.0,0.0669088363647461,2
3317,graficon91nodi/grafo9908.91,31,91,118,232,259,218.0,33,218.0,0.08327341079711914,2
3318,graficon84nodi/grafo9127.84,31,84,119,233,268,285.0,57,285.0,0.11349749565124512,2
3319,graficon80nodi/grafo9788.80,31,80,124,230,274,533.0,105,533.0,0.18842506408691406,2
3320,graficon90nodi/grafo8206.90,31,90,114,232,256,264.99999999999994,33,265.0,0.10104084014892578,2
3321,graficon96nodi/grafo10717.96,31,96,127,230,261,287.0,57,287.0,0.13451814651489258,2
3322,graficon81nodi/grafo9538.81,31,81,120,234,273,430.9999999999979,80,430.9999999999979,0.1541903018951416,2
3323,graficon81nodi/grafo8170.81,31,81,107,232,258,305.0,53,305.0,0.14465022087097168,2
3324,graficon74nodi/grafo5377.74,31,74,109,232,267,355.0,74,355.0,0.17129039764404297,2
3325,graficon75nodi/grafo9802.75,31,75,114,232,271,480.99999999999795,101,480.9999999999983,0.15725946426391602,2
3326,graficon90nodi/grafo8959.90,31,90,121,231,262,281.0,62,281.0,0.1266937255859375,2
3327,graficon97nodi/grafo10818.97,31,97,128,233,264,290.0,39,290.0,0.11581730842590332,2
3328,graficon62nodi/grafo5481.62,31,62,101,233,272,426.0,82,426.0,0.15326666831970215,2
3329,graficon86nodi/grafo7574.86,31,86,110,232,256,316.0,31,316.0000000000006,0.12552738189697266,2
3330,graficon96nodi/grafo10435.96,31,96,123,234,261,245.0,45,245.0,0.12738847732543945,2
3331,graficon63nodi/grafo9308.63,31,63,93,230,260,260.9999999999993,53,261.00000000000193,0.12485051155090332,2
3332,graficon91nodi/grafo11599.91,31,91,121,230,260,340.0,50,340.0,0.12656879425048828,2
3333,graficon76nodi/grafo5611.76,31,76,102,230,256,281.9999999999986,33,281.9999999999986,0.0939323902130127,2
3334,graficon94nodi/grafo10300.94,31,94,119,231,256,166.0,20,166.0,0.08637619018554688,2
3335,graficon80nodi/grafo4545.80,31,80,114,233,267,381.9999999999981,56,381.9999999999989,0.14403033256530762,2
3336,graficon96nodi/grafo10719.96,31,96,133,230,267,467.9999999999982,99,467.9999999999982,0.1950087547302246,2
3337,graficon99nodi/grafo8739.99,31,99,135,231,267,373.0,69,373.0,0.13441109657287598,2
3338,graficon79nodi/grafo9687.79,31,79,116,230,267,362.0,77,362.0,0.13524842262268066,2
3339,graficon93nodi/grafo11301.93,31,93,129,233,269,346.0,92,346.0,0.13429880142211914,2
3340,graficon88nodi/grafo8822.88,31,88,120,232,264,374.9999999999968,86,374.9999999999968,0.13370633125305176,2
3341,graficon95nodi/grafo11424.95,31,95,129,234,268,371.0,67,371.0,0.136674165725708,2
3342,graficon87nodi/grafo8689.87,31,87,127,230,270,467.0,135,467.0,0.17510247230529785,2
3343,graficon100nodi/grafo7785.100,31,100,136,233,269,376.0,81,376.0,0.14548087120056152,2
3344,graficon79nodi/grafo5908.79,31,79,100,234,255,284.99999999999767,49,284.99999999999875,0.1149892807006836,2
3345,graficon100nodi/grafo10525.100,31,100,128,232,260,218.0,31,218.0,0.10198259353637695,2
3346,graficon100nodi/grafo11613.100,31,100,125,231,256,199.0,37,199.0,0.10024356842041016,2
3347,graficon86nodi/grafo8762.86,31,86,116,230,260,281.99999999999886,73,281.9999999999989,0.13335204124450684,2
3348,graficon83nodi/grafo4348.83,31,83,124,230,271,427.0,104,427.0,0.14457201957702637,2
3349,graficon94nodi/grafo10334.94,31,94,123,231,260,277.0,55,277.0,0.1345372200012207,2
3350,graficon89nodi/grafo9611.89,31,89,135,234,280,510.99999999999886,215,510.99999999999886,0.1440274715423584,2
3351,graficon94nodi/grafo10452.94,31,94,138,234,278,517.0,137,517.0,0.17334437370300293,2
3352,graficon96nodi/grafo10868.96,31,96,117,233,254,197.99999999999937,29,197.99999999999994,0.08427953720092773,2
3353,graficon70nodi/grafo9035.70,31,70,99,233,262,266.0,53,266.0,0.11334443092346191,2
3354,graficon89nodi/grafo8925.89,31,89,121,231,263,407.0,70,407.0,0.13419270515441895,2
3355,graficon76nodi/grafo4694.76,31,76,110,231,265,333.99999999999903,52,333.9999999999991,0.12398934364318848,2
3356,graficon91nodi/grafo11656.91,31,91,123,232,264,236.0,35,236.0,0.08577752113342285,2
3357,graficon92nodi/grafo11355.92,31,92,128,232,268,422.0,91,422.0,0.18877792358398438,2
3358,graficon96nodi/grafo10197.96,31,96,135,231,270,510.99999999999704,116,510.99999999999704,0.12415957450866699,2
3359,graficon100nodi/grafo11125.100,31,100,140,231,271,380.00000000000125,90,380.00000000000625,0.12429237365722656,2
3360,graficon76nodi/grafo8483.76,31,76,100,233,257,259.0,38,259.0,0.11472344398498535,2
3361,graficon96nodi/grafo10227.96,31,96,128,231,263,379.0,62,379.0,0.17190265655517578,2
3362,graficon88nodi/grafo8872.88,31,88,117,233,262,289.0,50,289.0,0.15395379066467285,2
3363,graficon100nodi/grafo10662.100,31,100,136,234,270,396.9999999999975,96,396.9999999999975,0.13656830787658691,2
3364,graficon91nodi/grafo8333.91,31,91,122,230,261,277.0,50,277.0,0.08706498146057129,2
3365,graficon75nodi/grafo5933.75,31,75,103,234,262,294.0,46,294.0,0.10117268562316895,2
3366,graficon98nodi/grafo10862.98,31,98,136,232,270,365.0,85,365.0,0.1434497833251953,2
3367,graficon97nodi/grafo10524.97,31,97,119,232,254,256.9999999999996,34,257.0,0.09599757194519043,2
3368,graficon52nodi/grafo3384.52,31,52,81,233,262,199.0,52,199.0,0.10231208801269531,2
3369,graficon96nodi/grafo9939.96,31,96,119,233,256,137.0,25,137.0,0.07444095611572266,2
3370,graficon94nodi/grafo10611.94,31,94,122,231,259,169.0,34,169.0,0.08721089363098145,2
3371,graficon95nodi/grafo8008.95,31,95,138,233,276,571.0,179,571.0,0.17636394500732422,2
3372,graficon87nodi/grafo8728.87,31,87,118,232,263,292.0,60,292.0,0.134688138961792,2
3373,graficon70nodi/grafo8105.70,31,70,100,231,261,247.0,45,247.0,0.11306452751159668,2
3374,graficon86nodi/grafo9699.86,31,86,129,231,274,495.0,146,495.0,0.16657638549804688,2
3375,graficon97nodi/grafo10453.97,31,97,136,232,271,486.0,154,486.0,0.15588068962097168,2
3376,graficon93nodi/grafo10181.93,31,93,133,237,277,416.0,89,416.0,0.17367124557495117,2
3377,graficon94nodi/grafo9995.94,31,94,137,236,279,666.9999999999969,309,666.9999999999968,0.19614791870117188,2
3378,graficon97nodi/grafo10991.97,31,97,134,239,276,389.0,83,389.0,0.1532297134399414,2
3379,graficon83nodi/grafo8082.83,31,83,112,236,265,294.0000000000001,46,294.00000000000057,0.09932923316955566,2
3380,graficon95nodi/grafo10703.95,31,95,126,235,266,236.0,48,236.0,0.14617037773132324,2
3381,graficon98nodi/grafo6660.98,31,98,134,237,273,304.0,78,304.0,0.13661646842956543,2
3382,graficon86nodi/grafo8706.86,31,86,113,235,262,374.0,61,374.0,0.1453864574432373,2
3383,graficon68nodi/grafo9530.68,31,68,103,239,274,327.0,65,326.99999999999994,0.14568662643432617,2
3384,graficon79nodi/grafo7987.79,31,79,106,239,266,279.0,41,279.0,0.11535048484802246,2
3385,graficon86nodi/grafo8767.86,31,86,118,239,271,341.00000000000017,63,341.0000000000006,0.18573713302612305,2
3386,graficon86nodi/grafo8090.86,31,86,118,238,270,320.0,83,320.0,0.1436147689819336,2
3387,graficon100nodi/grafo10626.100,31,100,139,238,277,372.99999999999835,110,372.9999999999984,0.14077425003051758,2
3388,graficon92nodi/grafo11419.92,31,92,125,238,271,378.0,73,378.0,0.1370677947998047,2
3389,graficon96nodi/grafo8918.96,31,96,121,235,260,237.0,30,237.0,0.09482955932617188,2
3390,graficon91nodi/grafo8754.91,31,91,111,236,256,156.0,19,156.0,0.08647942543029785,2
3391,graficon96nodi/grafo10758.96,31,96,142,239,285,522.0,112,522.0,0.16498732566833496,2
3392,graficon94nodi/grafo10640.94,31,94,121,235,262,292.0,52,292.0,0.09540867805480957,2
3393,graficon93nodi/grafo10255.93,31,93,125,238,270,400.0,84,400.0,0.14402556419372559,2
3394,graficon68nodi/grafo4638.68,31,68,98,237,267,216.0,51,216.0,0.09979701042175293,2
3395,graficon87nodi/grafo8123.87,31,87,127,236,276,411.0,77,411.0,0.13627266883850098,2
3396,graficon71nodi/grafo4789.71,31,71,94,237,260,160.0,20,160.0,0.08331823348999023,2
3397,graficon99nodi/grafo10809.99,31,99,131,237,269,322.0,58,322.0,0.1250288486480713,2
3398,graficon98nodi/grafo11139.98,31,98,124,237,263,296.0,42,296.0,0.11302542686462402,2
3399,graficon100nodi/grafo10364.100,31,100,121,237,258,194.0,24,194.0,0.08072733879089355,2
3400,graficon82nodi/grafo8065.82,31,82,118,237,273,375.0,80,375.0,0.14467978477478027,2
3401,graficon76nodi/grafo8367.76,31,76,99,238,261,210.0,35,210.0,0.09985661506652832,2
3402,graficon90nodi/grafo11440.90,31,90,129,237,276,468.0,124,468.0,0.1522364616394043,2
3403,graficon90nodi/grafo8717.90,31,90,118,235,263,268.9999999999991,36,268.99999999999983,0.18065381050109863,2
3404,graficon97nodi/grafo10599.97,31,97,124,238,265,356.0,53,356.0,0.14412307739257812,2
3405,graficon73nodi/grafo8696.73,31,73,104,236,267,325.0000000000007,54,325.0000000000013,0.13559222221374512,2
3406,graficon72nodi/grafo4587.72,31,72,96,236,260,174.0,26,174.0,0.09233379364013672,2
3407,graficon78nodi/grafo8127.78,31,78,126,235,283,653.0,172,653.0,0.18480825424194336,2
3408,graficon97nodi/grafo8342.97,31,97,132,235,270,869.0,438,869.0,0.19376564025878906,2
3409,graficon81nodi/grafo9231.81,31,81,116,235,270,458.99999999999926,92,458.9999999999993,0.15424394607543945,2
3410,graficon100nodi/grafo10394.100,31,100,127,238,265,279.99999999999966,46,279.99999999999966,0.1324472427368164,2
3411,graficon96nodi/grafo10170.96,31,96,127,238,269,317.0,62,317.0,0.13475346565246582,2
3412,graficon87nodi/grafo9663.87,31,87,119,237,269,319.0,60,319.0,0.17956018447875977,2
3413,graficon71nodi/grafo7932.71,31,71,102,238,269,337.9999999999976,75,337.9999999999976,0.12665963172912598,2
3414,graficon96nodi/grafo10552.96,31,96,144,236,284,644.0,174,644.0,0.2040553092956543,2
3415,graficon97nodi/grafo8944.97,31,97,126,237,266,342.99999999999784,63,342.99999999999784,0.13458538055419922,2
3416,graficon93nodi/grafo10773.93,31,93,126,237,270,294.0,58,294.0,0.12450480461120605,2
3417,graficon91nodi/grafo8349.91,31,91,133,238,280,452.0,133,452.0,0.1757338047027588,2
3418,graficon89nodi/grafo8889.89,31,89,119,237,267,172.0,32,172.0,0.08170962333679199,2
3419,graficon94nodi/grafo8920.94,31,94,121,239,266,172.0,26,172.0,0.0848701000213623,2
3420,graficon97nodi/grafo10323.97,31,97,128,238,269,310.9999999999999,56,310.99999999999983,0.14493417739868164,2
3421,graficon97nodi/grafo10374.97,31,97,126,237,266,267.0,62,267.0,0.17312955856323242,2
3422,graficon78nodi/grafo5854.78,31,78,111,238,271,354.9999999999993,63,354.9999999999998,0.12192821502685547,2
3423,graficon81nodi/grafo9759.81,31,81,113,235,267,351.99999999999847,63,351.99999999999847,0.13148713111877441,2
3424,graficon92nodi/grafo10319.92,31,92,124,237,269,214.0,59,214.0,0.09497642517089844,2
3425,graficon91nodi/grafo10856.91,31,91,119,235,263,306.99999999999966,58,307.00000000000136,0.11618971824645996,2
3426,graficon94nodi/grafo8759.94,31,94,124,237,267,256.0,58,256.0,0.10226082801818848,2
3427,graficon85nodi/grafo8628.85,31,85,121,239,275,472.0,83,472.0,0.1651458740234375,2
3428,graficon91nodi/grafo9948.91,31,91,127,235,271,362.0,69,362.0,0.1373610496520996,2
3429,graficon83nodi/grafo7884.83,31,83,119,239,275,286.00000000000017,54,286.0000000000011,0.1310596466064453,2
3430,graficon99nodi/grafo10171.99,31,99,140,235,276,581.0,179,581.0,0.16591715812683105,2
3431,graficon99nodi/grafo7418.99,31,99,132,235,268,358.0,52,358.0,0.15305566787719727,2
3432,graficon92nodi/grafo3262.92,31,92,130,237,275,371.0,67,371.0,0.13496923446655273,2
3433,graficon95nodi/grafo11040.95,31,95,134,236,275,388.0,91,388.0,0.14391875267028809,2
3434,graficon77nodi/grafo4481.77,31,77,121,239,283,370.0,94,370.0,0.18368291854858398,2
3435,graficon85nodi/grafo9605.85,31,85,116,237,268,303.0,49,303.0,0.13232040405273438,2
3436,graficon97nodi/grafo10102.97,31,97,132,238,273,314.99999999999994,58,315.0,0.15415334701538086,2
3437,graficon84nodi/grafo8415.84,31,84,107,239,262,212.0,27,212.0,0.10150766372680664,2
3438,graficon99nodi/grafo10218.99,31,99,142,235,278,488.0,128,488.0,0.20255017280578613,2
3439,graficon97nodi/grafo10836.97,31,97,139,239,281,422.0,114,422.0,0.14953136444091797,2
3440,graficon100nodi/grafo10271.100,31,100,132,236,268,472.0,79,472.0000000000009,0.20430517196655273,2
3441,graficon99nodi/grafo10725.99,31,99,129,237,267,358.9999999999982,47,358.9999999999982,0.1487109661102295,2
3442,graficon91nodi/grafo10500.91,31,91,120,235,264,192.0,42,192.0,0.1008601188659668,2
3443,graficon81nodi/grafo7919.81,31,81,116,237,272,315.999999999999,75,315.999999999999,0.13378477096557617,2
3444,graficon98nodi/grafo10557.98,31,98,129,237,268,301.0,69,301.0,0.13625502586364746,2
3445,graficon78nodi/grafo4710.78,31,78,110,237,269,280.99999999999886,59,280.99999999999926,0.1622457504272461,2
3446,graficon92nodi/grafo10957.92,31,92,122,235,265,191.0,40,191.0,0.08527922630310059,2
3447,graficon96nodi/grafo10017.96,31,96,140,239,283,461.9999999999999,118,462.0000000000004,0.13289141654968262,2
3448,graficon91nodi/grafo10158.91,31,91,121,236,266,211.0,45,211.0,0.11517190933227539,2
3449,graficon81nodi/grafo4953.81,31,81,114,236,269,338.0,58,338.0,0.1321394443511963,2
3450,graficon94nodi/grafo11253.94,31,94,127,239,272,392.0,86,392.0,0.1530294418334961,2
3451,graficon87nodi/grafo7167.87,31,-1,-1,243,-1,-1,-1,-1,600.01,9
3452,graficon65nodi/grafo9274.65,31,-1,-1,240,-1,-1,-1,-1,600.01,9
3453,graficon99nodi/grafo11280.99,31,-1,-1,240,-1,-1,-1,-1,600.01,9
3454,graficon98nodi/grafo10784.98,31,-1,-1,243,-1,-1,-1,-1,600.01,9
3455,graficon98nodi/grafo10958.98,31,-1,-1,240,-1,-1,-1,-1,600.01,9
3456,graficon98nodi/grafo11136.98,31,-1,-1,241,-1,-1,-1,-1,600.01,9
3457,graficon93nodi/grafo10826.93,31,-1,-1,243,-1,-1,-1,-1,600.01,9
3458,graficon92nodi/grafo10771.92,31,-1,-1,242,-1,-1,-1,-1,600.01,9
3459,graficon99nodi/grafo11305.99,31,-1,-1,242,-1,-1,-1,-1,600.01,9
3460,graficon95nodi/grafo10417.95,31,-1,-1,244,-1,-1,-1,-1,600.01,9
3461,graficon96nodi/grafo10308.96,31,-1,-1,242,-1,-1,-1,-1,600.01,9
3462,graficon97nodi/grafo8907.97,31,-1,-1,244,-1,-1,-1,-1,600.01,9
3463,graficon100nodi/grafo10997.100,31,-1,-1,243,-1,-1,-1,-1,600.01,9
3464,graficon100nodi/grafo11194.100,31,-1,-1,242,-1,-1,-1,-1,600.01,9
3465,graficon59nodi/grafo4809.59,31,-1,-1,240,-1,-1,-1,-1,600.01,9
3466,graficon97nodi/grafo10923.97,31,-1,-1,240,-1,-1,-1,-1,600.01,9
3467,graficon100nodi/grafo8224.100,31,-1,-1,243,-1,-1,-1,-1,600.01,9
3468,graficon94nodi/grafo10474.94,31,-1,-1,243,-1,-1,-1,-1,600.01,9
3469,graficon99nodi/grafo11298.99,31,-1,-1,240,-1,-1,-1,-1,600.01,9
3470,graficon94nodi/grafo10574.94,31,-1,-1,243,-1,-1,-1,-1,600.01,9
3471,graficon85nodi/grafo8304.85,31,-1,-1,240,-1,-1,-1,-1,600.01,9
3472,graficon88nodi/grafo8774.88,31,-1,-1,242,-1,-1,-1,-1,600.01,9
3473,graficon99nodi/grafo10714.99,31,-1,-1,244,-1,-1,-1,-1,600.01,9
3474,graficon80nodi/grafo9119.80,31,-1,-1,242,-1,-1,-1,-1,600.01,9
3475,graficon99nodi/grafo8499.99,31,-1,-1,244,-1,-1,-1,-1,600.01,9
3476,graficon75nodi/grafo4203.75,31,-1,-1,243,-1,-1,-1,-1,600.01,9
3477,graficon68nodi/grafo5431.68,31,-1,-1,240,-1,-1,-1,-1,600.01,9
3478,graficon99nodi/grafo11272.99,31,-1,-1,240,-1,-1,-1,-1,600.01,9
3479,graficon85nodi/grafo8396.85,31,-1,-1,242,-1,-1,-1,-1,600.01,9
3480,graficon91nodi/grafo9811.91,31,-1,-1,244,-1,-1,-1,-1,600.01,9
3481,graficon78nodi/grafo8298.78,31,-1,-1,242,-1,-1,-1,-1,600.01,9
3482,graficon99nodi/grafo9635.99,31,-1,-1,242,-1,-1,-1,-1,600.01,9
3483,graficon93nodi/grafo10900.93,31,-1,-1,242,-1,-1,-1,-1,600.01,9
3484,graficon85nodi/grafo9135.85,31,-1,-1,243,-1,-1,-1,-1,600.01,9
3485,graficon92nodi/grafo11432.92,31,-1,-1,240,-1,-1,-1,-1,600.01,9
3486,graficon79nodi/grafo8683.79,31,-1,-1,242,-1,-1,-1,-1,600.01,9
3487,graficon94nodi/grafo10935.94,31,-1,-1,242,-1,-1,-1,-1,600.01,9
3488,graficon93nodi/grafo11252.93,31,-1,-1,242,-1,-1,-1,-1,600.01,9
3489,graficon68nodi/grafo9761.68,31,-1,-1,244,-1,-1,-1,-1,600.01,9
3490,graficon67nodi/grafo9345.67,31,-1,-1,241,-1,-1,-1,-1,600.01,9
3491,graficon75nodi/grafo6486.75,31,-1,-1,242,-1,-1,-1,-1,600.01,9
3492,graficon87nodi/grafo8692.87,31,-1,-1,242,-1,-1,-1,-1,600.01,9
3493,graficon92nodi/grafo11245.92,31,-1,-1,240,-1,-1,-1,-1,600.01,9
3494,graficon93nodi/grafo8746.93,31,-1,-1,243,-1,-1,-1,-1,600.01,9
3495,graficon94nodi/grafo11255.94,31,-1,-1,244,-1,-1,-1,-1,600.01,9
3496,graficon98nodi/grafo10475.98,31,-1,-1,243,-1,-1,-1,-1,600.01,9
3497,graficon85nodi/grafo8695.85,31,-1,-1,244,-1,-1,-1,-1,600.01,9
3498,graficon94nodi/grafo10373.94,31,-1,-1,244,-1,-1,-1,-1,600.01,9
3499,graficon81nodi/grafo7464.81,31,-1,-1,241,-1,-1,-1,-1,600.01,9
3500,graficon90nodi/grafo7130.90,31,-1,-1,243,-1,-1,-1,-1,600.01,9
3501,graficon84nodi/grafo8005.84,31,-1,-1,244,-1,-1,-1,-1,600.01,9
3502,graficon95nodi/grafo11135.95,31,-1,-1,241,-1,-1,-1,-1,600.01,9
3503,graficon90nodi/grafo8558.90,31,-1,-1,243,-1,-1,-1,-1,600.01,9
3504,graficon93nodi/grafo8473.93,31,-1,-1,241,-1,-1,-1,-1,600.01,9
3505,graficon86nodi/grafo6749.86,31,-1,-1,242,-1,-1,-1,-1,600.01,9
3506,graficon86nodi/grafo8575.86,31,-1,-1,242,-1,-1,-1,-1,600.01,9
3507,graficon78nodi/grafo9837.78,31,-1,-1,242,-1,-1,-1,-1,600.01,9
3508,graficon90nodi/grafo11394.90,31,-1,-1,244,-1,-1,-1,-1,600.01,9
3509,graficon93nodi/grafo10573.93,31,-1,-1,240,-1,-1,-1,-1,600.01,9
3510,graficon80nodi/grafo7856.80,31,-1,-1,243,-1,-1,-1,-1,600.01,9
3511,graficon97nodi/grafo10442.97,31,-1,-1,240,-1,-1,-1,-1,600.01,9
3512,graficon84nodi/grafo5024.84,31,-1,-1,241,-1,-1,-1,-1,600.01,9
3513,graficon98nodi/grafo10164.98,31,-1,-1,240,-1,-1,-1,-1,600.01,9
3514,graficon99nodi/grafo11218.99,31,-1,-1,241,-1,-1,-1,-1,600.01,9
3515,graficon94nodi/grafo11158.94,31,-1,-1,243,-1,-1,-1,-1,600.01,9
3516,graficon89nodi/grafo8887.89,31,-1,-1,241,-1,-1,-1,-1,600.01,9
3517,graficon91nodi/grafo11134.91,31,-1,-1,243,-1,-1,-1,-1,600.01,9
3518,graficon68nodi/grafo9334.68,31,-1,-1,242,-1,-1,-1,-1,600.01,9
3519,graficon63nodi/grafo4631.63,31,-1,-1,240,-1,-1,-1,-1,600.01,9
3520,graficon96nodi/grafo10167.96,31,-1,-1,243,-1,-1,-1,-1,600.01,9
3521,graficon76nodi/grafo7846.76,31,-1,-1,242,-1,-1,-1,-1,600.01,9
3522,graficon93nodi/grafo10105.93,31,-1,-1,243,-1,-1,-1,-1,600.01,9
3523,graficon99nodi/grafo10965.99,31,-1,-1,241,-1,-1,-1,-1,600.01,9
3524,graficon94nodi/grafo10389.94,31,-1,-1,244,-1,-1,-1,-1,600.01,9
3525,graficon100nodi/grafo11227.100,31,-1,-1,240,-1,-1,-1,-1,600.01,9
