Index,Data,combo_idx,Nodes,Edges,TotalNodes,TotalEdges,ObjVal,Crossings,EdgeLength,Runtime,Status
1,graficon13nodi/grafo2567.13,32,13,13,13,13,0.0,0,16.0,0.001676797866821289,2
2,graficon11nodi/grafo685.11,32,11,11,13,13,0.0,0,24.0,0.002384185791015625,2
3,graficon10nodi/grafo2511.10,32,10,10,12,12,0.0,0,13.0,0.002004861831665039,2
4,graficon12nodi/grafo957.12,32,12,11,13,12,0.0,0,13.0,0.0018434524536132812,2
5,graficon14nodi/grafo769.14,32,14,13,14,13,0.0,0,21.0,0.0016624927520751953,2
6,graficon10nodi/grafo1070.10,32,10,10,12,12,0.0,0,16.0,0.0012812614440917969,2
7,graficon10nodi/grafo473.10,32,10,10,12,12,0.0,0,16.0,0.0013680458068847656,2
8,graficon14nodi/grafo371.14,32,14,13,14,13,0.0,0,22.0,0.0019488334655761719,2
9,graficon12nodi/grafo906.12,32,12,11,12,11,0.0,0,12.0,0.0011758804321289062,2
10,graficon11nodi/grafo927.11,32,11,10,11,10,0.0,0,12.0,0.0014989376068115234,2
11,graficon10nodi/grafo758.10,32,10,10,12,12,0.0,0,16.0,0.0017385482788085938,2
12,graficon12nodi/grafo122.12,32,12,11,12,11,0.0,0,9.0,0.0009472370147705078,2
13,graficon12nodi/grafo1843.12,32,12,15,14,17,0.0,2,38.43750000315943,0.07455301284790039,2
14,graficon10nodi/grafo898.10,32,10,9,10,9,0.0,0,6.0,0.0013055801391601562,2
15,graficon11nodi/grafo2433.11,32,11,11,13,13,0.0,0,8.0,0.0019328594207763672,2
16,graficon11nodi/grafo749.11,32,11,10,13,12,0.0,0,8.0,0.0021386146545410156,2
17,graficon10nodi/grafo961.10,32,10,10,12,12,0.0,0,16.0,0.0014340877532958984,2
18,graficon10nodi/grafo1857.10,32,10,12,12,14,0.0,0,17.0,0.001859426498413086,2
19,graficon11nodi/grafo1004.11,32,11,12,12,13,0.0,0,30.0,0.0020956993103027344,2
20,graficon11nodi/grafo675.11,32,11,11,13,13,0.0,0,12.0,0.0017426013946533203,2
21,graficon10nodi/grafo633.10,32,10,9,10,9,0.0,0,6.0,0.0009953975677490234,2
22,graficon13nodi/grafo2908.13,32,13,12,13,12,0.0,0,14.0,0.0020971298217773438,2
23,graficon11nodi/grafo441.11,32,11,11,13,13,0.0,0,16.0,0.002877950668334961,2
24,graficon11nodi/grafo2812.11,32,11,11,13,13,0.0,0,8.0,0.0024166107177734375,2
25,graficon10nodi/grafo881.10,32,10,9,10,9,0.0,0,3.0,0.0012233257293701172,2
26,graficon10nodi/grafo455.10,32,10,10,13,13,0.0,0,11.0,0.0018453598022460938,2
27,graficon12nodi/grafo933.12,32,12,11,12,11,0.0,0,9.0,0.0008397102355957031,2
28,graficon12nodi/grafo256.12,32,12,11,12,11,0.0,0,6.0,0.0009629726409912109,2
29,graficon10nodi/grafo1098.10,32,10,9,10,9,0.0,0,6.0,0.0009906291961669922,2
30,graficon11nodi/grafo246.11,32,11,10,11,10,0.0,0,6.0,0.001119375228881836,2
31,graficon12nodi/grafo2668.12,32,12,13,14,15,0.0,1,22.000000000000007,0.01957869529724121,2
32,graficon12nodi/grafo667.12,32,12,12,13,13,0.0,0,25.0,0.0020759105682373047,2
33,graficon12nodi/grafo986.12,32,12,11,12,11,0.0,0,9.0,0.0008890628814697266,2
34,graficon10nodi/grafo782.10,32,10,9,10,9,0.0,0,6.0,0.000850677490234375,2
35,graficon12nodi/grafo756.12,32,12,11,12,11,0.0,0,12.0,0.0011525154113769531,2
36,graficon11nodi/grafo1629.11,32,11,11,14,14,0.0,0,23.0,0.001767873764038086,2
37,graficon12nodi/grafo888.12,32,12,13,14,15,0.0,0,35.0,0.003851175308227539,2
38,graficon11nodi/grafo1162.11,32,11,11,12,12,0.0,0,14.0,0.0014498233795166016,2
39,graficon11nodi/grafo3101.11,32,11,11,13,13,0.0,0,8.0,0.0017580986022949219,2
40,graficon10nodi/grafo910.10,32,10,9,10,9,0.0,0,6.0,0.0010044574737548828,2
41,graficon13nodi/grafo514.13,32,13,12,13,12,0.0,0,11.0,0.0018978118896484375,2
42,graficon10nodi/grafo718.10,32,10,10,12,12,0.0,0,12.0,0.001703023910522461,2
43,graficon10nodi/grafo1123.10,32,10,10,12,12,0.0,0,12.0,0.0017163753509521484,2
44,graficon10nodi/grafo474.10,32,10,10,12,12,0.0,0,12.0,0.0017681121826171875,2
45,graficon14nodi/grafo272.14,32,14,13,14,13,0.0,0,18.0,0.0020296573638916016,2
46,graficon11nodi/grafo1084.11,32,11,10,11,10,0.0,0,3.0,0.0009748935699462891,2
47,graficon11nodi/grafo2971.11,32,11,11,13,13,0.0,0,8.0,0.0017566680908203125,2
48,graficon11nodi/grafo313.11,32,11,10,13,12,0.0,0,15.0,0.002086639404296875,2
49,graficon11nodi/grafo532.11,32,11,11,13,13,0.0,0,18.0,0.0020852088928222656,2
50,graficon11nodi/grafo857.11,32,11,11,12,12,0.0,0,13.0,0.0029947757720947266,2
51,graficon10nodi/grafo978.10,32,10,10,12,12,0.0,0,16.0,0.0014233589172363281,2
52,graficon13nodi/grafo1067.13,32,13,13,13,13,0.0,0,21.0,0.0019643306732177734,2
53,graficon12nodi/grafo2949.12,32,12,11,12,11,0.0,0,9.0,0.001383066177368164,2
54,graficon10nodi/grafo962.10,32,10,10,12,12,0.0,0,12.0,0.0017712116241455078,2
55,graficon10nodi/grafo460.10,32,10,9,10,9,0.0,0,6.0,0.0010101795196533203,2
56,graficon11nodi/grafo3073.11,32,11,11,13,13,0.0,0,8.0,0.0017046928405761719,2
57,graficon11nodi/grafo316.11,32,11,13,14,16,0.0,0,48.0,0.0028333663940429688,2
58,graficon13nodi/grafo2415.13,32,13,13,14,14,0.0,0,11.0,0.0019519329071044922,2
59,graficon12nodi/grafo861.12,32,12,12,14,14,0.0,0,31.0,0.0028896331787109375,2
60,graficon11nodi/grafo612.11,32,11,11,13,13,0.0,0,16.0,0.0015149116516113281,2
61,graficon10nodi/grafo513.10,32,10,10,12,12,0.0,0,12.0,0.0018062591552734375,2
62,graficon12nodi/grafo352.12,32,12,12,14,14,0.0,1,14.000000000000005,0.019500255584716797,2
63,graficon11nodi/grafo3113.11,32,11,11,13,13,0.0,0,8.0,0.0016264915466308594,2
64,graficon12nodi/grafo2651.12,32,12,13,12,13,0.19999996592618585,2,34.550000118219536,1.1688573360443115,2
65,graficon13nodi/grafo2595.13,32,13,12,13,12,0.0,0,12.0,0.002505779266357422,2
66,graficon14nodi/grafo345.14,32,14,13,14,13,0.0,0,18.0,0.0021142959594726562,2
67,graficon10nodi/grafo209.10,32,10,10,12,12,0.0,0,16.0,0.0013511180877685547,2
68,graficon11nodi/grafo1005.11,32,11,11,12,12,0.0,0,31.0,0.0013937950134277344,2
69,graficon10nodi/grafo1032.10,32,10,9,10,9,0.0,0,6.0,0.0010304450988769531,2
70,graficon10nodi/grafo210.10,32,10,10,12,12,0.0,0,12.0,0.001726388931274414,2
71,graficon11nodi/grafo759.11,32,11,12,12,13,0.0,1,19.0,0.019962549209594727,2
72,graficon10nodi/grafo265.10,32,10,12,12,14,0.0,1,18.453985457458117,0.02220296859741211,2
73,graficon12nodi/grafo2439.12,32,12,12,13,13,0.0,0,14.0,0.0017931461334228516,2
74,graficon11nodi/grafo748.11,32,11,11,13,13,0.0,0,17.0,0.0022253990173339844,2
75,graficon11nodi/grafo2714.11,32,11,11,13,13,0.0,0,9.0,0.0019872188568115234,2
76,graficon15nodi/grafo886.15,32,15,15,18,18,0.0,0,32.0,0.003962039947509766,2
77,graficon12nodi/grafo2359.12,32,12,17,16,21,0.0,3,96.50000002451594,0.02651071548461914,2
78,graficon17nodi/grafo565.17,32,17,17,19,19,0.0,0,21.0,0.0017676353454589844,2
79,graficon14nodi/grafo642.14,32,14,15,16,17,0.0,1,40.0,0.020289897918701172,2
80,graficon15nodi/grafo2783.15,32,15,17,19,21,0.0,1,46.0,0.009567499160766602,2
81,graficon12nodi/grafo2707.12,32,12,14,16,18,0.0,1,23.009655701503814,0.023467540740966797,2
82,graficon16nodi/grafo2861.16,32,16,15,18,17,0.0,1,48.999999999999986,0.020084381103515625,2
83,graficon16nodi/grafo853.16,32,16,16,16,16,0.0,0,16.0,0.0024831295013427734,2
84,graficon17nodi/grafo1122.17,32,17,17,19,19,0.0,0,21.0,0.0018227100372314453,2
85,graficon11nodi/grafo2384.11,32,11,12,15,16,0.0,0,21.0,0.0018055438995361328,2
86,graficon15nodi/grafo1618.15,32,15,16,19,20,0.0,0,43.0,0.0047626495361328125,2
87,graficon13nodi/grafo325.13,32,13,14,15,16,0.0,1,33.0,0.019771099090576172,2
88,graficon17nodi/grafo1161.17,32,17,18,19,20,0.0,0,40.0,0.002885103225708008,2
89,graficon13nodi/grafo510.13,32,13,16,18,21,0.0,1,38.550000000000054,0.02232193946838379,2
90,graficon14nodi/grafo367.14,32,14,14,15,15,0.0,0,39.0,0.003111600875854492,2
91,graficon13nodi/grafo477.13,32,13,13,15,15,0.0,0,12.0,0.0017364025115966797,2
92,graficon13nodi/grafo951.13,32,13,17,19,23,0.0,0,74.0,0.004582643508911133,2
93,graficon11nodi/grafo1734.11,32,11,14,17,20,0.0,1,46.65000000000005,0.02050185203552246,2
94,graficon15nodi/grafo2797.15,32,15,17,15,17,0.0,1,42.625,0.02065730094909668,2
95,graficon12nodi/grafo2335.12,32,12,14,19,21,0.0,0,29.0,0.0030198097229003906,2
96,graficon10nodi/grafo1740.10,32,10,13,17,20,0.0,1,74.55000000000004,0.021834850311279297,2
97,graficon13nodi/grafo1853.13,32,13,15,17,19,0.0,3,68.27500056861338,0.029795169830322266,2
98,graficon16nodi/grafo2142.16,32,16,16,17,17,0.0,0,19.0,0.0028357505798339844,2
99,graficon14nodi/grafo956.14,32,14,15,15,16,0.0,1,29.0,0.020402908325195312,2
100,graficon15nodi/grafo585.15,32,15,16,19,20,0.0,0,46.0,0.004155874252319336,2
101,graficon14nodi/grafo2291.14,32,14,14,16,16,0.0,1,48.0,0.021654367446899414,2
102,graficon14nodi/grafo1658.14,32,14,15,19,20,0.0,0,47.0,0.002940654754638672,2
103,graficon13nodi/grafo559.13,32,13,15,19,21,0.0,0,44.0,0.0024831295013427734,2
104,graficon15nodi/grafo2377.15,32,15,15,16,16,0.0,0,35.0,0.001733541488647461,2
105,graficon14nodi/grafo2189.14,32,14,16,17,19,0.0,1,45.625,0.0204164981842041,2
106,graficon16nodi/grafo322.16,32,16,15,17,16,0.0,0,31.0,0.0028710365295410156,2
107,graficon14nodi/grafo2460.14,32,14,14,15,15,0.0,0,15.0,0.002902984619140625,2
108,graficon16nodi/grafo1177.16,32,16,15,17,16,0.0,0,25.0,0.002226114273071289,2
109,graficon13nodi/grafo203.13,32,13,14,15,16,0.0,1,33.0,0.009414196014404297,2
110,graficon13nodi/grafo387.13,32,13,15,19,21,0.0,1,28.405870475128488,0.02426004409790039,2
111,graficon15nodi/grafo1107.15,32,15,19,19,23,0.0,0,30.0,0.005026578903198242,2
112,graficon12nodi/grafo576.12,32,12,14,17,19,0.0,0,21.0,0.001695871353149414,2
113,graficon12nodi/grafo542.12,32,12,14,17,19,0.0,0,33.0,0.002056598663330078,2
114,graficon10nodi/grafo1898.10,32,10,15,16,21,0.0,1,43.75,0.021990537643432617,2
115,graficon12nodi/grafo543.12,32,12,12,15,15,0.0,1,28.000000000000004,0.019729137420654297,2
116,graficon14nodi/grafo843.14,32,14,14,15,15,0.0,0,47.0,0.002626180648803711,2
117,graficon14nodi/grafo1620.14,32,14,15,17,18,0.0,0,26.0,0.002085447311401367,2
118,graficon14nodi/grafo255.14,32,14,16,16,18,0.0,2,40.625,0.024520158767700195,2
119,graficon14nodi/grafo899.14,32,14,15,15,16,0.0,1,37.73316616198646,0.021941661834716797,2
120,graficon17nodi/grafo422.17,32,17,17,18,18,0.0,0,41.0,0.005284547805786133,2
121,graficon13nodi/grafo440.13,32,13,14,18,19,0.0,0,37.0,0.002682924270629883,2
122,graficon11nodi/grafo280.11,32,11,12,15,16,0.0,0,30.0,0.002476930618286133,2
123,graficon15nodi/grafo2331.15,32,15,17,17,19,0.0,0,27.0,0.0025424957275390625,2
124,graficon11nodi/grafo1006.11,32,11,12,15,16,0.0,0,22.0,0.0021059513092041016,2
125,graficon13nodi/grafo2218.13,32,13,13,16,16,0.0,1,33.0,0.019806861877441406,2
126,graficon14nodi/grafo3087.14,32,14,14,16,16,0.0,0,50.0,0.003310680389404297,2
127,graficon16nodi/grafo1069.16,32,16,15,17,16,0.0,0,36.0,0.0021276473999023438,2
128,graficon14nodi/grafo524.14,32,14,15,15,16,0.0,0,27.0,0.002471923828125,2
129,graficon11nodi/grafo1913.11,32,11,14,15,18,0.0,0,27.0,0.0030705928802490234,2
130,graficon14nodi/grafo2919.14,32,14,15,17,18,0.0,0,37.0,0.0026390552520751953,2
131,graficon16nodi/grafo418.16,32,16,18,19,21,0.0,0,49.0,0.0043315887451171875,2
132,graficon13nodi/grafo1935.13,32,13,18,17,22,0.0,1,49.550000000000004,0.020467042922973633,2
133,graficon17nodi/grafo774.17,32,17,18,19,20,0.11111109774760286,2,81.50000002308398,1.1710638999938965,2
134,graficon16nodi/grafo1029.16,32,16,16,18,18,0.0,0,21.0,0.001699209213256836,2
135,graficon12nodi/grafo2663.12,32,12,13,15,16,0.0,0,29.0,0.001984119415283203,2
136,graficon14nodi/grafo2634.14,32,14,13,15,14,0.0,0,44.0,0.0020380020141601562,2
137,graficon12nodi/grafo2380.12,32,12,12,16,16,0.0,0,48.0,0.0027930736541748047,2
138,graficon17nodi/grafo2146.17,32,17,17,19,19,0.0,0,45.0,0.002498626708984375,2
139,graficon14nodi/grafo2900.14,32,14,14,18,18,0.0,0,21.0,0.002740621566772461,2
140,graficon13nodi/grafo430.13,32,13,14,16,17,0.0,0,15.0,0.002117633819580078,2
141,graficon10nodi/grafo938.10,32,10,14,19,23,0.0769230769230771,3,87.22500000000001,1.2335789203643799,2
142,graficon14nodi/grafo1063.14,32,14,15,18,19,0.0,0,20.0,0.0018088817596435547,2
143,graficon11nodi/grafo2964.11,32,11,12,19,20,0.0,0,32.0,0.0021202564239501953,2
144,graficon13nodi/grafo989.13,32,13,14,18,19,0.0,0,29.0,0.0024373531341552734,2
145,graficon11nodi/grafo822.11,32,11,13,18,20,0.0,1,28.550000000000008,0.020307540893554688,2
146,graficon10nodi/grafo1774.10,32,10,15,16,21,0.0,1,43.75,0.02202153205871582,2
147,graficon11nodi/grafo900.11,32,11,13,18,20,0.0,0,42.0,0.002002239227294922,2
148,graficon13nodi/grafo2927.13,32,13,14,19,20,0.0,1,53.625,0.02059030532836914,2
149,graficon13nodi/grafo2354.13,32,13,16,19,22,0.0,1,40.5625,0.021553754806518555,2
150,graficon13nodi/grafo791.13,32,13,15,19,21,0.0,1,34.0,0.02167510986328125,2
151,graficon16nodi/grafo1945.16,32,16,17,23,24,0.0,2,89.00000000000006,0.011683225631713867,2
152,graficon17nodi/grafo2644.17,32,17,19,23,25,0.0,0,32.0,0.004536867141723633,2
153,graficon17nodi/grafo2882.17,32,17,18,24,25,0.0,0,34.0,0.004339933395385742,2
154,graficon19nodi/grafo794.19,32,19,21,22,24,0.0,1,70.0,0.009117364883422852,2
155,graficon14nodi/grafo489.14,32,14,15,22,23,0.0,1,44.0,0.009736299514770508,2
156,graficon18nodi/grafo1865.18,32,18,20,23,25,0.0,0,59.0,0.005181789398193359,2
157,graficon15nodi/grafo1970.15,32,15,17,22,24,0.0,0,38.0,0.002629995346069336,2
158,graficon14nodi/grafo2419.14,32,14,17,24,27,0.0,1,51.89230769156295,0.025385379791259766,2
159,graficon12nodi/grafo2855.12,32,12,17,24,29,0.0,1,56.625,0.022385358810424805,2
160,graficon13nodi/grafo1729.13,32,13,19,22,28,0.0,5,102.19745848092931,0.03890490531921387,2
161,graficon13nodi/grafo2832.13,32,13,14,23,24,0.0,0,42.0,0.004051685333251953,2
162,graficon18nodi/grafo1893.18,32,18,18,21,21,0.0,0,26.0,0.002897500991821289,2
163,graficon18nodi/grafo1059.18,32,18,18,22,22,0.0,0,30.0,0.0019876956939697266,2
164,graficon12nodi/grafo2890.12,32,12,14,20,22,0.0,0,37.0,0.0035970211029052734,2
165,graficon16nodi/grafo2231.16,32,16,20,22,26,0.0,1,86.00000000000003,0.021911144256591797,2
166,graficon20nodi/grafo2767.20,32,20,22,24,26,0.0,1,81.35714285714288,0.022334575653076172,2
167,graficon20nodi/grafo3051.20,32,20,23,24,27,0.0,0,55.0,0.003003358840942383,2
168,graficon12nodi/grafo638.12,32,12,17,22,27,0.0,0,58.0,0.0052301883697509766,2
169,graficon15nodi/grafo2233.15,32,15,20,23,28,0.0,0,97.0,0.0057871341705322266,2
170,graficon16nodi/grafo275.16,32,16,18,24,26,0.0,1,44.0579722322304,0.023786067962646484,2
171,graficon22nodi/grafo2137.22,32,22,21,24,23,0.0,0,29.0,0.003075838088989258,2
172,graficon18nodi/grafo314.18,32,18,18,22,22,0.0,0,30.0,0.0020165443420410156,2
173,graficon15nodi/grafo2225.15,32,15,18,23,26,0.0,0,43.0,0.0034012794494628906,2
174,graficon11nodi/grafo1876.11,32,11,19,24,32,0.16666666666666663,6,76.9875,1.3429057598114014,2
175,graficon13nodi/grafo891.13,32,13,13,20,20,0.0,0,26.0,0.003949165344238281,2
176,graficon12nodi/grafo2675.12,32,12,14,20,22,0.0,0,37.0,0.003627300262451172,2
177,graficon11nodi/grafo1835.11,32,11,15,21,25,0.0,0,70.0,0.0038270950317382812,2
178,graficon23nodi/grafo2357.23,32,23,22,24,23,0.0,0,77.0,0.006798505783081055,2
179,graficon15nodi/grafo1982.15,32,15,17,24,26,0.0,1,55.0,0.022257328033447266,2
180,graficon14nodi/grafo378.14,32,14,17,22,25,0.0,0,80.0,0.004714250564575195,2
181,graficon17nodi/grafo2324.17,32,17,21,23,27,0.0,2,46.761951461351074,0.02529764175415039,2
182,graficon13nodi/grafo964.13,32,13,16,23,26,0.0,0,49.0,0.004488229751586914,2
183,graficon19nodi/grafo423.19,32,19,21,23,25,0.0,0,34.0,0.005102634429931641,2
184,graficon13nodi/grafo2204.13,32,13,13,20,20,0.0,0,51.0,0.0034537315368652344,2
185,graficon13nodi/grafo443.13,32,13,15,20,22,0.0,2,29.000000000000018,0.011253833770751953,2
186,graficon20nodi/grafo215.20,32,20,22,24,26,0.0,1,60.00000000000002,0.018664121627807617,2
187,graficon14nodi/grafo1662.14,32,14,20,24,30,0.0,2,82.8750000000001,0.012902498245239258,2
188,graficon20nodi/grafo495.20,32,20,20,24,24,0.0,0,40.0,0.0019931793212890625,2
189,graficon16nodi/grafo2281.16,32,16,21,24,29,0.0,1,105.75,0.012456655502319336,2
190,graficon11nodi/grafo1054.11,32,11,15,23,27,0.0,0,86.0,0.004837989807128906,2
191,graficon16nodi/grafo661.16,32,16,17,21,22,0.0,1,43.0,0.021834611892700195,2
192,graficon12nodi/grafo844.12,32,12,18,20,26,0.0,2,64.43383842583167,0.02626180648803711,2
193,graficon19nodi/grafo1661.19,32,19,21,21,23,0.1428571171959778,2,47.67857139492023,1.1757254600524902,2
194,graficon18nodi/grafo2186.18,32,18,23,23,28,0.0,3,62.825,0.02361893653869629,2
195,graficon12nodi/grafo2867.12,32,12,16,22,26,0.0,0,60.0,0.004693508148193359,2
196,graficon15nodi/grafo1136.15,32,15,17,24,26,0.0,0,34.0,0.0037376880645751953,2
197,graficon20nodi/grafo1651.20,32,20,21,23,24,0.0,1,98.8125,0.012073040008544922,2
198,graficon15nodi/grafo2157.15,32,15,15,20,20,0.0,0,31.0,0.002553224563598633,2
199,graficon17nodi/grafo1634.17,32,17,18,20,21,0.0,1,67.0,0.029369831085205078,2
200,graficon16nodi/grafo2440.16,32,16,20,22,26,0.12973233247088364,4,63.0,1.251359224319458,2
201,graficon18nodi/grafo953.18,32,18,18,22,22,0.0,0,30.0,0.0026543140411376953,2
202,graficon23nodi/grafo1485.23,32,23,22,23,22,0.0,0,57.0,0.0037369728088378906,2
203,graficon13nodi/grafo2620.13,32,13,16,20,23,0.0,0,53.0,0.003930330276489258,2
204,graficon17nodi/grafo2680.17,32,17,22,22,27,0.0,2,67.84474142583332,0.02722311019897461,2
205,graficon20nodi/grafo1649.20,32,20,22,24,26,0.0,2,83.10963140196044,0.02470231056213379,2
206,graficon19nodi/grafo1897.19,32,19,20,24,25,0.0,0,67.0,0.006760597229003906,2
207,graficon13nodi/grafo2645.13,32,13,17,23,27,0.0,0,64.0,0.00487518310546875,2
208,graficon18nodi/grafo2480.18,32,18,21,22,25,0.0,0,60.0,0.0055942535400390625,2
209,graficon13nodi/grafo2298.13,32,13,14,21,22,0.0,0,42.0,0.0024700164794921875,2
210,graficon15nodi/grafo739.15,32,15,18,23,26,0.0,0,90.0,0.0050847530364990234,2
211,graficon17nodi/grafo2679.17,32,17,19,21,23,0.0,1,26.999999999999982,0.022220134735107422,2
212,graficon14nodi/grafo2430.14,32,14,15,21,22,0.0,0,32.0,0.00296783447265625,2
213,graficon15nodi/grafo582.15,32,15,16,22,23,0.0,0,34.0,0.003323078155517578,2
214,graficon11nodi/grafo1619.11,32,11,15,21,25,0.12499998581900773,3,70.50000001458616,1.1837670803070068,2
215,graficon15nodi/grafo1124.15,32,15,16,23,24,0.0,0,40.0,0.004361629486083984,2
216,graficon12nodi/grafo1763.12,32,12,21,22,31,0.12499998585418963,2,138.31249995628295,1.1840720176696777,2
217,graficon17nodi/grafo1094.17,32,17,19,21,23,0.0,0,46.0,0.0029761791229248047,2
218,graficon15nodi/grafo2903.15,32,15,16,20,21,0.0,1,41.8233506850577,0.021035194396972656,2
219,graficon11nodi/grafo1088.11,32,11,17,22,28,0.0,0,116.0,0.0059926509857177734,2
220,graficon17nodi/grafo645.17,32,17,19,21,23,0.0,0,62.0,0.006224870681762695,2
221,graficon16nodi/grafo2537.16,32,16,19,21,24,0.0,0,46.0,0.002636432647705078,2
222,graficon15nodi/grafo1030.15,32,15,16,23,24,0.0,0,40.0,0.004458189010620117,2
223,graficon14nodi/grafo242.14,32,14,16,21,23,0.0,0,30.0,0.002924203872680664,2
224,graficon17nodi/grafo1009.17,32,17,17,24,24,0.0,0,33.0,0.002946615219116211,2
225,graficon13nodi/grafo3112.13,32,13,14,20,21,0.0,0,37.0,0.0026662349700927734,2
226,graficon16nodi/grafo1731.16,32,16,19,25,28,0.0,0,45.0,0.005036115646362305,2
227,graficon16nodi/grafo967.16,32,16,17,26,27,0.0,0,30.0,0.0041484832763671875,2
228,graficon17nodi/grafo1732.17,32,17,20,27,30,0.0,0,68.0,0.006647825241088867,2
229,graficon20nodi/grafo2272.20,32,20,23,27,30,0.0,0,78.0,0.0066738128662109375,2
230,graficon18nodi/grafo1146.18,32,18,29,29,40,0.4665051675419858,6,159.80063710010504,1.4903614521026611,2
231,graficon18nodi/grafo2289.18,32,18,20,25,27,0.0,0,65.0,0.003978252410888672,2
232,graficon16nodi/grafo2420.16,32,16,18,28,30,0.0,1,46.0,0.022446155548095703,2
233,graficon12nodi/grafo574.12,32,12,19,27,34,0.0,2,77.6750000044166,0.025673389434814453,2
234,graficon21nodi/grafo804.21,32,21,22,28,29,0.0,0,69.0,0.006287097930908203,2
235,graficon22nodi/grafo694.22,32,22,23,27,28,0.0,0,42.0,0.004286289215087891,2
236,graficon17nodi/grafo479.17,32,17,23,25,31,0.5804442881457448,7,168.63230905695002,1.275364875793457,2
237,graficon18nodi/grafo538.18,32,18,19,25,26,0.0,0,54.0,0.004421710968017578,2
238,graficon21nodi/grafo2416.21,32,21,24,29,32,0.0,1,34.743480543360455,0.02559065818786621,2
239,graficon17nodi/grafo2418.17,32,17,20,26,29,0.0,2,71.97681451794918,0.025540828704833984,2
240,graficon24nodi/grafo1463.24,32,24,25,25,26,0.0,0,61.0,0.003667116165161133,2
241,graficon13nodi/grafo1885.13,32,13,16,25,28,0.0,0,70.0,0.0040280818939208984,2
242,graficon11nodi/grafo1697.11,32,11,17,28,34,0.0,2,71.25000000000003,0.014169692993164062,2
243,graficon15nodi/grafo583.15,32,15,19,25,29,0.0,2,102.55000000000004,0.03195786476135254,2
244,graficon19nodi/grafo2951.19,32,19,24,27,32,0.0,1,88.71428571428578,0.013348817825317383,2
245,graficon14nodi/grafo520.14,32,14,22,29,37,0.0,0,100.0,0.006364107131958008,2
246,graficon17nodi/grafo2594.17,32,17,21,25,29,0.0,2,59.468750000000014,0.01942610740661621,2
247,graficon18nodi/grafo993.18,32,18,23,28,33,0.1428571270487714,3,128.84285715471344,1.1783607006072998,2
248,graficon21nodi/grafo127.21,32,21,21,26,26,0.0,0,49.0,0.00452113151550293,2
249,graficon16nodi/grafo400.16,32,16,17,26,27,0.0,0,30.0,0.004208564758300781,2
250,graficon17nodi/grafo302.17,32,17,19,28,30,0.0,0,48.0,0.004223823547363281,2
251,graficon21nodi/grafo158.21,32,21,24,29,32,0.0,1,92.0,0.01826953887939453,2
252,graficon16nodi/grafo540.16,32,16,17,26,27,0.0,0,30.0,0.004038572311401367,2
253,graficon13nodi/grafo2303.13,32,13,19,28,34,0.0,0,106.0,0.00568842887878418,2
254,graficon21nodi/grafo1937.21,32,21,24,26,29,0.0,4,51.90625000000003,0.02524280548095703,2
255,graficon15nodi/grafo778.15,32,15,17,26,28,0.0,0,27.0,0.003816366195678711,2
256,graficon15nodi/grafo855.15,32,15,17,25,27,0.0,0,38.0,0.003034830093383789,2
257,graficon18nodi/grafo1652.18,32,18,20,25,27,0.0,0,76.0,0.005463838577270508,2
258,graficon13nodi/grafo2659.13,32,13,16,25,28,0.0,0,43.0,0.005914211273193359,2
259,graficon17nodi/grafo2682.17,32,17,19,26,28,0.14285712712974963,2,87.99999997907759,1.1698079109191895,2
260,graficon16nodi/grafo1119.16,32,16,22,28,34,0.0,3,135.36247649595245,0.03580498695373535,2
261,graficon14nodi/grafo1870.14,32,14,21,28,35,0.0,3,88.775,0.01408243179321289,2
262,graficon19nodi/grafo1172.19,32,19,23,26,30,0.0,1,83.0,0.012320756912231445,2
263,graficon13nodi/grafo511.13,32,13,14,25,26,0.0,0,11.0,0.002719402313232422,2
264,graficon18nodi/grafo1648.18,32,18,24,26,32,0.0,5,94.06407242854038,0.04387235641479492,2
265,graficon17nodi/grafo893.17,32,17,21,26,30,0.0,0,102.0,0.009385347366333008,2
266,graficon17nodi/grafo917.17,32,17,20,28,31,0.0,0,47.0,0.00617671012878418,2
267,graficon23nodi/grafo2256.23,32,23,26,29,32,0.0,0,66.0,0.008806467056274414,2
268,graficon18nodi/grafo2556.18,32,18,22,28,32,0.0,0,74.0,0.008138895034790039,2
269,graficon15nodi/grafo2921.15,32,15,17,27,29,0.0,0,22.0,0.00418400764465332,2
270,graficon21nodi/grafo1762.21,32,21,25,25,29,2.8333333515815085,5,70.55280999105995,1.3388278484344482,2
271,graficon21nodi/grafo1064.21,32,21,26,25,30,7.429076714075646,9,62.87561709014852,2.051467180252075,2
272,graficon18nodi/grafo784.18,32,18,23,25,30,0.0,3,138.0,0.025568008422851562,2
273,graficon16nodi/grafo2236.16,32,16,20,28,32,0.0,1,64.00000000000003,0.028873682022094727,2
274,graficon17nodi/grafo2345.17,32,17,20,26,29,0.0,1,63.281250000000014,0.02202582359313965,2
275,graficon18nodi/grafo2307.18,32,18,23,26,31,0.0,3,90.40294621776069,0.031210899353027344,2
276,graficon17nodi/grafo1056.17,32,17,22,29,34,0.0,1,98.56249999999997,0.023906707763671875,2
277,graficon18nodi/grafo1152.18,32,18,24,28,34,0.0,1,68.375,0.029874324798583984,2
278,graficon24nodi/grafo3100.24,32,24,28,26,30,0.0,2,81.29709118073318,0.030518770217895508,2
279,graficon16nodi/grafo279.16,32,16,19,27,30,0.0,0,31.0,0.0051860809326171875,2
280,graficon17nodi/grafo2401.17,32,17,31,28,42,54.40085118547706,34,169.216304632229,15.176809787750244,2
281,graficon16nodi/grafo2302.16,32,16,20,25,29,0.0,1,43.75,0.011478900909423828,2
282,graficon16nodi/grafo2525.16,32,16,19,26,29,0.0,1,60.00000000000002,0.011687755584716797,2
283,graficon17nodi/grafo2924.17,32,17,22,28,33,0.0,1,116.0,0.028954029083251953,2
284,graficon22nodi/grafo167.22,32,22,24,29,31,0.0,1,78.17307692307693,0.029554128646850586,2
285,graficon16nodi/grafo2542.16,32,16,21,26,31,0.0,1,54.83027523279446,0.024462223052978516,2
286,graficon16nodi/grafo2636.16,32,16,22,26,32,2.4913561115713683,5,67.04997006684488,1.290926218032837,2
287,graficon17nodi/grafo2758.17,32,17,20,26,29,0.0,1,60.45000000000002,0.010771036148071289,2
288,graficon20nodi/grafo2554.20,32,20,22,25,27,0.0,1,69.00000000000001,0.02215409278869629,2
289,graficon25nodi/grafo2775.25,32,25,26,25,26,0.12499998476358293,2,91.43750002484701,1.1774146556854248,2
290,graficon19nodi/grafo409.19,32,19,22,25,28,0.0,2,86.0000000000002,0.021073579788208008,2
291,graficon16nodi/grafo2326.16,32,16,21,25,30,0.0,1,88.67857142857147,0.028983592987060547,2
292,graficon14nodi/grafo596.14,32,14,16,27,29,0.0,0,49.0,0.003523588180541992,2
293,graficon20nodi/grafo679.20,32,20,25,29,34,0.0,2,80.07900045538437,0.031821250915527344,2
294,graficon23nodi/grafo188.23,32,23,24,27,28,0.0,0,64.0,0.004626274108886719,2
295,graficon19nodi/grafo2449.19,32,19,24,25,30,0.1666666287263947,4,66.38076929087876,1.192598819732666,2
296,graficon23nodi/grafo1038.23,32,23,24,27,28,0.0,1,55.00000000000003,0.020470857620239258,2
297,graficon17nodi/grafo2177.17,32,17,22,26,31,0.0,0,86.0,0.007693052291870117,2
298,graficon20nodi/grafo786.20,32,20,23,26,29,0.0,2,74.28851949217488,1.191154956817627,2
299,graficon17nodi/grafo1875.17,32,17,21,28,32,0.0,1,142.0,0.028786659240722656,2
300,graficon14nodi/grafo796.14,32,14,19,27,32,0.08333332639770347,3,91.00000000361533,1.2162470817565918,2
301,graficon21nodi/grafo2119.21,32,21,27,32,38,0.1971313786533876,7,168.3122012165166,1.8496627807617188,2
302,graficon15nodi/grafo1013.15,32,15,23,31,39,0.0,2,173.08205520038473,1.1751632690429688,2
303,graficon17nodi/grafo415.17,32,17,24,33,40,1.40545620115091,5,139.39419663178384,1.2535569667816162,2
304,graficon26nodi/grafo578.26,32,26,27,30,31,0.0,1,109.00000000000014,0.01999521255493164,2
305,graficon25nodi/grafo2077.25,32,25,29,31,35,3.6046959090091395,7,104.67489710308783,1.5356905460357666,2
306,graficon29nodi/grafo2085.29,32,29,30,33,34,0.0,0,49.0,0.0059278011322021484,2
307,graficon19nodi/grafo1834.19,32,19,23,32,36,0.0,0,49.0,0.0056476593017578125,2
308,graficon24nodi/grafo1830.24,32,24,29,34,39,0.0,1,113.0,0.020096302032470703,2
309,graficon21nodi/grafo245.21,32,21,22,30,31,0.0,1,47.28125000000004,0.012250900268554688,2
310,graficon21nodi/grafo1645.21,32,21,23,30,32,0.0,0,88.0,0.007985115051269531,2
311,graficon20nodi/grafo1761.20,32,20,26,31,37,0.0,0,77.0,0.0069427490234375,2
312,graficon26nodi/grafo1805.26,32,26,31,33,38,1.7777734893268662,5,116.43750754529297,174.42089557647705,2
313,graficon18nodi/grafo2744.18,32,18,24,34,40,0.0,3,105.62500001662067,0.03736519813537598,2
314,graficon20nodi/grafo2268.20,32,20,24,32,36,0.0,3,81.09740261248157,0.03365278244018555,2
315,graficon25nodi/grafo2837.25,32,25,27,32,34,0.0,0,61.0,0.006947755813598633,2
316,graficon21nodi/grafo2833.21,32,21,24,30,33,0.0,1,52.0,0.013169527053833008,2
317,graficon20nodi/grafo3049.20,32,20,24,33,37,0.11111109767813972,2,73.00000002660326,1.1818342208862305,2
318,graficon26nodi/grafo1799.26,32,26,30,32,36,0.0,3,119.0193766022875,0.03523683547973633,2
319,graficon17nodi/grafo1403.17,32,17,23,30,36,0.0,1,115.65000000000005,0.030721426010131836,2
320,graficon27nodi/grafo2498.27,32,27,32,34,39,0.222222222222222,3,128.28125000000006,1.1990759372711182,2
321,graficon22nodi/grafo2819.22,32,22,25,33,36,0.0,0,87.0,0.004873037338256836,2
322,graficon16nodi/grafo421.16,32,16,22,33,39,0.0,1,157.5625000000001,0.020086288452148438,2
323,graficon14nodi/grafo1074.14,32,14,19,32,37,0.0,2,57.42500001104557,0.03211545944213867,2
324,graficon24nodi/grafo918.24,32,24,24,32,32,0.0,0,58.0,0.0052547454833984375,2
325,graficon18nodi/grafo1780.18,32,18,24,30,36,0.0,1,85.10000000000002,0.021348953247070312,2
326,graficon29nodi/grafo1198.29,32,29,29,31,31,0.0,1,66.00000000000001,0.012371063232421875,2
327,graficon15nodi/grafo2591.15,32,15,23,31,39,0.0,2,83.18429800311387,0.033048152923583984,2
328,graficon19nodi/grafo924.19,32,19,21,32,34,0.0,0,59.0,0.005903482437133789,2
329,graficon23nodi/grafo835.23,32,23,27,31,35,0.1428571728562332,6,115.250588424608,1.4161806106567383,2
330,graficon17nodi/grafo829.17,32,17,21,33,37,0.0,0,101.0,0.009872674942016602,2
331,graficon16nodi/grafo1635.16,32,16,25,34,43,0.0,1,120.00000000000006,0.022596359252929688,2
332,graficon14nodi/grafo649.14,32,14,24,32,42,0.0,5,160.20631803519635,0.04113268852233887,2
333,graficon18nodi/grafo1824.18,32,18,23,32,37,0.0,1,65.25,0.013364315032958984,2
334,graficon26nodi/grafo1629.26,32,26,29,30,33,0.0,1,85.25862067230844,0.02497410774230957,2
335,graficon15nodi/grafo1142.15,32,15,24,32,41,0.0,1,127.8125,0.023812294006347656,2
336,graficon22nodi/grafo2410.22,32,22,24,30,32,0.0,1,74.35000000000005,0.011887788772583008,2
337,graficon23nodi/grafo2028.23,32,23,32,32,41,5.9584795837065565,12,203.6876549676192,2.849029541015625,2
338,graficon25nodi/grafo1040.25,32,25,32,34,41,14.989284207780324,11,139.13047997706036,1.6892883777618408,2
339,graficon17nodi/grafo2494.17,32,17,20,30,33,0.0,1,82.55000000000001,0.010946512222290039,2
340,graficon21nodi/grafo381.21,32,21,23,31,33,0.0,1,72.0,0.011998653411865234,2
341,graficon19nodi/grafo2425.19,32,19,23,30,34,0.12499998487862736,2,107.7187500050986,1.1759886741638184,2
342,graficon26nodi/grafo1230.26,32,26,29,30,33,0.0,2,79.000000117777,0.03138589859008789,2
343,graficon17nodi/grafo1861.17,32,17,21,34,38,0.0,2,61.47058823621106,0.025354862213134766,2
344,graficon27nodi/grafo1232.27,32,27,31,33,37,0.189099438785145,7,190.12724425861882,2.511798143386841,2
345,graficon27nodi/grafo2582.27,32,27,27,34,34,0.0,0,62.0,0.005434751510620117,2
346,graficon24nodi/grafo2017.24,32,24,28,32,36,0.0,2,124.16921094964597,0.03471851348876953,2
347,graficon32nodi/grafo11636.32,32,32,32,33,33,0.0,0,70.0,0.0036056041717529297,2
348,graficon19nodi/grafo621.19,32,19,27,30,38,0.16666666666666652,3,171.81250000000003,1.1918175220489502,2
349,graficon16nodi/grafo2023.16,32,16,20,34,38,0.0,2,65.28125000000001,0.012713432312011719,2
350,graficon23nodi/grafo622.23,32,23,25,33,35,0.0,1,80.35714285714289,0.013225078582763672,2
351,graficon19nodi/grafo2135.19,32,19,23,33,37,0.0,2,102.03571428571435,0.02159714698791504,2
352,graficon15nodi/grafo879.15,32,15,20,30,35,0.0,0,135.0,0.008391618728637695,2
353,graficon22nodi/grafo1012.22,32,22,24,31,33,0.0,0,74.0,0.008279561996459961,2
354,graficon20nodi/grafo429.20,32,20,28,34,42,0.9249505816391306,6,100.3808793520058,1.3005728721618652,2
355,graficon26nodi/grafo1269.26,32,26,28,31,33,0.0,0,137.0,0.010061979293823242,2
356,graficon17nodi/grafo2520.17,32,17,24,32,39,0.09999999999999987,7,187.91735394739757,1.6395225524902344,2
357,graficon32nodi/grafo10052.32,32,32,33,34,35,0.0,0,78.0,0.005310773849487305,2
358,graficon20nodi/grafo874.20,32,20,25,34,39,0.0,1,75.875,0.020246267318725586,2
359,graficon20nodi/grafo1901.20,32,20,26,33,39,0.0,2,165.775,0.024625778198242188,2
360,graficon22nodi/grafo2456.22,32,22,26,33,37,0.0,0,68.0,0.009337663650512695,2
361,graficon17nodi/grafo276.17,32,17,20,31,34,0.0,1,66.67857142857143,0.024528026580810547,2
362,graficon25nodi/grafo575.25,32,25,29,34,38,0.0,2,99.43750000000003,0.02190852165222168,2
363,graficon17nodi/grafo517.17,32,17,23,33,39,0.0,1,98.22500000000005,0.019940614700317383,2
364,graficon19nodi/grafo1900.19,32,19,22,31,34,0.0,0,43.0,0.005120754241943359,2
365,graficon22nodi/grafo1422.22,32,22,22,30,30,0.0,0,81.0,0.006456136703491211,2
366,graficon25nodi/grafo862.25,32,25,28,33,36,0.0,1,119.00000000000014,0.021420717239379883,2
367,graficon23nodi/grafo545.23,32,23,28,32,37,0.0,1,91.45568915341097,0.025082111358642578,2
368,graficon24nodi/grafo2341.24,32,24,29,34,39,0.0,1,99.1875,0.022716283798217773,2
369,graficon26nodi/grafo1512.26,32,26,30,34,38,0.0,2,85.45089287203184,0.03469371795654297,2
370,graficon18nodi/grafo1626.18,32,18,27,32,41,4.474961791494521,8,142.91765208071703,3.1861512660980225,2
371,graficon21nodi/grafo2378.21,32,21,25,31,35,0.0,2,108.81250000000001,0.01964855194091797,2
372,graficon25nodi/grafo2051.25,32,25,26,33,34,0.0,0,49.0,0.004449129104614258,2
373,graficon32nodi/grafo9919.32,32,32,32,33,33,0.0,0,70.0,0.0036802291870117188,2
374,graficon18nodi/grafo1940.18,32,18,24,31,37,0.0,1,75.375,0.01868748664855957,2
375,graficon25nodi/grafo1338.25,32,25,26,34,35,0.0,0,45.0,0.011197566986083984,2
376,graficon33nodi/grafo11170.33,32,33,42,39,48,0.0,2,121.9999999117139,0.03959345817565918,2
377,graficon23nodi/grafo2966.23,32,23,26,36,39,0.0,0,34.0,0.006553173065185547,2
378,graficon29nodi/grafo1102.29,32,29,29,37,37,0.0,0,76.0,0.00587773323059082,2
379,graficon26nodi/grafo1340.26,32,26,31,38,43,0.24285711006758864,4,128.00000000465704,1.3737363815307617,2
380,graficon22nodi/grafo1850.22,32,22,28,38,44,0.0,1,84.87058824309835,0.03437018394470215,2
381,graficon28nodi/grafo2572.28,32,28,34,38,44,0.0,3,101.37029761467008,0.04143166542053223,2
382,graficon17nodi/grafo420.17,32,17,25,37,45,0.0769230692766578,3,129.8269230941276,1.1942572593688965,2
383,graficon20nodi/grafo2670.20,32,20,28,36,44,0.1023573469360887,3,141.33268360741565,1.1993536949157715,2
384,graficon26nodi/grafo2766.26,32,26,32,38,44,0.0,2,79.90000000000003,0.035423994064331055,2
385,graficon29nodi/grafo1333.29,32,29,31,38,40,0.0,0,96.0,0.011921405792236328,2
386,graficon21nodi/grafo1863.21,32,21,26,35,40,0.10178574628628174,4,115.82455547197267,1.250077724456787,2
387,graficon27nodi/grafo1623.27,32,27,30,37,40,0.0,1,63.0,0.011583089828491211,2
388,graficon33nodi/grafo2828.33,32,33,37,38,42,0.0,3,96.74999998991815,0.03943490982055664,2
389,graficon26nodi/grafo2606.26,32,26,32,36,42,2.4913560235393404,5,119.34615384632309,1.3058972358703613,2
390,graficon19nodi/grafo2371.19,32,19,24,35,40,0.0,0,102.0,0.009624719619750977,2
391,graficon25nodi/grafo2700.25,32,25,28,36,39,0.0,2,106.9250000000001,0.01973414421081543,2
392,graficon24nodi/grafo2587.24,32,24,28,36,40,0.1467890369393405,5,141.98694461347793,1.2795164585113525,2
393,graficon15nodi/grafo947.15,32,15,24,39,48,0.0,3,134.09090909090912,0.025107860565185547,2
394,graficon19nodi/grafo2562.19,32,19,28,36,45,0.0,4,222.8961538461539,0.023087501525878906,2
395,graficon32nodi/grafo11456.32,32,32,33,35,36,0.0,1,88.125,0.010875701904296875,2
396,graficon27nodi/grafo248.27,32,27,33,38,44,0.06666667330598867,4,97.85290705499438,1.3148736953735352,2
397,graficon22nodi/grafo2676.22,32,22,26,38,42,0.0,0,55.0,0.010146141052246094,2
398,graficon32nodi/grafo11607.32,32,32,38,39,45,0.0,4,135.25000009969318,0.03963017463684082,2
399,graficon19nodi/grafo2171.19,32,19,23,35,39,0.0,1,80.00000000000001,0.029836416244506836,2
400,graficon19nodi/grafo1666.19,32,19,28,37,46,0.0,1,193.0357142857144,0.022635936737060547,2
401,graficon33nodi/grafo11210.33,32,33,42,39,48,0.0,2,121.9999999117139,0.04374551773071289,2
402,graficon26nodi/grafo2123.26,32,26,28,35,37,0.0,1,142.0,0.021120548248291016,2
403,graficon26nodi/grafo3056.26,32,26,36,35,45,5.944444449181865,15,166.0880770814016,91.18185067176819,2
404,graficon30nodi/grafo1582.30,32,30,34,35,39,0.0,2,158.96608280254785,0.03593802452087402,2
405,graficon24nodi/grafo1440.24,32,24,32,37,45,0.05000001828474071,6,146.33577389248788,1.3627080917358398,2
406,graficon33nodi/grafo9903.33,32,33,42,39,48,0.0,2,121.9999999117139,0.04028797149658203,2
407,graficon23nodi/grafo1557.23,32,23,29,37,43,0.0,2,189.6500000000001,0.02480173110961914,2
408,graficon21nodi/grafo1941.21,32,21,26,37,42,0.0,1,108.67857142857146,0.031136751174926758,2
409,graficon13nodi/grafo317.13,32,13,21,38,46,0.0,2,144.26737448035823,0.03641796112060547,2
410,graficon33nodi/grafo154.33,32,33,34,36,37,0.0,0,96.0,0.006425142288208008,2
411,graficon31nodi/grafo10007.31,32,31,34,35,38,0.0,4,116.56730767012787,0.03560066223144531,2
412,graficon20nodi/grafo1764.20,32,20,25,37,42,0.0,2,114.0,0.01896190643310547,2
413,graficon31nodi/grafo5484.31,32,31,32,38,39,0.0,2,82.3201300358547,0.035077810287475586,2
414,graficon27nodi/grafo1286.27,32,27,31,36,40,0.0,2,92.71875,0.021872758865356445,2
415,graficon23nodi/grafo2200.23,32,23,29,38,44,0.0,2,111.32142857142857,0.022370100021362305,2
416,graficon24nodi/grafo872.24,32,24,28,37,41,0.250000014868396,2,97.16281257957743,0.03354477882385254,2
417,graficon22nodi/grafo605.22,32,22,26,39,43,0.0,0,162.0,0.012737512588500977,2
418,graficon29nodi/grafo1034.29,32,29,32,38,41,0.0,1,106.56249999999997,0.022214889526367188,2
419,graficon21nodi/grafo2356.21,32,21,27,35,41,0.0,2,78.00000000000004,0.018761634826660156,2
420,graficon33nodi/grafo10134.33,32,33,34,37,38,0.0,1,66.4375,0.02971959114074707,2
421,graficon32nodi/grafo9867.32,32,32,33,35,36,0.0,1,88.125,0.02171492576599121,2
422,graficon26nodi/grafo753.26,32,26,28,36,38,0.0,2,41.54999999999998,0.013833999633789062,2
423,graficon21nodi/grafo123.21,32,21,25,38,42,0.0,1,97.56250000000003,0.019676685333251953,2
424,graficon25nodi/grafo1360.25,32,25,30,35,40,0.16962471560435555,5,113.6646727870283,1.2787153720855713,2
425,graficon27nodi/grafo174.27,32,27,28,36,37,0.0,1,117.28125000000003,0.02108931541442871,2
426,graficon20nodi/grafo251.20,32,20,23,36,39,0.0,1,105.18181821508193,0.03277587890625,2
427,graficon18nodi/grafo2768.18,32,18,23,35,40,0.0,2,48.74882998959961,0.03284025192260742,2
428,graficon36nodi/grafo2402.36,32,36,38,39,41,0.0,0,149.0,0.010245084762573242,2
429,graficon30nodi/grafo1237.30,32,30,35,39,44,0.0,1,79.00000000000003,0.019915342330932617,2
430,graficon20nodi/grafo2284.20,32,20,30,37,47,0.0,6,138.64037347536586,1.244879961013794,2
431,graficon17nodi/grafo1160.17,32,17,23,39,45,0.0,1,119.00000000000003,0.03110957145690918,2
432,graficon27nodi/grafo2721.27,32,27,27,37,37,0.0,1,72.0,0.024196863174438477,2
433,graficon23nodi/grafo2691.23,32,23,31,39,47,0.07142857142857151,5,171.78571428571428,1.2720255851745605,2
434,graficon22nodi/grafo2875.22,32,22,27,38,43,0.0,2,156.64285714285725,0.022952795028686523,2
435,graficon33nodi/grafo11130.33,32,33,42,39,48,0.0,2,121.9999999117139,0.0396425724029541,2
436,graficon18nodi/grafo2805.18,32,18,25,36,43,0.0,3,156.8703500825762,0.03626418113708496,2
437,graficon16nodi/grafo2584.16,32,16,22,39,45,0.16666663038176568,2,69.25000016328205,1.1611213684082031,2
438,graficon17nodi/grafo597.17,32,17,24,36,43,0.0,0,178.0,0.009842157363891602,2
439,graficon24nodi/grafo1950.24,32,24,27,39,42,0.0,1,88.00000000000018,0.022745370864868164,2
440,graficon25nodi/grafo2067.25,32,25,28,38,41,0.0,1,80.00000000000001,0.030064821243286133,2
441,graficon15nodi/grafo2448.15,32,15,23,38,46,0.14285712706100975,2,115.00000000000003,1.184494972229004,2
442,graficon26nodi/grafo1273.26,32,26,27,36,37,0.0,0,82.0,0.011588573455810547,2
443,graficon32nodi/grafo11397.32,32,32,33,37,38,0.0,0,88.0,0.006216526031494141,2
444,graficon33nodi/grafo11023.33,32,33,33,36,36,0.0,0,69.0,0.004006385803222656,2
445,graficon33nodi/grafo11026.33,32,33,36,39,42,0.2094241105868132,3,106.40378392601406,1.250274896621704,2
446,graficon17nodi/grafo945.17,32,17,22,36,41,0.0,0,102.0,0.009214401245117188,2
447,graficon25nodi/grafo584.25,32,25,29,35,39,0.11299425937069096,4,234.44576268580764,1.24568772315979,2
448,graficon12nodi/grafo2426.12,32,12,18,38,44,0.0,0,101.0,0.009471654891967773,2
449,graficon18nodi/grafo2731.18,32,18,23,35,40,0.0,0,77.0,0.006688117980957031,2
450,graficon23nodi/grafo2217.23,32,23,29,35,41,0.12499999999999989,9,160.00000093882875,2.1078248023986816,2
451,graficon26nodi/grafo2108.26,32,26,35,41,50,2.974505346427625,10,135.15676097746262,4.0073771476745605,2
452,graficon31nodi/grafo11581.31,32,31,36,42,47,0.19999999999999996,4,158.74693571296015,1.2474782466888428,2
453,graficon25nodi/grafo1271.25,32,25,30,40,45,0.125,3,153.46875,1.2323899269104004,2
454,graficon31nodi/grafo11454.31,32,31,36,42,47,0.19999999999999996,4,158.74693571296015,1.2310142517089844,2
455,graficon25nodi/grafo163.25,32,25,37,44,56,35.487864840982084,26,192.7715690131928,50.90470051765442,2
456,graficon19nodi/grafo950.19,32,19,23,43,47,0.0,0,120.0,0.008373022079467773,2
457,graficon30nodi/grafo1252.30,32,30,34,43,47,0.0,0,73.0,0.009665727615356445,2
458,graficon27nodi/grafo1217.27,32,27,29,42,44,0.0,0,91.0,0.008392095565795898,2
459,graficon34nodi/grafo11331.34,32,34,41,43,50,0.0,3,102.13525465382466,0.03274226188659668,2
460,graficon20nodi/grafo1873.20,32,20,27,40,47,2.777776268767111,6,143.58486160211325,2.320561647415161,2
461,graficon34nodi/grafo5197.34,32,34,36,43,45,0.0,0,97.0,0.008377313613891602,2
462,graficon28nodi/grafo1615.28,32,28,35,43,50,11.740886594802813,8,197.3036060347856,1.365100622177124,2
463,graficon27nodi/grafo3039.27,32,27,31,44,48,0.0,1,118.71875,0.01969623565673828,2
464,graficon37nodi/grafo2519.37,32,37,39,44,46,0.0,0,113.0,0.014877080917358398,2
465,graficon27nodi/grafo2037.27,32,27,31,42,46,0.0,2,144.65416666666664,0.027777910232543945,2
466,graficon20nodi/grafo1757.20,32,20,25,41,46,0.0,1,116.75,0.03148031234741211,2
467,graficon23nodi/grafo551.23,32,23,29,43,49,0.0,0,143.0,0.0114288330078125,2
468,graficon32nodi/grafo10795.32,32,32,35,43,46,0.0,1,132.00000000000017,0.026140689849853516,2
469,graficon33nodi/grafo5994.33,32,33,36,42,45,0.0,0,87.0,0.01059103012084961,2
470,graficon23nodi/grafo2712.23,32,23,30,40,47,0.0,1,92.43750000000006,0.023131608963012695,2
471,graficon22nodi/grafo1894.22,32,22,30,40,48,0.0,5,173.65533266951832,0.04918813705444336,2
472,graficon28nodi/grafo1190.28,32,28,31,43,46,0.08333332676210715,3,165.86607143690514,1.2085771560668945,2
473,graficon32nodi/grafo1455.32,32,32,38,43,49,0.09999998727315115,2,157.9999999957012,1.1876935958862305,2
474,graficon18nodi/grafo1086.18,32,18,26,41,49,0.0,1,175.00000000000014,0.023236513137817383,2
475,graficon34nodi/grafo9918.34,32,34,34,43,43,0.0,0,94.0,0.003832578659057617,2
476,graficon32nodi/grafo1226.32,32,32,34,43,45,0.0,1,95.0,0.020859956741333008,2
477,graficon35nodi/grafo7133.35,32,35,38,43,46,0.0,3,152.00000000000006,0.02536177635192871,2
478,graficon34nodi/grafo11544.34,32,34,34,43,43,0.0,0,94.0,0.0039751529693603516,2
479,graficon14nodi/grafo2738.14,32,14,23,40,49,0.0,1,152.0,0.022626638412475586,2
480,graficon27nodi/grafo2958.27,32,27,32,42,47,0.0,0,105.0,0.008995532989501953,2
481,graficon31nodi/grafo3686.31,32,31,36,42,47,0.19999999999999996,4,158.74693571296015,1.2352302074432373,2
482,graficon14nodi/grafo701.14,32,14,20,42,48,0.0,1,86.0,0.019593477249145508,2
483,graficon33nodi/grafo9921.33,32,33,36,43,46,0.0,1,116.0,0.022459745407104492,2
484,graficon27nodi/grafo2876.27,32,27,32,41,46,0.0,2,131.59375000000014,0.022840261459350586,2
485,graficon25nodi/grafo1234.25,32,25,33,42,50,0.0,2,163.0,0.027605056762695312,2
486,graficon26nodi/grafo1285.26,32,26,30,42,46,0.0,2,92.94027603372247,0.032295942306518555,2
487,graficon30nodi/grafo2365.30,32,30,34,40,44,0.17647058823529416,4,190.00146038840197,1.2765462398529053,2
488,graficon26nodi/grafo798.26,32,26,32,41,47,0.14285713137389464,5,119.22147275850268,1.3876235485076904,2
489,graficon21nodi/grafo1682.21,32,21,41,43,63,59.388922541596614,33,279.9130266327739,15.245421648025513,2
490,graficon32nodi/grafo5244.32,32,32,38,42,48,0.0,0,75.0,0.009110450744628906,2
491,graficon23nodi/grafo2854.23,32,23,29,44,50,0.08333332673174998,2,107.00000000516178,1.1895384788513184,2
492,graficon32nodi/grafo1053.32,32,32,41,43,52,0.09195336361461603,6,244.59326289826814,1.4548289775848389,2
493,graficon21nodi/grafo2756.21,32,21,26,40,45,0.0,2,74.67857142857144,0.020144224166870117,2
494,graficon22nodi/grafo1503.22,32,22,26,44,48,0.0,0,77.0,0.009074687957763672,2
495,graficon22nodi/grafo2370.22,32,22,28,41,47,0.0,1,76.6917192069571,0.03249192237854004,2
496,graficon23nodi/grafo2769.23,32,23,27,44,48,0.0,2,105.00000000000006,0.022213459014892578,2
497,graficon28nodi/grafo124.28,32,28,29,41,42,0.0,1,108.00000000000003,0.013254880905151367,2
498,graficon31nodi/grafo9916.31,32,31,36,42,47,0.19999999999999996,4,158.74693571296015,1.2332704067230225,2
499,graficon33nodi/grafo11631.33,32,33,43,41,51,0.0,3,140.00000000847922,0.03641366958618164,2
500,graficon30nodi/grafo1256.30,32,30,33,40,43,0.0,0,84.0,0.008340835571289062,2
501,graficon32nodi/grafo10231.32,32,32,35,43,46,0.0,0,83.0,0.00739598274230957,2
502,graficon34nodi/grafo11277.34,32,34,35,41,42,0.0,0,52.0,0.00504755973815918,2
503,graficon34nodi/grafo2464.34,32,34,38,44,48,0.0,5,120.30565228105482,0.043279170989990234,2
504,graficon27nodi/grafo1199.27,32,27,30,40,43,0.0,0,76.0,0.004616498947143555,2
505,graficon25nodi/grafo1614.25,32,25,27,41,43,0.0,1,134.77500000000006,0.02072453498840332,2
506,graficon29nodi/grafo1376.29,32,29,34,42,47,0.0,3,175.97954545454544,0.038510799407958984,2
507,graficon35nodi/grafo3480.35,32,35,35,44,44,0.0,0,107.0,0.010334968566894531,2
508,graficon29nodi/grafo1587.29,32,29,35,42,48,0.0,1,147.0381136932835,0.04045915603637695,2
509,graficon34nodi/grafo6050.34,32,34,41,43,50,0.12499998911631609,3,132.71875001148885,1.209155559539795,2
510,graficon25nodi/grafo2755.25,32,25,32,42,49,0.0,5,124.44642857142863,0.026365995407104492,2
511,graficon23nodi/grafo2853.23,32,23,34,40,51,12.211296813763509,15,199.6469738085176,600.8955502510071,9
512,graficon34nodi/grafo10281.34,32,34,41,42,49,0.0,1,160.00000000000006,0.024460315704345703,2
513,graficon34nodi/grafo11630.34,32,34,40,44,50,0.0,1,169.79545454545467,0.03691983222961426,2
514,graficon28nodi/grafo2436.28,32,28,37,44,53,0.14731851336988422,8,233.97421752754389,2.3646156787872314,2
515,graficon34nodi/grafo9878.34,32,34,39,41,46,0.0,2,177.23255478466666,0.036342620849609375,2
516,graficon32nodi/grafo3901.32,32,32,38,42,48,0.0,3,159.87499999999997,0.03519773483276367,2
517,graficon35nodi/grafo11455.35,32,35,35,42,42,0.0,0,82.0,0.00792384147644043,2
518,graficon28nodi/grafo296.28,32,28,36,43,51,0.0,11,183.57321645340312,0.08112955093383789,2
519,graficon25nodi/grafo1251.25,32,25,26,40,41,0.0,0,67.0,0.007031679153442383,2
520,graficon34nodi/grafo11319.34,32,34,40,42,48,0.18181818181818166,3,137.79545454545485,1.1820063591003418,2
521,graficon34nodi/grafo11660.34,32,34,36,43,45,0.0,1,171.55000000000013,0.025385618209838867,2
522,graficon31nodi/grafo2394.31,32,31,36,43,48,4.444441087399202,5,219.06077423417713,2.9734222888946533,2
523,graficon26nodi/grafo1218.26,32,26,28,42,44,0.0,0,109.0,0.01214456558227539,2
524,graficon37nodi/grafo6342.37,32,37,42,44,49,0.17738348389301062,7,226.8999996764062,1.4994282722473145,2
525,graficon28nodi/grafo1311.28,32,28,34,42,48,0.0,5,128.17775625440595,0.0428159236907959,2
526,graficon19nodi/grafo1826.19,32,19,27,46,54,0.0,2,231.00000000000006,0.040651798248291016,2
527,graficon14nodi/grafo1951.14,32,14,25,46,57,0.12499998536859955,3,180.4097323819243,1.2137603759765625,2
528,graficon37nodi/grafo3547.37,32,37,38,49,50,0.0,0,85.0,0.010339498519897461,2
529,graficon34nodi/grafo11207.34,32,34,38,48,52,0.10000000000000031,4,142.67499999999998,1.2398097515106201,2
530,graficon31nodi/grafo10887.31,32,31,36,46,51,0.0,0,69.0,0.01136159896850586,2
531,graficon32nodi/grafo1255.32,32,32,37,46,51,0.0,1,104.25,0.021019458770751953,2
532,graficon28nodi/grafo1840.28,32,28,34,48,54,0.10235722913865719,4,179.2303040151103,1.2611682415008545,2
533,graficon21nodi/grafo630.21,32,21,28,45,52,0.0,1,118.25,0.024501800537109375,2
534,graficon26nodi/grafo3044.26,32,26,34,48,56,0.07142856491548721,3,128.83928571374327,1.2192237377166748,2
535,graficon23nodi/grafo1806.23,32,23,28,48,53,0.0,0,95.0,0.014171600341796875,2
536,graficon31nodi/grafo10458.31,32,31,36,46,51,0.0,0,69.0,0.011454582214355469,2
537,graficon35nodi/grafo10620.35,32,35,41,46,52,0.0,3,207.25000000000003,0.04081439971923828,2
538,graficon22nodi/grafo249.22,32,22,31,46,55,0.0,4,148.61949019162307,0.04916882514953613,2
539,graficon32nodi/grafo745.32,32,32,36,45,49,0.0,0,105.0,0.014211177825927734,2
540,graficon35nodi/grafo5759.35,32,35,39,45,49,0.0,1,92.0,0.013313770294189453,2
541,graficon33nodi/grafo11516.33,32,33,42,45,54,0.14285711560066172,4,161.9557238444581,1.2484281063079834,2
542,graficon25nodi/grafo2437.25,32,25,30,48,53,0.0,1,118.82285710482041,0.033550262451171875,2
543,graficon31nodi/grafo1301.31,32,31,40,47,56,0.09227727335446967,7,253.29676917519006,1.5209534168243408,2
544,graficon38nodi/grafo3332.38,32,38,43,45,50,0.0,2,234.64473684210537,0.037451744079589844,2
545,graficon22nodi/grafo2748.22,32,22,29,45,52,0.0,0,162.0,0.015397787094116211,2
546,graficon27nodi/grafo1253.27,32,27,32,45,50,0.0,2,206.7857144226836,0.0391693115234375,2
547,graficon36nodi/grafo3862.36,32,36,41,46,51,0.0,4,161.42385275318884,0.0392146110534668,2
548,graficon28nodi/grafo1202.28,32,28,36,45,53,0.09090909090909105,4,159.01220829533165,1.3068251609802246,2
549,graficon37nodi/grafo5957.37,32,37,39,48,50,0.0,0,226.0,0.018396615982055664,2
550,graficon38nodi/grafo6734.38,32,38,41,45,48,0.0,1,216.22500000000002,0.02812790870666504,2
551,graficon36nodi/grafo5561.36,32,36,38,47,49,0.0,0,72.0,0.006263256072998047,2
552,graficon31nodi/grafo10011.31,32,31,36,46,51,0.0,0,69.0,0.011365413665771484,2
553,graficon36nodi/grafo6066.36,32,36,39,48,51,0.0,0,141.0,0.0167844295501709,2
554,graficon31nodi/grafo1362.31,32,31,37,45,51,0.0,1,157.140625,0.028231382369995117,2
555,graficon27nodi/grafo1200.27,32,27,36,46,55,0.0,0,258.0,0.019145488739013672,2
556,graficon39nodi/grafo6087.39,32,39,46,48,55,0.30894896897120805,9,182.2000056449157,4.397758960723877,2
557,graficon33nodi/grafo5247.33,32,33,38,46,51,0.0,0,102.0,0.0060634613037109375,2
558,graficon36nodi/grafo6811.36,32,36,44,48,56,0.0,2,129.10041368689332,0.03704380989074707,2
559,graficon23nodi/grafo1798.23,32,23,31,48,56,0.0,3,185.08928571428578,0.027436256408691406,2
560,graficon27nodi/grafo2275.27,32,27,32,46,51,0.0,2,214.00000000000006,0.02888321876525879,2
561,graficon26nodi/grafo2981.26,32,26,36,45,55,4.444444458606557,10,198.57390427107424,13.874655485153198,2
562,graficon36nodi/grafo3414.36,32,36,39,46,49,0.0,2,142.5,0.023962736129760742,2
563,graficon19nodi/grafo2428.19,32,19,23,45,49,0.0,1,75.87500000000003,0.02948904037475586,2
564,graficon35nodi/grafo10085.35,32,35,41,46,52,0.08492440042418425,8,216.59700511511454,2.0070390701293945,2
565,graficon32nodi/grafo1379.32,32,32,39,48,55,0.27272727272727226,3,166.99999999999991,1.17985200881958,2
566,graficon26nodi/grafo173.26,32,26,31,46,51,0.0,3,122.7499999810749,0.03796792030334473,2
567,graficon38nodi/grafo5236.38,32,38,43,49,54,0.0,2,172.39732142857144,0.02464890480041504,2
568,graficon26nodi/grafo2399.26,32,26,31,46,51,0.0,2,197.00000000000006,0.02503657341003418,2
569,graficon31nodi/grafo11421.31,32,31,37,46,52,0.1428571428571428,4,137.16071428571436,1.2601094245910645,2
570,graficon40nodi/grafo7698.40,32,40,47,49,56,0.0,1,188.5909090909092,0.03013300895690918,2
571,graficon35nodi/grafo1925.35,32,35,36,48,49,0.0,0,110.0,0.014069557189941406,2
572,graficon25nodi/grafo1319.25,32,25,31,47,53,0.0,3,157.3000000000001,0.04231452941894531,2
573,graficon26nodi/grafo2999.26,32,26,30,45,49,0.0,2,127.45000000000005,0.022017955780029297,2
574,graficon21nodi/grafo1632.21,32,21,26,48,53,0.0,0,60.0,0.009162187576293945,2
575,graficon32nodi/grafo9975.32,32,32,39,48,55,0.07142857142857084,4,205.0,1.3261058330535889,2
576,graficon33nodi/grafo5182.33,32,33,38,49,54,0.0,0,97.0,0.016317129135131836,2
577,graficon32nodi/grafo11121.32,32,32,40,47,55,0.11111109705827227,4,159.00000001669866,1.218926191329956,2
578,graficon35nodi/grafo6642.35,32,35,42,49,56,0.14285714285714268,5,191.00000000000017,1.217940092086792,2
579,graficon28nodi/grafo932.28,32,28,35,45,52,0.0,2,229.00000000000034,0.03853034973144531,2
580,graficon34nodi/grafo2578.34,32,34,36,48,50,0.0,1,133.59090909090912,0.02500748634338379,2
581,graficon33nodi/grafo11538.33,32,33,38,47,52,0.0,3,192.55000000000015,0.02799677848815918,2
582,graficon33nodi/grafo10562.33,32,33,39,48,54,0.09263157888241802,4,188.6863226247736,1.2661640644073486,2
583,graficon35nodi/grafo2815.35,32,35,43,47,55,3.856498138476265,9,142.15172169039687,2.7840631008148193,2
584,graficon18nodi/grafo374.18,32,18,25,46,53,0.0,0,126.0,0.013721227645874023,2
585,graficon34nodi/grafo5148.34,32,34,37,47,50,0.0,1,111.00000000000007,0.02504897117614746,2
586,graficon35nodi/grafo11567.35,32,35,43,45,53,0.0,1,186.79545454545456,0.02209639549255371,2
587,graficon31nodi/grafo1115.31,32,31,43,45,57,2.732131780937059,12,223.0962535902707,88.45411324501038,2
588,graficon34nodi/grafo2363.34,32,34,39,48,53,0.0,3,203.8599556208192,0.04273343086242676,2
589,graficon33nodi/grafo11375.33,32,33,39,48,54,0.0,3,207.28458622155136,0.04180908203125,2
590,graficon36nodi/grafo5879.36,32,36,42,46,52,0.0,4,173.05017636493147,0.046228885650634766,2
591,graficon35nodi/grafo5820.35,32,35,38,45,48,0.0,1,133.409090909091,0.0231778621673584,2
592,graficon17nodi/grafo678.17,32,17,25,48,56,0.0,1,126.43750000000009,0.0233762264251709,2
593,graficon32nodi/grafo9954.32,32,32,34,46,48,0.0,1,76.0,0.012392044067382812,2
594,graficon35nodi/grafo5966.35,32,35,45,47,57,3.111107898135948,10,156.87325426733452,65.92790865898132,2
595,graficon35nodi/grafo5522.35,32,35,40,46,51,0.0,6,131.43343093400242,0.05486655235290527,2
596,graficon22nodi/grafo2807.22,32,22,27,46,51,0.0,2,58.23227380959795,0.03280162811279297,2
597,graficon32nodi/grafo3106.32,32,32,38,48,54,0.0,3,120.66369449719375,0.04302239418029785,2
598,graficon36nodi/grafo5667.36,32,36,40,46,50,0.0,0,102.0,0.009378194808959961,2
599,graficon31nodi/grafo2262.31,32,31,40,47,56,0.2307692307692305,3,270.0,1.2004716396331787,2
600,graficon33nodi/grafo10456.33,32,33,38,48,53,0.0,4,107.36253602753482,0.0446619987487793,2
601,graficon33nodi/grafo1915.33,32,33,44,54,65,0.0,2,238.4910714285714,0.0578150749206543,2
602,graficon36nodi/grafo3304.36,32,36,47,53,64,18.22566005909224,15,284.73477924954943,1.9531025886535645,2
603,graficon36nodi/grafo11296.36,32,36,44,50,58,24.748613280197006,18,161.91352518800704,48.68150496482849,2
604,graficon37nodi/grafo3729.37,32,37,45,54,62,0.07142856463744834,3,204.67857143101338,1.2683331966400146,2
605,graficon36nodi/grafo2212.36,32,36,41,54,59,0.0,2,173.73551332197485,0.040383338928222656,2
606,graficon31nodi/grafo1989.31,32,31,33,54,56,0.0,0,76.0,0.0129852294921875,2
607,graficon35nodi/grafo10658.35,32,35,41,50,56,0.0,3,177.84245237340625,0.0486607551574707,2
608,graficon39nodi/grafo5309.39,32,39,46,54,61,0.11495535920439809,5,295.6941103742129,1.5294606685638428,2
609,graficon34nodi/grafo5495.34,32,34,43,53,62,0.11111105387685638,7,199.3837744227428,1.4176301956176758,2
610,graficon37nodi/grafo3433.37,32,37,42,54,59,0.0,3,175.46687015089344,0.04572725296020508,2
611,graficon34nodi/grafo9882.34,32,34,39,50,55,0.0,0,127.0,0.014822006225585938,2
612,graficon22nodi/grafo1154.22,32,22,28,50,56,0.0,3,131.8749450012441,0.04495549201965332,2
613,graficon22nodi/grafo1715.22,32,22,34,54,66,0.0,3,292.771168275371,0.053423166275024414,2
614,graficon36nodi/grafo3282.36,32,36,40,54,58,0.0,2,201.5,0.029718637466430664,2
615,graficon36nodi/grafo3153.36,32,36,43,53,60,0.0,2,155.50892857142873,0.029673337936401367,2
616,graficon34nodi/grafo4029.34,32,34,40,50,56,0.3279202104491037,6,166.6046505828363,1.3044376373291016,2
617,graficon32nodi/grafo1784.32,32,32,36,52,56,0.0,3,127.61538461538461,0.03517484664916992,2
618,graficon33nodi/grafo2397.33,32,33,39,50,56,3.6666652100176904,5,133.67618848093687,1.5882837772369385,2
619,graficon39nodi/grafo7363.39,32,39,43,51,55,0.0,3,197.72727272581304,0.05051112174987793,2
620,graficon34nodi/grafo11241.34,32,34,39,50,55,0.0,0,127.0,0.014545440673828125,2
621,graficon31nodi/grafo1689.31,32,31,34,53,56,0.0,0,87.0,0.012075424194335938,2
622,graficon39nodi/grafo6808.39,32,39,45,51,57,0.18181818181818155,6,265.59090909090946,1.6907620429992676,2
623,graficon24nodi/grafo522.24,32,24,30,51,57,0.12499998381871817,4,148.071428586905,1.229050874710083,2
624,graficon25nodi/grafo2016.25,32,25,33,50,58,0.0,2,140.642936130794,0.04051327705383301,2
625,graficon24nodi/grafo1667.24,32,24,29,50,55,0.0,1,124.25,0.020204544067382812,2
626,graficon40nodi/grafo5346.40,32,40,44,52,56,0.0,6,227.46093755513652,0.0546722412109375,2
627,graficon34nodi/grafo11531.34,32,34,37,50,53,0.0,1,138.0,0.027146100997924805,2
628,graficon23nodi/grafo1974.23,32,23,27,54,58,0.0,1,127.25,0.023520708084106445,2
629,graficon30nodi/grafo1183.30,32,30,39,50,59,0.1481481057403018,6,255.10632166395632,1.2382421493530273,2
630,graficon35nodi/grafo7366.35,32,35,43,51,59,0.0,1,164.5625,0.03391385078430176,2
631,graficon33nodi/grafo9869.33,32,33,38,50,55,0.0,2,100.32872729686228,0.027683496475219727,2
632,graficon38nodi/grafo3247.38,32,38,43,50,55,0.0,3,279.3185552770349,0.043320655822753906,2
633,graficon36nodi/grafo5319.36,32,36,44,53,61,0.0,2,314.70000000000005,0.05020403861999512,2
634,graficon30nodi/grafo11384.30,32,30,34,50,54,0.0,2,121.0,0.024661779403686523,2
635,graficon38nodi/grafo3966.38,32,38,42,54,58,0.0,4,220.1176471098887,0.05082249641418457,2
636,graficon32nodi/grafo3012.32,32,32,38,54,60,0.0,3,191.0,0.04813504219055176,2
637,graficon33nodi/grafo1174.33,32,33,41,53,61,0.14285711658733632,4,267.3392857438393,1.2321405410766602,2
638,graficon35nodi/grafo11415.35,32,35,43,52,60,0.0,5,164.81043956043976,0.033720970153808594,2
639,graficon36nodi/grafo10746.36,32,36,42,54,60,0.0,0,119.0,0.014541864395141602,2
640,graficon38nodi/grafo6579.38,32,38,49,54,65,0.0,7,262.72639896451534,0.07176685333251953,2
641,graficon32nodi/grafo10058.32,32,32,40,51,59,0.0,3,161.72777008372964,0.04596066474914551,2
642,graficon34nodi/grafo11614.34,32,34,39,50,55,0.0,0,127.0,0.01456904411315918,2
643,graficon38nodi/grafo6106.38,32,38,47,53,62,12.49509383432497,11,184.49744919259496,16.453767776489258,2
644,graficon26nodi/grafo309.26,32,26,36,54,64,0.11983835836566059,6,246.86171096535426,1.6184453964233398,2
645,graficon34nodi/grafo10483.34,32,34,45,50,61,0.24412285798887537,8,211.61335074224758,1.7057631015777588,2
646,graficon34nodi/grafo3023.34,32,34,42,54,62,0.0,2,191.6223776223776,0.03817033767700195,2
647,graficon35nodi/grafo11423.35,32,35,42,54,61,0.0,4,185.4538912285188,0.04076838493347168,2
648,graficon26nodi/grafo1952.26,32,26,31,54,59,0.09090908407615073,3,159.63474025900817,1.1882209777832031,2
649,graficon38nodi/grafo5993.38,32,38,44,53,59,0.0,4,152.12071611221893,0.05034375190734863,2
650,graficon17nodi/grafo2227.17,32,17,25,50,58,0.0,2,124.72824235193272,0.039926767349243164,2
651,graficon34nodi/grafo2082.34,32,34,38,54,58,0.0,0,86.0,0.012430667877197266,2
652,graficon27nodi/grafo1746.27,32,27,38,52,63,0.22222222222222243,3,184.09615384615395,1.1971914768218994,2
653,graficon33nodi/grafo3214.33,32,33,44,52,63,1.422553377690467,14,226.0534131834984,600.5138189792633,9
654,graficon28nodi/grafo3060.28,32,28,36,51,59,0.0,4,145.0884916237167,0.04228687286376953,2
655,graficon24nodi/grafo1158.24,32,24,34,52,62,0.1833333333333359,6,233.91049425130444,1.7731869220733643,2
656,graficon33nodi/grafo11638.33,32,33,38,53,58,0.0,2,139.3461538481188,0.03877401351928711,2
657,graficon35nodi/grafo7548.35,32,35,42,54,61,0.0,1,218.2812500000001,0.043317317962646484,2
658,graficon34nodi/grafo5827.34,32,34,40,51,57,0.0,2,232.6019230769235,0.03255105018615723,2
659,graficon34nodi/grafo5485.34,32,34,43,52,61,0.22499998469176008,5,256.40937506968646,1.7650237083435059,2
660,graficon35nodi/grafo6897.35,32,35,47,52,64,0.053054680623571326,10,265.8504575940565,4.318310976028442,2
661,graficon34nodi/grafo5498.34,32,34,41,54,61,0.0,4,238.6055257275537,0.05978536605834961,2
662,graficon34nodi/grafo5856.34,32,34,41,50,57,0.0,4,195.02500038321165,0.05168032646179199,2
663,graficon40nodi/grafo4073.40,32,40,42,51,53,0.0,2,301.2766428481993,0.04922294616699219,2
664,graficon36nodi/grafo10619.36,32,36,41,51,56,0.0,1,189.00000000000006,0.03756427764892578,2
665,graficon42nodi/grafo7119.42,32,42,46,50,54,0.0,2,280.39596669015555,0.042115211486816406,2
666,graficon36nodi/grafo11525.36,32,36,45,53,62,0.28571428571428514,6,184.49999718067318,1.4135715961456299,2
667,graficon35nodi/grafo11234.35,32,35,35,51,51,0.0,0,114.0,0.005924224853515625,2
668,graficon24nodi/grafo2787.24,32,24,35,51,62,0.14285715773469104,7,187.53885774248957,1.373103380203247,2
669,graficon40nodi/grafo3874.40,32,40,46,50,56,0.0,4,193.16071428571453,0.03704953193664551,2
670,graficon28nodi/grafo1569.28,32,28,36,53,61,0.0,1,166.1730769230769,0.02700328826904297,2
671,graficon35nodi/grafo2098.35,32,35,42,50,57,0.16666663038190244,3,143.12500008164076,1.1709208488464355,2
672,graficon34nodi/grafo2031.34,32,34,42,53,61,0.0,4,140.2798387040215,0.05247306823730469,2
673,graficon30nodi/grafo11667.30,32,30,34,52,56,0.0,0,54.0,0.011796951293945312,2
674,graficon30nodi/grafo1345.30,32,30,44,50,64,0.1497326211760646,15,353.13899232581855,19.890836000442505,2
675,graficon29nodi/grafo2054.29,32,29,35,50,56,0.0,2,98.72528559410925,0.037177324295043945,2
676,graficon41nodi/grafo4004.41,32,41,48,57,64,0.08333333333333359,5,162.22435774995634,1.2951960563659668,2
677,graficon37nodi/grafo2224.37,32,37,45,58,66,0.30656106028686775,11,333.31548760947175,2.1814393997192383,2
678,graficon34nodi/grafo6076.34,32,34,44,56,66,0.0,2,320.75,0.044423818588256836,2
679,graficon40nodi/grafo5714.40,32,40,52,59,71,15.69905420296539,18,286.1336680050179,22.96833372116089,2
680,graficon38nodi/grafo9968.38,32,38,44,55,61,0.0,1,153.56250000000009,0.03636002540588379,2
681,graficon28nodi/grafo1201.28,32,28,38,58,68,0.0,5,181.2500000000001,0.04690885543823242,2
682,graficon35nodi/grafo10708.35,32,35,46,55,66,2.973960489146831,19,349.96987669255253,336.9986400604248,2
683,graficon21nodi/grafo433.21,32,21,28,55,62,0.0,5,121.48458564643565,0.05581784248352051,2
684,graficon34nodi/grafo5143.34,32,34,40,57,63,0.0,1,146.0,0.028779268264770508,2
685,graficon36nodi/grafo11677.36,32,36,49,56,69,0.16752456346793043,8,212.3163959168943,3.0547828674316406,2
686,graficon37nodi/grafo3125.37,32,37,42,58,63,0.0,2,121.00000000000003,0.02693915367126465,2
687,graficon37nodi/grafo7307.37,32,37,47,55,65,0.0,3,169.22499999999997,0.03223443031311035,2
688,graficon37nodi/grafo6450.37,32,37,46,57,66,0.0,4,132.99978793283307,0.03733062744140625,2
689,graficon39nodi/grafo3679.39,32,39,43,56,60,0.2307692307692305,5,147.2270606035832,1.2654798030853271,2
690,graficon38nodi/grafo6656.38,32,38,46,57,65,0.0,3,223.90865384615392,0.03916168212890625,2
691,graficon34nodi/grafo11409.34,32,34,35,56,57,0.0,1,79.0,0.02068471908569336,2
692,graficon38nodi/grafo6939.38,32,38,51,57,70,5.733334027515628,12,333.1226163006719,15.41105842590332,2
693,graficon33nodi/grafo2687.33,32,33,46,56,69,9.055550714777906,15,328.699558828616,600.4608798027039,9
694,graficon38nodi/grafo3351.38,32,38,46,55,63,0.28191218643345095,7,199.25000066450156,2.3159139156341553,2
695,graficon37nodi/grafo7087.37,32,37,44,59,66,0.0,2,138.34615384615398,0.04337477684020996,2
696,graficon36nodi/grafo11468.36,32,36,47,58,69,19.048024808647178,20,298.44190454847467,50.12228536605835,2
697,graficon31nodi/grafo1946.31,32,31,38,59,66,0.0,3,180.2499999115206,0.04359292984008789,2
698,graficon32nodi/grafo1908.32,32,32,39,55,62,0.0,3,209.5625000000001,0.041283369064331055,2
699,graficon40nodi/grafo3255.40,32,40,46,56,62,0.0909090909090906,8,218.79643179887265,1.3237063884735107,2
700,graficon37nodi/grafo5301.37,32,37,44,58,65,0.0,3,260.71875000000034,0.05064654350280762,2
701,graficon35nodi/grafo5613.35,32,35,46,57,68,0.0,11,325.32880022166177,1.2600083351135254,2
702,graficon35nodi/grafo2990.35,32,35,48,59,72,13.16752296365668,13,239.7379327668892,8.166831254959106,2
703,graficon43nodi/grafo6878.43,32,43,48,56,61,0.0,5,188.65969271572482,0.05484580993652344,2
704,graficon27nodi/grafo1390.27,32,27,39,57,69,0.25,10,268.94158430287325,1.4292938709259033,2
705,graficon36nodi/grafo6227.36,32,36,46,59,69,0.2666666328690893,8,255.90174847169754,2.6972076892852783,2
706,graficon39nodi/grafo3830.39,32,39,50,58,69,0.1176470588235271,6,340.7862517099879,1.2831010818481445,2
707,graficon37nodi/grafo6796.37,32,37,49,57,69,0.0714285714285714,7,268.0861358417989,1.8335514068603516,2
708,graficon33nodi/grafo5872.33,32,33,39,57,63,0.0,2,167.0,0.0218503475189209,2
709,graficon36nodi/grafo6071.36,32,36,43,59,66,0.0,3,126.5099009912085,0.04697108268737793,2
710,graficon36nodi/grafo2465.36,32,36,44,58,66,0.19999999999999973,5,350.5709545107479,1.2859046459197998,2
711,graficon38nodi/grafo7362.38,32,38,44,59,65,0.0,3,169.69607377846862,0.04626607894897461,2
712,graficon38nodi/grafo7290.38,32,38,47,58,67,0.14010655081702383,8,269.29346331510646,1.4100677967071533,2
713,graficon42nodi/grafo3239.42,32,42,48,56,62,0.0,4,415.4328929878675,1.2128472328186035,2
714,graficon44nodi/grafo3040.44,32,44,50,59,65,0.0,5,298.5352401235875,0.05771136283874512,2
715,graficon39nodi/grafo11577.39,32,39,49,55,65,0.12843849937764493,9,241.69338142207724,2.540578842163086,2
716,graficon40nodi/grafo4081.40,32,40,46,56,62,0.27482678681280553,12,326.8568750828541,14.418285131454468,2
717,graficon42nodi/grafo6381.42,32,42,50,59,67,0.0,4,184.21143492788138,1.2136616706848145,2
718,graficon41nodi/grafo10067.41,32,41,47,58,64,0.0,3,172.87500000000009,0.04128694534301758,2
719,graficon37nodi/grafo11622.37,32,37,49,59,71,0.0714285748312298,5,221.81041697186035,1.3525166511535645,2
720,graficon32nodi/grafo1992.32,32,32,36,57,61,0.0,2,140.00000000000003,0.025383949279785156,2
721,graficon38nodi/grafo6467.38,32,38,43,59,64,0.0,2,201.4500000000001,0.02699875831604004,2
722,graficon40nodi/grafo6922.40,32,40,47,59,66,0.0,5,264.81878756077947,0.05405068397521973,2
723,graficon34nodi/grafo5303.34,32,34,44,59,69,0.0,2,190.46849045050655,0.05245471000671387,2
724,graficon34nodi/grafo11396.34,32,34,35,55,56,0.0,0,63.0,0.00724482536315918,2
725,graficon39nodi/grafo5122.39,32,39,51,59,71,0.8594699150328885,15,319.28862456054446,3.4959757328033447,2
726,graficon42nodi/grafo6223.42,32,42,45,59,62,0.0,2,194.375,0.041669607162475586,2
727,graficon40nodi/grafo2627.40,32,40,49,56,65,0.12500000964543648,7,176.9703607936091,1.430595874786377,2
728,graficon41nodi/grafo6876.41,32,41,50,58,67,0.07241167161428178,5,239.44042580185666,1.2753911018371582,2
729,graficon35nodi/grafo11548.35,32,35,46,55,66,2.973960489146831,19,349.96987669255253,340.10753870010376,2
730,graficon31nodi/grafo1637.31,32,31,41,56,66,0.37930518273888086,10,291.3245239453845,2.8206610679626465,2
731,graficon38nodi/grafo3437.38,32,38,45,57,64,0.18566392468187598,9,200.05868029564573,1.928896427154541,2
732,graficon35nodi/grafo10135.35,32,35,43,55,63,0.0,7,241.87394151891738,1.210768461227417,2
733,graficon38nodi/grafo2960.38,32,38,48,56,66,5.7786317884008165,13,244.99628753379704,3.3306522369384766,2
734,graficon35nodi/grafo3720.35,32,35,46,59,70,0.10000003002127744,6,274.53239111496066,1.3914849758148193,2
735,graficon36nodi/grafo6233.36,32,36,47,56,67,0.0,8,196.55438218909438,1.2085778713226318,2
736,graficon24nodi/grafo1966.24,32,24,34,58,68,0.07142856755669347,2,182.9999999999999,1.216040849685669,2
737,graficon38nodi/grafo3681.38,32,38,48,56,66,0.0,6,186.53227725054018,0.05612444877624512,2
738,graficon36nodi/grafo5970.36,32,36,46,57,67,0.18502222795775147,10,198.73203750263517,1.6255221366882324,2
739,graficon26nodi/grafo1272.26,32,26,34,56,64,0.0,1,184.23684210526326,0.04415297508239746,2
740,graficon32nodi/grafo2968.32,32,32,41,55,64,0.19321049759668252,8,216.74507568686423,2.1567304134368896,2
741,graficon34nodi/grafo5917.34,32,34,41,58,65,0.0,2,126.34375000000003,0.027057170867919922,2
742,graficon35nodi/grafo11344.35,32,35,40,55,60,0.12499998453824243,3,177.71875001632142,1.2124121189117432,2
743,graficon47nodi/grafo1531.47,32,47,54,58,65,0.0,2,274.653846153847,0.04806995391845703,2
744,graficon36nodi/grafo5264.36,32,36,41,59,64,0.0,0,113.0,0.012704849243164062,2
745,graficon36nodi/grafo7306.36,32,36,48,55,67,69.88046333016761,30,330.3209377265914,9.166409969329834,2
746,graficon34nodi/grafo3124.34,32,34,43,56,65,0.3716503619772804,8,249.21747197333428,2.9947452545166016,2
747,graficon35nodi/grafo11633.35,32,35,46,56,67,0.06299129585257802,7,244.77113765144756,2.729966402053833,2
748,graficon40nodi/grafo6115.40,32,40,46,57,63,0.12903222051217123,5,225.62903224060292,1.2030363082885742,2
749,graficon37nodi/grafo3554.37,32,37,41,57,61,0.0,0,179.0,0.015028238296508789,2
750,graficon36nodi/grafo10229.36,32,36,46,58,68,0.10235735498931672,5,211.75141896762835,1.2716319561004639,2
751,graficon33nodi/grafo598.33,32,33,49,63,79,18.35637229257063,23,394.13905766888394,600.5219933986664,9
752,graficon44nodi/grafo7435.44,32,44,53,63,72,0.0,4,312.5753273773193,0.05271410942077637,2
753,graficon40nodi/grafo6485.40,32,40,51,62,73,11.74588104399184,15,191.9994144316238,2.062727928161621,2
754,graficon35nodi/grafo6035.35,32,35,50,61,76,0.8018644745790364,9,279.5176134351424,3.7537765502929688,2
755,graficon38nodi/grafo7531.38,32,38,44,61,67,0.0999999914228226,3,196.11671635724736,1.216679334640503,2
756,graficon37nodi/grafo11473.37,32,37,42,61,66,0.0,1,192.0,0.03766179084777832,2
757,graficon33nodi/grafo5821.33,32,33,43,62,72,0.0,4,198.00000082663564,0.0427854061126709,2
758,graficon39nodi/grafo5308.39,32,39,49,64,74,0.15384615384615385,7,237.68460677720992,1.2853915691375732,2
759,graficon33nodi/grafo10454.33,32,33,41,61,69,0.0,3,179.969999943584,0.04993271827697754,2
760,graficon42nodi/grafo7704.42,32,42,51,63,72,0.0,10,221.68474797791907,0.11666440963745117,2
761,graficon33nodi/grafo2654.33,32,33,49,64,80,0.1946662309130328,14,420.96324705285707,2.8116419315338135,2
762,graficon36nodi/grafo11077.36,32,36,40,63,67,0.0,1,124.5,0.0266876220703125,2
763,graficon37nodi/grafo5888.37,32,37,50,60,73,0.0909091156843917,9,171.4375728590857,1.4080564975738525,2
764,graficon33nodi/grafo10732.33,32,33,37,60,64,0.0,1,189.3214285714286,0.03900480270385742,2
765,graficon25nodi/grafo2301.25,32,25,37,61,73,0.0,1,218.2250000000001,0.03569793701171875,2
766,graficon43nodi/grafo7428.43,32,43,52,60,69,0.11887912165320147,6,377.745330013206,1.4646520614624023,2
767,graficon32nodi/grafo2991.32,32,32,43,61,72,0.13401369109157574,6,426.9392841999916,1.6990966796875,2
768,graficon41nodi/grafo3498.41,32,41,53,63,75,0.5536022091371878,13,310.3752141707962,24.892446517944336,2
769,graficon36nodi/grafo11414.36,32,36,47,62,73,2.7777766553246437,9,202.59292605998226,1.5013878345489502,2
770,graficon35nodi/grafo10841.35,32,35,45,62,72,0.07797541222987414,9,190.34059491920746,2.6241040229797363,2
771,graficon38nodi/grafo2959.38,32,38,48,61,71,0.11111111111111127,7,155.14599711129767,1.4235315322875977,2
772,graficon30nodi/grafo359.30,32,30,37,60,67,0.11522636147802746,4,170.13213269215652,1.2011981010437012,2
773,graficon37nodi/grafo1555.37,32,37,48,61,72,3.8617532451628893,15,274.7813149723565,2.6161603927612305,2
774,graficon37nodi/grafo2398.37,32,37,47,64,74,13.185182482491625,10,333.39337716734514,2.0482723712921143,2
775,graficon40nodi/grafo2729.40,32,40,46,64,70,0.0,4,219.03066861684232,0.11462998390197754,2
776,graficon42nodi/grafo3325.42,32,42,52,64,74,0.2857141522950788,5,360.3571424233662,1.2585628032684326,2
777,graficon36nodi/grafo10462.36,32,36,40,61,65,0.0,0,122.0,0.01216435432434082,2
778,graficon39nodi/grafo7630.39,32,39,46,62,69,9.149844663244355,8,219.74685714516656,1.7478482723236084,2
779,graficon30nodi/grafo2012.30,32,30,46,64,80,0.45570244527612347,16,462.1451686882023,30.011263847351074,2
780,graficon48nodi/grafo1669.48,32,48,59,62,73,1.6720018145828144,15,380.88041570084124,4.862345457077026,2
781,graficon40nodi/grafo3116.40,32,40,47,64,71,0.059539260986151143,5,266.01018553752965,1.5672430992126465,2
782,graficon41nodi/grafo4047.41,32,41,48,63,70,0.0,1,280.0,0.03301382064819336,2
783,graficon44nodi/grafo3971.44,32,44,48,64,68,0.0,2,211.40436925172156,0.047579288482666016,2
784,graficon36nodi/grafo6093.36,32,36,43,63,70,0.0,7,174.35816139486937,0.06330347061157227,2
785,graficon39nodi/grafo6244.39,32,39,52,64,77,0.17640898127926297,12,460.3020300065309,3.485877513885498,2
786,graficon34nodi/grafo5991.34,32,34,41,60,67,0.0,2,231.76785714285722,0.03226971626281738,2
787,graficon38nodi/grafo5998.38,32,38,44,60,66,0.0,1,313.1184210526317,0.032584190368652344,2
788,graficon32nodi/grafo5807.32,32,32,41,64,73,0.0,2,164.67857142857156,0.02983880043029785,2
789,graficon29nodi/grafo2811.29,32,29,40,62,73,0.14424321728370387,9,174.03658407116535,1.4509060382843018,2
790,graficon33nodi/grafo11643.33,32,33,37,60,64,0.0,1,189.3214285714286,0.02728867530822754,2
791,graficon45nodi/grafo7711.45,32,45,53,64,72,0.0,3,205.07500000000013,0.04938173294067383,2
792,graficon35nodi/grafo3483.35,32,35,41,61,67,0.0,4,134.23724383522125,0.05925107002258301,2
793,graficon37nodi/grafo7410.37,32,37,51,61,75,8.615831150553172,15,208.44092767230455,27.93078064918518,2
794,graficon39nodi/grafo3792.39,32,39,49,61,71,0.36427629552516017,7,232.16774032317008,1.4475994110107422,2
795,graficon46nodi/grafo7281.46,32,46,54,61,69,4.6666639967559975,9,196.1787693760442,2.714261770248413,2
796,graficon41nodi/grafo7033.41,32,41,48,60,67,0.2857142857142838,8,211.22310931216705,1.3902201652526855,2
797,graficon37nodi/grafo6905.37,32,37,48,63,74,0.18502625439659126,11,253.97700414940962,1.5590641498565674,2
798,graficon33nodi/grafo1668.33,32,33,41,63,71,0.08333333680157677,6,209.53030922016617,1.4121813774108887,2
799,graficon43nodi/grafo4042.43,32,43,47,60,64,0.0,0,199.0,0.025060176849365234,2
800,graficon37nodi/grafo3728.37,32,37,47,63,73,0.16666666666666685,6,315.1875,1.231881856918335,2
801,graficon37nodi/grafo6219.37,32,37,45,62,70,0.0,4,228.00000163162338,1.1883795261383057,2
802,graficon37nodi/grafo2761.37,32,37,45,60,68,0.0,5,152.58187210338636,0.058450937271118164,2
803,graficon35nodi/grafo6010.35,32,35,44,60,69,0.20000005134450932,8,198.62081365476337,1.310990571975708,2
804,graficon41nodi/grafo5637.41,32,41,49,61,69,0.07142856672510828,5,338.3035714277876,1.2536063194274902,2
805,graficon36nodi/grafo5783.36,32,36,46,62,72,0.0,6,249.97909793214268,0.06968355178833008,2
806,graficon42nodi/grafo5250.42,32,42,51,64,73,0.12285922015799786,7,335.60400298745816,1.8511135578155518,2
807,graficon38nodi/grafo11452.38,32,38,50,62,74,5.050650385249649,17,337.5849128164496,3.868936061859131,2
808,graficon41nodi/grafo11172.41,32,41,51,62,72,0.12499997708567512,8,295.6235453168172,1.7120428085327148,2
809,graficon37nodi/grafo7650.37,32,37,52,63,78,2.77777621635201,9,274.6461008078227,2.202592372894287,2
810,graficon33nodi/grafo11527.33,32,33,40,62,69,0.0,3,209.59756359940917,0.04389357566833496,2
811,graficon40nodi/grafo6142.40,32,40,49,64,73,0.0,8,205.24039353054388,0.07358574867248535,2
812,graficon36nodi/grafo5809.36,32,36,45,63,72,0.07815272974992016,8,352.38156752557353,1.8125605583190918,2
813,graficon40nodi/grafo5426.40,32,40,50,62,72,0.22051265580853063,14,491.1935325978668,8.65061092376709,2
814,graficon34nodi/grafo3076.34,32,34,39,61,66,0.0,2,198.24107142857162,0.04667019844055176,2
815,graficon39nodi/grafo7374.39,32,39,51,62,74,0.4690518926416269,17,281.01144846469936,37.65424942970276,2
816,graficon40nodi/grafo7706.40,32,40,51,60,71,11.797753150744494,14,285.18614832908906,2.563663959503174,2
817,graficon44nodi/grafo3602.44,32,44,53,62,71,5.111111122142035,12,274.17971089844855,89.39122343063354,2
818,graficon43nodi/grafo7484.43,32,43,49,63,69,0.0,4,332.1042988088518,0.062067270278930664,2
819,graficon37nodi/grafo11410.37,32,37,45,64,72,0.0833333365383133,4,168.56236323522532,1.3163094520568848,2
820,graficon35nodi/grafo6104.35,32,35,40,63,68,0.0,1,206.43750000000006,0.03397321701049805,2
821,graficon36nodi/grafo5360.36,32,36,44,62,70,0.0,6,184.4534895933393,0.06118154525756836,2
822,graficon38nodi/grafo5222.38,32,38,43,62,67,0.0,3,199.47484763465528,0.046355485916137695,2
823,graficon36nodi/grafo11309.36,32,36,46,61,71,0.28888674769051903,12,235.90170250197156,95.8664083480835,2
824,graficon36nodi/grafo5457.36,32,36,43,61,68,0.16666666666666685,4,161.00657754382203,1.2407469749450684,2
825,graficon37nodi/grafo7092.37,32,37,47,61,71,2.55940355879033,18,283.4283540233073,173.1645541191101,2
826,graficon38nodi/grafo1999.38,32,38,45,68,75,0.0,2,237.00000000000006,0.02770853042602539,2
827,graficon38nodi/grafo7684.38,32,38,54,68,84,10.01656823331454,15,332.00440538211353,27.03672742843628,2
828,graficon43nodi/grafo3669.43,32,43,52,67,76,0.06733979182191663,6,353.01339962626105,1.346254825592041,2
829,graficon40nodi/grafo11665.40,32,40,48,68,76,0.0,9,210.52964171057235,0.07206130027770996,2
830,graficon39nodi/grafo10234.39,32,39,51,69,81,5.256996984583393,13,204.431552141954,9.346647262573242,2
831,graficon40nodi/grafo6382.40,32,40,52,65,77,6.568486823870467,12,306.4749477006163,2.7371668815612793,2
832,graficon44nodi/grafo7013.44,32,44,53,69,78,0.0,1,196.83928571428578,0.03172898292541504,2
833,graficon37nodi/grafo3341.37,32,37,50,66,79,0.129971376269176,12,385.0685826739679,9.478301048278809,2
834,graficon40nodi/grafo5504.40,32,40,53,66,79,0.11111111111111138,10,281.62049257360303,1.9939038753509521,2
835,graficon44nodi/grafo1219.44,32,44,48,66,70,0.0,0,140.0,0.01640486717224121,2
836,graficon29nodi/grafo3034.29,32,29,40,65,76,0.08333333333333326,4,288.07954545454544,1.2982966899871826,2
837,graficon44nodi/grafo3831.44,32,44,52,67,75,14.258218865544965,8,282.02498529840557,1.8294453620910645,2
838,graficon35nodi/grafo3068.35,32,35,50,67,82,0.28181708568391795,16,353.34974049707296,600.5627207756042,9
839,graficon40nodi/grafo9898.40,32,40,50,68,78,0.0,9,170.30733678717053,0.07539892196655273,2
840,graficon37nodi/grafo6847.37,32,37,47,67,77,0.0,2,206.16071428571462,0.044980764389038086,2
841,graficon40nodi/grafo5327.40,32,40,47,68,75,0.0,4,155.01923218388032,0.05099606513977051,2
842,graficon44nodi/grafo6266.44,32,44,60,68,84,13.234892293411452,23,309.4456574975075,600.2556076049805,9
843,graficon39nodi/grafo6848.39,32,39,52,67,80,0.17285319994292536,8,385.2560473191914,2.1732068061828613,2
844,graficon30nodi/grafo2030.30,32,30,44,66,80,0.14453569419841827,14,336.38891459172964,2.110668659210205,2
845,graficon40nodi/grafo6167.40,32,40,57,66,83,2.951645357907623,22,380.3357181713491,600.3370871543884,9
846,graficon39nodi/grafo2148.39,32,39,45,67,73,0.0,3,356.00000000000017,0.03703761100769043,2
847,graficon36nodi/grafo3734.36,32,36,46,67,77,0.04166666666666663,6,445.4502225369156,1.3883469104766846,2
848,graficon39nodi/grafo5789.39,32,39,58,69,88,5.3909559927378545,24,290.375485455561,600.3826270103455,9
849,graficon29nodi/grafo1284.29,32,29,40,65,76,0.9249494569773933,6,241.37239115644834,1.3508405685424805,2
850,graficon45nodi/grafo7024.45,32,45,50,65,70,0.0,5,169.27698581968588,0.05043363571166992,2
851,graficon33nodi/grafo5203.33,32,33,41,68,76,0.2361111111111106,5,137.46875,1.3281285762786865,2
852,graficon34nodi/grafo6218.34,32,34,40,65,71,0.09999999271424274,3,153.59547530004522,1.2323575019836426,2
853,graficon43nodi/grafo7073.43,32,43,51,69,77,0.09999999999999987,7,298.39848871337847,1.3247663974761963,2
854,graficon42nodi/grafo5867.42,32,42,52,69,79,12.611107810570413,12,418.72697409285735,15.688731670379639,2
855,graficon36nodi/grafo7509.36,32,36,45,69,78,0.0,6,243.84300898168033,0.07408833503723145,2
856,graficon37nodi/grafo7743.37,32,37,55,68,86,8.436520519010017,21,412.4714628049035,236.71313452720642,2
857,graficon44nodi/grafo6915.44,32,44,58,68,82,1.0717510691438528,17,400.903491270406,10.927114248275757,2
858,graficon40nodi/grafo7570.40,32,40,52,68,80,0.8888847602987477,14,254.06288852322166,600.628504037857,9
859,graficon33nodi/grafo5787.33,32,33,40,66,73,0.0,2,153.55,0.031842947006225586,2
860,graficon34nodi/grafo11517.34,32,34,44,69,79,0.0,5,270.9845161611772,0.06648802757263184,2
861,graficon49nodi/grafo1560.49,32,49,59,68,78,0.22618900341457904,9,379.02982114367313,3.1967108249664307,2
862,graficon47nodi/grafo3121.47,32,47,54,65,72,0.0,3,395.57308376108284,0.07184672355651855,2
863,graficon38nodi/grafo2052.38,32,38,50,67,79,0.08817062757965877,14,289.21527384409916,5.386011600494385,2
864,graficon41nodi/grafo3794.41,32,41,52,65,76,5.981540746478554,18,315.14637253428106,51.181734800338745,2
865,graficon38nodi/grafo3964.38,32,38,48,69,79,0.0,6,267.39910769445623,0.05851101875305176,2
866,graficon39nodi/grafo7264.39,32,39,51,67,79,0.95279634777415,20,302.8974501772192,600.2766311168671,9
867,graficon38nodi/grafo3752.38,32,38,46,65,73,0.0,4,329.73529411764736,0.05759739875793457,2
868,graficon37nodi/grafo3576.37,32,37,49,69,81,0.24064171213613905,13,291.9384399251007,17.99798035621643,2
869,graficon38nodi/grafo5949.38,32,38,50,66,78,0.0,4,322.8487395125177,0.0635066032409668,2
870,graficon29nodi/grafo2639.29,32,29,43,67,81,0.0,6,455.57962623240496,0.0744638442993164,2
871,graficon38nodi/grafo11575.38,32,38,46,66,74,0.21248741274722338,11,231.82920256054925,3.4580790996551514,2
872,graficon38nodi/grafo3321.38,32,38,53,66,81,1.1526156556768756,16,417.73128003260945,48.86694049835205,2
873,graficon31nodi/grafo1429.31,32,31,45,65,79,0.2664080173102622,14,350.3978598706982,19.061031579971313,2
874,graficon38nodi/grafo4013.38,32,38,49,67,78,0.148836498028493,9,234.76441546172208,2.0734870433807373,2
875,graficon28nodi/grafo1339.28,32,28,41,67,80,4.501478720900173,15,414.953228284591,11.976789712905884,2
876,graficon35nodi/grafo2020.35,32,35,43,68,76,0.0,1,163.40909090909093,0.04022502899169922,2
877,graficon40nodi/grafo7409.40,32,40,48,65,73,0.0,5,260.77524592782584,0.052134037017822266,2
878,graficon42nodi/grafo6141.42,32,42,53,68,79,6.735321006090166,13,279.0693906445116,4.219337701797485,2
879,graficon38nodi/grafo3932.38,32,38,48,69,79,0.0,5,395.8972527295117,0.061429738998413086,2
880,graficon38nodi/grafo2986.38,32,38,50,67,79,0.35212288826649696,17,397.66536947797164,27.357710123062134,2
881,graficon42nodi/grafo5771.42,32,42,51,68,77,0.0,5,202.7998943376756,0.05769038200378418,2
882,graficon45nodi/grafo7734.45,32,45,55,68,78,0.11297714341396155,13,286.81590642773716,1.9321832656860352,2
883,graficon42nodi/grafo3094.42,32,42,49,69,76,0.0,2,247.7500000000001,0.05027270317077637,2
884,graficon38nodi/grafo819.38,32,38,49,68,79,10.66666279000078,13,282.6132872015247,6.473627090454102,2
885,graficon39nodi/grafo6923.39,32,39,48,67,76,0.049999995659784524,10,304.00126437352264,2.077415704727173,2
886,graficon33nodi/grafo10400.33,32,33,38,68,73,0.0,1,181.0,0.033518075942993164,2
887,graficon36nodi/grafo11346.36,32,36,49,69,82,1.5700923065333865,12,266.0697207934249,2.813873052597046,2
888,graficon39nodi/grafo11565.39,32,39,45,65,71,0.0,4,190.62500000000017,0.04426312446594238,2
889,graficon50nodi/grafo1494.50,32,50,57,68,75,0.0666666931431522,9,298.3205528391996,1.4035687446594238,2
890,graficon38nodi/grafo10455.38,32,38,42,67,71,0.0,1,116.90000000000003,0.024263381958007812,2
891,graficon38nodi/grafo9852.38,32,38,48,66,76,0.2526452682317255,7,254.81607142857143,1.3783748149871826,2
892,graficon45nodi/grafo5975.45,32,45,52,66,73,0.0,5,220.7939028395682,0.054396867752075195,2
893,graficon39nodi/grafo4061.39,32,39,47,69,77,0.0,5,231.17857142857176,0.05704140663146973,2
894,graficon40nodi/grafo6955.40,32,40,52,69,81,6.999998989551916,8,344.60714284611197,1.5506384372711182,2
895,graficon41nodi/grafo7624.41,32,41,54,69,82,21.61979837749501,11,430.4595291606305,3.638355255126953,2
896,graficon35nodi/grafo6116.35,32,35,43,69,77,0.08333333651026774,5,198.47296387298113,1.2713546752929688,2
897,graficon51nodi/grafo1404.51,32,51,70,69,88,52.2579794200101,38,517.2395472762295,600.3656144142151,9
898,graficon36nodi/grafo7553.36,32,36,52,69,85,5.5523150416381934,15,409.53078795363444,13.452532529830933,2
899,graficon40nodi/grafo3711.40,32,40,53,68,81,0.0,3,213.51923076923103,0.0646507740020752,2
900,graficon37nodi/grafo2099.37,32,37,44,69,76,0.0,0,173.0,0.01588153839111328,2
901,graficon40nodi/grafo3916.40,32,40,51,71,82,0.0,6,276.7312983471333,0.07413697242736816,2
902,graficon39nodi/grafo227.39,32,39,47,72,80,0.0,4,262.431996052399,0.07111978530883789,2
903,graficon44nodi/grafo7217.44,32,44,53,70,79,0.21680381898212264,7,283.69198128275013,1.3158776760101318,2
904,graficon35nodi/grafo10277.35,32,35,45,71,81,0.22499957370624624,8,306.5755634972598,2.3754348754882812,2
905,graficon37nodi/grafo2678.37,32,37,45,74,82,0.0,2,236.00000000000006,0.0567777156829834,2
906,graficon44nodi/grafo3432.44,32,44,55,72,83,0.0,9,273.47562997732854,0.09547162055969238,2
907,graficon43nodi/grafo7404.43,32,43,55,73,85,0.08333332323674514,9,321.0883078500459,8.250916719436646,2
908,graficon47nodi/grafo6168.47,32,47,50,70,73,0.0,1,234.0,0.03561973571777344,2
909,graficon44nodi/grafo5590.44,32,44,49,72,77,0.0,1,188.0,0.027477741241455078,2
910,graficon37nodi/grafo3954.37,32,37,50,70,83,0.22104800030233396,12,272.8311379330526,2.295408248901367,2
911,graficon40nodi/grafo490.40,32,40,45,71,76,0.0,1,198.79545454545456,0.03706979751586914,2
912,graficon38nodi/grafo3708.38,32,38,53,74,89,0.0,8,332.07359403440404,0.10169863700866699,2
913,graficon34nodi/grafo10511.34,32,34,41,71,78,0.0,3,144.40909090909093,0.04693412780761719,2
914,graficon39nodi/grafo11357.39,32,39,48,71,80,8.615831884969571,8,196.2358495942997,1.4351563453674316,2
915,graficon49nodi/grafo6373.49,32,49,56,73,80,0.07815202931513004,10,265.3740674104015,6.1408774852752686,2
916,graficon41nodi/grafo7372.41,32,41,55,71,85,0.35999784066100826,14,523.3153472344612,600.5927593708038,9
917,graficon47nodi/grafo3806.47,32,47,52,71,76,0.0,3,211.30629380728976,0.05578970909118652,2
918,graficon40nodi/grafo7285.40,32,40,56,70,86,15.939898396261961,20,573.9175649093543,39.72745990753174,2
919,graficon36nodi/grafo5124.36,32,36,43,70,77,0.09090909426177307,4,207.15175218934337,1.338270664215088,2
920,graficon38nodi/grafo3457.38,32,38,43,70,75,0.0,1,128.8125,0.043027639389038086,2
921,graficon40nodi/grafo3539.40,32,40,57,72,89,10.02268026216608,20,367.262684699927,600.4624044895172,9
922,graficon39nodi/grafo3391.39,32,39,61,71,93,74.26079273667962,38,513.2317662848634,46.797385931015015,2
923,graficon38nodi/grafo6480.38,32,38,50,70,82,0.14808142700311733,11,335.09005914292106,1.5972871780395508,2
924,graficon42nodi/grafo3820.42,32,42,52,70,80,0.0,5,243.78409090909074,0.06502270698547363,2
925,graficon40nodi/grafo11283.40,32,40,52,74,86,2.4913548369805403,11,255.53554261632144,1.6231987476348877,2
926,graficon48nodi/grafo1535.48,32,48,53,72,77,0.0,1,225.55000000000013,0.026277780532836914,2
927,graficon44nodi/grafo11640.44,32,44,59,73,88,11.705563667319721,15,304.69665394108375,9.233006715774536,2
928,graficon30nodi/grafo1810.30,32,30,40,73,83,0.08333333333333326,4,219.2030918171003,1.298999547958374,2
929,graficon38nodi/grafo10767.38,32,38,50,72,84,0.0,7,375.79872236515,0.09174585342407227,2
930,graficon39nodi/grafo10062.39,32,39,44,74,79,0.0,5,173.4546975494239,0.06086874008178711,2
931,graficon42nodi/grafo6171.42,32,42,59,73,90,0.11200755091871217,18,453.567094080831,1.7299680709838867,2
932,graficon41nodi/grafo7074.41,32,41,50,72,81,0.0,1,270.5,0.03358125686645508,2
933,graficon42nodi/grafo6304.42,32,42,55,73,86,0.2775417743995401,13,444.7228766191061,600.9530594348907,9
934,graficon43nodi/grafo3801.43,32,43,52,70,79,0.0,5,193.5925730237822,0.06482601165771484,2
935,graficon40nodi/grafo3538.40,32,40,46,72,78,0.0,3,181.17613645289526,0.03805708885192871,2
936,graficon38nodi/grafo10567.38,32,38,47,74,83,4.666663802404995,9,315.3282010319463,3.4403252601623535,2
937,graficon37nodi/grafo3445.37,32,37,46,73,82,0.2580644790362987,7,252.7551319521284,1.4454560279846191,2
938,graficon37nodi/grafo11122.37,32,37,44,74,81,0.10000000781259938,7,197.8769683295167,1.4305801391601562,2
939,graficon35nodi/grafo3499.35,32,35,47,70,82,0.0,9,259.7878348035062,0.08161544799804688,2
940,graficon42nodi/grafo7296.42,32,42,56,73,87,0.0780084287570102,11,336.6296580999244,3.067553997039795,2
941,graficon38nodi/grafo10027.38,32,38,50,74,86,0.0,9,249.07535067265252,0.09017372131347656,2
942,graficon40nodi/grafo6207.40,32,40,52,72,84,0.1114503006445905,11,358.42827805828483,4.901256084442139,2
943,graficon35nodi/grafo3006.35,32,35,44,70,79,0.0,3,266.74999990030955,0.05204176902770996,2
944,graficon56nodi/grafo5979.56,32,56,69,72,85,17.05447824202915,21,539.4690495535374,55.86478781700134,2
945,graficon39nodi/grafo7283.39,32,39,50,74,85,0.11111014790254933,11,363.280885347084,1.5577354431152344,2
946,graficon40nodi/grafo3229.40,32,40,48,74,82,0.0,3,191.34615375777,0.061545610427856445,2
947,graficon37nodi/grafo2528.37,32,37,50,70,83,0.0,6,397.4861624107982,0.0729525089263916,2
948,graficon40nodi/grafo2963.40,32,40,49,70,79,5.166665391211822,7,341.26505887161085,1.5954408645629883,2
949,graficon37nodi/grafo11238.37,32,37,47,70,80,0.0,5,361.5138131928247,0.05019831657409668,2
950,graficon34nodi/grafo5693.34,32,34,46,73,85,2.777777794336386,5,207.86567399504835,1.3239896297454834,2
951,graficon45nodi/grafo5623.45,32,45,55,74,84,0.0,2,477.1818309915319,0.06949615478515625,2
952,graficon38nodi/grafo1157.38,32,38,48,73,83,3.5555515873014856,5,219.45621522075805,4.511519432067871,2
953,graficon36nodi/grafo9862.36,32,36,51,74,89,0.1579624328624933,10,316.8086791397327,2.810021162033081,2
954,graficon39nodi/grafo10505.39,32,39,52,70,83,1.486757140727193,12,365.42977854652133,2.500983953475952,2
955,graficon34nodi/grafo9934.34,32,34,40,73,79,0.0,0,56.0,0.017429113388061523,2
956,graficon42nodi/grafo7692.42,32,42,54,74,86,0.0,9,369.99531530638546,0.0801851749420166,2
957,graficon41nodi/grafo7635.41,32,41,53,71,83,0.4901513288552711,21,425.4359619530432,600.4837489128113,9
958,graficon39nodi/grafo3849.39,32,39,50,71,82,0.0,9,493.8324126161312,0.11586475372314453,2
959,graficon40nodi/grafo3287.40,32,40,52,71,83,4.831870231219367,11,337.51143427109815,15.29636025428772,2
960,graficon56nodi/grafo7164.56,32,56,68,70,82,0.0,9,336.4998994351794,0.0783696174621582,2
961,graficon43nodi/grafo7403.43,32,43,57,70,84,16.499145710380528,22,304.1825673158142,46.10158371925354,2
962,graficon39nodi/grafo6476.39,32,39,50,73,84,12.448484847984993,14,263.6803528750751,2.7397305965423584,2
963,graficon41nodi/grafo5344.41,32,41,52,73,84,5.046331924200186,8,205.39198720513062,1.5468604564666748,2
964,graficon35nodi/grafo7560.35,32,35,45,72,82,0.0,5,276.11607142857156,0.038220882415771484,2
965,graficon39nodi/grafo11552.39,32,39,47,71,79,0.07142857142857117,4,278.80578413524677,1.3711652755737305,2
966,graficon42nodi/grafo3865.42,32,42,56,73,87,0.34721980086182247,15,319.5765287696251,166.60326385498047,2
967,graficon46nodi/grafo1581.46,32,46,52,71,77,0.0,2,175.76580691746568,0.05193662643432617,2
968,graficon38nodi/grafo7187.38,32,38,52,74,88,28.63303779528377,18,485.24003773219664,3.1840882301330566,2
969,graficon57nodi/grafo5041.57,32,57,63,74,80,0.05882352482081965,4,361.2647058828615,1.2341077327728271,2
970,graficon37nodi/grafo7512.37,32,37,45,71,79,0.0909090840760094,2,285.7954546182762,1.1974165439605713,2
971,graficon39nodi/grafo7479.39,32,39,53,70,84,2.777775909569738,13,285.70173983576456,601.1527843475342,9
972,graficon46nodi/grafo5905.46,32,46,56,74,84,0.0,7,306.4215912733015,0.09023022651672363,2
973,graficon40nodi/grafo3387.40,32,40,53,74,87,0.06318022184615879,15,498.4293559117808,10.345985651016235,2
974,graficon38nodi/grafo3915.38,32,38,44,71,77,0.0,2,213.40909090909116,0.037214040756225586,2
975,graficon37nodi/grafo11479.37,32,37,44,73,80,0.08333334690999407,6,224.00280607829168,1.3806469440460205,2
976,graficon36nodi/grafo2504.36,32,36,49,76,89,0.0,9,330.7691943435096,1.6293885707855225,2
977,graficon30nodi/grafo3011.30,32,30,41,76,87,0.0,4,275.5721608865557,0.05911421775817871,2
978,graficon39nodi/grafo2310.39,32,39,59,77,97,10.21722896724666,21,434.6018093407305,4.49202823638916,2
979,graficon40nodi/grafo365.40,32,40,47,76,83,0.0,4,203.5616883116885,0.0319669246673584,2
980,graficon41nodi/grafo5534.41,32,41,49,77,85,0.0833333420527955,5,219.47460697191013,1.3018670082092285,2
981,graficon36nodi/grafo5632.36,32,36,43,76,83,0.0,5,243.34951715831966,0.0705575942993164,2
982,graficon42nodi/grafo3895.42,32,42,55,79,92,24.790850933498664,22,295.60792317471544,600.4605176448822,9
983,graficon40nodi/grafo7534.40,32,40,54,76,90,0.4352815743959425,15,389.4227698747751,391.77848649024963,2
984,graficon38nodi/grafo11163.38,32,38,50,77,89,7.138998204352751,14,261.4325466710857,16.20393657684326,2
985,graficon36nodi/grafo5700.36,32,36,49,78,91,0.0,11,373.8814129529591,1.3672592639923096,2
986,graficon41nodi/grafo7150.41,32,41,52,75,86,0.1322929281851134,8,205.47942882140774,1.4247729778289795,2
987,graficon38nodi/grafo9909.38,32,38,48,77,87,0.10000000785524718,8,302.5865105923204,1.4495892524719238,2
988,graficon41nodi/grafo6152.41,32,41,56,75,90,0.21999933194682075,12,388.98999134018254,2.7683022022247314,2
989,graficon44nodi/grafo3924.44,32,44,53,75,84,0.0,8,242.91138781543918,1.2738478183746338,2
990,graficon38nodi/grafo5880.38,32,38,52,76,90,5.2658632333150415,12,286.2973874369002,80.29425024986267,2
991,graficon31nodi/grafo1257.31,32,31,50,76,95,14.42549159564453,22,382.6926671509767,111.98904013633728,2
992,graficon40nodi/grafo9929.40,32,40,56,77,93,1.2643582444341948,19,280.6501311548415,2.502246379852295,2
993,graficon43nodi/grafo7444.43,32,43,55,77,89,0.1428571428571428,15,239.24926801331787,6.703516006469727,2
994,graficon33nodi/grafo1975.33,32,33,46,77,90,1.4867589011925564,9,383.7757613921215,1.4370598793029785,2
995,graficon44nodi/grafo5982.44,32,44,57,79,92,0.40560610178204703,12,619.1974523810269,1.7925245761871338,2
996,graficon49nodi/grafo1353.49,32,49,54,76,81,0.0909090909090905,3,413.0000000000003,1.2028224468231201,2
997,graficon36nodi/grafo3379.36,32,36,44,75,83,0.0,1,222.32142857142856,0.028640031814575195,2
998,graficon37nodi/grafo5904.37,32,37,50,77,90,0.11391514387252258,10,341.48045813084644,1.8243329524993896,2
999,graficon37nodi/grafo3837.37,32,37,52,75,90,0.04568784661653125,13,502.004613800833,27.850820541381836,2
1000,graficon42nodi/grafo6032.42,32,42,51,76,85,0.0,5,251.28068023242722,0.05507206916809082,2
1001,graficon40nodi/grafo7544.40,32,40,53,75,88,0.0,4,358.243677602969,0.07073402404785156,2
1002,graficon38nodi/grafo7305.38,32,38,53,76,91,3.015165884359443,17,468.46132943933685,22.348894119262695,2
1003,graficon48nodi/grafo7046.48,32,48,54,76,82,0.0,2,243.07500000000022,0.0425870418548584,2
1004,graficon47nodi/grafo3232.47,32,47,55,77,85,0.0,4,204.06256753136452,0.04935312271118164,2
1005,graficon40nodi/grafo3885.40,32,40,51,75,86,0.09999955897112889,6,265.7917763119915,1.4609136581420898,2
1006,graficon43nodi/grafo6858.43,32,43,61,77,95,4.9535078259547,19,367.4245346536726,600.3530807495117,9
1007,graficon43nodi/grafo5298.43,32,43,56,76,89,0.13333335021496734,11,256.23907255909717,1.3571901321411133,2
1008,graficon37nodi/grafo11609.37,32,37,44,77,84,0.0,6,254.72608131487908,0.0655984878540039,2
1009,graficon43nodi/grafo7047.43,32,43,55,76,88,0.08333168425813176,9,342.8298668305531,3.002746105194092,2
1010,graficon46nodi/grafo1484.46,32,46,57,78,89,0.19672347175233135,11,460.89832870753696,82.07714009284973,2
1011,graficon37nodi/grafo5641.37,32,37,44,79,86,0.0,1,211.8125,0.03573489189147949,2
1012,graficon47nodi/grafo7547.47,32,47,59,77,89,0.12499998234805054,10,266.1752379788699,1.674781084060669,2
1013,graficon40nodi/grafo10494.40,32,40,50,78,88,0.0,6,312.34424118052056,0.07182002067565918,2
1014,graficon37nodi/grafo2713.37,32,37,48,76,87,0.0,14,349.0891685747311,1.3857574462890625,2
1015,graficon39nodi/grafo6248.39,32,39,50,79,90,0.0,6,453.90480234716824,0.07445478439331055,2
1016,graficon38nodi/grafo5903.38,32,38,48,77,87,0.0,8,199.71910381086843,0.06561803817749023,2
1017,graficon43nodi/grafo6296.43,32,43,59,79,95,8.458920404931131,25,468.01476701026417,600.425843000412,9
1018,graficon41nodi/grafo6951.41,32,41,54,76,89,0.8611111260310854,13,465.530892997913,1.5704998970031738,2
1019,graficon39nodi/grafo10733.39,32,39,53,79,93,0.14398928311687664,8,378.58288287072344,1.83805251121521,2
1020,graficon41nodi/grafo7056.41,32,41,51,76,86,0.0,3,430.7500000000003,0.04534411430358887,2
1021,graficon46nodi/grafo3380.46,32,46,56,75,85,0.0,7,274.46983152875083,0.06038689613342285,2
1022,graficon41nodi/grafo3534.41,32,41,49,77,85,0.1538461371693461,6,282.94738485244966,1.4757349491119385,2
1023,graficon39nodi/grafo3617.39,32,39,48,77,86,0.0,2,204.00000000000006,0.0410304069519043,2
1024,graficon38nodi/grafo11024.38,32,38,45,75,82,0.0,4,142.00000000000003,0.0648961067199707,2
1025,graficon49nodi/grafo1408.49,32,49,59,77,87,0.0,0,309.0,0.033000946044921875,2
1026,graficon46nodi/grafo7234.46,32,46,63,78,95,28.431470462817312,26,434.6940282975231,538.8451840877533,2
1027,graficon45nodi/grafo3840.45,32,45,59,79,93,31.791544356551615,19,469.19780121810675,95.04787921905518,2
1028,graficon43nodi/grafo5371.43,32,43,57,79,93,0.11469449899318385,10,282.48287267652927,1.5082778930664062,2
1029,graficon38nodi/grafo3671.38,32,38,47,75,84,0.0,5,243.3793033692158,0.06943917274475098,2
1030,graficon38nodi/grafo9893.38,32,38,49,76,87,0.0,6,177.1786708712604,0.06378674507141113,2
1031,graficon35nodi/grafo4037.35,32,35,40,78,83,0.0,3,174.5,0.05774044990539551,2
1032,graficon36nodi/grafo5155.36,32,36,47,79,90,0.09090909090909038,7,356.790398584242,1.4188971519470215,2
1033,graficon42nodi/grafo7486.42,32,42,57,79,94,6.521343099398742,16,340.2596403591062,5.691988468170166,2
1034,graficon49nodi/grafo3418.49,32,49,63,79,93,2.9111114012063894,13,247.8389808560976,31.482328176498413,2
1035,graficon38nodi/grafo9981.38,32,38,45,78,85,0.0,1,148.0,0.03892111778259277,2
1036,graficon27nodi/grafo2050.27,32,27,36,76,85,0.0,1,134.0,0.04238152503967285,2
1037,graficon29nodi/grafo2072.29,32,29,43,78,92,0.0,6,334.6009615428993,0.0709681510925293,2
1038,graficon45nodi/grafo1836.45,32,45,58,77,90,16.269431260496447,15,512.4960378820558,2.5370047092437744,2
1039,graficon34nodi/grafo3921.34,32,34,46,77,89,0.0,7,375.66907881686603,0.08121752738952637,2
1040,graficon55nodi/grafo6415.55,32,55,59,76,80,0.0,2,164.83928571428578,0.03553414344787598,2
1041,graficon41nodi/grafo6191.41,32,41,52,78,89,0.0,10,359.82607027384256,1.265287160873413,2
1042,graficon46nodi/grafo1406.46,32,46,56,79,89,0.0,4,432.46952858682357,1.2072579860687256,2
1043,graficon45nodi/grafo5925.45,32,45,56,79,90,0.5563332110373735,14,364.2553538197288,575.9650044441223,2
1044,graficon35nodi/grafo3996.35,32,35,47,78,90,0.37365143407018986,13,255.63894922354112,6.307201623916626,2
1045,graficon46nodi/grafo6678.46,32,46,55,77,86,0.0,2,416.0,0.05044150352478027,2
1046,graficon43nodi/grafo3573.43,32,43,58,79,94,0.07904294744569451,15,277.7005188934881,90.77096843719482,2
1047,graficon40nodi/grafo6972.40,32,40,51,77,88,0.1250000099144015,6,216.8594209226121,1.374178409576416,2
1048,graficon51nodi/grafo3958.51,32,51,62,77,88,24.203762930657014,16,557.8491934866664,3.6727001667022705,2
1049,graficon39nodi/grafo10192.39,32,39,48,78,87,2.4913542802783186,7,226.26377445667146,1.445016860961914,2
1050,graficon45nodi/grafo6007.45,32,45,58,79,92,0.2349311340084661,13,241.7155135444586,4.381408452987671,2
1051,graficon37nodi/grafo11553.37,32,37,49,83,95,0.0,4,224.87500000000006,0.05111503601074219,2
1052,graficon44nodi/grafo7454.44,32,44,56,84,96,0.11821608455106025,11,482.7209745603585,2.2643537521362305,2
1053,graficon40nodi/grafo5453.40,32,40,57,83,100,4.45183725016301,19,525.365947278748,600.3421969413757,9
1054,graficon43nodi/grafo6144.43,32,43,56,80,93,0.09523809523801652,9,495.3915044870991,3.249755859375,2
1055,graficon38nodi/grafo5499.38,32,38,48,81,91,0.0,3,169.26562498895646,0.053792715072631836,2
1056,graficon41nodi/grafo6973.41,32,41,58,84,101,0.11400121927431672,16,557.3710834862671,600.4316585063934,9
1057,graficon39nodi/grafo10037.39,32,39,50,80,91,0.09090908242278768,9,288.57262580617385,1.4698092937469482,2
1058,graficon36nodi/grafo11554.36,32,36,50,82,96,7.325396950331533,22,413.4093848159075,390.0690655708313,2
1059,graficon60nodi/grafo5751.60,32,60,75,84,99,20.25089502876154,21,657.68108498152,600.8883059024811,9
1060,graficon42nodi/grafo5241.42,32,42,55,83,96,0.07692307692307687,11,238.2324216919025,2.1738362312316895,2
1061,graficon46nodi/grafo6628.46,32,46,63,83,100,43.689753682219035,26,753.5212374812237,600.4390006065369,9
1062,graficon39nodi/grafo9924.39,32,39,52,84,97,0.31313131313131215,12,373.12102186295306,1.5905406475067139,2
1063,graficon46nodi/grafo3661.46,32,46,56,83,93,0.0,6,327.4796309137404,0.06778597831726074,2
1064,graficon38nodi/grafo7549.38,32,38,50,82,94,0.14583332987211675,12,378.9333740832636,2.0197691917419434,2
1065,graficon39nodi/grafo11532.39,32,39,51,81,93,0.0,4,335.1631933034025,1.2078685760498047,2
1066,graficon47nodi/grafo1536.47,32,47,52,80,85,0.0,0,180.0,0.018805265426635742,2
1067,graficon38nodi/grafo4110.38,32,38,52,84,98,0.11044233189797828,14,417.0884030557847,600.6170363426208,9
1068,graficon41nodi/grafo6857.41,32,41,54,83,96,0.0,6,307.84521113609065,0.06840682029724121,2
1069,graficon34nodi/grafo6118.34,32,34,42,82,90,0.0,1,205.65000000000015,0.03714942932128906,2
1070,graficon39nodi/grafo10014.39,32,39,52,83,96,0.0,10,298.0070781622698,1.7985870838165283,2
1071,graficon43nodi/grafo7598.43,32,43,57,82,96,0.283341023126814,12,424.93695334528314,2.4324755668640137,2
1072,graficon39nodi/grafo3329.39,32,39,50,80,91,0.27325768287191055,8,251.56679926992007,1.6622910499572754,2
1073,graficon43nodi/grafo1506.43,32,43,50,82,89,0.0,4,340.33806853634076,0.05892372131347656,2
1074,graficon42nodi/grafo5595.42,32,42,56,80,94,0.1685250920311958,12,373.83904310453676,2.2756943702697754,2
1075,graficon41nodi/grafo2235.41,32,41,58,83,100,0.301253316238844,15,435.902742015813,7.409204721450806,2
1076,graficon37nodi/grafo5408.37,32,37,57,84,104,12.05135481435198,29,359.33994771061634,600.2937467098236,9
1077,graficon56nodi/grafo7757.56,32,56,64,80,88,3.4415175187583307,10,360.9367139239199,2.2552053928375244,2
1078,graficon43nodi/grafo7465.43,32,43,60,80,97,0.2606932050503825,18,630.0985945245317,5.748333215713501,2
1079,graficon42nodi/grafo5984.42,32,42,53,80,91,2.4913548031900743,6,246.48606119186695,1.3458356857299805,2
1080,graficon49nodi/grafo2124.49,32,49,64,82,97,4.6666661754295164,11,263.1430118284176,1.5155279636383057,2
1081,graficon39nodi/grafo3939.39,32,39,50,83,94,0.07142857142857117,10,287.51141286097584,1.5200374126434326,2
1082,graficon41nodi/grafo6441.41,32,41,54,82,95,0.16666666666666674,11,352.4873722672117,1.5416018962860107,2
1083,graficon56nodi/grafo4306.56,32,56,63,84,91,0.0,2,436.0625000000002,0.09209394454956055,2
1084,graficon43nodi/grafo5339.43,32,43,54,81,92,0.1674649336988563,9,339.32788825559885,1.9647150039672852,2
1085,graficon36nodi/grafo3413.36,32,36,53,83,100,7.55554908581493,16,440.7963451610814,601.0093054771423,9
1086,graficon40nodi/grafo7766.40,32,40,50,80,90,5.555554961890256,11,214.74457721418926,2.4076521396636963,2
1087,graficon41nodi/grafo3444.41,32,41,53,82,94,0.08333331955027543,13,240.35545829308472,4.367903232574463,2
1088,graficon55nodi/grafo6789.55,32,55,60,81,86,0.0,4,363.8580908393198,0.06480598449707031,2
1089,graficon32nodi/grafo1421.32,32,32,45,80,93,0.0,6,254.32920538944956,1.228264331817627,2
1090,graficon36nodi/grafo5865.36,32,36,44,83,91,0.0,2,188.00000000000006,0.045485496520996094,2
1091,graficon42nodi/grafo3326.42,32,42,60,82,100,12.721457831516664,30,344.2170561195885,600.4531364440918,9
1092,graficon43nodi/grafo3360.43,32,43,56,83,96,6.117645435186596,11,382.7574923918911,3.9986181259155273,2
1093,graficon44nodi/grafo5765.44,32,44,59,84,99,0.10000016100895509,13,395.75583841573865,199.66871047019958,2
1094,graficon38nodi/grafo10031.38,32,38,49,84,95,0.2000000000000003,5,240.54532134176984,1.2573695182800293,2
1095,graficon46nodi/grafo5873.46,32,46,57,83,94,0.10000000000000897,6,296.7956015938708,1.3642683029174805,2
1096,graficon43nodi/grafo5486.43,32,43,54,81,92,0.11225502709073698,14,335.03854151826005,34.12360620498657,2
1097,graficon40nodi/grafo6472.40,32,40,57,84,101,40.57716526783422,22,392.2235442966866,4.9126296043396,2
1098,graficon47nodi/grafo6781.47,32,47,66,82,101,0.3100367286966263,19,351.3669802063106,600.4320819377899,9
1099,graficon36nodi/grafo3953.36,32,36,48,83,95,0.0,3,267.71428571428584,0.04293560981750488,2
1100,graficon43nodi/grafo5760.43,32,43,55,84,96,0.0,8,323.63307121372793,1.313192367553711,2
1101,graficon26nodi/grafo914.26,32,26,42,83,99,12.330404430503545,23,324.81825082266704,600.4643712043762,9
1102,graficon38nodi/grafo7227.38,32,38,54,80,96,0.4473458460711882,15,428.2663288478615,169.74149417877197,2
1103,graficon40nodi/grafo7652.40,32,40,55,80,95,0.3702646292884146,14,272.71354718103566,2.5936050415039062,2
1104,graficon37nodi/grafo11359.37,32,37,47,83,93,0.1266173502139344,6,261.5540580264959,1.414926528930664,2
1105,graficon42nodi/grafo1092.42,32,42,53,81,92,6.333330189346064,8,291.34521196940983,1.7736730575561523,2
1106,graficon39nodi/grafo10835.39,32,39,45,82,88,2.7777777777777777,3,159.5111013643014,1.3086354732513428,2
1107,graficon40nodi/grafo7432.40,32,40,47,80,87,0.0,4,250.22857142857185,0.048346519470214844,2
1108,graficon45nodi/grafo7099.45,32,45,56,84,95,0.23741111688108937,12,339.25031974741944,3.272231340408325,2
1109,graficon44nodi/grafo7381.44,32,44,65,81,102,68.27359876284567,38,434.8000596655625,600.3769748210907,9
1110,graficon42nodi/grafo7049.42,32,42,54,81,93,0.12756105527806005,12,322.4953279865485,2.3817474842071533,2
1111,graficon40nodi/grafo7542.40,32,40,51,81,92,0.0,9,258.35191010082593,0.06575226783752441,2
1112,graficon42nodi/grafo6058.42,32,42,54,81,93,0.0,9,293.0485813487576,0.07510638236999512,2
1113,graficon40nodi/grafo3753.40,32,40,53,81,94,0.311311119319137,16,345.08618858949,16.3586483001709,2
1114,graficon48nodi/grafo6376.48,32,48,61,81,94,5.988881157822658,14,301.1066991544632,600.9620716571808,9
1115,graficon42nodi/grafo7146.42,32,42,54,82,94,0.14285714285714035,4,327.4670668950538,1.3354671001434326,2
1116,graficon39nodi/grafo3944.39,32,39,54,84,99,0.0,9,299.2668264851171,1.663041591644287,2
1117,graficon41nodi/grafo7373.41,32,41,58,80,97,8.891424982854033,33,483.1039423928177,600.2931425571442,9
1118,graficon19nodi/grafo2375.19,32,19,35,80,96,21.046332787557965,14,318.09411910101204,1.9799118041992188,2
1119,graficon41nodi/grafo5234.41,32,41,51,83,93,0.0,4,262.29261363636374,0.05999612808227539,2
1120,graficon55nodi/grafo3570.55,32,55,66,83,94,4.111107785098138,11,398.04513321822077,601.051412820816,9
1121,graficon49nodi/grafo3626.49,32,49,61,81,93,10.026547665728533,18,427.51612583174483,105.69613933563232,2
1122,graficon47nodi/grafo6600.47,32,47,68,84,105,17.69723680474867,30,532.884216042115,303.91755628585815,2
1123,graficon39nodi/grafo3793.39,32,39,53,81,95,0.049999996277338365,12,313.2905396451757,1.8837835788726807,2
1124,graficon41nodi/grafo7007.41,32,41,55,84,98,0.5836942009175928,19,564.1580380080535,3.122903347015381,2
1125,graficon39nodi/grafo5742.39,32,39,56,83,100,0.10377467608825997,15,529.8739768428668,10.86367392539978,2
1126,graficon40nodi/grafo7541.40,32,40,53,89,102,0.1446412685139793,12,488.4465354155412,2.7687509059906006,2
1127,graficon54nodi/grafo4016.54,32,54,65,88,99,0.07692307692307698,6,332.6248143753574,1.2967252731323242,2
1128,graficon45nodi/grafo7241.45,32,45,62,86,103,0.11513159381166589,10,624.0616244037307,1.956484079360962,2
1129,graficon43nodi/grafo6406.43,32,43,57,86,100,0.0,10,483.31397404275685,1.4387500286102295,2
1130,graficon42nodi/grafo7246.42,32,42,53,89,100,0.11962588496544739,9,261.0299758086218,1.4948315620422363,2
1131,graficon44nodi/grafo7720.44,32,44,61,88,105,7.604695514096724,17,415.3250242812541,601.0694365501404,9
1132,graficon46nodi/grafo7742.46,32,46,58,85,97,0.11283588262124711,14,585.0730295510863,17.000100135803223,2
1133,graficon44nodi/grafo7169.44,32,44,56,85,97,0.0928073075851572,13,354.46103240275005,1.4950499534606934,2
1134,graficon52nodi/grafo1591.52,32,52,62,85,95,0.06666666338551064,5,328.2071428579342,1.2747931480407715,2
1135,graficon48nodi/grafo5501.48,32,48,65,88,105,6.666845873319728,28,642.1217428596983,15.984519004821777,2
1136,graficon44nodi/grafo5554.44,32,44,61,89,106,0.10722414800321778,13,700.4412437939536,16.888899326324463,2
1137,graficon39nodi/grafo7716.39,32,39,49,85,95,0.0,7,386.6493602018884,0.07197403907775879,2
1138,graficon37nodi/grafo11653.37,32,37,51,87,101,0.0,2,275.38636363636374,0.03695368766784668,2
1139,graficon58nodi/grafo4792.58,32,58,69,88,99,0.1818181818181812,4,390.7954545454553,1.6666326522827148,2
1140,graficon49nodi/grafo7578.49,32,49,57,89,97,0.0,6,325.81688562290253,0.07212519645690918,2
1141,graficon61nodi/grafo5831.61,32,61,72,88,99,0.6601768727060318,23,518.4393476296934,106.2694640159607,2
1142,graficon46nodi/grafo5331.46,32,46,58,88,100,6.3726213917896954,20,516.3712303218412,22.43726944923401,2
1143,graficon51nodi/grafo4600.51,32,51,62,89,100,0.0,7,389.9366360705211,0.09529304504394531,2
1144,graficon40nodi/grafo3335.40,32,40,53,89,102,0.09090908025475486,9,413.0119955707925,1.4062163829803467,2
1145,graficon42nodi/grafo6257.42,32,42,60,85,103,0.24894585665202862,16,550.7568738636227,17.831235647201538,2
1146,graficon36nodi/grafo5546.36,32,36,51,88,103,7.996965289172883,16,399.41752113612796,3.9711697101593018,2
1147,graficon41nodi/grafo9946.41,32,41,48,85,92,0.0,5,249.91793374210326,0.07196497917175293,2
1148,graficon60nodi/grafo4886.60,32,60,73,85,98,18.928204704706634,20,435.2850742384808,160.35522055625916,2
1149,graficon40nodi/grafo7050.40,32,40,51,88,99,0.052631576278944235,5,398.15822187656545,1.269388198852539,2
1150,graficon49nodi/grafo4380.49,32,49,64,87,102,0.0,6,385.53406610699244,0.06855058670043945,2
1151,graficon55nodi/grafo3625.55,32,55,68,88,101,0.1636807195717639,20,475.532085602603,600.4295978546143,9
1152,graficon53nodi/grafo7688.53,32,53,65,88,100,0.16783221789364502,13,323.00065148564784,1.6006865501403809,2
1153,graficon39nodi/grafo5407.39,32,39,53,89,103,24.994316440032236,18,383.6773247018664,1.7996957302093506,2
1154,graficon41nodi/grafo2781.41,32,41,61,87,107,26.948089025717607,28,468.3318067506309,600.3419048786163,9
1155,graficon37nodi/grafo5598.37,32,37,48,88,99,0.0,3,293.22693753691203,0.06763005256652832,2
1156,graficon40nodi/grafo3997.40,32,40,56,88,104,7.147093588209151,22,566.7357990160358,573.3919777870178,2
1157,graficon43nodi/grafo7470.43,32,43,52,88,97,0.0,7,236.5452533032168,0.09245705604553223,2
1158,graficon45nodi/grafo7442.45,32,45,53,86,94,0.0,2,304.9374999031658,0.058565616607666016,2
1159,graficon54nodi/grafo7723.54,32,54,73,86,105,23.873190872595433,29,540.5307414691449,600.4575898647308,9
1160,graficon42nodi/grafo7352.42,32,42,51,85,94,0.15384612319041094,3,250.6428571428573,1.2044646739959717,2
1161,graficon40nodi/grafo7670.40,32,40,56,88,104,0.0,5,420.5914777313742,1.2415218353271484,2
1162,graficon43nodi/grafo5245.43,32,43,59,88,104,13.254701710130647,13,509.874828379856,2.831566095352173,2
1163,graficon51nodi/grafo1486.51,32,51,60,87,96,0.0,5,372.32105094531045,0.07443594932556152,2
1164,graficon36nodi/grafo6049.36,32,36,45,87,96,0.0,4,224.78124996130018,0.06966042518615723,2
1165,graficon39nodi/grafo7415.39,32,39,53,88,102,0.22265072931247953,11,321.8061945488235,2.486037254333496,2
1166,graficon40nodi/grafo5373.40,32,40,58,87,105,4.203702402218262,17,605.757333101533,3.382467746734619,2
1167,graficon38nodi/grafo9979.38,32,38,50,86,98,0.0,10,273.74067373363425,0.0830841064453125,2
1168,graficon48nodi/grafo5194.48,32,48,65,89,106,13.63888989210896,17,371.1918996505299,31.45290732383728,2
1169,graficon48nodi/grafo5357.48,32,48,64,85,101,17.64757062401534,25,317.67927029935424,600.2924687862396,9
1170,graficon36nodi/grafo11662.36,32,36,48,87,99,0.0,1,191.625,0.03550910949707031,2
1171,graficon42nodi/grafo7614.42,32,42,57,87,102,8.31773968771638,16,601.963738156458,47.261435747146606,2
1172,graficon48nodi/grafo7272.48,32,48,57,86,95,0.0,3,360.40909090909105,0.06746935844421387,2
1173,graficon44nodi/grafo5878.44,32,44,56,87,99,0.09090911379202442,9,302.9009650020423,1.3745882511138916,2
1174,graficon42nodi/grafo5958.42,32,42,56,86,100,0.16025623080301318,11,326.43242776347864,3.192525625228882,2
1175,graficon58nodi/grafo1588.58,32,58,66,88,96,0.07142857142857117,7,440.0065935096774,1.5036413669586182,2
1176,graficon52nodi/grafo3455.52,32,52,65,87,100,0.05928844996811733,14,319.52101237349643,2.3324286937713623,2
1177,graficon42nodi/grafo7583.42,32,42,56,86,100,0.27692306129087796,15,375.673027881827,3.2079174518585205,2
1178,graficon49nodi/grafo7370.49,32,49,64,87,102,0.0,6,356.668445281888,0.12338447570800781,2
1179,graficon39nodi/grafo5157.39,32,39,54,88,103,0.0,10,422.00807496851377,0.10164618492126465,2
1180,graficon47nodi/grafo6822.47,32,47,56,88,97,0.0,5,301.8647549913245,0.08007645606994629,2
1181,graficon43nodi/grafo6928.43,32,43,56,88,101,0.12776316958282075,13,358.2428980099371,4.640714406967163,2
1182,graficon38nodi/grafo3421.38,32,38,52,89,103,0.4209350111586144,21,460.57368906390684,22.13618230819702,2
1183,graficon39nodi/grafo3727.39,32,39,53,86,100,0.16783216783216737,9,347.0233778286991,3.6739444732666016,2
1184,graficon44nodi/grafo6870.44,32,44,64,85,105,38.8095238247194,34,319.6626688341961,533.1605305671692,2
1185,graficon36nodi/grafo9853.36,32,36,48,87,99,0.0,1,191.625,0.03509402275085449,2
1186,graficon50nodi/grafo4518.50,32,50,66,87,103,7.392435161882976,15,382.09046603973616,48.57677888870239,2
1187,graficon42nodi/grafo7709.42,32,42,58,86,102,0.18342009435853457,15,402.7751241831572,14.856788158416748,2
1188,graficon60nodi/grafo7155.60,32,60,70,86,96,0.0,5,283.34915973159497,1.3329479694366455,2
1189,graficon64nodi/grafo4420.64,32,64,81,88,105,0.4222126755400848,18,403.3263478578455,600.3680210113525,9
1190,graficon47nodi/grafo6437.47,32,47,70,88,111,104.15673916107279,56,373.74604552759223,600.4622642993927,9
1191,graficon45nodi/grafo3151.45,32,45,58,86,99,0.0,12,294.673794409814,0.13958024978637695,2
1192,graficon51nodi/grafo4369.51,32,51,67,87,103,14.717691585297212,15,527.8304394075874,36.25718283653259,2
1193,graficon38nodi/grafo3887.38,32,38,52,87,101,0.13333333333333341,10,382.09519807165657,1.3232698440551758,2
1194,graficon44nodi/grafo6329.44,32,44,58,88,102,0.23611113092676958,8,298.65166995896624,1.477905511856079,2
1195,graficon50nodi/grafo1418.50,32,50,57,88,95,0.0,6,210.7641484815398,0.07143712043762207,2
1196,graficon43nodi/grafo6886.43,32,43,62,85,104,0.9627133909353685,25,442.1644026916256,30.615278482437134,2
1197,graficon42nodi/grafo7012.42,32,42,59,88,105,0.22195056353070236,15,439.21732526942964,39.219836473464966,2
1198,graficon34nodi/grafo5990.34,32,34,45,89,100,0.0,1,348.5781250000001,0.04659628868103027,2
1199,graficon56nodi/grafo4391.56,32,56,70,86,100,0.19070215703661433,19,606.0452985709172,1.9616684913635254,2
1200,graficon48nodi/grafo6689.48,32,48,57,86,95,0.06666666146961553,6,313.119750079871,1.3356826305389404,2
1201,graficon36nodi/grafo10457.36,32,36,45,93,102,0.08333332621581174,4,288.11984755672256,1.299931526184082,2
1202,graficon46nodi/grafo5338.46,32,46,62,94,110,6.397598064820043,16,589.5609110819762,3.181682586669922,2
1203,graficon72nodi/grafo9639.72,32,72,80,94,102,0.2717156992570098,13,580.9599456110296,2.7983438968658447,2
1204,graficon44nodi/grafo3644.44,32,44,54,93,103,0.1250000000000001,7,286.67410705346623,1.3511106967926025,2
1205,graficon54nodi/grafo3511.54,32,54,73,93,112,0.09523809523809523,13,530.6800171931134,2.4214789867401123,2
1206,graficon42nodi/grafo6946.42,32,42,58,94,110,0.055555562151102994,17,427.0474208207045,14.717932939529419,2
1207,graficon57nodi/grafo5626.57,32,57,78,94,115,14.328672933107327,24,671.9635664189386,15.964848756790161,2
1208,graficon37nodi/grafo6217.37,32,37,53,94,110,0.2999996777831524,17,351.2587542508924,21.143428087234497,2
1209,graficon60nodi/grafo4512.60,32,60,73,93,106,0.24545280080811194,11,629.9438634378562,4.011183023452759,2
1210,graficon47nodi/grafo5432.47,32,47,68,92,113,0.0,22,490.75535258162415,2.446002244949341,2
1211,graficon55nodi/grafo4502.55,32,55,76,92,113,34.77595159743435,43,592.2836872102168,600.4678525924683,9
1212,graficon58nodi/grafo1247.58,32,58,68,94,104,2.263690529015138,12,381.4376265141831,7.810403108596802,2
1213,graficon43nodi/grafo6346.43,32,43,62,91,110,41.02182690342731,24,393.5038869950033,39.11336874961853,2
1214,graficon37nodi/grafo11625.37,32,37,51,92,106,0.07142772606467333,6,339.1284794524155,1.4316465854644775,2
1215,graficon51nodi/grafo1470.51,32,51,69,90,108,5.716677299316938,28,483.61622228153806,600.387439250946,9
1216,graficon64nodi/grafo8416.64,32,64,79,94,109,1.6005541201402689,27,590.4143461320849,600.3153312206268,9
1217,graficon43nodi/grafo7441.43,32,43,60,92,109,4.606676881534473,27,331.1860095706609,600.3038625717163,9
1218,graficon40nodi/grafo5211.40,32,40,54,93,107,0.0,8,474.92753852431997,1.2608273029327393,2
1219,graficon35nodi/grafo11326.35,32,35,42,91,98,0.0,3,227.73143683342045,0.05464315414428711,2
1220,graficon43nodi/grafo7157.43,32,43,53,90,100,0.0,7,256.525157188678,0.08157229423522949,2
1221,graficon39nodi/grafo3330.39,32,39,60,93,114,12.70124540845026,30,442.7440030271446,600.4471263885498,9
1222,graficon40nodi/grafo3519.40,32,40,56,93,109,0.0,6,282.3396738681707,0.07874560356140137,2
1223,graficon57nodi/grafo4041.57,32,57,66,92,101,0.24830163903818725,11,729.080834124778,3.7095437049865723,2
1224,graficon41nodi/grafo7124.41,32,41,59,94,112,0.17142857142857065,12,358.85342453724604,3.732457399368286,2
1225,graficon61nodi/grafo4482.61,32,61,75,91,105,0.07692306927679922,6,535.196750384583,1.3414032459259033,2
1226,graficon49nodi/grafo5721.49,32,49,64,92,107,0.0,7,461.7317509352433,0.08371186256408691,2
1227,graficon42nodi/grafo5468.42,32,42,58,94,110,0.1337681191685649,16,369.2965271238767,49.081953048706055,2
1228,graficon37nodi/grafo1758.37,32,37,45,93,101,0.0,4,311.75000000000006,0.07134842872619629,2
1229,graficon36nodi/grafo11444.36,32,36,46,94,104,0.0,4,319.10267856014855,1.21236252784729,2
1230,graficon37nodi/grafo11540.37,32,37,48,91,102,0.0,3,280.69999996638904,0.05674147605895996,2
1231,graficon37nodi/grafo7028.37,32,37,48,90,101,0.05634355894892206,11,335.95908480637866,6.830104351043701,2
1232,graficon37nodi/grafo11417.37,32,37,49,90,102,0.0,3,344.06490384615415,0.04534482955932617,2
1233,graficon39nodi/grafo3187.39,32,39,53,91,105,0.21219848584149045,13,414.09807064250384,6.812532186508179,2
1234,graficon39nodi/grafo9897.39,32,39,55,90,106,2.5538562595373824,16,353.16182315061826,14.050982475280762,2
1235,graficon57nodi/grafo5748.57,32,57,76,94,113,6.149043055992746,20,392.3405484486776,600.2679324150085,9
1236,graficon38nodi/grafo10032.38,32,38,47,91,100,0.0,6,205.40768008053928,1.2940082550048828,2
1237,graficon58nodi/grafo4796.58,32,58,73,90,105,8.35845001564246,19,504.7574866596609,49.65457057952881,2
1238,graficon40nodi/grafo10282.40,32,40,59,92,111,4.229815095440465,14,596.0171974060316,600.3427379131317,9
1239,graficon54nodi/grafo5002.54,32,54,64,91,101,0.18430606190646615,8,500.50634899918725,1.750122308731079,2
1240,graficon44nodi/grafo2199.44,32,44,50,90,96,0.0,3,268.5625,0.044939517974853516,2
1241,graficon38nodi/grafo10659.38,32,38,57,91,110,15.814941025551427,17,583.5675748848881,2.8924524784088135,2
1242,graficon56nodi/grafo4409.56,32,56,67,93,104,0.0,6,230.8117557320989,0.06196856498718262,2
1243,graficon47nodi/grafo6408.47,32,47,57,90,100,0.0,7,395.9997155408798,0.0781106948852539,2
1244,graficon54nodi/grafo3858.54,32,54,68,92,106,0.19088192978302865,20,532.3617918157072,600.3796923160553,9
1245,graficon43nodi/grafo5723.43,32,43,59,92,108,0.4976603801343942,21,494.04626318896226,136.72117710113525,2
1246,graficon40nodi/grafo4010.40,32,40,52,92,104,0.5841622701996383,8,399.6778375241638,1.5345001220703125,2
1247,graficon62nodi/grafo6173.62,32,62,73,92,103,0.0,8,364.5389823820808,0.07401418685913086,2
1248,graficon45nodi/grafo5138.45,32,45,61,90,106,30.64415704387205,24,637.9170282994243,600.5575625896454,9
1249,graficon41nodi/grafo6164.41,32,41,55,91,105,0.4597060302391141,13,432.33908493160004,2.176543951034546,2
1250,graficon41nodi/grafo3527.41,32,41,54,93,106,3.733333913750769,13,311.12534221183347,482.93497824668884,2
1251,graficon42nodi/grafo7642.42,32,42,62,90,110,12.569108458181832,19,538.1148543372224,43.18058133125305,2
1252,graficon46nodi/grafo3424.46,32,46,56,94,104,0.08447992617503375,12,265.93418077047943,2.1620397567749023,2
1253,graficon53nodi/grafo271.53,32,53,67,91,105,0.0,10,454.2720257292142,0.12434077262878418,2
1254,graficon45nodi/grafo3660.45,32,45,60,90,105,13.622185935754805,19,525.332972922705,13.066676139831543,2
1255,graficon40nodi/grafo5980.40,32,40,54,92,106,0.0,9,313.73757801269306,0.07871794700622559,2
1256,graficon44nodi/grafo6945.44,32,44,60,93,109,0.8010795307495318,18,655.1524179212562,196.46145224571228,2
1257,graficon35nodi/grafo5299.35,32,35,44,91,100,0.16666525077876215,6,256.4123641310106,1.3752319812774658,2
1258,graficon66nodi/grafo9143.66,32,66,84,94,112,35.517433597969365,30,499.75960791712174,600.217122554779,9
1259,graficon55nodi/grafo4195.55,32,55,69,91,105,0.1,8,385.08358876202266,1.3455142974853516,2
1260,graficon58nodi/grafo6193.58,32,58,77,91,110,32.75738847137588,25,592.0445176417658,600.5750412940979,9
1261,graficon45nodi/grafo6524.45,32,45,59,94,108,0.22221854720781464,13,486.10411906452714,600.5830364227295,9
1262,graficon54nodi/grafo4006.54,32,54,64,91,101,0.0,2,187.0204081470578,0.048122406005859375,2
1263,graficon38nodi/grafo11322.38,32,38,50,94,106,0.0,3,220.50000000778937,0.05535101890563965,2
1264,graficon46nodi/grafo6723.46,32,46,64,93,111,3.5894563306567138,29,506.5374999180253,600.3454411029816,9
1265,graficon35nodi/grafo6517.35,32,35,49,93,107,0.0,12,329.05224899879306,0.10072493553161621,2
1266,graficon49nodi/grafo3415.49,32,49,65,90,106,2.8444437447009348,13,344.61805160912996,2.874630928039551,2
1267,graficon39nodi/grafo4005.39,32,39,52,91,104,0.1838235294117797,16,492.2616776017952,3.4164416790008545,2
1268,graficon52nodi/grafo4030.52,32,52,65,92,105,0.19999934243829243,12,396.3186136109243,1.594010353088379,2
1269,graficon41nodi/grafo7098.41,32,41,59,92,110,52.114375324210755,33,500.9334056599767,600.3319053649902,9
1270,graficon43nodi/grafo5926.43,32,43,62,93,112,0.32548834675913707,14,368.1120236589952,29.82465434074402,2
1271,graficon47nodi/grafo7625.47,32,47,67,94,114,7.20436980252489,27,433.03499356168925,75.44273567199707,2
1272,graficon41nodi/grafo5717.41,32,41,51,93,103,0.0,5,291.51420454545485,0.06410455703735352,2
1273,graficon66nodi/grafo9641.66,32,66,79,90,103,0.0628905273027627,11,796.8740462447851,57.4439742565155,2
1274,graficon38nodi/grafo6578.38,32,38,53,93,108,0.15613448601978974,7,427.6692135605,1.5068750381469727,2
1275,graficon42nodi/grafo3508.42,32,42,59,94,111,3.792589053885872,18,353.7529099940209,600.554797410965,9
1276,graficon44nodi/grafo11403.44,32,44,60,98,114,0.08467549588163636,15,442.4028468753538,3.760125160217285,2
1277,graficon43nodi/grafo7636.43,32,43,59,99,115,2.40289220244927,18,464.33442529613603,213.63342380523682,2
1278,graficon42nodi/grafo5817.42,32,42,60,99,117,0.4861110455303973,11,326.5144022211012,1.528965950012207,2
1279,graficon51nodi/grafo3172.51,32,51,71,96,116,33.781861153885515,31,706.2536205864675,600.4206173419952,9
1280,graficon44nodi/grafo6432.44,32,44,54,95,105,0.07692306927673198,4,346.8815789473688,1.2243821620941162,2
1281,graficon40nodi/grafo3621.40,32,40,50,95,105,0.14285774328521805,7,322.99713745613144,1.4372045993804932,2
1282,graficon62nodi/grafo4646.62,32,62,78,96,112,0.0,12,482.864240706224,1.4459941387176514,2
1283,graficon52nodi/grafo7721.52,32,52,71,95,114,4.989376147107528,20,414.9163823668854,600.5352373123169,9
1284,graficon45nodi/grafo7640.45,32,45,65,98,118,25.501668502697076,29,468.5706607173289,600.389018535614,9
1285,graficon41nodi/grafo3781.41,32,41,58,96,113,6.562203239841674,20,545.9558447051622,601.1654367446899,9
1286,graficon57nodi/grafo4352.57,32,57,67,98,108,0.0,6,335.64430732496135,0.07182836532592773,2
1287,graficon40nodi/grafo6458.40,32,40,57,95,112,0.13043478260869523,13,606.8617775070779,3.0090792179107666,2
1288,graficon56nodi/grafo6568.56,32,56,69,98,111,12.6417533444979,19,513.4898439403947,600.3192691802979,9
1289,graficon50nodi/grafo4580.50,32,50,63,99,112,7.76877387307264,14,426.3924049608302,38.064430952072144,2
1290,graficon53nodi/grafo3486.53,32,53,68,97,112,8.403124341891314,19,642.1481772903925,70.73915481567383,2
1291,graficon54nodi/grafo1483.54,32,54,67,98,111,0.0,9,314.8839285714286,0.06303691864013672,2
1292,graficon47nodi/grafo6664.47,32,47,63,96,112,0.27754111462597675,19,468.76070577197527,600.2841074466705,9
1293,graficon44nodi/grafo7761.44,32,44,55,98,109,0.0,9,436.2227267283841,0.10268378257751465,2
1294,graficon48nodi/grafo3769.48,32,48,63,99,114,9.633529500974795,18,396.4526306863054,18.522691011428833,2
1295,graficon44nodi/grafo3205.44,32,44,57,99,112,0.0,7,278.03074915645766,0.09987115859985352,2
1296,graficon42nodi/grafo3439.42,32,42,57,95,110,0.0,10,497.05068947888395,1.2800145149230957,2
1297,graficon41nodi/grafo5645.41,32,41,52,97,108,0.0,8,342.83181572560096,0.10198116302490234,2
1298,graficon49nodi/grafo4012.49,32,49,65,99,115,6.6062052608191255,20,426.85731375767443,49.410520792007446,2
1299,graficon38nodi/grafo3540.38,32,38,57,96,115,5.042732942886974,14,475.51936343513614,600.7239172458649,9
1300,graficon44nodi/grafo6960.44,32,44,61,98,115,1.958241069991835,18,471.68689717199146,55.91291689872742,2
1301,graficon43nodi/grafo4053.43,32,43,58,98,113,36.64275328882262,20,612.1536410967294,83.59933185577393,2
1302,graficon38nodi/grafo7478.38,32,38,47,98,107,0.0,5,218.89319507023595,0.05341053009033203,2
1303,graficon42nodi/grafo3402.42,32,42,62,99,119,0.5776573226953283,23,500.68155622745104,34.08559060096741,2
1304,graficon40nodi/grafo3804.40,32,40,49,98,107,0.0,5,251.98214285714286,0.06529021263122559,2
1305,graficon46nodi/grafo7713.46,32,46,67,96,117,48.057470040193046,40,345.42869778013784,600.4340362548828,9
1306,graficon54nodi/grafo4849.54,32,54,68,95,109,0.0,6,385.3903639928041,0.08936572074890137,2
1307,graficon48nodi/grafo4473.48,32,48,61,95,108,0.0,3,290.1299998587896,0.11652159690856934,2
1308,graficon54nodi/grafo4530.54,32,54,76,97,119,45.09646409821147,44,753.2159632553945,600.2494599819183,9
1309,graficon41nodi/grafo2531.41,32,41,56,99,114,2.491354531839349,9,309.74448621997243,5.066194295883179,2
1310,graficon61nodi/grafo8112.61,32,61,77,97,113,6.292287877964089,18,532.3977295572049,24.407859325408936,2
1311,graficon53nodi/grafo3763.53,32,53,72,95,114,13.666664802977348,20,401.0299974927983,600.372359752655,9
1312,graficon39nodi/grafo3099.39,32,39,47,98,106,0.0,0,150.0,0.027016401290893555,2
1313,graficon44nodi/grafo7621.44,32,44,65,98,119,2.8336808155863267,17,447.6225831081247,600.7250440120697,9
1314,graficon44nodi/grafo6263.44,32,44,66,96,118,0.2018625386164088,26,592.4273217721815,298.2436945438385,2
1315,graficon60nodi/grafo7448.60,32,60,81,98,119,59.443166691793245,44,772.1402590497619,600.6457793712616,9
1316,graficon46nodi/grafo5480.46,32,46,63,95,112,0.41275453686176533,17,398.0190266042906,23.486608028411865,2
1317,graficon39nodi/grafo7390.39,32,39,59,97,117,6.877250515016777,19,386.0741052273922,600.5978538990021,9
1318,graficon42nodi/grafo3258.42,32,42,58,96,112,0.20855617450791752,14,435.22503586841947,1.961855411529541,2
1319,graficon52nodi/grafo6159.52,32,52,65,98,111,3.712997260564049,10,519.5383757554835,4.454694986343384,2
1320,graficon42nodi/grafo7485.42,32,42,56,99,113,1.854696231047158,15,375.2317163268412,601.3078186511993,9
1321,graficon49nodi/grafo7245.49,32,49,65,97,113,4.651279200871384,18,506.10214247845505,601.8253779411316,9
1322,graficon54nodi/grafo4488.54,32,54,69,95,110,10.554998013327621,15,477.4520826442548,13.760326147079468,2
1323,graficon42nodi/grafo6270.42,32,42,54,98,110,0.0,7,376.9501957295015,1.2537932395935059,2
1324,graficon42nodi/grafo3277.42,32,42,56,95,109,0.11666635193979677,14,470.9616604926545,8.271795749664307,2
1325,graficon46nodi/grafo5832.46,32,46,58,95,107,0.04545454335256497,6,343.1503235180012,1.4632446765899658,2
1326,graficon60nodi/grafo4376.60,32,60,73,96,109,0.0,6,309.4191684509923,1.297762393951416,2
1327,graficon55nodi/grafo1549.55,32,55,66,99,110,0.0,6,676.2186021763584,1.2444219589233398,2
1328,graficon53nodi/grafo4871.53,32,53,71,98,116,12.484438447409953,17,623.1956245717649,600.5219373703003,9
1329,graficon60nodi/grafo8276.60,32,60,74,97,111,0.21428519112162703,10,515.8916988589524,1.7407379150390625,2
1330,graficon55nodi/grafo1465.55,32,55,65,95,105,0.08333332486893896,12,370.26692426588295,7.374789237976074,2
1331,graficon53nodi/grafo5057.53,32,53,67,95,109,0.14285691101537912,13,472.9704724549224,2.1532647609710693,2
1332,graficon38nodi/grafo3383.38,32,38,62,98,122,40.42408744722143,54,520.1822332128309,600.5102252960205,9
1333,graficon38nodi/grafo3758.38,32,38,56,99,117,14.305259298599301,28,506.5436384736268,17.53160524368286,2
1334,graficon63nodi/grafo4664.63,32,63,77,99,113,0.2523409831274931,11,492.1888229567155,1.8527798652648926,2
1335,graficon46nodi/grafo3412.46,32,46,65,95,114,7.762275375953637,18,443.8777351675701,29.183096408843994,2
1336,graficon44nodi/grafo7591.44,32,44,61,95,112,11.12654250069403,26,580.3136470291233,600.3529288768768,9
1337,graficon53nodi/grafo1482.53,32,53,67,96,110,0.0,14,524.9452351798132,1.6360821723937988,2
1338,graficon43nodi/grafo6921.43,32,43,55,97,109,0.07796100686366136,9,361.3393562570809,2.950181484222412,2
1339,graficon41nodi/grafo6192.41,32,41,54,95,108,2.868685256518983,14,456.44568779259083,4.336270809173584,2
1340,graficon51nodi/grafo7730.51,32,51,67,95,111,0.08333333333333348,14,436.65015230131786,6.725110769271851,2
1341,graficon39nodi/grafo7581.39,32,39,51,96,108,0.10526316430823451,8,418.0324192991715,1.5433881282806396,2
1342,graficon62nodi/grafo4312.62,32,62,74,96,108,0.24883360084033782,14,500.1456114812503,116.1181640625,2
1343,graficon42nodi/grafo3476.42,32,42,60,99,117,0.2328734127170211,15,462.4735673034201,5.047345161437988,2
1344,graficon41nodi/grafo7204.41,32,41,54,99,112,0.0,13,453.81219606167076,0.0925140380859375,2
1345,graficon44nodi/grafo3603.44,32,44,66,99,121,66.65615611856299,47,467.7517006850496,600.3901283740997,9
1346,graficon39nodi/grafo11495.39,32,39,52,95,108,0.09090909090909072,9,307.66109298356406,1.597064733505249,2
1347,graficon39nodi/grafo3474.39,32,39,51,95,107,1.2290580472941888,11,385.61163725648976,10.904870986938477,2
1348,graficon42nodi/grafo6308.42,32,42,62,96,116,18.476481703420596,23,507.79263561309386,13.325127840042114,2
1349,graficon40nodi/grafo5643.40,32,40,51,95,106,0.11111111111111116,5,273.02272727272725,1.2522785663604736,2
1350,graficon39nodi/grafo5974.39,32,39,53,97,111,0.10526315789473673,11,470.20755036965585,1.2923195362091064,2
