Index,Data,combo_idx,Nodes,Edges,TotalNodes,TotalEdges,ObjVal,Crossings,EdgeLength,Runtime,Status
1,graficon13nodi/grafo2567.13,6,13,13,13,13,4.0,0,4.0,0.025665760040283203,2
2,graficon11nodi/grafo685.11,6,11,11,13,13,5.0,0,5.0,0.02556753158569336,2
3,graficon10nodi/grafo2511.10,6,10,10,12,12,5.0,0,5.0,0.02299976348876953,2
4,graficon12nodi/grafo957.12,6,12,11,13,12,4.0,0,4.0,0.026152372360229492,2
5,graficon14nodi/grafo769.14,6,14,13,14,13,4.0,0,4.0,0.026000499725341797,2
6,graficon10nodi/grafo1070.10,6,10,10,12,12,4.0,0,4.0,0.022678852081298828,2
7,graficon10nodi/grafo473.10,6,10,10,12,12,4.0,0,4.0,0.027961254119873047,2
8,graficon14nodi/grafo371.14,6,14,13,14,13,5.0,0,5.0,0.03700995445251465,2
9,graficon12nodi/grafo906.12,6,12,11,12,11,3.0,0,3.0,0.029711484909057617,2
10,graficon11nodi/grafo927.11,6,11,10,11,10,3.0,0,3.0,0.02521657943725586,2
11,graficon10nodi/grafo758.10,6,10,10,12,12,4.0,0,4.0,0.02428913116455078,2
12,graficon12nodi/grafo122.12,6,12,11,12,11,3.0,0,3.0,0.02352619171142578,2
13,graficon12nodi/grafo1843.12,6,12,15,14,17,10.0,2,10.0,0.04008364677429199,2
14,graficon10nodi/grafo898.10,6,10,9,10,9,2.0,0,2.0,0.022891521453857422,2
15,graficon11nodi/grafo2433.11,6,11,11,13,13,3.0,0,3.0,0.008557796478271484,2
16,graficon11nodi/grafo749.11,6,11,10,13,12,3.0,0,3.0,0.029082536697387695,2
17,graficon10nodi/grafo961.10,6,10,10,12,12,4.0,0,4.0,0.024903297424316406,2
18,graficon10nodi/grafo1857.10,6,10,12,12,14,6.0,0,6.0,0.025561809539794922,2
19,graficon11nodi/grafo1004.11,6,11,12,12,13,6.0,0,6.0,0.02437901496887207,2
20,graficon11nodi/grafo675.11,6,11,11,13,13,4.0,0,4.0,0.029180288314819336,2
21,graficon10nodi/grafo633.10,6,10,9,10,9,2.0,0,2.0,0.021728515625,2
22,graficon13nodi/grafo2908.13,6,13,12,13,12,3.0,0,3.0,0.024936676025390625,2
23,graficon11nodi/grafo441.11,6,11,11,13,13,6.0,0,6.0,0.01122140884399414,2
24,graficon11nodi/grafo2812.11,6,11,11,13,13,3.0,0,3.0,0.008337974548339844,2
25,graficon10nodi/grafo881.10,6,10,9,10,9,1.0,0,1.0,0.008316993713378906,2
26,graficon10nodi/grafo455.10,6,10,10,13,13,3.0,0,3.0,0.025161027908325195,2
27,graficon12nodi/grafo933.12,6,12,11,12,11,3.0,0,3.0,0.026939868927001953,2
28,graficon12nodi/grafo256.12,6,12,11,12,11,2.0,0,2.0,0.020867347717285156,2
29,graficon10nodi/grafo1098.10,6,10,9,10,9,2.0,0,2.0,0.020748615264892578,2
30,graficon11nodi/grafo246.11,6,11,10,11,10,2.0,0,2.0,0.023214340209960938,2
31,graficon12nodi/grafo2668.12,6,12,13,14,15,5.0,1,5.0,0.028197050094604492,2
32,graficon12nodi/grafo667.12,6,12,12,13,13,5.0,0,5.0,0.024541378021240234,2
33,graficon12nodi/grafo986.12,6,12,11,12,11,3.0,0,3.0,0.02414727210998535,2
34,graficon10nodi/grafo782.10,6,10,9,10,9,2.0,0,2.0,0.022073030471801758,2
35,graficon12nodi/grafo756.12,6,12,11,12,11,3.0,0,3.0,0.02562737464904785,2
36,graficon11nodi/grafo1629.11,6,11,11,14,14,4.999999999999998,0,4.999999999999998,0.0358271598815918,2
37,graficon12nodi/grafo888.12,6,12,13,14,15,11.0,0,11.0,0.030765771865844727,2
38,graficon11nodi/grafo1162.11,6,11,11,12,12,4.0,0,4.0,0.02675318717956543,2
39,graficon11nodi/grafo3101.11,6,11,11,13,13,3.0,0,3.0,0.00863790512084961,2
40,graficon10nodi/grafo910.10,6,10,9,10,9,2.0,0,2.0,0.02373814582824707,2
41,graficon13nodi/grafo514.13,6,13,12,13,12,3.0,0,3.0,0.03133988380432129,2
42,graficon10nodi/grafo718.10,6,10,10,12,12,4.0,0,4.0,0.024403095245361328,2
43,graficon10nodi/grafo1123.10,6,10,10,12,12,4.0,0,4.0,0.023315906524658203,2
44,graficon10nodi/grafo474.10,6,10,10,12,12,4.0,0,4.0,0.020790815353393555,2
45,graficon14nodi/grafo272.14,6,14,13,14,13,3.999999999999993,0,3.9999999999999964,0.02838611602783203,2
46,graficon11nodi/grafo1084.11,6,11,10,11,10,1.0,0,1.0,0.007915735244750977,2
47,graficon11nodi/grafo2971.11,6,11,11,13,13,3.0,0,3.0,0.008539915084838867,2
48,graficon11nodi/grafo313.11,6,11,10,13,12,4.0,0,4.0,0.01380157470703125,2
49,graficon11nodi/grafo532.11,6,11,11,13,13,4.0,0,4.0,0.024839162826538086,2
50,graficon11nodi/grafo857.11,6,11,11,12,12,5.0,0,5.0,0.008493423461914062,2
51,graficon10nodi/grafo978.10,6,10,10,12,12,4.0,0,4.0,0.022584199905395508,2
52,graficon13nodi/grafo1067.13,6,13,13,13,13,4.0,0,4.0,0.026704072952270508,2
53,graficon12nodi/grafo2949.12,6,12,11,12,11,3.0,0,3.0,0.0256655216217041,2
54,graficon10nodi/grafo962.10,6,10,10,12,12,4.0,0,4.0,0.022649526596069336,2
55,graficon10nodi/grafo460.10,6,10,9,10,9,2.0,0,2.0,0.02460169792175293,2
56,graficon11nodi/grafo3073.11,6,11,11,13,13,3.0,0,3.0,0.007992029190063477,2
57,graficon11nodi/grafo316.11,6,11,13,14,16,9.0,0,9.0,0.025593996047973633,2
58,graficon13nodi/grafo2415.13,6,13,13,14,14,4.0,0,4.0,0.026093006134033203,2
59,graficon12nodi/grafo861.12,6,12,12,14,14,9.0,0,9.0,0.05690789222717285,2
60,graficon11nodi/grafo612.11,6,11,11,13,13,4.0,0,4.0,0.026927709579467773,2
61,graficon10nodi/grafo513.10,6,10,10,12,12,4.0,0,4.0,0.02261662483215332,2
62,graficon12nodi/grafo352.12,6,12,12,14,14,4.0,1,4.0,0.02697300910949707,2
63,graficon11nodi/grafo3113.11,6,11,11,13,13,3.0,0,3.0,0.007310152053833008,2
64,graficon12nodi/grafo2651.12,6,12,13,12,13,6.999999999999993,2,6.999999999999993,0.0311586856842041,2
65,graficon13nodi/grafo2595.13,6,13,12,13,12,3.0,0,3.0,0.03099346160888672,2
66,graficon14nodi/grafo345.14,6,14,13,14,13,3.999999999999993,0,3.9999999999999964,0.029474735260009766,2
67,graficon10nodi/grafo209.10,6,10,10,12,12,4.0,0,4.0,0.023657798767089844,2
68,graficon11nodi/grafo1005.11,6,11,11,12,12,5.0,0,5.0,0.025648117065429688,2
69,graficon10nodi/grafo1032.10,6,10,9,10,9,2.0,0,2.0,0.02467656135559082,2
70,graficon10nodi/grafo210.10,6,10,10,12,12,4.0,0,4.0,0.022796630859375,2
71,graficon11nodi/grafo759.11,6,11,12,12,13,6.0,1,6.0,0.028027772903442383,2
72,graficon10nodi/grafo265.10,6,10,12,12,14,8.0,1,8.0,0.012604713439941406,2
73,graficon12nodi/grafo2439.12,6,12,12,13,13,5.0,0,5.0,0.02761554718017578,2
74,graficon11nodi/grafo748.11,6,11,11,13,13,4.0,0,4.0,0.02455615997314453,2
75,graficon11nodi/grafo2714.11,6,11,11,13,13,3.0,0,3.0,0.007701873779296875,2
76,graficon15nodi/grafo886.15,6,15,15,18,18,6.0,0,6.0,0.039748191833496094,2
77,graficon12nodi/grafo2359.12,6,12,17,16,21,23.99999999999999,3,23.99999999999999,1.3812222480773926,2
78,graficon17nodi/grafo565.17,6,17,17,19,19,5.0,0,5.0,0.032052040100097656,2
79,graficon14nodi/grafo642.14,6,14,15,16,17,7.999999999999985,1,7.999999999999985,0.0306856632232666,2
80,graficon15nodi/grafo2783.15,6,15,17,19,21,12.999999999999998,1,13.0,0.09171795845031738,2
81,graficon12nodi/grafo2707.12,6,12,14,16,18,8.0,1,8.0,0.026100635528564453,2
82,graficon16nodi/grafo2861.16,6,16,15,18,17,10.0,1,10.0,1.4923381805419922,2
83,graficon16nodi/grafo853.16,6,16,16,16,16,5.0,0,5.0,0.026168107986450195,2
84,graficon17nodi/grafo1122.17,6,17,17,19,19,5.0,0,5.0,0.02648639678955078,2
85,graficon11nodi/grafo2384.11,6,11,12,15,16,6.0,0,6.0,0.030375242233276367,2
86,graficon15nodi/grafo1618.15,6,15,16,19,20,12.0,0,12.0,0.05214834213256836,2
87,graficon13nodi/grafo325.13,6,13,14,15,16,7.0,1,7.0,0.027257680892944336,2
88,graficon17nodi/grafo1161.17,6,17,18,19,20,11.0,0,11.0,0.07473015785217285,2
89,graficon13nodi/grafo510.13,6,13,16,18,21,11.0,1,11.0,0.032457590103149414,2
90,graficon14nodi/grafo367.14,6,14,14,15,15,5.0,0,5.0,0.030239582061767578,2
91,graficon13nodi/grafo477.13,6,13,13,15,15,3.0,0,3.0,0.025246381759643555,2
92,graficon13nodi/grafo951.13,6,13,17,19,23,21.999999999999915,0,21.999999999999915,1.9098114967346191,2
93,graficon11nodi/grafo1734.11,6,11,14,17,20,11.999999999999979,1,11.999999999999979,0.03487706184387207,2
94,graficon15nodi/grafo2797.15,6,15,17,15,17,10.0,1,10.0,0.026034832000732422,2
95,graficon12nodi/grafo2335.12,6,12,14,19,21,9.0,0,9.0,0.02427363395690918,2
96,graficon10nodi/grafo1740.10,6,10,13,17,20,17.0,1,17.0,0.05895423889160156,2
97,graficon13nodi/grafo1853.13,6,13,15,17,19,16.99999999999959,3,16.99999999999959,1.3976085186004639,2
98,graficon16nodi/grafo2142.16,6,16,16,17,17,7.0,0,7.0,0.03685760498046875,2
99,graficon14nodi/grafo956.14,6,14,15,15,16,7.999999999999991,1,7.999999999999991,0.03981208801269531,2
100,graficon15nodi/grafo585.15,6,15,16,19,20,11.000000000000002,0,11.000000000000002,0.04569196701049805,2
101,graficon14nodi/grafo2291.14,6,14,14,16,16,11.999999999999915,1,11.999999999999915,0.0559079647064209,2
102,graficon14nodi/grafo1658.14,6,14,15,19,20,7.0,0,7.0,0.03406548500061035,2
103,graficon13nodi/grafo559.13,6,13,15,19,21,10.0,0,10.0,0.029596328735351562,2
104,graficon15nodi/grafo2377.15,6,15,15,16,16,6.0,0,6.0,0.03492379188537598,2
105,graficon14nodi/grafo2189.14,6,14,16,17,19,12.0,1,12.0,0.04765915870666504,2
106,graficon16nodi/grafo322.16,6,16,15,17,16,5.999999999999991,0,5.999999999999991,0.04660916328430176,2
107,graficon14nodi/grafo2460.14,6,14,14,15,15,5.0,0,5.0,0.027100563049316406,2
108,graficon16nodi/grafo1177.16,6,16,15,17,16,5.999999999999998,0,5.999999999999998,0.034769535064697266,2
109,graficon13nodi/grafo203.13,6,13,14,15,16,8.0,1,8.0,0.04634356498718262,2
110,graficon13nodi/grafo387.13,6,13,15,19,21,12.0,1,12.0,0.038787126541137695,2
111,graficon15nodi/grafo1107.15,6,15,19,19,23,18.99999999999998,0,18.99999999999998,0.05498313903808594,2
112,graficon12nodi/grafo576.12,6,12,14,17,19,6.999999999999997,0,7.0,0.030192852020263672,2
113,graficon12nodi/grafo542.12,6,12,14,17,19,8.0,0,8.0,0.030873775482177734,2
114,graficon10nodi/grafo1898.10,6,10,15,16,21,20.0,1,20.0,0.028899431228637695,2
115,graficon12nodi/grafo543.12,6,12,12,15,15,4.999999999999979,1,4.999999999999979,0.042002201080322266,2
116,graficon14nodi/grafo843.14,6,14,14,15,15,10.999999999999938,0,11.0,1.3471732139587402,2
117,graficon14nodi/grafo1620.14,6,14,15,17,18,7.0,0,7.0,0.02771782875061035,2
118,graficon14nodi/grafo255.14,6,14,16,16,18,14.999999999999892,2,14.999999999999892,1.3571276664733887,2
119,graficon14nodi/grafo899.14,6,14,15,15,16,11.0,1,11.0,1.3190314769744873,2
120,graficon17nodi/grafo422.17,6,17,17,18,18,9.0,0,9.0,0.042847633361816406,2
121,graficon13nodi/grafo440.13,6,13,14,18,19,9.0,0,9.0,0.027360200881958008,2
122,graficon11nodi/grafo280.11,6,11,12,15,16,8.999999999999993,0,8.999999999999993,0.027122020721435547,2
123,graficon15nodi/grafo2331.15,6,15,17,17,19,10.0,0,10.0,0.008656024932861328,2
124,graficon11nodi/grafo1006.11,6,11,12,15,16,5.0,0,5.0,0.025183439254760742,2
125,graficon13nodi/grafo2218.13,6,13,13,16,16,5.999999999999993,1,5.999999999999995,0.029042482376098633,2
126,graficon14nodi/grafo3087.14,6,14,14,16,16,10.0,0,10.0,1.3937034606933594,2
127,graficon16nodi/grafo1069.16,6,16,15,17,16,6.0,0,6.0,0.03578782081604004,2
128,graficon14nodi/grafo524.14,6,14,15,15,16,7.0,0,7.000000000000005,0.024886131286621094,2
129,graficon11nodi/grafo1913.11,6,11,14,15,18,10.0,0,10.0,0.012594938278198242,2
130,graficon14nodi/grafo2919.14,6,14,15,17,18,6.999999999999991,0,6.999999999999991,0.03894662857055664,2
131,graficon16nodi/grafo418.16,6,16,18,19,21,15.0,0,15.0,0.05300760269165039,2
132,graficon13nodi/grafo1935.13,6,13,18,17,22,16.0,1,16.0,0.04200601577758789,2
133,graficon17nodi/grafo774.17,6,17,18,19,20,16.0,2,16.0,1.8846142292022705,2
134,graficon16nodi/grafo1029.16,6,16,16,18,18,5.0,0,5.0,0.025746822357177734,2
135,graficon12nodi/grafo2663.12,6,12,13,15,16,6.0,0,6.0,0.039592742919921875,2
136,graficon14nodi/grafo2634.14,6,14,13,15,14,6.0,0,6.0,0.03349590301513672,2
137,graficon12nodi/grafo2380.12,6,12,12,16,16,8.0,0,8.0,0.04585909843444824,2
138,graficon17nodi/grafo2146.17,6,17,17,19,19,8.0,0,8.0,0.0341036319732666,2
139,graficon14nodi/grafo2900.14,6,14,14,18,18,7.0,0,7.0,0.03168821334838867,2
140,graficon13nodi/grafo430.13,6,13,14,16,17,6.0,0,6.0,0.008791208267211914,2
141,graficon10nodi/grafo938.10,6,10,14,19,23,24.000000000000128,3,24.000000000000128,1.7975120544433594,2
142,graficon14nodi/grafo1063.14,6,14,15,18,19,7.0,0,7.0,0.035539865493774414,2
143,graficon11nodi/grafo2964.11,6,11,12,19,20,6.999999999999989,0,6.999999999999995,0.039171457290649414,2
144,graficon13nodi/grafo989.13,6,13,14,18,19,6.0,0,6.0,0.030858516693115234,2
145,graficon11nodi/grafo822.11,6,11,13,18,20,7.0,1,7.0,0.03499341011047363,2
146,graficon10nodi/grafo1774.10,6,10,15,16,21,20.0,1,20.0,0.02787184715270996,2
147,graficon11nodi/grafo900.11,6,11,13,18,20,7.0,0,7.0,0.030842065811157227,2
148,graficon13nodi/grafo2927.13,6,13,14,19,20,12.999999999999979,1,12.999999999999982,0.12048745155334473,2
149,graficon13nodi/grafo2354.13,6,13,16,19,22,16.0,1,16.0,0.04754352569580078,2
150,graficon13nodi/grafo791.13,6,13,15,19,21,8.999999999999993,1,8.999999999999996,0.036696672439575195,2
151,graficon16nodi/grafo1945.16,6,16,17,23,24,11.99999999999999,2,12.000000000000009,2.5872364044189453,2
152,graficon17nodi/grafo2644.17,6,17,19,23,25,11.0,0,11.0,0.044206857681274414,2
153,graficon17nodi/grafo2882.17,6,17,18,24,25,8.0,0,8.0,0.03097224235534668,2
154,graficon19nodi/grafo794.19,6,19,21,22,24,14.999999999999975,1,14.999999999999975,0.07530498504638672,2
155,graficon14nodi/grafo489.14,6,14,15,22,23,9.0,1,9.00000000000016,0.12275981903076172,2
156,graficon18nodi/grafo1865.18,6,18,20,23,25,16.0,0,16.0,0.052567481994628906,2
157,graficon15nodi/grafo1970.15,6,15,17,22,24,9.99999999999999,0,9.999999999999991,0.061768531799316406,2
158,graficon14nodi/grafo2419.14,6,14,17,24,27,14.0,1,14.0,0.09079766273498535,2
159,graficon12nodi/grafo2855.12,6,12,17,24,29,16.99999999999997,1,16.999999999999982,0.0423731803894043,2
160,graficon13nodi/grafo1729.13,6,13,19,22,28,31.000000000000018,5,31.00000000000002,2.1953535079956055,2
161,graficon13nodi/grafo2832.13,6,13,14,23,24,8.999999999999957,0,8.999999999999961,1.2984240055084229,2
162,graficon18nodi/grafo1893.18,6,18,18,21,21,8.999999999999996,0,8.999999999999996,0.04157423973083496,2
163,graficon18nodi/grafo1059.18,6,18,18,22,22,6.0,0,6.0,0.03551292419433594,2
164,graficon12nodi/grafo2890.12,6,12,14,20,22,9.0,0,9.0,0.06761002540588379,2
165,graficon16nodi/grafo2231.16,6,16,20,22,26,22.0,1,22.0,0.03662872314453125,2
166,graficon20nodi/grafo2767.20,6,20,22,24,26,12.999999999999982,1,12.999999999999982,0.09492135047912598,2
167,graficon20nodi/grafo3051.20,6,20,23,24,27,11.0,0,11.0,0.031143665313720703,2
168,graficon12nodi/grafo638.12,6,12,17,22,27,16.0,0,16.0,0.032063961029052734,2
169,graficon15nodi/grafo2233.15,6,15,20,23,28,24.999999999999954,0,24.999999999999964,1.5653913021087646,2
170,graficon16nodi/grafo275.16,6,16,18,24,26,12.0,1,12.000000000000005,0.06539368629455566,2
171,graficon22nodi/grafo2137.22,6,22,21,24,23,6.999999999999971,0,6.999999999999988,0.07050251960754395,2
172,graficon18nodi/grafo314.18,6,18,18,22,22,6.0,0,6.0,0.04476737976074219,2
173,graficon15nodi/grafo2225.15,6,15,18,23,26,11.0,0,11.0,0.02703094482421875,2
174,graficon11nodi/grafo1876.11,6,11,19,24,32,24.999999999999964,6,24.999999999999964,0.17075896263122559,2
175,graficon13nodi/grafo891.13,6,13,13,20,20,5.000000000000001,0,5.000000000000001,0.02549457550048828,2
176,graficon12nodi/grafo2675.12,6,12,14,20,22,9.0,0,9.0,0.043817758560180664,2
177,graficon11nodi/grafo1835.11,6,11,15,21,25,15.999999999999986,0,15.999999999999993,0.0728456974029541,2
178,graficon23nodi/grafo2357.23,6,23,22,24,23,13.0,0,13.0,0.06226348876953125,2
179,graficon15nodi/grafo1982.15,6,15,17,24,26,12.999999999999963,1,12.999999999999963,1.358499526977539,2
180,graficon14nodi/grafo378.14,6,14,17,22,25,19.999999999999744,0,19.999999999999872,2.2214465141296387,2
181,graficon17nodi/grafo2324.17,6,17,21,23,27,14.0,2,14.0,0.0272219181060791,2
182,graficon13nodi/grafo964.13,6,13,16,23,26,14.999999999999902,0,15.000000000000032,0.07169413566589355,2
183,graficon19nodi/grafo423.19,6,19,21,23,25,14.999999999999972,0,14.999999999999972,0.05991101264953613,2
184,graficon13nodi/grafo2204.13,6,13,13,20,20,7.0,0,7.0,0.07537341117858887,2
185,graficon13nodi/grafo443.13,6,13,15,20,22,11.0,2,11.0,0.06055402755737305,2
186,graficon20nodi/grafo215.20,6,20,22,24,26,17.0,1,17.0,0.06027841567993164,2
187,graficon14nodi/grafo1662.14,6,14,20,24,30,20.99999999999963,2,20.999999999999815,1.3582005500793457,2
188,graficon20nodi/grafo495.20,6,20,20,24,24,7.9999999999999964,0,7.999999999999998,0.057251691818237305,2
189,graficon16nodi/grafo2281.16,6,16,21,24,29,22.999999999999996,1,23.0,0.07060694694519043,2
190,graficon11nodi/grafo1054.11,6,11,15,23,27,21.999999999999954,0,21.999999999999954,1.4489684104919434,2
191,graficon16nodi/grafo661.16,6,16,17,21,22,9.999999999999979,1,9.999999999999986,0.0629274845123291,2
192,graficon12nodi/grafo844.12,6,12,18,20,26,25.999999999999925,2,25.99999999999993,0.0695047378540039,2
193,graficon19nodi/grafo1661.19,6,19,21,21,23,12.999999999999998,2,12.999999999999998,1.7327492237091064,2
194,graficon18nodi/grafo2186.18,6,18,23,23,28,16.0,3,16.0,0.051256656646728516,2
195,graficon12nodi/grafo2867.12,6,12,16,22,26,20.0,0,20.0,0.029531478881835938,2
196,graficon15nodi/grafo1136.15,6,15,17,24,26,12.999999999999995,0,13.00000000000001,0.052535057067871094,2
197,graficon20nodi/grafo1651.20,6,20,21,23,24,17.0,1,17.0,1.5414667129516602,2
198,graficon15nodi/grafo2157.15,6,15,15,20,20,7.000000000000001,0,7.000000000000001,0.033087968826293945,2
199,graficon17nodi/grafo1634.17,6,17,18,20,21,16.0,1,16.0,0.05462789535522461,2
200,graficon16nodi/grafo2440.16,6,16,20,22,26,19.0,4,19.0,0.12323880195617676,2
201,graficon18nodi/grafo953.18,6,18,18,22,22,6.0,0,6.0,0.036351919174194336,2
202,graficon23nodi/grafo1485.23,6,23,22,23,22,9.0,0,9.0,0.07093453407287598,2
203,graficon13nodi/grafo2620.13,6,13,16,20,23,15.0,0,15.0,0.029815196990966797,2
204,graficon17nodi/grafo2680.17,6,17,22,22,27,21.999999999999847,2,21.999999999999847,1.4857776165008545,2
205,graficon20nodi/grafo1649.20,6,20,22,24,26,24.99999999999995,2,24.99999999999995,0.10245394706726074,2
206,graficon19nodi/grafo1897.19,6,19,20,24,25,12.0,0,12.0,0.06283020973205566,2
207,graficon13nodi/grafo2645.13,6,13,17,23,27,15.0,0,15.0,0.04944300651550293,2
208,graficon18nodi/grafo2480.18,6,18,21,22,25,15.0,0,15.0,0.05853152275085449,2
209,graficon13nodi/grafo2298.13,6,13,14,21,22,7.999999999999998,0,8.000000000000007,0.07725095748901367,2
210,graficon15nodi/grafo739.15,6,15,18,23,26,13.999999999999853,0,13.99999999999985,0.10055041313171387,2
211,graficon17nodi/grafo2679.17,6,17,19,21,23,13.999999999999993,1,14.0,0.06096172332763672,2
212,graficon14nodi/grafo2430.14,6,14,15,21,22,9.999999999999995,0,10.000000000000005,0.026323318481445312,2
213,graficon15nodi/grafo582.15,6,15,16,22,23,10.0,0,10.0,0.028875112533569336,2
214,graficon11nodi/grafo1619.11,6,11,15,21,25,15.000000000000002,3,15.000000000000002,2.403005361557007,2
215,graficon15nodi/grafo1124.15,6,15,16,23,24,9.0,0,9.0,0.062189579010009766,2
216,graficon12nodi/grafo1763.12,6,12,21,22,31,36.99999999999966,2,36.99999999999966,1.5575923919677734,2
217,graficon17nodi/grafo1094.17,6,17,19,21,23,10.0,0,10.0,0.040807247161865234,2
218,graficon15nodi/grafo2903.15,6,15,16,20,21,10.99999999999994,1,10.99999999999994,0.043225765228271484,2
219,graficon11nodi/grafo1088.11,6,11,17,22,28,25.99999999999993,0,25.999999999999964,1.3767492771148682,2
220,graficon17nodi/grafo645.17,6,17,19,21,23,15.999999999999986,0,15.999999999999986,0.05323505401611328,2
221,graficon16nodi/grafo2537.16,6,16,19,21,24,9.0,0,9.0,0.044780731201171875,2
222,graficon15nodi/grafo1030.15,6,15,16,23,24,9.0,0,9.0,0.038173675537109375,2
223,graficon14nodi/grafo242.14,6,14,16,21,23,10.0,0,10.0,0.03194737434387207,2
224,graficon17nodi/grafo1009.17,6,17,17,24,24,6.999999999999971,0,6.9999999999999805,0.03709268569946289,2
225,graficon13nodi/grafo3112.13,6,13,14,20,21,8.999999999999996,0,9.0,0.03942704200744629,2
226,graficon16nodi/grafo1731.16,6,16,19,25,28,12.0,0,12.0,0.031607627868652344,2
227,graficon16nodi/grafo967.16,6,16,17,26,27,8.000000000000002,0,8.000000000000002,0.045519351959228516,2
228,graficon17nodi/grafo1732.17,6,17,20,27,30,14.999999999999998,0,14.999999999999998,0.06850671768188477,2
229,graficon20nodi/grafo2272.20,6,20,23,27,30,21.999999999999954,0,21.999999999999954,0.06096768379211426,2
230,graficon18nodi/grafo1146.18,6,18,29,29,40,50.0,6,50.0,0.12817883491516113,2
231,graficon18nodi/grafo2289.18,6,18,20,25,27,13.999999999999968,0,13.999999999999968,1.3169066905975342,2
232,graficon16nodi/grafo2420.16,6,16,18,28,30,9.0,1,9.0,0.05538296699523926,2
233,graficon12nodi/grafo574.12,6,12,19,27,34,26.99999999999995,2,26.99999999999995,0.09847807884216309,2
234,graficon21nodi/grafo804.21,6,21,22,28,29,15.999999999999957,0,15.999999999999957,1.4559004306793213,2
235,graficon22nodi/grafo694.22,6,22,23,27,28,12.0,0,12.0,0.04382729530334473,2
236,graficon17nodi/grafo479.17,6,17,23,25,31,39.9999999999997,7,39.99999999999971,3.9929561614990234,2
237,graficon18nodi/grafo538.18,6,18,19,25,26,11.0,0,11.000000000000004,0.036717891693115234,2
238,graficon21nodi/grafo2416.21,6,21,24,29,32,12.0,1,12.0,0.060599327087402344,2
239,graficon17nodi/grafo2418.17,6,17,20,26,29,15.999999999999993,2,15.999999999999993,2.8851213455200195,2
240,graficon24nodi/grafo1463.24,6,24,25,25,26,15.0,0,15.000000000000075,2.189708948135376,2
241,graficon13nodi/grafo1885.13,6,13,16,25,28,15.0,0,15.0,0.08221721649169922,2
242,graficon11nodi/grafo1697.11,6,11,17,28,34,18.99999999999968,2,18.99999999999968,0.15105628967285156,2
243,graficon15nodi/grafo583.15,6,15,19,25,29,19.99999999999994,2,19.99999999999994,3.4426238536834717,2
244,graficon19nodi/grafo2951.19,6,19,24,27,32,24.0,1,24.0,0.06392884254455566,2
245,graficon14nodi/grafo520.14,6,14,22,29,37,27.99999999999993,0,27.99999999999993,0.052551984786987305,2
246,graficon17nodi/grafo2594.17,6,17,21,25,29,22.999999999999897,2,22.999999999999897,1.382936716079712,2
247,graficon18nodi/grafo993.18,6,18,23,28,33,25.00000000000002,3,25.00000000000002,2.6129817962646484,2
248,graficon21nodi/grafo127.21,6,21,21,26,26,12.0,0,12.0,0.049927711486816406,2
249,graficon16nodi/grafo400.16,6,16,17,26,27,8.000000000000002,0,8.000000000000002,0.02831745147705078,2
250,graficon17nodi/grafo302.17,6,17,19,28,30,10.0,0,10.000000000000005,0.047498226165771484,2
251,graficon21nodi/grafo158.21,6,21,24,29,32,13.999999999999996,1,13.999999999999996,0.046128273010253906,2
252,graficon16nodi/grafo540.16,6,16,17,26,27,8.000000000000002,0,8.000000000000002,0.01700735092163086,2
253,graficon13nodi/grafo2303.13,6,13,19,28,34,28.999999999999858,0,28.99999999999995,1.5153415203094482,2
254,graficon21nodi/grafo1937.21,6,21,24,26,29,16.0,4,16.0,1.3554086685180664,2
255,graficon15nodi/grafo778.15,6,15,17,26,28,11.0,0,11.0,0.02641892433166504,2
256,graficon15nodi/grafo855.15,6,15,17,25,27,10.0,0,10.0,0.04099130630493164,2
257,graficon18nodi/grafo1652.18,6,18,20,25,27,17.99999999999998,0,17.99999999999998,1.4028303623199463,2
258,graficon13nodi/grafo2659.13,6,13,16,25,28,12.0,0,12.0,0.04165196418762207,2
259,graficon17nodi/grafo2682.17,6,17,19,26,28,17.999999999999872,2,17.999999999999872,0.11487221717834473,2
260,graficon16nodi/grafo1119.16,6,16,22,28,34,32.99999999999991,3,32.99999999999991,3.589453935623169,2
261,graficon14nodi/grafo1870.14,6,14,21,28,35,23.0,3,23.000000000000004,1.8987953662872314,2
262,graficon19nodi/grafo1172.19,6,19,23,26,30,19.999999999999993,1,19.999999999999993,0.07419705390930176,2
263,graficon13nodi/grafo511.13,6,13,14,25,26,4.0,0,4.0,0.008716583251953125,2
264,graficon18nodi/grafo1648.18,6,18,24,26,32,26.000000000000114,5,26.00000000000013,2.6316428184509277,2
265,graficon17nodi/grafo893.17,6,17,21,26,30,21.999999999999957,0,21.999999999999957,0.08984684944152832,2
266,graficon17nodi/grafo917.17,6,17,20,28,31,14.999999999999996,0,14.999999999999998,0.05353212356567383,2
267,graficon23nodi/grafo2256.23,6,23,26,29,32,18.0,0,18.0,0.015679597854614258,2
268,graficon18nodi/grafo2556.18,6,18,22,28,32,21.0,0,21.0,0.0480351448059082,2
269,graficon15nodi/grafo2921.15,6,15,17,27,29,9.999999999999988,0,9.999999999999993,0.027141809463500977,2
270,graficon21nodi/grafo1762.21,6,21,25,25,29,24.999999999999403,5,25.0,0.12957763671875,2
271,graficon21nodi/grafo1064.21,6,21,26,25,30,26.999999999999982,9,27.00000000000002,2.2763617038726807,2
272,graficon18nodi/grafo784.18,6,18,23,25,30,33.00000000000002,3,33.00000000000003,2.3468382358551025,2
273,graficon16nodi/grafo2236.16,6,16,20,28,32,18.999999999999993,1,18.999999999999993,1.4345040321350098,2
274,graficon17nodi/grafo2345.17,6,17,20,26,29,14.999999999999993,1,15.0,0.0472104549407959,2
275,graficon18nodi/grafo2307.18,6,18,23,26,31,20.999999999999968,3,20.999999999999968,1.4213197231292725,2
276,graficon17nodi/grafo1056.17,6,17,22,29,34,20.0,1,20.0,0.04236412048339844,2
277,graficon18nodi/grafo1152.18,6,18,24,28,34,24.0,1,24.0,0.10611748695373535,2
278,graficon24nodi/grafo3100.24,6,24,28,26,30,17.999999999999947,2,18.000000000000114,1.954773187637329,2
279,graficon16nodi/grafo279.16,6,16,19,27,30,16.0,0,16.0,0.03227090835571289,2
280,graficon17nodi/grafo2401.17,6,17,31,28,42,84.0,34,84.0,3.2042396068573,2
281,graficon16nodi/grafo2302.16,6,16,20,25,29,14.0,1,14.0,0.018389463424682617,2
282,graficon16nodi/grafo2525.16,6,16,19,26,29,14.0,1,14.0,0.026546955108642578,2
283,graficon17nodi/grafo2924.17,6,17,22,28,33,24.999999999999982,1,24.999999999999982,0.053600311279296875,2
284,graficon22nodi/grafo167.22,6,22,24,29,31,14.999999999999817,1,14.999999999999817,0.11002349853515625,2
285,graficon16nodi/grafo2542.16,6,16,21,26,31,21.0,1,21.0,0.0586094856262207,2
286,graficon16nodi/grafo2636.16,6,16,22,26,32,18.999999999999844,5,18.999999999999844,1.6164445877075195,2
287,graficon17nodi/grafo2758.17,6,17,20,26,29,14.999999999999966,1,14.999999999999986,0.03931474685668945,2
288,graficon20nodi/grafo2554.20,6,20,22,25,27,15.0,1,15.0,0.04839611053466797,2
289,graficon25nodi/grafo2775.25,6,25,26,25,26,15.999999999999648,2,15.999999999999648,1.4767568111419678,2
290,graficon19nodi/grafo409.19,6,19,22,25,28,19.999999999999886,2,19.999999999999886,0.12540435791015625,2
291,graficon16nodi/grafo2326.16,6,16,21,25,30,24.999999999999943,1,24.999999999999943,0.04810976982116699,2
292,graficon14nodi/grafo596.14,6,14,16,27,29,10.0,0,10.0,0.04660296440124512,2
293,graficon20nodi/grafo679.20,6,20,25,29,34,22.99999999999998,2,22.99999999999999,1.7335374355316162,2
294,graficon23nodi/grafo188.23,6,23,24,27,28,12.999999999999996,0,12.999999999999996,0.06989717483520508,2
295,graficon19nodi/grafo2449.19,6,19,24,25,30,21.0,4,21.0,0.18636274337768555,2
296,graficon23nodi/grafo1038.23,6,23,24,27,28,9.999999999999966,1,9.999999999999966,0.07685971260070801,2
297,graficon17nodi/grafo2177.17,6,17,22,26,31,23.0,0,23.0,0.05136728286743164,2
298,graficon20nodi/grafo786.20,6,20,23,26,29,21.0,2,21.0,1.594282865524292,2
299,graficon17nodi/grafo1875.17,6,17,21,28,32,31.999999999999293,1,31.999999999999577,5.306697845458984,2
300,graficon14nodi/grafo796.14,6,14,19,27,32,25.000000000000004,3,25.000000000000004,3.412548780441284,2
301,graficon21nodi/grafo2119.21,6,21,27,32,38,40.99999999999979,7,40.999999999999844,4.239471673965454,2
302,graficon15nodi/grafo1013.15,6,15,23,31,39,41.99999999999983,2,41.99999999999983,1.9063706398010254,2
303,graficon17nodi/grafo415.17,6,17,24,33,40,41.999999999999595,5,41.9999999999996,0.16721057891845703,2
304,graficon26nodi/grafo578.26,6,26,27,30,31,18.999999999999996,1,18.999999999999996,1.6542332172393799,2
305,graficon25nodi/grafo2077.25,6,25,29,31,35,28.0000000000001,7,28.000000000000114,4.27330207824707,2
306,graficon29nodi/grafo2085.29,6,29,30,33,34,12.0,0,12.0,0.04568171501159668,2
307,graficon19nodi/grafo1834.19,6,19,23,32,36,14.999999999999998,0,15.0,0.0809011459350586,2
308,graficon24nodi/grafo1830.24,6,24,29,34,39,27.999999999999957,1,27.99999999999997,1.3997654914855957,2
309,graficon21nodi/grafo245.21,6,21,22,30,31,11.999999999999991,1,11.999999999999991,0.09561347961425781,2
310,graficon21nodi/grafo1645.21,6,21,23,30,32,17.999999999999975,0,18.000000000000014,0.10024642944335938,2
311,graficon20nodi/grafo1761.20,6,20,26,31,37,21.0,0,21.0,0.07881450653076172,2
312,graficon26nodi/grafo1805.26,6,26,31,33,38,24.0,5,24.0,0.15109992027282715,2
313,graficon18nodi/grafo2744.18,6,18,24,34,40,30.99999999999999,3,31.000000000000107,2.3201520442962646,2
314,graficon20nodi/grafo2268.20,6,20,24,32,36,20.0,3,20.0,2.103461503982544,2
315,graficon25nodi/grafo2837.25,6,25,27,32,34,11.999999999999858,0,11.999999999999858,0.06890988349914551,2
316,graficon21nodi/grafo2833.21,6,21,24,30,33,20.0,1,20.0,0.042615652084350586,2
317,graficon20nodi/grafo3049.20,6,20,24,33,37,23.000000000000018,2,23.000000000000036,1.4314770698547363,2
318,graficon26nodi/grafo1799.26,6,26,30,32,36,25.0,3,25.0,2.344243049621582,2
319,graficon17nodi/grafo1403.17,6,17,23,30,36,30.0,1,30.0,0.11133527755737305,2
320,graficon27nodi/grafo2498.27,6,27,32,34,39,33.0,3,33.0,2.63154935836792,2
321,graficon22nodi/grafo2819.22,6,22,25,33,36,13.999999999999995,0,14.0,0.06431984901428223,2
322,graficon16nodi/grafo421.16,6,16,22,33,39,31.999999999999822,1,31.999999999999822,1.715759038925171,2
323,graficon14nodi/grafo1074.14,6,14,19,32,37,17.0,2,17.0,0.09363579750061035,2
324,graficon24nodi/grafo918.24,6,24,24,32,32,9.999999999999993,0,10.0,0.06296706199645996,2
325,graficon18nodi/grafo1780.18,6,18,24,30,36,25.999999999999982,1,25.999999999999986,1.4716129302978516,2
326,graficon29nodi/grafo1198.29,6,29,29,31,31,13.0,1,13.000000000000004,2.004831314086914,2
327,graficon15nodi/grafo2591.15,6,15,23,31,39,31.00000000000002,2,31.00000000000003,1.948892593383789,2
328,graficon19nodi/grafo924.19,6,19,21,32,34,17.99999999999995,0,17.99999999999995,0.05550551414489746,2
329,graficon23nodi/grafo835.23,6,23,27,31,35,28.0,6,28.0,0.3531794548034668,2
330,graficon17nodi/grafo829.17,6,17,21,33,37,23.0,0,23.0,0.054869651794433594,2
331,graficon16nodi/grafo1635.16,6,16,25,34,43,32.99999999999967,1,32.99999999999967,1.9632210731506348,2
332,graficon14nodi/grafo649.14,6,14,24,32,42,45.00000000000009,5,45.000000000000156,3.4612388610839844,2
333,graficon18nodi/grafo1824.18,6,18,23,32,37,15.0,1,15.0,0.06619763374328613,2
334,graficon26nodi/grafo1629.26,6,26,29,30,33,16.99999999999998,1,16.99999999999998,2.5689799785614014,2
335,graficon15nodi/grafo1142.15,6,15,24,32,41,35.99999999999991,1,35.999999999999915,0.18062305450439453,2
336,graficon22nodi/grafo2410.22,6,22,24,30,32,10.999999999999947,1,10.999999999999982,0.07173824310302734,2
337,graficon23nodi/grafo2028.23,6,23,32,32,41,53.99999999999851,12,53.99999999999851,2.5959384441375732,2
338,graficon25nodi/grafo1040.25,6,25,32,34,41,44.999999999999986,11,45.000000000000014,3.1935603618621826,2
339,graficon17nodi/grafo2494.17,6,17,20,30,33,13.0,1,13.0,0.05842185020446777,2
340,graficon21nodi/grafo381.21,6,21,23,31,33,20.0,1,20.0,1.4083960056304932,2
341,graficon19nodi/grafo2425.19,6,19,23,30,34,22.0,2,22.0,0.1523289680480957,2
342,graficon26nodi/grafo1230.26,6,26,29,30,33,15.999999999999982,2,15.999999999999982,2.0644493103027344,2
343,graficon17nodi/grafo1861.17,6,17,21,34,38,16.999999999999947,2,16.999999999999947,2.1480472087860107,2
344,graficon27nodi/grafo1232.27,6,27,31,33,37,38.99999999999997,7,38.99999999999997,3.108341932296753,2
345,graficon27nodi/grafo2582.27,6,27,27,34,34,13.0,0,13.0,1.3405792713165283,2
346,graficon24nodi/grafo2017.24,6,24,28,32,36,31.00000000000002,2,31.00000000000002,1.7044029235839844,2
347,graficon32nodi/grafo11636.32,6,32,32,33,33,13.999999999999993,0,13.999999999999993,2.456205368041992,2
348,graficon19nodi/grafo621.19,6,19,27,30,38,25.999999999999844,3,25.999999999999844,1.6464083194732666,2
349,graficon16nodi/grafo2023.16,6,16,20,34,38,16.999999999999773,2,17.000000000000075,0.18016672134399414,2
350,graficon23nodi/grafo622.23,6,23,25,33,35,16.99999999999998,1,16.999999999999993,0.07293176651000977,2
351,graficon19nodi/grafo2135.19,6,19,23,33,37,25.999999999999126,2,26.00000000000044,0.17334699630737305,2
352,graficon15nodi/grafo879.15,6,15,20,30,35,23.999999999999922,0,23.999999999999922,1.4776103496551514,2
353,graficon22nodi/grafo1012.22,6,22,24,31,33,16.0,0,16.0,0.09250354766845703,2
354,graficon20nodi/grafo429.20,6,20,28,34,42,34.999999999998614,6,35.00000000000005,1.4678339958190918,2
355,graficon26nodi/grafo1269.26,6,26,28,31,33,26.999999999999694,0,26.999999999999694,3.9342896938323975,2
356,graficon17nodi/grafo2520.17,6,17,24,32,39,37.0,7,37.0,0.15265202522277832,2
357,graficon32nodi/grafo10052.32,6,32,33,34,35,15.999999999999993,0,15.999999999999993,1.6527600288391113,2
358,graficon20nodi/grafo874.20,6,20,25,34,39,20.0,1,20.0,0.08254599571228027,2
359,graficon20nodi/grafo1901.20,6,20,26,33,39,50.999999999999865,2,50.99999999999987,5.66062593460083,2
360,graficon22nodi/grafo2456.22,6,22,26,33,37,24.0,0,24.0,0.04504227638244629,2
361,graficon17nodi/grafo276.17,6,17,20,31,34,15.999999999999902,1,15.999999999999902,0.06868124008178711,2
362,graficon25nodi/grafo575.25,6,25,29,34,38,25.0,2,25.0,0.1428394317626953,2
363,graficon17nodi/grafo517.17,6,17,23,33,39,27.999999999999986,1,27.999999999999986,0.04938673973083496,2
364,graficon19nodi/grafo1900.19,6,19,22,31,34,17.0,0,17.0,0.043436527252197266,2
365,graficon22nodi/grafo1422.22,6,22,22,30,30,16.0,0,16.0,0.08496952056884766,2
366,graficon25nodi/grafo862.25,6,25,28,33,36,22.999999999999957,1,22.999999999999957,0.09690690040588379,2
367,graficon23nodi/grafo545.23,6,23,28,32,37,21.99999999999999,1,21.99999999999999,0.05424833297729492,2
368,graficon24nodi/grafo2341.24,6,24,29,34,39,24.999999999999932,1,24.999999999999943,0.06907916069030762,2
369,graficon26nodi/grafo1512.26,6,26,30,34,38,23.000000000000018,2,23.000000000000018,1.8813502788543701,2
370,graficon18nodi/grafo1626.18,6,18,27,32,41,39.00000000000005,8,39.00000000000014,3.0095627307891846,2
371,graficon21nodi/grafo2378.21,6,21,25,31,35,27.999999999999936,2,27.999999999999936,1.9248132705688477,2
372,graficon25nodi/grafo2051.25,6,25,26,33,34,9.999999999999979,0,9.999999999999986,0.059798479080200195,2
373,graficon32nodi/grafo9919.32,6,32,32,33,33,13.999999999999993,0,13.999999999999993,2.485567569732666,2
374,graficon18nodi/grafo1940.18,6,18,24,31,37,19.0,1,19.0,0.052513837814331055,2
375,graficon25nodi/grafo1338.25,6,25,26,34,35,20.999999999999957,0,20.999999999999957,2.7016713619232178,2
376,graficon33nodi/grafo11170.33,6,33,42,39,48,34.0,2,34.0,1.7543065547943115,2
377,graficon23nodi/grafo2966.23,6,23,26,36,39,16.0,0,16.0,0.10224318504333496,2
378,graficon29nodi/grafo1102.29,6,29,29,37,37,16.0,0,16.0,1.5553922653198242,2
379,graficon26nodi/grafo1340.26,6,26,31,38,43,43.000000000000156,4,43.00000000000021,3.1468048095703125,2
380,graficon22nodi/grafo1850.22,6,22,28,38,44,24.999999999999936,1,24.999999999999957,0.11979818344116211,2
381,graficon28nodi/grafo2572.28,6,28,34,38,44,33.0,3,33.0,0.39191460609436035,2
382,graficon17nodi/grafo420.17,6,17,25,37,45,35.99999999999983,3,36.00000000000013,1.5145082473754883,2
383,graficon20nodi/grafo2670.20,6,20,28,36,44,23.999999999999893,3,23.999999999999893,1.491924524307251,2
384,graficon26nodi/grafo2766.26,6,26,32,38,44,18.999999999999876,2,18.999999999999872,0.07292437553405762,2
385,graficon29nodi/grafo1333.29,6,29,31,38,40,28.0,0,28.0,1.39609694480896,2
386,graficon21nodi/grafo1863.21,6,21,26,35,40,30.0,4,30.0,4.593977451324463,2
387,graficon27nodi/grafo1623.27,6,27,30,37,40,16.0,1,16.0,1.3514912128448486,2
388,graficon33nodi/grafo2828.33,6,33,37,38,42,23.999999999999996,3,23.999999999999996,1.737180471420288,2
389,graficon26nodi/grafo2606.26,6,26,32,36,42,45.999999999998714,5,45.99999999999872,0.28119921684265137,2
390,graficon19nodi/grafo2371.19,6,19,24,35,40,25.999999999999996,0,25.999999999999996,0.06068587303161621,2
391,graficon25nodi/grafo2700.25,6,25,28,36,39,19.999999999999975,2,19.999999999999982,2.2548956871032715,2
392,graficon24nodi/grafo2587.24,6,24,28,36,40,26.0,5,26.0,5.864907741546631,2
393,graficon15nodi/grafo947.15,6,15,24,39,48,38.99999999999941,3,39.000000000000206,3.35992693901062,2
394,graficon19nodi/grafo2562.19,6,19,28,36,45,35.999999999999886,4,35.999999999999886,7.607722520828247,2
395,graficon32nodi/grafo11456.32,6,32,33,35,36,15.999999999999964,1,15.999999999999964,1.490185260772705,2
396,graficon27nodi/grafo248.27,6,27,33,38,44,34.99999999999959,4,34.99999999999959,7.682358026504517,2
397,graficon22nodi/grafo2676.22,6,22,26,38,42,17.999999999999957,0,17.999999999999957,0.12936854362487793,2
398,graficon32nodi/grafo11607.32,6,32,38,39,45,29.000000000000036,4,29.000000000000092,1.8785407543182373,2
399,graficon19nodi/grafo2171.19,6,19,23,35,39,16.999999999999904,1,16.999999999999904,0.11966252326965332,2
400,graficon19nodi/grafo1666.19,6,19,28,37,46,43.0,1,43.0,0.12513971328735352,2
401,graficon33nodi/grafo11210.33,6,33,42,39,48,34.0,2,34.0,1.7490692138671875,2
402,graficon26nodi/grafo2123.26,6,26,28,35,37,24.0,1,24.0,0.07517719268798828,2
403,graficon26nodi/grafo3056.26,6,26,36,35,45,60.000000000000355,15,60.00000000000067,6.443066835403442,2
404,graficon30nodi/grafo1582.30,6,30,34,35,39,35.99999925000046,2,35.99999925000047,16.63229250907898,2
405,graficon24nodi/grafo1440.24,6,24,32,37,45,51.99999999999999,6,52.0,1.8811705112457275,2
406,graficon33nodi/grafo9903.33,6,33,42,39,48,34.0,2,34.0,1.7498021125793457,2
407,graficon23nodi/grafo1557.23,6,23,29,37,43,43.99999975074985,2,44.000000743333395,5.391124725341797,2
408,graficon21nodi/grafo1941.21,6,21,26,37,42,28.99999999999995,1,28.99999999999995,0.18132805824279785,2
409,graficon13nodi/grafo317.13,6,13,21,38,46,39.0,2,39.0,1.5220997333526611,2
410,graficon33nodi/grafo154.33,6,33,34,36,37,20.999999999999993,0,20.999999999999993,1.367051362991333,2
411,graficon31nodi/grafo10007.31,6,31,34,35,38,28.999999999999893,4,29.000000000000213,2.5462429523468018,2
412,graficon20nodi/grafo1764.20,6,20,25,37,42,22.0,2,22.0,1.7933101654052734,2
413,graficon31nodi/grafo5484.31,6,31,32,38,39,15.99999999999999,2,16.0,2.3252625465393066,2
414,graficon27nodi/grafo1286.27,6,27,31,36,40,24.0,2,24.0,2.559380531311035,2
415,graficon23nodi/grafo2200.23,6,23,29,38,44,33.99999999999974,2,33.99999999999999,1.9167993068695068,2
416,graficon24nodi/grafo872.24,6,24,28,37,41,24.999999999999964,2,24.999999999999986,0.11691069602966309,2
417,graficon22nodi/grafo605.22,6,22,26,39,43,24.999999999999964,0,24.999999999999964,0.12656927108764648,2
418,graficon29nodi/grafo1034.29,6,29,32,38,41,41.0,1,41.0,2.3282546997070312,2
419,graficon21nodi/grafo2356.21,6,21,27,35,41,21.00000000000001,2,21.000000000000014,1.8598778247833252,2
420,graficon33nodi/grafo10134.33,6,33,34,37,38,17.0,1,17.0,0.05258059501647949,2
421,graficon32nodi/grafo9867.32,6,32,33,35,36,15.999999999999964,1,15.999999999999964,1.446791410446167,2
422,graficon26nodi/grafo753.26,6,26,28,36,38,11.0,2,11.0,2.16886043548584,2
423,graficon21nodi/grafo123.21,6,21,25,38,42,22.999999999999908,1,22.999999999999908,0.08945012092590332,2
424,graficon25nodi/grafo1360.25,6,25,30,35,40,37.99999999999922,5,37.999999999999474,1.860680103302002,2
425,graficon27nodi/grafo174.27,6,27,28,36,37,19.99999999999993,1,19.99999999999993,1.6595733165740967,2
426,graficon20nodi/grafo251.20,6,20,23,36,39,23.0,1,23.0,1.6362278461456299,2
427,graficon18nodi/grafo2768.18,6,18,23,35,40,19.0,2,19.0,0.06125187873840332,2
428,graficon36nodi/grafo2402.36,6,36,38,39,41,25.000000000000092,0,25.00000000000105,2.2215042114257812,2
429,graficon30nodi/grafo1237.30,6,30,35,39,44,21.99999999999998,1,21.99999999999998,0.06460261344909668,2
430,graficon20nodi/grafo2284.20,6,20,30,37,47,41.000000000000064,6,41.00000000000013,2.267256736755371,2
431,graficon17nodi/grafo1160.17,6,17,23,39,45,27.999999999999964,1,27.999999999999975,1.70345139503479,2
432,graficon27nodi/grafo2721.27,6,27,27,37,37,13.0,1,13.00000000000001,0.1202390193939209,2
433,graficon23nodi/grafo2691.23,6,23,31,39,47,37.00000000000003,5,37.00000000000006,3.8533549308776855,2
434,graficon22nodi/grafo2875.22,6,22,27,38,43,21.99999999999995,2,21.99999999999995,2.6731202602386475,2
435,graficon33nodi/grafo11130.33,6,33,42,39,48,34.0,2,34.0,1.7515897750854492,2
436,graficon18nodi/grafo2805.18,6,18,25,36,43,34.00000000000009,3,34.0000000000001,3.539442539215088,2
437,graficon16nodi/grafo2584.16,6,16,22,39,45,18.99999999999999,2,18.99999999999999,0.06042981147766113,2
438,graficon17nodi/grafo597.17,6,17,24,36,43,36.99999999999997,0,36.999999999999986,0.11961865425109863,2
439,graficon24nodi/grafo1950.24,6,24,27,39,42,22.999999999999996,1,23.00000000000001,1.8912832736968994,2
440,graficon25nodi/grafo2067.25,6,25,28,38,41,15.0,1,15.0,0.11049103736877441,2
441,graficon15nodi/grafo2448.15,6,15,23,38,46,28.0,2,28.0,1.598055124282837,2
442,graficon26nodi/grafo1273.26,6,26,27,36,37,17.999999999999964,0,17.99999999999989,2.0031425952911377,2
443,graficon32nodi/grafo11397.32,6,32,33,37,38,16.99999999999998,0,16.99999999999998,1.7115325927734375,2
444,graficon33nodi/grafo11023.33,6,33,33,36,36,13.999999999999961,0,13.999999999999961,1.3827335834503174,2
445,graficon33nodi/grafo11026.33,6,33,36,39,42,21.0,3,21.0,1.5823020935058594,2
446,graficon17nodi/grafo945.17,6,17,22,36,41,28.0,0,28.0,0.11578202247619629,2
447,graficon25nodi/grafo584.25,6,25,29,35,39,45.99999999999996,4,45.99999999999996,6.525869369506836,2
448,graficon12nodi/grafo2426.12,6,12,18,38,44,24.0,0,24.0,0.04909014701843262,2
449,graficon18nodi/grafo2731.18,6,18,23,35,40,18.0,0,18.0,0.0790095329284668,2
450,graficon23nodi/grafo2217.23,6,23,29,35,41,25.0,9,25.0,2.825695753097534,2
451,graficon26nodi/grafo2108.26,6,26,35,41,50,46.0,10,46.0,0.17634057998657227,2
452,graficon31nodi/grafo11581.31,6,31,36,42,47,32.99999999999994,4,33.000000000000114,3.7104663848876953,2
453,graficon25nodi/grafo1271.25,6,25,30,40,45,39.99999999999981,3,40.00000000000028,1.6418261528015137,2
454,graficon31nodi/grafo11454.31,6,31,36,42,47,32.99999999999994,4,33.000000000000114,3.7485804557800293,2
455,graficon25nodi/grafo163.25,6,25,37,44,56,94.00000000000003,26,94.0,18.930274486541748,2
456,graficon19nodi/grafo950.19,6,19,23,43,47,21.99999999999958,0,22.00000000000021,2.779120922088623,2
457,graficon30nodi/grafo1252.30,6,30,34,43,47,24.999999999999964,0,24.999999999999964,1.5563867092132568,2
458,graficon27nodi/grafo1217.27,6,27,29,42,44,20.99999850329837,0,20.9999980043981,2.960204839706421,2
459,graficon34nodi/grafo11331.34,6,34,41,43,50,27.9999999999995,3,28.00000000000009,2.6765637397766113,2
460,graficon20nodi/grafo1873.20,6,20,27,40,47,27.999999999999673,6,28.000000000000284,4.7687623500823975,2
461,graficon34nodi/grafo5197.34,6,34,36,43,45,20.0,0,20.0,3.219972848892212,2
462,graficon28nodi/grafo1615.28,6,28,35,43,50,48.99999907999879,8,48.99999908000031,12.666543006896973,2
463,graficon27nodi/grafo3039.27,6,27,31,44,48,26.000000000000007,1,26.000000000000007,0.06788516044616699,2
464,graficon37nodi/grafo2519.37,6,37,39,44,46,31.00000000000001,0,31.000000000000014,7.321119070053101,2
465,graficon27nodi/grafo2037.27,6,27,31,42,46,34.0,2,34.0,2.8681955337524414,2
466,graficon20nodi/grafo1757.20,6,20,25,41,46,19.0,1,19.0,1.6184110641479492,2
467,graficon23nodi/grafo551.23,6,23,29,43,49,31.999999999999993,0,32.0,2.013517141342163,2
468,graficon32nodi/grafo10795.32,6,32,35,43,46,30.9999999999999,1,31.00000000000007,2.9389164447784424,2
469,graficon33nodi/grafo5994.33,6,33,36,42,45,21.999999999999936,0,22.000000000000014,0.11715221405029297,2
470,graficon23nodi/grafo2712.23,6,23,30,40,47,23.999999999999986,1,24.00000000000002,0.0778801441192627,2
471,graficon22nodi/grafo1894.22,6,22,30,40,48,40.000000000000355,5,40.00000000000059,2.430535316467285,2
472,graficon28nodi/grafo1190.28,6,28,31,43,46,28.999999999999154,3,29.0,7.906989812850952,2
473,graficon32nodi/grafo1455.32,6,32,38,43,49,33.99999999999901,2,33.99999999999901,1.9872570037841797,2
474,graficon18nodi/grafo1086.18,6,18,26,41,49,45.999999999999986,1,45.999999999999986,0.12182974815368652,2
475,graficon34nodi/grafo9918.34,6,34,34,43,43,15.0,0,15.0,2.6164357662200928,2
476,graficon32nodi/grafo1226.32,6,32,34,43,45,20.999999999999893,1,21.0,2.226262092590332,2
477,graficon35nodi/grafo7133.35,6,35,38,43,46,26.000000000000135,3,26.00000000000027,2.1274757385253906,2
478,graficon34nodi/grafo11544.34,6,34,34,43,43,15.0,0,15.0,2.6211040019989014,2
479,graficon14nodi/grafo2738.14,6,14,23,40,49,33.99999999999993,1,33.99999999999993,0.12367916107177734,2
480,graficon27nodi/grafo2958.27,6,27,32,42,47,25.999999999999936,0,26.000000000000032,0.14395713806152344,2
481,graficon31nodi/grafo3686.31,6,31,36,42,47,32.99999999999994,4,33.000000000000114,3.8266308307647705,2
482,graficon14nodi/grafo701.14,6,14,20,42,48,23.999999999999964,1,23.999999999999964,0.14855098724365234,2
483,graficon33nodi/grafo9921.33,6,33,36,43,46,25.0,1,25.0,0.08948945999145508,2
484,graficon27nodi/grafo2876.27,6,27,32,41,46,35.999999999999886,2,35.999999999999886,2.3547990322113037,2
485,graficon25nodi/grafo1234.25,6,25,33,42,50,41.00000000000052,2,41.00000000000059,3.119809865951538,2
486,graficon26nodi/grafo1285.26,6,26,30,42,46,21.99999999999999,2,22.0,4.192106246948242,2
487,graficon30nodi/grafo2365.30,6,30,34,40,44,45.00000000000001,4,45.0,3.5730538368225098,2
488,graficon26nodi/grafo798.26,6,26,32,41,47,33.999999999999766,5,33.999999999999766,2.4236960411071777,2
489,graficon21nodi/grafo1682.21,6,21,41,43,63,102.0,33,102.00000000000001,4.566194295883179,2
490,graficon32nodi/grafo5244.32,6,32,38,42,48,22.0,0,22.0,0.05791592597961426,2
491,graficon23nodi/grafo2854.23,6,23,29,44,50,26.999999999999723,2,26.999999999999723,0.1877291202545166,2
492,graficon32nodi/grafo1053.32,6,32,41,43,52,66.99999541666855,6,66.99999541666875,11.94304084777832,2
493,graficon21nodi/grafo2756.21,6,21,26,40,45,19.999999999999826,2,19.999999999999826,4.124403715133667,2
494,graficon22nodi/grafo1503.22,6,22,26,44,48,21.0,0,21.0,0.043427467346191406,2
495,graficon22nodi/grafo2370.22,6,22,28,41,47,20.0,1,20.0,0.05077481269836426,2
496,graficon23nodi/grafo2769.23,6,23,27,44,48,20.999999999999986,2,21.0,4.53231143951416,2
497,graficon28nodi/grafo124.28,6,28,29,41,42,17.999999999999897,1,17.999999999999986,1.4288346767425537,2
498,graficon31nodi/grafo9916.31,6,31,36,42,47,32.99999999999994,4,33.000000000000114,3.839423656463623,2
499,graficon33nodi/grafo11631.33,6,33,43,41,51,37.99999999999999,3,38.00000000000002,1.7578799724578857,2
500,graficon30nodi/grafo1256.30,6,30,33,40,43,23.999999999999993,0,23.999999999999993,3.7769317626953125,2
501,graficon32nodi/grafo10231.32,6,32,35,43,46,16.0,0,16.0,1.5361642837524414,2
502,graficon34nodi/grafo11277.34,6,34,35,41,42,14.999999999999993,0,14.999999999999993,2.0047976970672607,2
503,graficon34nodi/grafo2464.34,6,34,38,44,48,39.999999999999744,5,39.999999999999744,3.165870428085327,2
504,graficon27nodi/grafo1199.27,6,27,30,40,43,15.0,0,15.0,0.05508732795715332,2
505,graficon25nodi/grafo1614.25,6,25,27,41,43,22.0,1,22.000000000000007,3.866276979446411,2
506,graficon29nodi/grafo1376.29,6,29,34,42,47,43.00000000000015,3,43.000000000000206,5.386265754699707,2
507,graficon35nodi/grafo3480.35,6,35,35,44,44,18.000000000000004,0,18.000000000000007,1.9464795589447021,2
508,graficon29nodi/grafo1587.29,6,29,35,42,48,37.99999999999947,1,37.99999999999982,6.729947805404663,2
509,graficon34nodi/grafo6050.34,6,34,41,43,50,26.000000000000007,3,26.000000000000053,2.0287528038024902,2
510,graficon25nodi/grafo2755.25,6,25,32,42,49,32.99999999999975,5,32.99999999999975,0.2687222957611084,2
511,graficon23nodi/grafo2853.23,6,23,34,40,51,61.0,15,61.0,0.5370078086853027,2
512,graficon34nodi/grafo10281.34,6,34,41,42,49,37.99999999999986,1,37.99999999999994,0.1191415786743164,2
513,graficon34nodi/grafo11630.34,6,34,40,44,50,32.999999999999915,1,33.0,0.1366279125213623,2
514,graficon28nodi/grafo2436.28,6,28,37,44,53,59.0,8,59.0,0.547410249710083,2
515,graficon34nodi/grafo9878.34,6,34,39,41,46,28.0,2,28.000000000000007,9.870487213134766,2
516,graficon32nodi/grafo3901.32,6,32,38,42,48,35.99999999999992,3,35.99999999999995,2.0873069763183594,2
517,graficon35nodi/grafo11455.35,6,35,35,42,42,13.9999999999999,0,13.999999999999902,4.355323791503906,2
518,graficon28nodi/grafo296.28,6,28,36,43,51,41.00000000000006,11,41.00000000000026,2.303532123565674,2
519,graficon25nodi/grafo1251.25,6,25,26,40,41,17.0,0,17.0,2.408576488494873,2
520,graficon34nodi/grafo11319.34,6,34,40,42,48,40.999999999999325,3,40.999999999999325,1.6921875476837158,2
521,graficon34nodi/grafo11660.34,6,34,36,43,45,28.0,1,28.0,0.17905974388122559,2
522,graficon31nodi/grafo2394.31,6,31,36,43,48,44.00000000000013,5,44.00000000000033,3.3885040283203125,2
523,graficon26nodi/grafo1218.26,6,26,28,42,44,26.999999498065634,0,26.999999508066974,5.910068988800049,2
524,graficon37nodi/grafo6342.37,6,37,42,44,49,42.0,7,42.0,3.0487942695617676,2
525,graficon28nodi/grafo1311.28,6,28,34,42,48,37.9999999999997,5,37.99999999999995,2.3977749347686768,2
526,graficon19nodi/grafo1826.19,6,19,27,46,54,45.0,2,45.000000000000014,2.7262187004089355,2
527,graficon14nodi/grafo1951.14,6,14,25,46,57,46.999999999999986,3,47.000000000000014,3.327831268310547,2
528,graficon37nodi/grafo3547.37,6,37,38,49,50,13.999999999999979,0,14.0,0.0811922550201416,2
529,graficon34nodi/grafo11207.34,6,34,38,48,52,28.999999999999993,4,28.999999999999993,4.086214303970337,2
530,graficon31nodi/grafo10887.31,6,31,36,46,51,17.99999999999993,0,18.000000000000014,0.07952737808227539,2
531,graficon32nodi/grafo1255.32,6,32,37,46,51,26.0,1,26.0,0.0670166015625,2
532,graficon28nodi/grafo1840.28,6,28,34,48,54,32.0,4,32.00000000000003,3.40226411819458,2
533,graficon21nodi/grafo630.21,6,21,28,45,52,29.999999999999993,1,29.999999999999996,0.11090564727783203,2
534,graficon26nodi/grafo3044.26,6,26,34,48,56,42.99999999999977,3,43.00000000000037,3.829775333404541,2
535,graficon23nodi/grafo1806.23,6,23,28,48,53,30.0,0,30.0,0.06268525123596191,2
536,graficon31nodi/grafo10458.31,6,31,36,46,51,17.99999999999993,0,18.000000000000014,0.10087060928344727,2
537,graficon35nodi/grafo10620.35,6,35,41,46,52,39.0000000000002,3,39.00000000000013,4.218840599060059,2
538,graficon22nodi/grafo249.22,6,22,31,46,55,48.00000000000053,4,48.00000000000325,3.1782150268554688,2
539,graficon32nodi/grafo745.32,6,32,36,45,49,28.0,0,27.999999999999982,1.8459570407867432,2
540,graficon35nodi/grafo5759.35,6,35,39,45,49,17.0,1,17.0,0.04872560501098633,2
541,graficon33nodi/grafo11516.33,6,33,42,45,54,35.999999999999474,4,35.999999999999474,5.6803505420684814,2
542,graficon25nodi/grafo2437.25,6,25,30,48,53,24.0,1,24.000000000000004,0.12333917617797852,2
543,graficon31nodi/grafo1301.31,6,31,40,47,56,60.999999999999574,7,61.00000000000076,2.3390066623687744,2
544,graficon38nodi/grafo3332.38,6,38,43,45,50,42.99999999999993,2,42.99999999999994,2.090820550918579,2
545,graficon22nodi/grafo2748.22,6,22,29,45,52,32.0,0,32.0,1.7525379657745361,2
546,graficon27nodi/grafo1253.27,6,27,32,45,50,47.00000000000001,2,47.0,17.32499074935913,2
547,graficon36nodi/grafo3862.36,6,36,41,46,51,30.999999999999982,4,30.999999999999982,2.044275999069214,2
548,graficon28nodi/grafo1202.28,6,28,36,45,53,42.999999999999964,4,42.99999999999999,4.402683734893799,2
549,graficon37nodi/grafo5957.37,6,37,39,48,50,40.999999999999986,0,40.999999999999986,1.4739491939544678,2
550,graficon38nodi/grafo6734.38,6,38,41,45,48,31.999999999999925,1,31.999999999999925,0.1392378807067871,2
551,graficon36nodi/grafo5561.36,6,36,38,47,49,13.0,0,13.0,1.2803821563720703,2
552,graficon31nodi/grafo10011.31,6,31,36,46,51,17.99999999999993,0,18.000000000000014,0.07988977432250977,2
553,graficon36nodi/grafo6066.36,6,36,39,48,51,25.0,0,25.000000000000018,1.5280396938323975,2
554,graficon31nodi/grafo1362.31,6,31,37,45,51,44.0,1,44.0,1.6392269134521484,2
555,graficon27nodi/grafo1200.27,6,27,36,46,55,50.99999999999845,0,51.00000000000121,2.146944046020508,2
556,graficon39nodi/grafo6087.39,6,39,46,48,55,35.000000000000064,9,35.00000000000011,3.9829261302948,2
557,graficon33nodi/grafo5247.33,6,33,38,46,51,21.0,0,21.0,1.3047592639923096,2
558,graficon36nodi/grafo6811.36,6,36,44,48,56,32.00000000000027,2,32.000000000000284,2.8557705879211426,2
559,graficon23nodi/grafo1798.23,6,23,31,48,56,39.00000000000009,3,39.0000000000001,2.364739418029785,2
560,graficon27nodi/grafo2275.27,6,27,32,46,51,40.0,2,40.0,6.488879203796387,2
561,graficon26nodi/grafo2981.26,6,26,36,45,55,52.99999975072472,10,52.999999754058386,10.580058336257935,2
562,graficon36nodi/grafo3414.36,6,36,39,46,49,25.00000000000005,2,25.00000000000015,2.893321990966797,2
563,graficon19nodi/grafo2428.19,6,19,23,45,49,15.0,1,15.0,0.06618046760559082,2
564,graficon35nodi/grafo10085.35,6,35,41,46,52,44.00000000000027,8,44.00000000000068,3.074526309967041,2
565,graficon32nodi/grafo1379.32,6,32,39,48,55,39.99999999999994,3,40.00000000000002,3.678298234939575,2
566,graficon26nodi/grafo173.26,6,26,31,46,51,31.000000000000004,3,31.000000000000078,1.9922547340393066,2
567,graficon38nodi/grafo5236.38,6,38,43,49,54,23.999999999999993,2,24.0,0.3384876251220703,2
568,graficon26nodi/grafo2399.26,6,26,31,46,51,33.99999999999994,2,33.99999999999994,3.4762814044952393,2
569,graficon31nodi/grafo11421.31,6,31,37,46,52,37.000000000000156,4,37.00000000000135,4.189688444137573,2
570,graficon40nodi/grafo7698.40,6,40,47,49,56,45.99999999999978,1,45.999999999999936,1.7551851272583008,2
571,graficon35nodi/grafo1925.35,6,35,36,48,49,26.0,0,26.00000000000004,0.10042309761047363,2
572,graficon25nodi/grafo1319.25,6,25,31,47,53,42.99999999999989,3,43.0,2.970019817352295,2
573,graficon26nodi/grafo2999.26,6,26,30,45,49,21.0,2,21.0,5.666642665863037,2
574,graficon21nodi/grafo1632.21,6,21,26,48,53,20.999999999999986,0,20.999999999999986,0.09553146362304688,2
575,graficon32nodi/grafo9975.32,6,32,39,48,55,43.00000000000008,4,43.000000000000526,6.312422513961792,2
576,graficon33nodi/grafo5182.33,6,33,38,49,54,21.99999999999994,0,22.000000000000007,0.056360483169555664,2
577,graficon32nodi/grafo11121.32,6,32,40,47,55,36.99999999999986,4,37.0,0.1860969066619873,2
578,graficon35nodi/grafo6642.35,6,35,42,49,56,43.9999999999993,5,43.99999999999929,3.023576021194458,2
579,graficon28nodi/grafo932.28,6,28,35,45,52,48.000000000000085,2,48.00000000000021,5.782567501068115,2
580,graficon34nodi/grafo2578.34,6,34,36,48,50,25.0,1,25.0,4.976095676422119,2
581,graficon33nodi/grafo11538.33,6,33,38,47,52,31.0000000000003,3,31.000000000000924,5.511289834976196,2
582,graficon33nodi/grafo10562.33,6,33,39,48,54,36.99999999999988,4,37.00000000000005,3.1854734420776367,2
583,graficon35nodi/grafo2815.35,6,35,43,47,55,39.999999999999986,9,40.00000000000004,9.017990350723267,2
584,graficon18nodi/grafo374.18,6,18,25,46,53,31.0,0,31.0,0.08174586296081543,2
585,graficon34nodi/grafo5148.34,6,34,37,47,50,24.0,1,24.0,1.5965709686279297,2
586,graficon35nodi/grafo11567.35,6,35,43,45,53,35.99999999999996,1,35.999999999999986,1.4674713611602783,2
587,graficon31nodi/grafo1115.31,6,31,43,45,57,78.99999908333238,12,79.00000000000125,24.415513038635254,2
588,graficon34nodi/grafo2363.34,6,34,39,48,53,35.0,3,35.0,2.878467082977295,2
589,graficon33nodi/grafo11375.33,6,33,39,48,54,34.0,3,34.0,0.17112278938293457,2
590,graficon36nodi/grafo5879.36,6,36,42,46,52,39.00000000000011,4,39.00000000000013,2.697600841522217,2
591,graficon35nodi/grafo5820.35,6,35,38,45,48,16.999999999999936,1,16.999999999999986,0.08454060554504395,2
592,graficon17nodi/grafo678.17,6,17,25,48,56,30.0,1,30.0,1.486011028289795,2
593,graficon32nodi/grafo9954.32,6,32,34,46,48,18.999999999999922,1,18.999999999999922,5.345249652862549,2
594,graficon35nodi/grafo5966.35,6,35,45,47,57,49.0,10,49.000000000000014,3.9173052310943604,2
595,graficon35nodi/grafo5522.35,6,35,40,46,51,35.0,6,35.0,5.960046768188477,2
596,graficon22nodi/grafo2807.22,6,22,27,46,51,18.0,2,18.0,0.1348400115966797,2
597,graficon32nodi/grafo3106.32,6,32,38,48,54,37.99999999999986,3,37.999999999999964,4.378811836242676,2
598,graficon36nodi/grafo5667.36,6,36,40,46,50,23.999999999999986,0,23.99999999999998,0.0847330093383789,2
599,graficon31nodi/grafo2262.31,6,31,40,47,56,49.99999999999898,3,49.99999999999898,3.4620001316070557,2
600,graficon33nodi/grafo10456.33,6,33,38,48,53,30.000000000000384,4,30.000000000000394,2.752668857574463,2
601,graficon33nodi/grafo1915.33,6,33,44,54,65,56.00000000000044,2,56.000000000000654,4.111343622207642,2
602,graficon36nodi/grafo3304.36,6,36,47,53,64,76.00000000000031,15,76.00000000000036,3.909276008605957,2
603,graficon36nodi/grafo11296.36,6,36,44,50,58,57.00000000000029,18,57.000000000000306,12.53795313835144,2
604,graficon37nodi/grafo3729.37,6,37,45,54,62,45.999999999999034,3,46.000000000000526,3.70505690574646,2
605,graficon36nodi/grafo2212.36,6,36,41,54,59,27.999999999999872,2,27.999999999999993,2.9638335704803467,2
606,graficon31nodi/grafo1989.31,6,31,33,54,56,19.0,0,19.000000000000007,1.7033133506774902,2
607,graficon35nodi/grafo10658.35,6,35,41,50,56,45.99999999999991,3,45.9999999999999,3.319749593734741,2
608,graficon39nodi/grafo5309.39,6,39,46,54,61,47.00000000000122,5,47.00000000000205,3.967320203781128,2
609,graficon34nodi/grafo5495.34,6,34,43,53,62,43.0,7,43.0,0.4200773239135742,2
610,graficon37nodi/grafo3433.37,6,37,42,54,59,36.99999999999979,3,37.0,5.697140693664551,2
611,graficon34nodi/grafo9882.34,6,34,39,50,55,30.999999999999947,0,30.999999999999964,0.09609246253967285,2
612,graficon22nodi/grafo1154.22,6,22,28,50,56,31.000000000000064,3,31.00000000000011,2.943629026412964,2
613,graficon22nodi/grafo1715.22,6,22,34,54,66,80.00000000000048,3,80.00000000000048,6.135373115539551,2
614,graficon36nodi/grafo3282.36,6,36,40,54,58,21.999999999999996,2,22.0,4.951372861862183,2
615,graficon36nodi/grafo3153.36,6,36,43,53,60,45.0,2,45.00000000000001,3.635807752609253,2
616,graficon34nodi/grafo4029.34,6,34,40,50,56,36.0,6,36.0,0.34075117111206055,2
617,graficon32nodi/grafo1784.32,6,32,36,52,56,20.0,3,20.0,4.228645086288452,2
618,graficon33nodi/grafo2397.33,6,33,39,50,56,39.0,5,39.0,9.106794595718384,2
619,graficon39nodi/grafo7363.39,6,39,43,51,55,39.0,3,39.0,3.355856418609619,2
620,graficon34nodi/grafo11241.34,6,34,39,50,55,30.999999999999947,0,30.999999999999964,0.09491658210754395,2
621,graficon31nodi/grafo1689.31,6,31,34,53,56,23.999999999999996,0,24.000000000000007,0.1429610252380371,2
622,graficon39nodi/grafo6808.39,6,39,45,51,57,30.999999999999616,6,31.000000000000178,4.997767686843872,2
623,graficon24nodi/grafo522.24,6,24,30,51,57,37.99999999999998,4,38.00000000000003,3.027961492538452,2
624,graficon25nodi/grafo2016.25,6,25,33,50,58,37.00000000000013,2,37.00000000000015,1.608327865600586,2
625,graficon24nodi/grafo1667.24,6,24,29,50,55,25.999999999999993,1,26.0,1.5654881000518799,2
626,graficon40nodi/grafo5346.40,6,40,44,52,56,35.00000000000009,6,35.000000000000064,7.515012502670288,2
627,graficon34nodi/grafo11531.34,6,34,37,50,53,24.999999999999982,1,24.999999999999996,0.15002918243408203,2
628,graficon23nodi/grafo1974.23,6,23,27,54,58,26.99999950139962,1,26.999999002799527,1.987701654434204,2
629,graficon30nodi/grafo1183.30,6,30,39,50,59,42.999999999999964,6,42.999999999999964,3.3830947875976562,2
630,graficon35nodi/grafo7366.35,6,35,43,51,59,29.0,1,29.0,1.912052869796753,2
631,graficon33nodi/grafo9869.33,6,33,38,50,55,23.999999999999936,2,24.00000000000047,1.5049159526824951,2
632,graficon38nodi/grafo3247.38,6,38,43,50,55,39.00000000000015,3,39.000000000000185,7.87460732460022,2
633,graficon36nodi/grafo5319.36,6,36,44,53,61,36.0,2,36.00000000000181,2.3063435554504395,2
634,graficon30nodi/grafo11384.30,6,30,34,50,54,22.000000000000018,2,22.00000000000007,1.9442014694213867,2
635,graficon38nodi/grafo3966.38,6,38,42,54,58,35.000000000000085,4,35.000000000000135,5.1458752155303955,2
636,graficon32nodi/grafo3012.32,6,32,38,54,60,44.000000000000014,3,44.00000000000013,5.9868998527526855,2
637,graficon33nodi/grafo1174.33,6,33,41,53,61,41.0,4,41.0,0.37882518768310547,2
638,graficon35nodi/grafo11415.35,6,35,43,52,60,46.0,5,46.0,0.32936692237854004,2
639,graficon36nodi/grafo10746.36,6,36,42,54,60,39.99999999999994,0,40.0,1.4760634899139404,2
640,graficon38nodi/grafo6579.38,6,38,49,54,65,60.999999999999545,7,61.00000000000201,3.3517847061157227,2
641,graficon32nodi/grafo10058.32,6,32,40,51,59,45.0,3,45.0,2.360987424850464,2
642,graficon34nodi/grafo11614.34,6,34,39,50,55,30.999999999999947,0,30.999999999999964,0.06609773635864258,2
643,graficon38nodi/grafo6106.38,6,38,47,53,62,56.9999999999994,11,57.000000000000384,4.230138301849365,2
644,graficon26nodi/grafo309.26,6,26,36,54,64,65.0,6,65.00000000000006,2.930492639541626,2
645,graficon34nodi/grafo10483.34,6,34,45,50,61,48.00000000000012,8,48.00000000000028,4.985262870788574,2
646,graficon34nodi/grafo3023.34,6,34,42,54,62,40.99999999999986,2,40.99999999999986,2.0778348445892334,2
647,graficon35nodi/grafo11423.35,6,35,42,54,61,34.0,4,34.0,3.312060594558716,2
648,graficon26nodi/grafo1952.26,6,26,31,54,59,24.000000000000004,3,24.00000000000001,2.487543821334839,2
649,graficon38nodi/grafo5993.38,6,38,44,53,59,36.000000000000156,4,36.00000000000021,3.4112343788146973,2
650,graficon17nodi/grafo2227.17,6,17,25,50,58,33.99999999999929,2,33.99999999999929,2.427578926086426,2
651,graficon34nodi/grafo2082.34,6,34,38,54,58,15.999999999999996,0,16.0,0.0834190845489502,2
652,graficon27nodi/grafo1746.27,6,27,38,52,63,43.0,3,43.0,1.3957633972167969,2
653,graficon33nodi/grafo3214.33,6,33,44,52,63,63.999999830000256,14,64.0000003299999,7.615198850631714,2
654,graficon28nodi/grafo3060.28,6,28,36,51,59,29.999999947712414,4,30.000000000000057,6.372627258300781,2
655,graficon24nodi/grafo1158.24,6,24,34,52,62,58.999999999998266,6,59.00000000000258,7.066407203674316,2
656,graficon33nodi/grafo11638.33,6,33,38,53,58,31.99999999999998,2,31.99999999999998,0.335308313369751,2
657,graficon35nodi/grafo7548.35,6,35,42,54,61,45.99999999999872,1,45.99999999999872,0.3955347537994385,2
658,graficon34nodi/grafo5827.34,6,34,40,51,57,32.99999999999959,2,32.99999999999959,2.71482253074646,2
659,graficon34nodi/grafo5485.34,6,34,43,52,61,45.0,5,45.0,0.2484889030456543,2
660,graficon35nodi/grafo6897.35,6,35,47,52,64,58.0000000000008,10,58.000000000000945,13.43669581413269,2
661,graficon34nodi/grafo5498.34,6,34,41,54,61,40.00000000000008,4,40.00000000000008,2.856292486190796,2
662,graficon34nodi/grafo5856.34,6,34,41,50,57,28.0,4,28.0,2.5249903202056885,2
663,graficon40nodi/grafo4073.40,6,40,42,51,53,31.999999999999204,2,31.999999999999204,3.877919912338257,2
664,graficon36nodi/grafo10619.36,6,36,41,51,56,37.0,1,37.0,2.6058847904205322,2
665,graficon42nodi/grafo7119.42,6,42,46,50,54,31.0,2,30.999999999999986,2.5683703422546387,2
666,graficon36nodi/grafo11525.36,6,36,45,53,62,43.00000000000008,6,43.000000000000284,2.200993299484253,2
667,graficon35nodi/grafo11234.35,6,35,35,51,51,13.99999999999997,0,14.0,2.987708330154419,2
668,graficon24nodi/grafo2787.24,6,24,35,51,62,48.000000000000014,7,48.000000000000014,10.128486394882202,2
669,graficon40nodi/grafo3874.40,6,40,46,50,56,47.00000000000023,4,47.0000000000003,10.40885877609253,2
670,graficon28nodi/grafo1569.28,6,28,36,53,61,47.99999999999973,1,48.00000000000112,5.8531060218811035,2
671,graficon35nodi/grafo2098.35,6,35,42,50,57,28.999999999999872,3,28.99999999999993,5.027659177780151,2
672,graficon34nodi/grafo2031.34,6,34,42,53,61,34.99999999999991,4,35.0,2.7309858798980713,2
673,graficon30nodi/grafo11667.30,6,30,34,52,56,13.999999999999913,0,13.999999999999961,0.08902716636657715,2
674,graficon30nodi/grafo1345.30,6,30,44,50,64,105.99999999999994,15,105.99999999999994,0.7702884674072266,2
675,graficon29nodi/grafo2054.29,6,29,35,50,56,22.00000000000003,2,22.000000000000053,2.899855375289917,2
676,graficon41nodi/grafo4004.41,6,41,48,57,64,39.99999999999922,5,39.999999999999226,3.996612787246704,2
677,graficon37nodi/grafo2224.37,6,37,45,58,66,66.00000000000048,11,66.00000000000179,10.592374324798584,2
678,graficon34nodi/grafo6076.34,6,34,44,56,66,60.99999999999993,2,60.99999999999993,3.9028429985046387,2
679,graficon40nodi/grafo5714.40,6,40,52,59,71,72.0000000000008,18,72.00000000000102,23.584797859191895,2
680,graficon38nodi/grafo9968.38,6,38,44,55,61,32.0,1,32.0,1.5601410865783691,2
681,graficon28nodi/grafo1201.28,6,28,38,58,68,56.00000000000036,5,56.00000000000063,8.868914127349854,2
682,graficon35nodi/grafo10708.35,6,35,46,55,66,75.9999959487183,19,75.99999607692344,9.166512489318848,2
683,graficon21nodi/grafo433.21,6,21,28,55,62,35.00000000000024,5,35.0000000000004,8.514818668365479,2
684,graficon34nodi/grafo5143.34,6,34,40,57,63,23.99999999999996,1,24.0,1.382018804550171,2
685,graficon36nodi/grafo11677.36,6,36,49,56,69,72.0,8,72.0,0.4047119617462158,2
686,graficon37nodi/grafo3125.37,6,37,42,58,63,26.0,2,26.0,2.8324155807495117,2
687,graficon37nodi/grafo7307.37,6,37,47,55,65,36.0,3,36.0,1.8912088871002197,2
688,graficon37nodi/grafo6450.37,6,37,46,57,66,42.99999999999973,4,42.99999999999973,1.8275830745697021,2
689,graficon39nodi/grafo3679.39,6,39,43,56,60,35.00000000000001,5,35.000000000000014,8.158666133880615,2
690,graficon38nodi/grafo6656.38,6,38,46,57,65,44.000000000000114,3,44.00000000000017,3.533996820449829,2
691,graficon34nodi/grafo11409.34,6,34,35,56,57,14.999999999999897,1,14.9999999999999,2.0956172943115234,2
692,graficon38nodi/grafo6939.38,6,38,51,57,70,70.0,12,70.0,2.95559024810791,2
693,graficon33nodi/grafo2687.33,6,33,46,56,69,87.00000000000011,15,87.00000000000011,12.053885698318481,2
694,graficon38nodi/grafo3351.38,6,38,46,55,63,41.0,7,41.0,2.64342999458313,2
695,graficon37nodi/grafo7087.37,6,37,44,59,66,42.99999999999868,2,43.000000000003865,11.276620388031006,2
696,graficon36nodi/grafo11468.36,6,36,47,58,69,81.00000000000088,20,81.00000000000105,17.580716133117676,2
697,graficon31nodi/grafo1946.31,6,31,38,59,66,36.00000000000032,3,36.00000000000051,4.558566093444824,2
698,graficon32nodi/grafo1908.32,6,32,39,55,62,54.0,3,54.0,1.9992327690124512,2
699,graficon40nodi/grafo3255.40,6,40,46,56,62,40.000000000000114,8,40.000000000000234,3.70485782623291,2
700,graficon37nodi/grafo5301.37,6,37,44,58,65,33.99999999999983,3,33.999999999999915,3.4293785095214844,2
701,graficon35nodi/grafo5613.35,6,35,46,57,68,79.0,11,79.00000000000009,4.121225833892822,2
702,graficon35nodi/grafo2990.35,6,35,48,59,72,68.0,13,68.00000000000004,3.1012089252471924,2
703,graficon43nodi/grafo6878.43,6,43,48,56,61,44.99999999999993,5,45.00000000000058,3.9637951850891113,2
704,graficon27nodi/grafo1390.27,6,27,39,57,69,56.99999999999987,10,56.99999999999987,7.0336127281188965,2
705,graficon36nodi/grafo6227.36,6,36,46,59,69,69.00000000000074,8,69.0000000000008,4.3427512645721436,2
706,graficon39nodi/grafo3830.39,6,39,50,58,69,58.00000000000027,6,58.000000000000455,24.325056552886963,2
707,graficon37nodi/grafo6796.37,6,37,49,57,69,76.0,7,76.0,2.4864704608917236,2
708,graficon33nodi/grafo5872.33,6,33,39,57,63,23.0,2,23.000000000000004,4.282788515090942,2
709,graficon36nodi/grafo6071.36,6,36,43,59,66,36.99999999999998,3,36.99999999999999,2.7851390838623047,2
710,graficon36nodi/grafo2465.36,6,36,44,58,66,66.9999999999915,5,66.99999999999145,0.7312150001525879,2
711,graficon38nodi/grafo7362.38,6,38,44,59,65,33.999999539628206,3,34.00000139461565,7.419610977172852,2
712,graficon38nodi/grafo7290.38,6,38,47,58,67,62.0,8,62.0,3.8774893283843994,2
713,graficon42nodi/grafo3239.42,6,42,48,56,62,58.999999999999815,4,58.999999999999815,3.0562500953674316,2
714,graficon44nodi/grafo3040.44,6,44,50,59,65,44.00000000000046,5,43.999999999999964,3.4215269088745117,2
715,graficon39nodi/grafo11577.39,6,39,49,55,65,68.0,9,68.0,1.1405797004699707,2
716,graficon40nodi/grafo4081.40,6,40,46,56,62,58.99999490370143,12,58.99999711727616,24.10393261909485,2
717,graficon42nodi/grafo6381.42,6,42,50,59,67,46.0,4,46.0,2.080782890319824,2
718,graficon41nodi/grafo10067.41,6,41,47,58,64,37.99999999999959,3,37.99999999999959,1.9330596923828125,2
719,graficon37nodi/grafo11622.37,6,37,49,59,71,43.99999999999996,5,44.00000000000013,6.129290342330933,2
720,graficon32nodi/grafo1992.32,6,32,36,57,61,28.000000000000032,2,28.000000000000032,5.403191328048706,2
721,graficon38nodi/grafo6467.38,6,38,43,59,64,27.99999999999997,2,27.99999999999997,2.2553906440734863,2
722,graficon40nodi/grafo6922.40,6,40,47,59,66,51.000000000000796,5,51.000000000000966,10.02032208442688,2
723,graficon34nodi/grafo5303.34,6,34,44,59,69,38.00000000000006,2,38.0000000000001,5.453428506851196,2
724,graficon34nodi/grafo11396.34,6,34,35,55,56,16.999999001799022,0,16.999999001799097,3.9890613555908203,2
725,graficon39nodi/grafo5122.39,6,39,51,59,71,91.00000000000149,15,91.00000000000153,8.944942474365234,2
726,graficon42nodi/grafo6223.42,6,42,45,59,62,34.00000000000007,2,34.00000000000007,3.5533838272094727,2
727,graficon40nodi/grafo2627.40,6,40,49,56,65,47.99999999999949,7,48.00000000000246,6.215473413467407,2
728,graficon41nodi/grafo6876.41,6,41,50,58,67,53.0,5,53.0,3.8463406562805176,2
729,graficon35nodi/grafo11548.35,6,35,46,55,66,75.9999959487183,19,75.99999607692344,9.108041524887085,2
730,graficon31nodi/grafo1637.31,6,31,41,56,66,63.999999999999986,10,63.99999999999999,2.261308193206787,2
731,graficon38nodi/grafo3437.38,6,38,45,57,64,46.999999999999474,9,47.000000000001165,7.123898267745972,2
732,graficon35nodi/grafo10135.35,6,35,43,55,63,48.0,7,48.0,3.746474504470825,2
733,graficon38nodi/grafo2960.38,6,38,48,56,66,59.00000000000058,13,59.000000000000625,10.113299369812012,2
734,graficon35nodi/grafo3720.35,6,35,46,59,70,68.00000000000009,6,68.00000000000013,5.517062187194824,2
735,graficon36nodi/grafo6233.36,6,36,47,56,67,48.999999999999446,8,48.99999999999963,2.7821178436279297,2
736,graficon24nodi/grafo1966.24,6,24,34,58,68,46.0,2,46.0,1.7324321269989014,2
737,graficon38nodi/grafo3681.38,6,38,48,56,66,55.999999999999915,6,56.0000000000001,6.387121677398682,2
738,graficon36nodi/grafo5970.36,6,36,46,57,67,77.99999999999997,10,77.99999999999999,0.9166557788848877,2
739,graficon26nodi/grafo1272.26,6,26,34,56,64,52.999999999999545,1,53.0,3.793304204940796,2
740,graficon32nodi/grafo2968.32,6,32,41,55,64,55.0,8,55.0,0.34763336181640625,2
741,graficon34nodi/grafo5917.34,6,34,41,58,65,22.999999999999883,2,23.0,0.12976312637329102,2
742,graficon35nodi/grafo11344.35,6,35,40,55,60,29.0,3,29.0,3.5433897972106934,2
743,graficon47nodi/grafo1531.47,6,47,54,58,65,60.00000000000003,2,60.0000000000003,5.580746650695801,2
744,graficon36nodi/grafo5264.36,6,36,41,59,64,27.0,0,27.0,1.4852039813995361,2
745,graficon36nodi/grafo7306.36,6,36,48,55,67,116.9999999999997,30,116.99999999999967,5.331259727478027,2
746,graficon34nodi/grafo3124.34,6,34,43,56,65,69.00000000000036,8,69.00000000000034,3.8731331825256348,2
747,graficon35nodi/grafo11633.35,6,35,46,56,67,51.99999999999898,7,52.0,7.301088333129883,2
748,graficon40nodi/grafo6115.40,6,40,46,57,63,39.0,5,39.0,3.459879159927368,2
749,graficon37nodi/grafo3554.37,6,37,41,57,61,26.0,0,26.0,1.6344215869903564,2
750,graficon36nodi/grafo10229.36,6,36,46,58,68,48.0,5,48.0,2.1930506229400635,2
751,graficon33nodi/grafo598.33,6,33,49,63,79,107.99999999999999,23,108.00000000000001,62.84424328804016,2
752,graficon44nodi/grafo7435.44,6,44,53,63,72,45.00000000000008,4,45.00000000000008,3.1018686294555664,2
753,graficon40nodi/grafo6485.40,6,40,51,62,73,55.999999999999915,15,56.0,5.9075927734375,2
754,graficon35nodi/grafo6035.35,6,35,50,61,76,81.99999999999969,9,81.99999999999974,8.116232872009277,2
755,graficon38nodi/grafo7531.38,6,38,44,61,67,35.0,3,35.0,1.5372035503387451,2
756,graficon37nodi/grafo11473.37,6,37,42,61,66,31.000000000000014,1,31.00000000000003,6.3872292041778564,2
757,graficon33nodi/grafo5821.33,6,33,43,62,72,39.0,4,39.0,10.944647789001465,2
758,graficon39nodi/grafo5308.39,6,39,49,64,74,53.000000000000234,7,53.000000000000426,12.367330551147461,2
759,graficon33nodi/grafo10454.33,6,33,41,61,69,40.0,3,40.0,0.2499990463256836,2
760,graficon42nodi/grafo7704.42,6,42,51,63,72,58.00000000000024,10,58.000000000000284,10.0299711227417,2
761,graficon33nodi/grafo2654.33,6,33,49,64,80,95.0,14,95.0,8.566760778427124,2
762,graficon36nodi/grafo11077.36,6,36,40,63,67,31.999999999999996,1,32.0,0.09550857543945312,2
763,graficon37nodi/grafo5888.37,6,37,50,60,73,44.0,9,44.0,2.50302791595459,2
764,graficon33nodi/grafo10732.33,6,33,37,60,64,30.999999999999176,1,30.999999999999176,4.893980264663696,2
765,graficon25nodi/grafo2301.25,6,25,37,61,73,58.00000000000008,1,58.00000000000045,0.1481180191040039,2
766,graficon43nodi/grafo7428.43,6,43,52,60,69,52.999999999999986,6,53.000000000000014,4.184208393096924,2
767,graficon32nodi/grafo2991.32,6,32,43,61,72,73.0,6,73.0,1.2071340084075928,2
768,graficon41nodi/grafo3498.41,6,41,53,63,75,74.0,13,74.0,15.228383541107178,2
769,graficon36nodi/grafo11414.36,6,36,47,62,73,52.999999999999616,9,53.00000000000029,2.619719982147217,2
770,graficon35nodi/grafo10841.35,6,35,45,62,72,63.00000000000037,9,63.00000000000056,11.791577100753784,2
771,graficon38nodi/grafo2959.38,6,38,48,61,71,48.00000000000054,7,48.00000000000071,4.069399833679199,2
772,graficon30nodi/grafo359.30,6,30,37,60,67,30.00000000000018,4,30.000000000000252,3.353963851928711,2
773,graficon37nodi/grafo1555.37,6,37,48,61,72,63.000000000000064,15,63.00000000000009,7.7665581703186035,2
774,graficon37nodi/grafo2398.37,6,37,47,64,74,53.000000000001364,10,53.00000000000183,5.8620946407318115,2
775,graficon40nodi/grafo2729.40,6,40,46,64,70,45.00000000000017,4,45.000000000000234,4.663321256637573,2
776,graficon42nodi/grafo3325.42,6,42,52,64,74,54.99999999999991,5,54.9999999999999,2.662203788757324,2
777,graficon36nodi/grafo10462.36,6,36,40,61,65,23.0,0,23.0,1.943396806716919,2
778,graficon39nodi/grafo7630.39,6,39,46,62,69,44.000000000000206,8,44.000000000000384,12.359916925430298,2
779,graficon30nodi/grafo2012.30,6,30,46,64,80,111.0,16,111.0,1.5745735168457031,2
780,graficon48nodi/grafo1669.48,6,48,59,62,73,102.99999927429887,15,102.99999958333372,53.65192365646362,2
781,graficon40nodi/grafo3116.40,6,40,47,64,71,63.99999999999986,5,64.00000000000003,5.830645322799683,2
782,graficon41nodi/grafo4047.41,6,41,48,63,70,45.0,1,45.0,5.2176244258880615,2
783,graficon44nodi/grafo3971.44,6,44,48,64,68,38.99999999999985,2,39.0,4.770713567733765,2
784,graficon36nodi/grafo6093.36,6,36,43,63,70,37.0,7,37.0,0.9131619930267334,2
785,graficon39nodi/grafo6244.39,6,39,52,64,77,81.0,12,81.00000000000021,6.548263788223267,2
786,graficon34nodi/grafo5991.34,6,34,41,60,67,36.0000000000004,2,36.00000000000336,0.4199497699737549,2
787,graficon38nodi/grafo5998.38,6,38,44,60,66,49.0,1,49.0,2.715801954269409,2
788,graficon32nodi/grafo5807.32,6,32,41,64,73,37.0,2,37.0,0.21775412559509277,2
789,graficon29nodi/grafo2811.29,6,29,40,62,73,56.0,9,56.0,8.338132858276367,2
790,graficon33nodi/grafo11643.33,6,33,37,60,64,30.999999999999176,1,30.999999999999176,4.907880067825317,2
791,graficon45nodi/grafo7711.45,6,45,53,64,72,46.99999999999966,3,46.99999999999978,12.642030000686646,2
792,graficon35nodi/grafo3483.35,6,35,41,61,67,32.00000000000013,4,32.00000000000035,2.063343048095703,2
793,graficon37nodi/grafo7410.37,6,37,51,61,75,53.0,15,53.0,5.015052556991577,2
794,graficon39nodi/grafo3792.39,6,39,49,61,71,54.0,7,54.0,9.312801122665405,2
795,graficon46nodi/grafo7281.46,6,46,54,61,69,50.000000000000185,9,50.000000000000156,4.726347208023071,2
796,graficon41nodi/grafo7033.41,6,41,48,60,67,53.99999940110114,8,54.00000000000155,17.864368677139282,2
797,graficon37nodi/grafo6905.37,6,37,48,63,74,66.99999999999997,11,66.99999999999999,5.113211154937744,2
798,graficon33nodi/grafo1668.33,6,33,41,63,71,40.00000000000027,6,40.0000000000004,2.7751471996307373,2
799,graficon43nodi/grafo4042.43,6,43,47,60,64,36.0,0,36.0,2.388136625289917,2
800,graficon37nodi/grafo3728.37,6,37,47,63,73,53.99999999999985,6,53.99999999999986,10.041085004806519,2
801,graficon37nodi/grafo6219.37,6,37,45,62,70,53.00000000000027,4,53.00000000000034,5.224424600601196,2
802,graficon37nodi/grafo2761.37,6,37,45,60,68,46.0,5,46.0,1.7945051193237305,2
803,graficon35nodi/grafo6010.35,6,35,44,60,69,46.00000000000026,8,46.00000000000033,4.106312274932861,2
804,graficon41nodi/grafo5637.41,6,41,49,61,69,55.00000000000002,5,55.00000000000003,18.15064764022827,2
805,graficon36nodi/grafo5783.36,6,36,46,62,72,51.00000000000036,6,51.00000000000053,8.009464740753174,2
806,graficon42nodi/grafo5250.42,6,42,51,64,73,61.99999999999853,7,62.00000000000057,5.4873387813568115,2
807,graficon38nodi/grafo11452.38,6,38,50,62,74,76.99999999999997,17,77.0,4.270503520965576,2
808,graficon41nodi/grafo11172.41,6,41,51,62,72,70.0000000000023,8,70.0000000000023,5.491739988327026,2
809,graficon37nodi/grafo7650.37,6,37,52,63,78,81.0,9,81.0,4.48996114730835,2
810,graficon33nodi/grafo11527.33,6,33,40,62,69,38.999999999999986,3,39.0,3.4176394939422607,2
811,graficon40nodi/grafo6142.40,6,40,49,64,73,58.999999999999886,8,59.00000000000096,4.505779266357422,2
812,graficon36nodi/grafo5809.36,6,36,45,63,72,63.99999813809544,8,64.00000186190334,7.960686922073364,2
813,graficon40nodi/grafo5426.40,6,40,50,62,72,98.00000000000011,14,98.00000000000011,48.666245222091675,2
814,graficon34nodi/grafo3076.34,6,34,39,61,66,28.000000000000554,2,28.000000000003546,2.026911735534668,2
815,graficon39nodi/grafo7374.39,6,39,51,62,74,66.9999989999984,17,66.99999899999852,9.336228847503662,2
816,graficon40nodi/grafo7706.40,6,40,51,60,71,70.0,14,70.0,8.447674036026001,2
817,graficon44nodi/grafo3602.44,6,44,53,62,71,87.99999999999997,12,87.99999999999999,4.556735992431641,2
818,graficon43nodi/grafo7484.43,6,43,49,63,69,53.00000000000037,4,53.00000000000055,10.15631103515625,2
819,graficon37nodi/grafo11410.37,6,37,45,64,72,41.000000000000114,4,41.00000000000021,2.1674821376800537,2
820,graficon35nodi/grafo6104.35,6,35,40,63,68,33.0,1,33.0,11.786177396774292,2
821,graficon36nodi/grafo5360.36,6,36,44,62,70,40.00000000000001,6,40.00000000000001,3.2435202598571777,2
822,graficon38nodi/grafo5222.38,6,38,43,62,67,34.999999091268876,3,35.00000000000055,7.628772020339966,2
823,graficon36nodi/grafo11309.36,6,36,46,61,71,60.00000000000059,12,60.00000000000059,10.751323223114014,2
824,graficon36nodi/grafo5457.36,6,36,43,61,68,28.99999999999986,4,28.99999999999998,0.23026537895202637,2
825,graficon37nodi/grafo7092.37,6,37,47,61,71,69.00000000000003,18,69.00000000000003,12.936118841171265,2
826,graficon38nodi/grafo1999.38,6,38,45,68,75,41.000000000000085,2,41.00000000000017,4.99737024307251,2
827,graficon38nodi/grafo7684.38,6,38,54,68,84,96.0,15,96.0,9.231020450592041,2
828,graficon43nodi/grafo3669.43,6,43,52,67,76,78.0,6,78.00000000000034,5.593167066574097,2
829,graficon40nodi/grafo11665.40,6,40,48,68,76,44.99999999999994,9,44.99999999999991,18.55385136604309,2
830,graficon39nodi/grafo10234.39,6,39,51,69,81,56.00000000000006,13,56.00000000000013,6.595189809799194,2
831,graficon40nodi/grafo6382.40,6,40,52,65,77,72.0000000000004,12,72.00000000000051,5.304043531417847,2
832,graficon44nodi/grafo7013.44,6,44,53,69,78,40.99999999999996,1,40.99999999999997,2.352750062942505,2
833,graficon37nodi/grafo3341.37,6,37,50,66,79,88.99999999999972,12,89.00000000000003,6.335175275802612,2
834,graficon40nodi/grafo5504.40,6,40,53,66,79,60.99999999999991,10,60.99999999999996,11.938508749008179,2
835,graficon44nodi/grafo1219.44,6,44,48,66,70,29.999999999999993,0,30.0,1.6216025352478027,2
836,graficon29nodi/grafo3034.29,6,29,40,65,76,66.99999999999964,4,67.00000000000018,12.89189863204956,2
837,graficon44nodi/grafo3831.44,6,44,52,67,75,68.00000000000117,8,68.00000000000193,12.106667757034302,2
838,graficon35nodi/grafo3068.35,6,35,50,67,82,88.99999999999928,16,88.99999999999957,5.478649854660034,2
839,graficon40nodi/grafo9898.40,6,40,50,68,78,46.99999999999984,9,46.99999999999999,9.607086896896362,2
840,graficon37nodi/grafo6847.37,6,37,47,67,77,56.0,2,56.0,3.1421308517456055,2
841,graficon40nodi/grafo5327.40,6,40,47,68,75,38.000000000000085,4,38.000000000000185,2.5951521396636963,2
842,graficon44nodi/grafo6266.44,6,44,60,68,84,102.0000000000006,23,102.00000000000071,39.981186866760254,2
843,graficon39nodi/grafo6848.39,6,39,52,67,80,68.0,8,68.0,0.6395704746246338,2
844,graficon30nodi/grafo2030.30,6,30,44,66,80,90.000000000001,14,90.00000000000104,10.972663402557373,2
845,graficon40nodi/grafo6167.40,6,40,57,66,83,122.00000000000003,22,122.00000000000001,33.06536388397217,2
846,graficon39nodi/grafo2148.39,6,39,45,67,73,38.99999999999993,3,39.000000000001094,6.924783706665039,2
847,graficon36nodi/grafo3734.36,6,36,46,67,77,72.99999966666611,6,73.00000066666728,17.50872254371643,2
848,graficon39nodi/grafo5789.39,6,39,58,69,88,79.99999999999997,24,79.99999999999999,41.44114398956299,2
849,graficon29nodi/grafo1284.29,6,29,40,65,76,71.99999999999963,6,72.00000000000054,5.602942943572998,2
850,graficon45nodi/grafo7024.45,6,45,50,65,70,35.000000000000085,5,35.000000000000135,7.870584487915039,2
851,graficon33nodi/grafo5203.33,6,33,41,68,76,30.0,5,30.0,6.811733722686768,2
852,graficon34nodi/grafo6218.34,6,34,40,65,71,36.0,3,36.0,2.321876287460327,2
853,graficon43nodi/grafo7073.43,6,43,51,69,77,39.999999999999694,7,39.99999999999983,5.844207525253296,2
854,graficon42nodi/grafo5867.42,6,42,52,69,79,72.00000000000023,12,72.00000000000028,11.82521367073059,2
855,graficon36nodi/grafo7509.36,6,36,45,69,78,46.999999999996504,6,47.0000000000072,18.265719175338745,2
856,graficon37nodi/grafo7743.37,6,37,55,68,86,109.99999999999866,21,109.99999999999868,9.058666229248047,2
857,graficon44nodi/grafo6915.44,6,44,58,68,82,88.0,17,88.0,10.93042778968811,2
858,graficon40nodi/grafo7570.40,6,40,52,68,80,54.00000000000002,14,54.00000000000003,3.0638949871063232,2
859,graficon33nodi/grafo5787.33,6,33,40,66,73,28.999999999999822,2,28.99999999999995,2.2395949363708496,2
860,graficon34nodi/grafo11517.34,6,34,44,69,79,50.0000000000003,5,50.000000000001094,8.937446594238281,2
861,graficon49nodi/grafo1560.49,6,49,59,68,78,72.00000000000057,9,72.00000000000074,11.776667594909668,2
862,graficon47nodi/grafo3121.47,6,47,54,65,72,51.99999949999783,3,51.99999949999921,8.415749073028564,2
863,graficon38nodi/grafo2052.38,6,38,50,67,79,63.0,14,63.0,4.245286703109741,2
864,graficon41nodi/grafo3794.41,6,41,52,65,76,64.0000000000001,18,64.00000000000017,12.262303352355957,2
865,graficon38nodi/grafo3964.38,6,38,48,69,79,71.99999999999994,6,71.99999999999997,5.67824649810791,2
866,graficon39nodi/grafo7264.39,6,39,51,67,79,86.9999972499998,20,86.9999972500002,6.8791587352752686,2
867,graficon38nodi/grafo3752.38,6,38,46,65,73,53.0,4,53.00000000000035,7.848474979400635,2
868,graficon37nodi/grafo3576.37,6,37,49,69,81,81.99999900138161,13,82.00000100000176,10.100214004516602,2
869,graficon38nodi/grafo5949.38,6,38,50,66,78,74.99999981425802,4,74.99999981425808,11.66639518737793,2
870,graficon29nodi/grafo2639.29,6,29,43,67,81,89.99999999999909,6,90.0000000000009,5.163649797439575,2
871,graficon38nodi/grafo11575.38,6,38,46,66,74,51.99999999999997,11,51.99999999999997,15.194758176803589,2
872,graficon38nodi/grafo3321.38,6,38,53,66,81,94.9999999999992,16,94.99999999999955,3.144012212753296,2
873,graficon31nodi/grafo1429.31,6,31,45,65,79,84.00000000000071,14,84.00000000000104,15.969324350357056,2
874,graficon38nodi/grafo4013.38,6,38,49,67,78,52.99999999999958,9,52.99999999999999,8.041756391525269,2
875,graficon28nodi/grafo1339.28,6,28,41,67,80,85.00000000000031,15,85.00000000000054,5.953125,2
876,graficon35nodi/grafo2020.35,6,35,43,68,76,34.0,1,34.0,1.3540318012237549,2
877,graficon40nodi/grafo7409.40,6,40,48,65,73,49.99999999999997,5,49.99999999999997,3.700880289077759,2
878,graficon42nodi/grafo6141.42,6,42,53,68,79,65.99999999999864,13,66.00000000000023,6.546475410461426,2
879,graficon38nodi/grafo3932.38,6,38,48,69,79,54.9999999999997,5,55.00000000000029,10.545981168746948,2
880,graficon38nodi/grafo2986.38,6,38,50,67,79,84.99999980191109,17,85.00000060000009,20.216845512390137,2
881,graficon42nodi/grafo5771.42,6,42,51,68,77,50.00000000000002,5,50.000000000000085,4.729327201843262,2
882,graficon45nodi/grafo7734.45,6,45,55,68,78,64.99999811111155,13,64.99999811111178,8.614453315734863,2
883,graficon42nodi/grafo3094.42,6,42,49,69,76,48.00000000000011,2,48.00000000000022,11.967577457427979,2
884,graficon38nodi/grafo819.38,6,38,49,68,79,75.99999999999976,13,76.00000000000054,7.546359062194824,2
885,graficon39nodi/grafo6923.39,6,39,48,67,76,61.0,10,61.0,18.13993191719055,2
886,graficon33nodi/grafo10400.33,6,33,38,68,73,27.99999999999993,1,27.999999999999964,0.2251119613647461,2
887,graficon36nodi/grafo11346.36,6,36,49,69,82,63.99999999999998,12,64.0,0.9583799839019775,2
888,graficon39nodi/grafo11565.39,6,39,45,65,71,31.00000000000029,4,31.00000000000059,4.04998517036438,2
889,graficon50nodi/grafo1494.50,6,50,57,68,75,68.00000000000006,9,68.00000000000006,16.555573225021362,2
890,graficon38nodi/grafo10455.38,6,38,42,67,71,26.0,1,26.0,1.7548139095306396,2
891,graficon38nodi/grafo9852.38,6,38,48,66,76,59.00000000000002,7,59.000000000000036,2.9238176345825195,2
892,graficon45nodi/grafo5975.45,6,45,52,66,73,65.0,5,65.0,7.016333341598511,2
893,graficon39nodi/grafo4061.39,6,39,47,69,77,46.00000000000014,5,46.00000000000021,4.677833557128906,2
894,graficon40nodi/grafo6955.40,6,40,52,69,81,68.99999900699513,8,69.0000000000011,8.952540159225464,2
895,graficon41nodi/grafo7624.41,6,41,54,69,82,93.0,11,93.00000000000003,3.6712374687194824,2
896,graficon35nodi/grafo6116.35,6,35,43,69,77,39.00000000000004,5,39.000000000000114,4.939113616943359,2
897,graficon51nodi/grafo1404.51,6,51,70,69,88,130.9999999999985,38,131.0000000000016,16.739563703536987,2
898,graficon36nodi/grafo7553.36,6,36,52,69,85,88.0,15,88.00000000000007,4.558036804199219,2
899,graficon40nodi/grafo3711.40,6,40,53,68,81,70.0,3,70.0,2.2594761848449707,2
900,graficon37nodi/grafo2099.37,6,37,44,69,76,36.99999999999966,0,37.00000000000046,1.8448169231414795,2
901,graficon40nodi/grafo3916.40,6,40,51,71,82,75.0,6,75.0,4.226754426956177,2
902,graficon39nodi/grafo227.39,6,39,47,72,80,49.000000000000156,4,49.0000000000002,4.3242199420928955,2
903,graficon44nodi/grafo7217.44,6,44,53,70,79,62.000000000000014,7,62.00000000000001,4.501759052276611,2
904,graficon35nodi/grafo10277.35,6,35,45,71,81,67.99999999999994,8,68.00000000000014,11.652812480926514,2
905,graficon37nodi/grafo2678.37,6,37,45,74,82,39.99999999999997,2,39.99999999999997,2.2871437072753906,2
906,graficon44nodi/grafo3432.44,6,44,55,72,83,72.9999999999999,9,72.99999999999991,3.8171169757843018,2
907,graficon43nodi/grafo7404.43,6,43,55,73,85,76.9999999999961,9,77.00000000000385,5.826443195343018,2
908,graficon47nodi/grafo6168.47,6,47,50,70,73,32.99999999999999,1,33.0,6.922320604324341,2
909,graficon44nodi/grafo5590.44,6,44,49,72,77,31.0,1,31.0,1.7907533645629883,2
910,graficon37nodi/grafo3954.37,6,37,50,70,83,71.00000000000122,12,71.0000000000017,5.0079872608184814,2
911,graficon40nodi/grafo490.40,6,40,45,71,76,28.99999999999993,1,28.999999999999964,1.559910774230957,2
912,graficon38nodi/grafo3708.38,6,38,53,74,89,96.0,8,96.00000000000001,4.280036449432373,2
913,graficon34nodi/grafo10511.34,6,34,41,71,78,39.99999999999999,3,40.0,0.28006863594055176,2
914,graficon39nodi/grafo11357.39,6,39,48,71,80,48.999999004992915,8,48.9999990050008,8.911688804626465,2
915,graficon49nodi/grafo6373.49,6,49,56,73,80,69.00000000000007,10,69.00000000000021,6.214298725128174,2
916,graficon41nodi/grafo7372.41,6,41,55,71,85,124.00000000000003,14,124.00000000000004,7.889617681503296,2
917,graficon47nodi/grafo3806.47,6,47,52,71,76,46.00000000000017,3,46.00000000000016,8.668922901153564,2
918,graficon40nodi/grafo7285.40,6,40,56,70,86,117.00000000000006,20,117.00000000000006,6.360318660736084,2
919,graficon36nodi/grafo5124.36,6,36,43,70,77,54.0,4,54.0,0.9674913883209229,2
920,graficon38nodi/grafo3457.38,6,38,43,70,75,28.0,1,28.0,0.1608436107635498,2
921,graficon40nodi/grafo3539.40,6,40,57,72,89,89.99999933333302,20,90.00000000000303,12.574737548828125,2
922,graficon39nodi/grafo3391.39,6,39,61,71,93,126.00000000000017,38,126.0000000000003,11.836166620254517,2
923,graficon38nodi/grafo6480.38,6,38,50,70,82,73.00000000000011,11,73.00000000000114,4.338000535964966,2
924,graficon42nodi/grafo3820.42,6,42,52,70,80,52.99999999999982,5,52.99999999999982,4.368510007858276,2
925,graficon40nodi/grafo11283.40,6,40,52,74,86,66.99999999999872,11,66.99999999999915,4.128772497177124,2
926,graficon48nodi/grafo1535.48,6,48,53,72,77,31.000000000000036,1,31.000000000000256,12.96321439743042,2
927,graficon44nodi/grafo11640.44,6,44,59,73,88,86.0,15,86.0,7.704545974731445,2
928,graficon30nodi/grafo1810.30,6,30,40,73,83,41.0000000000003,4,41.000000000000945,4.800352334976196,2
929,graficon38nodi/grafo10767.38,6,38,50,72,84,79.99999999999936,7,79.99999999999937,5.246223449707031,2
930,graficon39nodi/grafo10062.39,6,39,44,74,79,40.9999999999999,5,40.9999999999999,4.37086820602417,2
931,graficon42nodi/grafo6171.42,6,42,59,73,90,98.99999999999997,18,98.99999999999997,25.41149663925171,2
932,graficon41nodi/grafo7074.41,6,41,50,72,81,46.99999999999977,1,47.00000000000017,12.725987195968628,2
933,graficon42nodi/grafo6304.42,6,42,55,73,86,99.0000000000007,13,99.00000000000095,14.300387382507324,2
934,graficon43nodi/grafo3801.43,6,43,52,70,79,50.99999999999882,5,50.99999999999942,4.095397233963013,2
935,graficon40nodi/grafo3538.40,6,40,46,72,78,45.00000000000003,3,45.000000000000156,3.211813449859619,2
936,graficon38nodi/grafo10567.38,6,38,47,74,83,61.999999999996604,9,62.0000000000014,8.826427698135376,2
937,graficon37nodi/grafo3445.37,6,37,46,73,82,35.999999999999005,7,35.99999999999902,3.245481014251709,2
938,graficon37nodi/grafo11122.37,6,37,44,74,81,40.99999999999991,7,40.999999999999964,12.399637222290039,2
939,graficon35nodi/grafo3499.35,6,35,47,70,82,62.99999950071096,9,63.00000000000033,6.149537563323975,2
940,graficon42nodi/grafo7296.42,6,42,56,73,87,79.99999999999969,11,80.00000000000024,3.6814749240875244,2
941,graficon38nodi/grafo10027.38,6,38,50,74,86,69.00000000000016,9,69.00000000000036,6.700608253479004,2
942,graficon40nodi/grafo6207.40,6,40,52,72,84,60.99999999999909,11,61.00000000000116,6.691530227661133,2
943,graficon35nodi/grafo3006.35,6,35,44,70,79,45.00000000000034,3,45.00000000000049,3.44455885887146,2
944,graficon56nodi/grafo5979.56,6,56,69,72,85,117.99999854083197,21,118.0000004883734,25.775390625,2
945,graficon39nodi/grafo7283.39,6,39,50,74,85,82.0,11,82.0,4.541689395904541,2
946,graficon40nodi/grafo3229.40,6,40,48,74,82,47.000000000000284,3,47.00000000000041,3.9828171730041504,2
947,graficon37nodi/grafo2528.37,6,37,50,70,83,65.99999974999994,6,66.00000000000085,8.53813099861145,2
948,graficon40nodi/grafo2963.40,6,40,49,70,79,67.00000000000054,7,67.00000000000063,4.457736492156982,2
949,graficon37nodi/grafo11238.37,6,37,47,70,80,55.99999535714309,5,55.99999814285771,5.301978826522827,2
950,graficon34nodi/grafo5693.34,6,34,46,73,85,54.99999999999943,5,54.99999999999943,4.552413463592529,2
951,graficon45nodi/grafo5623.45,6,45,55,74,84,76.00000000000038,2,76.00000000000038,14.102075338363647,2
952,graficon38nodi/grafo1157.38,6,38,48,73,83,47.000000000000135,5,47.00000000000034,3.4176626205444336,2
953,graficon36nodi/grafo9862.36,6,36,51,74,89,61.99999999999994,10,62.0,4.592172861099243,2
954,graficon39nodi/grafo10505.39,6,39,52,70,83,75.00000000000001,12,75.00000000000034,6.48827338218689,2
955,graficon34nodi/grafo9934.34,6,34,40,73,79,23.0,0,23.0,0.06842684745788574,2
956,graficon42nodi/grafo7692.42,6,42,54,74,86,52.0,9,52.000000000000114,4.3493812084198,2
957,graficon41nodi/grafo7635.41,6,41,53,71,83,85.99999999999986,21,86.00000000000014,8.966867923736572,2
958,graficon39nodi/grafo3849.39,6,39,50,71,82,79.00000000000003,9,79.00000000000001,9.962821960449219,2
959,graficon40nodi/grafo3287.40,6,40,52,71,83,65.99999966733607,11,66.00000000000081,10.686136245727539,2
960,graficon56nodi/grafo7164.56,6,56,68,70,82,72.99999999999947,9,72.9999999999996,11.129589796066284,2
961,graficon43nodi/grafo7403.43,6,43,57,70,84,99.99999999999878,22,100.00000000000003,9.270093441009521,2
962,graficon39nodi/grafo6476.39,6,39,50,73,84,51.0,14,51.00000000000001,5.719497203826904,2
963,graficon41nodi/grafo5344.41,6,41,52,73,84,53.99999999999998,8,53.999999999999986,1.5235834121704102,2
964,graficon35nodi/grafo7560.35,6,35,45,72,82,49.000000000000114,5,49.000000000000234,3.070096969604492,2
965,graficon39nodi/grafo11552.39,6,39,47,71,79,60.00000000000027,4,60.00000000000034,6.648859024047852,2
966,graficon42nodi/grafo3865.42,6,42,56,73,87,68.99999999999991,15,68.99999999999991,1.6272118091583252,2
967,graficon46nodi/grafo1581.46,6,46,52,71,77,41.00000000000037,2,41.00000000000078,4.231192111968994,2
968,graficon38nodi/grafo7187.38,6,38,52,74,88,106.0,18,106.0,27.73365092277527,2
969,graficon57nodi/grafo5041.57,6,57,63,74,80,65.99999524999998,4,65.99999524999998,70.63039922714233,2
970,graficon37nodi/grafo7512.37,6,37,45,71,79,58.99999999999999,2,59.00000000000007,3.7914767265319824,2
971,graficon39nodi/grafo7479.39,6,39,53,70,84,101.0,13,101.0,26.395782232284546,2
972,graficon46nodi/grafo5905.46,6,46,56,74,84,71.9999999999999,7,72.0000000000001,7.416386842727661,2
973,graficon40nodi/grafo3387.40,6,40,53,74,87,78.99999999999982,15,78.99999999999982,10.044708967208862,2
974,graficon38nodi/grafo3915.38,6,38,44,71,77,45.99999999999999,2,46.0,10.924146175384521,2
975,graficon37nodi/grafo11479.37,6,37,44,73,80,39.0,6,39.00000000000126,4.193140983581543,2
976,graficon36nodi/grafo2504.36,6,36,49,76,89,69.99999999999348,9,69.9999999999958,5.2605602741241455,2
977,graficon30nodi/grafo3011.30,6,30,41,76,87,60.0000000000005,4,60.00000000000077,4.640859603881836,2
978,graficon39nodi/grafo2310.39,6,39,59,77,97,123.0,21,123.0,5.380836486816406,2
979,graficon40nodi/grafo365.40,6,40,47,76,83,43.00000000000013,4,43.00000000000011,4.7829015254974365,2
980,graficon41nodi/grafo5534.41,6,41,49,77,85,41.99999999999876,5,41.99999999999982,6.5202178955078125,2
981,graficon36nodi/grafo5632.36,6,36,43,76,83,43.0000000000004,5,43.00000000000066,9.725107431411743,2
982,graficon42nodi/grafo3895.42,6,42,55,79,92,97.99999999999999,22,98.0,15.179595470428467,2
983,graficon40nodi/grafo7534.40,6,40,54,76,90,125.9999999999992,15,125.9999999999992,4.801275014877319,2
984,graficon38nodi/grafo11163.38,6,38,50,77,89,77.99999999999997,14,77.99999999999997,0.8976423740386963,2
985,graficon36nodi/grafo5700.36,6,36,49,78,91,76.00000000000013,11,76.00000000000044,7.444746494293213,2
986,graficon41nodi/grafo7150.41,6,41,52,75,86,54.0,8,54.0,0.7804594039916992,2
987,graficon38nodi/grafo9909.38,6,38,48,77,87,62.0000000000001,8,62.000000000000185,9.048535823822021,2
988,graficon41nodi/grafo6152.41,6,41,56,75,90,76.99999999999967,12,76.99999999999977,5.527174234390259,2
989,graficon44nodi/grafo3924.44,6,44,53,75,84,50.99999999999858,8,50.99999999999872,5.886307001113892,2
990,graficon38nodi/grafo5880.38,6,38,52,76,90,82.00000000000094,12,82.00000000000132,5.700441360473633,2
991,graficon31nodi/grafo1257.31,6,31,50,76,95,118.99999999999977,22,119.00000000000027,22.052860021591187,2
992,graficon40nodi/grafo9929.40,6,40,56,77,93,85.00000000000031,19,85.0000000000004,12.210957288742065,2
993,graficon43nodi/grafo7444.43,6,43,55,77,89,77.0000000000001,15,77.00000000000038,8.561009645462036,2
994,graficon33nodi/grafo1975.33,6,33,46,77,90,57.0000000000006,9,57.000000000001094,6.50884485244751,2
995,graficon44nodi/grafo5982.44,6,44,57,79,92,81.99999999999957,12,81.99999999999969,15.183558464050293,2
996,graficon49nodi/grafo1353.49,6,49,54,76,81,47.00000000000004,3,47.00000000000013,63.848881006240845,2
997,graficon36nodi/grafo3379.36,6,36,44,75,83,44.00000000000007,1,44.00000000000024,1.656674861907959,2
998,graficon37nodi/grafo5904.37,6,37,50,77,90,60.00000000000024,10,60.00000000000035,9.463403224945068,2
999,graficon37nodi/grafo3837.37,6,37,52,75,90,114.00000000000003,13,114.00000000000006,22.551172971725464,2
1000,graficon42nodi/grafo6032.42,6,42,51,76,85,46.999999999999815,5,46.99999999999987,19.776931285858154,2
1001,graficon40nodi/grafo7544.40,6,40,53,75,88,90.00000000000023,4,90.0000000000004,8.15367865562439,2
1002,graficon38nodi/grafo7305.38,6,38,53,76,91,99.00000000000023,17,99.00000000000033,12.877204418182373,2
1003,graficon48nodi/grafo7046.48,6,48,54,76,82,55.00000000000033,2,55.00000000000042,5.70747447013855,2
1004,graficon47nodi/grafo3232.47,6,47,55,77,85,45.00000000000013,4,45.00000000000021,3.606247663497925,2
1005,graficon40nodi/grafo3885.40,6,40,51,75,86,63.99999999999931,6,64.0000000000001,8.355724334716797,2
1006,graficon43nodi/grafo6858.43,6,43,61,77,95,116.0,19,116.00000000000001,1.9941389560699463,2
1007,graficon43nodi/grafo5298.43,6,43,56,76,89,76.0,11,76.0,1.0436694622039795,2
1008,graficon37nodi/grafo11609.37,6,37,44,77,84,40.99999999999899,6,41.00000000000131,4.538943767547607,2
1009,graficon43nodi/grafo7047.43,6,43,55,76,88,58.99999999999944,9,59.00000000000072,18.37341618537903,2
1010,graficon46nodi/grafo1484.46,6,46,57,78,89,97.00000000000078,11,97.00000000000102,22.66524887084961,2
1011,graficon37nodi/grafo5641.37,6,37,44,79,86,58.999999999999716,1,58.999999999999716,9.302465677261353,2
1012,graficon47nodi/grafo7547.47,6,47,59,77,89,67.999996363637,10,67.99999909090972,6.803846120834351,2
1013,graficon40nodi/grafo10494.40,6,40,50,78,88,56.00000000000026,6,56.0000000000008,5.596798896789551,2
1014,graficon37nodi/grafo2713.37,6,37,48,76,87,70.00000000000006,14,70.00000000000067,8.100952625274658,2
1015,graficon39nodi/grafo6248.39,6,39,50,79,90,72.00000000000017,6,72.00000000000026,20.06781268119812,2
1016,graficon38nodi/grafo5903.38,6,38,48,77,87,62.0,8,62.0,0.9463465213775635,2
1017,graficon43nodi/grafo6296.43,6,43,59,79,95,125.00000000000044,25,125.00000000000047,10.85997223854065,2
1018,graficon41nodi/grafo6951.41,6,41,54,76,89,89.99999999999963,13,90.0000000000023,25.735487937927246,2
1019,graficon39nodi/grafo10733.39,6,39,53,79,93,80.99999999999984,8,81.0000000000001,7.265352010726929,2
1020,graficon41nodi/grafo7056.41,6,41,51,76,86,56.00000000000138,3,56.00000000000138,6.215750455856323,2
1021,graficon46nodi/grafo3380.46,6,46,56,75,85,59.000000000000064,7,59.00000000000008,3.9562361240386963,2
1022,graficon41nodi/grafo3534.41,6,41,49,77,85,61.00000000000004,6,61.00000000000098,18.4119930267334,2
1023,graficon39nodi/grafo3617.39,6,39,48,77,86,47.00000000000014,2,47.0000000000002,4.330247402191162,2
1024,graficon38nodi/grafo11024.38,6,38,45,75,82,38.9999999999994,4,39.0,3.679975748062134,2
1025,graficon49nodi/grafo1408.49,6,49,59,77,87,63.000000000000014,0,63.0,2.9425430297851562,2
1026,graficon46nodi/grafo7234.46,6,46,63,78,95,123.99999904761837,26,123.99999904762326,141.8039517402649,2
1027,graficon45nodi/grafo3840.45,6,45,59,79,93,114.99999999999994,19,114.99999999999999,117.9471914768219,2
1028,graficon43nodi/grafo5371.43,6,43,57,79,93,63.99999999999997,10,64.0,5.650999546051025,2
1029,graficon38nodi/grafo3671.38,6,38,47,75,84,35.000000000000014,5,35.0000000000003,4.419466733932495,2
1030,graficon38nodi/grafo9893.38,6,38,49,76,87,51.00000000000056,6,51.00000000000096,3.7290830612182617,2
1031,graficon35nodi/grafo4037.35,6,35,40,78,83,31.000000000000114,3,31.000000000000142,10.875157117843628,2
1032,graficon36nodi/grafo5155.36,6,36,47,79,90,76.0000000000004,7,76.00000000000048,9.985342741012573,2
1033,graficon42nodi/grafo7486.42,6,42,57,79,94,93.0,16,93.0,3.4609968662261963,2
1034,graficon49nodi/grafo3418.49,6,49,63,79,93,71.99999999999997,13,72.00000000000001,31.247430562973022,2
1035,graficon38nodi/grafo9981.38,6,38,45,78,85,29.0,1,29.0,0.36479806900024414,2
1036,graficon27nodi/grafo2050.27,6,27,36,76,85,35.0,1,35.0,0.12442541122436523,2
1037,graficon29nodi/grafo2072.29,6,29,43,78,92,66.0,6,66.0,2.513920545578003,2
1038,graficon45nodi/grafo1836.45,6,45,58,77,90,95.9999999999992,15,96.0000000000003,7.3733229637146,2
1039,graficon34nodi/grafo3921.34,6,34,46,77,89,62.000000000000114,7,62.000000000000256,6.7431511878967285,2
1040,graficon55nodi/grafo6415.55,6,55,59,76,80,33.00000000000002,2,33.00000000000003,7.800002813339233,2
1041,graficon41nodi/grafo6191.41,6,41,52,78,89,83.00000000000068,10,83.00000000000095,5.520034313201904,2
1042,graficon46nodi/grafo1406.46,6,46,56,79,89,69.0,4,69.0,7.724395990371704,2
1043,graficon45nodi/grafo5925.45,6,45,56,79,90,89.99999999999646,14,90.0000000000009,26.168110370635986,2
1044,graficon35nodi/grafo3996.35,6,35,47,78,90,64.0,13,64.0,0.6905636787414551,2
1045,graficon46nodi/grafo6678.46,6,46,55,77,86,55.99999999999999,2,56.000000000000085,4.2199928760528564,2
1046,graficon43nodi/grafo3573.43,6,43,58,79,94,96.0,15,96.0,11.8849458694458,2
1047,graficon40nodi/grafo6972.40,6,40,51,77,88,55.000000000000234,6,55.000000000000384,7.676226377487183,2
1048,graficon51nodi/grafo3958.51,6,51,62,77,88,87.99999999999999,16,88.0,25.62365198135376,2
1049,graficon39nodi/grafo10192.39,6,39,48,78,87,40.000000000000284,7,40.00000000000035,3.2844457626342773,2
1050,graficon45nodi/grafo6007.45,6,45,58,79,92,94.0,13,94.0,9.790027856826782,2
1051,graficon37nodi/grafo11553.37,6,37,49,83,95,39.99999999999996,4,39.999999999999986,2.933521270751953,2
1052,graficon44nodi/grafo7454.44,6,44,56,84,96,89.00000000000009,11,89.0000000000009,26.812219858169556,2
1053,graficon40nodi/grafo5453.40,6,40,57,83,100,89.99999999999976,19,90.00000000000014,19.163027048110962,2
1054,graficon43nodi/grafo6144.43,6,43,56,80,93,96.99999999999973,9,97.00000000000004,8.118290901184082,2
1055,graficon38nodi/grafo5499.38,6,38,48,81,91,46.99999999999989,3,47.00000000000024,4.036613702774048,2
1056,graficon41nodi/grafo6973.41,6,41,58,84,101,106.99999999999994,16,107.00000000000057,5.026830673217773,2
1057,graficon39nodi/grafo10037.39,6,39,50,80,91,61.0,9,61.00000000000017,5.592694520950317,2
1058,graficon36nodi/grafo11554.36,6,36,50,82,96,96.0000000000001,22,96.00000000000031,115.78708815574646,2
1059,graficon60nodi/grafo5751.60,6,60,75,84,99,181.99999832254377,21,182.0000002154119,102.33924126625061,2
1060,graficon42nodi/grafo5241.42,6,42,55,83,96,77.0000000000002,11,77.0000000000004,24.556519746780396,2
1061,graficon46nodi/grafo6628.46,6,46,63,83,100,131.99999949999938,26,131.9999999999995,23.013214588165283,2
1062,graficon39nodi/grafo9924.39,6,39,52,84,97,74.99999999999949,12,74.99999999999974,39.983258962631226,2
1063,graficon46nodi/grafo3661.46,6,46,56,83,93,66.00000000000003,6,66.00000000000006,9.129947900772095,2
1064,graficon38nodi/grafo7549.38,6,38,50,82,94,61.00000000000063,12,61.00000000000091,52.33968257904053,2
1065,graficon39nodi/grafo11532.39,6,39,51,81,93,54.0000000000006,4,54.00000000000108,7.905966758728027,2
1066,graficon47nodi/grafo1536.47,6,47,52,80,85,38.99999999999997,0,38.999999999999986,1.5806567668914795,2
1067,graficon38nodi/grafo4110.38,6,38,52,84,98,97.99999999999963,14,97.99999999999969,8.504997968673706,2
1068,graficon41nodi/grafo6857.41,6,41,54,83,96,62.00000000000075,6,62.00000000000226,0.6763195991516113,2
1069,graficon34nodi/grafo6118.34,6,34,42,82,90,54.99999999999993,1,54.99999999999993,0.5228185653686523,2
1070,graficon39nodi/grafo10014.39,6,39,52,83,96,71.00000000000028,10,71.00000000000045,4.5207390785217285,2
1071,graficon43nodi/grafo7598.43,6,43,57,82,96,87.99999999999993,12,88.00000000000009,7.7030394077301025,2
1072,graficon39nodi/grafo3329.39,6,39,50,80,91,58.999999999999815,8,59.00000000000048,6.987013578414917,2
1073,graficon43nodi/grafo1506.43,6,43,50,82,89,47.99999999999967,4,48.00000000000413,37.8547682762146,2
1074,graficon42nodi/grafo5595.42,6,42,56,80,94,80.00000000000001,12,80.0,1.9134740829467773,2
1075,graficon41nodi/grafo2235.41,6,41,58,83,100,91.99999999999926,15,92.00000000000185,11.560290575027466,2
1076,graficon37nodi/grafo5408.37,6,37,57,84,104,125.00000000000011,29,125.00000000000013,48.29976677894592,2
1077,graficon56nodi/grafo7757.56,6,56,64,80,88,66.99999999999994,10,67.0000000000001,11.91434621810913,2
1078,graficon43nodi/grafo7465.43,6,43,60,80,97,107.9999999999994,18,107.9999999999997,29.678135871887207,2
1079,graficon42nodi/grafo5984.42,6,42,53,80,91,63.0,6,63.0,5.934068918228149,2
1080,graficon49nodi/grafo2124.49,6,49,64,82,97,86.00000000000112,11,86.0000000000015,22.24215006828308,2
1081,graficon39nodi/grafo3939.39,6,39,50,83,94,78.00000000000017,10,78.00000000000017,12.713196754455566,2
1082,graficon41nodi/grafo6441.41,6,41,54,82,95,83.0,11,83.0,14.389407634735107,2
1083,graficon56nodi/grafo4306.56,6,56,63,84,91,52.000000000000185,2,52.00000000000041,40.003276109695435,2
1084,graficon43nodi/grafo5339.43,6,43,54,81,92,54.000000000000206,9,54.00000000000031,14.477406024932861,2
1085,graficon36nodi/grafo3413.36,6,36,53,83,100,132.00000000000088,16,132.00000000000117,22.622795343399048,2
1086,graficon40nodi/grafo7766.40,6,40,50,80,90,47.9999999999986,11,47.999999999999545,5.8657591342926025,2
1087,graficon41nodi/grafo3444.41,6,41,53,82,94,70.99999999999989,13,70.99999999999994,5.010843753814697,2
1088,graficon55nodi/grafo6789.55,6,55,60,81,86,57.00000000000008,4,56.99999999999975,6.773051977157593,2
1089,graficon32nodi/grafo1421.32,6,32,45,80,93,67.0,6,67.0,5.4364447593688965,2
1090,graficon36nodi/grafo5865.36,6,36,44,83,91,36.000000000000014,2,36.000000000000014,3.2391560077667236,2
1091,graficon42nodi/grafo3326.42,6,42,60,82,100,118.99999999999966,30,119.00000000000315,27.85149049758911,2
1092,graficon43nodi/grafo3360.43,6,43,56,83,96,88.00000000000264,11,88.00000000000323,30.093196630477905,2
1093,graficon44nodi/grafo5765.44,6,44,59,84,99,101.0,13,101.0,9.493050813674927,2
1094,graficon38nodi/grafo10031.38,6,38,49,84,95,57.00000000000037,5,57.000000000000455,4.31516695022583,2
1095,graficon46nodi/grafo5873.46,6,46,57,83,94,61.99999999999998,6,62.00000000000003,20.95859384536743,2
1096,graficon43nodi/grafo5486.43,6,43,54,81,92,91.0000000000002,14,91.00000000000017,5.414726972579956,2
1097,graficon40nodi/grafo6472.40,6,40,57,84,101,127.0000000000009,22,127.00000000000114,9.348064422607422,2
1098,graficon47nodi/grafo6781.47,6,47,66,82,101,95.00000000000001,19,95.0,6.937428951263428,2
1099,graficon36nodi/grafo3953.36,6,36,48,83,95,61.000000000000085,3,61.000000000000156,5.7120678424835205,2
1100,graficon43nodi/grafo5760.43,6,43,55,84,96,76.99999999999979,8,77.00000000000009,13.423642635345459,2
1101,graficon26nodi/grafo914.26,6,26,42,83,99,107.99999999999636,23,108.00000000000196,10.543368101119995,2
1102,graficon38nodi/grafo7227.38,6,38,54,80,96,109.00000000000153,15,109.0000000000017,15.193542957305908,2
1103,graficon40nodi/grafo7652.40,6,40,55,80,95,65.0000000000002,14,65.00000000000057,4.735247611999512,2
1104,graficon37nodi/grafo11359.37,6,37,47,83,93,61.999999999999986,6,62.0,6.193612813949585,2
1105,graficon42nodi/grafo1092.42,6,42,53,81,92,65.0000000000008,8,65.0000000000033,18.672986268997192,2
1106,graficon39nodi/grafo10835.39,6,39,45,82,88,30.000000000000114,3,30.000000000000206,7.017577648162842,2
1107,graficon40nodi/grafo7432.40,6,40,47,80,87,40.000000000000284,4,40.000000000000455,4.170828104019165,2
1108,graficon45nodi/grafo7099.45,6,45,56,84,95,70.00000000000017,12,70.00000000000031,9.473322868347168,2
1109,graficon44nodi/grafo7381.44,6,44,65,81,102,170.9999999999998,38,171.0,26.747321605682373,2
1110,graficon42nodi/grafo7049.42,6,42,54,81,93,82.00000000000003,12,82.00000000000003,5.948610782623291,2
1111,graficon40nodi/grafo7542.40,6,40,51,81,92,50.0,9,50.0,3.4661529064178467,2
1112,graficon42nodi/grafo6058.42,6,42,54,81,93,60.999999999999986,9,60.99999999999998,0.9743154048919678,2
1113,graficon40nodi/grafo3753.40,6,40,53,81,94,74.99999999999962,16,74.9999999999996,7.920833349227905,2
1114,graficon48nodi/grafo6376.48,6,48,61,81,94,79.00000000000004,14,79.00000000000017,11.378068685531616,2
1115,graficon42nodi/grafo7146.42,6,42,54,82,94,80.00000000000051,4,80.00000000000128,23.604476928710938,2
1116,graficon39nodi/grafo3944.39,6,39,54,84,99,83.00000000000014,9,83.0000000000006,7.333318471908569,2
1117,graficon41nodi/grafo7373.41,6,41,58,80,97,146.0,33,146.0,129.31892585754395,2
1118,graficon19nodi/grafo2375.19,6,19,35,80,96,96.99999999999996,14,97.0,0.6431756019592285,2
1119,graficon41nodi/grafo5234.41,6,41,51,83,93,47.00000000000024,4,47.00000000000044,5.962387323379517,2
1120,graficon55nodi/grafo3570.55,6,55,66,83,94,70.00000000000001,11,70.00000000000001,12.831701040267944,2
1121,graficon49nodi/grafo3626.49,6,49,61,81,93,98.0,18,98.00000000000009,11.95162057876587,2
1122,graficon47nodi/grafo6600.47,6,47,68,84,105,153.99999868750047,30,153.99999782800097,35.47369408607483,2
1123,graficon39nodi/grafo3793.39,6,39,53,81,95,83.00000000000088,12,83.00000000000165,34.032280683517456,2
1124,graficon41nodi/grafo7007.41,6,41,55,84,98,85.0000000000002,19,85.00000000000023,70.7640597820282,2
1125,graficon39nodi/grafo5742.39,6,39,56,83,100,129.00000000000003,15,129.0,5.146601438522339,2
1126,graficon40nodi/grafo7541.40,6,40,53,89,102,87.0,12,87.0,21.128810167312622,2
1127,graficon54nodi/grafo4016.54,6,54,65,88,99,77.99999966666658,6,77.9999996666667,11.881055116653442,2
1128,graficon45nodi/grafo7241.45,6,45,62,86,103,94.00000000000003,10,94.00000000000075,7.790432691574097,2
1129,graficon43nodi/grafo6406.43,6,43,57,86,100,103.00000000000003,10,103.00000000000048,9.515384197235107,2
1130,graficon42nodi/grafo7246.42,6,42,53,89,100,67.99999912500016,9,67.99999912500026,6.229558944702148,2
1131,graficon44nodi/grafo7720.44,6,44,61,88,105,96.9999995000002,17,96.99999950000239,33.252830505371094,2
1132,graficon46nodi/grafo7742.46,6,46,58,85,97,110.00000000000117,14,110.0000000000013,25.074480295181274,2
1133,graficon44nodi/grafo7169.44,6,44,56,85,97,60.000000000000014,13,60.00000000000006,74.39856600761414,2
1134,graficon52nodi/grafo1591.52,6,52,62,85,95,61.99999999999999,5,61.999999999999986,9.73732876777649,2
1135,graficon48nodi/grafo5501.48,6,48,65,88,105,130.00000000000063,28,130.0000000000009,42.07056379318237,2
1136,graficon44nodi/grafo5554.44,6,44,61,89,106,129.99999999999977,13,130.0000000000002,8.722918033599854,2
1137,graficon39nodi/grafo7716.39,6,39,49,85,95,67.99999908333339,7,67.99999908333342,24.151151657104492,2
1138,graficon37nodi/grafo11653.37,6,37,51,87,101,56.999999999999844,2,56.999999999999886,0.4433896541595459,2
1139,graficon58nodi/grafo4792.58,6,58,69,88,99,54.00000000000004,4,54.000000000000256,13.599408626556396,2
1140,graficon49nodi/grafo7578.49,6,49,57,89,97,49.00000000000001,6,49.00000000000001,15.524518966674805,2
1141,graficon61nodi/grafo5831.61,6,61,72,88,99,113.00000000000006,23,112.99999999999997,12.508925199508667,2
1142,graficon46nodi/grafo5331.46,6,46,58,88,100,105.99999866666391,20,105.9999986666686,18.364842176437378,2
1143,graficon51nodi/grafo4600.51,6,51,62,89,100,73.9999995004703,7,74.00000000001255,11.425763845443726,2
1144,graficon40nodi/grafo3335.40,6,40,53,89,102,76.00000000000004,9,76.00000000000009,6.227054119110107,2
1145,graficon42nodi/grafo6257.42,6,42,60,85,103,131.99999999998445,16,131.999999999988,28.160472631454468,2
1146,graficon36nodi/grafo5546.36,6,36,51,88,103,95.00000000000323,16,95.0000000000041,17.861896991729736,2
1147,graficon41nodi/grafo9946.41,6,41,48,85,92,44.999999999999865,5,44.99999999999992,12.671029806137085,2
1148,graficon60nodi/grafo4886.60,6,60,73,85,98,86.00000000000016,20,86.00000000000021,79.78975892066956,2
1149,graficon40nodi/grafo7050.40,6,40,51,88,99,86.999999999995,5,86.99999999999665,6.427067756652832,2
1150,graficon49nodi/grafo4380.49,6,49,64,87,102,67.0000000000002,6,67.00000000000031,4.714690208435059,2
1151,graficon55nodi/grafo3625.55,6,55,68,88,101,124.00000000000011,20,124.00000000000016,74.4025046825409,2
1152,graficon53nodi/grafo7688.53,6,53,65,88,100,70.00000000000043,13,70.00000000000068,13.613171577453613,2
1153,graficon39nodi/grafo5407.39,6,39,53,89,103,70.00000000000065,18,70.00000000000084,6.67592453956604,2
1154,graficon41nodi/grafo2781.41,6,41,61,87,107,134.0,28,134.0,9.37125015258789,2
1155,graficon37nodi/grafo5598.37,6,37,48,88,99,65.0,3,65.0,4.1121087074279785,2
1156,graficon40nodi/grafo3997.40,6,40,56,88,104,112.00000000000132,22,112.00000000000253,8.840218544006348,2
1157,graficon43nodi/grafo7470.43,6,43,52,88,97,51.99999899999571,7,51.99999699999469,7.108386039733887,2
1158,graficon45nodi/grafo7442.45,6,45,53,86,94,56.00000000000042,2,56.00000000000051,5.880986452102661,2
1159,graficon54nodi/grafo7723.54,6,54,73,86,105,100.00000000000014,29,100.00000000000021,284.30878138542175,2
1160,graficon42nodi/grafo7352.42,6,42,51,85,94,54.99999999999995,3,55.00000000000006,4.256086587905884,2
1161,graficon40nodi/grafo7670.40,6,40,56,88,104,80.0,5,80.0,3.9368715286254883,2
1162,graficon43nodi/grafo5245.43,6,43,59,88,104,90.00000000000038,13,90.00000000000095,7.5457069873809814,2
1163,graficon51nodi/grafo1486.51,6,51,60,87,96,63.0,5,63.0,0.767566442489624,2
1164,graficon36nodi/grafo6049.36,6,36,45,87,96,45.00000000000033,4,45.00000000000058,13.013721466064453,2
1165,graficon39nodi/grafo7415.39,6,39,53,88,102,82.9999981176466,11,82.999998117648,7.695497989654541,2
1166,graficon40nodi/grafo5373.40,6,40,58,87,105,118.00000000000186,17,118.00000000000227,16.62039804458618,2
1167,graficon38nodi/grafo9979.38,6,38,50,86,98,51.99999999999996,10,52.000000000000135,5.054584980010986,2
1168,graficon48nodi/grafo5194.48,6,48,65,89,106,96.00000000000014,17,96.00000000000041,10.861441850662231,2
1169,graficon48nodi/grafo5357.48,6,48,64,85,101,112.99999999999928,25,112.99999999999929,9.523138284683228,2
1170,graficon36nodi/grafo11662.36,6,36,48,87,99,37.0,1,37.0,0.12821078300476074,2
1171,graficon42nodi/grafo7614.42,6,42,57,87,102,148.99999999999977,16,148.99999999999955,6.782208204269409,2
1172,graficon48nodi/grafo7272.48,6,48,57,86,95,59.99999999999977,3,59.999999999999886,7.668762683868408,2
1173,graficon44nodi/grafo5878.44,6,44,56,87,99,59.00000000000003,9,59.00000000000003,3.503809928894043,2
1174,graficon42nodi/grafo5958.42,6,42,56,86,100,89.99999999999973,11,90.00000000000011,11.97972822189331,2
1175,graficon58nodi/grafo1588.58,6,58,66,88,96,84.99999850191077,7,84.99999975000051,17.660738706588745,2
1176,graficon52nodi/grafo3455.52,6,52,65,87,100,81.00000000000105,14,81.00000000000136,22.78384256362915,2
1177,graficon42nodi/grafo7583.42,6,42,56,86,100,75.00000000000028,15,75.00000000000075,83.20853877067566,2
1178,graficon49nodi/grafo7370.49,6,49,64,87,102,101.00000000000028,6,101.0000000000011,13.207461833953857,2
1179,graficon39nodi/grafo5157.39,6,39,54,88,103,82.0000000000008,10,82.00000000000101,17.82593846321106,2
1180,graficon47nodi/grafo6822.47,6,47,56,88,97,54.999998111111765,5,55.0000018888899,25.479116916656494,2
1181,graficon43nodi/grafo6928.43,6,43,56,88,101,76.99999912500022,13,76.99999956250068,24.57770347595215,2
1182,graficon38nodi/grafo3421.38,6,38,52,89,103,75.00000000000003,21,75.00000000000009,82.25532984733582,2
1183,graficon39nodi/grafo3727.39,6,39,53,86,100,70.9999999999999,9,71.00000000000001,15.801550388336182,2
1184,graficon44nodi/grafo6870.44,6,44,64,85,105,102.00000000000026,34,102.00000000000034,56.80431342124939,2
1185,graficon36nodi/grafo9853.36,6,36,48,87,99,37.0,1,37.0,0.13849377632141113,2
1186,graficon50nodi/grafo4518.50,6,50,66,87,103,91.00000000000003,15,91.00000000000001,10.664013624191284,2
1187,graficon42nodi/grafo7709.42,6,42,58,86,102,85.00000000000003,15,85.00000000000004,5.447185039520264,2
1188,graficon60nodi/grafo7155.60,6,60,70,86,96,90.99999900000017,5,90.99999950000102,16.536445140838623,2
1189,graficon64nodi/grafo4420.64,6,64,81,88,105,116.0,18,116.0,52.59346103668213,2
1190,graficon47nodi/grafo6437.47,6,47,70,88,111,159.9999999999993,56,159.99999999999952,194.5791130065918,2
1191,graficon45nodi/grafo3151.45,6,45,58,86,99,83.99999999999996,12,84.00000000000003,22.13870143890381,2
1192,graficon51nodi/grafo4369.51,6,51,67,87,103,110.0,15,110.0,3.7329633235931396,2
1193,graficon38nodi/grafo3887.38,6,38,52,87,101,85.99999999999903,10,86.00000000000081,13.347050189971924,2
1194,graficon44nodi/grafo6329.44,6,44,58,88,102,62.0,8,62.0,5.024003028869629,2
1195,graficon50nodi/grafo1418.50,6,50,57,88,95,50.00000000000023,6,50.00000000000027,4.610668897628784,2
1196,graficon43nodi/grafo6886.43,6,43,62,85,104,109.0,25,109.0,21.556447744369507,2
1197,graficon42nodi/grafo7012.42,6,42,59,88,105,109.00000000000799,15,109.00000000001067,31.43890118598938,2
1198,graficon34nodi/grafo5990.34,6,34,45,89,100,70.0,1,70.0,0.12872076034545898,2
1199,graficon56nodi/grafo4391.56,6,56,70,86,100,116.99999249205811,19,116.99999293212954,14.895090579986572,2
1200,graficon48nodi/grafo6689.48,6,48,57,86,95,66.0,6,66.0,4.17238974571228,2
1201,graficon36nodi/grafo10457.36,6,36,45,93,102,46.000000000000256,4,46.00000000000032,9.918406009674072,2
1202,graficon46nodi/grafo5338.46,6,46,62,94,110,106.0000000000005,16,106.00000000000068,12.239667654037476,2
1203,graficon72nodi/grafo9639.72,6,72,80,94,102,109.0,13,109.0,84.235032081604,2
1204,graficon44nodi/grafo3644.44,6,44,54,93,103,56.00000000000002,7,56.000000000000014,0.7422506809234619,2
1205,graficon54nodi/grafo3511.54,6,54,73,93,112,106.0,13,106.0,33.53536605834961,2
1206,graficon42nodi/grafo6946.42,6,42,58,94,110,97.00000000000064,17,97.0000000000011,11.638550043106079,2
1207,graficon57nodi/grafo5626.57,6,57,78,94,115,109.99999999999778,24,110.00000000000045,48.7423141002655,2
1208,graficon37nodi/grafo6217.37,6,37,53,94,110,86.00000000000023,17,86.00000000000048,71.25132775306702,2
1209,graficon60nodi/grafo4512.60,6,60,73,93,106,91.99999999999949,11,92.00000000000196,9.401598930358887,2
1210,graficon47nodi/grafo5432.47,6,47,68,92,113,149.00000000000006,22,149.00000000000003,41.125038862228394,2
1211,graficon55nodi/grafo4502.55,6,55,76,92,113,172.00000000000003,43,172.0000000000001,340.0430254936218,2
1212,graficon58nodi/grafo1247.58,6,58,68,94,104,74.99999496528284,12,74.9999969791703,11.139800548553467,2
1213,graficon43nodi/grafo6346.43,6,43,62,91,110,115.9999990019878,24,116.00000025000165,72.57857155799866,2
1214,graficon37nodi/grafo11625.37,6,37,51,92,106,54.999999999997804,6,54.999999999997804,2.8638534545898438,2
1215,graficon51nodi/grafo1470.51,6,51,69,90,108,133.00000000000003,28,133.00000000000003,33.55191349983215,2
1216,graficon64nodi/grafo8416.64,6,64,79,94,109,148.99999999999994,27,149.00000000000196,19.435462474822998,2
1217,graficon43nodi/grafo7441.43,6,43,60,92,109,115.00000000000088,27,115.00000000000199,158.85158491134644,2
1218,graficon40nodi/grafo5211.40,6,40,54,93,107,81.00000000000047,8,81.00000000000074,7.476945638656616,2
1219,graficon35nodi/grafo11326.35,6,35,42,91,98,49.99999999999998,3,49.999999999999986,4.1695146560668945,2
1220,graficon43nodi/grafo7157.43,6,43,53,90,100,65.99999999999937,7,66.0,3.7582435607910156,2
1221,graficon39nodi/grafo3330.39,6,39,60,93,114,141.0,30,141.00000000000003,68.09580898284912,2
1222,graficon40nodi/grafo3519.40,6,40,56,93,109,75.99999999999966,6,75.99999999999966,2.3860087394714355,2
1223,graficon57nodi/grafo4041.57,6,57,66,92,101,79.00000000000031,11,79.0000000000032,118.62757515907288,2
1224,graficon41nodi/grafo7124.41,6,41,59,94,112,76.00000000000027,12,76.00000000000044,13.310962677001953,2
1225,graficon61nodi/grafo4482.61,6,61,75,91,105,88.00000000000009,6,88.0000000000001,6.346567392349243,2
1226,graficon49nodi/grafo5721.49,6,49,64,92,107,81.00000000000016,7,81.00000000000027,10.027801513671875,2
1227,graficon42nodi/grafo5468.42,6,42,58,94,110,103.00000000000009,16,103.00000000000023,21.453834533691406,2
1228,graficon37nodi/grafo1758.37,6,37,45,93,101,46.00000000000013,4,46.000000000000185,11.883080244064331,2
1229,graficon36nodi/grafo11444.36,6,36,46,94,104,56.00000000000031,4,56.000000000000384,8.352206468582153,2
1230,graficon37nodi/grafo11540.37,6,37,48,91,102,56.0,3,56.0,7.886062145233154,2
1231,graficon37nodi/grafo7028.37,6,37,48,90,101,59.00000000000013,11,59.00000000000054,16.836857318878174,2
1232,graficon37nodi/grafo11417.37,6,37,49,90,102,66.0,3,66.0,0.4856724739074707,2
1233,graficon39nodi/grafo3187.39,6,39,53,91,105,85.00000000000006,13,85.0000000000002,28.645232915878296,2
1234,graficon39nodi/grafo9897.39,6,39,55,90,106,94.00000000000061,16,94.00000000000126,7.370574235916138,2
1235,graficon57nodi/grafo5748.57,6,57,76,94,113,145.0,20,145.0,15.246975898742676,2
1236,graficon38nodi/grafo10032.38,6,38,47,91,100,46.99999999999992,6,46.99999999999986,11.46330213546753,2
1237,graficon58nodi/grafo4796.58,6,58,73,90,105,99.00000000000026,19,99.00000000000026,21.25682020187378,2
1238,graficon40nodi/grafo10282.40,6,40,59,92,111,130.00000000000006,14,130.0000000000008,7.766852855682373,2
1239,graficon54nodi/grafo5002.54,6,54,64,91,101,82.99999999999889,8,83.00000000000134,23.210471391677856,2
1240,graficon44nodi/grafo2199.44,6,44,50,90,96,44.000000000000625,3,44.00000000000126,5.6344969272613525,2
1241,graficon38nodi/grafo10659.38,6,38,57,91,110,93.99999999999972,17,94.00000000002473,4.018901586532593,2
1242,graficon56nodi/grafo4409.56,6,56,67,93,104,53.99999999999977,6,54.00000000000042,16.798668384552002,2
1243,graficon47nodi/grafo6408.47,6,47,57,90,100,53.999999999999844,7,54.00000000000024,6.690045118331909,2
1244,graficon54nodi/grafo3858.54,6,54,68,92,106,95.0,20,95.00000000000001,14.975455045700073,2
1245,graficon43nodi/grafo5723.43,6,43,59,92,108,95.00000000000063,21,95.000000000001,13.176390409469604,2
1246,graficon40nodi/grafo4010.40,6,40,52,92,104,65.9999999414052,8,65.99999994140602,16.253603219985962,2
1247,graficon62nodi/grafo6173.62,6,62,73,92,103,93.99999999999872,8,94.00000000000105,39.55706334114075,2
1248,graficon45nodi/grafo5138.45,6,45,61,90,106,155.99999999999804,24,156.00000000000034,68.39027500152588,2
1249,graficon41nodi/grafo6164.41,6,41,55,91,105,82.0,13,82.00000000000267,8.030970096588135,2
1250,graficon41nodi/grafo3527.41,6,41,54,93,106,72.99999899999884,13,73.0000005000025,272.6182818412781,2
1251,graficon42nodi/grafo7642.42,6,42,62,90,110,132.0,19,132.0,7.187943696975708,2
1252,graficon46nodi/grafo3424.46,6,46,56,94,104,68.00000000000028,12,68.00000000000068,7.48279595375061,2
1253,graficon53nodi/grafo271.53,6,53,67,91,105,128.99999999999997,10,128.99999999999997,7.5006630420684814,2
1254,graficon45nodi/grafo3660.45,6,45,60,90,105,103.99999901196453,19,104.00000035503378,156.07613563537598,2
1255,graficon40nodi/grafo5980.40,6,40,54,92,106,61.99999999999992,9,62.00000000000001,3.9069881439208984,2
1256,graficon44nodi/grafo6945.44,6,44,60,93,109,120.99999999999818,18,121.00000000000003,27.3105947971344,2
1257,graficon35nodi/grafo5299.35,6,35,44,91,100,45.00000000000008,6,45.000000000000625,4.512075424194336,2
1258,graficon66nodi/grafo9143.66,6,66,84,94,112,139.9999990786826,30,139.99999999999935,96.47339534759521,2
1259,graficon55nodi/grafo4195.55,6,55,69,91,105,77.00000000000004,8,77.0000000000001,5.164273738861084,2
1260,graficon58nodi/grafo6193.58,6,58,77,91,110,152.99999999999983,25,153.0000000000003,48.31667375564575,2
1261,graficon45nodi/grafo6524.45,6,45,59,94,108,111.99999261538461,13,111.99999261538464,75.71217703819275,2
1262,graficon54nodi/grafo4006.54,6,54,64,91,101,48.0,2,48.0,6.0900068283081055,2
1263,graficon38nodi/grafo11322.38,6,38,50,94,106,45.99999999999958,3,45.99999999999966,5.082481145858765,2
1264,graficon46nodi/grafo6723.46,6,46,64,93,111,140.99999897314598,29,141.00000098145242,61.40404510498047,2
1265,graficon35nodi/grafo6517.35,6,35,49,93,107,68.0,12,68.0,11.398187398910522,2
1266,graficon49nodi/grafo3415.49,6,49,65,90,106,79.00000000000016,13,79.00000000000037,25.400508880615234,2
1267,graficon39nodi/grafo4005.39,6,39,52,91,104,98.00000000000045,16,98.00000000000155,68.04205656051636,2
1268,graficon52nodi/grafo4030.52,6,52,65,92,105,80.99999999999999,12,81.0,12.684888124465942,2
1269,graficon41nodi/grafo7098.41,6,41,59,92,110,128.99999999999994,33,129.00000000000006,418.12183833122253,2
1270,graficon43nodi/grafo5926.43,6,43,62,93,112,102.99999999999761,14,102.99999999999986,54.55784630775452,2
1271,graficon47nodi/grafo7625.47,6,47,67,94,114,131.0,27,130.99999999999986,27.325780868530273,2
1272,graficon41nodi/grafo5717.41,6,41,51,93,103,52.99999999999998,5,53.000000000000085,4.890860080718994,2
1273,graficon66nodi/grafo9641.66,6,66,79,90,103,133.99999962679982,11,134.0000004903857,16.935351133346558,2
1274,graficon38nodi/grafo6578.38,6,38,53,93,108,59.00000000000002,7,59.00000000000046,8.595704793930054,2
1275,graficon42nodi/grafo3508.42,6,42,59,94,111,95.99999968402221,18,96.00000031694813,15.176684856414795,2
1276,graficon44nodi/grafo11403.44,6,44,60,98,114,127.99999999999987,15,127.99999999999999,10.947324752807617,2
1277,graficon43nodi/grafo7636.43,6,43,59,99,115,103.00000000000028,18,103.00000000000409,97.3957302570343,2
1278,graficon42nodi/grafo5817.42,6,42,60,99,117,73.99999999999986,11,73.99999999999986,1.1225905418395996,2
1279,graficon51nodi/grafo3172.51,6,51,71,96,116,168.99999951834735,31,169.00000048454024,19.528145790100098,2
1280,graficon44nodi/grafo6432.44,6,44,54,95,105,74.99999999999994,4,75.00000000000007,10.294279098510742,2
1281,graficon40nodi/grafo3621.40,6,40,50,95,105,52.999999999997925,7,53.00000000000654,18.054006099700928,2
1282,graficon62nodi/grafo4646.62,6,62,78,96,112,107.99999999999912,12,108.00000000000189,56.26762676239014,2
1283,graficon52nodi/grafo7721.52,6,52,71,95,114,114.99999993435335,20,114.99999999999983,150.34773993492126,2
1284,graficon45nodi/grafo7640.45,6,45,65,98,118,142.0000000000004,29,142.00000000000043,17.631871461868286,2
1285,graficon41nodi/grafo3781.41,6,41,58,96,113,115.00000000000027,20,115.00000000000054,11.879167556762695,2
1286,graficon57nodi/grafo4352.57,6,57,67,98,108,72.0,6,72.0,6.712813854217529,2
1287,graficon40nodi/grafo6458.40,6,40,57,95,112,132.99999991708899,13,132.99999991708899,17.78153109550476,2
1288,graficon56nodi/grafo6568.56,6,56,69,98,111,91.99999816666735,19,91.99999816666778,50.50894045829773,2
1289,graficon50nodi/grafo4580.50,6,50,63,99,112,99.00000000000058,14,99.00000000000098,28.307040214538574,2
1290,graficon53nodi/grafo3486.53,6,53,68,97,112,115.99999999999875,19,116.00000000000007,11.193076372146606,2
1291,graficon54nodi/grafo1483.54,6,54,67,98,111,68.99999999999926,9,69.00000000000277,20.96066689491272,2
1292,graficon47nodi/grafo6664.47,6,47,63,96,112,116.99999899999953,19,116.999999,29.21380043029785,2
1293,graficon44nodi/grafo7761.44,6,44,55,98,109,68.99999799049591,9,68.99999804333451,13.635896921157837,2
1294,graficon48nodi/grafo3769.48,6,48,63,99,114,103.00000000000043,18,103.00000000000074,40.00931239128113,2
1295,graficon44nodi/grafo3205.44,6,44,57,99,112,61.00000000000029,7,61.000000000000554,7.2644054889678955,2
1296,graficon42nodi/grafo3439.42,6,42,57,95,110,94.99999999999909,10,95.00000000000101,45.04818820953369,2
1297,graficon41nodi/grafo5645.41,6,41,52,97,108,60.000000000001705,8,60.00000000000312,6.094307899475098,2
1298,graficon49nodi/grafo4012.49,6,49,65,99,115,92.00000000000006,20,91.99999999999996,33.964680433273315,2
1299,graficon38nodi/grafo3540.38,6,38,57,96,115,109.0,14,109.0,6.084164142608643,2
1300,graficon44nodi/grafo6960.44,6,44,61,98,115,86.00000000000033,18,86.0000000000004,12.61028790473938,2
1301,graficon43nodi/grafo4053.43,6,43,58,98,113,137.0,20,137.0,8.769057989120483,2
1302,graficon38nodi/grafo7478.38,6,38,47,98,107,51.999999999999744,5,51.999999999999915,3.596820116043091,2
1303,graficon42nodi/grafo3402.42,6,42,62,99,119,113.99999999999898,23,114.00000000000459,12.89634084701538,2
1304,graficon40nodi/grafo3804.40,6,40,49,98,107,60.00000000000045,5,60.000000000001116,5.682178258895874,2
1305,graficon46nodi/grafo7713.46,6,46,67,96,117,169.00000000000003,40,169.00000000000003,600.3816654682159,9
1306,graficon54nodi/grafo4849.54,6,54,68,95,109,75.0,6,75.0,6.976569652557373,2
1307,graficon48nodi/grafo4473.48,6,48,61,95,108,61.0,3,61.0,4.50055193901062,2
1308,graficon54nodi/grafo4530.54,6,54,76,97,119,150.0000000000005,44,150.00000000000094,13.724465370178223,2
1309,graficon41nodi/grafo2531.41,6,41,56,99,114,106.00000000000037,9,106.00000000000048,5.793635845184326,2
1310,graficon61nodi/grafo8112.61,6,61,77,97,113,107.99999999999999,18,107.99999999999999,19.93775510787964,2
1311,graficon53nodi/grafo3763.53,6,53,72,95,114,124.99999966666692,20,125.00000000000155,32.43953537940979,2
1312,graficon39nodi/grafo3099.39,6,39,47,98,106,39.999999999999815,0,39.99999999999996,0.1692047119140625,2
1313,graficon44nodi/grafo7621.44,6,44,65,98,119,119.99999329166698,17,119.9999990416675,22.738407850265503,2
1314,graficon44nodi/grafo6263.44,6,44,66,96,118,137.99999933399576,26,138.00000033333527,36.845625162124634,2
1315,graficon60nodi/grafo7448.60,6,60,81,98,119,179.0,44,179.0,329.6288192272186,2
1316,graficon46nodi/grafo5480.46,6,46,63,95,112,108.99999999999999,17,109.0,2.5639448165893555,2
1317,graficon39nodi/grafo7390.39,6,39,59,97,117,104.99999999999997,19,105.00000000000648,44.125239849090576,2
1318,graficon42nodi/grafo3258.42,6,42,58,96,112,106.99999999999908,14,107.00000000000068,15.329581260681152,2
1319,graficon52nodi/grafo6159.52,6,52,65,98,111,84.00000000000009,10,84.00000000000082,30.477802276611328,2
1320,graficon42nodi/grafo7485.42,6,42,56,99,113,85.0,15,85.00000000000006,6.953564882278442,2
1321,graficon49nodi/grafo7245.49,6,49,65,97,113,100.0,18,100.0,10.085500001907349,2
1322,graficon54nodi/grafo4488.54,6,54,69,95,110,90.99999949896699,15,91.00000149000053,18.402552366256714,2
1323,graficon42nodi/grafo6270.42,6,42,54,98,110,73.00000000000006,7,73.00000000000009,3.162710428237915,2
1324,graficon42nodi/grafo3277.42,6,42,56,95,109,94.99999632333333,14,94.99999634666668,65.80242562294006,2
1325,graficon46nodi/grafo5832.46,6,46,58,95,107,87.00000000000034,6,87.00000000000044,21.929306507110596,2
1326,graficon60nodi/grafo4376.60,6,60,73,96,109,79.99999999999994,6,79.99999999999994,3.861290216445923,2
1327,graficon55nodi/grafo1549.55,6,55,66,99,110,93.99999999999982,6,94.00000000000023,9.766950368881226,2
1328,graficon53nodi/grafo4871.53,6,53,71,98,116,108.9999942257143,17,108.99999438071588,291.5174050331116,2
1329,graficon60nodi/grafo8276.60,6,60,74,97,111,100.00000000000001,10,100.00000000000003,8.433799266815186,2
1330,graficon55nodi/grafo1465.55,6,55,65,95,105,69.99999949999999,12,69.99999900000265,12.368536472320557,2
1331,graficon53nodi/grafo5057.53,6,53,67,95,109,91.0,13,91.0,50.240375995635986,2
1332,graficon38nodi/grafo3383.38,6,38,62,98,122,214.99999999999946,54,214.99999999999972,240.7265133857727,2
1333,graficon38nodi/grafo3758.38,6,38,56,99,117,112.99999999999919,28,112.9999999999996,60.0105197429657,2
1334,graficon63nodi/grafo4664.63,6,63,77,99,113,85.99999999999994,11,85.99999999999996,6.540042877197266,2
1335,graficon46nodi/grafo3412.46,6,46,65,95,114,110.0,18,110.0,19.5162832736969,2
1336,graficon44nodi/grafo7591.44,6,44,61,95,112,166.9999999999999,26,167.0,12.161764860153198,2
1337,graficon53nodi/grafo1482.53,6,53,67,96,110,118.9999990605378,14,118.99999999999999,15.25959300994873,2
1338,graficon43nodi/grafo6921.43,6,43,55,97,109,62.000000000000014,9,62.000000000000014,5.7964911460876465,2
1339,graficon41nodi/grafo6192.41,6,41,54,95,108,68.00000000000013,14,68.00000000000016,15.407711505889893,2
1340,graficon51nodi/grafo7730.51,6,51,67,95,111,94.99999954737567,14,95.00000136363845,17.941592693328857,2
1341,graficon39nodi/grafo7581.39,6,39,51,96,108,92.0,8,92.0,4.50575852394104,2
1342,graficon62nodi/grafo4312.62,6,62,74,96,108,116.0,14,116.00000000000003,11.895153760910034,2
1343,graficon42nodi/grafo3476.42,6,42,60,99,117,121.99999999999994,15,121.99999999999996,5.153684377670288,2
1344,graficon41nodi/grafo7204.41,6,41,54,99,112,83.99999999999972,13,84.00000000000118,31.04616665840149,2
1345,graficon44nodi/grafo3603.44,6,44,66,99,121,inf,303,509,600.3705163002014,9
1346,graficon39nodi/grafo11495.39,6,39,52,95,108,69.99999999999986,9,70.0000000000039,1.3919172286987305,2
1347,graficon39nodi/grafo3474.39,6,39,51,95,107,124.0,11,124.0,8.823095321655273,2
1348,graficon42nodi/grafo6308.42,6,42,62,96,116,161.99999956546426,23,162.00000000000026,13.86484694480896,2
1349,graficon40nodi/grafo5643.40,6,40,51,95,106,77.00000000000118,5,77.00000000000165,18.046301126480103,2
1350,graficon39nodi/grafo5974.39,6,39,53,97,111,105.00000000000045,11,105.00000000000092,14.288655757904053,2
1351,graficon41nodi/grafo6398.41,6,41,53,100,112,57.99999999999573,8,58.00000000000013,25.537935256958008,2
1352,graficon53nodi/grafo5091.53,6,53,77,102,126,145.99999999999994,34,146.0,67.53786039352417,2
1353,graficon49nodi/grafo5078.49,6,49,64,100,115,78.0,8,78.0,3.6711177825927734,2
1354,graficon41nodi/grafo5565.41,6,41,53,102,114,90.99999955686987,10,91.00000000000067,27.92475986480713,2
1355,graficon56nodi/grafo3328.56,6,56,76,104,124,167.99999950000029,48,168.00000049999954,600.5342500209808,9
1356,graficon52nodi/grafo3755.52,6,52,72,104,124,119.0,23,119.0,35.13330078125,2
1357,graficon65nodi/grafo9317.65,6,65,80,100,115,107.00000000000004,21,107.00000000000009,27.069491863250732,2
1358,graficon42nodi/grafo7572.42,6,42,50,101,109,51.99999999999996,5,51.99999999999999,26.178348064422607,2
1359,graficon55nodi/grafo2141.55,6,55,76,102,123,183.99999651387392,27,183.99999900000043,119.97573685646057,2
1360,graficon47nodi/grafo1433.47,6,47,60,101,114,62.00000000000024,8,62.00000000000076,11.454563617706299,2
1361,graficon39nodi/grafo5798.39,6,39,55,104,120,81.00000000000026,12,81.0000000000005,9.671485900878906,2
1362,graficon55nodi/grafo4475.55,6,55,67,101,113,65.99999999999999,6,65.99999999999999,14.8180410861969,2
1363,graficon58nodi/grafo5350.58,6,58,74,104,120,141.99999551883886,27,141.99999600581742,41.276464223861694,2
1364,graficon71nodi/grafo9653.71,6,71,80,103,112,54.99999801119615,2,54.99999801119849,16.965502738952637,2
1365,graficon63nodi/grafo4351.63,6,63,78,101,116,159.0000000000001,29,159.0000000000001,479.0281813144684,2
1366,graficon54nodi/grafo3785.54,6,54,70,101,117,110.99999961941921,24,110.99999962608128,107.99951434135437,2
1367,graficon37nodi/grafo11284.37,6,37,50,101,114,36.00000000000005,5,36.000000000000114,6.269402265548706,2
1368,graficon38nodi/grafo2726.38,6,38,53,101,116,116.0,12,116.0000000000001,9.757922410964966,2
1369,graficon62nodi/grafo6805.62,6,62,75,104,117,92.99999999999969,7,92.99999999999973,5.117447376251221,2
1370,graficon67nodi/grafo9658.67,6,67,79,100,112,81.00000000000006,7,81.00000000000006,5.898321151733398,2
1371,graficon60nodi/grafo3536.60,6,60,73,100,113,124.99999999999994,22,125.00000000000003,43.35203242301941,2
1372,graficon57nodi/grafo7289.57,6,57,72,100,115,106.99999905000047,18,107.00000000000085,94.20721912384033,2
1373,graficon59nodi/grafo4281.59,6,59,76,102,119,143.99999999999997,17,144.0,17.36272668838501,2
1374,graficon40nodi/grafo5568.40,6,40,59,100,119,134.99999999999903,17,134.9999999999996,28.80570363998413,2
1375,graficon61nodi/grafo8051.61,6,61,73,102,114,73.99999904761907,9,73.99999904761918,19.98967409133911,2
1376,graficon65nodi/grafo9375.65,6,65,76,102,113,103.0,6,103.0,5.810624122619629,2
1377,graficon44nodi/grafo5352.44,6,44,70,100,126,243.99999808577002,59,244.00000191422697,339.4386956691742,2
1378,graficon47nodi/grafo5710.47,6,47,62,103,118,90.00000000000001,14,90.00000000000003,21.841667413711548,2
1379,graficon50nodi/grafo1392.50,6,50,63,103,116,92.00000000000058,9,92.00000000000111,22.908287286758423,2
1380,graficon42nodi/grafo7610.42,6,42,55,103,116,42.0,6,42.0,12.607393741607666,2
1381,graficon40nodi/grafo6641.40,6,40,54,100,114,65.99999999999902,7,66.00000000000068,6.258206605911255,2
1382,graficon57nodi/grafo4452.57,6,57,76,104,123,122.99999999999932,18,123.00000000000058,9.828896284103394,2
1383,graficon48nodi/grafo6289.48,6,48,65,104,121,117.00000000000011,15,117.00000000000023,12.897276878356934,2
1384,graficon39nodi/grafo3375.39,6,39,59,103,123,112.99999999999999,20,113.0,4.886666536331177,2
1385,graficon45nodi/grafo7623.45,6,45,62,104,121,114.00000000000011,28,114.00000000000031,23.210426568984985,2
1386,graficon57nodi/grafo7770.57,6,57,69,102,114,90.99999999999844,7,91.0000000000048,10.609748840332031,2
1387,graficon46nodi/grafo6166.46,6,46,66,102,122,116.0000000000004,28,116.00000000000117,271.82172989845276,2
1388,graficon45nodi/grafo7391.45,6,45,61,100,116,103.0,18,103.0,18.996471405029297,2
1389,graficon48nodi/grafo7135.48,6,48,68,104,124,165.99999949999977,30,166.00000000000023,34.144392013549805,2
1390,graficon59nodi/grafo6718.59,6,59,73,103,117,96.99999999999949,9,96.99999999999974,43.85590863227844,2
1391,graficon36nodi/grafo2877.36,6,36,53,101,118,105.00000000000027,13,105.00000000000098,8.980958700180054,2
1392,graficon42nodi/grafo7744.42,6,42,52,100,110,39.0000000000003,5,39.00000000000044,10.463889360427856,2
1393,graficon55nodi/grafo3834.55,6,55,80,103,128,149.9999990485116,34,149.99999999999994,379.61031770706177,2
1394,graficon50nodi/grafo1307.50,6,50,71,104,125,174.9999952336252,40,174.99999904545558,540.7935106754303,2
1395,graficon42nodi/grafo7026.42,6,42,55,101,114,61.000000000000384,9,61.00000000000087,3.993821382522583,2
1396,graficon42nodi/grafo7261.42,6,42,62,100,120,150.00000000000006,28,150.00000000000006,13.944179773330688,2
1397,graficon56nodi/grafo5341.56,6,56,79,101,124,196.0000000000018,40,196.00000000000196,249.5616626739502,2
1398,graficon56nodi/grafo4651.56,6,56,76,101,121,160.99999999999935,31,160.99999999999952,155.84726762771606,2
1399,graficon35nodi/grafo5493.35,6,35,53,100,118,117.9999999999998,20,117.99999999999983,22.244144916534424,2
1400,graficon54nodi/grafo3748.54,6,54,73,104,123,114.99999997351114,29,115.00000000000004,104.9147310256958,2
1401,graficon56nodi/grafo1205.56,6,56,75,100,119,144.9999948664355,26,145.00000125398884,212.68558716773987,2
1402,graficon56nodi/grafo7738.56,6,56,79,102,125,149.99999234782513,31,149.99999713044156,166.1941306591034,2
1403,graficon61nodi/grafo3257.61,6,61,82,102,123,198.99998467499464,40,199.00000095167252,600.6345417499542,9
1404,graficon48nodi/grafo2254.48,6,48,66,102,120,132.0,19,131.99999999999997,33.06578731536865,2
1405,graficon42nodi/grafo5550.42,6,42,57,101,116,116.99999855949557,17,117.00000000000558,35.165271282196045,2
1406,graficon58nodi/grafo6722.58,6,58,69,103,114,83.99999999999999,15,83.99999999999997,8.11182713508606,2
1407,graficon50nodi/grafo6775.50,6,50,63,101,114,118.00000000000048,12,118.00000000000074,23.759037256240845,2
1408,graficon56nodi/grafo6630.56,6,56,68,103,115,119.9999990000001,20,120.00000000000145,21.494991540908813,2
1409,graficon51nodi/grafo7550.51,6,51,66,102,117,112.00000000000014,18,112.0000000000002,26.539302110671997,2
1410,graficon55nodi/grafo4367.55,6,55,72,103,120,82.99999999999997,10,83.0,15.48996353149414,2
1411,graficon40nodi/grafo7165.40,6,40,55,102,117,117.00000000000003,21,117.00000000000003,35.69549608230591,2
1412,graficon67nodi/grafo6272.67,6,67,72,100,105,43.999999501500206,1,44.00000050000017,20.469261169433594,2
1413,graficon51nodi/grafo3484.51,6,51,68,104,121,121.00000000000017,29,121.00000000000026,82.94267916679382,2
1414,graficon53nodi/grafo2794.53,6,53,73,104,124,163.0000000000001,29,163.0000000000002,204.7267701625824,2
1415,graficon49nodi/grafo4734.49,6,49,59,101,111,69.99999999999991,3,70.00000000000006,10.346447229385376,2
1416,graficon50nodi/grafo5745.50,6,50,75,101,126,143.0,47,143.0,30.616042137145996,2
1417,graficon63nodi/grafo1570.63,6,63,74,100,111,86.99999999999966,13,87.00000000000077,9.421010732650757,2
1418,graficon39nodi/grafo11671.39,6,39,52,101,114,66.0,9,65.99999999999999,1.999110221862793,2
1419,graficon67nodi/grafo1617.67,6,67,80,103,116,74.00000000000006,10,74.0000000000002,10.40979266166687,2
1420,graficon39nodi/grafo5762.39,6,39,59,103,123,111.0000000000002,19,111.00000000000041,84.06039214134216,2
1421,graficon54nodi/grafo4467.54,6,54,69,102,117,79.0,8,79.0,4.652338981628418,2
1422,graficon36nodi/grafo5175.36,6,36,45,101,110,46.000000000000185,5,46.0000000000003,8.931096315383911,2
1423,graficon49nodi/grafo5220.49,6,49,64,100,115,137.99999999999994,14,138.00000000000023,13.015100955963135,2
1424,graficon57nodi/grafo5032.57,6,57,69,101,113,89.99999999999986,6,90.00000000000014,44.23493695259094,2
1425,graficon44nodi/grafo5221.44,6,44,57,102,115,59.999999056233975,14,60.00000000000108,48.911463022232056,2
1426,graficon42nodi/grafo10008.42,6,42,61,107,126,112.99999999999994,15,113.00000000000003,9.407730102539062,2
1427,graficon44nodi/grafo3501.44,6,44,63,106,125,134.99999905680028,24,135.00000000000028,504.54738879203796,2
1428,graficon55nodi/grafo4528.55,6,55,67,106,118,59.0000000000005,5,59.000000000001,7.992812871932983,2
1429,graficon45nodi/grafo7219.45,6,45,59,108,122,109.99999999999983,14,110.00000000000006,11.013602495193481,2
1430,graficon39nodi/grafo5763.39,6,39,54,109,124,81.9999999999999,7,81.9999999999999,5.095188856124878,2
1431,graficon55nodi/grafo1361.55,6,55,66,106,117,120.9999926167803,8,121.00000190909219,83.57382154464722,2
1432,graficon45nodi/grafo7555.45,6,45,58,106,119,69.00000000000028,7,69.00000000000074,7.510085821151733,2
1433,graficon54nodi/grafo7407.54,6,54,66,105,117,99.99999996777835,12,100.0000000322218,51.72582244873047,2
1434,graficon57nodi/grafo5924.57,6,57,74,105,122,114.99999999999886,15,115.00000000000148,90.97341275215149,2
1435,graficon44nodi/grafo6229.44,6,44,56,107,119,61.0,6,61.0,14.935935497283936,2
1436,graficon43nodi/grafo6343.43,6,43,55,106,118,65.99999955573222,10,66.00000000000028,35.1692955493927,2
1437,graficon48nodi/grafo6544.48,6,48,61,105,118,90.0000000000006,14,90.00000000000067,27.209981441497803,2
1438,graficon62nodi/grafo1215.62,6,62,82,105,125,inf,320,560,600.3337862491608,9
1439,graficon51nodi/grafo3726.51,6,51,70,105,124,104.9999997517667,24,105.00000050000064,325.48678493499756,2
1440,graficon64nodi/grafo9460.64,6,64,78,107,121,128.0000000000001,15,128.0000000000001,80.59780859947205,2
1441,graficon47nodi/grafo5255.47,6,47,64,106,123,114.99999999999932,16,114.99999999999932,17.421318769454956,2
1442,graficon61nodi/grafo4491.61,6,61,79,109,127,101.00000000000003,17,101.00000000000006,8.883038520812988,2
1443,graficon44nodi/grafo5130.44,6,44,56,106,118,89.99999999999963,13,89.99999999999999,7.0238142013549805,2
1444,graficon45nodi/grafo6438.45,6,45,58,105,118,112.00000000000041,9,112.00000000000063,17.250558853149414,2
1445,graficon53nodi/grafo4079.53,6,53,62,107,116,60.99999970084501,9,61.00000080807864,18.390085697174072,2
1446,graficon40nodi/grafo10057.40,6,40,59,106,125,142.0,39,142.0,457.3755886554718,2
1447,graficon52nodi/grafo7181.52,6,52,81,109,138,216.0,48,216.0,261.3265962600708,2
1448,graficon46nodi/grafo5473.46,6,46,64,106,124,115.00000000000003,17,115.00000000000006,80.43998193740845,2
1449,graficon46nodi/grafo6674.46,6,46,62,107,123,84.9999999999998,15,85.000000000001,25.257585763931274,2
1450,graficon51nodi/grafo4756.51,6,51,70,109,128,150.99999983333203,22,151.00000004834362,107.16742253303528,2
1451,graficon38nodi/grafo11400.38,6,38,49,109,120,56.99999626765452,7,56.999999243819985,15.994941473007202,2
1452,graficon43nodi/grafo6348.43,6,43,56,108,121,84.99999999999966,13,85.00000000000142,39.00344133377075,2
1453,graficon36nodi/grafo6109.36,6,36,52,106,122,91.0,12,91.0,15.475502729415894,2
1454,graficon53nodi/grafo4167.53,6,53,69,106,122,106.00000000000003,17,106.00000000000036,10.316696882247925,2
1455,graficon66nodi/grafo9206.66,6,66,84,109,127,122.9999970072335,29,122.9999980000018,600.3926723003387,9
1456,graficon58nodi/grafo3235.58,6,58,71,109,122,133.00000000000054,14,133.0000000000006,12.466940641403198,2
1457,graficon48nodi/grafo6554.48,6,48,70,107,129,164.9999990666654,44,165.0000000000006,381.762491941452,2
1458,graficon60nodi/grafo1192.60,6,60,79,106,125,118.00000000000047,34,118.00000000000081,600.6031167507172,9
1459,graficon46nodi/grafo6771.46,6,46,55,107,116,62.00000000000014,5,62.00000000000017,7.294025182723999,2
1460,graficon40nodi/grafo5231.40,6,40,56,108,124,104.99999873281413,14,105.00000095454611,46.243955850601196,2
1461,graficon38nodi/grafo6547.38,6,38,64,107,133,156.9999894379711,55,156.99998947203008,229.32453775405884,2
1462,graficon59nodi/grafo3194.59,6,59,67,106,114,48.99999999999987,3,49.00000000000024,10.69257640838623,2
1463,graficon47nodi/grafo6384.47,6,47,72,108,133,204.9999999999996,39,204.99999999999957,19.225717782974243,2
1464,graficon42nodi/grafo7389.42,6,42,62,109,129,131.99999999999991,22,132.00000000000014,52.33971571922302,2
1465,graficon54nodi/grafo7090.54,6,54,72,107,125,132.0,25,132.0,152.2861087322235,2
1466,graficon43nodi/grafo3227.43,6,43,65,108,130,139.99999999999974,26,140.00000000000156,45.067896604537964,2
1467,graficon44nodi/grafo7751.44,6,44,58,105,119,62.99999999999979,9,63.000000000001265,7.97848916053772,2
1468,graficon40nodi/grafo7767.40,6,40,54,107,121,64.0,8,64.0,10.010815382003784,2
1469,graficon49nodi/grafo7010.49,6,49,67,106,124,110.99999999999847,14,111.0,6.966560363769531,2
1470,graficon60nodi/grafo4421.60,6,60,73,106,119,96.9999997259391,14,97.0000001783318,206.5949420928955,2
1471,graficon52nodi/grafo1431.52,6,52,70,109,127,96.00000000000009,15,96.00000000000011,15.491796255111694,2
1472,graficon48nodi/grafo6390.48,6,48,65,109,126,99.0,16,99.0,15.122898578643799,2
1473,graficon46nodi/grafo5713.46,6,46,66,105,125,121.00000000000003,22,121.00000000000028,17.11963415145874,2
1474,graficon55nodi/grafo5960.55,6,55,79,108,132,214.0,55,214.0,600.8231506347656,9
1475,graficon55nodi/grafo4161.55,6,55,73,106,124,121.99999388235292,24,121.99999341176476,18.16918182373047,2
1476,graficon37nodi/grafo3359.37,6,37,58,109,130,129.00000000000028,18,129.00000000000028,9.015991449356079,2
1477,graficon52nodi/grafo5150.52,6,52,70,107,125,154.00000000000003,16,154.00000000000023,11.117537498474121,2
1478,graficon55nodi/grafo4967.55,6,55,66,109,120,94.00000000000033,10,94.00000000000091,16.652937173843384,2
1479,graficon49nodi/grafo2656.49,6,49,59,107,117,59.00000000000029,6,59.00000000000038,13.280751943588257,2
1480,graficon44nodi/grafo7259.44,6,44,61,105,122,87.99999965624978,14,87.99999984375037,14.980013132095337,2
1481,graficon45nodi/grafo6396.45,6,45,65,108,128,104.99999999999977,23,104.99999999999977,12.233442544937134,2
1482,graficon47nodi/grafo3730.47,6,47,63,107,123,87.0,11,87.0,38.87604260444641,2
1483,graficon47nodi/grafo2478.47,6,47,62,105,120,132.99999999999963,18,133.0000000000006,13.549175262451172,2
1484,graficon59nodi/grafo6030.59,6,59,80,105,126,145.99999226666657,27,145.99999420000194,202.2809703350067,2
1485,graficon47nodi/grafo6696.47,6,47,66,106,125,135.99999952272753,21,136.0000000000002,40.679479122161865,2
1486,graficon60nodi/grafo5223.60,6,60,83,105,128,200.99999144369875,49,200.99999571578758,519.0182809829712,2
1487,graficon40nodi/grafo4038.40,6,40,53,107,120,102.00000000000088,9,102.00000000000142,10.604220151901245,2
1488,graficon57nodi/grafo4177.57,6,57,76,107,126,170.99999969094478,19,171.00000000000728,42.07761788368225,2
1489,graficon57nodi/grafo5329.57,6,57,71,106,120,100.00000000000055,9,100.00000000000128,8.754273891448975,2
1490,graficon57nodi/grafo5849.57,6,57,81,106,130,156.00000000000026,32,156.00000000000026,499.1168999671936,2
1491,graficon58nodi/grafo1501.58,6,58,72,108,122,82.0,5,82.00000000000001,4.155007839202881,2
1492,graficon61nodi/grafo9391.61,6,61,78,107,124,101.99999816666565,18,102.00000000000126,194.05524015426636,2
1493,graficon55nodi/grafo3352.55,6,55,69,108,122,71.0,8,71.00000000000023,6.289019823074341,2
1494,graficon38nodi/grafo3917.38,6,38,58,105,125,150.00000000000642,24,150.00000000000674,23.830493450164795,2
1495,graficon65nodi/grafo9118.65,6,65,84,105,124,108.99999999999952,11,108.9999999999998,15.045577764511108,2
1496,graficon59nodi/grafo5083.59,6,59,71,106,118,126.99999999999997,16,127.00000000000007,406.73264026641846,2
1497,graficon41nodi/grafo5811.41,6,41,59,105,123,122.0,26,122.00000000002167,152.2556872367859,2
1498,graficon52nodi/grafo3185.52,6,52,76,108,132,125.99999906848115,32,126.00000000000065,235.383239030838,2
1499,graficon61nodi/grafo6898.61,6,61,72,109,120,87.00000000000088,10,87.00000000000202,39.25511384010315,2
1500,graficon49nodi/grafo6707.49,6,49,64,106,121,111.99999999999656,20,111.99999999999969,11.062296867370605,2
1501,graficon37nodi/grafo4080.37,6,37,57,112,132,154.9999999999999,26,155.0000000000001,30.469271421432495,2
1502,graficon54nodi/grafo1328.54,6,54,71,112,129,121.00000000000206,18,121.00000000000297,48.69244933128357,2
1503,graficon56nodi/grafo4416.56,6,56,70,114,128,78.99999454544869,14,78.99999545454573,23.280991315841675,2
1504,graficon59nodi/grafo4386.59,6,59,73,111,125,103.00000000000024,9,103.00000000000026,8.360482931137085,2
1505,graficon54nodi/grafo4332.54,6,54,69,111,126,95.99999962500034,15,96.00000000000092,16.932034730911255,2
1506,graficon35nodi/grafo5351.35,6,35,51,111,127,80.00000000000001,9,80.00000000000122,8.686523675918579,2
1507,graficon56nodi/grafo4275.56,6,56,76,113,133,125.99999999999963,27,125.99999999999989,30.32284712791443,2
1508,graficon59nodi/grafo6792.59,6,59,76,114,131,115.00000000000047,25,115.00000000000087,40.16191029548645,2
1509,graficon69nodi/grafo7584.69,6,69,80,114,125,103.00000000000036,12,103.00000000000054,31.260607481002808,2
1510,graficon51nodi/grafo6893.51,6,51,68,114,131,107.0,15,107.00000000000003,23.05418872833252,2
1511,graficon58nodi/grafo5098.58,6,58,79,112,133,216.99999999999991,47,217.0,600.3968963623047,9
1512,graficon64nodi/grafo7471.64,6,64,76,110,122,86.00000000000038,12,86.0000000000005,27.584594249725342,2
1513,graficon74nodi/grafo8685.74,6,74,94,114,134,145.00000000000006,19,145.00000000000003,19.34099769592285,2
1514,graficon47nodi/grafo7236.47,6,47,70,111,134,184.9999999999986,30,185.00000000000003,13.726533651351929,2
1515,graficon60nodi/grafo4548.60,6,60,72,112,124,128.99999999999886,20,129.0000000000004,13.940612554550171,2
1516,graficon64nodi/grafo4288.64,6,64,81,111,128,126.99999808587849,18,127.000004791691,209.8288962841034,2
1517,graficon77nodi/grafo8372.77,6,77,85,112,120,88.00000000000014,8,88.00000000000018,11.332421064376831,2
1518,graficon61nodi/grafo5418.61,6,61,82,112,133,148.99999999999852,16,149.00000000000205,15.372545003890991,2
1519,graficon59nodi/grafo4463.59,6,59,76,114,131,128.99999999999943,10,128.99999999999955,7.215953826904297,2
1520,graficon58nodi/grafo4889.58,6,58,77,111,130,155.99999999999477,27,155.99999999999852,150.4550862312317,2
1521,graficon55nodi/grafo4661.55,6,55,69,111,125,80.99999999999997,15,80.99999999999999,87.69963526725769,2
1522,graficon43nodi/grafo5950.43,6,43,56,112,125,66.99999999999996,8,67.00000000000003,6.864520788192749,2
1523,graficon44nodi/grafo5404.44,6,44,60,113,129,117.00000000000095,13,117.00000000000111,21.39918541908264,2
1524,graficon59nodi/grafo6503.59,6,59,73,111,125,83.0000000000008,12,83.00000000000097,9.460978031158447,2
1525,graficon35nodi/grafo5852.35,6,35,50,112,127,53.0,7,53.0,7.4285571575164795,2
1526,graficon55nodi/grafo4318.55,6,55,81,114,140,212.0000000000009,45,212.00000000000097,189.39465641975403,2
1527,graficon63nodi/grafo9365.63,6,63,83,110,130,156.99999977876436,23,157.00000022222258,56.899909257888794,2
1528,graficon39nodi/grafo2982.39,6,39,52,112,125,68.0000000000003,7,68.00000000000053,19.29403829574585,2
1529,graficon58nodi/grafo6031.58,6,58,82,113,137,237.99999975688894,36,238.00000024653286,41.2521116733551,2
1530,graficon40nodi/grafo3131.40,6,40,53,112,125,88.99999999999989,12,88.99999999999996,18.51866126060486,2
1531,graficon66nodi/grafo1564.66,6,66,85,114,133,157.99999999999977,16,157.99999999999983,12.301908016204834,2
1532,graficon44nodi/grafo6276.44,6,44,62,112,130,84.99999960400007,11,84.99999960400014,6.519768476486206,2
1533,graficon65nodi/grafo9158.65,6,65,87,114,136,186.00000000000074,45,186.00000000000082,600.5090591907501,9
1534,graficon61nodi/grafo3853.61,6,61,79,113,131,129.99999613114332,26,129.9999961311527,222.98234820365906,2
1535,graficon61nodi/grafo9775.61,6,61,79,113,131,150.9999999999973,16,151.00000000000136,21.469714879989624,2
1536,graficon43nodi/grafo3947.43,6,43,63,114,134,118.00000000000027,11,118.00000000000044,8.52246642112732,2
1537,graficon42nodi/grafo7666.42,6,42,63,111,132,144.00000000000017,25,144.00000000000017,11.348424673080444,2
1538,graficon72nodi/grafo8975.72,6,72,87,112,127,154.9999949913491,27,155.0000000100151,600.3728604316711,9
1539,graficon51nodi/grafo4726.51,6,51,67,110,126,114.0,9,114.00000000000003,35.29259729385376,2
1540,graficon46nodi/grafo5659.46,6,46,60,110,124,92.99999999999993,11,93.00000000000009,25.71326184272766,2
1541,graficon63nodi/grafo2914.63,6,63,80,111,128,136.99999999999997,29,137.0,158.40738153457642,2
1542,graficon58nodi/grafo5008.58,6,58,77,114,133,114.0,23,114.0,139.87103462219238,2
1543,graficon59nodi/grafo6791.59,6,59,76,114,131,115.00000000000047,25,115.00000000000087,37.2403666973114,2
1544,graficon53nodi/grafo1262.53,6,53,74,114,135,164.0,40,164.0,241.11926698684692,2
1545,graficon56nodi/grafo6350.56,6,56,74,114,132,124.00000000000024,20,124.00000000000041,15.273988008499146,2
1546,graficon36nodi/grafo3241.36,6,36,47,110,121,48.99999999999851,8,49.00000000000278,22.431450128555298,2
1547,graficon52nodi/grafo3628.52,6,52,71,114,133,148.00000000000023,13,148.0000000000003,7.154000520706177,2
1548,graficon40nodi/grafo4021.40,6,40,51,111,122,52.99999999999977,8,52.99999999999983,5.01213526725769,2
1549,graficon60nodi/grafo5483.60,6,60,75,113,128,127.99999906357536,7,128.0000000000035,23.869282007217407,2
1550,graficon42nodi/grafo5183.42,6,42,58,110,126,116.9999998648601,16,117.0000000000002,28.039446592330933,2
1551,graficon62nodi/grafo4952.62,6,62,78,110,126,114.99999083333373,16,114.99999083333388,48.99891781806946,2
1552,graficon44nodi/grafo6968.44,6,44,67,112,135,127.99999999999999,24,128.00000000000003,10.801026582717896,2
1553,graficon46nodi/grafo6553.46,6,46,66,111,131,111.99999999999982,14,112.00000000000077,17.23940944671631,2
1554,graficon56nodi/grafo6546.56,6,56,70,113,127,95.99999999998067,9,96.00000000001302,227.68295216560364,2
1555,graficon55nodi/grafo7054.55,6,55,79,112,136,181.0,40,181.0,258.5779981613159,2
1556,graficon62nodi/grafo6494.62,6,62,81,111,130,160.00000000000006,30,160.0,191.694185256958,2
1557,graficon56nodi/grafo4322.56,6,56,78,113,135,145.99999999999983,32,145.9999999999999,117.30277156829834,2
1558,graficon62nodi/grafo7772.62,6,62,79,113,130,133.9999999999937,19,134.00000000000787,14.576781272888184,2
1559,graficon61nodi/grafo4616.61,6,61,81,111,131,151.00000000000009,20,151.00000000000028,245.28861498832703,2
1560,graficon63nodi/grafo4884.63,6,63,86,113,136,182.99999999999994,30,183.0000000000002,14.326303243637085,2
1561,graficon38nodi/grafo10618.38,6,38,54,113,129,84.00000000000011,20,84.00000000000011,14.255347728729248,2
1562,graficon52nodi/grafo6715.52,6,52,72,110,130,160.9999987999983,26,160.99999879999982,29.535653591156006,2
1563,graficon41nodi/grafo4031.41,6,41,62,111,132,119.0,23,119.00000000000105,328.9381048679352,2
1564,graficon53nodi/grafo5040.53,6,53,72,112,131,163.99999999999906,21,164.00000000000006,14.232595205307007,2
1565,graficon63nodi/grafo4162.63,6,63,81,113,131,135.00000000000006,20,135.0,12.940627813339233,2
1566,graficon53nodi/grafo4750.53,6,53,64,113,124,66.99999999999976,6,67.0000000000045,43.18413758277893,2
1567,graficon37nodi/grafo5965.37,6,37,52,113,128,101.0,10,101.0,29.92969250679016,2
1568,graficon41nodi/grafo149.41,6,41,54,111,124,75.00000000000013,9,75.00000000000033,17.633542776107788,2
1569,graficon68nodi/grafo4896.68,6,68,86,114,132,92.99999950062724,20,93.00000000000085,29.812878131866455,2
1570,graficon48nodi/grafo6561.48,6,48,68,111,131,175.9999999999895,15,175.99999999999145,16.4332492351532,2
1571,graficon64nodi/grafo9060.64,6,64,81,112,129,137.99999953459726,26,137.99999982415773,600.5916142463684,9
1572,graficon44nodi/grafo4022.44,6,44,63,113,132,119.00000000000009,17,119.00000000000017,17.24901795387268,2
1573,graficon39nodi/grafo3142.39,6,39,52,111,124,75.99999999999991,10,76.00000000000017,23.995078802108765,2
1574,graficon64nodi/grafo9057.64,6,64,85,114,135,148.99999999999895,32,149.00000000000153,26.2072274684906,2
1575,graficon38nodi/grafo7492.38,6,38,57,111,130,174.0,27,174.00000000000003,7.947229862213135,2
1576,graficon56nodi/grafo1366.56,6,56,70,115,129,91.00000000000016,6,91.00000000000017,9.674403429031372,2
1577,graficon57nodi/grafo4130.57,6,57,79,117,139,152.99997024720253,38,153.0000057650047,600.2898840904236,9
1578,graficon55nodi/grafo6661.55,6,55,72,117,134,109.99999950000029,13,110.00000000000041,15.825764894485474,2
1579,graficon59nodi/grafo1342.59,6,59,70,117,128,93.99999999999991,13,93.99999999999996,81.88652658462524,2
1580,graficon64nodi/grafo9594.64,6,64,86,117,139,149.00000000000003,31,149.0,22.32448148727417,2
1581,graficon57nodi/grafo6107.57,6,57,75,119,137,146.99999002467132,22,147.00000149500758,285.4236271381378,2
1582,graficon64nodi/grafo9467.64,6,64,75,117,128,76.99999980520039,8,77.00000060000055,47.078376054763794,2
1583,graficon68nodi/grafo9749.68,6,68,82,119,133,107.99999999999999,14,108.0,399.25325179100037,2
1584,graficon56nodi/grafo1480.56,6,56,77,118,139,179.00000000000028,50,179.00000000000085,600.3980917930603,9
1585,graficon37nodi/grafo11566.37,6,37,53,116,132,105.00000000000009,12,105.00000000000014,4.9630420207977295,2
1586,graficon62nodi/grafo5406.62,6,62,77,117,132,92.0000000000014,14,92.00000000000205,166.29323172569275,2
1587,graficon71nodi/grafo8270.71,6,71,91,118,138,125.0,22,125.0,15.083714008331299,2
1588,graficon54nodi/grafo5311.54,6,54,74,115,135,151.9999934999918,27,151.9999965066648,60.110801219940186,2
1589,graficon59nodi/grafo4198.59,6,59,75,115,131,120.99999984999332,23,121.0000000533355,160.71878385543823,2
1590,graficon51nodi/grafo6747.51,6,51,65,118,132,104.0,11,104.00000000000001,9.697700262069702,2
1591,graficon68nodi/grafo6622.68,6,68,77,115,124,70.99999999999956,4,70.99999999999962,6.674165487289429,2
1592,graficon64nodi/grafo4563.64,6,64,87,118,141,inf,557,900,600.4289245605469,9
1593,graficon64nodi/grafo5788.64,6,64,77,117,130,104.00000000000014,15,104.00000000000028,134.03315329551697,2
1594,graficon67nodi/grafo6909.67,6,67,77,115,125,74.99999999998428,13,75.00000000001967,31.05794095993042,2
1595,graficon53nodi/grafo4003.53,6,53,72,118,137,111.99998480410073,22,112.00000570000269,239.3758819103241,2
1596,graficon54nodi/grafo6872.54,6,54,76,119,141,inf,426,696,600.345677614212,9
1597,graficon57nodi/grafo6269.57,6,57,75,118,136,136.99999999999994,32,137.00000000000017,454.60623717308044,2
1598,graficon58nodi/grafo4723.58,6,58,70,118,130,80.0,5,80.0,10.74725890159607,2
1599,graficon45nodi/grafo6297.45,6,45,60,115,130,81.99999999999912,11,82.00000000000068,10.6187584400177,2
1600,graficon39nodi/grafo9974.39,6,39,55,117,133,66.00000000000031,5,66.00000000000036,5.846521615982056,2
1601,graficon55nodi/grafo4894.55,6,55,76,116,137,154.0,20,154.0,6.406803369522095,2
1602,graficon43nodi/grafo5515.43,6,43,64,116,137,181.0000000000013,29,181.00000000000145,28.408195972442627,2
1603,graficon52nodi/grafo3810.52,6,52,64,115,127,93.99999999999899,13,94.00000000000031,71.97915196418762,2
1604,graficon62nodi/grafo4293.62,6,62,77,115,130,118.0,19,118.00000000000001,117.6287944316864,2
1605,graficon57nodi/grafo3957.57,6,57,80,119,142,170.99999999999994,34,171.0,185.52493858337402,2
1606,graficon42nodi/grafo5345.42,6,42,55,118,131,75.00000000000016,6,75.00000000000145,32.9528124332428,2
1607,graficon44nodi/grafo7605.44,6,44,65,118,139,132.99999999999847,17,132.9999999999997,11.669695138931274,2
1608,graficon47nodi/grafo6300.47,6,47,72,117,142,229.00000000000037,42,229.00000000000037,600.4112515449524,9
1609,graficon63nodi/grafo9652.63,6,63,75,118,130,98.00000000000017,12,98.0000000000002,16.759385585784912,2
1610,graficon53nodi/grafo5729.53,6,53,75,115,137,183.00000000000114,34,183.00000000000153,321.2101333141327,2
1611,graficon58nodi/grafo6690.58,6,58,70,116,128,88.00000000000006,7,88.0000000000001,26.524543523788452,2
1612,graficon75nodi/grafo6954.75,6,75,90,117,132,134.99999905732358,16,135.00000001539735,143.7621443271637,2
1613,graficon51nodi/grafo3507.51,6,51,71,117,137,150.99999907692313,28,151.00000000000003,50.80270791053772,2
1614,graficon41nodi/grafo7137.41,6,41,59,115,133,114.0,18,114.0,14.751643657684326,2
1615,graficon69nodi/grafo8347.69,6,69,76,119,126,54.99999966666677,3,55.000000333333816,44.466068983078,2
1616,graficon64nodi/grafo4722.64,6,64,80,119,135,106.00000000000011,14,106.0000000000003,25.14283061027527,2
1617,graficon44nodi/grafo5243.44,6,44,61,118,135,107.0,18,107.0,50.300318479537964,2
1618,graficon51nodi/grafo4766.51,6,51,73,117,139,127.00000000000001,20,127.00000000000006,91.48979449272156,2
1619,graficon45nodi/grafo7039.45,6,45,63,116,134,94.00000000000001,10,94.00000000000001,13.053929328918457,2
1620,graficon66nodi/grafo1414.66,6,66,82,118,134,141.99999999999997,18,141.99999999999997,390.44875836372375,2
1621,graficon48nodi/grafo7601.48,6,48,64,118,134,105.00000000000009,18,105.00000000000011,12.784147500991821,2
1622,graficon63nodi/grafo9085.63,6,63,82,119,138,168.99999999998903,24,168.99999999999702,16.352626085281372,2
1623,graficon56nodi/grafo4621.56,6,56,67,119,130,67.00000000000011,10,67.00000000000036,18.998924493789673,2
1624,graficon63nodi/grafo7961.63,6,63,76,117,130,91.00000000000024,6,91.00000000000038,18.868306875228882,2
1625,graficon56nodi/grafo3760.56,6,56,69,115,128,57.00000000000017,8,57.00000000000047,15.315729856491089,2
1626,graficon58nodi/grafo5173.58,6,58,83,115,140,162.00000000000006,36,162.00000000000006,600.3470435142517,9
1627,graficon43nodi/grafo6391.43,6,43,62,119,138,131.0,24,131.00000000000003,16.24103617668152,2
1628,graficon37nodi/grafo5229.37,6,37,53,115,131,118.99999950599887,13,119.00000000000328,9.254377365112305,2
1629,graficon67nodi/grafo9070.67,6,67,88,116,137,175.99998961111106,39,175.99999055555554,600.4918587207794,9
1630,graficon76nodi/grafo8078.76,6,76,98,117,139,inf,404,620,600.4172732830048,9
1631,graficon65nodi/grafo1527.65,6,65,77,117,129,84.00000000000016,9,84.00000000000028,9.80146598815918,2
1632,graficon37nodi/grafo6959.37,6,37,55,117,135,69.00000000000023,10,69.00000000000092,6.351253032684326,2
1633,graficon46nodi/grafo6724.46,6,46,66,118,138,174.99999940211205,23,175.00000080447552,165.3797800540924,2
1634,graficon43nodi/grafo5987.43,6,43,63,117,137,118.99997942084488,30,118.99998503334282,23.54881238937378,2
1635,graficon64nodi/grafo9098.64,6,64,80,117,133,121.9999990526286,15,121.99999905263427,40.38148021697998,2
1636,graficon54nodi/grafo3460.54,6,54,82,117,145,inf,594,1047,600.4812245368958,9
1637,graficon50nodi/grafo4869.50,6,50,69,117,136,117.0,18,117.0,14.691593885421753,2
1638,graficon44nodi/grafo4017.44,6,44,60,118,134,101.0000000000008,16,101.0000000000014,16.151662349700928,2
1639,graficon61nodi/grafo9367.61,6,61,77,117,133,156.99999975790004,14,157.00000025000008,17.776612997055054,2
1640,graficon37nodi/grafo6698.37,6,37,54,118,135,85.0000000000001,13,85.00000000000715,3.756120204925537,2
1641,graficon66nodi/grafo4656.66,6,66,81,119,134,114.00000000000196,15,114.00000000000782,31.389042615890503,2
1642,graficon52nodi/grafo4874.52,6,52,70,119,137,121.00000000000004,7,121.0000000000004,26.285676956176758,2
1643,graficon57nodi/grafo6446.57,6,57,68,116,127,74.0000000000004,4,74.0000000000004,5.301348924636841,2
1644,graficon57nodi/grafo1567.57,6,57,74,118,135,102.9999999999997,14,103.00000000000094,9.078007936477661,2
1645,graficon60nodi/grafo7536.60,6,60,76,119,135,111.99999950000023,23,112.00000000000018,36.27810716629028,2
1646,graficon62nodi/grafo9405.62,6,62,82,117,137,188.99997887521673,32,188.9999942179254,600.4205267429352,9
1647,graficon58nodi/grafo4605.58,6,58,84,118,144,261.99999925207095,50,261.9999994016645,416.54145669937134,2
1648,graficon39nodi/grafo3902.39,6,39,53,116,130,122.00000000000011,13,122.00000000000014,6.620255470275879,2
1649,graficon46nodi/grafo6228.46,6,46,62,116,132,122.99999400568107,21,123.00000000000243,90.46714043617249,2
1650,graficon63nodi/grafo6941.63,6,63,82,116,135,138.0,23,138.0,58.897666692733765,2
1651,graficon58nodi/grafo5389.58,6,58,84,122,148,206.999999020798,45,207.00000000000088,600.6989154815674,9
1652,graficon52nodi/grafo3704.52,6,52,70,121,139,158.99999999999866,24,158.9999999999996,177.04615378379822,2
1653,graficon60nodi/grafo5914.60,6,60,82,124,146,201.99999135999752,45,201.99999520000372,600.3434989452362,9
1654,graficon58nodi/grafo4730.58,6,58,86,123,151,174.00000000000017,32,174.00000000000037,111.56495022773743,2
1655,graficon68nodi/grafo8028.68,6,68,94,121,147,inf,685,1000,600.6458604335785,9
1656,graficon47nodi/grafo3846.47,6,47,65,124,142,124.99999962500524,14,125.00000000000054,29.491204023361206,2
1657,graficon46nodi/grafo6790.46,6,46,74,121,149,300.9999855555542,50,300.9999855555567,600.3990333080292,9
1658,graficon73nodi/grafo6710.73,6,73,94,124,145,194.99999999999994,39,195.00000000000003,291.9768133163452,2
1659,graficon59nodi/grafo7328.59,6,59,71,120,132,76.00000000000003,8,76.00000000000004,19.94576597213745,2
1660,graficon46nodi/grafo7399.46,6,46,63,123,140,83.99999919999988,15,83.99999960000085,50.082860231399536,2
1661,graficon76nodi/grafo7967.76,6,76,100,121,145,227.00000000000063,44,227.00000000000682,54.14337229728699,2
1662,graficon67nodi/grafo8050.67,6,67,86,123,142,148.00000000000003,22,148.0000000000005,336.53461623191833,2
1663,graficon42nodi/grafo6310.42,6,42,63,122,143,132.9999999999974,21,133.000000000001,17.07955527305603,2
1664,graficon56nodi/grafo3658.56,6,56,78,124,146,171.00000000000023,44,171.00000000000077,22.754070043563843,2
1665,graficon62nodi/grafo4245.62,6,62,84,121,143,136.00000000000017,33,136.00000000000037,27.433011770248413,2
1666,graficon77nodi/grafo4554.77,6,77,99,124,146,202.9999999999987,51,202.99999999999915,249.82734060287476,2
1667,graficon60nodi/grafo4856.60,6,60,80,122,142,125.99999760473717,22,125.99999855555792,142.24289512634277,2
1668,graficon53nodi/grafo4505.53,6,53,69,120,136,95.0000000000001,7,95.00000000000041,5.980231046676636,2
1669,graficon43nodi/grafo5443.43,6,43,59,122,138,90.99999999999886,16,91.00000000000364,31.64864754676819,2
1670,graficon51nodi/grafo6475.51,6,51,66,122,137,92.99999999999962,16,92.99999999999986,10.910161972045898,2
1671,graficon47nodi/grafo7084.47,6,47,65,124,142,112.0,14,112.0,18.496214151382446,2
1672,graficon75nodi/grafo8507.75,6,75,88,123,136,77.99999933750017,11,78.00000000000047,316.66956782341003,2
1673,graficon48nodi/grafo1416.48,6,48,62,124,138,89.0000000000002,8,89.00000000000036,75.66291522979736,2
1674,graficon63nodi/grafo9234.63,6,63,87,120,144,195.99999999999847,39,196.0,143.3826732635498,2
1675,graficon51nodi/grafo4154.51,6,51,65,121,135,107.00000000000011,10,107.00000000000122,6.311103343963623,2
1676,graficon62nodi/grafo4988.62,6,62,78,121,137,149.0,22,149.00000000000028,160.73372840881348,2
1677,graficon61nodi/grafo6131.61,6,61,79,123,141,154.9999987012434,14,154.999999813214,43.502217054367065,2
1678,graficon44nodi/grafo6911.44,6,44,59,124,139,73.00000000000001,6,73.00000000000007,7.4814348220825195,2
1679,graficon58nodi/grafo3448.58,6,58,85,124,151,inf,443,698,600.4228377342224,9
1680,graficon60nodi/grafo8115.60,6,60,74,120,134,122.99999999998923,21,122.99999999999658,110.46959018707275,2
1681,graficon55nodi/grafo3950.55,6,55,74,121,140,145.99999999999918,19,145.99999999999906,150.08797645568848,2
1682,graficon64nodi/grafo9659.64,6,64,82,122,140,154.0000000000001,27,154.00000000000017,22.621558666229248,2
1683,graficon44nodi/grafo3705.44,6,44,57,120,133,84.99999999999949,7,85.0,10.127633571624756,2
1684,graficon61nodi/grafo4313.61,6,61,89,120,148,177.9999999999994,41,178.00000000000279,600.4568634033203,9
1685,graficon57nodi/grafo3991.57,6,57,81,120,144,175.99999994140444,40,176.00000000000566,48.77894473075867,2
1686,graficon46nodi/grafo7405.46,6,46,64,123,141,122.00000000000279,23,122.00000000001809,39.69603776931763,2
1687,graficon57nodi/grafo3791.57,6,57,78,123,144,143.9999999999995,33,143.9999999999997,266.0764639377594,2
1688,graficon43nodi/grafo3269.43,6,43,58,122,137,78.99999900799888,9,78.99999900800297,19.92906141281128,2
1689,graficon39nodi/grafo6026.39,6,39,61,122,144,112.00000000000028,14,112.00000000000065,16.430259943008423,2
1690,graficon62nodi/grafo9822.62,6,62,89,124,151,inf,495,876,600.3969411849976,9
1691,graficon49nodi/grafo4046.49,6,49,67,122,140,149.00000000000028,13,149.00000000000043,37.95479226112366,2
1692,graficon55nodi/grafo3346.55,6,55,74,122,141,128.99999808279983,15,128.999999055556,93.1419403553009,2
1693,graficon56nodi/grafo4940.56,6,56,72,121,137,113.0,13,113.0,40.763842821121216,2
1694,graficon57nodi/grafo4083.57,6,57,78,124,145,165.9999996666671,29,166.00000000000028,32.09218430519104,2
1695,graficon46nodi/grafo3636.46,6,46,62,121,137,112.99999999999677,12,113.00000000000995,32.44068241119385,2
1696,graficon55nodi/grafo4394.55,6,55,76,124,145,161.99999999999906,25,161.99999999999994,245.29260540008545,2
1697,graficon42nodi/grafo6004.42,6,42,60,121,139,110.00000000000165,10,110.00000000000189,21.047560453414917,2
1698,graficon61nodi/grafo4331.61,6,61,78,124,141,109.9999983172385,13,110.00000000000048,35.80111026763916,2
1699,graficon69nodi/grafo7284.69,6,69,87,121,139,135.99999999999824,26,136.00000000000298,34.80339241027832,2
1700,graficon55nodi/grafo3598.55,6,55,73,122,140,123.99999903030059,20,124.00000000000165,193.62421536445618,2
1701,graficon55nodi/grafo4356.55,6,55,73,120,138,82.0,17,82.00000000000071,104.31932830810547,2
1702,graficon61nodi/grafo5755.61,6,61,85,124,148,201.99999999999972,42,202.00000000000108,33.834184885025024,2
1703,graficon38nodi/grafo11236.38,6,38,52,124,138,60.99999999999978,5,61.000000000000036,32.30937147140503,2
1704,graficon56nodi/grafo5089.56,6,56,83,123,150,173.99998999999997,39,173.999994000008,600.3654479980469,9
1705,graficon46nodi/grafo7386.46,6,46,66,122,142,179.999996249995,25,179.9999990625037,105.50253582000732,2
1706,graficon60nodi/grafo8159.60,6,60,85,122,147,191.99999957115995,31,191.9999999999975,309.67762875556946,2
1707,graficon61nodi/grafo3564.61,6,61,79,124,142,184.9999961999955,33,184.99999619999562,188.16725897789001,2
1708,graficon66nodi/grafo8771.66,6,66,88,123,145,147.00000000000006,21,147.0000000000003,189.1730728149414,2
1709,graficon56nodi/grafo5055.56,6,56,77,124,145,145.99999999999997,28,146.0,212.03749418258667,2
1710,graficon58nodi/grafo4280.58,6,58,75,120,137,143.9999996011091,16,143.99999960110915,87.26754331588745,2
1711,graficon69nodi/grafo4408.69,6,69,91,121,143,241.99998328900185,34,241.99999809029714,600.4519577026367,9
1712,graficon53nodi/grafo6767.53,6,53,73,121,141,177.0,24,177.0,221.7377827167511,2
1713,graficon63nodi/grafo4642.63,6,63,84,124,145,194.9999942746078,29,194.99999440627442,403.51903891563416,2
1714,graficon61nodi/grafo8562.61,6,61,80,122,141,140.0,24,140.0,111.57764291763306,2
1715,graficon37nodi/grafo3533.37,6,37,57,120,140,146.9999925000005,20,146.99999250000212,81.42055916786194,2
1716,graficon43nodi/grafo6008.43,6,43,68,124,149,158.99999999999812,27,158.99999999999903,187.1184480190277,2
1717,graficon60nodi/grafo3198.60,6,60,80,123,143,151.99999999999997,32,151.99999999999997,22.722105741500854,2
1718,graficon48nodi/grafo1488.48,6,48,58,122,132,71.99999999999991,7,71.99999999999993,28.98827815055847,2
1719,graficon60nodi/grafo7341.60,6,60,78,124,142,117.9999999999996,23,118.00000000000014,88.0848331451416,2
1720,graficon73nodi/grafo9705.73,6,73,94,124,145,145.9999999999995,20,146.0000000000004,47.56627178192139,2
1721,graficon62nodi/grafo5912.62,6,62,75,122,135,91.00000000000003,12,91.00000000000003,19.768672466278076,2
1722,graficon51nodi/grafo4451.51,6,51,72,124,145,126.99999999999812,18,126.9999999999984,21.84569263458252,2
1723,graficon69nodi/grafo7808.69,6,69,88,120,139,125.00000000000006,17,125.00000000000006,17.111384391784668,2
1724,graficon68nodi/grafo2711.68,6,68,82,124,138,131.9999985333319,10,131.99999902222208,116.48996925354004,2
1725,graficon63nodi/grafo4263.63,6,63,77,123,137,93.99999999999983,13,94.00000000000092,21.090633869171143,2
1726,graficon66nodi/grafo9266.66,6,66,93,127,154,234.9999999614021,47,235.00000002060995,399.5624403953552,2
1727,graficon48nodi/grafo7477.48,6,48,69,126,147,134.9999999999999,28,135.00000000000006,70.83144879341125,2
1728,graficon65nodi/grafo4828.65,6,65,88,125,148,150.00000000000045,23,150.00000000000074,17.57246494293213,2
1729,graficon59nodi/grafo4124.59,6,59,82,126,149,122.00000000000061,18,122.00000000000118,76.14518094062805,2
1730,graficon51nodi/grafo3677.51,6,51,71,129,149,143.9999999999988,22,144.0,20.351677417755127,2
1731,graficon54nodi/grafo3737.54,6,54,77,127,150,141.0,31,141.0,182.29563212394714,2
1732,graficon64nodi/grafo9716.64,6,64,82,125,143,127.99999129118328,20,128.00000000000733,418.9528479576111,2
1733,graficon60nodi/grafo6454.60,6,60,78,125,143,98.00000000000024,18,98.00000000000033,95.71927452087402,2
1734,graficon63nodi/grafo9179.63,6,63,74,125,136,84.99999950387368,7,85.00000000000037,49.29540395736694,2
1735,graficon46nodi/grafo6834.46,6,46,67,127,148,126.00000000000004,29,126.0000000000003,15.791056394577026,2
1736,graficon50nodi/grafo4950.50,6,50,64,125,139,84.99999999999972,8,85.00000000000082,20.137432098388672,2
1737,graficon67nodi/grafo5107.67,6,67,80,129,142,105.9999993333332,15,106.00000000000027,121.98851370811462,2
1738,graficon44nodi/grafo7398.44,6,44,58,128,142,74.00000000000045,12,74.00000000000098,32.64542603492737,2
1739,graficon59nodi/grafo6969.59,6,59,79,129,149,124.00000000000006,22,124.00000000000048,15.772573471069336,2
1740,graficon54nodi/grafo3614.54,6,54,75,125,146,157.00000000000003,26,157.0000000000001,207.23476266860962,2
1741,graficon60nodi/grafo4876.60,6,60,78,127,145,123.9999999352459,23,124.00000000000264,173.1983563899994,2
1742,graficon40nodi/grafo10615.40,6,40,50,129,139,51.99999999999997,1,52.000000000000114,1.9437689781188965,2
1743,graficon69nodi/grafo9667.69,6,69,88,126,145,172.9999993333322,19,172.99999933333575,33.4166898727417,2
1744,graficon41nodi/grafo3889.41,6,41,55,126,140,92.0000000000003,12,92.00000000000239,32.34339094161987,2
1745,graficon43nodi/grafo7193.43,6,43,64,125,146,126.0,25,126.00000000000011,49.06787896156311,2
1746,graficon68nodi/grafo9145.68,6,68,86,129,147,140.99999902311774,23,141.000001471432,83.83129477500916,2
1747,graficon68nodi/grafo8032.68,6,68,83,126,141,92.00000000000038,5,92.0000000000007,21.018882274627686,2
1748,graficon56nodi/grafo4601.56,6,56,71,125,140,98.00000000000009,12,98.00000000000011,48.43891644477844,2
1749,graficon57nodi/grafo4462.57,6,57,67,127,137,72.00000000000023,5,72.00000000000021,11.146866083145142,2
1750,graficon69nodi/grafo7516.69,6,69,88,128,147,165.99999949999992,36,166.0000000000009,71.69049596786499,2
1751,graficon56nodi/grafo3789.56,6,56,79,129,152,169.0,31,169.0,35.77291512489319,2
1752,graficon49nodi/grafo1542.49,6,49,59,126,136,58.0,5,58.0,14.732843160629272,2
1753,graficon56nodi/grafo3569.56,6,56,75,125,144,146.00000000001162,23,146.00000000001188,30.882432460784912,2
1754,graficon62nodi/grafo9583.62,6,62,77,129,144,100.00000000000028,13,100.0000000000006,15.26226544380188,2
1755,graficon56nodi/grafo5249.56,6,56,85,125,154,275.99999089582354,36,275.99999718889154,600.6254312992096,9
1756,graficon48nodi/grafo3561.48,6,48,68,127,147,139.9999990352662,28,140.00000000000082,600.7187149524689,9
1757,graficon63nodi/grafo3204.63,6,63,87,128,152,205.99999999998664,40,206.00000000000261,40.723156452178955,2
1758,graficon53nodi/grafo7077.53,6,53,73,126,146,137.00000000000202,16,137.00000000000227,16.816412210464478,2
1759,graficon56nodi/grafo5077.56,6,56,79,125,148,inf,385,648,600.5822594165802,9
1760,graficon57nodi/grafo4700.57,6,57,76,125,144,137.0,21,137.0,15.098175764083862,2
1761,graficon58nodi/grafo7346.58,6,58,78,125,145,159.99999999999994,23,159.99999999999997,68.77016639709473,2
1762,graficon57nodi/grafo5317.57,6,57,73,127,143,138.00000000000006,21,138.00000000000006,38.52984070777893,2
1763,graficon61nodi/grafo4497.61,6,61,82,125,146,inf,287,606,600.192450761795,9
1764,graficon65nodi/grafo9519.65,6,65,85,128,148,97.99999750000026,22,97.99999750000049,48.29487204551697,2
1765,graficon55nodi/grafo3183.55,6,55,67,125,137,80.9999999999996,9,81.00000000000058,25.994707107543945,2
1766,graficon71nodi/grafo9009.71,6,71,83,128,140,130.0,18,130.00000000000006,120.73994541168213,2
1767,graficon58nodi/grafo6840.58,6,58,73,125,140,105.9999991118749,10,106.0000000000012,56.33403396606445,2
1768,graficon57nodi/grafo4773.57,6,57,79,128,150,168.99999999999997,30,169.0,42.38857865333557,2
1769,graficon54nodi/grafo6321.54,6,54,71,129,146,88.99999955500326,17,88.99999991010131,68.64845061302185,2
1770,graficon65nodi/grafo2881.65,6,65,76,129,140,86.99999925391164,9,87.000000000001,40.22929072380066,2
1771,graficon50nodi/grafo6410.50,6,50,69,128,147,109.00000000000014,16,109.00000000000036,27.389772176742554,2
1772,graficon64nodi/grafo9180.64,6,64,80,127,143,110.9999996787266,23,111.00000000000094,382.55090737342834,2
1773,graficon55nodi/grafo6500.55,6,55,75,125,145,215.00000000000017,26,215.00000000000026,306.30802059173584,2
1774,graficon74nodi/grafo7149.74,6,74,93,127,146,129.9999999999913,14,130.0000000000041,70.30271983146667,2
1775,graficon66nodi/grafo8998.66,6,66,99,127,160,inf,707,1107,600.5231692790985,9
1776,graficon60nodi/grafo5896.60,6,60,84,128,152,221.9999996011152,27,222.00000000000054,30.830167293548584,2
1777,graficon48nodi/grafo6833.48,6,48,69,129,150,125.99999950115327,19,126.00000049999973,35.68878626823425,2
1778,graficon44nodi/grafo6938.44,6,44,61,127,144,102.99999999999999,15,102.99999999999999,19.605477809906006,2
1779,graficon60nodi/grafo4138.60,6,60,83,129,152,186.99999567285914,40,187.0000003366733,401.1452043056488,2
1780,graficon63nodi/grafo5858.63,6,63,83,126,146,195.0000000000005,24,195.00000000000134,16.40547513961792,2
1781,graficon61nodi/grafo6803.61,6,61,87,125,151,inf,443,824,600.4014730453491,9
1782,graficon54nodi/grafo4701.54,6,54,67,126,139,80.00000000000014,8,80.00000000000023,33.01802730560303,2
1783,graficon43nodi/grafo5467.43,6,43,73,129,159,239.00000000000082,49,239.00000000000315,75.13436698913574,2
1784,graficon62nodi/grafo9257.62,6,62,85,128,151,213.99999999999983,38,213.9999999999998,600.3028407096863,9
1785,graficon59nodi/grafo6980.59,6,59,79,129,149,124.00000000000006,22,124.00000000000048,14.676882028579712,2
1786,graficon65nodi/grafo9475.65,6,65,84,126,145,107.99999999999764,25,108.00000000000027,487.5993435382843,2
1787,graficon54nodi/grafo7613.54,6,54,78,127,151,159.00000000000102,32,159.00000000000125,13.245867013931274,2
1788,graficon43nodi/grafo5187.43,6,43,61,129,147,93.00000000000047,12,93.00000000000051,7.076647758483887,2
1789,graficon41nodi/grafo3701.41,6,41,58,127,144,120.00000000000163,22,120.00000000000199,362.29578828811646,2
1790,graficon49nodi/grafo3085.49,6,49,72,128,151,148.99999974999847,26,149.0000009999993,15.67381763458252,2
1791,graficon68nodi/grafo9378.68,6,68,81,125,138,74.99999998868421,13,75.00000000404168,105.98938822746277,2
1792,graficon59nodi/grafo5600.59,6,59,78,125,144,192.9999994999986,19,192.99999999999946,22.465977430343628,2
1793,graficon46nodi/grafo6986.46,6,46,63,127,144,115.00000000000014,16,115.00000000000023,16.31139612197876,2
1794,graficon78nodi/grafo8145.78,6,78,98,127,147,inf,604,1042,600.2996945381165,9
1795,graficon61nodi/grafo4392.61,6,61,75,125,139,116.9999999999998,17,117.0000000000006,27.42572021484375,2
1796,graficon68nodi/grafo4472.68,6,68,90,128,150,139.99999999999997,21,140.0,85.58071756362915,2
1797,graficon80nodi/grafo9560.80,6,80,100,127,147,inf,771,1215,600.9870219230652,9
1798,graficon57nodi/grafo6238.57,6,57,87,128,158,233.00000000000003,42,233.0,58.51635217666626,2
1799,graficon62nodi/grafo2002.62,6,62,77,126,141,123.99999999999258,18,123.9999999999955,600.7425992488861,9
1800,graficon59nodi/grafo4615.59,6,59,75,129,145,97.99999867482218,14,98.00000099643441,76.38747000694275,2
1801,graficon56nodi/grafo4685.56,6,56,71,132,147,79.00000000000092,8,79.00000000000108,16.359922885894775,2
1802,graficon65nodi/grafo4904.65,6,65,78,130,143,89.00000000000028,5,89.00000000000041,24.24234628677368,2
1803,graficon75nodi/grafo7926.75,6,75,93,131,149,216.0,26,215.99999999999997,600.4924068450928,9
1804,graficon65nodi/grafo9415.65,6,65,85,131,151,210.99999999998232,37,211.00000000003297,600.9985156059265,9
1805,graficon48nodi/grafo5672.48,6,48,70,132,154,175.0000000000001,24,175.00000000000023,28.827730894088745,2
1806,graficon54nodi/grafo3189.54,6,54,84,132,162,inf,560,872,600.5895044803619,9
1807,graficon63nodi/grafo4702.63,6,63,89,134,160,inf,560,950,600.448988199234,9
1808,graficon60nodi/grafo8898.60,6,60,78,130,148,157.99999999999997,17,158.00000000000014,14.638725757598877,2
1809,graficon70nodi/grafo1381.70,6,70,87,133,150,87.99999951764578,9,88.00000048282655,12.279203414916992,2
1810,graficon62nodi/grafo8037.62,6,62,81,132,151,162.00000000000006,21,162.00000000000026,22.38974094390869,2
1811,graficon70nodi/grafo8234.70,6,70,89,131,150,115.00000000000023,22,115.00000000000027,149.01355934143066,2
1812,graficon63nodi/grafo7806.63,6,63,83,132,152,119.00000000000017,14,119.00000000000017,19.019343614578247,2
1813,graficon53nodi/grafo4882.53,6,53,75,133,155,116.00000000000014,23,116.00000000000041,31.257147073745728,2
1814,graficon69nodi/grafo1568.69,6,69,89,131,151,141.0,16,141.0,106.97413611412048,2
1815,graficon56nodi/grafo1478.56,6,56,69,132,145,85.00000000000003,6,85.0,110.93669486045837,2
1816,graficon67nodi/grafo9187.67,6,67,93,133,159,inf,524,872,600.6776564121246,9
1817,graficon40nodi/grafo2593.40,6,40,55,130,145,65.0,8,65.0,5.243438959121704,2
1818,graficon72nodi/grafo9592.72,6,72,86,132,146,88.0,18,88.0,80.49309206008911,2
1819,graficon38nodi/grafo6416.38,6,38,57,131,150,72.00000000000013,13,72.00000000000053,8.989376783370972,2
1820,graficon65nodi/grafo6412.65,6,65,82,133,150,131.0,21,131.0,12.21245789527893,2
1821,graficon54nodi/grafo4969.54,6,54,85,130,161,261.99999999999994,55,262.0,376.67678236961365,2
1822,graficon63nodi/grafo9400.63,6,63,85,134,156,118.00000000000097,28,118.00000000000261,22.386362552642822,2
1823,graficon66nodi/grafo1298.66,6,66,82,131,147,150.00000000000261,20,150.00000000000293,135.7395887374878,2
1824,graficon56nodi/grafo7752.56,6,56,69,134,147,108.00000000000144,10,108.00000000000215,75.87824749946594,2
1825,graficon67nodi/grafo9754.67,6,67,96,131,160,236.99999999999983,51,237.0000000000013,113.13096165657043,2
1826,graficon55nodi/grafo5444.55,6,55,70,134,149,123.00000000000016,15,123.00000000000013,120.43604516983032,2
1827,graficon66nodi/grafo4404.66,6,66,81,131,146,102.99998880476348,18,102.99999069286243,57.220797300338745,2
1828,graficon42nodi/grafo4033.42,6,42,64,133,155,135.0000000000001,19,135.0000000000001,16.77269411087036,2
1829,graficon69nodi/grafo9191.69,6,69,90,134,155,169.99999999999892,23,170.0000000000025,19.207467317581177,2
1830,graficon71nodi/grafo8560.71,6,71,93,132,154,inf,488,783,600.5267508029938,9
1831,graficon46nodi/grafo5778.46,6,46,69,132,155,152.9999999999994,27,152.9999999999996,109.59114575386047,2
1832,graficon51nodi/grafo4577.51,6,51,68,132,149,121.00000000000009,19,121.00000000000011,13.376725673675537,2
1833,graficon60nodi/grafo7493.60,6,60,83,131,154,174.0000000000003,32,174.00000000000037,22.269389152526855,2
1834,graficon68nodi/grafo1575.68,6,68,84,133,149,103.99999999999996,13,103.99999999999997,13.14828109741211,2
1835,graficon45nodi/grafo6295.45,6,45,67,130,152,138.99999999999994,28,139.0,199.06129336357117,2
1836,graficon68nodi/grafo1303.68,6,68,84,131,147,100.00000000000001,15,100.0,204.906809091568,2
1837,graficon65nodi/grafo9272.65,6,65,81,130,146,140.0000000000002,22,140.00000000000063,173.0089898109436,2
1838,graficon65nodi/grafo9575.65,6,65,82,130,147,115.99999966666687,16,116.00000000000072,24.062605381011963,2
1839,graficon64nodi/grafo5067.64,6,64,82,131,149,120.99999907142856,18,120.99998700000043,66.82845115661621,2
1840,graficon63nodi/grafo4679.63,6,63,87,131,155,inf,379,613,600.191403388977,9
1841,graficon69nodi/grafo8072.69,6,69,88,132,151,112.99999817949099,15,113.00000000000104,38.37082052230835,2
1842,graficon56nodi/grafo3427.56,6,56,81,131,156,232.99999661533698,48,232.9999987692607,148.29105639457703,2
1843,graficon46nodi/grafo6994.46,6,46,64,134,152,126.99999889208921,16,127.00000111111169,79.4640839099884,2
1844,graficon66nodi/grafo4737.66,6,66,86,132,152,143.00000000000017,28,143.00000000000026,147.3895354270935,2
1845,graficon56nodi/grafo5851.56,6,56,75,131,150,145.99999999999898,25,145.9999999999998,97.2982382774353,2
1846,graficon63nodi/grafo5068.63,6,63,87,132,156,191.99999999999946,46,191.99999999999952,482.2296688556671,2
1847,graficon55nodi/grafo1487.55,6,55,71,130,146,137.0,17,137.0,16.21514582633972,2
1848,graficon60nodi/grafo9141.60,6,60,82,130,152,138.00000000000023,25,138.00000000000026,11.518938064575195,2
1849,graficon44nodi/grafo6014.44,6,44,59,133,148,87.99999999999999,10,87.99999999999997,22.03922414779663,2
1850,graficon55nodi/grafo6741.55,6,55,80,131,156,inf,407,675,600.5518116950989,9
1851,graficon66nodi/grafo4727.66,6,66,88,133,155,190.9999995038429,27,191.00000050000418,600.399790763855,9
1852,graficon60nodi/grafo5435.60,6,60,85,132,157,228.9999999999979,49,228.99999999999844,600.462856054306,9
1853,graficon41nodi/grafo3340.41,6,41,54,130,143,78.0,8,78.00000000000003,10.93181586265564,2
1854,graficon65nodi/grafo9417.65,6,65,88,132,155,138.0,12,138.0,12.643235445022583,2
1855,graficon61nodi/grafo7324.61,6,61,77,132,148,123.99999952083368,17,124.0000004833342,195.27448844909668,2
1856,graficon70nodi/grafo9841.70,6,70,97,131,158,225.99999999999932,55,225.99999999999966,601.0417127609253,9
1857,graficon69nodi/grafo7954.69,6,69,103,134,168,inf,640,1208,600.5055019855499,9
1858,graficon48nodi/grafo3327.48,6,48,73,133,158,208.99999907716722,25,209.00000000000102,106.03016114234924,2
1859,graficon60nodi/grafo8610.60,6,60,77,133,150,96.0,14,96.00000000000125,17.147234201431274,2
1860,graficon71nodi/grafo5375.71,6,71,93,132,154,inf,612,1076,600.3938157558441,9
1861,graficon60nodi/grafo4910.60,6,60,76,132,148,90.99999999999997,18,91.00000000000001,50.852126359939575,2
1862,graficon63nodi/grafo1606.63,6,63,85,133,155,168.00000000000023,29,168.00000000000034,16.8335382938385,2
1863,graficon83nodi/grafo8245.83,6,83,104,130,151,inf,658,986,600.3363726139069,9
1864,graficon59nodi/grafo4591.59,6,59,83,131,155,155.99999520072583,25,155.99999819196017,422.10578894615173,2
1865,graficon54nodi/grafo1545.54,6,54,71,134,151,134.99999999999505,17,135.00000000000446,80.70747804641724,2
1866,graficon53nodi/grafo5052.53,6,53,77,130,154,176.99999906546648,31,177.00000046875007,46.55629253387451,2
1867,graficon51nodi/grafo7562.51,6,51,81,133,163,inf,531,849,600.5660629272461,9
1868,graficon58nodi/grafo5403.58,6,58,77,130,149,173.99999999999147,31,174.0000000000628,111.49707007408142,2
1869,graficon79nodi/grafo9810.79,6,79,101,133,155,inf,523,854,600.3090207576752,9
1870,graficon48nodi/grafo5806.48,6,48,65,130,147,97.99999980595209,14,98.0000003888907,80.1454906463623,2
1871,graficon49nodi/grafo5654.49,6,49,68,130,149,115.99999764019056,19,115.99999952777995,28.690471172332764,2
1872,graficon60nodi/grafo6316.60,6,60,82,132,154,193.0,34,193.0,221.59000325202942,2
1873,graficon63nodi/grafo9246.63,6,63,89,133,159,206.9999990630322,46,207.0000000000009,600.3372495174408,9
1874,graficon71nodi/grafo9173.71,6,71,105,134,168,332.99999999999136,72,332.99999999999443,600.5660858154297,9
1875,graficon78nodi/grafo9549.78,6,78,97,132,151,inf,676,1076,600.2115232944489,9
