Index,Data,combo_idx,Nodes,Edges,TotalNodes,TotalEdges,ObjVal,Crossings,EdgeLength,Runtime,Status
1,graficon13nodi/grafo2567.13,7,13,13,13,13,4.0,0,4.0,0.0253450870513916,2
2,graficon11nodi/grafo685.11,7,11,11,13,13,5.0,0,5.0,0.027059555053710938,2
3,graficon10nodi/grafo2511.10,7,10,10,12,12,5.0,0,5.0,0.026041507720947266,2
4,graficon12nodi/grafo957.12,7,12,11,13,12,4.0,0,4.0,0.023601293563842773,2
5,graficon14nodi/grafo769.14,7,14,13,14,13,4.0,0,4.0,0.030974626541137695,2
6,graficon10nodi/grafo1070.10,7,10,10,12,12,4.0,0,4.0,0.02479243278503418,2
7,graficon10nodi/grafo473.10,7,10,10,12,12,4.0,0,4.0,0.021997928619384766,2
8,graficon14nodi/grafo371.14,7,14,13,14,13,5.0,0,5.0,0.0369725227355957,2
9,graficon12nodi/grafo906.12,7,12,11,12,11,3.0,0,3.0,0.027686595916748047,2
10,graficon11nodi/grafo927.11,7,11,10,11,10,3.0,0,3.0,0.026598453521728516,2
11,graficon10nodi/grafo758.10,7,10,10,12,12,4.0,0,4.0,0.02736353874206543,2
12,graficon12nodi/grafo122.12,7,12,11,12,11,3.0,0,3.0,0.023729801177978516,2
13,graficon12nodi/grafo1843.12,7,12,15,14,17,10.0,2,10.0,0.034462928771972656,2
14,graficon10nodi/grafo898.10,7,10,9,10,9,2.0,0,2.0,0.024060964584350586,2
15,graficon11nodi/grafo2433.11,7,11,11,13,13,3.0,0,3.0,0.008523702621459961,2
16,graficon11nodi/grafo749.11,7,11,10,13,12,3.0,0,3.0,0.03094959259033203,2
17,graficon10nodi/grafo961.10,7,10,10,12,12,4.0,0,4.0,0.02483057975769043,2
18,graficon10nodi/grafo1857.10,7,10,12,12,14,6.0,0,6.0,0.026330947875976562,2
19,graficon11nodi/grafo1004.11,7,11,12,12,13,6.0,0,6.0,0.02512836456298828,2
20,graficon11nodi/grafo675.11,7,11,11,13,13,4.0,0,4.0,0.023691654205322266,2
21,graficon10nodi/grafo633.10,7,10,9,10,9,2.0,0,2.0,0.02147650718688965,2
22,graficon13nodi/grafo2908.13,7,13,12,13,12,3.0,0,3.0,0.024628639221191406,2
23,graficon11nodi/grafo441.11,7,11,11,13,13,6.0,0,6.0,0.011754035949707031,2
24,graficon11nodi/grafo2812.11,7,11,11,13,13,3.0,0,3.0,0.008765220642089844,2
25,graficon10nodi/grafo881.10,7,10,9,10,9,1.0,0,1.0,0.008359670639038086,2
26,graficon10nodi/grafo455.10,7,10,10,13,13,3.0,0,3.0,0.025123119354248047,2
27,graficon12nodi/grafo933.12,7,12,11,12,11,3.0,0,3.0,0.021465778350830078,2
28,graficon12nodi/grafo256.12,7,12,11,12,11,2.0,0,2.0,0.02195262908935547,2
29,graficon10nodi/grafo1098.10,7,10,9,10,9,2.0,0,2.0,0.022084951400756836,2
30,graficon11nodi/grafo246.11,7,11,10,11,10,2.0,0,2.0,0.023154735565185547,2
31,graficon12nodi/grafo2668.12,7,12,13,14,15,5.0,1,5.0,0.025054216384887695,2
32,graficon12nodi/grafo667.12,7,12,12,13,13,5.0,0,5.0,0.028787851333618164,2
33,graficon12nodi/grafo986.12,7,12,11,12,11,3.0,0,3.0,0.026365995407104492,2
34,graficon10nodi/grafo782.10,7,10,9,10,9,2.0,0,2.0,0.024002552032470703,2
35,graficon12nodi/grafo756.12,7,12,11,12,11,3.0,0,3.0,0.03025031089782715,2
36,graficon11nodi/grafo1629.11,7,11,11,14,14,4.999999999999998,0,4.999999999999998,0.03728842735290527,2
37,graficon12nodi/grafo888.12,7,12,13,14,15,11.0,0,11.0,0.03162193298339844,2
38,graficon11nodi/grafo1162.11,7,11,11,12,12,4.0,0,4.0,0.030532121658325195,2
39,graficon11nodi/grafo3101.11,7,11,11,13,13,3.0,0,3.0,0.008590221405029297,2
40,graficon10nodi/grafo910.10,7,10,9,10,9,2.0,0,2.0,0.024691104888916016,2
41,graficon13nodi/grafo514.13,7,13,12,13,12,3.0,0,3.0,0.031658172607421875,2
42,graficon10nodi/grafo718.10,7,10,10,12,12,4.0,0,4.0,0.023459196090698242,2
43,graficon10nodi/grafo1123.10,7,10,10,12,12,4.0,0,4.0,0.022870302200317383,2
44,graficon10nodi/grafo474.10,7,10,10,12,12,4.0,0,4.0,0.022874116897583008,2
45,graficon14nodi/grafo272.14,7,14,13,14,13,3.999999999999993,0,3.9999999999999964,0.027270793914794922,2
46,graficon11nodi/grafo1084.11,7,11,10,11,10,1.0,0,1.0,0.00819706916809082,2
47,graficon11nodi/grafo2971.11,7,11,11,13,13,3.0,0,3.0,0.008569717407226562,2
48,graficon11nodi/grafo313.11,7,11,10,13,12,4.0,0,4.0,0.029714107513427734,2
49,graficon11nodi/grafo532.11,7,11,11,13,13,4.0,0,4.0,0.024931907653808594,2
50,graficon11nodi/grafo857.11,7,11,11,12,12,5.0,0,5.0,0.008507490158081055,2
51,graficon10nodi/grafo978.10,7,10,10,12,12,4.0,0,4.0,0.02645254135131836,2
52,graficon13nodi/grafo1067.13,7,13,13,13,13,4.0,0,4.0,0.029438257217407227,2
53,graficon12nodi/grafo2949.12,7,12,11,12,11,3.0,0,3.0,0.025272369384765625,2
54,graficon10nodi/grafo962.10,7,10,10,12,12,4.0,0,4.0,0.022780418395996094,2
55,graficon10nodi/grafo460.10,7,10,9,10,9,2.0,0,2.0,0.02212667465209961,2
56,graficon11nodi/grafo3073.11,7,11,11,13,13,3.0,0,3.0,0.01873946189880371,2
57,graficon11nodi/grafo316.11,7,11,13,14,16,9.0,0,9.0,0.03008246421813965,2
58,graficon13nodi/grafo2415.13,7,13,13,14,14,4.0,0,4.0,0.029030323028564453,2
59,graficon12nodi/grafo861.12,7,12,12,14,14,9.0,0,9.0,0.06121015548706055,2
60,graficon11nodi/grafo612.11,7,11,11,13,13,4.0,0,4.0,0.026302576065063477,2
61,graficon10nodi/grafo513.10,7,10,10,12,12,4.0,0,4.0,0.022485017776489258,2
62,graficon12nodi/grafo352.12,7,12,12,14,14,4.0,1,4.0,0.029839515686035156,2
63,graficon11nodi/grafo3113.11,7,11,11,13,13,3.0,0,3.0,0.008683204650878906,2
64,graficon12nodi/grafo2651.12,7,12,13,12,13,6.999999999999993,2,6.999999999999993,0.034250736236572266,2
65,graficon13nodi/grafo2595.13,7,13,12,13,12,3.0,0,3.0,0.03085160255432129,2
66,graficon14nodi/grafo345.14,7,14,13,14,13,3.999999999999993,0,3.9999999999999964,0.025809526443481445,2
67,graficon10nodi/grafo209.10,7,10,10,12,12,4.0,0,4.0,0.022222518920898438,2
68,graficon11nodi/grafo1005.11,7,11,11,12,12,5.0,0,5.0,0.0318300724029541,2
69,graficon10nodi/grafo1032.10,7,10,9,10,9,2.0,0,2.0,0.022051095962524414,2
70,graficon10nodi/grafo210.10,7,10,10,12,12,4.0,0,4.0,0.02259373664855957,2
71,graficon11nodi/grafo759.11,7,11,12,12,13,6.0,1,6.0,0.02687692642211914,2
72,graficon10nodi/grafo265.10,7,10,12,12,14,8.0,1,8.0,0.012527942657470703,2
73,graficon12nodi/grafo2439.12,7,12,12,13,13,5.0,0,5.0,0.027576684951782227,2
74,graficon11nodi/grafo748.11,7,11,11,13,13,4.0,0,4.0,0.024283885955810547,2
75,graficon11nodi/grafo2714.11,7,11,11,13,13,3.0,0,3.0,0.008732795715332031,2
76,graficon15nodi/grafo886.15,7,15,15,18,18,6.0,0,6.0,0.03965616226196289,2
77,graficon12nodi/grafo2359.12,7,12,17,16,21,23.99999999999999,3,23.99999999999999,1.4091105461120605,2
78,graficon17nodi/grafo565.17,7,17,17,19,19,5.0,0,5.0,0.027233600616455078,2
79,graficon14nodi/grafo642.14,7,14,15,16,17,7.999999999999985,1,7.999999999999985,0.02761244773864746,2
80,graficon15nodi/grafo2783.15,7,15,17,19,21,12.999999999999998,1,13.0,0.06632423400878906,2
81,graficon12nodi/grafo2707.12,7,12,14,16,18,8.0,1,8.0,0.03314042091369629,2
82,graficon16nodi/grafo2861.16,7,16,15,18,17,10.0,1,10.0,1.4760472774505615,2
83,graficon16nodi/grafo853.16,7,16,16,16,16,5.0,0,5.0,0.02879786491394043,2
84,graficon17nodi/grafo1122.17,7,17,17,19,19,5.0,0,5.0,0.026914119720458984,2
85,graficon11nodi/grafo2384.11,7,11,12,15,16,6.0,0,6.0,0.02786707878112793,2
86,graficon15nodi/grafo1618.15,7,15,16,19,20,12.0,0,12.0,0.04908108711242676,2
87,graficon13nodi/grafo325.13,7,13,14,15,16,7.0,1,7.0,0.028423547744750977,2
88,graficon17nodi/grafo1161.17,7,17,18,19,20,11.0,0,11.0,0.08385705947875977,2
89,graficon13nodi/grafo510.13,7,13,16,18,21,11.0,1,11.0,0.031114578247070312,2
90,graficon14nodi/grafo367.14,7,14,14,15,15,5.0,0,5.0,0.012708902359008789,2
91,graficon13nodi/grafo477.13,7,13,13,15,15,3.0,0,3.0,0.023308515548706055,2
92,graficon13nodi/grafo951.13,7,13,17,19,23,21.999999999999915,0,21.999999999999915,2.003683567047119,2
93,graficon11nodi/grafo1734.11,7,11,14,17,20,11.999999999999979,1,11.999999999999979,0.03504037857055664,2
94,graficon15nodi/grafo2797.15,7,15,17,15,17,10.0,1,10.0,0.02602982521057129,2
95,graficon12nodi/grafo2335.12,7,12,14,19,21,9.0,0,9.0,0.011671304702758789,2
96,graficon10nodi/grafo1740.10,7,10,13,17,20,17.0,1,17.0,0.05795693397521973,2
97,graficon13nodi/grafo1853.13,7,13,15,17,19,16.99999999999959,3,16.99999999999959,1.4074676036834717,2
98,graficon16nodi/grafo2142.16,7,16,16,17,17,7.0,0,7.0,0.03632211685180664,2
99,graficon14nodi/grafo956.14,7,14,15,15,16,7.999999999999991,1,7.999999999999991,0.029902935028076172,2
100,graficon15nodi/grafo585.15,7,15,16,19,20,11.000000000000002,0,11.000000000000002,0.049104928970336914,2
101,graficon14nodi/grafo2291.14,7,14,14,16,16,11.999999999999915,1,11.999999999999915,0.061849117279052734,2
102,graficon14nodi/grafo1658.14,7,14,15,19,20,7.0,0,7.0,0.028119802474975586,2
103,graficon13nodi/grafo559.13,7,13,15,19,21,10.0,0,10.0,0.03040289878845215,2
104,graficon15nodi/grafo2377.15,7,15,15,16,16,6.0,0,6.0,0.0347902774810791,2
105,graficon14nodi/grafo2189.14,7,14,16,17,19,12.0,1,12.0,0.04978132247924805,2
106,graficon16nodi/grafo322.16,7,16,15,17,16,5.999999999999991,0,5.999999999999991,0.045686960220336914,2
107,graficon14nodi/grafo2460.14,7,14,14,15,15,5.0,0,5.0,0.029300928115844727,2
108,graficon16nodi/grafo1177.16,7,16,15,17,16,5.999999999999998,0,5.999999999999998,0.03561091423034668,2
109,graficon13nodi/grafo203.13,7,13,14,15,16,8.0,1,8.0,0.03812122344970703,2
110,graficon13nodi/grafo387.13,7,13,15,19,21,12.0,1,12.0,0.04367852210998535,2
111,graficon15nodi/grafo1107.15,7,15,19,19,23,18.99999999999998,0,18.99999999999998,0.053426504135131836,2
112,graficon12nodi/grafo576.12,7,12,14,17,19,6.999999999999997,0,7.0,0.032720088958740234,2
113,graficon12nodi/grafo542.12,7,12,14,17,19,8.0,0,8.0,0.02881646156311035,2
114,graficon10nodi/grafo1898.10,7,10,15,16,21,20.0,1,20.0,0.03782248497009277,2
115,graficon12nodi/grafo543.12,7,12,12,15,15,4.999999999999979,1,4.999999999999979,0.03126406669616699,2
116,graficon14nodi/grafo843.14,7,14,14,15,15,10.999999999999938,0,11.0,1.373359203338623,2
117,graficon14nodi/grafo1620.14,7,14,15,17,18,7.0,0,7.0,0.024101734161376953,2
118,graficon14nodi/grafo255.14,7,14,16,16,18,14.999999999999892,2,14.999999999999892,1.4206132888793945,2
119,graficon14nodi/grafo899.14,7,14,15,15,16,11.0,1,11.0,1.3159465789794922,2
120,graficon17nodi/grafo422.17,7,17,17,18,18,9.0,0,9.0,0.029349088668823242,2
121,graficon13nodi/grafo440.13,7,13,14,18,19,9.0,0,9.0,0.028494596481323242,2
122,graficon11nodi/grafo280.11,7,11,12,15,16,8.999999999999993,0,8.999999999999993,0.02763199806213379,2
123,graficon15nodi/grafo2331.15,7,15,17,17,19,10.0,0,10.0,0.008670568466186523,2
124,graficon11nodi/grafo1006.11,7,11,12,15,16,5.0,0,5.0,0.027936220169067383,2
125,graficon13nodi/grafo2218.13,7,13,13,16,16,5.999999999999993,1,5.999999999999995,0.03287959098815918,2
126,graficon14nodi/grafo3087.14,7,14,14,16,16,10.0,0,10.0,1.3931889533996582,2
127,graficon16nodi/grafo1069.16,7,16,15,17,16,6.0,0,6.0,0.0370180606842041,2
128,graficon14nodi/grafo524.14,7,14,15,15,16,7.0,0,7.000000000000005,0.025284767150878906,2
129,graficon11nodi/grafo1913.11,7,11,14,15,18,10.0,0,10.0,0.02007746696472168,2
130,graficon14nodi/grafo2919.14,7,14,15,17,18,6.999999999999991,0,6.999999999999991,0.030515432357788086,2
131,graficon16nodi/grafo418.16,7,16,18,19,21,15.0,0,15.0,0.04909229278564453,2
132,graficon13nodi/grafo1935.13,7,13,18,17,22,16.0,1,16.0,0.04161405563354492,2
133,graficon17nodi/grafo774.17,7,17,18,19,20,16.0,2,16.0,1.8760607242584229,2
134,graficon16nodi/grafo1029.16,7,16,16,18,18,5.0,0,5.0,0.025861263275146484,2
135,graficon12nodi/grafo2663.12,7,12,13,15,16,6.0,0,6.0,0.03266119956970215,2
136,graficon14nodi/grafo2634.14,7,14,13,15,14,6.0,0,6.0,0.04208254814147949,2
137,graficon12nodi/grafo2380.12,7,12,12,16,16,8.0,0,8.0,0.03464698791503906,2
138,graficon17nodi/grafo2146.17,7,17,17,19,19,8.0,0,8.0,0.04643082618713379,2
139,graficon14nodi/grafo2900.14,7,14,14,18,18,7.0,0,7.0,0.02754521369934082,2
140,graficon13nodi/grafo430.13,7,13,14,16,17,6.0,0,6.0,0.00861978530883789,2
141,graficon10nodi/grafo938.10,7,10,14,19,23,24.000000000000128,3,24.000000000000128,1.847308874130249,2
142,graficon14nodi/grafo1063.14,7,14,15,18,19,7.0,0,7.0,0.031169891357421875,2
143,graficon11nodi/grafo2964.11,7,11,12,19,20,6.999999999999989,0,6.999999999999995,0.04027843475341797,2
144,graficon13nodi/grafo989.13,7,13,14,18,19,6.0,0,6.0,0.031735897064208984,2
145,graficon11nodi/grafo822.11,7,11,13,18,20,7.0,1,7.0,0.029746532440185547,2
146,graficon10nodi/grafo1774.10,7,10,15,16,21,20.0,1,20.0,0.0415034294128418,2
147,graficon11nodi/grafo900.11,7,11,13,18,20,7.0,0,7.0,0.03290390968322754,2
148,graficon13nodi/grafo2927.13,7,13,14,19,20,12.999999999999979,1,12.999999999999982,0.11207222938537598,2
149,graficon13nodi/grafo2354.13,7,13,16,19,22,16.0,1,16.0,0.046875715255737305,2
150,graficon13nodi/grafo791.13,7,13,15,19,21,8.999999999999993,1,8.999999999999996,0.05563974380493164,2
151,graficon16nodi/grafo1945.16,7,16,17,23,24,11.99999999999999,2,12.000000000000009,2.708784580230713,2
152,graficon17nodi/grafo2644.17,7,17,19,23,25,11.0,0,11.0,0.027994155883789062,2
153,graficon17nodi/grafo2882.17,7,17,18,24,25,8.0,0,8.0,0.03198695182800293,2
154,graficon19nodi/grafo794.19,7,19,21,22,24,14.999999999999975,1,14.999999999999975,0.05119967460632324,2
155,graficon14nodi/grafo489.14,7,14,15,22,23,9.0,1,9.00000000000016,0.12302517890930176,2
156,graficon18nodi/grafo1865.18,7,18,20,23,25,16.0,0,16.0,0.05648660659790039,2
157,graficon15nodi/grafo1970.15,7,15,17,22,24,9.99999999999999,0,9.999999999999991,0.060033559799194336,2
158,graficon14nodi/grafo2419.14,7,14,17,24,27,14.0,1,14.0,0.09279918670654297,2
159,graficon12nodi/grafo2855.12,7,12,17,24,29,16.99999999999997,1,16.999999999999982,0.046630144119262695,2
160,graficon13nodi/grafo1729.13,7,13,19,22,28,31.000000000000018,5,31.00000000000002,2.2041635513305664,2
161,graficon13nodi/grafo2832.13,7,13,14,23,24,8.999999999999957,0,8.999999999999961,1.2733643054962158,2
162,graficon18nodi/grafo1893.18,7,18,18,21,21,8.999999999999996,0,8.999999999999996,0.04181838035583496,2
163,graficon18nodi/grafo1059.18,7,18,18,22,22,6.0,0,6.0,0.03349733352661133,2
164,graficon12nodi/grafo2890.12,7,12,14,20,22,9.0,0,9.0,0.04223370552062988,2
165,graficon16nodi/grafo2231.16,7,16,20,22,26,22.0,1,22.0,0.03665614128112793,2
166,graficon20nodi/grafo2767.20,7,20,22,24,26,12.999999999999982,1,12.999999999999982,0.09242558479309082,2
167,graficon20nodi/grafo3051.20,7,20,23,24,27,11.0,0,11.0,0.043849945068359375,2
168,graficon12nodi/grafo638.12,7,12,17,22,27,16.0,0,16.0,0.03385019302368164,2
169,graficon15nodi/grafo2233.15,7,15,20,23,28,24.999999999999954,0,24.999999999999964,1.5762112140655518,2
170,graficon16nodi/grafo275.16,7,16,18,24,26,12.0,1,12.000000000000005,0.06019997596740723,2
171,graficon22nodi/grafo2137.22,7,22,21,24,23,6.999999999999971,0,6.999999999999988,0.06559062004089355,2
172,graficon18nodi/grafo314.18,7,18,18,22,22,6.0,0,6.0,0.040248870849609375,2
173,graficon15nodi/grafo2225.15,7,15,18,23,26,11.0,0,11.0,0.02760148048400879,2
174,graficon11nodi/grafo1876.11,7,11,19,24,32,24.999999999999964,6,24.999999999999964,0.18068766593933105,2
175,graficon13nodi/grafo891.13,7,13,13,20,20,5.000000000000001,0,5.000000000000001,0.026259183883666992,2
176,graficon12nodi/grafo2675.12,7,12,14,20,22,9.0,0,9.0,0.06530165672302246,2
177,graficon11nodi/grafo1835.11,7,11,15,21,25,15.999999999999986,0,15.999999999999993,0.07087230682373047,2
178,graficon23nodi/grafo2357.23,7,23,22,24,23,13.0,0,13.0,0.05632901191711426,2
179,graficon15nodi/grafo1982.15,7,15,17,24,26,12.999999999999963,1,12.999999999999963,1.3718187808990479,2
180,graficon14nodi/grafo378.14,7,14,17,22,25,19.999999999999744,0,19.999999999999872,2.2029008865356445,2
181,graficon17nodi/grafo2324.17,7,17,21,23,27,14.0,2,14.0,0.04272818565368652,2
182,graficon13nodi/grafo964.13,7,13,16,23,26,14.999999999999902,0,15.000000000000032,0.07170557975769043,2
183,graficon19nodi/grafo423.19,7,19,21,23,25,14.999999999999972,0,14.999999999999972,0.057741641998291016,2
184,graficon13nodi/grafo2204.13,7,13,13,20,20,7.0,0,7.0,0.07533073425292969,2
185,graficon13nodi/grafo443.13,7,13,15,20,22,11.0,2,11.0,0.06168985366821289,2
186,graficon20nodi/grafo215.20,7,20,22,24,26,17.0,1,17.0,0.06272506713867188,2
187,graficon14nodi/grafo1662.14,7,14,20,24,30,20.99999999999963,2,20.999999999999815,1.4921307563781738,2
188,graficon20nodi/grafo495.20,7,20,20,24,24,7.9999999999999964,0,7.999999999999998,0.06319642066955566,2
189,graficon16nodi/grafo2281.16,7,16,21,24,29,22.999999999999996,1,23.0,0.05054903030395508,2
190,graficon11nodi/grafo1054.11,7,11,15,23,27,21.999999999999954,0,21.999999999999954,1.443018913269043,2
191,graficon16nodi/grafo661.16,7,16,17,21,22,9.999999999999979,1,9.999999999999986,0.03790712356567383,2
192,graficon12nodi/grafo844.12,7,12,18,20,26,25.999999999999925,2,25.99999999999993,0.05072593688964844,2
193,graficon19nodi/grafo1661.19,7,19,21,21,23,12.999999999999998,2,12.999999999999998,1.7430553436279297,2
194,graficon18nodi/grafo2186.18,7,18,23,23,28,16.0,3,16.0,0.05722498893737793,2
195,graficon12nodi/grafo2867.12,7,12,16,22,26,20.0,0,20.0,0.04636573791503906,2
196,graficon15nodi/grafo1136.15,7,15,17,24,26,12.999999999999995,0,13.00000000000001,0.037291765213012695,2
197,graficon20nodi/grafo1651.20,7,20,21,23,24,17.0,1,17.0,1.542757272720337,2
198,graficon15nodi/grafo2157.15,7,15,15,20,20,7.000000000000001,0,7.000000000000001,0.044414520263671875,2
199,graficon17nodi/grafo1634.17,7,17,18,20,21,16.0,1,16.0,0.060243844985961914,2
200,graficon16nodi/grafo2440.16,7,16,20,22,26,19.0,4,19.0,0.09714221954345703,2
201,graficon18nodi/grafo953.18,7,18,18,22,22,6.0,0,6.0,0.034156084060668945,2
202,graficon23nodi/grafo1485.23,7,23,22,23,22,9.0,0,9.0,0.07395458221435547,2
203,graficon13nodi/grafo2620.13,7,13,16,20,23,15.0,0,15.0,0.027630329132080078,2
204,graficon17nodi/grafo2680.17,7,17,22,22,27,21.999999999999847,2,21.999999999999847,1.444737434387207,2
205,graficon20nodi/grafo1649.20,7,20,22,24,26,24.99999999999995,2,24.99999999999995,0.08009600639343262,2
206,graficon19nodi/grafo1897.19,7,19,20,24,25,12.0,0,12.0,0.08790779113769531,2
207,graficon13nodi/grafo2645.13,7,13,17,23,27,15.0,0,15.0,0.03091120719909668,2
208,graficon18nodi/grafo2480.18,7,18,21,22,25,15.0,0,15.0,0.04998278617858887,2
209,graficon13nodi/grafo2298.13,7,13,14,21,22,7.999999999999998,0,8.000000000000007,0.07924151420593262,2
210,graficon15nodi/grafo739.15,7,15,18,23,26,13.999999999999853,0,13.99999999999985,0.07242751121520996,2
211,graficon17nodi/grafo2679.17,7,17,19,21,23,13.999999999999993,1,14.0,0.06188035011291504,2
212,graficon14nodi/grafo2430.14,7,14,15,21,22,9.999999999999995,0,10.000000000000005,0.02697920799255371,2
213,graficon15nodi/grafo582.15,7,15,16,22,23,10.0,0,10.0,0.03892850875854492,2
214,graficon11nodi/grafo1619.11,7,11,15,21,25,15.000000000000002,3,15.000000000000002,2.416748523712158,2
215,graficon15nodi/grafo1124.15,7,15,16,23,24,9.0,0,9.0,0.06287217140197754,2
216,graficon12nodi/grafo1763.12,7,12,21,22,31,36.99999999999966,2,36.99999999999966,1.5692646503448486,2
217,graficon17nodi/grafo1094.17,7,17,19,21,23,10.0,0,10.0,0.03963923454284668,2
218,graficon15nodi/grafo2903.15,7,15,16,20,21,10.99999999999994,1,10.99999999999994,0.06457757949829102,2
219,graficon11nodi/grafo1088.11,7,11,17,22,28,25.99999999999993,0,25.999999999999964,1.3352546691894531,2
220,graficon17nodi/grafo645.17,7,17,19,21,23,15.999999999999986,0,15.999999999999986,0.05445599555969238,2
221,graficon16nodi/grafo2537.16,7,16,19,21,24,9.0,0,9.0,0.04416298866271973,2
222,graficon15nodi/grafo1030.15,7,15,16,23,24,9.0,0,9.0,0.040445566177368164,2
223,graficon14nodi/grafo242.14,7,14,16,21,23,10.0,0,10.0,0.024018287658691406,2
224,graficon17nodi/grafo1009.17,7,17,17,24,24,6.999999999999971,0,6.9999999999999805,0.03444790840148926,2
225,graficon13nodi/grafo3112.13,7,13,14,20,21,8.999999999999996,0,9.0,0.04281806945800781,2
226,graficon16nodi/grafo1731.16,7,16,19,25,28,12.0,0,12.0,0.05160641670227051,2
227,graficon16nodi/grafo967.16,7,16,17,26,27,8.000000000000002,0,8.000000000000002,0.04301118850708008,2
228,graficon17nodi/grafo1732.17,7,17,20,27,30,14.999999999999998,0,14.999999999999998,0.06713581085205078,2
229,graficon20nodi/grafo2272.20,7,20,23,27,30,21.999999999999954,0,21.999999999999954,0.044970035552978516,2
230,graficon18nodi/grafo1146.18,7,18,29,29,40,50.0,6,50.0,0.16158032417297363,2
231,graficon18nodi/grafo2289.18,7,18,20,25,27,13.999999999999968,0,13.999999999999968,1.2879390716552734,2
232,graficon16nodi/grafo2420.16,7,16,18,28,30,9.0,1,9.0,0.0848686695098877,2
233,graficon12nodi/grafo574.12,7,12,19,27,34,26.99999999999995,2,26.99999999999995,0.0975351333618164,2
234,graficon21nodi/grafo804.21,7,21,22,28,29,15.999999999999957,0,15.999999999999957,1.4756572246551514,2
235,graficon22nodi/grafo694.22,7,22,23,27,28,12.0,0,12.0,0.0437321662902832,2
236,graficon17nodi/grafo479.17,7,17,23,25,31,39.9999999999997,7,39.99999999999971,3.8670849800109863,2
237,graficon18nodi/grafo538.18,7,18,19,25,26,11.0,0,11.000000000000004,0.034838199615478516,2
238,graficon21nodi/grafo2416.21,7,21,24,29,32,12.0,1,12.0,0.06590557098388672,2
239,graficon17nodi/grafo2418.17,7,17,20,26,29,15.999999999999993,2,15.999999999999993,2.893745183944702,2
240,graficon24nodi/grafo1463.24,7,24,25,25,26,15.0,0,15.000000000000075,2.2717604637145996,2
241,graficon13nodi/grafo1885.13,7,13,16,25,28,15.0,0,15.0,0.08116888999938965,2
242,graficon11nodi/grafo1697.11,7,11,17,28,34,18.99999999999968,2,18.99999999999968,0.12849664688110352,2
243,graficon15nodi/grafo583.15,7,15,19,25,29,19.99999999999994,2,19.99999999999994,3.5345370769500732,2
244,graficon19nodi/grafo2951.19,7,19,24,27,32,24.0,1,24.0,0.0680081844329834,2
245,graficon14nodi/grafo520.14,7,14,22,29,37,27.99999999999993,0,27.99999999999993,0.05383729934692383,2
246,graficon17nodi/grafo2594.17,7,17,21,25,29,22.999999999999897,2,22.999999999999897,1.3287906646728516,2
247,graficon18nodi/grafo993.18,7,18,23,28,33,25.00000000000002,3,25.00000000000002,2.760063886642456,2
248,graficon21nodi/grafo127.21,7,21,21,26,26,12.0,0,12.0,0.05996561050415039,2
249,graficon16nodi/grafo400.16,7,16,17,26,27,8.000000000000002,0,8.000000000000002,0.03174591064453125,2
250,graficon17nodi/grafo302.17,7,17,19,28,30,10.0,0,10.000000000000005,0.03690075874328613,2
251,graficon21nodi/grafo158.21,7,21,24,29,32,13.999999999999996,1,13.999999999999996,0.048122406005859375,2
252,graficon16nodi/grafo540.16,7,16,17,26,27,8.000000000000002,0,8.000000000000002,0.030204057693481445,2
253,graficon13nodi/grafo2303.13,7,13,19,28,34,28.999999999999858,0,28.99999999999995,1.474897861480713,2
254,graficon21nodi/grafo1937.21,7,21,24,26,29,16.0,4,16.0,1.3709297180175781,2
255,graficon15nodi/grafo778.15,7,15,17,26,28,11.0,0,11.0,0.026750564575195312,2
256,graficon15nodi/grafo855.15,7,15,17,25,27,10.0,0,10.0,0.02516341209411621,2
257,graficon18nodi/grafo1652.18,7,18,20,25,27,17.99999999999998,0,17.99999999999998,1.4308640956878662,2
258,graficon13nodi/grafo2659.13,7,13,16,25,28,12.0,0,12.0,0.04821157455444336,2
259,graficon17nodi/grafo2682.17,7,17,19,26,28,17.999999999999872,2,17.999999999999872,0.09472012519836426,2
260,graficon16nodi/grafo1119.16,7,16,22,28,34,32.99999999999991,3,32.99999999999991,3.5138156414031982,2
261,graficon14nodi/grafo1870.14,7,14,21,28,35,23.0,3,23.000000000000004,1.9591665267944336,2
262,graficon19nodi/grafo1172.19,7,19,23,26,30,19.999999999999993,1,19.999999999999993,0.0755765438079834,2
263,graficon13nodi/grafo511.13,7,13,14,25,26,4.0,0,4.0,0.012059450149536133,2
264,graficon18nodi/grafo1648.18,7,18,24,26,32,26.000000000000114,5,26.00000000000013,2.717787504196167,2
265,graficon17nodi/grafo893.17,7,17,21,26,30,21.999999999999957,0,21.999999999999957,0.06263899803161621,2
266,graficon17nodi/grafo917.17,7,17,20,28,31,14.999999999999996,0,14.999999999999998,0.04217982292175293,2
267,graficon23nodi/grafo2256.23,7,23,26,29,32,18.0,0,18.0,0.026417016983032227,2
268,graficon18nodi/grafo2556.18,7,18,22,28,32,21.0,0,21.0,0.043849945068359375,2
269,graficon15nodi/grafo2921.15,7,15,17,27,29,9.999999999999988,0,9.999999999999993,0.038884639739990234,2
270,graficon21nodi/grafo1762.21,7,21,25,25,29,24.999999999999403,5,25.0,0.12958073616027832,2
271,graficon21nodi/grafo1064.21,7,21,26,25,30,26.999999999999982,9,27.00000000000002,2.257072925567627,2
272,graficon18nodi/grafo784.18,7,18,23,25,30,33.00000000000002,3,33.00000000000003,2.4472925662994385,2
273,graficon16nodi/grafo2236.16,7,16,20,28,32,18.999999999999993,1,18.999999999999993,1.4091637134552002,2
274,graficon17nodi/grafo2345.17,7,17,20,26,29,14.999999999999993,1,15.0,0.05358719825744629,2
275,graficon18nodi/grafo2307.18,7,18,23,26,31,20.999999999999968,3,20.999999999999968,1.3957085609436035,2
276,graficon17nodi/grafo1056.17,7,17,22,29,34,20.0,1,20.0,0.040633440017700195,2
277,graficon18nodi/grafo1152.18,7,18,24,28,34,24.0,1,24.0,0.10770606994628906,2
278,graficon24nodi/grafo3100.24,7,24,28,26,30,17.999999999999947,2,18.000000000000114,1.8965518474578857,2
279,graficon16nodi/grafo279.16,7,16,19,27,30,16.0,0,16.0,0.02936530113220215,2
280,graficon17nodi/grafo2401.17,7,17,31,28,42,84.0,34,84.0,22.088639974594116,2
281,graficon16nodi/grafo2302.16,7,16,20,25,29,14.0,1,14.0,0.016300201416015625,2
282,graficon16nodi/grafo2525.16,7,16,19,26,29,14.0,1,14.0,0.025760173797607422,2
283,graficon17nodi/grafo2924.17,7,17,22,28,33,24.999999999999982,1,24.999999999999982,0.07001733779907227,2
284,graficon22nodi/grafo167.22,7,22,24,29,31,14.999999999999817,1,14.999999999999817,0.08791780471801758,2
285,graficon16nodi/grafo2542.16,7,16,21,26,31,21.0,1,21.0,0.0514678955078125,2
286,graficon16nodi/grafo2636.16,7,16,22,26,32,18.999999999999844,5,18.999999999999844,1.557391881942749,2
287,graficon17nodi/grafo2758.17,7,17,20,26,29,14.999999999999966,1,14.999999999999986,0.041475534439086914,2
288,graficon20nodi/grafo2554.20,7,20,22,25,27,15.0,1,15.0,0.04411005973815918,2
289,graficon25nodi/grafo2775.25,7,25,26,25,26,15.999999999999648,2,15.999999999999648,1.4528062343597412,2
290,graficon19nodi/grafo409.19,7,19,22,25,28,19.999999999999886,2,19.999999999999886,0.12154865264892578,2
291,graficon16nodi/grafo2326.16,7,16,21,25,30,24.999999999999943,1,24.999999999999943,0.047960758209228516,2
292,graficon14nodi/grafo596.14,7,14,16,27,29,10.0,0,10.0,0.030625581741333008,2
293,graficon20nodi/grafo679.20,7,20,25,29,34,22.99999999999998,2,22.99999999999999,1.7369756698608398,2
294,graficon23nodi/grafo188.23,7,23,24,27,28,12.999999999999996,0,12.999999999999996,0.07105612754821777,2
295,graficon19nodi/grafo2449.19,7,19,24,25,30,21.0,4,21.0,0.17640900611877441,2
296,graficon23nodi/grafo1038.23,7,23,24,27,28,9.999999999999966,1,9.999999999999966,0.053492069244384766,2
297,graficon17nodi/grafo2177.17,7,17,22,26,31,23.0,0,23.0,0.044046878814697266,2
298,graficon20nodi/grafo786.20,7,20,23,26,29,21.0,2,21.0,1.5621182918548584,2
299,graficon17nodi/grafo1875.17,7,17,21,28,32,31.999999999999293,1,31.999999999999577,5.376229524612427,2
300,graficon14nodi/grafo796.14,7,14,19,27,32,25.000000000000004,3,25.000000000000004,3.3858413696289062,2
301,graficon21nodi/grafo2119.21,7,21,27,32,38,40.99999999999979,7,40.999999999999844,4.239772319793701,2
302,graficon15nodi/grafo1013.15,7,15,23,31,39,41.99999999999983,2,41.99999999999983,1.9612929821014404,2
303,graficon17nodi/grafo415.17,7,17,24,33,40,41.999999999999595,5,41.9999999999996,0.15844964981079102,2
304,graficon26nodi/grafo578.26,7,26,27,30,31,18.999999999999996,1,18.999999999999996,1.6267144680023193,2
305,graficon25nodi/grafo2077.25,7,25,29,31,35,28.0000000000001,7,28.000000000000114,4.146230697631836,2
306,graficon29nodi/grafo2085.29,7,29,30,33,34,12.0,0,12.0,0.06062769889831543,2
307,graficon19nodi/grafo1834.19,7,19,23,32,36,14.999999999999998,0,15.0,0.07548904418945312,2
308,graficon24nodi/grafo1830.24,7,24,29,34,39,27.999999999999957,1,27.99999999999997,1.3880338668823242,2
309,graficon21nodi/grafo245.21,7,21,22,30,31,11.999999999999991,1,11.999999999999991,0.08719849586486816,2
310,graficon21nodi/grafo1645.21,7,21,23,30,32,17.999999999999975,0,18.000000000000014,0.08192682266235352,2
311,graficon20nodi/grafo1761.20,7,20,26,31,37,21.0,0,21.0,0.06618380546569824,2
312,graficon26nodi/grafo1805.26,7,26,31,33,38,24.0,5,24.0,0.15262365341186523,2
313,graficon18nodi/grafo2744.18,7,18,24,34,40,30.99999999999999,3,31.000000000000107,2.281172037124634,2
314,graficon20nodi/grafo2268.20,7,20,24,32,36,20.0,3,20.0,2.1396865844726562,2
315,graficon25nodi/grafo2837.25,7,25,27,32,34,11.999999999999858,0,11.999999999999858,0.08469748497009277,2
316,graficon21nodi/grafo2833.21,7,21,24,30,33,20.0,1,20.0,0.040831804275512695,2
317,graficon20nodi/grafo3049.20,7,20,24,33,37,23.000000000000018,2,23.000000000000036,1.4058337211608887,2
318,graficon26nodi/grafo1799.26,7,26,30,32,36,25.0,3,25.0,2.287703514099121,2
319,graficon17nodi/grafo1403.17,7,17,23,30,36,30.0,1,30.0,0.08873462677001953,2
320,graficon27nodi/grafo2498.27,7,27,32,34,39,33.0,3,33.0,2.6148931980133057,2
321,graficon22nodi/grafo2819.22,7,22,25,33,36,13.999999999999995,0,14.0,0.07673048973083496,2
322,graficon16nodi/grafo421.16,7,16,22,33,39,31.999999999999822,1,31.999999999999822,1.760960340499878,2
323,graficon14nodi/grafo1074.14,7,14,19,32,37,17.0,2,17.0,0.06812310218811035,2
324,graficon24nodi/grafo918.24,7,24,24,32,32,9.999999999999993,0,10.0,0.06320810317993164,2
325,graficon18nodi/grafo1780.18,7,18,24,30,36,25.999999999999982,1,25.999999999999986,1.4606986045837402,2
326,graficon29nodi/grafo1198.29,7,29,29,31,31,13.0,1,13.000000000000004,1.9524691104888916,2
327,graficon15nodi/grafo2591.15,7,15,23,31,39,31.00000000000002,2,31.00000000000003,1.9654052257537842,2
328,graficon19nodi/grafo924.19,7,19,21,32,34,17.99999999999995,0,17.99999999999995,0.07194972038269043,2
329,graficon23nodi/grafo835.23,7,23,27,31,35,28.0,6,28.0,0.35548830032348633,2
330,graficon17nodi/grafo829.17,7,17,21,33,37,23.0,0,23.0,0.06627488136291504,2
331,graficon16nodi/grafo1635.16,7,16,25,34,43,32.99999999999967,1,32.99999999999967,1.9747824668884277,2
332,graficon14nodi/grafo649.14,7,14,24,32,42,45.00000000000009,5,45.000000000000156,3.442592144012451,2
333,graficon18nodi/grafo1824.18,7,18,23,32,37,15.0,1,15.0,0.05656576156616211,2
334,graficon26nodi/grafo1629.26,7,26,29,30,33,16.99999999999998,1,16.99999999999998,2.625946521759033,2
335,graficon15nodi/grafo1142.15,7,15,24,32,41,35.99999999999991,1,35.999999999999915,0.17562651634216309,2
336,graficon22nodi/grafo2410.22,7,22,24,30,32,10.999999999999947,1,10.999999999999982,0.04785013198852539,2
337,graficon23nodi/grafo2028.23,7,23,32,32,41,53.99999999999851,12,53.99999999999851,2.5469892024993896,2
338,graficon25nodi/grafo1040.25,7,25,32,34,41,44.999999999999986,11,45.000000000000014,3.287426710128784,2
339,graficon17nodi/grafo2494.17,7,17,20,30,33,13.0,1,13.0,0.05008721351623535,2
340,graficon21nodi/grafo381.21,7,21,23,31,33,20.0,1,20.0,1.3928730487823486,2
341,graficon19nodi/grafo2425.19,7,19,23,30,34,22.0,2,22.0,0.12912631034851074,2
342,graficon26nodi/grafo1230.26,7,26,29,30,33,15.999999999999982,2,15.999999999999982,2.0361521244049072,2
343,graficon17nodi/grafo1861.17,7,17,21,34,38,16.999999999999947,2,16.999999999999947,2.1530439853668213,2
344,graficon27nodi/grafo1232.27,7,27,31,33,37,38.99999999999997,7,38.99999999999997,3.1402454376220703,2
345,graficon27nodi/grafo2582.27,7,27,27,34,34,13.0,0,13.0,1.3552513122558594,2
346,graficon24nodi/grafo2017.24,7,24,28,32,36,31.00000000000002,2,31.00000000000002,1.738473653793335,2
347,graficon32nodi/grafo11636.32,7,32,32,33,33,13.999999999999993,0,13.999999999999993,2.3673012256622314,2
348,graficon19nodi/grafo621.19,7,19,27,30,38,25.999999999999844,3,25.999999999999844,1.6171855926513672,2
349,graficon16nodi/grafo2023.16,7,16,20,34,38,16.999999999999773,2,17.000000000000075,0.17116236686706543,2
350,graficon23nodi/grafo622.23,7,23,25,33,35,16.99999999999998,1,16.999999999999993,0.07352828979492188,2
351,graficon19nodi/grafo2135.19,7,19,23,33,37,25.999999999999126,2,26.00000000000044,0.1372220516204834,2
352,graficon15nodi/grafo879.15,7,15,20,30,35,23.999999999999922,0,23.999999999999922,1.467176914215088,2
353,graficon22nodi/grafo1012.22,7,22,24,31,33,16.0,0,16.0,0.08863496780395508,2
354,graficon20nodi/grafo429.20,7,20,28,34,42,34.999999999998614,6,35.00000000000005,1.5317368507385254,2
355,graficon26nodi/grafo1269.26,7,26,28,31,33,26.999999999999694,0,26.999999999999694,3.8560171127319336,2
356,graficon17nodi/grafo2520.17,7,17,24,32,39,37.0,7,37.0,0.18429803848266602,2
357,graficon32nodi/grafo10052.32,7,32,33,34,35,15.999999999999993,0,15.999999999999993,1.6121399402618408,2
358,graficon20nodi/grafo874.20,7,20,25,34,39,20.0,1,20.0,0.05872368812561035,2
359,graficon20nodi/grafo1901.20,7,20,26,33,39,50.999999999999865,2,50.99999999999987,5.6922924518585205,2
360,graficon22nodi/grafo2456.22,7,22,26,33,37,24.0,0,24.0,0.0554661750793457,2
361,graficon17nodi/grafo276.17,7,17,20,31,34,15.999999999999902,1,15.999999999999902,0.08572959899902344,2
362,graficon25nodi/grafo575.25,7,25,29,34,38,25.0,2,25.0,0.16809582710266113,2
363,graficon17nodi/grafo517.17,7,17,23,33,39,27.999999999999986,1,27.999999999999986,0.05546760559082031,2
364,graficon19nodi/grafo1900.19,7,19,22,31,34,17.0,0,17.0,0.06556057929992676,2
365,graficon22nodi/grafo1422.22,7,22,22,30,30,16.0,0,16.0,0.12268877029418945,2
366,graficon25nodi/grafo862.25,7,25,28,33,36,22.999999999999957,1,22.999999999999957,0.0965566635131836,2
367,graficon23nodi/grafo545.23,7,23,28,32,37,21.99999999999999,1,21.99999999999999,0.05349397659301758,2
368,graficon24nodi/grafo2341.24,7,24,29,34,39,24.999999999999932,1,24.999999999999943,0.08014583587646484,2
369,graficon26nodi/grafo1512.26,7,26,30,34,38,23.000000000000018,2,23.000000000000018,1.886768102645874,2
370,graficon18nodi/grafo1626.18,7,18,27,32,41,39.00000000000005,8,39.00000000000014,3.062822103500366,2
371,graficon21nodi/grafo2378.21,7,21,25,31,35,27.999999999999936,2,27.999999999999936,1.808685541152954,2
372,graficon25nodi/grafo2051.25,7,25,26,33,34,9.999999999999979,0,9.999999999999986,0.04347372055053711,2
373,graficon32nodi/grafo9919.32,7,32,32,33,33,13.999999999999993,0,13.999999999999993,2.46628737449646,2
374,graficon18nodi/grafo1940.18,7,18,24,31,37,19.0,1,19.0,0.04360532760620117,2
375,graficon25nodi/grafo1338.25,7,25,26,34,35,20.999999999999957,0,20.999999999999957,2.708810329437256,2
376,graficon33nodi/grafo11170.33,7,33,42,39,48,34.0,2,34.0,1.732342004776001,2
377,graficon23nodi/grafo2966.23,7,23,26,36,39,16.0,0,16.0,0.07692384719848633,2
378,graficon29nodi/grafo1102.29,7,29,29,37,37,16.0,0,16.0,1.4805138111114502,2
379,graficon26nodi/grafo1340.26,7,26,31,38,43,43.000000000000156,4,43.00000000000021,3.25142765045166,2
380,graficon22nodi/grafo1850.22,7,22,28,38,44,24.999999999999936,1,24.999999999999957,0.1384878158569336,2
381,graficon28nodi/grafo2572.28,7,28,34,38,44,33.0,3,33.0,0.39527010917663574,2
382,graficon17nodi/grafo420.17,7,17,25,37,45,35.99999999999983,3,36.00000000000013,1.5133309364318848,2
383,graficon20nodi/grafo2670.20,7,20,28,36,44,23.999999999999893,3,23.999999999999893,1.4591209888458252,2
384,graficon26nodi/grafo2766.26,7,26,32,38,44,18.999999999999876,2,18.999999999999872,0.07164549827575684,2
385,graficon29nodi/grafo1333.29,7,29,31,38,40,28.0,0,28.0,1.392359972000122,2
386,graficon21nodi/grafo1863.21,7,21,26,35,40,30.0,4,30.0,4.796328067779541,2
387,graficon27nodi/grafo1623.27,7,27,30,37,40,16.0,1,16.0,1.3831539154052734,2
388,graficon33nodi/grafo2828.33,7,33,37,38,42,23.999999999999996,3,23.999999999999996,1.7331116199493408,2
389,graficon26nodi/grafo2606.26,7,26,32,36,42,45.999999999998714,5,45.99999999999872,0.25124025344848633,2
390,graficon19nodi/grafo2371.19,7,19,24,35,40,25.999999999999996,0,25.999999999999996,0.060399770736694336,2
391,graficon25nodi/grafo2700.25,7,25,28,36,39,19.999999999999975,2,19.999999999999982,2.238222599029541,2
392,graficon24nodi/grafo2587.24,7,24,28,36,40,26.0,5,26.0,5.973256349563599,2
393,graficon15nodi/grafo947.15,7,15,24,39,48,38.99999999999941,3,39.000000000000206,3.243436813354492,2
394,graficon19nodi/grafo2562.19,7,19,28,36,45,35.999999999999886,4,35.999999999999886,7.5159149169921875,2
395,graficon32nodi/grafo11456.32,7,32,33,35,36,15.999999999999964,1,15.999999999999964,1.4422547817230225,2
396,graficon27nodi/grafo248.27,7,27,33,38,44,34.99999999999959,4,34.99999999999959,7.994905948638916,2
397,graficon22nodi/grafo2676.22,7,22,26,38,42,17.999999999999957,0,17.999999999999957,0.10822415351867676,2
398,graficon32nodi/grafo11607.32,7,32,38,39,45,29.000000000000036,4,29.000000000000092,1.8789308071136475,2
399,graficon19nodi/grafo2171.19,7,19,23,35,39,16.999999999999904,1,16.999999999999904,0.08554434776306152,2
400,graficon19nodi/grafo1666.19,7,19,28,37,46,43.0,1,43.0,0.11162137985229492,2
401,graficon33nodi/grafo11210.33,7,33,42,39,48,34.0,2,34.0,1.7452595233917236,2
402,graficon26nodi/grafo2123.26,7,26,28,35,37,24.0,1,24.0,0.09363126754760742,2
403,graficon26nodi/grafo3056.26,7,26,36,35,45,60.000000000000355,15,60.00000000000067,6.374833583831787,2
404,graficon30nodi/grafo1582.30,7,30,34,35,39,35.99999925000046,2,35.99999925000047,16.653803825378418,2
405,graficon24nodi/grafo1440.24,7,24,32,37,45,51.99999999999999,6,52.0,2.029512643814087,2
406,graficon33nodi/grafo9903.33,7,33,42,39,48,34.0,2,34.0,1.7286951541900635,2
407,graficon23nodi/grafo1557.23,7,23,29,37,43,43.99999975074985,2,44.000000743333395,5.666754961013794,2
408,graficon21nodi/grafo1941.21,7,21,26,37,42,28.99999999999995,1,28.99999999999995,0.15822982788085938,2
409,graficon13nodi/grafo317.13,7,13,21,38,46,39.0,2,39.0,1.5047848224639893,2
410,graficon33nodi/grafo154.33,7,33,34,36,37,20.999999999999993,0,20.999999999999993,1.3546302318572998,2
411,graficon31nodi/grafo10007.31,7,31,34,35,38,28.999999999999893,4,29.000000000000213,2.2818100452423096,2
412,graficon20nodi/grafo1764.20,7,20,25,37,42,22.0,2,22.0,1.777071475982666,2
413,graficon31nodi/grafo5484.31,7,31,32,38,39,15.99999999999999,2,16.0,2.450932025909424,2
414,graficon27nodi/grafo1286.27,7,27,31,36,40,24.0,2,24.0,2.498688220977783,2
415,graficon23nodi/grafo2200.23,7,23,29,38,44,33.99999999999974,2,33.99999999999999,1.7293798923492432,2
416,graficon24nodi/grafo872.24,7,24,28,37,41,24.999999999999964,2,24.999999999999986,0.08095049858093262,2
417,graficon22nodi/grafo605.22,7,22,26,39,43,24.999999999999964,0,24.999999999999964,0.1258695125579834,2
418,graficon29nodi/grafo1034.29,7,29,32,38,41,41.0,1,41.0,2.318937063217163,2
419,graficon21nodi/grafo2356.21,7,21,27,35,41,21.00000000000001,2,21.000000000000014,1.9778902530670166,2
420,graficon33nodi/grafo10134.33,7,33,34,37,38,17.0,1,17.0,0.05351758003234863,2
421,graficon32nodi/grafo9867.32,7,32,33,35,36,15.999999999999964,1,15.999999999999964,1.4551663398742676,2
422,graficon26nodi/grafo753.26,7,26,28,36,38,11.0,2,11.0,2.185659408569336,2
423,graficon21nodi/grafo123.21,7,21,25,38,42,22.999999999999908,1,22.999999999999908,0.08776664733886719,2
424,graficon25nodi/grafo1360.25,7,25,30,35,40,37.99999999999922,5,37.999999999999474,1.812218189239502,2
425,graficon27nodi/grafo174.27,7,27,28,36,37,19.99999999999993,1,19.99999999999993,1.720024585723877,2
426,graficon20nodi/grafo251.20,7,20,23,36,39,23.0,1,23.0,1.637387990951538,2
427,graficon18nodi/grafo2768.18,7,18,23,35,40,19.0,2,19.0,0.059247493743896484,2
428,graficon36nodi/grafo2402.36,7,36,38,39,41,25.000000000000092,0,25.00000000000105,2.177147150039673,2
429,graficon30nodi/grafo1237.30,7,30,35,39,44,21.99999999999998,1,21.99999999999998,0.06550860404968262,2
430,graficon20nodi/grafo2284.20,7,20,30,37,47,41.000000000000064,6,41.00000000000013,2.252741575241089,2
431,graficon17nodi/grafo1160.17,7,17,23,39,45,27.999999999999964,1,27.999999999999975,1.6969618797302246,2
432,graficon27nodi/grafo2721.27,7,27,27,37,37,13.0,1,13.00000000000001,0.12173151969909668,2
433,graficon23nodi/grafo2691.23,7,23,31,39,47,37.00000000000003,5,37.00000000000006,3.868650197982788,2
434,graficon22nodi/grafo2875.22,7,22,27,38,43,21.99999999999995,2,21.99999999999995,2.724790334701538,2
435,graficon33nodi/grafo11130.33,7,33,42,39,48,34.0,2,34.0,1.7190661430358887,2
436,graficon18nodi/grafo2805.18,7,18,25,36,43,34.00000000000009,3,34.0000000000001,3.593646287918091,2
437,graficon16nodi/grafo2584.16,7,16,22,39,45,18.99999999999999,2,18.99999999999999,0.06016206741333008,2
438,graficon17nodi/grafo597.17,7,17,24,36,43,36.99999999999997,0,36.999999999999986,0.11888289451599121,2
439,graficon24nodi/grafo1950.24,7,24,27,39,42,22.999999999999996,1,23.00000000000001,1.8598980903625488,2
440,graficon25nodi/grafo2067.25,7,25,28,38,41,15.0,1,15.0,0.11034512519836426,2
441,graficon15nodi/grafo2448.15,7,15,23,38,46,28.0,2,28.0,1.5758938789367676,2
442,graficon26nodi/grafo1273.26,7,26,27,36,37,17.999999999999964,0,17.99999999999989,1.9687259197235107,2
443,graficon32nodi/grafo11397.32,7,32,33,37,38,16.99999999999998,0,16.99999999999998,1.729041337966919,2
444,graficon33nodi/grafo11023.33,7,33,33,36,36,13.999999999999961,0,13.999999999999961,1.3984253406524658,2
445,graficon33nodi/grafo11026.33,7,33,36,39,42,21.0,3,21.0,1.5308544635772705,2
446,graficon17nodi/grafo945.17,7,17,22,36,41,28.0,0,28.0,0.07445168495178223,2
447,graficon25nodi/grafo584.25,7,25,29,35,39,45.99999999999996,4,45.99999999999996,6.480363845825195,2
448,graficon12nodi/grafo2426.12,7,12,18,38,44,24.0,0,24.0,0.050833702087402344,2
449,graficon18nodi/grafo2731.18,7,18,23,35,40,18.0,0,18.0,0.07164382934570312,2
450,graficon23nodi/grafo2217.23,7,23,29,35,41,25.0,9,25.0,2.7278075218200684,2
451,graficon26nodi/grafo2108.26,7,26,35,41,50,46.0,10,46.0,0.19646334648132324,2
452,graficon31nodi/grafo11581.31,7,31,36,42,47,32.99999999999994,4,33.000000000000114,3.9313039779663086,2
453,graficon25nodi/grafo1271.25,7,25,30,40,45,39.99999999999981,3,40.00000000000028,1.6521234512329102,2
454,graficon31nodi/grafo11454.31,7,31,36,42,47,32.99999999999994,4,33.000000000000114,3.8334896564483643,2
455,graficon25nodi/grafo163.25,7,25,37,44,56,89.0,27,89.0,59.980429887771606,2
456,graficon19nodi/grafo950.19,7,19,23,43,47,21.99999999999958,0,22.00000000000021,2.6702170372009277,2
457,graficon30nodi/grafo1252.30,7,30,34,43,47,24.999999999999964,0,24.999999999999964,1.5176887512207031,2
458,graficon27nodi/grafo1217.27,7,27,29,42,44,20.99999850329837,0,20.9999980043981,3.082744598388672,2
459,graficon34nodi/grafo11331.34,7,34,41,43,50,27.9999999999995,3,28.00000000000009,2.7507407665252686,2
460,graficon20nodi/grafo1873.20,7,20,27,40,47,27.999999999999673,6,28.000000000000284,4.78012752532959,2
461,graficon34nodi/grafo5197.34,7,34,36,43,45,20.0,0,20.0,3.262932300567627,2
462,graficon28nodi/grafo1615.28,7,28,35,43,50,48.99999907999879,8,48.99999908000031,12.715308904647827,2
463,graficon27nodi/grafo3039.27,7,27,31,44,48,26.000000000000007,1,26.000000000000007,0.0606083869934082,2
464,graficon37nodi/grafo2519.37,7,37,39,44,46,31.00000000000001,0,31.000000000000014,7.240086793899536,2
465,graficon27nodi/grafo2037.27,7,27,31,42,46,34.0,2,34.0,2.8066534996032715,2
466,graficon20nodi/grafo1757.20,7,20,25,41,46,19.0,1,19.0,1.5827863216400146,2
467,graficon23nodi/grafo551.23,7,23,29,43,49,31.999999999999993,0,32.0,2.027968406677246,2
468,graficon32nodi/grafo10795.32,7,32,35,43,46,30.9999999999999,1,31.00000000000007,3.0643811225891113,2
469,graficon33nodi/grafo5994.33,7,33,36,42,45,21.999999999999936,0,22.000000000000014,0.11834001541137695,2
470,graficon23nodi/grafo2712.23,7,23,30,40,47,23.999999999999986,1,24.00000000000002,0.08128237724304199,2
471,graficon22nodi/grafo1894.22,7,22,30,40,48,40.000000000000355,5,40.00000000000059,2.469677686691284,2
472,graficon28nodi/grafo1190.28,7,28,31,43,46,28.999999999999154,3,29.0,7.87840461730957,2
473,graficon32nodi/grafo1455.32,7,32,38,43,49,33.99999999999901,2,33.99999999999901,2.0381689071655273,2
474,graficon18nodi/grafo1086.18,7,18,26,41,49,45.999999999999986,1,45.999999999999986,0.12304568290710449,2
475,graficon34nodi/grafo9918.34,7,34,34,43,43,15.0,0,15.0,2.590951681137085,2
476,graficon32nodi/grafo1226.32,7,32,34,43,45,20.999999999999893,1,21.0,2.253814697265625,2
477,graficon35nodi/grafo7133.35,7,35,38,43,46,26.000000000000135,3,26.00000000000027,2.0723936557769775,2
478,graficon34nodi/grafo11544.34,7,34,34,43,43,15.0,0,15.0,2.5978243350982666,2
479,graficon14nodi/grafo2738.14,7,14,23,40,49,33.99999999999993,1,33.99999999999993,0.09519004821777344,2
480,graficon27nodi/grafo2958.27,7,27,32,42,47,25.999999999999936,0,26.000000000000032,0.132340669631958,2
481,graficon31nodi/grafo3686.31,7,31,36,42,47,32.99999999999994,4,33.000000000000114,3.661914348602295,2
482,graficon14nodi/grafo701.14,7,14,20,42,48,23.999999999999964,1,23.999999999999964,0.13800382614135742,2
483,graficon33nodi/grafo9921.33,7,33,36,43,46,25.0,1,25.0,0.10605478286743164,2
484,graficon27nodi/grafo2876.27,7,27,32,41,46,35.999999999999886,2,35.999999999999886,2.3441267013549805,2
485,graficon25nodi/grafo1234.25,7,25,33,42,50,41.00000000000052,2,41.00000000000059,3.2557599544525146,2
486,graficon26nodi/grafo1285.26,7,26,30,42,46,21.99999999999999,2,22.0,4.06617546081543,2
487,graficon30nodi/grafo2365.30,7,30,34,40,44,45.00000000000001,4,45.0,3.5681257247924805,2
488,graficon26nodi/grafo798.26,7,26,32,41,47,33.999999999999766,5,33.999999999999766,2.307469129562378,2
489,graficon21nodi/grafo1682.21,7,21,41,43,63,101.00000000000054,34,101.00000000000054,28.7411949634552,2
490,graficon32nodi/grafo5244.32,7,32,38,42,48,22.0,0,22.0,0.04606819152832031,2
491,graficon23nodi/grafo2854.23,7,23,29,44,50,26.999999999999723,2,26.999999999999723,0.19965410232543945,2
492,graficon32nodi/grafo1053.32,7,32,41,43,52,66.99999541666855,6,66.99999541666875,11.836964130401611,2
493,graficon21nodi/grafo2756.21,7,21,26,40,45,19.999999999999826,2,19.999999999999826,3.996920585632324,2
494,graficon22nodi/grafo1503.22,7,22,26,44,48,21.0,0,21.0,0.046958208084106445,2
495,graficon22nodi/grafo2370.22,7,22,28,41,47,20.0,1,20.0,0.050863027572631836,2
496,graficon23nodi/grafo2769.23,7,23,27,44,48,20.999999999999986,2,21.0,4.4983811378479,2
497,graficon28nodi/grafo124.28,7,28,29,41,42,17.999999999999897,1,17.999999999999986,1.4857802391052246,2
498,graficon31nodi/grafo9916.31,7,31,36,42,47,32.99999999999994,4,33.000000000000114,3.6809020042419434,2
499,graficon33nodi/grafo11631.33,7,33,43,41,51,37.99999999999999,3,38.00000000000002,1.6927111148834229,2
500,graficon30nodi/grafo1256.30,7,30,33,40,43,23.999999999999993,0,23.999999999999993,3.9351308345794678,2
501,graficon32nodi/grafo10231.32,7,32,35,43,46,16.0,0,16.0,1.4853875637054443,2
502,graficon34nodi/grafo11277.34,7,34,35,41,42,14.999999999999993,0,14.999999999999993,2.0100793838500977,2
503,graficon34nodi/grafo2464.34,7,34,38,44,48,39.999999999999744,5,39.999999999999744,3.1592905521392822,2
504,graficon27nodi/grafo1199.27,7,27,30,40,43,15.0,0,15.0,0.058251142501831055,2
505,graficon25nodi/grafo1614.25,7,25,27,41,43,22.0,1,22.000000000000007,3.8324027061462402,2
506,graficon29nodi/grafo1376.29,7,29,34,42,47,43.00000000000015,3,43.000000000000206,5.665487766265869,2
507,graficon35nodi/grafo3480.35,7,35,35,44,44,18.000000000000004,0,18.000000000000007,1.9105026721954346,2
508,graficon29nodi/grafo1587.29,7,29,35,42,48,37.99999999999947,1,37.99999999999982,6.793622732162476,2
509,graficon34nodi/grafo6050.34,7,34,41,43,50,26.000000000000007,3,26.000000000000053,2.0238397121429443,2
510,graficon25nodi/grafo2755.25,7,25,32,42,49,32.99999999999975,5,32.99999999999975,0.2610199451446533,2
511,graficon23nodi/grafo2853.23,7,23,34,40,51,61.0,15,61.0,0.5182421207427979,2
512,graficon34nodi/grafo10281.34,7,34,41,42,49,37.99999999999986,1,37.99999999999994,0.12516093254089355,2
513,graficon34nodi/grafo11630.34,7,34,40,44,50,32.999999999999915,1,33.0,0.08623361587524414,2
514,graficon28nodi/grafo2436.28,7,28,37,44,53,59.0,8,59.0,0.5733075141906738,2
515,graficon34nodi/grafo9878.34,7,34,39,41,46,28.0,2,28.000000000000007,9.815216064453125,2
516,graficon32nodi/grafo3901.32,7,32,38,42,48,35.99999999999992,3,35.99999999999995,2.13914155960083,2
517,graficon35nodi/grafo11455.35,7,35,35,42,42,13.9999999999999,0,13.999999999999902,4.26933741569519,2
518,graficon28nodi/grafo296.28,7,28,36,43,51,41.00000000000006,11,41.00000000000026,2.282310724258423,2
519,graficon25nodi/grafo1251.25,7,25,26,40,41,17.0,0,17.0,2.4748618602752686,2
520,graficon34nodi/grafo11319.34,7,34,40,42,48,40.999999999999325,3,40.999999999999325,1.617542028427124,2
521,graficon34nodi/grafo11660.34,7,34,36,43,45,28.0,1,28.0,0.1725780963897705,2
522,graficon31nodi/grafo2394.31,7,31,36,43,48,44.00000000000013,5,44.00000000000033,3.3908143043518066,2
523,graficon26nodi/grafo1218.26,7,26,28,42,44,26.999999498065634,0,26.999999508066974,5.984663486480713,2
524,graficon37nodi/grafo6342.37,7,37,42,44,49,42.0,7,42.0,3.0923235416412354,2
525,graficon28nodi/grafo1311.28,7,28,34,42,48,37.9999999999997,5,37.99999999999995,2.3696630001068115,2
526,graficon19nodi/grafo1826.19,7,19,27,46,54,45.0,2,45.000000000000014,2.6127827167510986,2
527,graficon14nodi/grafo1951.14,7,14,25,46,57,46.999999999999986,3,47.000000000000014,3.24945330619812,2
528,graficon37nodi/grafo3547.37,7,37,38,49,50,13.999999999999979,0,14.0,0.06212162971496582,2
529,graficon34nodi/grafo11207.34,7,34,38,48,52,28.999999999999993,4,28.999999999999993,4.22723388671875,2
530,graficon31nodi/grafo10887.31,7,31,36,46,51,17.99999999999993,0,18.000000000000014,0.0799257755279541,2
531,graficon32nodi/grafo1255.32,7,32,37,46,51,26.0,1,26.0,0.06623125076293945,2
532,graficon28nodi/grafo1840.28,7,28,34,48,54,32.0,4,32.00000000000003,3.3045167922973633,2
533,graficon21nodi/grafo630.21,7,21,28,45,52,29.999999999999993,1,29.999999999999996,0.07855749130249023,2
534,graficon26nodi/grafo3044.26,7,26,34,48,56,42.99999999999977,3,43.00000000000037,3.8847029209136963,2
535,graficon23nodi/grafo1806.23,7,23,28,48,53,30.0,0,30.0,0.06590747833251953,2
536,graficon31nodi/grafo10458.31,7,31,36,46,51,17.99999999999993,0,18.000000000000014,0.0819253921508789,2
537,graficon35nodi/grafo10620.35,7,35,41,46,52,39.0000000000002,3,39.00000000000013,4.184685230255127,2
538,graficon22nodi/grafo249.22,7,22,31,46,55,48.00000000000053,4,48.00000000000325,3.1013946533203125,2
539,graficon32nodi/grafo745.32,7,32,36,45,49,28.0,0,27.999999999999982,1.8779516220092773,2
540,graficon35nodi/grafo5759.35,7,35,39,45,49,17.0,1,17.0,0.0480341911315918,2
541,graficon33nodi/grafo11516.33,7,33,42,45,54,35.999999999999474,4,35.999999999999474,5.619855880737305,2
542,graficon25nodi/grafo2437.25,7,25,30,48,53,24.0,1,24.000000000000004,0.10211801528930664,2
543,graficon31nodi/grafo1301.31,7,31,40,47,56,60.999999999999574,7,61.00000000000076,2.2904469966888428,2
544,graficon38nodi/grafo3332.38,7,38,43,45,50,42.99999999999993,2,42.99999999999994,2.0842223167419434,2
545,graficon22nodi/grafo2748.22,7,22,29,45,52,32.0,0,32.0,1.753636360168457,2
546,graficon27nodi/grafo1253.27,7,27,32,45,50,47.00000000000001,2,47.0,17.370761394500732,2
547,graficon36nodi/grafo3862.36,7,36,41,46,51,30.999999999999982,4,30.999999999999982,1.9053232669830322,2
548,graficon28nodi/grafo1202.28,7,28,36,45,53,42.999999999999964,4,42.99999999999999,4.4336607456207275,2
549,graficon37nodi/grafo5957.37,7,37,39,48,50,40.999999999999986,0,40.999999999999986,1.4968745708465576,2
550,graficon38nodi/grafo6734.38,7,38,41,45,48,31.999999999999925,1,31.999999999999925,0.16611266136169434,2
551,graficon36nodi/grafo5561.36,7,36,38,47,49,13.0,0,13.0,1.28706693649292,2
552,graficon31nodi/grafo10011.31,7,31,36,46,51,17.99999999999993,0,18.000000000000014,0.07814788818359375,2
553,graficon36nodi/grafo6066.36,7,36,39,48,51,25.0,0,25.000000000000018,1.4676640033721924,2
554,graficon31nodi/grafo1362.31,7,31,37,45,51,44.0,1,44.0,1.6535849571228027,2
555,graficon27nodi/grafo1200.27,7,27,36,46,55,50.99999999999845,0,51.00000000000121,2.1579315662384033,2
556,graficon39nodi/grafo6087.39,7,39,46,48,55,35.000000000000064,9,35.00000000000011,3.974013328552246,2
557,graficon33nodi/grafo5247.33,7,33,38,46,51,21.0,0,21.0,1.314429759979248,2
558,graficon36nodi/grafo6811.36,7,36,44,48,56,32.00000000000027,2,32.000000000000284,3.0187807083129883,2
559,graficon23nodi/grafo1798.23,7,23,31,48,56,39.00000000000009,3,39.0000000000001,2.3583803176879883,2
560,graficon27nodi/grafo2275.27,7,27,32,46,51,40.0,2,40.0,6.7180702686309814,2
561,graficon26nodi/grafo2981.26,7,26,36,45,55,52.99999975072472,10,52.999999754058386,10.45128083229065,2
562,graficon36nodi/grafo3414.36,7,36,39,46,49,25.00000000000005,2,25.00000000000015,3.0077030658721924,2
563,graficon19nodi/grafo2428.19,7,19,23,45,49,15.0,1,15.0,0.08814740180969238,2
564,graficon35nodi/grafo10085.35,7,35,41,46,52,44.00000000000027,8,44.00000000000068,2.8666279315948486,2
565,graficon32nodi/grafo1379.32,7,32,39,48,55,39.99999999999994,3,40.00000000000002,3.595621109008789,2
566,graficon26nodi/grafo173.26,7,26,31,46,51,31.000000000000004,3,31.000000000000078,2.063509464263916,2
567,graficon38nodi/grafo5236.38,7,38,43,49,54,23.999999999999993,2,24.0,0.38660621643066406,2
568,graficon26nodi/grafo2399.26,7,26,31,46,51,33.99999999999994,2,33.99999999999994,3.4195823669433594,2
569,graficon31nodi/grafo11421.31,7,31,37,46,52,37.000000000000156,4,37.00000000000135,4.190462827682495,2
570,graficon40nodi/grafo7698.40,7,40,47,49,56,45.99999999999978,1,45.999999999999936,1.7604248523712158,2
571,graficon35nodi/grafo1925.35,7,35,36,48,49,26.0,0,26.00000000000004,0.10180377960205078,2
572,graficon25nodi/grafo1319.25,7,25,31,47,53,42.99999999999989,3,43.0,3.033097267150879,2
573,graficon26nodi/grafo2999.26,7,26,30,45,49,21.0,2,21.0,5.645240783691406,2
574,graficon21nodi/grafo1632.21,7,21,26,48,53,20.999999999999986,0,20.999999999999986,0.06625747680664062,2
575,graficon32nodi/grafo9975.32,7,32,39,48,55,43.00000000000008,4,43.000000000000526,6.207043409347534,2
576,graficon33nodi/grafo5182.33,7,33,38,49,54,21.99999999999994,0,22.000000000000007,0.07421994209289551,2
577,graficon32nodi/grafo11121.32,7,32,40,47,55,36.99999999999986,4,37.0,0.18967342376708984,2
578,graficon35nodi/grafo6642.35,7,35,42,49,56,43.9999999999993,5,43.99999999999929,2.9694247245788574,2
579,graficon28nodi/grafo932.28,7,28,35,45,52,48.000000000000085,2,48.00000000000021,5.854086637496948,2
580,graficon34nodi/grafo2578.34,7,34,36,48,50,25.0,1,25.0,4.962527751922607,2
581,graficon33nodi/grafo11538.33,7,33,38,47,52,31.0000000000003,3,31.000000000000924,5.498229503631592,2
582,graficon33nodi/grafo10562.33,7,33,39,48,54,36.99999999999988,4,37.00000000000005,3.2213759422302246,2
583,graficon35nodi/grafo2815.35,7,35,43,47,55,39.999999999999986,9,40.00000000000004,9.131271600723267,2
584,graficon18nodi/grafo374.18,7,18,25,46,53,31.0,0,31.0,0.09459757804870605,2
585,graficon34nodi/grafo5148.34,7,34,37,47,50,24.0,1,24.0,1.5572035312652588,2
586,graficon35nodi/grafo11567.35,7,35,43,45,53,35.99999999999996,1,35.999999999999986,1.5007026195526123,2
587,graficon31nodi/grafo1115.31,7,31,43,45,57,78.99999908333238,12,79.00000000000125,24.30985999107361,2
588,graficon34nodi/grafo2363.34,7,34,39,48,53,35.0,3,35.0,2.874530792236328,2
589,graficon33nodi/grafo11375.33,7,33,39,48,54,34.0,3,34.0,0.14545035362243652,2
590,graficon36nodi/grafo5879.36,7,36,42,46,52,39.00000000000011,4,39.00000000000013,2.600698947906494,2
591,graficon35nodi/grafo5820.35,7,35,38,45,48,16.999999999999936,1,16.999999999999986,0.081756591796875,2
592,graficon17nodi/grafo678.17,7,17,25,48,56,30.0,1,30.0,1.4604706764221191,2
593,graficon32nodi/grafo9954.32,7,32,34,46,48,18.999999999999922,1,18.999999999999922,5.354371786117554,2
594,graficon35nodi/grafo5966.35,7,35,45,47,57,49.0,10,49.000000000000014,3.7922215461730957,2
595,graficon35nodi/grafo5522.35,7,35,40,46,51,35.0,6,35.0,5.98380708694458,2
596,graficon22nodi/grafo2807.22,7,22,27,46,51,18.0,2,18.0,0.09271550178527832,2
597,graficon32nodi/grafo3106.32,7,32,38,48,54,37.99999999999986,3,37.999999999999964,4.466633319854736,2
598,graficon36nodi/grafo5667.36,7,36,40,46,50,23.999999999999986,0,23.99999999999998,0.08376455307006836,2
599,graficon31nodi/grafo2262.31,7,31,40,47,56,49.99999999999898,3,49.99999999999898,3.341918468475342,2
600,graficon33nodi/grafo10456.33,7,33,38,48,53,30.000000000000384,4,30.000000000000394,2.7563560009002686,2
601,graficon33nodi/grafo1915.33,7,33,44,54,65,56.00000000000044,2,56.000000000000654,3.797407865524292,2
602,graficon36nodi/grafo3304.36,7,36,47,53,64,76.00000000000031,15,76.00000000000036,3.938242197036743,2
603,graficon36nodi/grafo11296.36,7,36,44,50,58,57.00000000000029,18,57.000000000000306,12.418728590011597,2
604,graficon37nodi/grafo3729.37,7,37,45,54,62,45.999999999999034,3,46.000000000000526,3.8013832569122314,2
605,graficon36nodi/grafo2212.36,7,36,41,54,59,27.999999999999872,2,27.999999999999993,2.8629467487335205,2
606,graficon31nodi/grafo1989.31,7,31,33,54,56,19.0,0,19.000000000000007,1.6896581649780273,2
607,graficon35nodi/grafo10658.35,7,35,41,50,56,45.99999999999991,3,45.9999999999999,3.4238030910491943,2
608,graficon39nodi/grafo5309.39,7,39,46,54,61,47.00000000000122,5,47.00000000000205,3.9871633052825928,2
609,graficon34nodi/grafo5495.34,7,34,43,53,62,43.0,7,43.0,0.4196779727935791,2
610,graficon37nodi/grafo3433.37,7,37,42,54,59,36.99999999999979,3,37.0,5.628568649291992,2
611,graficon34nodi/grafo9882.34,7,34,39,50,55,30.999999999999947,0,30.999999999999964,0.06782913208007812,2
612,graficon22nodi/grafo1154.22,7,22,28,50,56,31.000000000000064,3,31.00000000000011,2.8537075519561768,2
613,graficon22nodi/grafo1715.22,7,22,34,54,66,80.00000000000048,3,80.00000000000048,6.266489505767822,2
614,graficon36nodi/grafo3282.36,7,36,40,54,58,21.999999999999996,2,22.0,4.981790065765381,2
615,graficon36nodi/grafo3153.36,7,36,43,53,60,45.0,2,45.00000000000001,3.567544937133789,2
616,graficon34nodi/grafo4029.34,7,34,40,50,56,36.0,6,36.0,0.34135890007019043,2
617,graficon32nodi/grafo1784.32,7,32,36,52,56,20.0,3,20.0,3.9028737545013428,2
618,graficon33nodi/grafo2397.33,7,33,39,50,56,39.0,5,39.0,9.150145530700684,2
619,graficon39nodi/grafo7363.39,7,39,43,51,55,39.0,3,39.0,3.4362571239471436,2
620,graficon34nodi/grafo11241.34,7,34,39,50,55,30.999999999999947,0,30.999999999999964,0.08758974075317383,2
621,graficon31nodi/grafo1689.31,7,31,34,53,56,23.999999999999996,0,24.000000000000007,0.12892532348632812,2
622,graficon39nodi/grafo6808.39,7,39,45,51,57,30.999999999999616,6,31.000000000000178,5.087118148803711,2
623,graficon24nodi/grafo522.24,7,24,30,51,57,37.99999999999998,4,38.00000000000003,3.073044538497925,2
624,graficon25nodi/grafo2016.25,7,25,33,50,58,37.00000000000013,2,37.00000000000015,1.659651279449463,2
625,graficon24nodi/grafo1667.24,7,24,29,50,55,25.999999999999993,1,26.0,1.5484654903411865,2
626,graficon40nodi/grafo5346.40,7,40,44,52,56,35.00000000000009,6,35.000000000000064,7.470563650131226,2
627,graficon34nodi/grafo11531.34,7,34,37,50,53,24.999999999999982,1,24.999999999999996,0.16030621528625488,2
628,graficon23nodi/grafo1974.23,7,23,27,54,58,26.99999950139962,1,26.999999002799527,2.0168282985687256,2
629,graficon30nodi/grafo1183.30,7,30,39,50,59,42.999999999999964,6,42.999999999999964,3.456455945968628,2
630,graficon35nodi/grafo7366.35,7,35,43,51,59,29.0,1,29.0,1.9209074974060059,2
631,graficon33nodi/grafo9869.33,7,33,38,50,55,23.999999999999936,2,24.00000000000047,1.5988397598266602,2
632,graficon38nodi/grafo3247.38,7,38,43,50,55,39.00000000000015,3,39.000000000000185,7.946002244949341,2
633,graficon36nodi/grafo5319.36,7,36,44,53,61,36.0,2,36.00000000000181,2.3009374141693115,2
634,graficon30nodi/grafo11384.30,7,30,34,50,54,22.000000000000018,2,22.00000000000007,1.9345929622650146,2
635,graficon38nodi/grafo3966.38,7,38,42,54,58,35.000000000000085,4,35.000000000000135,5.042011022567749,2
636,graficon32nodi/grafo3012.32,7,32,38,54,60,44.000000000000014,3,44.00000000000013,5.781927108764648,2
637,graficon33nodi/grafo1174.33,7,33,41,53,61,41.0,4,41.0,0.36135196685791016,2
638,graficon35nodi/grafo11415.35,7,35,43,52,60,46.0,5,46.0,0.32228612899780273,2
639,graficon36nodi/grafo10746.36,7,36,42,54,60,39.99999999999994,0,40.0,1.4863264560699463,2
640,graficon38nodi/grafo6579.38,7,38,49,54,65,60.999999999999545,7,61.00000000000201,3.4634172916412354,2
641,graficon32nodi/grafo10058.32,7,32,40,51,59,45.0,3,45.0,2.4698188304901123,2
642,graficon34nodi/grafo11614.34,7,34,39,50,55,30.999999999999947,0,30.999999999999964,0.06778144836425781,2
643,graficon38nodi/grafo6106.38,7,38,47,53,62,56.9999999999994,11,57.000000000000384,4.181676149368286,2
644,graficon26nodi/grafo309.26,7,26,36,54,64,65.0,6,65.00000000000006,2.953122854232788,2
645,graficon34nodi/grafo10483.34,7,34,45,50,61,48.00000000000012,8,48.00000000000028,5.067863464355469,2
646,graficon34nodi/grafo3023.34,7,34,42,54,62,40.99999999999986,2,40.99999999999986,2.0113682746887207,2
647,graficon35nodi/grafo11423.35,7,35,42,54,61,34.0,4,34.0,3.010169744491577,2
648,graficon26nodi/grafo1952.26,7,26,31,54,59,24.000000000000004,3,24.00000000000001,2.4494547843933105,2
649,graficon38nodi/grafo5993.38,7,38,44,53,59,36.000000000000156,4,36.00000000000021,3.4995765686035156,2
650,graficon17nodi/grafo2227.17,7,17,25,50,58,33.99999999999929,2,33.99999999999929,2.4194846153259277,2
651,graficon34nodi/grafo2082.34,7,34,38,54,58,15.999999999999996,0,16.0,0.08282780647277832,2
652,graficon27nodi/grafo1746.27,7,27,38,52,63,43.0,3,43.0,1.4546442031860352,2
653,graficon33nodi/grafo3214.33,7,33,44,52,63,63.999999830000256,14,64.0000003299999,7.464640140533447,2
654,graficon28nodi/grafo3060.28,7,28,36,51,59,29.999999947712414,4,30.000000000000057,6.551412343978882,2
655,graficon24nodi/grafo1158.24,7,24,34,52,62,58.999999999998266,6,59.00000000000258,6.813185930252075,2
656,graficon33nodi/grafo11638.33,7,33,38,53,58,31.99999999999998,2,31.99999999999998,0.32665562629699707,2
657,graficon35nodi/grafo7548.35,7,35,42,54,61,45.99999999999872,1,45.99999999999872,0.37731242179870605,2
658,graficon34nodi/grafo5827.34,7,34,40,51,57,32.99999999999959,2,32.99999999999959,2.816420555114746,2
659,graficon34nodi/grafo5485.34,7,34,43,52,61,45.0,5,45.0,0.25478601455688477,2
660,graficon35nodi/grafo6897.35,7,35,47,52,64,58.0000000000008,10,58.000000000000945,13.36193561553955,2
661,graficon34nodi/grafo5498.34,7,34,41,54,61,40.00000000000008,4,40.00000000000008,2.872699499130249,2
662,graficon34nodi/grafo5856.34,7,34,41,50,57,28.0,4,28.0,2.4627764225006104,2
663,graficon40nodi/grafo4073.40,7,40,42,51,53,31.999999999999204,2,31.999999999999204,3.861053466796875,2
664,graficon36nodi/grafo10619.36,7,36,41,51,56,37.0,1,37.0,2.5307705402374268,2
665,graficon42nodi/grafo7119.42,7,42,46,50,54,31.0,2,30.999999999999986,2.603127956390381,2
666,graficon36nodi/grafo11525.36,7,36,45,53,62,43.00000000000008,6,43.000000000000284,2.1470937728881836,2
667,graficon35nodi/grafo11234.35,7,35,35,51,51,13.99999999999997,0,14.0,2.9853501319885254,2
668,graficon24nodi/grafo2787.24,7,24,35,51,62,48.000000000000014,7,48.000000000000014,9.879080295562744,2
669,graficon40nodi/grafo3874.40,7,40,46,50,56,47.00000000000023,4,47.0000000000003,10.728703737258911,2
670,graficon28nodi/grafo1569.28,7,28,36,53,61,47.99999999999973,1,48.00000000000112,5.572933197021484,2
671,graficon35nodi/grafo2098.35,7,35,42,50,57,28.999999999999872,3,28.99999999999993,5.158286094665527,2
672,graficon34nodi/grafo2031.34,7,34,42,53,61,34.99999999999991,4,35.0,2.7330334186553955,2
673,graficon30nodi/grafo11667.30,7,30,34,52,56,13.999999999999913,0,13.999999999999961,0.0674898624420166,2
674,graficon30nodi/grafo1345.30,7,30,44,50,64,105.99999999999994,15,105.99999999999994,0.7228579521179199,2
675,graficon29nodi/grafo2054.29,7,29,35,50,56,22.00000000000003,2,22.000000000000053,2.8387880325317383,2
676,graficon41nodi/grafo4004.41,7,41,48,57,64,39.99999999999922,5,39.999999999999226,3.9268035888671875,2
677,graficon37nodi/grafo2224.37,7,37,45,58,66,66.00000000000048,11,66.00000000000179,10.653877258300781,2
678,graficon34nodi/grafo6076.34,7,34,44,56,66,60.99999999999993,2,60.99999999999993,3.9297373294830322,2
679,graficon40nodi/grafo5714.40,7,40,52,59,71,72.0000000000008,18,72.00000000000102,23.747745990753174,2
680,graficon38nodi/grafo9968.38,7,38,44,55,61,32.0,1,32.0,1.4828133583068848,2
681,graficon28nodi/grafo1201.28,7,28,38,58,68,56.00000000000036,5,56.00000000000063,8.645570993423462,2
682,graficon35nodi/grafo10708.35,7,35,46,55,66,75.9999959487183,19,75.99999607692344,9.185443878173828,2
683,graficon21nodi/grafo433.21,7,21,28,55,62,35.00000000000024,5,35.0000000000004,8.561643600463867,2
684,graficon34nodi/grafo5143.34,7,34,40,57,63,23.99999999999996,1,24.0,1.386274814605713,2
685,graficon36nodi/grafo11677.36,7,36,49,56,69,72.0,8,72.0,0.4162464141845703,2
686,graficon37nodi/grafo3125.37,7,37,42,58,63,26.0,2,26.0,2.7815139293670654,2
687,graficon37nodi/grafo7307.37,7,37,47,55,65,36.0,3,36.0,1.9430174827575684,2
688,graficon37nodi/grafo6450.37,7,37,46,57,66,42.99999999999973,4,42.99999999999973,1.7741951942443848,2
689,graficon39nodi/grafo3679.39,7,39,43,56,60,35.00000000000001,5,35.000000000000014,8.263837814331055,2
690,graficon38nodi/grafo6656.38,7,38,46,57,65,44.000000000000114,3,44.00000000000017,3.3770084381103516,2
691,graficon34nodi/grafo11409.34,7,34,35,56,57,14.999999999999897,1,14.9999999999999,2.0689194202423096,2
692,graficon38nodi/grafo6939.38,7,38,51,57,70,70.0,12,70.0,3.004242420196533,2
693,graficon33nodi/grafo2687.33,7,33,46,56,69,87.00000000000011,15,87.00000000000011,12.521860599517822,2
694,graficon38nodi/grafo3351.38,7,38,46,55,63,41.0,7,41.0,2.526662826538086,2
695,graficon37nodi/grafo7087.37,7,37,44,59,66,42.99999999999868,2,43.000000000003865,11.444751501083374,2
696,graficon36nodi/grafo11468.36,7,36,47,58,69,71.99999999999999,21,71.99999999999999,80.98390698432922,2
697,graficon31nodi/grafo1946.31,7,31,38,59,66,36.00000000000032,3,36.00000000000051,4.713771343231201,2
698,graficon32nodi/grafo1908.32,7,32,39,55,62,54.0,3,54.0,2.1251144409179688,2
699,graficon40nodi/grafo3255.40,7,40,46,56,62,40.000000000000114,8,40.000000000000234,3.7849814891815186,2
700,graficon37nodi/grafo5301.37,7,37,44,58,65,33.99999999999983,3,33.999999999999915,3.2531020641326904,2
701,graficon35nodi/grafo5613.35,7,35,46,57,68,79.0,11,79.00000000000009,4.083548307418823,2
702,graficon35nodi/grafo2990.35,7,35,48,59,72,68.0,13,68.00000000000004,3.2667758464813232,2
703,graficon43nodi/grafo6878.43,7,43,48,56,61,44.99999999999993,5,45.00000000000058,3.965736150741577,2
704,graficon27nodi/grafo1390.27,7,27,39,57,69,56.99999999999987,10,56.99999999999987,6.81908106803894,2
705,graficon36nodi/grafo6227.36,7,36,46,59,69,69.00000000000074,8,69.0000000000008,4.290380954742432,2
706,graficon39nodi/grafo3830.39,7,39,50,58,69,58.00000000000027,6,58.000000000000455,23.99235486984253,2
707,graficon37nodi/grafo6796.37,7,37,49,57,69,76.0,7,76.0,2.5185928344726562,2
708,graficon33nodi/grafo5872.33,7,33,39,57,63,23.0,2,23.000000000000004,4.408848524093628,2
709,graficon36nodi/grafo6071.36,7,36,43,59,66,36.99999999999998,3,36.99999999999999,2.823862314224243,2
710,graficon36nodi/grafo2465.36,7,36,44,58,66,66.9999999999915,5,66.99999999999145,0.7446751594543457,2
711,graficon38nodi/grafo7362.38,7,38,44,59,65,33.999999539628206,3,34.00000139461565,7.179664373397827,2
712,graficon38nodi/grafo7290.38,7,38,47,58,67,62.0,8,62.0,4.1426990032196045,2
713,graficon42nodi/grafo3239.42,7,42,48,56,62,58.999999999999815,4,58.999999999999815,3.065358877182007,2
714,graficon44nodi/grafo3040.44,7,44,50,59,65,44.00000000000046,5,43.999999999999964,3.429234743118286,2
715,graficon39nodi/grafo11577.39,7,39,49,55,65,68.0,9,68.0,1.0487613677978516,2
716,graficon40nodi/grafo4081.40,7,40,46,56,62,58.99999490370143,12,58.99999711727616,24.77422833442688,2
717,graficon42nodi/grafo6381.42,7,42,50,59,67,46.0,4,46.0,2.1351418495178223,2
718,graficon41nodi/grafo10067.41,7,41,47,58,64,37.99999999999959,3,37.99999999999959,2.059138059616089,2
719,graficon37nodi/grafo11622.37,7,37,49,59,71,43.99999999999996,5,44.00000000000013,6.172463655471802,2
720,graficon32nodi/grafo1992.32,7,32,36,57,61,28.000000000000032,2,28.000000000000032,5.439477205276489,2
721,graficon38nodi/grafo6467.38,7,38,43,59,64,27.99999999999997,2,27.99999999999997,2.2849369049072266,2
722,graficon40nodi/grafo6922.40,7,40,47,59,66,51.000000000000796,5,51.000000000000966,9.693814516067505,2
723,graficon34nodi/grafo5303.34,7,34,44,59,69,38.00000000000006,2,38.0000000000001,5.361724615097046,2
724,graficon34nodi/grafo11396.34,7,34,35,55,56,16.999999001799022,0,16.999999001799097,4.027657508850098,2
725,graficon39nodi/grafo5122.39,7,39,51,59,71,91.00000000000149,15,91.00000000000153,8.809144020080566,2
726,graficon42nodi/grafo6223.42,7,42,45,59,62,34.00000000000007,2,34.00000000000007,3.521623373031616,2
727,graficon40nodi/grafo2627.40,7,40,49,56,65,47.99999999999949,7,48.00000000000246,5.909322023391724,2
728,graficon41nodi/grafo6876.41,7,41,50,58,67,53.0,5,53.0,3.7698276042938232,2
729,graficon35nodi/grafo11548.35,7,35,46,55,66,75.9999959487183,19,75.99999607692344,9.15370798110962,2
730,graficon31nodi/grafo1637.31,7,31,41,56,66,63.999999999999986,10,63.99999999999999,2.3656816482543945,2
731,graficon38nodi/grafo3437.38,7,38,45,57,64,46.999999999999474,9,47.000000000001165,7.104246139526367,2
732,graficon35nodi/grafo10135.35,7,35,43,55,63,48.0,7,48.0,3.7610716819763184,2
733,graficon38nodi/grafo2960.38,7,38,48,56,66,59.00000000000058,13,59.000000000000625,10.118439197540283,2
734,graficon35nodi/grafo3720.35,7,35,46,59,70,68.00000000000009,6,68.00000000000013,5.460208177566528,2
735,graficon36nodi/grafo6233.36,7,36,47,56,67,48.999999999999446,8,48.99999999999963,2.7013111114501953,2
736,graficon24nodi/grafo1966.24,7,24,34,58,68,46.0,2,46.0,1.8123667240142822,2
737,graficon38nodi/grafo3681.38,7,38,48,56,66,55.999999999999915,6,56.0000000000001,6.684835433959961,2
738,graficon36nodi/grafo5970.36,7,36,46,57,67,77.99999999999997,10,77.99999999999999,0.9266808032989502,2
739,graficon26nodi/grafo1272.26,7,26,34,56,64,52.999999999999545,1,53.0,3.7186968326568604,2
740,graficon32nodi/grafo2968.32,7,32,41,55,64,55.0,8,55.0,0.31972694396972656,2
741,graficon34nodi/grafo5917.34,7,34,41,58,65,22.999999999999883,2,23.0,0.12157988548278809,2
742,graficon35nodi/grafo11344.35,7,35,40,55,60,29.0,3,29.0,3.494183301925659,2
743,graficon47nodi/grafo1531.47,7,47,54,58,65,60.00000000000003,2,60.0000000000003,5.8807690143585205,2
744,graficon36nodi/grafo5264.36,7,36,41,59,64,27.0,0,27.0,1.4437358379364014,2
745,graficon36nodi/grafo7306.36,7,36,48,55,67,113.99999665217284,31,113.99999856521671,199.52060294151306,2
746,graficon34nodi/grafo3124.34,7,34,43,56,65,69.00000000000036,8,69.00000000000034,3.792165994644165,2
747,graficon35nodi/grafo11633.35,7,35,46,56,67,51.99999999999898,7,52.0,7.080004930496216,2
748,graficon40nodi/grafo6115.40,7,40,46,57,63,39.0,5,39.0,3.466921806335449,2
749,graficon37nodi/grafo3554.37,7,37,41,57,61,26.0,0,26.0,1.6146297454833984,2
750,graficon36nodi/grafo10229.36,7,36,46,58,68,48.0,5,48.0,2.2107677459716797,2
751,graficon33nodi/grafo598.33,7,33,49,63,79,107.99998906727919,24,107.9999970133363,600.3525109291077,9
752,graficon44nodi/grafo7435.44,7,44,53,63,72,45.00000000000008,4,45.00000000000008,3.171412467956543,2
753,graficon40nodi/grafo6485.40,7,40,51,62,73,55.999999999999915,15,56.0,5.892837047576904,2
754,graficon35nodi/grafo6035.35,7,35,50,61,76,81.99999999999969,9,81.99999999999974,7.801517963409424,2
755,graficon38nodi/grafo7531.38,7,38,44,61,67,35.0,3,35.0,1.6600573062896729,2
756,graficon37nodi/grafo11473.37,7,37,42,61,66,31.000000000000014,1,31.00000000000003,6.336284399032593,2
757,graficon33nodi/grafo5821.33,7,33,43,62,72,39.0,4,39.0,10.804415464401245,2
758,graficon39nodi/grafo5308.39,7,39,49,64,74,53.000000000000234,7,53.000000000000426,12.485316038131714,2
759,graficon33nodi/grafo10454.33,7,33,41,61,69,40.0,3,40.0,0.27380800247192383,2
760,graficon42nodi/grafo7704.42,7,42,51,63,72,58.00000000000024,10,58.000000000000284,9.987186431884766,2
761,graficon33nodi/grafo2654.33,7,33,49,64,80,95.0,14,95.0,8.62991714477539,2
762,graficon36nodi/grafo11077.36,7,36,40,63,67,31.999999999999996,1,32.0,0.09749937057495117,2
763,graficon37nodi/grafo5888.37,7,37,50,60,73,44.0,9,44.0,2.5343213081359863,2
764,graficon33nodi/grafo10732.33,7,33,37,60,64,30.999999999999176,1,30.999999999999176,5.027817964553833,2
765,graficon25nodi/grafo2301.25,7,25,37,61,73,58.00000000000008,1,58.00000000000045,0.1790773868560791,2
766,graficon43nodi/grafo7428.43,7,43,52,60,69,52.999999999999986,6,53.000000000000014,4.084301710128784,2
767,graficon32nodi/grafo2991.32,7,32,43,61,72,73.0,6,73.0,1.2253797054290771,2
768,graficon41nodi/grafo3498.41,7,41,53,63,75,74.0,13,74.0,14.875694990158081,2
769,graficon36nodi/grafo11414.36,7,36,47,62,73,52.999999999999616,9,53.00000000000029,2.6249380111694336,2
770,graficon35nodi/grafo10841.35,7,35,45,62,72,63.00000000000037,9,63.00000000000056,11.730570554733276,2
771,graficon38nodi/grafo2959.38,7,38,48,61,71,48.00000000000054,7,48.00000000000071,4.291199684143066,2
772,graficon30nodi/grafo359.30,7,30,37,60,67,30.00000000000018,4,30.000000000000252,3.4662184715270996,2
773,graficon37nodi/grafo1555.37,7,37,48,61,72,63.000000000000064,15,63.00000000000009,7.74212384223938,2
774,graficon37nodi/grafo2398.37,7,37,47,64,74,53.000000000001364,10,53.00000000000183,5.822891473770142,2
775,graficon40nodi/grafo2729.40,7,40,46,64,70,45.00000000000017,4,45.000000000000234,4.701475381851196,2
776,graficon42nodi/grafo3325.42,7,42,52,64,74,54.99999999999991,5,54.9999999999999,2.5585427284240723,2
777,graficon36nodi/grafo10462.36,7,36,40,61,65,23.0,0,23.0,1.9359922409057617,2
778,graficon39nodi/grafo7630.39,7,39,46,62,69,44.000000000000206,8,44.000000000000384,12.18757939338684,2
779,graficon30nodi/grafo2012.30,7,30,46,64,80,111.0,16,111.0,1.5062987804412842,2
780,graficon48nodi/grafo1669.48,7,48,59,62,73,102.99999927429887,15,102.99999958333372,51.41361141204834,2
781,graficon40nodi/grafo3116.40,7,40,47,64,71,63.99999999999986,5,64.00000000000003,5.4417009353637695,2
782,graficon41nodi/grafo4047.41,7,41,48,63,70,45.0,1,45.0,5.037727355957031,2
783,graficon44nodi/grafo3971.44,7,44,48,64,68,38.99999999999985,2,39.0,4.773072242736816,2
784,graficon36nodi/grafo6093.36,7,36,43,63,70,37.0,7,37.0,0.8466379642486572,2
785,graficon39nodi/grafo6244.39,7,39,52,64,77,81.0,12,81.00000000000021,6.335475206375122,2
786,graficon34nodi/grafo5991.34,7,34,41,60,67,36.0000000000004,2,36.00000000000336,0.39713406562805176,2
787,graficon38nodi/grafo5998.38,7,38,44,60,66,49.0,1,49.0,2.560906410217285,2
788,graficon32nodi/grafo5807.32,7,32,41,64,73,37.0,2,37.0,0.22159719467163086,2
789,graficon29nodi/grafo2811.29,7,29,40,62,73,56.0,9,56.0,8.306938171386719,2
790,graficon33nodi/grafo11643.33,7,33,37,60,64,30.999999999999176,1,30.999999999999176,4.7326600551605225,2
791,graficon45nodi/grafo7711.45,7,45,53,64,72,46.99999999999966,3,46.99999999999978,11.966960668563843,2
792,graficon35nodi/grafo3483.35,7,35,41,61,67,32.00000000000013,4,32.00000000000035,2.2072627544403076,2
793,graficon37nodi/grafo7410.37,7,37,51,61,75,53.0,15,53.0,4.9509289264678955,2
794,graficon39nodi/grafo3792.39,7,39,49,61,71,54.0,7,54.0,9.029167890548706,2
795,graficon46nodi/grafo7281.46,7,46,54,61,69,50.000000000000185,9,50.000000000000156,4.545454025268555,2
796,graficon41nodi/grafo7033.41,7,41,48,60,67,53.99999940110114,8,54.00000000000155,17.101991891860962,2
797,graficon37nodi/grafo6905.37,7,37,48,63,74,66.99999999999997,11,66.99999999999999,4.880181312561035,2
798,graficon33nodi/grafo1668.33,7,33,41,63,71,40.00000000000027,6,40.0000000000004,2.7326481342315674,2
799,graficon43nodi/grafo4042.43,7,43,47,60,64,36.0,0,36.0,2.3144497871398926,2
800,graficon37nodi/grafo3728.37,7,37,47,63,73,53.99999999999985,6,53.99999999999986,9.72780990600586,2
801,graficon37nodi/grafo6219.37,7,37,45,62,70,53.00000000000027,4,53.00000000000034,5.0385589599609375,2
802,graficon37nodi/grafo2761.37,7,37,45,60,68,46.0,5,46.0,1.9129586219787598,2
803,graficon35nodi/grafo6010.35,7,35,44,60,69,46.00000000000026,8,46.00000000000033,3.7876241207122803,2
804,graficon41nodi/grafo5637.41,7,41,49,61,69,55.00000000000002,5,55.00000000000003,17.376022577285767,2
805,graficon36nodi/grafo5783.36,7,36,46,62,72,51.00000000000036,6,51.00000000000053,7.584238529205322,2
806,graficon42nodi/grafo5250.42,7,42,51,64,73,61.99999999999853,7,62.00000000000057,5.333038568496704,2
807,graficon38nodi/grafo11452.38,7,38,50,62,74,76.99999999999997,17,77.0,4.245765686035156,2
808,graficon41nodi/grafo11172.41,7,41,51,62,72,70.0000000000023,8,70.0000000000023,5.4196412563323975,2
809,graficon37nodi/grafo7650.37,7,37,52,63,78,81.0,9,81.0,4.291037082672119,2
810,graficon33nodi/grafo11527.33,7,33,40,62,69,38.999999999999986,3,39.0,3.4474267959594727,2
811,graficon40nodi/grafo6142.40,7,40,49,64,73,58.999999999999886,8,59.00000000000096,4.408604383468628,2
812,graficon36nodi/grafo5809.36,7,36,45,63,72,63.99999813809544,8,64.00000186190334,7.5871970653533936,2
813,graficon40nodi/grafo5426.40,7,40,50,62,72,98.00000000000011,14,98.00000000000011,47.04822397232056,2
814,graficon34nodi/grafo3076.34,7,34,39,61,66,28.000000000000554,2,28.000000000003546,2.036759853363037,2
815,graficon39nodi/grafo7374.39,7,39,51,62,74,66.9999989999984,17,66.99999899999852,9.014612913131714,2
816,graficon40nodi/grafo7706.40,7,40,51,60,71,70.0,14,70.0,8.00826644897461,2
817,graficon44nodi/grafo3602.44,7,44,53,62,71,87.99999999999997,12,87.99999999999999,4.222235679626465,2
818,graficon43nodi/grafo7484.43,7,43,49,63,69,53.00000000000037,4,53.00000000000055,9.552721977233887,2
819,graficon37nodi/grafo11410.37,7,37,45,64,72,41.000000000000114,4,41.00000000000021,2.0903637409210205,2
820,graficon35nodi/grafo6104.35,7,35,40,63,68,33.0,1,33.0,11.204716682434082,2
821,graficon36nodi/grafo5360.36,7,36,44,62,70,40.00000000000001,6,40.00000000000001,2.9867818355560303,2
822,graficon38nodi/grafo5222.38,7,38,43,62,67,34.999999091268876,3,35.00000000000055,7.216650485992432,2
823,graficon36nodi/grafo11309.36,7,36,46,61,71,60.00000000000059,12,60.00000000000059,9.904915571212769,2
824,graficon36nodi/grafo5457.36,7,36,43,61,68,28.99999999999986,4,28.99999999999998,0.20536351203918457,2
825,graficon37nodi/grafo7092.37,7,37,47,61,71,69.00000000000003,18,69.00000000000003,12.349199533462524,2
826,graficon38nodi/grafo1999.38,7,38,45,68,75,41.000000000000085,2,41.00000000000017,5.052138566970825,2
827,graficon38nodi/grafo7684.38,7,38,54,68,84,96.0,15,96.0,9.115442752838135,2
828,graficon43nodi/grafo3669.43,7,43,52,67,76,78.0,6,78.00000000000034,5.616610288619995,2
829,graficon40nodi/grafo11665.40,7,40,48,68,76,44.99999999999994,9,44.99999999999991,18.70467472076416,2
830,graficon39nodi/grafo10234.39,7,39,51,69,81,56.00000000000006,13,56.00000000000013,6.484071731567383,2
831,graficon40nodi/grafo6382.40,7,40,52,65,77,72.0000000000004,12,72.00000000000051,5.121987819671631,2
832,graficon44nodi/grafo7013.44,7,44,53,69,78,40.99999999999996,1,40.99999999999997,2.3369741439819336,2
833,graficon37nodi/grafo3341.37,7,37,50,66,79,88.99999999999972,12,89.00000000000003,6.288387060165405,2
834,graficon40nodi/grafo5504.40,7,40,53,66,79,60.99999999999991,10,60.99999999999996,12.255393743515015,2
835,graficon44nodi/grafo1219.44,7,44,48,66,70,29.999999999999993,0,30.0,1.6294236183166504,2
836,graficon29nodi/grafo3034.29,7,29,40,65,76,66.99999999999964,4,67.00000000000018,12.82741379737854,2
837,graficon44nodi/grafo3831.44,7,44,52,67,75,68.00000000000117,8,68.00000000000193,12.052246332168579,2
838,graficon35nodi/grafo3068.35,7,35,50,67,82,88.99999999999928,16,88.99999999999957,5.554538726806641,2
839,graficon40nodi/grafo9898.40,7,40,50,68,78,46.99999999999984,9,46.99999999999999,9.344478130340576,2
840,graficon37nodi/grafo6847.37,7,37,47,67,77,56.0,2,56.0,3.0593550205230713,2
841,graficon40nodi/grafo5327.40,7,40,47,68,75,38.000000000000085,4,38.000000000000185,2.491380453109741,2
842,graficon44nodi/grafo6266.44,7,44,60,68,84,99.99999999999997,24,100.0,145.92431735992432,2
843,graficon39nodi/grafo6848.39,7,39,52,67,80,68.0,8,68.0,0.6558902263641357,2
844,graficon30nodi/grafo2030.30,7,30,44,66,80,90.000000000001,14,90.00000000000104,10.811398029327393,2
845,graficon40nodi/grafo6167.40,7,40,57,66,83,116.99999999999986,23,117.0,81.40192461013794,2
846,graficon39nodi/grafo2148.39,7,39,45,67,73,38.99999999999993,3,39.000000000001094,6.894864797592163,2
847,graficon36nodi/grafo3734.36,7,36,46,67,77,72.99999966666611,6,73.00000066666728,17.453420400619507,2
848,graficon39nodi/grafo5789.39,7,39,58,69,88,79.99998513256824,24,80.00000197213967,182.6461696624756,2
849,graficon29nodi/grafo1284.29,7,29,40,65,76,71.99999999999963,6,72.00000000000054,5.610926389694214,2
850,graficon45nodi/grafo7024.45,7,45,50,65,70,35.000000000000085,5,35.000000000000135,7.634599208831787,2
851,graficon33nodi/grafo5203.33,7,33,41,68,76,30.0,5,30.0,6.8787782192230225,2
852,graficon34nodi/grafo6218.34,7,34,40,65,71,36.0,3,36.0,2.346076726913452,2
853,graficon43nodi/grafo7073.43,7,43,51,69,77,39.999999999999694,7,39.99999999999983,5.715719699859619,2
854,graficon42nodi/grafo5867.42,7,42,52,69,79,72.00000000000023,12,72.00000000000028,12.095967769622803,2
855,graficon36nodi/grafo7509.36,7,36,45,69,78,46.999999999996504,6,47.0000000000072,18.251153469085693,2
856,graficon37nodi/grafo7743.37,7,37,55,68,86,90.99999999999999,22,91.0,157.4985318183899,2
857,graficon44nodi/grafo6915.44,7,44,58,68,82,88.0,17,88.0,11.153900146484375,2
858,graficon40nodi/grafo7570.40,7,40,52,68,80,54.00000000000002,14,54.00000000000003,2.95823073387146,2
859,graficon33nodi/grafo5787.33,7,33,40,66,73,28.999999999999822,2,28.99999999999995,2.284024715423584,2
860,graficon34nodi/grafo11517.34,7,34,44,69,79,50.0000000000003,5,50.000000000001094,9.010034322738647,2
861,graficon49nodi/grafo1560.49,7,49,59,68,78,72.00000000000057,9,72.00000000000074,11.763452053070068,2
862,graficon47nodi/grafo3121.47,7,47,54,65,72,51.99999949999783,3,51.99999949999921,8.427616596221924,2
863,graficon38nodi/grafo2052.38,7,38,50,67,79,63.0,14,63.0,4.200864791870117,2
864,graficon41nodi/grafo3794.41,7,41,52,65,76,64.0000000000001,18,64.00000000000017,12.155022621154785,2
865,graficon38nodi/grafo3964.38,7,38,48,69,79,71.99999999999994,6,71.99999999999997,5.631848096847534,2
866,graficon39nodi/grafo7264.39,7,39,51,67,79,77.00000000000037,21,77.00000000000048,59.074007749557495,2
867,graficon38nodi/grafo3752.38,7,38,46,65,73,53.0,4,53.00000000000035,7.920865058898926,2
868,graficon37nodi/grafo3576.37,7,37,49,69,81,81.99999900138161,13,82.00000100000176,10.186437606811523,2
869,graficon38nodi/grafo5949.38,7,38,50,66,78,74.99999981425802,4,74.99999981425808,11.537011861801147,2
870,graficon29nodi/grafo2639.29,7,29,43,67,81,89.99999999999909,6,90.0000000000009,5.287276268005371,2
871,graficon38nodi/grafo11575.38,7,38,46,66,74,51.99999999999997,11,51.99999999999997,15.556260108947754,2
872,graficon38nodi/grafo3321.38,7,38,53,66,81,94.9999999999992,16,94.99999999999955,3.243079900741577,2
873,graficon31nodi/grafo1429.31,7,31,45,65,79,84.00000000000071,14,84.00000000000104,16.43504285812378,2
874,graficon38nodi/grafo4013.38,7,38,49,67,78,52.99999999999958,9,52.99999999999999,8.393344163894653,2
875,graficon28nodi/grafo1339.28,7,28,41,67,80,85.00000000000031,15,85.00000000000054,6.251675605773926,2
876,graficon35nodi/grafo2020.35,7,35,43,68,76,34.0,1,34.0,1.3613159656524658,2
877,graficon40nodi/grafo7409.40,7,40,48,65,73,49.99999999999997,5,49.99999999999997,3.604127883911133,2
878,graficon42nodi/grafo6141.42,7,42,53,68,79,65.99999999999864,13,66.00000000000023,6.781882286071777,2
879,graficon38nodi/grafo3932.38,7,38,48,69,79,54.9999999999997,5,55.00000000000029,10.922752380371094,2
880,graficon38nodi/grafo2986.38,7,38,50,67,79,84.99999980191109,17,85.00000060000009,20.855521202087402,2
881,graficon42nodi/grafo5771.42,7,42,51,68,77,50.00000000000002,5,50.000000000000085,4.747166395187378,2
882,graficon45nodi/grafo7734.45,7,45,55,68,78,64.99999811111155,13,64.99999811111178,8.795207262039185,2
883,graficon42nodi/grafo3094.42,7,42,49,69,76,48.00000000000011,2,48.00000000000022,12.437337398529053,2
884,graficon38nodi/grafo819.38,7,38,49,68,79,75.99999999999976,13,76.00000000000054,7.654959678649902,2
885,graficon39nodi/grafo6923.39,7,39,48,67,76,61.0,10,61.0,18.39925265312195,2
886,graficon33nodi/grafo10400.33,7,33,38,68,73,27.99999999999993,1,27.999999999999964,0.2317829132080078,2
887,graficon36nodi/grafo11346.36,7,36,49,69,82,63.99999999999998,12,64.0,0.9903175830841064,2
888,graficon39nodi/grafo11565.39,7,39,45,65,71,31.00000000000029,4,31.00000000000059,4.149678468704224,2
889,graficon50nodi/grafo1494.50,7,50,57,68,75,68.00000000000006,9,68.00000000000006,17.57494831085205,2
890,graficon38nodi/grafo10455.38,7,38,42,67,71,26.0,1,26.0,1.7615187168121338,2
891,graficon38nodi/grafo9852.38,7,38,48,66,76,59.00000000000002,7,59.000000000000036,2.9104464054107666,2
892,graficon45nodi/grafo5975.45,7,45,52,66,73,65.0,5,65.0,7.282515525817871,2
893,graficon39nodi/grafo4061.39,7,39,47,69,77,46.00000000000014,5,46.00000000000021,4.805335760116577,2
894,graficon40nodi/grafo6955.40,7,40,52,69,81,68.99999900699513,8,69.0000000000011,8.936763048171997,2
895,graficon41nodi/grafo7624.41,7,41,54,69,82,93.0,11,93.00000000000003,3.7268295288085938,2
896,graficon35nodi/grafo6116.35,7,35,43,69,77,39.00000000000004,5,39.000000000000114,5.1401448249816895,2
897,graficon51nodi/grafo1404.51,7,51,70,69,88,129.99999999999997,39,130.0,373.40395998954773,2
898,graficon36nodi/grafo7553.36,7,36,52,69,85,88.0,15,88.00000000000007,4.747990131378174,2
899,graficon40nodi/grafo3711.40,7,40,53,68,81,70.0,3,70.0,2.232468605041504,2
900,graficon37nodi/grafo2099.37,7,37,44,69,76,36.99999999999966,0,37.00000000000046,1.8869764804840088,2
901,graficon40nodi/grafo3916.40,7,40,51,71,82,75.0,6,75.0,4.454006910324097,2
902,graficon39nodi/grafo227.39,7,39,47,72,80,49.000000000000156,4,49.0000000000002,4.425600528717041,2
903,graficon44nodi/grafo7217.44,7,44,53,70,79,62.000000000000014,7,62.00000000000001,4.572945594787598,2
904,graficon35nodi/grafo10277.35,7,35,45,71,81,67.99999999999994,8,68.00000000000014,12.158695697784424,2
905,graficon37nodi/grafo2678.37,7,37,45,74,82,39.99999999999997,2,39.99999999999997,2.3074774742126465,2
906,graficon44nodi/grafo3432.44,7,44,55,72,83,72.9999999999999,9,72.99999999999991,3.8919029235839844,2
907,graficon43nodi/grafo7404.43,7,43,55,73,85,76.9999999999961,9,77.00000000000385,6.059720754623413,2
908,graficon47nodi/grafo6168.47,7,47,50,70,73,32.99999999999999,1,33.0,7.28636360168457,2
909,graficon44nodi/grafo5590.44,7,44,49,72,77,31.0,1,31.0,1.8163483142852783,2
910,graficon37nodi/grafo3954.37,7,37,50,70,83,71.00000000000122,12,71.0000000000017,5.0871498584747314,2
911,graficon40nodi/grafo490.40,7,40,45,71,76,28.99999999999993,1,28.999999999999964,1.542612075805664,2
912,graficon38nodi/grafo3708.38,7,38,53,74,89,96.0,8,96.00000000000001,4.333800792694092,2
913,graficon34nodi/grafo10511.34,7,34,41,71,78,39.99999999999999,3,40.0,0.2888064384460449,2
914,graficon39nodi/grafo11357.39,7,39,48,71,80,48.999999004992915,8,48.9999990050008,9.131228685379028,2
915,graficon49nodi/grafo6373.49,7,49,56,73,80,69.00000000000007,10,69.00000000000021,6.525283098220825,2
916,graficon41nodi/grafo7372.41,7,41,55,71,85,124.00000000000003,14,124.00000000000004,8.219277620315552,2
917,graficon47nodi/grafo3806.47,7,47,52,71,76,46.00000000000017,3,46.00000000000016,9.215613842010498,2
918,graficon40nodi/grafo7285.40,7,40,56,70,86,109.99999999999994,21,109.99999999999996,79.69497513771057,2
919,graficon36nodi/grafo5124.36,7,36,43,70,77,54.0,4,54.0,1.0576238632202148,2
920,graficon38nodi/grafo3457.38,7,38,43,70,75,28.0,1,28.0,0.16671037673950195,2
921,graficon40nodi/grafo3539.40,7,40,57,72,89,89.00000000000132,21,89.00000000000166,183.73235988616943,2
922,graficon39nodi/grafo3391.39,7,39,61,71,93,124.0,39,124.0,138.6992597579956,2
923,graficon38nodi/grafo6480.38,7,38,50,70,82,73.00000000000011,11,73.00000000000114,4.547887802124023,2
924,graficon42nodi/grafo3820.42,7,42,52,70,80,52.99999999999982,5,52.99999999999982,4.428940057754517,2
925,graficon40nodi/grafo11283.40,7,40,52,74,86,66.99999999999872,11,66.99999999999915,4.510340690612793,2
926,graficon48nodi/grafo1535.48,7,48,53,72,77,31.000000000000036,1,31.000000000000256,13.431135892868042,2
927,graficon44nodi/grafo11640.44,7,44,59,73,88,86.0,15,86.0,7.686526775360107,2
928,graficon30nodi/grafo1810.30,7,30,40,73,83,41.0000000000003,4,41.000000000000945,4.684098482131958,2
929,graficon38nodi/grafo10767.38,7,38,50,72,84,79.99999999999936,7,79.99999999999937,5.164990663528442,2
930,graficon39nodi/grafo10062.39,7,39,44,74,79,40.9999999999999,5,40.9999999999999,4.274861812591553,2
931,graficon42nodi/grafo6171.42,7,42,59,73,90,98.99999999999997,18,98.99999999999997,25.283870458602905,2
932,graficon41nodi/grafo7074.41,7,41,50,72,81,46.99999999999977,1,47.00000000000017,12.735960721969604,2
933,graficon42nodi/grafo6304.42,7,42,55,73,86,99.0000000000007,13,99.00000000000095,14.336100101470947,2
934,graficon43nodi/grafo3801.43,7,43,52,70,79,50.99999999999882,5,50.99999999999942,4.0271546840667725,2
935,graficon40nodi/grafo3538.40,7,40,46,72,78,45.00000000000003,3,45.000000000000156,3.1556944847106934,2
936,graficon38nodi/grafo10567.38,7,38,47,74,83,61.999999999996604,9,62.0000000000014,8.798080921173096,2
937,graficon37nodi/grafo3445.37,7,37,46,73,82,35.999999999999005,7,35.99999999999902,3.176241397857666,2
938,graficon37nodi/grafo11122.37,7,37,44,74,81,40.99999999999991,7,40.999999999999964,12.550842046737671,2
939,graficon35nodi/grafo3499.35,7,35,47,70,82,62.99999950071096,9,63.00000000000033,6.240769386291504,2
940,graficon42nodi/grafo7296.42,7,42,56,73,87,79.99999999999969,11,80.00000000000024,3.543959617614746,2
941,graficon38nodi/grafo10027.38,7,38,50,74,86,69.00000000000016,9,69.00000000000036,6.6993489265441895,2
942,graficon40nodi/grafo6207.40,7,40,52,72,84,60.99999999999909,11,61.00000000000116,6.349003314971924,2
943,graficon35nodi/grafo3006.35,7,35,44,70,79,45.00000000000034,3,45.00000000000049,3.4917285442352295,2
944,graficon56nodi/grafo5979.56,7,56,69,72,85,116.99999500613504,22,117.00000199999853,495.65561747550964,2
945,graficon39nodi/grafo7283.39,7,39,50,74,85,82.0,11,82.0,4.4567859172821045,2
946,graficon40nodi/grafo3229.40,7,40,48,74,82,47.000000000000284,3,47.00000000000041,3.975423574447632,2
947,graficon37nodi/grafo2528.37,7,37,50,70,83,65.99999974999994,6,66.00000000000085,8.511210680007935,2
948,graficon40nodi/grafo2963.40,7,40,49,70,79,67.00000000000054,7,67.00000000000063,4.38709282875061,2
949,graficon37nodi/grafo11238.37,7,37,47,70,80,55.99999535714309,5,55.99999814285771,5.449796915054321,2
950,graficon34nodi/grafo5693.34,7,34,46,73,85,54.99999999999943,5,54.99999999999943,4.594658851623535,2
951,graficon45nodi/grafo5623.45,7,45,55,74,84,76.00000000000038,2,76.00000000000038,13.451799154281616,2
952,graficon38nodi/grafo1157.38,7,38,48,73,83,47.000000000000135,5,47.00000000000034,3.493870258331299,2
953,graficon36nodi/grafo9862.36,7,36,51,74,89,61.99999999999994,10,62.0,4.333525896072388,2
954,graficon39nodi/grafo10505.39,7,39,52,70,83,75.00000000000001,12,75.00000000000034,6.273475170135498,2
955,graficon34nodi/grafo9934.34,7,34,40,73,79,23.0,0,23.0,0.07267069816589355,2
956,graficon42nodi/grafo7692.42,7,42,54,74,86,52.0,9,52.000000000000114,4.42087197303772,2
957,graficon41nodi/grafo7635.41,7,41,53,71,83,84.99999066710072,22,85.00000093333709,166.58964085578918,2
958,graficon39nodi/grafo3849.39,7,39,50,71,82,79.00000000000003,9,79.00000000000001,9.661906003952026,2
959,graficon40nodi/grafo3287.40,7,40,52,71,83,65.99999966733607,11,66.00000000000081,10.454921245574951,2
960,graficon56nodi/grafo7164.56,7,56,68,70,82,72.99999999999947,9,72.9999999999996,10.793821096420288,2
961,graficon43nodi/grafo7403.43,7,43,57,70,84,91.0,23,91.0,82.17580533027649,2
962,graficon39nodi/grafo6476.39,7,39,50,73,84,51.0,14,51.00000000000001,5.512935161590576,2
963,graficon41nodi/grafo5344.41,7,41,52,73,84,53.99999999999998,8,53.999999999999986,1.5433473587036133,2
964,graficon35nodi/grafo7560.35,7,35,45,72,82,49.000000000000114,5,49.000000000000234,2.9913761615753174,2
965,graficon39nodi/grafo11552.39,7,39,47,71,79,60.00000000000027,4,60.00000000000034,6.537993669509888,2
966,graficon42nodi/grafo3865.42,7,42,56,73,87,68.99999999999991,15,68.99999999999991,1.6468579769134521,2
967,graficon46nodi/grafo1581.46,7,46,52,71,77,41.00000000000037,2,41.00000000000078,4.135602235794067,2
968,graficon38nodi/grafo7187.38,7,38,52,74,88,106.0,18,106.0,27.599467754364014,2
969,graficon57nodi/grafo5041.57,7,57,63,74,80,65.99999524999998,4,65.99999524999998,70.36673021316528,2
970,graficon37nodi/grafo7512.37,7,37,45,71,79,58.99999999999999,2,59.00000000000007,3.686220169067383,2
971,graficon39nodi/grafo7479.39,7,39,53,70,84,101.0,13,101.0,26.58378267288208,2
972,graficon46nodi/grafo5905.46,7,46,56,74,84,71.9999999999999,7,72.0000000000001,7.477942228317261,2
973,graficon40nodi/grafo3387.40,7,40,53,74,87,78.99999999999982,15,78.99999999999982,10.022088766098022,2
974,graficon38nodi/grafo3915.38,7,38,44,71,77,45.99999999999999,2,46.0,11.235403299331665,2
975,graficon37nodi/grafo11479.37,7,37,44,73,80,39.0,6,39.00000000000126,4.184701204299927,2
976,graficon36nodi/grafo2504.36,7,36,49,76,89,69.99999999999348,9,69.9999999999958,5.007925271987915,2
977,graficon30nodi/grafo3011.30,7,30,41,76,87,60.0000000000005,4,60.00000000000077,4.531144380569458,2
978,graficon39nodi/grafo2310.39,7,39,59,77,97,117.0,22,117.00000000000001,49.91523361206055,2
979,graficon40nodi/grafo365.40,7,40,47,76,83,43.00000000000013,4,43.00000000000011,4.796947479248047,2
980,graficon41nodi/grafo5534.41,7,41,49,77,85,41.99999999999876,5,41.99999999999982,6.466583013534546,2
981,graficon36nodi/grafo5632.36,7,36,43,76,83,43.0000000000004,5,43.00000000000066,9.747653484344482,2
982,graficon42nodi/grafo3895.42,7,42,55,79,92,93.99999524239634,23,94.00000000000398,353.8552930355072,2
983,graficon40nodi/grafo7534.40,7,40,54,76,90,125.9999999999992,15,125.9999999999992,4.788640022277832,2
984,graficon38nodi/grafo11163.38,7,38,50,77,89,77.99999999999997,14,77.99999999999997,0.8671932220458984,2
985,graficon36nodi/grafo5700.36,7,36,49,78,91,76.00000000000013,11,76.00000000000044,7.47925877571106,2
986,graficon41nodi/grafo7150.41,7,41,52,75,86,54.0,8,54.0,0.7825706005096436,2
987,graficon38nodi/grafo9909.38,7,38,48,77,87,62.0000000000001,8,62.000000000000185,9.119577884674072,2
988,graficon41nodi/grafo6152.41,7,41,56,75,90,76.99999999999967,12,76.99999999999977,5.486005067825317,2
989,graficon44nodi/grafo3924.44,7,44,53,75,84,50.99999999999858,8,50.99999999999872,5.811394453048706,2
990,graficon38nodi/grafo5880.38,7,38,52,76,90,82.00000000000094,12,82.00000000000132,5.712741851806641,2
991,graficon31nodi/grafo1257.31,7,31,50,76,95,117.99999999999997,23,118.0,264.66778326034546,2
992,graficon40nodi/grafo9929.40,7,40,56,77,93,85.00000000000031,19,85.0000000000004,12.209260940551758,2
993,graficon43nodi/grafo7444.43,7,43,55,77,89,77.0000000000001,15,77.00000000000038,8.643546104431152,2
994,graficon33nodi/grafo1975.33,7,33,46,77,90,57.0000000000006,9,57.000000000001094,6.449054002761841,2
995,graficon44nodi/grafo5982.44,7,44,57,79,92,81.99999999999957,12,81.99999999999969,14.99160385131836,2
996,graficon49nodi/grafo1353.49,7,49,54,76,81,47.00000000000004,3,47.00000000000013,63.949077129364014,2
997,graficon36nodi/grafo3379.36,7,36,44,75,83,44.00000000000007,1,44.00000000000024,1.5911400318145752,2
998,graficon37nodi/grafo5904.37,7,37,50,77,90,60.00000000000024,10,60.00000000000035,9.529978513717651,2
999,graficon37nodi/grafo3837.37,7,37,52,75,90,114.00000000000003,13,114.00000000000006,23.201201915740967,2
1000,graficon42nodi/grafo6032.42,7,42,51,76,85,46.999999999999815,5,46.99999999999987,19.41553544998169,2
1001,graficon40nodi/grafo7544.40,7,40,53,75,88,90.00000000000023,4,90.0000000000004,8.38766598701477,2
1002,graficon38nodi/grafo7305.38,7,38,53,76,91,99.00000000000023,17,99.00000000000033,13.03665566444397,2
1003,graficon48nodi/grafo7046.48,7,48,54,76,82,55.00000000000033,2,55.00000000000042,5.602535009384155,2
1004,graficon47nodi/grafo3232.47,7,47,55,77,85,45.00000000000013,4,45.00000000000021,3.5220532417297363,2
1005,graficon40nodi/grafo3885.40,7,40,51,75,86,63.99999999999931,6,64.0000000000001,8.337214708328247,2
1006,graficon43nodi/grafo6858.43,7,43,61,77,95,116.0,19,116.00000000000001,1.947425365447998,2
1007,graficon43nodi/grafo5298.43,7,43,56,76,89,76.0,11,76.0,1.048168420791626,2
1008,graficon37nodi/grafo11609.37,7,37,44,77,84,40.99999999999899,6,41.00000000000131,4.318426132202148,2
1009,graficon43nodi/grafo7047.43,7,43,55,76,88,58.99999999999944,9,59.00000000000072,18.70284652709961,2
1010,graficon46nodi/grafo1484.46,7,46,57,78,89,97.00000000000078,11,97.00000000000102,22.508514404296875,2
1011,graficon37nodi/grafo5641.37,7,37,44,79,86,58.999999999999716,1,58.999999999999716,9.254231691360474,2
1012,graficon47nodi/grafo7547.47,7,47,59,77,89,67.999996363637,10,67.99999909090972,6.765964984893799,2
1013,graficon40nodi/grafo10494.40,7,40,50,78,88,56.00000000000026,6,56.0000000000008,5.416630506515503,2
1014,graficon37nodi/grafo2713.37,7,37,48,76,87,70.00000000000006,14,70.00000000000067,8.119657516479492,2
1015,graficon39nodi/grafo6248.39,7,39,50,79,90,72.00000000000017,6,72.00000000000026,20.230375051498413,2
1016,graficon38nodi/grafo5903.38,7,38,48,77,87,62.0,8,62.0,0.9543592929840088,2
1017,graficon43nodi/grafo6296.43,7,43,59,79,95,123.99999995638854,26,124.00000000000004,196.5755741596222,2
1018,graficon41nodi/grafo6951.41,7,41,54,76,89,89.99999999999963,13,90.0000000000023,25.523288249969482,2
1019,graficon39nodi/grafo10733.39,7,39,53,79,93,80.99999999999984,8,81.0000000000001,7.067545652389526,2
1020,graficon41nodi/grafo7056.41,7,41,51,76,86,56.00000000000138,3,56.00000000000138,6.221250295639038,2
1021,graficon46nodi/grafo3380.46,7,46,56,75,85,59.000000000000064,7,59.00000000000008,3.990849256515503,2
1022,graficon41nodi/grafo3534.41,7,41,49,77,85,61.00000000000004,6,61.00000000000098,18.39120101928711,2
1023,graficon39nodi/grafo3617.39,7,39,48,77,86,47.00000000000014,2,47.0000000000002,4.386178493499756,2
1024,graficon38nodi/grafo11024.38,7,38,45,75,82,38.9999999999994,4,39.0,3.568061351776123,2
1025,graficon49nodi/grafo1408.49,7,49,59,77,87,63.000000000000014,0,63.0,2.857011556625366,2
1026,graficon46nodi/grafo7234.46,7,46,63,78,95,116.99999905000007,27,116.99999905000004,93.3092532157898,2
1027,graficon45nodi/grafo3840.45,7,45,59,79,93,114.99999999999994,19,114.99999999999999,118.08110022544861,2
1028,graficon43nodi/grafo5371.43,7,43,57,79,93,63.99999999999997,10,64.0,5.644543886184692,2
1029,graficon38nodi/grafo3671.38,7,38,47,75,84,35.000000000000014,5,35.0000000000003,4.3498780727386475,2
1030,graficon38nodi/grafo9893.38,7,38,49,76,87,51.00000000000056,6,51.00000000000096,3.716919422149658,2
1031,graficon35nodi/grafo4037.35,7,35,40,78,83,31.000000000000114,3,31.000000000000142,10.809231281280518,2
1032,graficon36nodi/grafo5155.36,7,36,47,79,90,76.0000000000004,7,76.00000000000048,9.99997353553772,2
1033,graficon42nodi/grafo7486.42,7,42,57,79,94,93.0,16,93.0,3.4521875381469727,2
1034,graficon49nodi/grafo3418.49,7,49,63,79,93,71.99999999999997,13,72.00000000000001,31.376717567443848,2
1035,graficon38nodi/grafo9981.38,7,38,45,78,85,29.0,1,29.0,0.35756921768188477,2
1036,graficon27nodi/grafo2050.27,7,27,36,76,85,35.0,1,35.0,0.08954930305480957,2
1037,graficon29nodi/grafo2072.29,7,29,43,78,92,66.0,6,66.0,2.4982852935791016,2
1038,graficon45nodi/grafo1836.45,7,45,58,77,90,95.9999999999992,15,96.0000000000003,7.48482346534729,2
1039,graficon34nodi/grafo3921.34,7,34,46,77,89,62.000000000000114,7,62.000000000000256,6.547389507293701,2
1040,graficon55nodi/grafo6415.55,7,55,59,76,80,33.00000000000002,2,33.00000000000003,7.8370680809021,2
1041,graficon41nodi/grafo6191.41,7,41,52,78,89,83.00000000000068,10,83.00000000000095,5.511124849319458,2
1042,graficon46nodi/grafo1406.46,7,46,56,79,89,69.0,4,69.0,7.4044880867004395,2
1043,graficon45nodi/grafo5925.45,7,45,56,79,90,89.99999999999646,14,90.0000000000009,25.69224715232849,2
1044,graficon35nodi/grafo3996.35,7,35,47,78,90,64.0,13,64.0,0.7218682765960693,2
1045,graficon46nodi/grafo6678.46,7,46,55,77,86,55.99999999999999,2,56.000000000000085,4.175849676132202,2
1046,graficon43nodi/grafo3573.43,7,43,58,79,94,96.0,15,96.0,12.137360095977783,2
1047,graficon40nodi/grafo6972.40,7,40,51,77,88,55.000000000000234,6,55.000000000000384,7.501986503601074,2
1048,graficon51nodi/grafo3958.51,7,51,62,77,88,87.99999999999999,16,88.0,25.621254444122314,2
1049,graficon39nodi/grafo10192.39,7,39,48,78,87,40.000000000000284,7,40.00000000000035,3.271580457687378,2
1050,graficon45nodi/grafo6007.45,7,45,58,79,92,94.0,13,94.0,9.851460218429565,2
1051,graficon37nodi/grafo11553.37,7,37,49,83,95,39.99999999999996,4,39.999999999999986,2.8828482627868652,2
1052,graficon44nodi/grafo7454.44,7,44,56,84,96,89.00000000000009,11,89.0000000000009,26.534881114959717,2
1053,graficon40nodi/grafo5453.40,7,40,57,83,100,89.99999999999976,19,90.00000000000014,18.84354305267334,2
1054,graficon43nodi/grafo6144.43,7,43,56,80,93,96.99999999999973,9,97.00000000000004,8.054565191268921,2
1055,graficon38nodi/grafo5499.38,7,38,48,81,91,46.99999999999989,3,47.00000000000024,3.910766363143921,2
1056,graficon41nodi/grafo6973.41,7,41,58,84,101,106.99999999999994,16,107.00000000000057,4.921546936035156,2
1057,graficon39nodi/grafo10037.39,7,39,50,80,91,61.0,9,61.00000000000017,5.647505044937134,2
1058,graficon36nodi/grafo11554.36,7,36,50,82,96,94.9999990549475,23,95.00000000000006,600.2869963645935,9
1059,graficon60nodi/grafo5751.60,7,60,75,84,99,178.0,22,178.00000000000003,600.5972902774811,9
1060,graficon42nodi/grafo5241.42,7,42,55,83,96,77.0000000000002,11,77.0000000000004,24.13496494293213,2
1061,graficon46nodi/grafo6628.46,7,46,63,83,100,130.0000000000016,27,130.00000000000162,600.4902176856995,9
1062,graficon39nodi/grafo9924.39,7,39,52,84,97,74.99999999999949,12,74.99999999999974,39.101953744888306,2
1063,graficon46nodi/grafo3661.46,7,46,56,83,93,66.00000000000003,6,66.00000000000006,8.859621286392212,2
1064,graficon38nodi/grafo7549.38,7,38,50,82,94,61.00000000000063,12,61.00000000000091,51.75329518318176,2
1065,graficon39nodi/grafo11532.39,7,39,51,81,93,54.0000000000006,4,54.00000000000108,7.850013971328735,2
1066,graficon47nodi/grafo1536.47,7,47,52,80,85,38.99999999999997,0,38.999999999999986,1.531332015991211,2
1067,graficon38nodi/grafo4110.38,7,38,52,84,98,97.99999999999963,14,97.99999999999969,8.252734422683716,2
1068,graficon41nodi/grafo6857.41,7,41,54,83,96,62.00000000000075,6,62.00000000000226,0.6709887981414795,2
1069,graficon34nodi/grafo6118.34,7,34,42,82,90,54.99999999999993,1,54.99999999999993,0.5279171466827393,2
1070,graficon39nodi/grafo10014.39,7,39,52,83,96,71.00000000000028,10,71.00000000000045,4.60357141494751,2
1071,graficon43nodi/grafo7598.43,7,43,57,82,96,87.99999999999993,12,88.00000000000009,7.430585145950317,2
1072,graficon39nodi/grafo3329.39,7,39,50,80,91,58.999999999999815,8,59.00000000000048,6.595575332641602,2
1073,graficon43nodi/grafo1506.43,7,43,50,82,89,47.99999999999967,4,48.00000000000413,37.549598693847656,2
1074,graficon42nodi/grafo5595.42,7,42,56,80,94,80.00000000000001,12,80.0,1.9193243980407715,2
1075,graficon41nodi/grafo2235.41,7,41,58,83,100,91.99999999999926,15,92.00000000000185,11.347374677658081,2
1076,graficon37nodi/grafo5408.37,7,37,57,84,104,118.0000000000008,30,118.00000000000095,432.17023277282715,2
1077,graficon56nodi/grafo7757.56,7,56,64,80,88,66.99999999999994,10,67.0000000000001,12.055226802825928,2
1078,graficon43nodi/grafo7465.43,7,43,60,80,97,107.9999999999994,18,107.9999999999997,29.44493055343628,2
1079,graficon42nodi/grafo5984.42,7,42,53,80,91,63.0,6,63.0,5.861989498138428,2
1080,graficon49nodi/grafo2124.49,7,49,64,82,97,86.00000000000112,11,86.0000000000015,21.947443962097168,2
1081,graficon39nodi/grafo3939.39,7,39,50,83,94,78.00000000000017,10,78.00000000000017,12.51978087425232,2
1082,graficon41nodi/grafo6441.41,7,41,54,82,95,83.0,11,83.0,14.296338558197021,2
1083,graficon56nodi/grafo4306.56,7,56,63,84,91,52.000000000000185,2,52.00000000000041,39.662256479263306,2
1084,graficon43nodi/grafo5339.43,7,43,54,81,92,54.000000000000206,9,54.00000000000031,14.428586959838867,2
1085,graficon36nodi/grafo3413.36,7,36,53,83,100,132.00000000000088,16,132.00000000000117,22.260350227355957,2
1086,graficon40nodi/grafo7766.40,7,40,50,80,90,47.9999999999986,11,47.999999999999545,5.619095087051392,2
1087,graficon41nodi/grafo3444.41,7,41,53,82,94,70.99999999999989,13,70.99999999999994,5.168748140335083,2
1088,graficon55nodi/grafo6789.55,7,55,60,81,86,57.00000000000008,4,56.99999999999975,6.51213526725769,2
1089,graficon32nodi/grafo1421.32,7,32,45,80,93,67.0,6,67.0,5.6150829792022705,2
1090,graficon36nodi/grafo5865.36,7,36,44,83,91,36.000000000000014,2,36.000000000000014,3.0362308025360107,2
1091,graficon42nodi/grafo3326.42,7,42,60,82,100,107.99999999999991,31,108.00000000000011,566.4731876850128,2
1092,graficon43nodi/grafo3360.43,7,43,56,83,96,88.00000000000264,11,88.00000000000323,28.2289080619812,2
1093,graficon44nodi/grafo5765.44,7,44,59,84,99,101.0,13,101.0,8.754736423492432,2
1094,graficon38nodi/grafo10031.38,7,38,49,84,95,57.00000000000037,5,57.000000000000455,3.7926084995269775,2
1095,graficon46nodi/grafo5873.46,7,46,57,83,94,61.99999999999998,6,62.00000000000003,19.05227279663086,2
1096,graficon43nodi/grafo5486.43,7,43,54,81,92,91.0000000000002,14,91.00000000000017,5.113171577453613,2
1097,graficon40nodi/grafo6472.40,7,40,57,84,101,126.00000000000068,23,126.0000000000012,342.23119735717773,2
1098,graficon47nodi/grafo6781.47,7,47,66,82,101,95.00000000000001,19,95.0,6.233119010925293,2
1099,graficon36nodi/grafo3953.36,7,36,48,83,95,61.000000000000085,3,61.000000000000156,5.194434881210327,2
1100,graficon43nodi/grafo5760.43,7,43,55,84,96,76.99999999999979,8,77.00000000000009,11.698792695999146,2
1101,graficon26nodi/grafo914.26,7,26,42,83,99,100.0,24,100.0,149.81145811080933,2
1102,graficon38nodi/grafo7227.38,7,38,54,80,96,109.00000000000153,15,109.0000000000017,13.56805157661438,2
1103,graficon40nodi/grafo7652.40,7,40,55,80,95,65.0000000000002,14,65.00000000000057,4.2511560916900635,2
1104,graficon37nodi/grafo11359.37,7,37,47,83,93,61.999999999999986,6,62.0,5.5126848220825195,2
1105,graficon42nodi/grafo1092.42,7,42,53,81,92,65.0000000000008,8,65.0000000000033,16.848591804504395,2
1106,graficon39nodi/grafo10835.39,7,39,45,82,88,30.000000000000114,3,30.000000000000206,6.44615626335144,2
1107,graficon40nodi/grafo7432.40,7,40,47,80,87,40.000000000000284,4,40.000000000000455,3.674936532974243,2
1108,graficon45nodi/grafo7099.45,7,45,56,84,95,70.00000000000017,12,70.00000000000031,8.364661455154419,2
1109,graficon44nodi/grafo7381.44,7,44,65,81,102,165.99999999999994,39,166.00000000000028,600.5464355945587,9
1110,graficon42nodi/grafo7049.42,7,42,54,81,93,82.00000000000003,12,82.00000000000003,5.377224683761597,2
1111,graficon40nodi/grafo7542.40,7,40,51,81,92,50.0,9,50.0,3.086792469024658,2
1112,graficon42nodi/grafo6058.42,7,42,54,81,93,60.999999999999986,9,60.99999999999998,0.8630580902099609,2
1113,graficon40nodi/grafo3753.40,7,40,53,81,94,74.99999999999962,16,74.9999999999996,7.305516481399536,2
1114,graficon48nodi/grafo6376.48,7,48,61,81,94,79.00000000000004,14,79.00000000000017,10.315455913543701,2
1115,graficon42nodi/grafo7146.42,7,42,54,82,94,80.00000000000051,4,80.00000000000128,21.607688426971436,2
1116,graficon39nodi/grafo3944.39,7,39,54,84,99,83.00000000000014,9,83.0000000000006,6.855813264846802,2
1117,graficon41nodi/grafo7373.41,7,41,58,80,97,142.9999907082694,34,142.9999935384659,600.4350161552429,9
1118,graficon19nodi/grafo2375.19,7,19,35,80,96,96.99999999999996,14,97.0,0.577251672744751,2
1119,graficon41nodi/grafo5234.41,7,41,51,83,93,47.00000000000024,4,47.00000000000044,5.625139474868774,2
1120,graficon55nodi/grafo3570.55,7,55,66,83,94,70.00000000000001,11,70.00000000000001,12.118986129760742,2
1121,graficon49nodi/grafo3626.49,7,49,61,81,93,98.0,18,98.00000000000009,10.837024927139282,2
1122,graficon47nodi/grafo6600.47,7,47,68,84,105,149.999997015088,31,149.9999990833248,600.7760510444641,9
1123,graficon39nodi/grafo3793.39,7,39,53,81,95,83.00000000000088,12,83.00000000000165,33.769110679626465,2
1124,graficon41nodi/grafo7007.41,7,41,55,84,98,85.0000000000002,19,85.00000000000023,70.62818360328674,2
1125,graficon39nodi/grafo5742.39,7,39,56,83,100,129.00000000000003,15,129.0,5.246157646179199,2
1126,graficon40nodi/grafo7541.40,7,40,53,89,102,87.0,12,87.0,21.646584272384644,2
1127,graficon54nodi/grafo4016.54,7,54,65,88,99,77.99999966666658,6,77.9999996666667,11.606712579727173,2
1128,graficon45nodi/grafo7241.45,7,45,62,86,103,94.00000000000003,10,94.00000000000075,7.850070238113403,2
1129,graficon43nodi/grafo6406.43,7,43,57,86,100,103.00000000000003,10,103.00000000000048,9.700153350830078,2
1130,graficon42nodi/grafo7246.42,7,42,53,89,100,67.99999912500016,9,67.99999912500026,6.139615535736084,2
1131,graficon44nodi/grafo7720.44,7,44,61,88,105,96.9999995000002,17,96.99999950000239,32.62059450149536,2
1132,graficon46nodi/grafo7742.46,7,46,58,85,97,110.00000000000117,14,110.0000000000013,25.271912574768066,2
1133,graficon44nodi/grafo7169.44,7,44,56,85,97,60.000000000000014,13,60.00000000000006,73.53343415260315,2
1134,graficon52nodi/grafo1591.52,7,52,62,85,95,61.99999999999999,5,61.999999999999986,9.696704387664795,2
1135,graficon48nodi/grafo5501.48,7,48,65,88,105,127.9999979716597,29,128.0000000316671,600.2994828224182,9
1136,graficon44nodi/grafo5554.44,7,44,61,89,106,129.99999999999977,13,130.0000000000002,8.28114128112793,2
1137,graficon39nodi/grafo7716.39,7,39,49,85,95,67.99999908333339,7,67.99999908333342,23.814727067947388,2
1138,graficon37nodi/grafo11653.37,7,37,51,87,101,56.999999999999844,2,56.999999999999886,0.37995100021362305,2
1139,graficon58nodi/grafo4792.58,7,58,69,88,99,54.00000000000004,4,54.000000000000256,12.912520408630371,2
1140,graficon49nodi/grafo7578.49,7,49,57,89,97,49.00000000000001,6,49.00000000000001,15.590843915939331,2
1141,graficon61nodi/grafo5831.61,7,61,72,88,99,107.00000000000155,24,107.00000000000162,308.6162853240967,2
1142,graficon46nodi/grafo5331.46,7,46,58,88,100,99.9999903434544,21,99.99999618786968,600.4004735946655,9
1143,graficon51nodi/grafo4600.51,7,51,62,89,100,73.9999995004703,7,74.00000000001255,11.775087118148804,2
1144,graficon40nodi/grafo3335.40,7,40,53,89,102,76.00000000000004,9,76.00000000000009,6.269163370132446,2
1145,graficon42nodi/grafo6257.42,7,42,60,85,103,131.99999999998445,16,131.999999999988,27.68401050567627,2
1146,graficon36nodi/grafo5546.36,7,36,51,88,103,95.00000000000323,16,95.0000000000041,17.732542514801025,2
1147,graficon41nodi/grafo9946.41,7,41,48,85,92,44.999999999999865,5,44.99999999999992,12.522554874420166,2
1148,graficon60nodi/grafo4886.60,7,60,73,85,98,78.00000000000001,21,78.0,479.0080187320709,2
1149,graficon40nodi/grafo7050.40,7,40,51,88,99,86.999999999995,5,86.99999999999665,6.4343297481536865,2
1150,graficon49nodi/grafo4380.49,7,49,64,87,102,67.0000000000002,6,67.00000000000031,4.838247299194336,2
1151,graficon55nodi/grafo3625.55,7,55,68,88,101,122.99999712166417,21,122.9999983783333,522.2101166248322,2
1152,graficon53nodi/grafo7688.53,7,53,65,88,100,70.00000000000043,13,70.00000000000068,13.893933057785034,2
1153,graficon39nodi/grafo5407.39,7,39,53,89,103,70.00000000000065,18,70.00000000000084,6.780475854873657,2
1154,graficon41nodi/grafo2781.41,7,41,61,87,107,131.99999999999986,29,131.99999999999994,208.7324469089508,2
1155,graficon37nodi/grafo5598.37,7,37,48,88,99,65.0,3,65.0,4.025120496749878,2
1156,graficon40nodi/grafo3997.40,7,40,56,88,104,110.99999999999996,23,110.99999999999997,150.71530652046204,2
1157,graficon43nodi/grafo7470.43,7,43,52,88,97,51.99999899999571,7,51.99999699999469,7.362472057342529,2
1158,graficon45nodi/grafo7442.45,7,45,53,86,94,56.00000000000042,2,56.00000000000051,5.906829833984375,2
1159,graficon54nodi/grafo7723.54,7,54,73,86,105,98.0,30,98.0,600.1229729652405,9
1160,graficon42nodi/grafo7352.42,7,42,51,85,94,54.99999999999995,3,55.00000000000006,4.285686254501343,2
1161,graficon40nodi/grafo7670.40,7,40,56,88,104,80.0,5,80.0,3.8898961544036865,2
1162,graficon43nodi/grafo5245.43,7,43,59,88,104,90.00000000000038,13,90.00000000000095,7.776615858078003,2
1163,graficon51nodi/grafo1486.51,7,51,60,87,96,63.0,5,63.0,0.7852334976196289,2
1164,graficon36nodi/grafo6049.36,7,36,45,87,96,45.00000000000033,4,45.00000000000058,13.548810958862305,2
1165,graficon39nodi/grafo7415.39,7,39,53,88,102,82.9999981176466,11,82.999998117648,8.093918800354004,2
1166,graficon40nodi/grafo5373.40,7,40,58,87,105,118.00000000000186,17,118.00000000000227,17.46414589881897,2
1167,graficon38nodi/grafo9979.38,7,38,50,86,98,51.99999999999996,10,52.000000000000135,5.181725740432739,2
1168,graficon48nodi/grafo5194.48,7,48,65,89,106,96.00000000000014,17,96.00000000000041,11.169248580932617,2
1169,graficon48nodi/grafo5357.48,7,48,64,85,101,110.00000000000018,26,110.00000000000028,184.49087595939636,2
1170,graficon36nodi/grafo11662.36,7,36,48,87,99,37.0,1,37.0,0.11890506744384766,2
1171,graficon42nodi/grafo7614.42,7,42,57,87,102,148.99999999999977,16,148.99999999999955,6.891347885131836,2
1172,graficon48nodi/grafo7272.48,7,48,57,86,95,59.99999999999977,3,59.999999999999886,7.959579229354858,2
1173,graficon44nodi/grafo5878.44,7,44,56,87,99,59.00000000000003,9,59.00000000000003,3.4930429458618164,2
1174,graficon42nodi/grafo5958.42,7,42,56,86,100,89.99999999999973,11,90.00000000000011,12.24880838394165,2
1175,graficon58nodi/grafo1588.58,7,58,66,88,96,84.99999850191077,7,84.99999975000051,17.85575008392334,2
1176,graficon52nodi/grafo3455.52,7,52,65,87,100,81.00000000000105,14,81.00000000000136,23.172836780548096,2
1177,graficon42nodi/grafo7583.42,7,42,56,86,100,75.00000000000028,15,75.00000000000075,79.68714094161987,2
1178,graficon49nodi/grafo7370.49,7,49,64,87,102,101.00000000000028,6,101.0000000000011,12.548570156097412,2
1179,graficon39nodi/grafo5157.39,7,39,54,88,103,82.0000000000008,10,82.00000000000101,16.370076417922974,2
1180,graficon47nodi/grafo6822.47,7,47,56,88,97,54.999998111111765,5,55.0000018888899,23.556617975234985,2
1181,graficon43nodi/grafo6928.43,7,43,56,88,101,76.99999912500022,13,76.99999956250068,23.51682758331299,2
1182,graficon38nodi/grafo3421.38,7,38,52,89,103,71.99999905986658,22,72.0000000000002,526.2994964122772,2
1183,graficon39nodi/grafo3727.39,7,39,53,86,100,70.9999999999999,9,71.00000000000001,15.255178451538086,2
1184,graficon44nodi/grafo6870.44,7,44,64,85,105,97.99999349999601,35,97.99999550000125,423.635577917099,2
1185,graficon36nodi/grafo9853.36,7,36,48,87,99,37.0,1,37.0,0.11935186386108398,2
1186,graficon50nodi/grafo4518.50,7,50,66,87,103,91.00000000000003,15,91.00000000000001,11.031567335128784,2
1187,graficon42nodi/grafo7709.42,7,42,58,86,102,85.00000000000003,15,85.00000000000004,5.620408296585083,2
1188,graficon60nodi/grafo7155.60,7,60,70,86,96,90.99999900000017,5,90.99999950000102,17.211931228637695,2
1189,graficon64nodi/grafo4420.64,7,64,81,88,105,116.0,18,116.0,51.30550241470337,2
1190,graficon47nodi/grafo6437.47,7,47,70,88,111,157.0000000000011,58,157.00000000000128,600.4073388576508,9
1191,graficon45nodi/grafo3151.45,7,45,58,86,99,83.99999999999996,12,84.00000000000003,21.803980112075806,2
1192,graficon51nodi/grafo4369.51,7,51,67,87,103,110.0,15,110.0,3.576570987701416,2
1193,graficon38nodi/grafo3887.38,7,38,52,87,101,85.99999999999903,10,86.00000000000081,12.722322225570679,2
1194,graficon44nodi/grafo6329.44,7,44,58,88,102,62.0,8,62.0,4.979573011398315,2
1195,graficon50nodi/grafo1418.50,7,50,57,88,95,50.00000000000023,6,50.00000000000027,4.629374027252197,2
1196,graficon43nodi/grafo6886.43,7,43,62,85,104,106.99999934848495,26,107.00000000000017,177.54758262634277,2
1197,graficon42nodi/grafo7012.42,7,42,59,88,105,109.00000000000799,15,109.00000000001067,30.042399406433105,2
1198,graficon34nodi/grafo5990.34,7,34,45,89,100,70.0,1,70.0,0.13129162788391113,2
1199,graficon56nodi/grafo4391.56,7,56,70,86,100,116.99999249205811,19,116.99999293212954,14.361139059066772,2
1200,graficon48nodi/grafo6689.48,7,48,57,86,95,66.0,6,66.0,4.039835691452026,2
1201,graficon36nodi/grafo10457.36,7,36,45,93,102,46.000000000000256,4,46.00000000000032,9.241960763931274,2
1202,graficon46nodi/grafo5338.46,7,46,62,94,110,106.0000000000005,16,106.00000000000068,11.573155403137207,2
1203,graficon72nodi/grafo9639.72,7,72,80,94,102,109.0,13,109.0,84.32308340072632,2
1204,graficon44nodi/grafo3644.44,7,44,54,93,103,56.00000000000002,7,56.000000000000014,0.8020298480987549,2
1205,graficon54nodi/grafo3511.54,7,54,73,93,112,106.0,13,106.0,34.386927127838135,2
1206,graficon42nodi/grafo6946.42,7,42,58,94,110,97.00000000000064,17,97.0000000000011,11.934979915618896,2
1207,graficon57nodi/grafo5626.57,7,57,78,94,115,109.00000000000001,25,109.00000000000016,600.3531513214111,9
1208,graficon37nodi/grafo6217.37,7,37,53,94,110,86.00000000000023,17,86.00000000000048,68.23619771003723,2
1209,graficon60nodi/grafo4512.60,7,60,73,93,106,91.99999999999949,11,92.00000000000196,9.515693664550781,2
1210,graficon47nodi/grafo5432.47,7,47,68,92,113,147.0,23,147.0,88.14640188217163,2
1211,graficon55nodi/grafo4502.55,7,55,76,92,113,169.9999995085289,45,170.0000000000083,600.3278396129608,9
1212,graficon58nodi/grafo1247.58,7,58,68,94,104,74.99999496528284,12,74.9999969791703,10.428308248519897,2
1213,graficon43nodi/grafo6346.43,7,43,62,91,110,113.99998722317937,25,113.9999934186682,600.1936647891998,9
1214,graficon37nodi/grafo11625.37,7,37,51,92,106,54.999999999997804,6,54.999999999997804,2.862147331237793,2
1215,graficon51nodi/grafo1470.51,7,51,69,90,108,127.00000000000044,29,127.00000000000053,600.2433393001556,9
1216,graficon64nodi/grafo8416.64,7,64,79,94,109,145.9999999999999,28,146.00000000000017,465.5644278526306,2
1217,graficon43nodi/grafo7441.43,7,43,60,92,109,113.99999999999883,28,113.99999999999977,600.4899282455444,9
1218,graficon40nodi/grafo5211.40,7,40,54,93,107,81.00000000000047,8,81.00000000000074,6.94329833984375,2
1219,graficon35nodi/grafo11326.35,7,35,42,91,98,49.99999999999998,3,49.999999999999986,4.089850902557373,2
1220,graficon43nodi/grafo7157.43,7,43,53,90,100,65.99999999999937,7,66.0,3.4291257858276367,2
1221,graficon39nodi/grafo3330.39,7,39,60,93,114,138.0,31,138.0,559.9084663391113,2
1222,graficon40nodi/grafo3519.40,7,40,56,93,109,75.99999999999966,6,75.99999999999966,2.3431098461151123,2
1223,graficon57nodi/grafo4041.57,7,57,66,92,101,79.00000000000031,11,79.0000000000032,115.1283130645752,2
1224,graficon41nodi/grafo7124.41,7,41,59,94,112,76.00000000000027,12,76.00000000000044,12.574058055877686,2
1225,graficon61nodi/grafo4482.61,7,61,75,91,105,88.00000000000009,6,88.0000000000001,5.960159540176392,2
1226,graficon49nodi/grafo5721.49,7,49,64,92,107,81.00000000000016,7,81.00000000000027,9.681272506713867,2
1227,graficon42nodi/grafo5468.42,7,42,58,94,110,103.00000000000009,16,103.00000000000023,20.694234371185303,2
1228,graficon37nodi/grafo1758.37,7,37,45,93,101,46.00000000000013,4,46.000000000000185,10.945472955703735,2
1229,graficon36nodi/grafo11444.36,7,36,46,94,104,56.00000000000031,4,56.000000000000384,7.911337375640869,2
1230,graficon37nodi/grafo11540.37,7,37,48,91,102,56.0,3,56.0,7.397018909454346,2
1231,graficon37nodi/grafo7028.37,7,37,48,90,101,59.00000000000013,11,59.00000000000054,16.08463716506958,2
1232,graficon37nodi/grafo11417.37,7,37,49,90,102,66.0,3,66.0,0.4596836566925049,2
1233,graficon39nodi/grafo3187.39,7,39,53,91,105,85.00000000000006,13,85.0000000000002,26.88175392150879,2
1234,graficon39nodi/grafo9897.39,7,39,55,90,106,94.00000000000061,16,94.00000000000126,6.746403455734253,2
1235,graficon57nodi/grafo5748.57,7,57,76,94,113,140.99999907616208,21,141.0000000000003,423.9718301296234,2
1236,graficon38nodi/grafo10032.38,7,38,47,91,100,46.99999999999992,6,46.99999999999986,11.206069707870483,2
1237,graficon58nodi/grafo4796.58,7,58,73,90,105,99.00000000000026,19,99.00000000000026,20.87846040725708,2
1238,graficon40nodi/grafo10282.40,7,40,59,92,111,130.00000000000006,14,130.0000000000008,7.3342366218566895,2
1239,graficon54nodi/grafo5002.54,7,54,64,91,101,82.99999999999889,8,83.00000000000134,22.848546504974365,2
1240,graficon44nodi/grafo2199.44,7,44,50,90,96,44.000000000000625,3,44.00000000000126,5.209185361862183,2
1241,graficon38nodi/grafo10659.38,7,38,57,91,110,93.99999999999972,17,94.00000000002473,3.7214977741241455,2
1242,graficon56nodi/grafo4409.56,7,56,67,93,104,53.99999999999977,6,54.00000000000042,16.613041400909424,2
1243,graficon47nodi/grafo6408.47,7,47,57,90,100,53.999999999999844,7,54.00000000000024,6.500834226608276,2
1244,graficon54nodi/grafo3858.54,7,54,68,92,106,90.0,21,90.0000000000004,600.3518540859222,9
1245,graficon43nodi/grafo5723.43,7,43,59,92,108,92.99999906563333,22,93.00000000000003,273.4214868545532,2
1246,graficon40nodi/grafo4010.40,7,40,52,92,104,65.9999999414052,8,65.99999994140602,16.271888732910156,2
1247,graficon62nodi/grafo6173.62,7,62,73,92,103,93.99999999999872,8,94.00000000000105,38.91014742851257,2
1248,graficon45nodi/grafo5138.45,7,45,61,90,106,147.00000000000193,25,147.00000000000222,600.3965682983398,9
1249,graficon41nodi/grafo6164.41,7,41,55,91,105,82.0,13,82.00000000000267,7.620379209518433,2
1250,graficon41nodi/grafo3527.41,7,41,54,93,106,72.99999899999884,13,73.0000005000025,259.9093174934387,2
1251,graficon42nodi/grafo7642.42,7,42,62,90,110,132.0,19,132.0,6.7195892333984375,2
1252,graficon46nodi/grafo3424.46,7,46,56,94,104,68.00000000000028,12,68.00000000000068,6.814449071884155,2
1253,graficon53nodi/grafo271.53,7,53,67,91,105,128.99999999999997,10,128.99999999999997,6.875936269760132,2
1254,graficon45nodi/grafo3660.45,7,45,60,90,105,103.99999901196453,19,104.00000035503378,151.81224083900452,2
1255,graficon40nodi/grafo5980.40,7,40,54,92,106,61.99999999999992,9,62.00000000000001,4.119728088378906,2
1256,graficon44nodi/grafo6945.44,7,44,60,93,109,120.99999999999818,18,121.00000000000003,27.460102558135986,2
1257,graficon35nodi/grafo5299.35,7,35,44,91,100,45.00000000000008,6,45.000000000000625,4.524059772491455,2
1258,graficon66nodi/grafo9143.66,7,66,84,94,112,131.99999524999862,31,131.9999952500014,346.90288066864014,2
1259,graficon55nodi/grafo4195.55,7,55,69,91,105,77.00000000000004,8,77.0000000000001,4.860642671585083,2
1260,graficon58nodi/grafo6193.58,7,58,77,91,110,140.99999129032346,26,140.999991290325,600.2844088077545,9
1261,graficon45nodi/grafo6524.45,7,45,59,94,108,111.99999261538461,13,111.99999261538464,71.22457456588745,2
1262,graficon54nodi/grafo4006.54,7,54,64,91,101,48.0,2,48.0,5.81204891204834,2
1263,graficon38nodi/grafo11322.38,7,38,50,94,106,45.99999999999958,3,45.99999999999966,4.713999509811401,2
1264,graficon46nodi/grafo6723.46,7,46,64,93,111,133.00000000000063,30,133.00000000000085,600.283313035965,9
1265,graficon35nodi/grafo6517.35,7,35,49,93,107,68.0,12,68.0,11.330058574676514,2
1266,graficon49nodi/grafo3415.49,7,49,65,90,106,79.00000000000016,13,79.00000000000037,24.666388511657715,2
1267,graficon39nodi/grafo4005.39,7,39,52,91,104,98.00000000000045,16,98.00000000000155,65.82608151435852,2
1268,graficon52nodi/grafo4030.52,7,52,65,92,105,80.99999999999999,12,81.0,12.39136266708374,2
1269,graficon41nodi/grafo7098.41,7,41,59,92,110,127.00000000000011,34,127.00000000000094,600.5767426490784,9
1270,graficon43nodi/grafo5926.43,7,43,62,93,112,102.99999999999761,14,102.99999999999986,55.57902693748474,2
1271,graficon47nodi/grafo7625.47,7,47,67,94,114,126.00000000000014,28,126.00000000000017,87.46290969848633,2
1272,graficon41nodi/grafo5717.41,7,41,51,93,103,52.99999999999998,5,53.000000000000085,4.894271612167358,2
1273,graficon66nodi/grafo9641.66,7,66,79,90,103,133.99999962679982,11,134.0000004903857,16.537356853485107,2
1274,graficon38nodi/grafo6578.38,7,38,53,93,108,59.00000000000002,7,59.00000000000046,8.30396556854248,2
1275,graficon42nodi/grafo3508.42,7,42,59,94,111,95.99999968402221,18,96.00000031694813,14.30726408958435,2
1276,graficon44nodi/grafo11403.44,7,44,60,98,114,127.99999999999987,15,127.99999999999999,9.947871923446655,2
1277,graficon43nodi/grafo7636.43,7,43,59,99,115,103.00000000000028,18,103.00000000000409,91.37127661705017,2
1278,graficon42nodi/grafo5817.42,7,42,60,99,117,73.99999999999986,11,73.99999999999986,1.1049389839172363,2
1279,graficon51nodi/grafo3172.51,7,51,71,96,116,155.9999779990657,32,155.9999943769086,600.2686595916748,9
1280,graficon44nodi/grafo6432.44,7,44,54,95,105,74.99999999999994,4,75.00000000000007,9.82919955253601,2
1281,graficon40nodi/grafo3621.40,7,40,50,95,105,52.999999999997925,7,53.00000000000654,17.034064769744873,2
1282,graficon62nodi/grafo4646.62,7,62,78,96,112,107.99999999999912,12,108.00000000000189,52.62745380401611,2
1283,graficon52nodi/grafo7721.52,7,52,71,95,114,111.99999999999935,21,111.99999999999993,600.2733047008514,9
1284,graficon45nodi/grafo7640.45,7,45,65,98,118,125.99999999999983,30,125.99999999999986,229.30159425735474,2
1285,graficon41nodi/grafo3781.41,7,41,58,96,113,111.00000000000068,21,111.00000000000104,282.70735907554626,2
1286,graficon57nodi/grafo4352.57,7,57,67,98,108,72.0,6,72.0,6.363205432891846,2
1287,graficon40nodi/grafo6458.40,7,40,57,95,112,132.99999991708899,13,132.99999991708899,17.839900970458984,2
1288,graficon56nodi/grafo6568.56,7,56,69,98,111,91.99999816666735,19,91.99999816666778,51.09527826309204,2
1289,graficon50nodi/grafo4580.50,7,50,63,99,112,99.00000000000058,14,99.00000000000098,27.11557650566101,2
1290,graficon53nodi/grafo3486.53,7,53,68,97,112,115.99999999999875,19,116.00000000000007,11.008178949356079,2
1291,graficon54nodi/grafo1483.54,7,54,67,98,111,68.99999999999926,9,69.00000000000277,20.889310359954834,2
1292,graficon47nodi/grafo6664.47,7,47,63,96,112,116.99999899999953,19,116.999999,28.168027877807617,2
1293,graficon44nodi/grafo7761.44,7,44,55,98,109,68.99999799049591,9,68.99999804333451,13.518476963043213,2
1294,graficon48nodi/grafo3769.48,7,48,63,99,114,103.00000000000043,18,103.00000000000074,40.62975001335144,2
1295,graficon44nodi/grafo3205.44,7,44,57,99,112,61.00000000000029,7,61.000000000000554,8.043504238128662,2
1296,graficon42nodi/grafo3439.42,7,42,57,95,110,94.99999999999909,10,95.00000000000101,46.21716094017029,2
1297,graficon41nodi/grafo5645.41,7,41,52,97,108,60.000000000001705,8,60.00000000000312,6.50068736076355,2
1298,graficon49nodi/grafo4012.49,7,49,65,99,115,92.0,20,92.0,349.18444657325745,2
1299,graficon38nodi/grafo3540.38,7,38,57,96,115,109.0,14,109.0,5.946691989898682,2
1300,graficon44nodi/grafo6960.44,7,44,61,98,115,86.00000000000033,18,86.0000000000004,13.121711730957031,2
1301,graficon43nodi/grafo4053.43,7,43,58,98,113,128.00000000000043,21,128.00000000000048,150.29289507865906,2
1302,graficon38nodi/grafo7478.38,7,38,47,98,107,51.999999999999744,5,51.999999999999915,3.7169113159179688,2
1303,graficon42nodi/grafo3402.42,7,42,62,99,119,107.9999888007268,24,107.99999534000287,264.34701466560364,2
1304,graficon40nodi/grafo3804.40,7,40,49,98,107,60.00000000000045,5,60.000000000001116,6.137407541275024,2
1305,graficon46nodi/grafo7713.46,7,46,67,96,117,165.99999999999937,42,166.00000000000244,600.3380076885223,9
1306,graficon54nodi/grafo4849.54,7,54,68,95,109,75.0,6,75.0,7.553433418273926,2
1307,graficon48nodi/grafo4473.48,7,48,61,95,108,61.0,3,61.0,5.12091851234436,2
1308,graficon54nodi/grafo4530.54,7,54,76,97,119,148.0000000000008,46,148.0000000000008,600.3273768424988,9
1309,graficon41nodi/grafo2531.41,7,41,56,99,114,106.00000000000037,9,106.00000000000048,5.8739173412323,2
1310,graficon61nodi/grafo8112.61,7,61,77,97,113,107.99999999999999,18,107.99999999999999,22.046552658081055,2
1311,graficon53nodi/grafo3763.53,7,53,72,95,114,123.9999990006952,21,124.00000000000782,600.3755598068237,9
1312,graficon39nodi/grafo3099.39,7,39,47,98,106,39.999999999999815,0,39.99999999999996,0.1511082649230957,2
1313,graficon44nodi/grafo7621.44,7,44,65,98,119,119.99999329166698,17,119.9999990416675,26.34976577758789,2
1314,graficon44nodi/grafo6263.44,7,44,66,96,118,128.99999154970243,27,129.0000024108211,600.4753341674805,9
1315,graficon60nodi/grafo7448.60,7,60,81,98,119,175.00000000000003,46,175.0,600.264744758606,9
1316,graficon46nodi/grafo5480.46,7,46,63,95,112,108.99999999999999,17,109.0,3.049990177154541,2
1317,graficon39nodi/grafo7390.39,7,39,59,97,117,104.99999999999997,19,105.00000000000648,45.96295881271362,2
1318,graficon42nodi/grafo3258.42,7,42,58,96,112,106.99999999999908,14,107.00000000000068,15.857434034347534,2
1319,graficon52nodi/grafo6159.52,7,52,65,98,111,84.00000000000009,10,84.00000000000082,31.092958688735962,2
1320,graficon42nodi/grafo7485.42,7,42,56,99,113,85.0,15,85.00000000000006,7.387773036956787,2
1321,graficon49nodi/grafo7245.49,7,49,65,97,113,100.0,18,100.0,10.775444030761719,2
1322,graficon54nodi/grafo4488.54,7,54,69,95,110,90.99999949896699,15,91.00000149000053,20.218786001205444,2
1323,graficon42nodi/grafo6270.42,7,42,54,98,110,73.00000000000006,7,73.00000000000009,3.548078775405884,2
1324,graficon42nodi/grafo3277.42,7,42,56,95,109,94.99999632333333,14,94.99999634666668,68.7387318611145,2
1325,graficon46nodi/grafo5832.46,7,46,58,95,107,87.00000000000034,6,87.00000000000044,21.948957681655884,2
1326,graficon60nodi/grafo4376.60,7,60,73,96,109,79.99999999999994,6,79.99999999999994,3.8543217182159424,2
1327,graficon55nodi/grafo1549.55,7,55,66,99,110,93.99999999999982,6,94.00000000000023,10.316246747970581,2
1328,graficon53nodi/grafo4871.53,7,53,71,98,116,108.9999942257143,17,108.99999438071588,311.3945107460022,2
1329,graficon60nodi/grafo8276.60,7,60,74,97,111,100.00000000000001,10,100.00000000000003,8.665552616119385,2
1330,graficon55nodi/grafo1465.55,7,55,65,95,105,69.99999949999999,12,69.99999900000265,12.71274471282959,2
1331,graficon53nodi/grafo5057.53,7,53,67,95,109,91.0,13,91.0,52.08835744857788,2
1332,graficon38nodi/grafo3383.38,7,38,62,98,122,208.0000000000013,56,208.00000000000153,600.279664516449,9
1333,graficon38nodi/grafo3758.38,7,38,56,99,117,109.99999999999731,29,109.99999999999827,415.6307153701782,2
1334,graficon63nodi/grafo4664.63,7,63,77,99,113,85.99999999999994,11,85.99999999999996,6.265636920928955,2
1335,graficon46nodi/grafo3412.46,7,46,65,95,114,110.0,18,110.0,17.792718172073364,2
1336,graficon44nodi/grafo7591.44,7,44,61,95,112,163.00000000000045,27,163.00000000000094,208.09686064720154,2
1337,graficon53nodi/grafo1482.53,7,53,67,96,110,118.9999990605378,14,118.99999999999999,14.15784740447998,2
1338,graficon43nodi/grafo6921.43,7,43,55,97,109,62.000000000000014,9,62.000000000000014,5.651208400726318,2
1339,graficon41nodi/grafo6192.41,7,41,54,95,108,68.00000000000013,14,68.00000000000016,15.41884732246399,2
1340,graficon51nodi/grafo7730.51,7,51,67,95,111,94.99999954737567,14,95.00000136363845,16.89681625366211,2
1341,graficon39nodi/grafo7581.39,7,39,51,96,108,92.0,8,92.0,4.547600030899048,2
1342,graficon62nodi/grafo4312.62,7,62,74,96,108,116.0,14,116.00000000000003,11.445655107498169,2
1343,graficon42nodi/grafo3476.42,7,42,60,99,117,121.99999999999994,15,121.99999999999996,4.700895071029663,2
1344,graficon41nodi/grafo7204.41,7,41,54,99,112,83.99999999999972,13,84.00000000000118,30.354440927505493,2
1345,graficon44nodi/grafo3603.44,7,44,66,99,121,161.00000000000057,49,161.0000000000005,600.4685189723969,9
1346,graficon39nodi/grafo11495.39,7,39,52,95,108,69.99999999999986,9,70.0000000000039,1.1010866165161133,2
1347,graficon39nodi/grafo3474.39,7,39,51,95,107,124.0,11,124.0,6.743136644363403,2
1348,graficon42nodi/grafo6308.42,7,42,62,96,116,159.99998664610246,24,159.99999809091256,600.4722123146057,9
1349,graficon40nodi/grafo5643.40,7,40,51,95,106,77.00000000000118,5,77.00000000000165,15.3213529586792,2
1350,graficon39nodi/grafo5974.39,7,39,53,97,111,105.00000000000045,11,105.00000000000092,11.965623617172241,2
1351,graficon41nodi/grafo6398.41,7,41,53,100,112,57.99999999999573,8,58.00000000000013,20.475377321243286,2
1352,graficon53nodi/grafo5091.53,7,53,77,102,126,141.0,35,141.00000000000003,600.4342286586761,9
1353,graficon49nodi/grafo5078.49,7,49,64,100,115,78.0,8,78.0,3.1209888458251953,2
1354,graficon41nodi/grafo5565.41,7,41,53,102,114,90.99999955686987,10,91.00000000000067,22.222434520721436,2
1355,graficon56nodi/grafo3328.56,7,56,76,104,124,173.99999905680642,50,174.00000000000205,600.2799894809723,9
1356,graficon52nodi/grafo3755.52,7,52,72,104,124,117.99999999999999,24,118.00000000000007,346.66366243362427,2
1357,graficon65nodi/grafo9317.65,7,65,80,100,115,98.00000000000011,22,98.00000000000017,273.3895194530487,2
1358,graficon42nodi/grafo7572.42,7,42,50,101,109,51.99999999999996,5,51.99999999999999,23.722474575042725,2
1359,graficon55nodi/grafo2141.55,7,55,76,102,123,165.99999293165357,28,166.00000141168752,600.3090951442719,9
1360,graficon47nodi/grafo1433.47,7,47,60,101,114,62.00000000000024,8,62.00000000000076,10.033061504364014,2
1361,graficon39nodi/grafo5798.39,7,39,55,104,120,81.00000000000026,12,81.0000000000005,8.166945695877075,2
1362,graficon55nodi/grafo4475.55,7,55,67,101,113,65.99999999999999,6,65.99999999999999,13.147343635559082,2
1363,graficon58nodi/grafo5350.58,7,58,74,104,120,138.99999999999994,28,138.99999999999997,600.4827134609222,9
1364,graficon71nodi/grafo9653.71,7,71,80,103,112,54.99999801119615,2,54.99999801119849,14.59563422203064,2
1365,graficon63nodi/grafo4351.63,7,63,78,101,116,inf,306,623,600.409339427948,9
1366,graficon54nodi/grafo3785.54,7,54,70,101,117,105.00000000000071,25,105.00000000000082,469.83722448349,2
1367,graficon37nodi/grafo11284.37,7,37,50,101,114,36.00000000000005,5,36.000000000000114,6.285201787948608,2
1368,graficon38nodi/grafo2726.38,7,38,53,101,116,116.0,12,116.0000000000001,9.601283550262451,2
1369,graficon62nodi/grafo6805.62,7,62,75,104,117,92.99999999999969,7,92.99999999999973,5.055349111557007,2
1370,graficon67nodi/grafo9658.67,7,67,79,100,112,81.00000000000006,7,81.00000000000006,5.861755132675171,2
1371,graficon60nodi/grafo3536.60,7,60,73,100,113,119.99999903448159,23,119.99999903448301,441.2904088497162,2
1372,graficon57nodi/grafo7289.57,7,57,72,100,115,106.99999905000047,18,107.00000000000085,104.23153877258301,2
1373,graficon59nodi/grafo4281.59,7,59,76,102,119,143.99999999999997,17,144.0,18.983144760131836,2
1374,graficon40nodi/grafo5568.40,7,40,59,100,119,134.99999999999903,17,134.9999999999996,36.06441307067871,2
1375,graficon61nodi/grafo8051.61,7,61,73,102,114,73.99999904761907,9,73.99999904761918,21.106822729110718,2
1376,graficon65nodi/grafo9375.65,7,65,76,102,113,103.0,6,103.0,6.464925765991211,2
1377,graficon44nodi/grafo5352.44,7,44,70,100,126,241.0000000000008,61,241.00000000000142,600.5480365753174,9
1378,graficon47nodi/grafo5710.47,7,47,62,103,118,90.00000000000001,14,90.00000000000003,21.992180585861206,2
1379,graficon50nodi/grafo1392.50,7,50,63,103,116,92.00000000000058,9,92.00000000000111,22.983976364135742,2
1380,graficon42nodi/grafo7610.42,7,42,55,103,116,42.0,6,42.0,12.98851728439331,2
1381,graficon40nodi/grafo6641.40,7,40,54,100,114,65.99999999999902,7,66.00000000000068,6.1616411209106445,2
1382,graficon57nodi/grafo4452.57,7,57,76,104,123,122.99999999999932,18,123.00000000000058,9.708746910095215,2
1383,graficon48nodi/grafo6289.48,7,48,65,104,121,117.00000000000011,15,117.00000000000023,12.943886995315552,2
1384,graficon39nodi/grafo3375.39,7,39,59,103,123,108.99999908058977,21,109.00000000000003,165.61862659454346,2
1385,graficon45nodi/grafo7623.45,7,45,62,104,121,113.99999802586856,29,114.00000494251285,600.4866106510162,9
1386,graficon57nodi/grafo7770.57,7,57,69,102,114,90.99999999999844,7,91.0000000000048,11.000305891036987,2
1387,graficon46nodi/grafo6166.46,7,46,66,102,122,116.00000000000017,29,116.00000000000043,600.4271795749664,9
1388,graficon45nodi/grafo7391.45,7,45,61,100,116,103.0,18,103.0,18.55287742614746,2
1389,graficon48nodi/grafo7135.48,7,48,68,104,124,161.00000000000028,31,161.00000000000034,600.4132726192474,9
1390,graficon59nodi/grafo6718.59,7,59,73,103,117,96.99999999999949,9,96.99999999999974,44.51573443412781,2
1391,graficon36nodi/grafo2877.36,7,36,53,101,118,105.00000000000027,13,105.00000000000098,9.026396036148071,2
1392,graficon42nodi/grafo7744.42,7,42,52,100,110,39.0000000000003,5,39.00000000000044,10.164235353469849,2
1393,graficon55nodi/grafo3834.55,7,55,80,103,128,152.99999999999972,35,152.99999999999972,600.2468016147614,9
1394,graficon50nodi/grafo1307.50,7,50,71,104,125,169.0,42,169.00000000000006,600.4769973754883,9
1395,graficon42nodi/grafo7026.42,7,42,55,101,114,61.000000000000384,9,61.00000000000087,4.199908971786499,2
1396,graficon42nodi/grafo7261.42,7,42,62,100,120,146.00000000000216,29,146.000000000002,212.82241415977478,2
1397,graficon56nodi/grafo5341.56,7,56,79,101,124,192.0,42,192.0000000000001,600.5314931869507,9
1398,graficon56nodi/grafo4651.56,7,56,76,101,121,153.99999652546876,32,154.00000400666357,600.3778691291809,9
1399,graficon35nodi/grafo5493.35,7,35,53,100,118,116.00000000000001,21,116.00000000000003,428.2966549396515,2
1400,graficon54nodi/grafo3748.54,7,54,73,104,123,110.99999999999949,30,111.00000000000016,600.6081743240356,9
1401,graficon56nodi/grafo1205.56,7,56,75,100,119,134.99999993707326,27,135.00000000000003,600.3650093078613,9
1402,graficon56nodi/grafo7738.56,7,56,79,102,125,146.0,32,146.0,443.6159710884094,2
1403,graficon61nodi/grafo3257.61,7,61,82,102,123,201.0000000000005,42,201.00000000000063,600.460250377655,9
1404,graficon48nodi/grafo2254.48,7,48,66,102,120,132.0,19,131.99999999999997,32.534910440444946,2
1405,graficon42nodi/grafo5550.42,7,42,57,101,116,116.99999855949557,17,117.00000000000558,33.82614350318909,2
1406,graficon58nodi/grafo6722.58,7,58,69,103,114,83.99999999999999,15,83.99999999999997,8.150153398513794,2
1407,graficon50nodi/grafo6775.50,7,50,63,101,114,118.00000000000048,12,118.00000000000074,23.887794733047485,2
1408,graficon56nodi/grafo6630.56,7,56,68,103,115,116.99999062668485,21,117.00000750000153,600.3909945487976,9
1409,graficon51nodi/grafo7550.51,7,51,66,102,117,112.00000000000014,18,112.0000000000002,26.386830806732178,2
1410,graficon55nodi/grafo4367.55,7,55,72,103,120,82.99999999999997,10,83.0,15.361961364746094,2
1411,graficon40nodi/grafo7165.40,7,40,55,102,117,116.0000000000002,22,116.0000000000005,600.2159149646759,9
1412,graficon67nodi/grafo6272.67,7,67,72,100,105,43.999999501500206,1,44.00000050000017,20.129273891448975,2
1413,graficon51nodi/grafo3484.51,7,51,68,104,121,115.0,30,115.0,533.0397069454193,2
1414,graficon53nodi/grafo2794.53,7,53,73,104,124,155.00000000000017,30,155.0000000000004,524.9912755489349,2
1415,graficon49nodi/grafo4734.49,7,49,59,101,111,69.99999999999991,3,70.00000000000006,9.94748330116272,2
1416,graficon50nodi/grafo5745.50,7,50,75,101,126,139.9999991114425,49,140.00000000000227,600.3011205196381,9
1417,graficon63nodi/grafo1570.63,7,63,74,100,111,86.99999999999966,13,87.00000000000077,9.48433518409729,2
1418,graficon39nodi/grafo11671.39,7,39,52,101,114,66.0,9,65.99999999999999,1.984480857849121,2
1419,graficon67nodi/grafo1617.67,7,67,80,103,116,74.00000000000006,10,74.0000000000002,10.571664333343506,2
1420,graficon39nodi/grafo5762.39,7,39,59,103,123,111.0000000000002,19,111.00000000000041,81.96937704086304,2
1421,graficon54nodi/grafo4467.54,7,54,69,102,117,79.0,8,79.0,4.379151821136475,2
1422,graficon36nodi/grafo5175.36,7,36,45,101,110,46.000000000000185,5,46.0000000000003,8.785197973251343,2
1423,graficon49nodi/grafo5220.49,7,49,64,100,115,137.99999999999994,14,138.00000000000023,12.431420803070068,2
1424,graficon57nodi/grafo5032.57,7,57,69,101,113,89.99999999999986,6,90.00000000000014,41.27611517906189,2
1425,graficon44nodi/grafo5221.44,7,44,57,102,115,59.999999056233975,14,60.00000000000108,49.75133442878723,2
