Index,Data,combo_idx,Nodes,Edges,TotalNodes,TotalEdges,ObjVal,Crossings,EdgeLength,Runtime,Status
1,graficon13nodi/grafo2567.13,8,13,13,13,13,4.0,0,4.0,0.029359817504882812,2
2,graficon11nodi/grafo685.11,8,11,11,13,13,5.0,0,5.0,0.025719404220581055,2
3,graficon10nodi/grafo2511.10,8,10,10,12,12,5.0,0,5.0,0.022931814193725586,2
4,graficon12nodi/grafo957.12,8,12,11,13,12,4.0,0,4.0,0.025101423263549805,2
5,graficon14nodi/grafo769.14,8,14,13,14,13,4.0,0,4.0,0.025765657424926758,2
6,graficon10nodi/grafo1070.10,8,10,10,12,12,4.0,0,4.0,0.022652149200439453,2
7,graficon10nodi/grafo473.10,8,10,10,12,12,4.0,0,4.0,0.025562047958374023,2
8,graficon14nodi/grafo371.14,8,14,13,14,13,5.0,0,5.0,0.04486513137817383,2
9,graficon12nodi/grafo906.12,8,12,11,12,11,3.0,0,3.0,0.037247657775878906,2
10,graficon11nodi/grafo927.11,8,11,10,11,10,3.0,0,3.0,0.02701735496520996,2
11,graficon10nodi/grafo758.10,8,10,10,12,12,4.0,0,4.0,0.02503204345703125,2
12,graficon12nodi/grafo122.12,8,12,11,12,11,3.0,0,3.0,0.02218914031982422,2
13,graficon12nodi/grafo1843.12,8,12,15,14,17,10.0,2,10.0,0.03260231018066406,2
14,graficon10nodi/grafo898.10,8,10,9,10,9,2.0,0,2.0,0.02292180061340332,2
15,graficon11nodi/grafo2433.11,8,11,11,13,13,3.0,0,3.0,0.008688688278198242,2
16,graficon11nodi/grafo749.11,8,11,10,13,12,3.0,0,3.0,0.02913069725036621,2
17,graficon10nodi/grafo961.10,8,10,10,12,12,4.0,0,4.0,0.0242612361907959,2
18,graficon10nodi/grafo1857.10,8,10,12,12,14,6.0,0,6.0,0.013706684112548828,2
19,graficon11nodi/grafo1004.11,8,11,12,12,13,6.0,0,6.0,0.02433037757873535,2
20,graficon11nodi/grafo675.11,8,11,11,13,13,4.0,0,4.0,0.02282547950744629,2
21,graficon10nodi/grafo633.10,8,10,9,10,9,2.0,0,2.0,0.024340391159057617,2
22,graficon13nodi/grafo2908.13,8,13,12,13,12,3.0,0,3.0,0.029736757278442383,2
23,graficon11nodi/grafo441.11,8,11,11,13,13,6.0,0,6.0,0.009001970291137695,2
24,graficon11nodi/grafo2812.11,8,11,11,13,13,3.0,0,3.0,0.007994651794433594,2
25,graficon10nodi/grafo881.10,8,10,9,10,9,1.0,0,1.0,0.007856369018554688,2
26,graficon10nodi/grafo455.10,8,10,10,13,13,3.0,0,3.0,0.028563737869262695,2
27,graficon12nodi/grafo933.12,8,12,11,12,11,3.0,0,3.0,0.025093793869018555,2
28,graficon12nodi/grafo256.12,8,12,11,12,11,2.0,0,2.0,0.023377418518066406,2
29,graficon10nodi/grafo1098.10,8,10,9,10,9,2.0,0,2.0,0.023186922073364258,2
30,graficon11nodi/grafo246.11,8,11,10,11,10,2.0,0,2.0,0.02352118492126465,2
31,graficon12nodi/grafo2668.12,8,12,13,14,15,5.0,1,5.0,0.025691747665405273,2
32,graficon12nodi/grafo667.12,8,12,12,13,13,5.0,0,5.0,0.02950429916381836,2
33,graficon12nodi/grafo986.12,8,12,11,12,11,3.0,0,3.0,0.02605414390563965,2
34,graficon10nodi/grafo782.10,8,10,9,10,9,2.0,0,2.0,0.02191615104675293,2
35,graficon12nodi/grafo756.12,8,12,11,12,11,3.0,0,3.0,0.02616286277770996,2
36,graficon11nodi/grafo1629.11,8,11,11,14,14,4.999999999999998,0,4.999999999999998,0.030727863311767578,2
37,graficon12nodi/grafo888.12,8,12,13,14,15,11.0,0,11.0,0.028959274291992188,2
38,graficon11nodi/grafo1162.11,8,11,11,12,12,4.0,0,4.0,0.025326013565063477,2
39,graficon11nodi/grafo3101.11,8,11,11,13,13,3.0,0,3.0,0.008610725402832031,2
40,graficon10nodi/grafo910.10,8,10,9,10,9,2.0,0,2.0,0.021730422973632812,2
41,graficon13nodi/grafo514.13,8,13,12,13,12,3.0,0,3.0,0.02734851837158203,2
42,graficon10nodi/grafo718.10,8,10,10,12,12,4.0,0,4.0,0.0234682559967041,2
43,graficon10nodi/grafo1123.10,8,10,10,12,12,4.0,0,4.0,0.022973060607910156,2
44,graficon10nodi/grafo474.10,8,10,10,12,12,4.0,0,4.0,0.023941993713378906,2
45,graficon14nodi/grafo272.14,8,14,13,14,13,3.999999999999993,0,3.9999999999999964,0.03200674057006836,2
46,graficon11nodi/grafo1084.11,8,11,10,11,10,1.0,0,1.0,0.0066738128662109375,2
47,graficon11nodi/grafo2971.11,8,11,11,13,13,3.0,0,3.0,0.007503032684326172,2
48,graficon11nodi/grafo313.11,8,11,10,13,12,4.0,0,4.0,0.02502608299255371,2
49,graficon11nodi/grafo532.11,8,11,11,13,13,4.0,0,4.0,0.023186683654785156,2
50,graficon11nodi/grafo857.11,8,11,11,12,12,5.0,0,5.0,0.010947942733764648,2
51,graficon10nodi/grafo978.10,8,10,10,12,12,4.0,0,4.0,0.024576425552368164,2
52,graficon13nodi/grafo1067.13,8,13,13,13,13,4.0,0,4.0,0.026198863983154297,2
53,graficon12nodi/grafo2949.12,8,12,11,12,11,3.0,0,3.0,0.023956298828125,2
54,graficon10nodi/grafo962.10,8,10,10,12,12,4.0,0,4.0,0.022968530654907227,2
55,graficon10nodi/grafo460.10,8,10,9,10,9,2.0,0,2.0,0.022504091262817383,2
56,graficon11nodi/grafo3073.11,8,11,11,13,13,3.0,0,3.0,0.00868844985961914,2
57,graficon11nodi/grafo316.11,8,11,13,14,16,9.0,0,9.0,0.03131222724914551,2
58,graficon13nodi/grafo2415.13,8,13,13,14,14,4.0,0,4.0,0.03409600257873535,2
59,graficon12nodi/grafo861.12,8,12,12,14,14,9.0,0,9.0,0.04748845100402832,2
60,graficon11nodi/grafo612.11,8,11,11,13,13,4.0,0,4.0,0.025179386138916016,2
61,graficon10nodi/grafo513.10,8,10,10,12,12,4.0,0,4.0,0.028861045837402344,2
62,graficon12nodi/grafo352.12,8,12,12,14,14,4.0,1,4.0,0.02669811248779297,2
63,graficon11nodi/grafo3113.11,8,11,11,13,13,3.0,0,3.0,0.020229578018188477,2
64,graficon12nodi/grafo2651.12,8,12,13,12,13,6.999999999999993,2,6.999999999999993,0.03318452835083008,2
65,graficon13nodi/grafo2595.13,8,13,12,13,12,3.0,0,3.0,0.03290677070617676,2
66,graficon14nodi/grafo345.14,8,14,13,14,13,3.999999999999993,0,3.9999999999999964,0.029343366622924805,2
67,graficon10nodi/grafo209.10,8,10,10,12,12,4.0,0,4.0,0.02317357063293457,2
68,graficon11nodi/grafo1005.11,8,11,11,12,12,5.0,0,5.0,0.028308391571044922,2
69,graficon10nodi/grafo1032.10,8,10,9,10,9,2.0,0,2.0,0.021455049514770508,2
70,graficon10nodi/grafo210.10,8,10,10,12,12,4.0,0,4.0,0.0224306583404541,2
71,graficon11nodi/grafo759.11,8,11,12,12,13,6.0,1,6.0,0.03867483139038086,2
72,graficon10nodi/grafo265.10,8,10,12,12,14,8.0,1,8.0,0.023305892944335938,2
73,graficon12nodi/grafo2439.12,8,12,12,13,13,5.0,0,5.0,0.02572035789489746,2
74,graficon11nodi/grafo748.11,8,11,11,13,13,4.0,0,4.0,0.025778532028198242,2
75,graficon11nodi/grafo2714.11,8,11,11,13,13,3.0,0,3.0,0.008348226547241211,2
76,graficon15nodi/grafo886.15,8,15,15,18,18,6.0,0,6.0,0.027602195739746094,2
77,graficon12nodi/grafo2359.12,8,12,17,16,21,23.99999999999999,3,23.99999999999999,1.3789024353027344,2
78,graficon17nodi/grafo565.17,8,17,17,19,19,5.0,0,5.0,0.03153800964355469,2
79,graficon14nodi/grafo642.14,8,14,15,16,17,7.999999999999985,1,7.999999999999985,0.029653310775756836,2
80,graficon15nodi/grafo2783.15,8,15,17,19,21,12.999999999999998,1,13.0,0.07993149757385254,2
81,graficon12nodi/grafo2707.12,8,12,14,16,18,8.0,1,8.0,0.029343366622924805,2
82,graficon16nodi/grafo2861.16,8,16,15,18,17,10.0,1,10.0,1.5240864753723145,2
83,graficon16nodi/grafo853.16,8,16,16,16,16,5.0,0,5.0,0.02667546272277832,2
84,graficon17nodi/grafo1122.17,8,17,17,19,19,5.0,0,5.0,0.028055906295776367,2
85,graficon11nodi/grafo2384.11,8,11,12,15,16,6.0,0,6.0,0.028481006622314453,2
86,graficon15nodi/grafo1618.15,8,15,16,19,20,12.0,0,12.0,0.042079925537109375,2
87,graficon13nodi/grafo325.13,8,13,14,15,16,7.0,1,7.0,0.025020360946655273,2
88,graficon17nodi/grafo1161.17,8,17,18,19,20,11.0,0,11.0,0.06854534149169922,2
89,graficon13nodi/grafo510.13,8,13,16,18,21,11.0,1,11.0,0.04303693771362305,2
90,graficon14nodi/grafo367.14,8,14,14,15,15,5.0,0,5.0,0.02602529525756836,2
91,graficon13nodi/grafo477.13,8,13,13,15,15,3.0,0,3.0,0.02643871307373047,2
92,graficon13nodi/grafo951.13,8,13,17,19,23,21.999999999999915,0,21.999999999999915,2.111835479736328,2
93,graficon11nodi/grafo1734.11,8,11,14,17,20,11.999999999999979,1,11.999999999999979,0.03508901596069336,2
94,graficon15nodi/grafo2797.15,8,15,17,15,17,10.0,1,10.0,0.028661727905273438,2
95,graficon12nodi/grafo2335.12,8,12,14,19,21,9.0,0,9.0,0.01189422607421875,2
96,graficon10nodi/grafo1740.10,8,10,13,17,20,17.0,1,17.0,0.04053187370300293,2
97,graficon13nodi/grafo1853.13,8,13,15,17,19,16.99999999999959,3,16.99999999999959,1.4030694961547852,2
98,graficon16nodi/grafo2142.16,8,16,16,17,17,7.0,0,7.0,0.0370182991027832,2
99,graficon14nodi/grafo956.14,8,14,15,15,16,7.999999999999991,1,7.999999999999991,0.03610396385192871,2
100,graficon15nodi/grafo585.15,8,15,16,19,20,11.000000000000002,0,11.000000000000002,0.03776693344116211,2
101,graficon14nodi/grafo2291.14,8,14,14,16,16,11.999999999999915,1,11.999999999999915,0.039344072341918945,2
102,graficon14nodi/grafo1658.14,8,14,15,19,20,7.0,0,7.0,0.028167247772216797,2
103,graficon13nodi/grafo559.13,8,13,15,19,21,10.0,0,10.0,0.02527618408203125,2
104,graficon15nodi/grafo2377.15,8,15,15,16,16,6.0,0,6.0,0.027600765228271484,2
105,graficon14nodi/grafo2189.14,8,14,16,17,19,12.0,1,12.0,0.032341957092285156,2
106,graficon16nodi/grafo322.16,8,16,15,17,16,5.999999999999991,0,5.999999999999991,0.04085087776184082,2
107,graficon14nodi/grafo2460.14,8,14,14,15,15,5.0,0,5.0,0.027745962142944336,2
108,graficon16nodi/grafo1177.16,8,16,15,17,16,5.999999999999998,0,5.999999999999998,0.033538103103637695,2
109,graficon13nodi/grafo203.13,8,13,14,15,16,8.0,1,8.0,0.04005694389343262,2
110,graficon13nodi/grafo387.13,8,13,15,19,21,12.0,1,12.0,0.02616739273071289,2
111,graficon15nodi/grafo1107.15,8,15,19,19,23,18.99999999999998,0,18.99999999999998,0.04483151435852051,2
112,graficon12nodi/grafo576.12,8,12,14,17,19,6.999999999999997,0,7.0,0.02968001365661621,2
113,graficon12nodi/grafo542.12,8,12,14,17,19,8.0,0,8.0,0.026812314987182617,2
114,graficon10nodi/grafo1898.10,8,10,15,16,21,20.0,1,20.0,0.044951438903808594,2
115,graficon12nodi/grafo543.12,8,12,12,15,15,4.999999999999979,1,4.999999999999979,0.0526430606842041,2
116,graficon14nodi/grafo843.14,8,14,14,15,15,10.999999999999938,0,11.0,1.490372896194458,2
117,graficon14nodi/grafo1620.14,8,14,15,17,18,7.0,0,7.0,0.013329267501831055,2
118,graficon14nodi/grafo255.14,8,14,16,16,18,14.999999999999892,2,14.999999999999892,1.4287588596343994,2
119,graficon14nodi/grafo899.14,8,14,15,15,16,11.0,1,11.0,1.3805460929870605,2
120,graficon17nodi/grafo422.17,8,17,17,18,18,9.0,0,9.0,0.04055166244506836,2
121,graficon13nodi/grafo440.13,8,13,14,18,19,9.0,0,9.0,0.023476362228393555,2
122,graficon11nodi/grafo280.11,8,11,12,15,16,8.999999999999993,0,8.999999999999993,0.027446746826171875,2
123,graficon15nodi/grafo2331.15,8,15,17,17,19,10.0,0,10.0,0.008802652359008789,2
124,graficon11nodi/grafo1006.11,8,11,12,15,16,5.0,0,5.0,0.026873111724853516,2
125,graficon13nodi/grafo2218.13,8,13,13,16,16,5.999999999999993,1,5.999999999999995,0.03429245948791504,2
126,graficon14nodi/grafo3087.14,8,14,14,16,16,10.0,0,10.0,1.487699270248413,2
127,graficon16nodi/grafo1069.16,8,16,15,17,16,6.0,0,6.0,0.03863525390625,2
128,graficon14nodi/grafo524.14,8,14,15,15,16,7.0,0,7.000000000000005,0.025969982147216797,2
129,graficon11nodi/grafo1913.11,8,11,14,15,18,10.0,0,10.0,0.00974583625793457,2
130,graficon14nodi/grafo2919.14,8,14,15,17,18,6.999999999999991,0,6.999999999999991,0.03719639778137207,2
131,graficon16nodi/grafo418.16,8,16,18,19,21,15.0,0,15.0,0.03709602355957031,2
132,graficon13nodi/grafo1935.13,8,13,18,17,22,16.0,1,16.0,0.029726266860961914,2
133,graficon17nodi/grafo774.17,8,17,18,19,20,16.0,2,16.0,1.9489753246307373,2
134,graficon16nodi/grafo1029.16,8,16,16,18,18,5.0,0,5.0,0.03121781349182129,2
135,graficon12nodi/grafo2663.12,8,12,13,15,16,6.0,0,6.0,0.035104990005493164,2
136,graficon14nodi/grafo2634.14,8,14,13,15,14,6.0,0,6.0,0.03662610054016113,2
137,graficon12nodi/grafo2380.12,8,12,12,16,16,8.0,0,8.0,0.041291236877441406,2
138,graficon17nodi/grafo2146.17,8,17,17,19,19,8.0,0,8.0,0.038649797439575195,2
139,graficon14nodi/grafo2900.14,8,14,14,18,18,7.0,0,7.0,0.025635957717895508,2
140,graficon13nodi/grafo430.13,8,13,14,16,17,6.0,0,6.0,0.02081441879272461,2
141,graficon10nodi/grafo938.10,8,10,14,19,23,24.000000000000128,3,24.000000000000128,1.786182165145874,2
142,graficon14nodi/grafo1063.14,8,14,15,18,19,7.0,0,7.0,0.0333867073059082,2
143,graficon11nodi/grafo2964.11,8,11,12,19,20,6.999999999999989,0,6.999999999999995,0.04369783401489258,2
144,graficon13nodi/grafo989.13,8,13,14,18,19,6.0,0,6.0,0.03258800506591797,2
145,graficon11nodi/grafo822.11,8,11,13,18,20,7.0,1,7.0,0.03451085090637207,2
146,graficon10nodi/grafo1774.10,8,10,15,16,21,20.0,1,20.0,0.03481459617614746,2
147,graficon11nodi/grafo900.11,8,11,13,18,20,7.0,0,7.0,0.03231024742126465,2
148,graficon13nodi/grafo2927.13,8,13,14,19,20,12.999999999999979,1,12.999999999999982,0.09911680221557617,2
149,graficon13nodi/grafo2354.13,8,13,16,19,22,16.0,1,16.0,0.04259514808654785,2
150,graficon13nodi/grafo791.13,8,13,15,19,21,8.999999999999993,1,8.999999999999996,0.04789257049560547,2
151,graficon16nodi/grafo1945.16,8,16,17,23,24,11.99999999999999,2,12.000000000000009,2.9363222122192383,2
152,graficon17nodi/grafo2644.17,8,17,19,23,25,11.0,0,11.0,0.029537439346313477,2
153,graficon17nodi/grafo2882.17,8,17,18,24,25,8.0,0,8.0,0.04322981834411621,2
154,graficon19nodi/grafo794.19,8,19,21,22,24,14.999999999999975,1,14.999999999999975,0.061571598052978516,2
155,graficon14nodi/grafo489.14,8,14,15,22,23,9.0,1,9.00000000000016,0.10160970687866211,2
156,graficon18nodi/grafo1865.18,8,18,20,23,25,16.0,0,16.0,0.04791593551635742,2
157,graficon15nodi/grafo1970.15,8,15,17,22,24,9.99999999999999,0,9.999999999999991,0.051772117614746094,2
158,graficon14nodi/grafo2419.14,8,14,17,24,27,14.0,1,14.0,0.06826329231262207,2
159,graficon12nodi/grafo2855.12,8,12,17,24,29,16.99999999999997,1,16.999999999999982,0.04161882400512695,2
160,graficon13nodi/grafo1729.13,8,13,19,22,28,31.000000000000018,5,31.00000000000002,2.1663780212402344,2
161,graficon13nodi/grafo2832.13,8,13,14,23,24,8.999999999999957,0,8.999999999999961,1.3423917293548584,2
162,graficon18nodi/grafo1893.18,8,18,18,21,21,8.999999999999996,0,8.999999999999996,0.0465085506439209,2
163,graficon18nodi/grafo1059.18,8,18,18,22,22,6.0,0,6.0,0.039812564849853516,2
164,graficon12nodi/grafo2890.12,8,12,14,20,22,9.0,0,9.0,0.052103519439697266,2
165,graficon16nodi/grafo2231.16,8,16,20,22,26,22.0,1,22.0,0.04634213447570801,2
166,graficon20nodi/grafo2767.20,8,20,22,24,26,12.999999999999982,1,12.999999999999982,0.07236480712890625,2
167,graficon20nodi/grafo3051.20,8,20,23,24,27,11.0,0,11.0,0.035961151123046875,2
168,graficon12nodi/grafo638.12,8,12,17,22,27,16.0,0,16.0,0.04018688201904297,2
169,graficon15nodi/grafo2233.15,8,15,20,23,28,24.999999999999954,0,24.999999999999964,1.6743402481079102,2
170,graficon16nodi/grafo275.16,8,16,18,24,26,12.0,1,12.000000000000005,0.055794477462768555,2
171,graficon22nodi/grafo2137.22,8,22,21,24,23,6.999999999999971,0,6.999999999999988,0.0645439624786377,2
172,graficon18nodi/grafo314.18,8,18,18,22,22,6.0,0,6.0,0.04118633270263672,2
173,graficon15nodi/grafo2225.15,8,15,18,23,26,11.0,0,11.0,0.027933835983276367,2
174,graficon11nodi/grafo1876.11,8,11,19,24,32,24.999999999999964,6,24.999999999999964,0.1696786880493164,2
175,graficon13nodi/grafo891.13,8,13,13,20,20,5.000000000000001,0,5.000000000000001,0.029041051864624023,2
176,graficon12nodi/grafo2675.12,8,12,14,20,22,9.0,0,9.0,0.05518651008605957,2
177,graficon11nodi/grafo1835.11,8,11,15,21,25,15.999999999999986,0,15.999999999999993,0.0588679313659668,2
178,graficon23nodi/grafo2357.23,8,23,22,24,23,13.0,0,13.0,0.05090951919555664,2
179,graficon15nodi/grafo1982.15,8,15,17,24,26,12.999999999999963,1,12.999999999999963,1.4562022686004639,2
180,graficon14nodi/grafo378.14,8,14,17,22,25,19.999999999999744,0,19.999999999999872,2.4081408977508545,2
181,graficon17nodi/grafo2324.17,8,17,21,23,27,14.0,2,14.0,0.028979778289794922,2
182,graficon13nodi/grafo964.13,8,13,16,23,26,14.999999999999902,0,15.000000000000032,0.057045698165893555,2
183,graficon19nodi/grafo423.19,8,19,21,23,25,14.999999999999972,0,14.999999999999972,0.05380749702453613,2
184,graficon13nodi/grafo2204.13,8,13,13,20,20,7.0,0,7.0,0.05166792869567871,2
185,graficon13nodi/grafo443.13,8,13,15,20,22,11.0,2,11.0,0.028928518295288086,2
186,graficon20nodi/grafo215.20,8,20,22,24,26,17.0,1,17.0,0.050783395767211914,2
187,graficon14nodi/grafo1662.14,8,14,20,24,30,20.99999999999963,2,20.999999999999815,1.3910727500915527,2
188,graficon20nodi/grafo495.20,8,20,20,24,24,7.9999999999999964,0,7.999999999999998,0.054808855056762695,2
189,graficon16nodi/grafo2281.16,8,16,21,24,29,22.999999999999996,1,23.0,0.05618858337402344,2
190,graficon11nodi/grafo1054.11,8,11,15,23,27,21.999999999999954,0,21.999999999999954,1.5191984176635742,2
191,graficon16nodi/grafo661.16,8,16,17,21,22,9.999999999999979,1,9.999999999999986,0.0502924919128418,2
192,graficon12nodi/grafo844.12,8,12,18,20,26,25.999999999999925,2,25.99999999999993,0.056162357330322266,2
193,graficon19nodi/grafo1661.19,8,19,21,21,23,12.999999999999998,2,12.999999999999998,1.8181774616241455,2
194,graficon18nodi/grafo2186.18,8,18,23,23,28,16.0,3,16.0,0.04884982109069824,2
195,graficon12nodi/grafo2867.12,8,12,16,22,26,20.0,0,20.0,0.04294776916503906,2
196,graficon15nodi/grafo1136.15,8,15,17,24,26,12.999999999999995,0,13.00000000000001,0.04212188720703125,2
197,graficon20nodi/grafo1651.20,8,20,21,23,24,17.0,1,17.0,1.6261329650878906,2
198,graficon15nodi/grafo2157.15,8,15,15,20,20,7.000000000000001,0,7.000000000000001,0.03859424591064453,2
199,graficon17nodi/grafo1634.17,8,17,18,20,21,16.0,1,16.0,0.07702875137329102,2
200,graficon16nodi/grafo2440.16,8,16,20,22,26,19.0,4,19.0,0.12251925468444824,2
201,graficon18nodi/grafo953.18,8,18,18,22,22,6.0,0,6.0,0.040918827056884766,2
202,graficon23nodi/grafo1485.23,8,23,22,23,22,9.0,0,9.0,0.09047126770019531,2
203,graficon13nodi/grafo2620.13,8,13,16,20,23,15.0,0,15.0,0.03657388687133789,2
204,graficon17nodi/grafo2680.17,8,17,22,22,27,21.999999999999847,2,21.999999999999847,1.4646122455596924,2
205,graficon20nodi/grafo1649.20,8,20,22,24,26,24.99999999999995,2,24.99999999999995,0.1031503677368164,2
206,graficon19nodi/grafo1897.19,8,19,20,24,25,12.0,0,12.0,0.0685720443725586,2
207,graficon13nodi/grafo2645.13,8,13,17,23,27,15.0,0,15.0,0.04252958297729492,2
208,graficon18nodi/grafo2480.18,8,18,21,22,25,15.0,0,15.0,0.04781484603881836,2
209,graficon13nodi/grafo2298.13,8,13,14,21,22,7.999999999999998,0,8.000000000000007,0.06952667236328125,2
210,graficon15nodi/grafo739.15,8,15,18,23,26,13.999999999999853,0,13.99999999999985,0.08978939056396484,2
211,graficon17nodi/grafo2679.17,8,17,19,21,23,13.999999999999993,1,14.0,0.0407404899597168,2
212,graficon14nodi/grafo2430.14,8,14,15,21,22,9.999999999999995,0,10.000000000000005,0.03477048873901367,2
213,graficon15nodi/grafo582.15,8,15,16,22,23,10.0,0,10.0,0.03359508514404297,2
214,graficon11nodi/grafo1619.11,8,11,15,21,25,15.000000000000002,3,15.000000000000002,2.461223840713501,2
215,graficon15nodi/grafo1124.15,8,15,16,23,24,9.0,0,9.0,0.04739522933959961,2
216,graficon12nodi/grafo1763.12,8,12,21,22,31,36.99999999999966,2,36.99999999999966,1.6556594371795654,2
217,graficon17nodi/grafo1094.17,8,17,19,21,23,10.0,0,10.0,0.038572072982788086,2
218,graficon15nodi/grafo2903.15,8,15,16,20,21,10.99999999999994,1,10.99999999999994,0.05496025085449219,2
219,graficon11nodi/grafo1088.11,8,11,17,22,28,25.99999999999993,0,25.999999999999964,1.382796049118042,2
220,graficon17nodi/grafo645.17,8,17,19,21,23,15.999999999999986,0,15.999999999999986,0.06067705154418945,2
221,graficon16nodi/grafo2537.16,8,16,19,21,24,9.0,0,9.0,0.04184103012084961,2
222,graficon15nodi/grafo1030.15,8,15,16,23,24,9.0,0,9.0,0.04990839958190918,2
223,graficon14nodi/grafo242.14,8,14,16,21,23,10.0,0,10.0,0.027775049209594727,2
224,graficon17nodi/grafo1009.17,8,17,17,24,24,6.999999999999971,0,6.9999999999999805,0.03190875053405762,2
225,graficon13nodi/grafo3112.13,8,13,14,20,21,8.999999999999996,0,9.0,0.03554391860961914,2
226,graficon16nodi/grafo1731.16,8,16,19,25,28,12.0,0,12.0,0.04317212104797363,2
227,graficon16nodi/grafo967.16,8,16,17,26,27,8.000000000000002,0,8.000000000000002,0.03856062889099121,2
228,graficon17nodi/grafo1732.17,8,17,20,27,30,14.999999999999998,0,14.999999999999998,0.07424068450927734,2
229,graficon20nodi/grafo2272.20,8,20,23,27,30,21.999999999999954,0,21.999999999999954,0.05019378662109375,2
230,graficon18nodi/grafo1146.18,8,18,29,29,40,50.0,6,50.0,0.1363208293914795,2
231,graficon18nodi/grafo2289.18,8,18,20,25,27,13.999999999999968,0,13.999999999999968,1.3659100532531738,2
232,graficon16nodi/grafo2420.16,8,16,18,28,30,9.0,1,9.0,0.06770110130310059,2
233,graficon12nodi/grafo574.12,8,12,19,27,34,26.99999999999995,2,26.99999999999995,0.12546515464782715,2
234,graficon21nodi/grafo804.21,8,21,22,28,29,15.999999999999957,0,15.999999999999957,1.5824487209320068,2
235,graficon22nodi/grafo694.22,8,22,23,27,28,12.0,0,12.0,0.03383922576904297,2
236,graficon17nodi/grafo479.17,8,17,23,25,31,39.9999999999997,7,39.99999999999971,4.26206111907959,2
237,graficon18nodi/grafo538.18,8,18,19,25,26,11.0,0,11.000000000000004,0.047779083251953125,2
238,graficon21nodi/grafo2416.21,8,21,24,29,32,12.0,1,12.0,0.05473494529724121,2
239,graficon17nodi/grafo2418.17,8,17,20,26,29,15.999999999999993,2,15.999999999999993,3.0088181495666504,2
240,graficon24nodi/grafo1463.24,8,24,25,25,26,15.0,0,15.000000000000075,2.453784942626953,2
241,graficon13nodi/grafo1885.13,8,13,16,25,28,15.0,0,15.0,0.06920194625854492,2
242,graficon11nodi/grafo1697.11,8,11,17,28,34,18.99999999999968,2,18.99999999999968,0.12754249572753906,2
243,graficon15nodi/grafo583.15,8,15,19,25,29,19.99999999999994,2,19.99999999999994,3.788612127304077,2
244,graficon19nodi/grafo2951.19,8,19,24,27,32,24.0,1,24.0,0.07774782180786133,2
245,graficon14nodi/grafo520.14,8,14,22,29,37,27.99999999999993,0,27.99999999999993,0.07578396797180176,2
246,graficon17nodi/grafo2594.17,8,17,21,25,29,22.999999999999897,2,22.999999999999897,1.3599793910980225,2
247,graficon18nodi/grafo993.18,8,18,23,28,33,25.00000000000002,3,25.00000000000002,2.816427707672119,2
248,graficon21nodi/grafo127.21,8,21,21,26,26,12.0,0,12.0,0.043196916580200195,2
249,graficon16nodi/grafo400.16,8,16,17,26,27,8.000000000000002,0,8.000000000000002,0.041222572326660156,2
250,graficon17nodi/grafo302.17,8,17,19,28,30,10.0,0,10.000000000000005,0.04061627388000488,2
251,graficon21nodi/grafo158.21,8,21,24,29,32,13.999999999999996,1,13.999999999999996,0.052256107330322266,2
252,graficon16nodi/grafo540.16,8,16,17,26,27,8.000000000000002,0,8.000000000000002,0.03542280197143555,2
253,graficon13nodi/grafo2303.13,8,13,19,28,34,28.999999999999858,0,28.99999999999995,1.4996240139007568,2
254,graficon21nodi/grafo1937.21,8,21,24,26,29,16.0,4,16.0,1.4056756496429443,2
255,graficon15nodi/grafo778.15,8,15,17,26,28,11.0,0,11.0,0.016744613647460938,2
256,graficon15nodi/grafo855.15,8,15,17,25,27,10.0,0,10.0,0.0337982177734375,2
257,graficon18nodi/grafo1652.18,8,18,20,25,27,17.99999999999998,0,17.99999999999998,1.4137840270996094,2
258,graficon13nodi/grafo2659.13,8,13,16,25,28,12.0,0,12.0,0.03667449951171875,2
259,graficon17nodi/grafo2682.17,8,17,19,26,28,17.999999999999872,2,17.999999999999872,0.08874869346618652,2
260,graficon16nodi/grafo1119.16,8,16,22,28,34,32.99999999999991,3,32.99999999999991,3.7790043354034424,2
261,graficon14nodi/grafo1870.14,8,14,21,28,35,23.0,3,23.000000000000004,2.0175511837005615,2
262,graficon19nodi/grafo1172.19,8,19,23,26,30,19.999999999999993,1,19.999999999999993,0.08864498138427734,2
263,graficon13nodi/grafo511.13,8,13,14,25,26,4.0,0,4.0,0.011926651000976562,2
264,graficon18nodi/grafo1648.18,8,18,24,26,32,26.000000000000114,5,26.00000000000013,3.037440538406372,2
265,graficon17nodi/grafo893.17,8,17,21,26,30,21.999999999999957,0,21.999999999999957,0.07847404479980469,2
266,graficon17nodi/grafo917.17,8,17,20,28,31,14.999999999999996,0,14.999999999999998,0.046489715576171875,2
267,graficon23nodi/grafo2256.23,8,23,26,29,32,18.0,0,18.0,0.017269372940063477,2
268,graficon18nodi/grafo2556.18,8,18,22,28,32,21.0,0,21.0,0.045084476470947266,2
269,graficon15nodi/grafo2921.15,8,15,17,27,29,9.999999999999988,0,9.999999999999993,0.027065753936767578,2
270,graficon21nodi/grafo1762.21,8,21,25,25,29,24.999999999999403,5,25.0,0.1444559097290039,2
271,graficon21nodi/grafo1064.21,8,21,26,25,30,26.999999999999982,9,27.00000000000002,2.4684462547302246,2
272,graficon18nodi/grafo784.18,8,18,23,25,30,33.00000000000002,3,33.00000000000003,2.6563944816589355,2
273,graficon16nodi/grafo2236.16,8,16,20,28,32,18.999999999999993,1,18.999999999999993,1.519721269607544,2
274,graficon17nodi/grafo2345.17,8,17,20,26,29,14.999999999999993,1,15.0,0.04654836654663086,2
275,graficon18nodi/grafo2307.18,8,18,23,26,31,20.999999999999968,3,20.999999999999968,1.358870029449463,2
276,graficon17nodi/grafo1056.17,8,17,22,29,34,20.0,1,20.0,0.041322946548461914,2
277,graficon18nodi/grafo1152.18,8,18,24,28,34,24.0,1,24.0,0.12341165542602539,2
278,graficon24nodi/grafo3100.24,8,24,28,26,30,17.999999999999947,2,18.000000000000114,2.021876811981201,2
279,graficon16nodi/grafo279.16,8,16,19,27,30,16.0,0,16.0,0.03035736083984375,2
280,graficon17nodi/grafo2401.17,8,17,31,28,42,83.00000000000091,36,83.00000000000077,137.84011006355286,2
281,graficon16nodi/grafo2302.16,8,16,20,25,29,14.0,1,14.0,0.041802167892456055,2
282,graficon16nodi/grafo2525.16,8,16,19,26,29,14.0,1,14.0,0.03288555145263672,2
283,graficon17nodi/grafo2924.17,8,17,22,28,33,24.999999999999982,1,24.999999999999982,0.05941486358642578,2
284,graficon22nodi/grafo167.22,8,22,24,29,31,14.999999999999817,1,14.999999999999817,0.09787988662719727,2
285,graficon16nodi/grafo2542.16,8,16,21,26,31,21.0,1,21.0,0.0557861328125,2
286,graficon16nodi/grafo2636.16,8,16,22,26,32,18.999999999999844,5,18.999999999999844,1.6722753047943115,2
287,graficon17nodi/grafo2758.17,8,17,20,26,29,14.999999999999966,1,14.999999999999986,0.050955772399902344,2
288,graficon20nodi/grafo2554.20,8,20,22,25,27,15.0,1,15.0,0.042240142822265625,2
289,graficon25nodi/grafo2775.25,8,25,26,25,26,15.999999999999648,2,15.999999999999648,1.4654934406280518,2
290,graficon19nodi/grafo409.19,8,19,22,25,28,19.999999999999886,2,19.999999999999886,0.12006711959838867,2
291,graficon16nodi/grafo2326.16,8,16,21,25,30,24.999999999999943,1,24.999999999999943,0.04973959922790527,2
292,graficon14nodi/grafo596.14,8,14,16,27,29,10.0,0,10.0,0.04008150100708008,2
293,graficon20nodi/grafo679.20,8,20,25,29,34,22.99999999999998,2,22.99999999999999,1.7720248699188232,2
294,graficon23nodi/grafo188.23,8,23,24,27,28,12.999999999999996,0,12.999999999999996,0.05772042274475098,2
295,graficon19nodi/grafo2449.19,8,19,24,25,30,21.0,4,21.0,0.17031645774841309,2
296,graficon23nodi/grafo1038.23,8,23,24,27,28,9.999999999999966,1,9.999999999999966,0.0735771656036377,2
297,graficon17nodi/grafo2177.17,8,17,22,26,31,23.0,0,23.0,0.04980278015136719,2
298,graficon20nodi/grafo786.20,8,20,23,26,29,21.0,2,21.0,1.5939750671386719,2
299,graficon17nodi/grafo1875.17,8,17,21,28,32,31.999999999999293,1,31.999999999999577,5.884442090988159,2
300,graficon14nodi/grafo796.14,8,14,19,27,32,25.000000000000004,3,25.000000000000004,3.6522302627563477,2
301,graficon21nodi/grafo2119.21,8,21,27,32,38,40.99999999999979,7,40.999999999999844,4.541798114776611,2
302,graficon15nodi/grafo1013.15,8,15,23,31,39,41.99999999999983,2,41.99999999999983,2.0510902404785156,2
303,graficon17nodi/grafo415.17,8,17,24,33,40,41.999999999999595,5,41.9999999999996,0.15402531623840332,2
304,graficon26nodi/grafo578.26,8,26,27,30,31,18.999999999999996,1,18.999999999999996,1.725571632385254,2
305,graficon25nodi/grafo2077.25,8,25,29,31,35,28.0000000000001,7,28.000000000000114,4.538100481033325,2
306,graficon29nodi/grafo2085.29,8,29,30,33,34,12.0,0,12.0,0.04927682876586914,2
307,graficon19nodi/grafo1834.19,8,19,23,32,36,14.999999999999998,0,15.0,0.06298661231994629,2
308,graficon24nodi/grafo1830.24,8,24,29,34,39,27.999999999999957,1,27.99999999999997,1.40842604637146,2
309,graficon21nodi/grafo245.21,8,21,22,30,31,11.999999999999991,1,11.999999999999991,0.0847327709197998,2
310,graficon21nodi/grafo1645.21,8,21,23,30,32,17.999999999999975,0,18.000000000000014,0.08771681785583496,2
311,graficon20nodi/grafo1761.20,8,20,26,31,37,21.0,0,21.0,0.06281256675720215,2
312,graficon26nodi/grafo1805.26,8,26,31,33,38,24.0,5,24.0,0.13184905052185059,2
313,graficon18nodi/grafo2744.18,8,18,24,34,40,30.99999999999999,3,31.000000000000107,2.4329640865325928,2
314,graficon20nodi/grafo2268.20,8,20,24,32,36,20.0,3,20.0,2.2483880519866943,2
315,graficon25nodi/grafo2837.25,8,25,27,32,34,11.999999999999858,0,11.999999999999858,0.07764768600463867,2
316,graficon21nodi/grafo2833.21,8,21,24,30,33,20.0,1,20.0,0.04466104507446289,2
317,graficon20nodi/grafo3049.20,8,20,24,33,37,23.000000000000018,2,23.000000000000036,1.4339838027954102,2
318,graficon26nodi/grafo1799.26,8,26,30,32,36,25.0,3,25.0,2.4167280197143555,2
319,graficon17nodi/grafo1403.17,8,17,23,30,36,30.0,1,30.0,0.10042905807495117,2
320,graficon27nodi/grafo2498.27,8,27,32,34,39,33.0,3,33.0,2.8336758613586426,2
321,graficon22nodi/grafo2819.22,8,22,25,33,36,13.999999999999995,0,14.0,0.07327032089233398,2
322,graficon16nodi/grafo421.16,8,16,22,33,39,31.999999999999822,1,31.999999999999822,1.9027459621429443,2
323,graficon14nodi/grafo1074.14,8,14,19,32,37,17.0,2,17.0,0.07715725898742676,2
324,graficon24nodi/grafo918.24,8,24,24,32,32,9.999999999999993,0,10.0,0.07581949234008789,2
325,graficon18nodi/grafo1780.18,8,18,24,30,36,25.999999999999982,1,25.999999999999986,1.5160353183746338,2
326,graficon29nodi/grafo1198.29,8,29,29,31,31,13.0,1,13.000000000000004,2.105346441268921,2
327,graficon15nodi/grafo2591.15,8,15,23,31,39,31.00000000000002,2,31.00000000000003,2.0330522060394287,2
328,graficon19nodi/grafo924.19,8,19,21,32,34,17.99999999999995,0,17.99999999999995,0.05948686599731445,2
329,graficon23nodi/grafo835.23,8,23,27,31,35,28.0,6,28.0,0.38165783882141113,2
330,graficon17nodi/grafo829.17,8,17,21,33,37,23.0,0,23.0,0.05727505683898926,2
331,graficon16nodi/grafo1635.16,8,16,25,34,43,32.99999999999967,1,32.99999999999967,2.0464870929718018,2
332,graficon14nodi/grafo649.14,8,14,24,32,42,45.00000000000009,5,45.000000000000156,3.567775249481201,2
333,graficon18nodi/grafo1824.18,8,18,23,32,37,15.0,1,15.0,0.046668291091918945,2
334,graficon26nodi/grafo1629.26,8,26,29,30,33,16.99999999999998,1,16.99999999999998,2.5598738193511963,2
335,graficon15nodi/grafo1142.15,8,15,24,32,41,35.99999999999991,1,35.999999999999915,0.18342828750610352,2
336,graficon22nodi/grafo2410.22,8,22,24,30,32,10.999999999999947,1,10.999999999999982,0.05325603485107422,2
337,graficon23nodi/grafo2028.23,8,23,32,32,41,52.0,13,52.000000000000014,10.161336660385132,2
338,graficon25nodi/grafo1040.25,8,25,32,34,41,44.00000000000044,12,44.00000000000051,9.293617010116577,2
339,graficon17nodi/grafo2494.17,8,17,20,30,33,13.0,1,13.0,0.04967141151428223,2
340,graficon21nodi/grafo381.21,8,21,23,31,33,20.0,1,20.0,1.426485300064087,2
341,graficon19nodi/grafo2425.19,8,19,23,30,34,22.0,2,22.0,0.10064554214477539,2
342,graficon26nodi/grafo1230.26,8,26,29,30,33,15.999999999999982,2,15.999999999999982,2.2168426513671875,2
343,graficon17nodi/grafo1861.17,8,17,21,34,38,16.999999999999947,2,16.999999999999947,2.288318157196045,2
344,graficon27nodi/grafo1232.27,8,27,31,33,37,38.99999999999997,7,38.99999999999997,3.191279172897339,2
345,graficon27nodi/grafo2582.27,8,27,27,34,34,13.0,0,13.0,1.3881549835205078,2
346,graficon24nodi/grafo2017.24,8,24,28,32,36,31.00000000000002,2,31.00000000000002,1.792283535003662,2
347,graficon32nodi/grafo11636.32,8,32,32,33,33,13.999999999999993,0,13.999999999999993,2.5277016162872314,2
348,graficon19nodi/grafo621.19,8,19,27,30,38,25.999999999999844,3,25.999999999999844,1.6702003479003906,2
349,graficon16nodi/grafo2023.16,8,16,20,34,38,16.999999999999773,2,17.000000000000075,0.18761754035949707,2
350,graficon23nodi/grafo622.23,8,23,25,33,35,16.99999999999998,1,16.999999999999993,0.07838630676269531,2
351,graficon19nodi/grafo2135.19,8,19,23,33,37,25.999999999999126,2,26.00000000000044,0.15184950828552246,2
352,graficon15nodi/grafo879.15,8,15,20,30,35,23.999999999999922,0,23.999999999999922,1.528658390045166,2
353,graficon22nodi/grafo1012.22,8,22,24,31,33,16.0,0,16.0,0.10021734237670898,2
354,graficon20nodi/grafo429.20,8,20,28,34,42,34.999999999998614,6,35.00000000000005,1.5728857517242432,2
355,graficon26nodi/grafo1269.26,8,26,28,31,33,26.999999999999694,0,26.999999999999694,4.3508806228637695,2
356,graficon17nodi/grafo2520.17,8,17,24,32,39,37.0,7,37.0,0.12317204475402832,2
357,graficon32nodi/grafo10052.32,8,32,33,34,35,15.999999999999993,0,15.999999999999993,1.721656322479248,2
358,graficon20nodi/grafo874.20,8,20,25,34,39,20.0,1,20.0,0.06131458282470703,2
359,graficon20nodi/grafo1901.20,8,20,26,33,39,50.999999999999865,2,50.99999999999987,6.123639345169067,2
360,graficon22nodi/grafo2456.22,8,22,26,33,37,24.0,0,24.0,0.059031009674072266,2
361,graficon17nodi/grafo276.17,8,17,20,31,34,15.999999999999902,1,15.999999999999902,0.06872177124023438,2
362,graficon25nodi/grafo575.25,8,25,29,34,38,25.0,2,25.0,0.14693689346313477,2
363,graficon17nodi/grafo517.17,8,17,23,33,39,27.999999999999986,1,27.999999999999986,0.06729626655578613,2
364,graficon19nodi/grafo1900.19,8,19,22,31,34,17.0,0,17.0,0.05664396286010742,2
365,graficon22nodi/grafo1422.22,8,22,22,30,30,16.0,0,16.0,0.09573960304260254,2
366,graficon25nodi/grafo862.25,8,25,28,33,36,22.999999999999957,1,22.999999999999957,0.11589336395263672,2
367,graficon23nodi/grafo545.23,8,23,28,32,37,21.99999999999999,1,21.99999999999999,0.0682213306427002,2
368,graficon24nodi/grafo2341.24,8,24,29,34,39,24.999999999999932,1,24.999999999999943,0.07493114471435547,2
369,graficon26nodi/grafo1512.26,8,26,30,34,38,23.000000000000018,2,23.000000000000018,1.9723293781280518,2
370,graficon18nodi/grafo1626.18,8,18,27,32,41,39.00000000000005,8,39.00000000000014,3.318126916885376,2
371,graficon21nodi/grafo2378.21,8,21,25,31,35,27.999999999999936,2,27.999999999999936,2.010690450668335,2
372,graficon25nodi/grafo2051.25,8,25,26,33,34,9.999999999999979,0,9.999999999999986,0.04045915603637695,2
373,graficon32nodi/grafo9919.32,8,32,32,33,33,13.999999999999993,0,13.999999999999993,2.618091344833374,2
374,graficon18nodi/grafo1940.18,8,18,24,31,37,19.0,1,19.0,0.04551577568054199,2
375,graficon25nodi/grafo1338.25,8,25,26,34,35,20.999999999999957,0,20.999999999999957,2.880298137664795,2
376,graficon33nodi/grafo11170.33,8,33,42,39,48,34.0,2,34.0,1.8256847858428955,2
377,graficon23nodi/grafo2966.23,8,23,26,36,39,16.0,0,16.0,0.0878744125366211,2
378,graficon29nodi/grafo1102.29,8,29,29,37,37,16.0,0,16.0,1.6290204524993896,2
379,graficon26nodi/grafo1340.26,8,26,31,38,43,43.000000000000156,4,43.00000000000021,3.3618545532226562,2
380,graficon22nodi/grafo1850.22,8,22,28,38,44,24.999999999999936,1,24.999999999999957,0.12452340126037598,2
381,graficon28nodi/grafo2572.28,8,28,34,38,44,33.0,3,33.0,0.403972864151001,2
382,graficon17nodi/grafo420.17,8,17,25,37,45,35.99999999999983,3,36.00000000000013,1.5591914653778076,2
383,graficon20nodi/grafo2670.20,8,20,28,36,44,23.999999999999893,3,23.999999999999893,1.515681266784668,2
384,graficon26nodi/grafo2766.26,8,26,32,38,44,18.999999999999876,2,18.999999999999872,0.07775354385375977,2
385,graficon29nodi/grafo1333.29,8,29,31,38,40,28.0,0,28.0,1.4291925430297852,2
386,graficon21nodi/grafo1863.21,8,21,26,35,40,30.0,4,30.0,4.87608003616333,2
387,graficon27nodi/grafo1623.27,8,27,30,37,40,16.0,1,16.0,1.4719555377960205,2
388,graficon33nodi/grafo2828.33,8,33,37,38,42,23.999999999999996,3,23.999999999999996,1.854247808456421,2
389,graficon26nodi/grafo2606.26,8,26,32,36,42,45.999999999998714,5,45.99999999999872,0.296234130859375,2
390,graficon19nodi/grafo2371.19,8,19,24,35,40,25.999999999999996,0,25.999999999999996,0.07931184768676758,2
391,graficon25nodi/grafo2700.25,8,25,28,36,39,19.999999999999975,2,19.999999999999982,2.372715950012207,2
392,graficon24nodi/grafo2587.24,8,24,28,36,40,26.0,5,26.0,6.437876462936401,2
393,graficon15nodi/grafo947.15,8,15,24,39,48,38.99999999999941,3,39.000000000000206,3.43916392326355,2
394,graficon19nodi/grafo2562.19,8,19,28,36,45,35.999999999999886,4,35.999999999999886,8.017908811569214,2
395,graficon32nodi/grafo11456.32,8,32,33,35,36,15.999999999999964,1,15.999999999999964,1.5583631992340088,2
396,graficon27nodi/grafo248.27,8,27,33,38,44,34.99999999999959,4,34.99999999999959,8.642382144927979,2
397,graficon22nodi/grafo2676.22,8,22,26,38,42,17.999999999999957,0,17.999999999999957,0.11966395378112793,2
398,graficon32nodi/grafo11607.32,8,32,38,39,45,29.000000000000036,4,29.000000000000092,2.06108021736145,2
399,graficon19nodi/grafo2171.19,8,19,23,35,39,16.999999999999904,1,16.999999999999904,0.09900903701782227,2
400,graficon19nodi/grafo1666.19,8,19,28,37,46,43.0,1,43.0,0.10174965858459473,2
401,graficon33nodi/grafo11210.33,8,33,42,39,48,34.0,2,34.0,1.8079617023468018,2
402,graficon26nodi/grafo2123.26,8,26,28,35,37,24.0,1,24.0,0.08423376083374023,2
403,graficon26nodi/grafo3056.26,8,26,36,35,45,59.0,16,58.99999999999999,17.72248101234436,2
404,graficon30nodi/grafo1582.30,8,30,34,35,39,35.99999925000046,2,35.99999925000047,18.625640869140625,2
405,graficon24nodi/grafo1440.24,8,24,32,37,45,51.99999999999999,6,52.0,2.1366777420043945,2
406,graficon33nodi/grafo9903.33,8,33,42,39,48,34.0,2,34.0,1.8302342891693115,2
407,graficon23nodi/grafo1557.23,8,23,29,37,43,43.99999975074985,2,44.000000743333395,5.8643786907196045,2
408,graficon21nodi/grafo1941.21,8,21,26,37,42,28.99999999999995,1,28.99999999999995,0.1715869903564453,2
409,graficon13nodi/grafo317.13,8,13,21,38,46,39.0,2,39.0,1.5651211738586426,2
410,graficon33nodi/grafo154.33,8,33,34,36,37,20.999999999999993,0,20.999999999999993,1.4512019157409668,2
411,graficon31nodi/grafo10007.31,8,31,34,35,38,28.999999999999893,4,29.000000000000213,2.543947458267212,2
412,graficon20nodi/grafo1764.20,8,20,25,37,42,22.0,2,22.0,1.8003554344177246,2
413,graficon31nodi/grafo5484.31,8,31,32,38,39,15.99999999999999,2,16.0,2.587345838546753,2
414,graficon27nodi/grafo1286.27,8,27,31,36,40,24.0,2,24.0,2.7022805213928223,2
415,graficon23nodi/grafo2200.23,8,23,29,38,44,33.99999999999974,2,33.99999999999999,1.8645946979522705,2
416,graficon24nodi/grafo872.24,8,24,28,37,41,24.999999999999964,2,24.999999999999986,0.09284710884094238,2
417,graficon22nodi/grafo605.22,8,22,26,39,43,24.999999999999964,0,24.999999999999964,0.12599611282348633,2
418,graficon29nodi/grafo1034.29,8,29,32,38,41,41.0,1,41.0,2.505662202835083,2
419,graficon21nodi/grafo2356.21,8,21,27,35,41,21.00000000000001,2,21.000000000000014,1.9531519412994385,2
420,graficon33nodi/grafo10134.33,8,33,34,37,38,17.0,1,17.0,0.06143593788146973,2
421,graficon32nodi/grafo9867.32,8,32,33,35,36,15.999999999999964,1,15.999999999999964,1.539383888244629,2
422,graficon26nodi/grafo753.26,8,26,28,36,38,11.0,2,11.0,2.3608651161193848,2
423,graficon21nodi/grafo123.21,8,21,25,38,42,22.999999999999908,1,22.999999999999908,0.09821224212646484,2
424,graficon25nodi/grafo1360.25,8,25,30,35,40,37.99999999999922,5,37.999999999999474,1.6844823360443115,2
425,graficon27nodi/grafo174.27,8,27,28,36,37,19.99999999999993,1,19.99999999999993,1.717461109161377,2
426,graficon20nodi/grafo251.20,8,20,23,36,39,23.0,1,23.0,1.670055627822876,2
427,graficon18nodi/grafo2768.18,8,18,23,35,40,19.0,2,19.0,0.07560563087463379,2
428,graficon36nodi/grafo2402.36,8,36,38,39,41,25.000000000000092,0,25.00000000000105,2.195800542831421,2
429,graficon30nodi/grafo1237.30,8,30,35,39,44,21.99999999999998,1,21.99999999999998,0.07056355476379395,2
430,graficon20nodi/grafo2284.20,8,20,30,37,47,41.000000000000064,6,41.00000000000013,2.1928305625915527,2
431,graficon17nodi/grafo1160.17,8,17,23,39,45,27.999999999999964,1,27.999999999999975,1.8189654350280762,2
432,graficon27nodi/grafo2721.27,8,27,27,37,37,13.0,1,13.00000000000001,0.13673019409179688,2
433,graficon23nodi/grafo2691.23,8,23,31,39,47,37.00000000000003,5,37.00000000000006,4.446629285812378,2
434,graficon22nodi/grafo2875.22,8,22,27,38,43,21.99999999999995,2,21.99999999999995,2.9267430305480957,2
435,graficon33nodi/grafo11130.33,8,33,42,39,48,34.0,2,34.0,1.949009895324707,2
436,graficon18nodi/grafo2805.18,8,18,25,36,43,34.00000000000009,3,34.0000000000001,3.823235273361206,2
437,graficon16nodi/grafo2584.16,8,16,22,39,45,18.99999999999999,2,18.99999999999999,0.06288838386535645,2
438,graficon17nodi/grafo597.17,8,17,24,36,43,36.99999999999997,0,36.999999999999986,0.12741923332214355,2
439,graficon24nodi/grafo1950.24,8,24,27,39,42,22.999999999999996,1,23.00000000000001,2.014492988586426,2
440,graficon25nodi/grafo2067.25,8,25,28,38,41,15.0,1,15.0,0.1275343894958496,2
441,graficon15nodi/grafo2448.15,8,15,23,38,46,28.0,2,28.0,1.6760542392730713,2
442,graficon26nodi/grafo1273.26,8,26,27,36,37,17.999999999999964,0,17.99999999999989,2.058198928833008,2
443,graficon32nodi/grafo11397.32,8,32,33,37,38,16.99999999999998,0,16.99999999999998,1.855656623840332,2
444,graficon33nodi/grafo11023.33,8,33,33,36,36,13.999999999999961,0,13.999999999999961,1.4925696849822998,2
445,graficon33nodi/grafo11026.33,8,33,36,39,42,21.0,3,21.0,1.613156795501709,2
446,graficon17nodi/grafo945.17,8,17,22,36,41,28.0,0,28.0,0.08139204978942871,2
447,graficon25nodi/grafo584.25,8,25,29,35,39,45.99999999999996,4,45.99999999999996,7.299021005630493,2
448,graficon12nodi/grafo2426.12,8,12,18,38,44,24.0,0,24.0,0.05429410934448242,2
449,graficon18nodi/grafo2731.18,8,18,23,35,40,18.0,0,18.0,0.0780336856842041,2
450,graficon23nodi/grafo2217.23,8,23,29,35,41,25.0,9,25.0,2.9168014526367188,2
451,graficon26nodi/grafo2108.26,8,26,35,41,50,45.0,11,45.0,3.906296491622925,2
452,graficon31nodi/grafo11581.31,8,31,36,42,47,32.99999999999994,4,33.000000000000114,3.983905076980591,2
453,graficon25nodi/grafo1271.25,8,25,30,40,45,39.99999999999981,3,40.00000000000028,1.6940665245056152,2
454,graficon31nodi/grafo11454.31,8,31,36,42,47,32.99999999999994,4,33.000000000000114,4.14090895652771,2
455,graficon25nodi/grafo163.25,8,25,37,44,56,86.99999334000049,28,86.99999337666695,108.15686392784119,2
456,graficon19nodi/grafo950.19,8,19,23,43,47,21.99999999999958,0,22.00000000000021,2.7735965251922607,2
457,graficon30nodi/grafo1252.30,8,30,34,43,47,24.999999999999964,0,24.999999999999964,1.5011892318725586,2
458,graficon27nodi/grafo1217.27,8,27,29,42,44,20.99999850329837,0,20.9999980043981,3.0730769634246826,2
459,graficon34nodi/grafo11331.34,8,34,41,43,50,27.9999999999995,3,28.00000000000009,2.8335554599761963,2
460,graficon20nodi/grafo1873.20,8,20,27,40,47,27.999999999999673,6,28.000000000000284,5.247246265411377,2
461,graficon34nodi/grafo5197.34,8,34,36,43,45,20.0,0,20.0,3.397909164428711,2
462,graficon28nodi/grafo1615.28,8,28,35,43,50,48.99999907999879,8,48.99999908000031,13.982659578323364,2
463,graficon27nodi/grafo3039.27,8,27,31,44,48,26.000000000000007,1,26.000000000000007,0.06518769264221191,2
464,graficon37nodi/grafo2519.37,8,37,39,44,46,31.00000000000001,0,31.000000000000014,7.803720474243164,2
465,graficon27nodi/grafo2037.27,8,27,31,42,46,34.0,2,34.0,2.841146469116211,2
466,graficon20nodi/grafo1757.20,8,20,25,41,46,19.0,1,19.0,1.7106759548187256,2
467,graficon23nodi/grafo551.23,8,23,29,43,49,31.999999999999993,0,32.0,2.2334184646606445,2
468,graficon32nodi/grafo10795.32,8,32,35,43,46,30.9999999999999,1,31.00000000000007,3.3608455657958984,2
469,graficon33nodi/grafo5994.33,8,33,36,42,45,21.999999999999936,0,22.000000000000014,0.1525864601135254,2
470,graficon23nodi/grafo2712.23,8,23,30,40,47,23.999999999999986,1,24.00000000000002,0.09015750885009766,2
471,graficon22nodi/grafo1894.22,8,22,30,40,48,40.000000000000355,5,40.00000000000059,2.5502429008483887,2
472,graficon28nodi/grafo1190.28,8,28,31,43,46,28.999999999999154,3,29.0,8.67941927909851,2
473,graficon32nodi/grafo1455.32,8,32,38,43,49,33.99999999999901,2,33.99999999999901,2.1009976863861084,2
474,graficon18nodi/grafo1086.18,8,18,26,41,49,45.999999999999986,1,45.999999999999986,0.10110616683959961,2
475,graficon34nodi/grafo9918.34,8,34,34,43,43,15.0,0,15.0,2.775602340698242,2
476,graficon32nodi/grafo1226.32,8,32,34,43,45,20.999999999999893,1,21.0,2.4400084018707275,2
477,graficon35nodi/grafo7133.35,8,35,38,43,46,26.000000000000135,3,26.00000000000027,2.153670072555542,2
478,graficon34nodi/grafo11544.34,8,34,34,43,43,15.0,0,15.0,2.8177225589752197,2
479,graficon14nodi/grafo2738.14,8,14,23,40,49,33.99999999999993,1,33.99999999999993,0.10442543029785156,2
480,graficon27nodi/grafo2958.27,8,27,32,42,47,25.999999999999936,0,26.000000000000032,0.14935827255249023,2
481,graficon31nodi/grafo3686.31,8,31,36,42,47,32.99999999999994,4,33.000000000000114,4.110220909118652,2
482,graficon14nodi/grafo701.14,8,14,20,42,48,23.999999999999964,1,23.999999999999964,0.1413722038269043,2
483,graficon33nodi/grafo9921.33,8,33,36,43,46,25.0,1,25.0,0.09884428977966309,2
484,graficon27nodi/grafo2876.27,8,27,32,41,46,35.999999999999886,2,35.999999999999886,2.524846315383911,2
485,graficon25nodi/grafo1234.25,8,25,33,42,50,41.00000000000052,2,41.00000000000059,3.4204673767089844,2
486,graficon26nodi/grafo1285.26,8,26,30,42,46,21.99999999999999,2,22.0,4.576657056808472,2
487,graficon30nodi/grafo2365.30,8,30,34,40,44,45.00000000000001,4,45.0,3.869173049926758,2
488,graficon26nodi/grafo798.26,8,26,32,41,47,33.999999999999766,5,33.999999999999766,2.4258687496185303,2
489,graficon21nodi/grafo1682.21,8,21,41,43,63,97.99999215596652,36,97.99999630769283,256.3848316669464,2
490,graficon32nodi/grafo5244.32,8,32,38,42,48,22.0,0,22.0,0.04863691329956055,2
491,graficon23nodi/grafo2854.23,8,23,29,44,50,26.999999999999723,2,26.999999999999723,0.19103503227233887,2
492,graficon32nodi/grafo1053.32,8,32,41,43,52,66.99999541666855,6,66.99999541666875,12.907790899276733,2
493,graficon21nodi/grafo2756.21,8,21,26,40,45,19.999999999999826,2,19.999999999999826,4.412622451782227,2
494,graficon22nodi/grafo1503.22,8,22,26,44,48,21.0,0,21.0,0.049802541732788086,2
495,graficon22nodi/grafo2370.22,8,22,28,41,47,20.0,1,20.0,0.05770421028137207,2
496,graficon23nodi/grafo2769.23,8,23,27,44,48,20.999999999999986,2,21.0,4.5632452964782715,2
497,graficon28nodi/grafo124.28,8,28,29,41,42,17.999999999999897,1,17.999999999999986,1.5191633701324463,2
498,graficon31nodi/grafo9916.31,8,31,36,42,47,32.99999999999994,4,33.000000000000114,4.085376977920532,2
499,graficon33nodi/grafo11631.33,8,33,43,41,51,37.99999999999999,3,38.00000000000002,1.7982828617095947,2
500,graficon30nodi/grafo1256.30,8,30,33,40,43,23.999999999999993,0,23.999999999999993,4.081655263900757,2
501,graficon32nodi/grafo10231.32,8,32,35,43,46,16.0,0,16.0,1.530022382736206,2
502,graficon34nodi/grafo11277.34,8,34,35,41,42,14.999999999999993,0,14.999999999999993,1.9839897155761719,2
503,graficon34nodi/grafo2464.34,8,34,38,44,48,39.999999999999744,5,39.999999999999744,3.2375965118408203,2
504,graficon27nodi/grafo1199.27,8,27,30,40,43,15.0,0,15.0,0.0656425952911377,2
505,graficon25nodi/grafo1614.25,8,25,27,41,43,22.0,1,22.000000000000007,4.127917766571045,2
506,graficon29nodi/grafo1376.29,8,29,34,42,47,43.00000000000015,3,43.000000000000206,6.002282381057739,2
507,graficon35nodi/grafo3480.35,8,35,35,44,44,18.000000000000004,0,18.000000000000007,2.090348720550537,2
508,graficon29nodi/grafo1587.29,8,29,35,42,48,37.99999999999947,1,37.99999999999982,7.101288318634033,2
509,graficon34nodi/grafo6050.34,8,34,41,43,50,26.000000000000007,3,26.000000000000053,2.0040903091430664,2
510,graficon25nodi/grafo2755.25,8,25,32,42,49,32.99999999999975,5,32.99999999999975,0.26983022689819336,2
511,graficon23nodi/grafo2853.23,8,23,34,40,51,58.999999999999964,16,58.999999999999964,6.942311763763428,2
512,graficon34nodi/grafo10281.34,8,34,41,42,49,37.99999999999986,1,37.99999999999994,0.14767050743103027,2
513,graficon34nodi/grafo11630.34,8,34,40,44,50,32.999999999999915,1,33.0,0.09637808799743652,2
514,graficon28nodi/grafo2436.28,8,28,37,44,53,59.0,8,59.0,0.6321120262145996,2
515,graficon34nodi/grafo9878.34,8,34,39,41,46,28.0,2,28.000000000000007,10.546133041381836,2
516,graficon32nodi/grafo3901.32,8,32,38,42,48,35.99999999999992,3,35.99999999999995,2.124472141265869,2
517,graficon35nodi/grafo11455.35,8,35,35,42,42,13.9999999999999,0,13.999999999999902,4.662378311157227,2
518,graficon28nodi/grafo296.28,8,28,36,43,51,41.0,12,41.0,8.174576759338379,2
519,graficon25nodi/grafo1251.25,8,25,26,40,41,17.0,0,17.0,2.7416248321533203,2
520,graficon34nodi/grafo11319.34,8,34,40,42,48,40.999999999999325,3,40.999999999999325,1.7106256484985352,2
521,graficon34nodi/grafo11660.34,8,34,36,43,45,28.0,1,28.0,0.1708369255065918,2
522,graficon31nodi/grafo2394.31,8,31,36,43,48,44.00000000000013,5,44.00000000000033,3.7213566303253174,2
523,graficon26nodi/grafo1218.26,8,26,28,42,44,26.999999498065634,0,26.999999508066974,6.465349435806274,2
524,graficon37nodi/grafo6342.37,8,37,42,44,49,42.0,7,42.0,3.268101215362549,2
525,graficon28nodi/grafo1311.28,8,28,34,42,48,37.9999999999997,5,37.99999999999995,2.519618034362793,2
526,graficon19nodi/grafo1826.19,8,19,27,46,54,45.0,2,45.000000000000014,2.7794878482818604,2
527,graficon14nodi/grafo1951.14,8,14,25,46,57,46.999999999999986,3,47.000000000000014,3.609736442565918,2
528,graficon37nodi/grafo3547.37,8,37,38,49,50,13.999999999999979,0,14.0,0.07022547721862793,2
529,graficon34nodi/grafo11207.34,8,34,38,48,52,28.999999999999993,4,28.999999999999993,4.47738242149353,2
530,graficon31nodi/grafo10887.31,8,31,36,46,51,17.99999999999993,0,18.000000000000014,0.09145045280456543,2
531,graficon32nodi/grafo1255.32,8,32,37,46,51,26.0,1,26.0,0.07176423072814941,2
532,graficon28nodi/grafo1840.28,8,28,34,48,54,32.0,4,32.00000000000003,3.73665714263916,2
533,graficon21nodi/grafo630.21,8,21,28,45,52,29.999999999999993,1,29.999999999999996,0.08902382850646973,2
534,graficon26nodi/grafo3044.26,8,26,34,48,56,42.99999999999977,3,43.00000000000037,4.072105407714844,2
535,graficon23nodi/grafo1806.23,8,23,28,48,53,30.0,0,30.0,0.0711050033569336,2
536,graficon31nodi/grafo10458.31,8,31,36,46,51,17.99999999999993,0,18.000000000000014,0.08959603309631348,2
537,graficon35nodi/grafo10620.35,8,35,41,46,52,39.0000000000002,3,39.00000000000013,4.572093963623047,2
538,graficon22nodi/grafo249.22,8,22,31,46,55,48.00000000000053,4,48.00000000000325,3.3074097633361816,2
539,graficon32nodi/grafo745.32,8,32,36,45,49,28.0,0,27.999999999999982,2.0407135486602783,2
540,graficon35nodi/grafo5759.35,8,35,39,45,49,17.0,1,17.0,0.05562615394592285,2
541,graficon33nodi/grafo11516.33,8,33,42,45,54,35.999999999999474,4,35.999999999999474,6.046910524368286,2
542,graficon25nodi/grafo2437.25,8,25,30,48,53,24.0,1,24.000000000000004,0.10965585708618164,2
543,graficon31nodi/grafo1301.31,8,31,40,47,56,60.999999999999574,7,61.00000000000076,2.4728450775146484,2
544,graficon38nodi/grafo3332.38,8,38,43,45,50,42.99999999999993,2,42.99999999999994,2.203618049621582,2
545,graficon22nodi/grafo2748.22,8,22,29,45,52,32.0,0,32.0,1.8610553741455078,2
546,graficon27nodi/grafo1253.27,8,27,32,45,50,47.00000000000001,2,47.0,19.045127630233765,2
547,graficon36nodi/grafo3862.36,8,36,41,46,51,30.999999999999982,4,30.999999999999982,2.053030014038086,2
548,graficon28nodi/grafo1202.28,8,28,36,45,53,42.999999999999964,4,42.99999999999999,4.781534194946289,2
549,graficon37nodi/grafo5957.37,8,37,39,48,50,40.999999999999986,0,40.999999999999986,1.5723190307617188,2
550,graficon38nodi/grafo6734.38,8,38,41,45,48,31.999999999999925,1,31.999999999999925,0.16008996963500977,2
551,graficon36nodi/grafo5561.36,8,36,38,47,49,13.0,0,13.0,1.3298470973968506,2
552,graficon31nodi/grafo10011.31,8,31,36,46,51,17.99999999999993,0,18.000000000000014,0.09039521217346191,2
553,graficon36nodi/grafo6066.36,8,36,39,48,51,25.0,0,25.000000000000018,1.5705108642578125,2
554,graficon31nodi/grafo1362.31,8,31,37,45,51,44.0,1,44.0,1.7416839599609375,2
555,graficon27nodi/grafo1200.27,8,27,36,46,55,50.99999999999845,0,51.00000000000121,2.266206979751587,2
556,graficon39nodi/grafo6087.39,8,39,46,48,55,35.000000000000064,9,35.00000000000011,4.379003524780273,2
557,graficon33nodi/grafo5247.33,8,33,38,46,51,21.0,0,21.0,1.3544929027557373,2
558,graficon36nodi/grafo6811.36,8,36,44,48,56,32.00000000000027,2,32.000000000000284,3.083007574081421,2
559,graficon23nodi/grafo1798.23,8,23,31,48,56,39.00000000000009,3,39.0000000000001,2.4704530239105225,2
560,graficon27nodi/grafo2275.27,8,27,32,46,51,40.0,2,40.0,7.330943822860718,2
561,graficon26nodi/grafo2981.26,8,26,36,45,55,52.00000000000048,11,52.000000000000654,89.19260382652283,2
562,graficon36nodi/grafo3414.36,8,36,39,46,49,25.00000000000005,2,25.00000000000015,3.0897812843322754,2
563,graficon19nodi/grafo2428.19,8,19,23,45,49,15.0,1,15.0,0.07718396186828613,2
564,graficon35nodi/grafo10085.35,8,35,41,46,52,44.00000000000027,8,44.00000000000068,2.9769163131713867,2
565,graficon32nodi/grafo1379.32,8,32,39,48,55,39.99999999999994,3,40.00000000000002,4.0762293338775635,2
566,graficon26nodi/grafo173.26,8,26,31,46,51,31.000000000000004,3,31.000000000000078,2.069932460784912,2
567,graficon38nodi/grafo5236.38,8,38,43,49,54,23.999999999999993,2,24.0,0.3745725154876709,2
568,graficon26nodi/grafo2399.26,8,26,31,46,51,33.99999999999994,2,33.99999999999994,3.919295310974121,2
569,graficon31nodi/grafo11421.31,8,31,37,46,52,37.000000000000156,4,37.00000000000135,4.527515411376953,2
570,graficon40nodi/grafo7698.40,8,40,47,49,56,45.99999999999978,1,45.999999999999936,1.9069128036499023,2
571,graficon35nodi/grafo1925.35,8,35,36,48,49,26.0,0,26.00000000000004,0.1245582103729248,2
572,graficon25nodi/grafo1319.25,8,25,31,47,53,42.99999999999989,3,43.0,3.264209032058716,2
573,graficon26nodi/grafo2999.26,8,26,30,45,49,21.0,2,21.0,6.240154504776001,2
574,graficon21nodi/grafo1632.21,8,21,26,48,53,20.999999999999986,0,20.999999999999986,0.07603788375854492,2
575,graficon32nodi/grafo9975.32,8,32,39,48,55,43.00000000000008,4,43.000000000000526,6.742940425872803,2
576,graficon33nodi/grafo5182.33,8,33,38,49,54,21.99999999999994,0,22.000000000000007,0.06142735481262207,2
577,graficon32nodi/grafo11121.32,8,32,40,47,55,36.99999999999986,4,37.0,0.20027923583984375,2
578,graficon35nodi/grafo6642.35,8,35,42,49,56,43.9999999999993,5,43.99999999999929,3.1813392639160156,2
579,graficon28nodi/grafo932.28,8,28,35,45,52,48.000000000000085,2,48.00000000000021,6.342464447021484,2
580,graficon34nodi/grafo2578.34,8,34,36,48,50,25.0,1,25.0,5.405704021453857,2
581,graficon33nodi/grafo11538.33,8,33,38,47,52,31.0000000000003,3,31.000000000000924,6.106984615325928,2
582,graficon33nodi/grafo10562.33,8,33,39,48,54,36.99999999999988,4,37.00000000000005,3.417358160018921,2
583,graficon35nodi/grafo2815.35,8,35,43,47,55,39.999999999999986,9,40.00000000000004,9.83846664428711,2
584,graficon18nodi/grafo374.18,8,18,25,46,53,31.0,0,31.0,0.08220744132995605,2
585,graficon34nodi/grafo5148.34,8,34,37,47,50,24.0,1,24.0,1.6370909214019775,2
586,graficon35nodi/grafo11567.35,8,35,43,45,53,35.99999999999996,1,35.999999999999986,1.5066249370574951,2
587,graficon31nodi/grafo1115.31,8,31,43,45,57,74.0000000000001,13,74.0000000000001,112.05426836013794,2
588,graficon34nodi/grafo2363.34,8,34,39,48,53,35.0,3,35.0,3.180236339569092,2
589,graficon33nodi/grafo11375.33,8,33,39,48,54,34.0,3,34.0,0.16295337677001953,2
590,graficon36nodi/grafo5879.36,8,36,42,46,52,39.00000000000011,4,39.00000000000013,3.0028929710388184,2
591,graficon35nodi/grafo5820.35,8,35,38,45,48,16.999999999999936,1,16.999999999999986,0.09116458892822266,2
592,graficon17nodi/grafo678.17,8,17,25,48,56,30.0,1,30.0,1.5304512977600098,2
593,graficon32nodi/grafo9954.32,8,32,34,46,48,18.999999999999922,1,18.999999999999922,5.788167238235474,2
594,graficon35nodi/grafo5966.35,8,35,45,47,57,49.00000000000002,10,49.00000000000007,14.046163320541382,2
595,graficon35nodi/grafo5522.35,8,35,40,46,51,35.0,6,35.0,6.695270299911499,2
596,graficon22nodi/grafo2807.22,8,22,27,46,51,18.0,2,18.0,0.09901833534240723,2
597,graficon32nodi/grafo3106.32,8,32,38,48,54,37.99999999999986,3,37.999999999999964,4.755158424377441,2
598,graficon36nodi/grafo5667.36,8,36,40,46,50,23.999999999999986,0,23.99999999999998,0.09143877029418945,2
599,graficon31nodi/grafo2262.31,8,31,40,47,56,49.99999999999898,3,49.99999999999898,3.663689613342285,2
600,graficon33nodi/grafo10456.33,8,33,38,48,53,30.000000000000384,4,30.000000000000394,2.943828821182251,2
601,graficon33nodi/grafo1915.33,8,33,44,54,65,56.00000000000044,2,56.000000000000654,4.367969751358032,2
602,graficon36nodi/grafo3304.36,8,36,47,53,64,75.99999999999963,16,75.99999999999964,17.461753845214844,2
603,graficon36nodi/grafo11296.36,8,36,44,50,58,55.00000000000008,19,55.00000000000017,76.90926694869995,2
604,graficon37nodi/grafo3729.37,8,37,45,54,62,45.999999999999034,3,46.000000000000526,3.8648617267608643,2
605,graficon36nodi/grafo2212.36,8,36,41,54,59,27.999999999999872,2,27.999999999999993,3.1284751892089844,2
606,graficon31nodi/grafo1989.31,8,31,33,54,56,19.0,0,19.000000000000007,1.8557829856872559,2
607,graficon35nodi/grafo10658.35,8,35,41,50,56,45.99999999999991,3,45.9999999999999,3.625068426132202,2
608,graficon39nodi/grafo5309.39,8,39,46,54,61,47.00000000000122,5,47.00000000000205,4.245461702346802,2
609,graficon34nodi/grafo5495.34,8,34,43,53,62,43.0,7,43.0,0.4452340602874756,2
610,graficon37nodi/grafo3433.37,8,37,42,54,59,36.99999999999979,3,37.0,6.428102493286133,2
611,graficon34nodi/grafo9882.34,8,34,39,50,55,30.999999999999947,0,30.999999999999964,0.08031105995178223,2
612,graficon22nodi/grafo1154.22,8,22,28,50,56,31.000000000000064,3,31.00000000000011,3.1926639080047607,2
613,graficon22nodi/grafo1715.22,8,22,34,54,66,80.00000000000048,3,80.00000000000048,6.669687271118164,2
614,graficon36nodi/grafo3282.36,8,36,40,54,58,21.999999999999996,2,22.0,5.450527906417847,2
615,graficon36nodi/grafo3153.36,8,36,43,53,60,45.0,2,45.00000000000001,3.9699714183807373,2
616,graficon34nodi/grafo4029.34,8,34,40,50,56,36.0,6,36.0,0.38804101943969727,2
617,graficon32nodi/grafo1784.32,8,32,36,52,56,20.0,3,20.0,4.2370898723602295,2
618,graficon33nodi/grafo2397.33,8,33,39,50,56,39.0,5,39.0,9.365066289901733,2
619,graficon39nodi/grafo7363.39,8,39,43,51,55,39.0,3,39.0,3.9063355922698975,2
620,graficon34nodi/grafo11241.34,8,34,39,50,55,30.999999999999947,0,30.999999999999964,0.07626795768737793,2
621,graficon31nodi/grafo1689.31,8,31,34,53,56,23.999999999999996,0,24.000000000000007,0.12546205520629883,2
622,graficon39nodi/grafo6808.39,8,39,45,51,57,30.999999999999616,6,31.000000000000178,5.656871318817139,2
623,graficon24nodi/grafo522.24,8,24,30,51,57,37.99999999999998,4,38.00000000000003,3.2938249111175537,2
624,graficon25nodi/grafo2016.25,8,25,33,50,58,37.00000000000013,2,37.00000000000015,1.8044006824493408,2
625,graficon24nodi/grafo1667.24,8,24,29,50,55,25.999999999999993,1,26.0,1.6531059741973877,2
626,graficon40nodi/grafo5346.40,8,40,44,52,56,35.00000000000009,6,35.000000000000064,8.050802946090698,2
627,graficon34nodi/grafo11531.34,8,34,37,50,53,24.999999999999982,1,24.999999999999996,0.16699528694152832,2
628,graficon23nodi/grafo1974.23,8,23,27,54,58,26.99999950139962,1,26.999999002799527,2.137336492538452,2
629,graficon30nodi/grafo1183.30,8,30,39,50,59,42.999999999999964,6,42.999999999999964,3.7794244289398193,2
630,graficon35nodi/grafo7366.35,8,35,43,51,59,29.0,1,29.0,2.0162675380706787,2
631,graficon33nodi/grafo9869.33,8,33,38,50,55,23.999999999999936,2,24.00000000000047,1.6297461986541748,2
632,graficon38nodi/grafo3247.38,8,38,43,50,55,39.00000000000015,3,39.000000000000185,8.497057914733887,2
633,graficon36nodi/grafo5319.36,8,36,44,53,61,36.0,2,36.00000000000181,2.405428647994995,2
634,graficon30nodi/grafo11384.30,8,30,34,50,54,22.000000000000018,2,22.00000000000007,1.9746832847595215,2
635,graficon38nodi/grafo3966.38,8,38,42,54,58,35.000000000000085,4,35.000000000000135,5.716585159301758,2
636,graficon32nodi/grafo3012.32,8,32,38,54,60,44.000000000000014,3,44.00000000000013,6.321957588195801,2
637,graficon33nodi/grafo1174.33,8,33,41,53,61,41.0,4,41.0,0.4197878837585449,2
638,graficon35nodi/grafo11415.35,8,35,43,52,60,46.0,5,46.0,0.35523462295532227,2
639,graficon36nodi/grafo10746.36,8,36,42,54,60,39.99999999999994,0,40.0,1.590611457824707,2
640,graficon38nodi/grafo6579.38,8,38,49,54,65,60.999999999999545,7,61.00000000000201,3.8291947841644287,2
641,graficon32nodi/grafo10058.32,8,32,40,51,59,45.0,3,45.0,2.5286858081817627,2
642,graficon34nodi/grafo11614.34,8,34,39,50,55,30.999999999999947,0,30.999999999999964,0.07492423057556152,2
643,graficon38nodi/grafo6106.38,8,38,47,53,62,52.00000000000003,12,52.000000000000085,25.95619535446167,2
644,graficon26nodi/grafo309.26,8,26,36,54,64,65.0,6,65.00000000000006,3.126356601715088,2
645,graficon34nodi/grafo10483.34,8,34,45,50,61,48.00000000000012,8,48.00000000000028,5.668387413024902,2
646,graficon34nodi/grafo3023.34,8,34,42,54,62,40.99999999999986,2,40.99999999999986,2.0740010738372803,2
647,graficon35nodi/grafo11423.35,8,35,42,54,61,34.0,4,34.0,3.3411779403686523,2
648,graficon26nodi/grafo1952.26,8,26,31,54,59,24.000000000000004,3,24.00000000000001,2.6578850746154785,2
649,graficon38nodi/grafo5993.38,8,38,44,53,59,36.000000000000156,4,36.00000000000021,3.9026997089385986,2
650,graficon17nodi/grafo2227.17,8,17,25,50,58,33.99999999999929,2,33.99999999999929,2.6230900287628174,2
651,graficon34nodi/grafo2082.34,8,34,38,54,58,15.999999999999996,0,16.0,0.10190820693969727,2
652,graficon27nodi/grafo1746.27,8,27,38,52,63,43.0,3,43.0,1.4771835803985596,2
653,graficon33nodi/grafo3214.33,8,33,44,52,63,61.00000000000005,15,61.00000000000012,82.74400091171265,2
654,graficon28nodi/grafo3060.28,8,28,36,51,59,29.999999947712414,4,30.000000000000057,7.122800827026367,2
655,graficon24nodi/grafo1158.24,8,24,34,52,62,58.999999999998266,6,59.00000000000258,7.705730676651001,2
656,graficon33nodi/grafo11638.33,8,33,38,53,58,31.99999999999998,2,31.99999999999998,0.319380521774292,2
657,graficon35nodi/grafo7548.35,8,35,42,54,61,45.99999999999872,1,45.99999999999872,0.404186487197876,2
658,graficon34nodi/grafo5827.34,8,34,40,51,57,32.99999999999959,2,32.99999999999959,3.02197527885437,2
659,graficon34nodi/grafo5485.34,8,34,43,52,61,45.0,5,45.0,0.2315516471862793,2
660,graficon35nodi/grafo6897.35,8,35,47,52,64,55.0,11,55.0,22.690967082977295,2
661,graficon34nodi/grafo5498.34,8,34,41,54,61,40.00000000000008,4,40.00000000000008,3.1577415466308594,2
662,graficon34nodi/grafo5856.34,8,34,41,50,57,28.0,4,28.0,2.6155593395233154,2
663,graficon40nodi/grafo4073.40,8,40,42,51,53,31.999999999999204,2,31.999999999999204,4.330150127410889,2
664,graficon36nodi/grafo10619.36,8,36,41,51,56,37.0,1,37.0,2.747051477432251,2
665,graficon42nodi/grafo7119.42,8,42,46,50,54,31.0,2,30.999999999999986,2.722022771835327,2
666,graficon36nodi/grafo11525.36,8,36,45,53,62,43.00000000000008,6,43.000000000000284,2.267871379852295,2
667,graficon35nodi/grafo11234.35,8,35,35,51,51,13.99999999999997,0,14.0,3.288447141647339,2
668,graficon24nodi/grafo2787.24,8,24,35,51,62,48.000000000000014,7,48.000000000000014,10.688503742218018,2
669,graficon40nodi/grafo3874.40,8,40,46,50,56,47.00000000000023,4,47.0000000000003,11.69219446182251,2
670,graficon28nodi/grafo1569.28,8,28,36,53,61,47.99999999999973,1,48.00000000000112,6.232645273208618,2
671,graficon35nodi/grafo2098.35,8,35,42,50,57,28.999999999999872,3,28.99999999999993,5.522755861282349,2
672,graficon34nodi/grafo2031.34,8,34,42,53,61,34.99999999999991,4,35.0,3.038017511367798,2
673,graficon30nodi/grafo11667.30,8,30,34,52,56,13.999999999999913,0,13.999999999999961,0.0738515853881836,2
674,graficon30nodi/grafo1345.30,8,30,44,50,64,101.99999999999847,16,101.99999999999845,22.5437490940094,2
675,graficon29nodi/grafo2054.29,8,29,35,50,56,22.00000000000003,2,22.000000000000053,3.22821307182312,2
676,graficon41nodi/grafo4004.41,8,41,48,57,64,39.99999999999922,5,39.999999999999226,4.361343622207642,2
677,graficon37nodi/grafo2224.37,8,37,45,58,66,65.99999999999999,12,66.0,44.29441833496094,2
678,graficon34nodi/grafo6076.34,8,34,44,56,66,60.99999999999993,2,60.99999999999993,4.2920472621917725,2
679,graficon40nodi/grafo5714.40,8,40,52,59,71,69.99998875354694,19,70.0000037500023,285.2590055465698,2
680,graficon38nodi/grafo9968.38,8,38,44,55,61,32.0,1,32.0,1.5670289993286133,2
681,graficon28nodi/grafo1201.28,8,28,38,58,68,56.00000000000036,5,56.00000000000063,9.671226263046265,2
682,graficon35nodi/grafo10708.35,8,35,46,55,66,73.99999101062566,20,73.9999948822924,85.80694055557251,2
683,graficon21nodi/grafo433.21,8,21,28,55,62,35.00000000000024,5,35.0000000000004,9.3794846534729,2
684,graficon34nodi/grafo5143.34,8,34,40,57,63,23.99999999999996,1,24.0,1.4629061222076416,2
685,graficon36nodi/grafo11677.36,8,36,49,56,69,72.0,8,72.0,0.45183730125427246,2
686,graficon37nodi/grafo3125.37,8,37,42,58,63,26.0,2,26.0,3.068202018737793,2
687,graficon37nodi/grafo7307.37,8,37,47,55,65,36.0,3,36.0,1.9375789165496826,2
688,graficon37nodi/grafo6450.37,8,37,46,57,66,42.99999999999973,4,42.99999999999973,1.7828714847564697,2
689,graficon39nodi/grafo3679.39,8,39,43,56,60,35.00000000000001,5,35.000000000000014,9.251219272613525,2
690,graficon38nodi/grafo6656.38,8,38,46,57,65,44.000000000000114,3,44.00000000000017,3.7130024433135986,2
691,graficon34nodi/grafo11409.34,8,34,35,56,57,14.999999999999897,1,14.9999999999999,2.2090795040130615,2
692,graficon38nodi/grafo6939.38,8,38,51,57,70,65.00000000000001,13,65.0,14.307296752929688,2
693,graficon33nodi/grafo2687.33,8,33,46,56,69,86.0,16,86.0,51.499666690826416,2
694,graficon38nodi/grafo3351.38,8,38,46,55,63,41.0,7,41.0,2.7992429733276367,2
695,graficon37nodi/grafo7087.37,8,37,44,59,66,42.99999999999868,2,43.000000000003865,12.370532512664795,2
696,graficon36nodi/grafo11468.36,8,36,47,58,69,68.00000000000053,22,68.0000000000009,462.094206571579,2
697,graficon31nodi/grafo1946.31,8,31,38,59,66,36.00000000000032,3,36.00000000000051,4.956241130828857,2
698,graficon32nodi/grafo1908.32,8,32,39,55,62,54.0,3,54.0,2.0574164390563965,2
699,graficon40nodi/grafo3255.40,8,40,46,56,62,40.000000000000114,8,40.000000000000234,3.9865829944610596,2
700,graficon37nodi/grafo5301.37,8,37,44,58,65,33.99999999999983,3,33.999999999999915,3.4932825565338135,2
701,graficon35nodi/grafo5613.35,8,35,46,57,68,73.99999999999848,12,73.9999999999986,19.94911766052246,2
702,graficon35nodi/grafo2990.35,8,35,48,59,72,66.99999999999991,14,66.99999999999991,23.188086986541748,2
703,graficon43nodi/grafo6878.43,8,43,48,56,61,44.99999999999993,5,45.00000000000058,4.4107725620269775,2
704,graficon27nodi/grafo1390.27,8,27,39,57,69,56.000000000000284,11,56.000000000000355,80.71214008331299,2
705,graficon36nodi/grafo6227.36,8,36,46,59,69,69.00000000000074,8,69.0000000000008,4.517925977706909,2
706,graficon39nodi/grafo3830.39,8,39,50,58,69,58.00000000000027,6,58.000000000000455,26.745137929916382,2
707,graficon37nodi/grafo6796.37,8,37,49,57,69,76.0,7,76.0,2.590115785598755,2
708,graficon33nodi/grafo5872.33,8,33,39,57,63,23.0,2,23.000000000000004,4.694525480270386,2
709,graficon36nodi/grafo6071.36,8,36,43,59,66,36.99999999999998,3,36.99999999999999,2.958369731903076,2
710,graficon36nodi/grafo2465.36,8,36,44,58,66,66.9999999999915,5,66.99999999999145,0.8052718639373779,2
711,graficon38nodi/grafo7362.38,8,38,44,59,65,33.999999539628206,3,34.00000139461565,7.952744722366333,2
712,graficon38nodi/grafo7290.38,8,38,47,58,67,62.0,8,62.0,4.438731908798218,2
713,graficon42nodi/grafo3239.42,8,42,48,56,62,58.999999999999815,4,58.999999999999815,3.260037660598755,2
714,graficon44nodi/grafo3040.44,8,44,50,59,65,44.00000000000046,5,43.999999999999964,3.713836193084717,2
715,graficon39nodi/grafo11577.39,8,39,49,55,65,68.0,9,68.0,1.160228967666626,2
716,graficon40nodi/grafo4081.40,8,40,46,56,62,57.99999999999982,13,57.99999999999985,206.1948914527893,2
717,graficon42nodi/grafo6381.42,8,42,50,59,67,46.0,4,46.0,2.3360543251037598,2
718,graficon41nodi/grafo10067.41,8,41,47,58,64,37.99999999999959,3,37.99999999999959,2.1329758167266846,2
719,graficon37nodi/grafo11622.37,8,37,49,59,71,43.99999999999996,5,44.00000000000013,6.913032054901123,2
720,graficon32nodi/grafo1992.32,8,32,36,57,61,28.000000000000032,2,28.000000000000032,6.149917840957642,2
721,graficon38nodi/grafo6467.38,8,38,43,59,64,27.99999999999997,2,27.99999999999997,2.5545668601989746,2
722,graficon40nodi/grafo6922.40,8,40,47,59,66,51.000000000000796,5,51.000000000000966,11.175813913345337,2
723,graficon34nodi/grafo5303.34,8,34,44,59,69,38.00000000000006,2,38.0000000000001,6.00926399230957,2
724,graficon34nodi/grafo11396.34,8,34,35,55,56,16.999999001799022,0,16.999999001799097,4.59154486656189,2
725,graficon39nodi/grafo5122.39,8,39,51,59,71,84.00000000000004,16,84.00000000000001,26.312026500701904,2
726,graficon42nodi/grafo6223.42,8,42,45,59,62,34.00000000000007,2,34.00000000000007,4.1241559982299805,2
727,graficon40nodi/grafo2627.40,8,40,49,56,65,47.99999999999949,7,48.00000000000246,6.822221517562866,2
728,graficon41nodi/grafo6876.41,8,41,50,58,67,53.0,5,53.0,4.24991512298584,2
729,graficon35nodi/grafo11548.35,8,35,46,55,66,73.99999101062566,20,73.9999948822924,86.7547070980072,2
730,graficon31nodi/grafo1637.31,8,31,41,56,66,59.0,11,59.0,10.162010192871094,2
731,graficon38nodi/grafo3437.38,8,38,45,57,64,46.999999999999474,9,47.000000000001165,7.693267583847046,2
732,graficon35nodi/grafo10135.35,8,35,43,55,63,48.0,7,48.0,4.184938669204712,2
733,graficon38nodi/grafo2960.38,8,38,48,56,66,55.0,14,55.00000000000012,35.0201473236084,2
734,graficon35nodi/grafo3720.35,8,35,46,59,70,68.00000000000009,6,68.00000000000013,6.048685073852539,2
735,graficon36nodi/grafo6233.36,8,36,47,56,67,48.999999999999446,8,48.99999999999963,3.009028434753418,2
736,graficon24nodi/grafo1966.24,8,24,34,58,68,46.0,2,46.0,1.7113378047943115,2
737,graficon38nodi/grafo3681.38,8,38,48,56,66,55.999999999999915,6,56.0000000000001,7.050527572631836,2
738,graficon36nodi/grafo5970.36,8,36,46,57,67,76.0,11,76.0,19.441895246505737,2
739,graficon26nodi/grafo1272.26,8,26,34,56,64,52.999999999999545,1,53.0,4.2861480712890625,2
740,graficon32nodi/grafo2968.32,8,32,41,55,64,55.0,8,55.0,0.3682253360748291,2
741,graficon34nodi/grafo5917.34,8,34,41,58,65,22.999999999999883,2,23.0,0.11963319778442383,2
742,graficon35nodi/grafo11344.35,8,35,40,55,60,29.0,3,29.0,4.0248517990112305,2
743,graficon47nodi/grafo1531.47,8,47,54,58,65,60.00000000000003,2,60.0000000000003,6.418433666229248,2
744,graficon36nodi/grafo5264.36,8,36,41,59,64,27.0,0,27.0,1.5003578662872314,2
745,graficon36nodi/grafo7306.36,8,36,48,55,67,108.99999169780669,33,108.99999907692387,600.417245388031,9
746,graficon34nodi/grafo3124.34,8,34,43,56,65,69.00000000000036,8,69.00000000000034,4.444358825683594,2
747,graficon35nodi/grafo11633.35,8,35,46,56,67,51.99999999999898,7,52.0,7.742303848266602,2
748,graficon40nodi/grafo6115.40,8,40,46,57,63,39.0,5,39.0,3.593672513961792,2
749,graficon37nodi/grafo3554.37,8,37,41,57,61,26.0,0,26.0,1.7410361766815186,2
750,graficon36nodi/grafo10229.36,8,36,46,58,68,48.0,5,48.0,2.2461814880371094,2
751,graficon33nodi/grafo598.33,8,33,49,63,79,103.99999861530841,25,104.00000000000037,600.3086142539978,9
752,graficon44nodi/grafo7435.44,8,44,53,63,72,45.00000000000008,4,45.00000000000008,3.408968687057495,2
753,graficon40nodi/grafo6485.40,8,40,51,62,73,53.99999999999955,16,53.99999999999966,48.15675735473633,2
754,graficon35nodi/grafo6035.35,8,35,50,61,76,81.99999999999969,9,81.99999999999974,8.554092168807983,2
755,graficon38nodi/grafo7531.38,8,38,44,61,67,35.0,3,35.0,1.6135976314544678,2
756,graficon37nodi/grafo11473.37,8,37,42,61,66,31.000000000000014,1,31.00000000000003,6.86906361579895,2
757,graficon33nodi/grafo5821.33,8,33,43,62,72,39.0,4,39.0,12.010003566741943,2
758,graficon39nodi/grafo5308.39,8,39,49,64,74,53.000000000000234,7,53.000000000000426,13.08816385269165,2
759,graficon33nodi/grafo10454.33,8,33,41,61,69,40.0,3,40.0,0.3134298324584961,2
760,graficon42nodi/grafo7704.42,8,42,51,63,72,56.000000000000014,11,56.000000000000014,32.9106502532959,2
761,graficon33nodi/grafo2654.33,8,33,49,64,80,94.00000000000017,15,94.00000000000017,39.375943422317505,2
762,graficon36nodi/grafo11077.36,8,36,40,63,67,31.999999999999996,1,32.0,0.13433051109313965,2
763,graficon37nodi/grafo5888.37,8,37,50,60,73,44.0,9,44.0,2.686537027359009,2
764,graficon33nodi/grafo10732.33,8,33,37,60,64,30.999999999999176,1,30.999999999999176,5.318225622177124,2
765,graficon25nodi/grafo2301.25,8,25,37,61,73,58.00000000000008,1,58.00000000000045,0.16949129104614258,2
766,graficon43nodi/grafo7428.43,8,43,52,60,69,52.999999999999986,6,53.000000000000014,4.500244379043579,2
767,graficon32nodi/grafo2991.32,8,32,43,61,72,73.0,6,73.0,1.3508689403533936,2
768,graficon41nodi/grafo3498.41,8,41,53,63,75,71.00000000000037,14,71.00000000000047,113.97254395484924,2
769,graficon36nodi/grafo11414.36,8,36,47,62,73,52.999999999999616,9,53.00000000000029,2.7715632915496826,2
770,graficon35nodi/grafo10841.35,8,35,45,62,72,63.00000000000037,9,63.00000000000056,12.72463083267212,2
771,graficon38nodi/grafo2959.38,8,38,48,61,71,48.00000000000054,7,48.00000000000071,4.500150442123413,2
772,graficon30nodi/grafo359.30,8,30,37,60,67,30.00000000000018,4,30.000000000000252,3.6837103366851807,2
773,graficon37nodi/grafo1555.37,8,37,48,61,72,61.00000000000005,16,61.00000000000009,141.80122876167297,2
774,graficon37nodi/grafo2398.37,8,37,47,64,74,51.00000000000001,11,51.00000000000001,30.38602614402771,2
775,graficon40nodi/grafo2729.40,8,40,46,64,70,45.00000000000017,4,45.000000000000234,5.336238861083984,2
776,graficon42nodi/grafo3325.42,8,42,52,64,74,54.99999999999991,5,54.9999999999999,2.7508862018585205,2
777,graficon36nodi/grafo10462.36,8,36,40,61,65,23.0,0,23.0,2.0450611114501953,2
778,graficon39nodi/grafo7630.39,8,39,46,62,69,44.000000000000206,8,44.000000000000384,12.963431358337402,2
779,graficon30nodi/grafo2012.30,8,30,46,64,80,106.0,17,106.0,29.801952123641968,2
780,graficon48nodi/grafo1669.48,8,48,59,62,73,103.0,15,103.0,600.5214323997498,9
781,graficon40nodi/grafo3116.40,8,40,47,64,71,63.99999999999986,5,64.00000000000003,6.229086875915527,2
782,graficon41nodi/grafo4047.41,8,41,48,63,70,45.0,1,45.0,5.899078369140625,2
783,graficon44nodi/grafo3971.44,8,44,48,64,68,38.99999999999985,2,39.0,5.131700038909912,2
784,graficon36nodi/grafo6093.36,8,36,43,63,70,37.0,7,37.0,0.971606969833374,2
785,graficon39nodi/grafo6244.39,8,39,52,64,77,77.00000000000004,13,77.00000000000003,64.79708075523376,2
786,graficon34nodi/grafo5991.34,8,34,41,60,67,36.0000000000004,2,36.00000000000336,0.3649594783782959,2
787,graficon38nodi/grafo5998.38,8,38,44,60,66,49.0,1,49.0,2.904484272003174,2
788,graficon32nodi/grafo5807.32,8,32,41,64,73,37.0,2,37.0,0.2267599105834961,2
789,graficon29nodi/grafo2811.29,8,29,40,62,73,56.0,9,56.0,9.09631896018982,2
790,graficon33nodi/grafo11643.33,8,33,37,60,64,30.999999999999176,1,30.999999999999176,5.222921848297119,2
791,graficon45nodi/grafo7711.45,8,45,53,64,72,46.99999999999966,3,46.99999999999978,13.47985315322876,2
792,graficon35nodi/grafo3483.35,8,35,41,61,67,32.00000000000013,4,32.00000000000035,2.285048723220825,2
793,graficon37nodi/grafo7410.37,8,37,51,61,75,52.00000000000002,16,52.00000000000003,23.669728755950928,2
794,graficon39nodi/grafo3792.39,8,39,49,61,71,54.0,7,54.0,10.113269805908203,2
795,graficon46nodi/grafo7281.46,8,46,54,61,69,50.000000000000185,9,50.000000000000156,5.098062515258789,2
796,graficon41nodi/grafo7033.41,8,41,48,60,67,53.99999940110114,8,54.00000000000155,19.429474353790283,2
797,graficon37nodi/grafo6905.37,8,37,48,63,74,66.00000000000003,12,66.00000000000003,92.18284320831299,2
798,graficon33nodi/grafo1668.33,8,33,41,63,71,40.00000000000027,6,40.0000000000004,2.9971535205841064,2
799,graficon43nodi/grafo4042.43,8,43,47,60,64,36.0,0,36.0,2.6749932765960693,2
800,graficon37nodi/grafo3728.37,8,37,47,63,73,53.99999999999985,6,53.99999999999986,11.037103176116943,2
801,graficon37nodi/grafo6219.37,8,37,45,62,70,53.00000000000027,4,53.00000000000034,5.656035900115967,2
802,graficon37nodi/grafo2761.37,8,37,45,60,68,46.0,5,46.0,1.8425724506378174,2
803,graficon35nodi/grafo6010.35,8,35,44,60,69,46.00000000000026,8,46.00000000000033,4.3532140254974365,2
804,graficon41nodi/grafo5637.41,8,41,49,61,69,55.00000000000002,5,55.00000000000003,19.735581398010254,2
805,graficon36nodi/grafo5783.36,8,36,46,62,72,51.00000000000036,6,51.00000000000053,8.67995548248291,2
806,graficon42nodi/grafo5250.42,8,42,51,64,73,61.99999999999853,7,62.00000000000057,5.860914707183838,2
807,graficon38nodi/grafo11452.38,8,38,50,62,74,70.00000000000003,18,69.99999999999999,65.23292851448059,2
808,graficon41nodi/grafo11172.41,8,41,51,62,72,70.0000000000023,8,70.0000000000023,5.919332504272461,2
809,graficon37nodi/grafo7650.37,8,37,52,63,78,81.0,9,81.0,4.654724597930908,2
810,graficon33nodi/grafo11527.33,8,33,40,62,69,38.999999999999986,3,39.0,3.7956671714782715,2
811,graficon40nodi/grafo6142.40,8,40,49,64,73,58.999999999999886,8,59.00000000000096,4.827415943145752,2
812,graficon36nodi/grafo5809.36,8,36,45,63,72,63.99999813809544,8,64.00000186190334,8.64335823059082,2
813,graficon40nodi/grafo5426.40,8,40,50,62,72,96.99999999999903,15,97.00000000000267,384.9139289855957,2
814,graficon34nodi/grafo3076.34,8,34,39,61,66,28.000000000000554,2,28.000000000003546,2.06018328666687,2
815,graficon39nodi/grafo7374.39,8,39,51,62,74,63.999998999999534,18,63.999999000000656,157.43834686279297,2
816,graficon40nodi/grafo7706.40,8,40,51,60,71,65.0,15,65.00000000000006,25.78130865097046,2
817,graficon44nodi/grafo3602.44,8,44,53,62,71,86.00000000000097,13,86.00000000000134,34.70677590370178,2
818,graficon43nodi/grafo7484.43,8,43,49,63,69,53.00000000000037,4,53.00000000000055,10.984208822250366,2
819,graficon37nodi/grafo11410.37,8,37,45,64,72,41.000000000000114,4,41.00000000000021,2.3576149940490723,2
820,graficon35nodi/grafo6104.35,8,35,40,63,68,33.0,1,33.0,12.736800909042358,2
821,graficon36nodi/grafo5360.36,8,36,44,62,70,40.00000000000001,6,40.00000000000001,3.427353858947754,2
822,graficon38nodi/grafo5222.38,8,38,43,62,67,34.999999091268876,3,35.00000000000055,8.340558052062988,2
823,graficon36nodi/grafo11309.36,8,36,46,61,71,57.99999999999997,13,57.99999999999999,110.77604603767395,2
824,graficon36nodi/grafo5457.36,8,36,43,61,68,28.99999999999986,4,28.99999999999998,0.24962711334228516,2
825,graficon37nodi/grafo7092.37,8,37,47,61,71,68.99999999999994,18,69.0,196.02305102348328,2
826,graficon38nodi/grafo1999.38,8,38,45,68,75,41.000000000000085,2,41.00000000000017,5.583729982376099,2
827,graficon38nodi/grafo7684.38,8,38,54,68,84,94.99999999999949,16,94.99999999999949,78.12748908996582,2
828,graficon43nodi/grafo3669.43,8,43,52,67,76,78.0,6,78.00000000000034,6.0981762409210205,2
829,graficon40nodi/grafo11665.40,8,40,48,68,76,44.99999999999994,9,44.99999999999991,19.974466562271118,2
830,graficon39nodi/grafo10234.39,8,39,51,69,81,53.0,14,53.000000000000036,19.051104068756104,2
831,graficon40nodi/grafo6382.40,8,40,52,65,77,70.00000000000003,13,70.00000000000011,77.34894251823425,2
832,graficon44nodi/grafo7013.44,8,44,53,69,78,40.99999999999996,1,40.99999999999997,2.6136634349823,2
833,graficon37nodi/grafo3341.37,8,37,50,66,79,84.0,13,84.0,46.74622297286987,2
834,graficon40nodi/grafo5504.40,8,40,53,66,79,60.0,11,60.0,124.18877220153809,2
835,graficon44nodi/grafo1219.44,8,44,48,66,70,29.999999999999993,0,30.0,1.741729974746704,2
836,graficon29nodi/grafo3034.29,8,29,40,65,76,66.99999999999964,4,67.00000000000018,14.18119192123413,2
837,graficon44nodi/grafo3831.44,8,44,52,67,75,68.00000000000117,8,68.00000000000193,13.298808574676514,2
838,graficon35nodi/grafo3068.35,8,35,50,67,82,87.00000000000003,17,87.00000000000023,54.51947617530823,2
839,graficon40nodi/grafo9898.40,8,40,50,68,78,46.99999999999984,9,46.99999999999999,10.523534297943115,2
840,graficon37nodi/grafo6847.37,8,37,47,67,77,56.0,2,56.0,3.4661262035369873,2
841,graficon40nodi/grafo5327.40,8,40,47,68,75,38.000000000000085,4,38.000000000000185,2.7640299797058105,2
842,graficon44nodi/grafo6266.44,8,44,60,68,84,97.99999862616798,25,98.00000059382631,375.0544786453247,2
843,graficon39nodi/grafo6848.39,8,39,52,67,80,68.0,8,68.0,0.7024528980255127,2
844,graficon30nodi/grafo2030.30,8,30,44,66,80,85.00000000000037,15,85.00000000000077,74.96664500236511,2
845,graficon40nodi/grafo6167.40,8,40,57,66,83,112.99999626666417,24,112.99999906666933,270.0624198913574,2
846,graficon39nodi/grafo2148.39,8,39,45,67,73,38.99999999999993,3,39.000000000001094,7.3470377922058105,2
847,graficon36nodi/grafo3734.36,8,36,46,67,77,72.99999966666611,6,73.00000066666728,18.68948984146118,2
848,graficon39nodi/grafo5789.39,8,39,58,69,88,78.0,26,78.0,262.2780251502991,2
849,graficon29nodi/grafo1284.29,8,29,40,65,76,71.99999999999963,6,72.00000000000054,6.237925291061401,2
850,graficon45nodi/grafo7024.45,8,45,50,65,70,35.000000000000085,5,35.000000000000135,8.414845943450928,2
851,graficon33nodi/grafo5203.33,8,33,41,68,76,30.0,5,30.0,7.516870021820068,2
852,graficon34nodi/grafo6218.34,8,34,40,65,71,36.0,3,36.0,2.4625251293182373,2
853,graficon43nodi/grafo7073.43,8,43,51,69,77,39.999999999999694,7,39.99999999999983,6.278449773788452,2
854,graficon42nodi/grafo5867.42,8,42,52,69,79,71.0,13,71.0,116.86040186882019,2
855,graficon36nodi/grafo7509.36,8,36,45,69,78,46.999999999996504,6,47.0000000000072,19.78257703781128,2
856,graficon37nodi/grafo7743.37,8,37,55,68,86,87.99999195236386,23,87.99999952964882,318.1545579433441,2
857,graficon44nodi/grafo6915.44,8,44,58,68,82,78.0,18,78.0,78.14576625823975,2
858,graficon40nodi/grafo7570.40,8,40,52,68,80,52.999999999999474,15,53.00000000000071,23.104361057281494,2
859,graficon33nodi/grafo5787.33,8,33,40,66,73,28.999999999999822,2,28.99999999999995,2.360572576522827,2
860,graficon34nodi/grafo11517.34,8,34,44,69,79,50.0000000000003,5,50.000000000001094,10.084591627120972,2
861,graficon49nodi/grafo1560.49,8,49,59,68,78,72.00000000000057,9,72.00000000000074,12.690214157104492,2
862,graficon47nodi/grafo3121.47,8,47,54,65,72,51.99999949999783,3,51.99999949999921,9.409368515014648,2
863,graficon38nodi/grafo2052.38,8,38,50,67,79,62.0,15,62.0,19.015997409820557,2
864,graficon41nodi/grafo3794.41,8,41,52,65,76,58.999999999999986,19,58.99999999999999,114.32772445678711,2
865,graficon38nodi/grafo3964.38,8,38,48,69,79,71.99999999999994,6,71.99999999999997,6.2406017780303955,2
866,graficon39nodi/grafo7264.39,8,39,51,67,79,74.99999984879238,22,75.00000000000311,527.9739859104156,2
867,graficon38nodi/grafo3752.38,8,38,46,65,73,53.0,4,53.00000000000035,8.702438831329346,2
868,graficon37nodi/grafo3576.37,8,37,49,69,81,79.0,14,79.0,110.25910353660583,2
869,graficon38nodi/grafo5949.38,8,38,50,66,78,74.99999981425802,4,74.99999981425808,12.712260484695435,2
870,graficon29nodi/grafo2639.29,8,29,43,67,81,89.99999999999909,6,90.0000000000009,5.638920545578003,2
871,graficon38nodi/grafo11575.38,8,38,46,66,74,51.0,12,51.00000000000003,40.50249099731445,2
872,graficon38nodi/grafo3321.38,8,38,53,66,81,94.00000000000003,17,94.00000000000007,17.368004083633423,2
873,graficon31nodi/grafo1429.31,8,31,45,65,79,78.00000000000034,15,78.00000000000065,145.95274090766907,2
874,graficon38nodi/grafo4013.38,8,38,49,67,78,52.99999999999958,9,52.99999999999999,8.971492290496826,2
875,graficon28nodi/grafo1339.28,8,28,41,67,80,84.0,16,84.0,38.55694913864136,2
876,graficon35nodi/grafo2020.35,8,35,43,68,76,34.0,1,34.0,1.4531269073486328,2
877,graficon40nodi/grafo7409.40,8,40,48,65,73,49.99999999999997,5,49.99999999999997,4.315661907196045,2
878,graficon42nodi/grafo6141.42,8,42,53,68,79,65.99999999999986,13,66.00000000000017,63.74011039733887,2
879,graficon38nodi/grafo3932.38,8,38,48,69,79,54.9999999999997,5,55.00000000000029,11.741626024246216,2
880,graficon38nodi/grafo2986.38,8,38,50,67,79,78.99999999999999,18,78.99999999999999,145.08057522773743,2
881,graficon42nodi/grafo5771.42,8,42,51,68,77,50.00000000000002,5,50.000000000000085,5.0989227294921875,2
882,graficon45nodi/grafo7734.45,8,45,55,68,78,61.99999941376054,14,62.0000001436714,93.78117084503174,2
883,graficon42nodi/grafo3094.42,8,42,49,69,76,48.00000000000011,2,48.00000000000022,13.45335054397583,2
884,graficon38nodi/grafo819.38,8,38,49,68,79,73.00000000000031,14,73.00000000000072,63.01037526130676,2
885,graficon39nodi/grafo6923.39,8,39,48,67,76,60.99999545454557,11,60.999995454545676,429.4437577724457,2
886,graficon33nodi/grafo10400.33,8,33,38,68,73,27.99999999999993,1,27.999999999999964,0.2393343448638916,2
887,graficon36nodi/grafo11346.36,8,36,49,69,82,61.0,13,60.99999999999999,33.19031381607056,2
888,graficon39nodi/grafo11565.39,8,39,45,65,71,31.00000000000029,4,31.00000000000059,4.723114728927612,2
889,graficon50nodi/grafo1494.50,8,50,57,68,75,68.00000000000006,9,68.00000000000006,18.631690740585327,2
890,graficon38nodi/grafo10455.38,8,38,42,67,71,26.0,1,26.0,1.9016368389129639,2
891,graficon38nodi/grafo9852.38,8,38,48,66,76,59.00000000000002,7,59.000000000000036,3.093740940093994,2
892,graficon45nodi/grafo5975.45,8,45,52,66,73,65.0,5,65.0,8.031174898147583,2
893,graficon39nodi/grafo4061.39,8,39,47,69,77,46.00000000000014,5,46.00000000000021,5.222233295440674,2
894,graficon40nodi/grafo6955.40,8,40,52,69,81,68.99999900699513,8,69.0000000000011,10.229931831359863,2
895,graficon41nodi/grafo7624.41,8,41,54,69,82,90.99999999999253,12,91.00000000000652,36.82560920715332,2
896,graficon35nodi/grafo6116.35,8,35,43,69,77,39.00000000000004,5,39.000000000000114,5.705019950866699,2
897,graficon51nodi/grafo1404.51,8,51,70,69,88,127.00000000000004,41,127.00000000000055,600.3184564113617,9
898,graficon36nodi/grafo7553.36,8,36,52,69,85,85.99999999999997,16,86.0,40.91404914855957,2
899,graficon40nodi/grafo3711.40,8,40,53,68,81,70.0,3,70.0,2.3325164318084717,2
900,graficon37nodi/grafo2099.37,8,37,44,69,76,36.99999999999966,0,37.00000000000046,1.9935603141784668,2
901,graficon40nodi/grafo3916.40,8,40,51,71,82,75.0,6,75.0,4.756734371185303,2
902,graficon39nodi/grafo227.39,8,39,47,72,80,49.000000000000156,4,49.0000000000002,4.682861328125,2
903,graficon44nodi/grafo7217.44,8,44,53,70,79,62.000000000000014,7,62.00000000000001,4.9997358322143555,2
904,graficon35nodi/grafo10277.35,8,35,45,71,81,67.99999999999994,8,68.00000000000014,13.12242603302002,2
905,graficon37nodi/grafo2678.37,8,37,45,74,82,39.99999999999997,2,39.99999999999997,2.482043743133545,2
906,graficon44nodi/grafo3432.44,8,44,55,72,83,72.9999999999999,9,72.99999999999991,4.186546564102173,2
907,graficon43nodi/grafo7404.43,8,43,55,73,85,76.9999999999961,9,77.00000000000385,6.047749280929565,2
908,graficon47nodi/grafo6168.47,8,47,50,70,73,32.99999999999999,1,33.0,6.952080726623535,2
909,graficon44nodi/grafo5590.44,8,44,49,72,77,31.0,1,31.0,1.7854037284851074,2
910,graficon37nodi/grafo3954.37,8,37,50,70,83,70.00000000000024,13,70.00000000000048,79.24771237373352,2
911,graficon40nodi/grafo490.40,8,40,45,71,76,28.99999999999993,1,28.999999999999964,1.6180436611175537,2
912,graficon38nodi/grafo3708.38,8,38,53,74,89,96.0,8,96.00000000000001,4.670045375823975,2
913,graficon34nodi/grafo10511.34,8,34,41,71,78,39.99999999999999,3,40.0,0.27281689643859863,2
914,graficon39nodi/grafo11357.39,8,39,48,71,80,48.999999004992915,8,48.9999990050008,9.978069305419922,2
915,graficon49nodi/grafo6373.49,8,49,56,73,80,66.99999999999994,11,66.99999999999991,54.68951892852783,2
916,graficon41nodi/grafo7372.41,8,41,55,71,85,120.9999985646947,15,121.00000000000026,321.96392130851746,2
917,graficon47nodi/grafo3806.47,8,47,52,71,76,46.00000000000017,3,46.00000000000016,10.114568948745728,2
918,graficon40nodi/grafo7285.40,8,40,56,70,86,105.99999999999906,22,105.99999999999997,252.43239784240723,2
919,graficon36nodi/grafo5124.36,8,36,43,70,77,54.0,4,54.0,1.166494369506836,2
920,graficon38nodi/grafo3457.38,8,38,43,70,75,28.0,1,28.0,0.19283223152160645,2
921,graficon40nodi/grafo3539.40,8,40,57,72,89,88.00000000000009,22,88.00000000000045,348.7788050174713,2
922,graficon39nodi/grafo3391.39,8,39,61,71,93,123.99999999999879,40,123.99999999999906,600.3101007938385,9
923,graficon38nodi/grafo6480.38,8,38,50,70,82,69.99999999999989,12,69.99999999999983,25.743699312210083,2
924,graficon42nodi/grafo3820.42,8,42,52,70,80,52.99999999999982,5,52.99999999999982,4.450621604919434,2
925,graficon40nodi/grafo11283.40,8,40,52,74,86,65.0,12,65.0,48.975141286849976,2
926,graficon48nodi/grafo1535.48,8,48,53,72,77,31.000000000000036,1,31.000000000000256,14.876514434814453,2
927,graficon44nodi/grafo11640.44,8,44,59,73,88,84.00000000000078,16,84.0000000000011,63.11507439613342,2
928,graficon30nodi/grafo1810.30,8,30,40,73,83,41.0000000000003,4,41.000000000000945,4.992854356765747,2
929,graficon38nodi/grafo10767.38,8,38,50,72,84,79.99999999999936,7,79.99999999999937,5.61748480796814,2
930,graficon39nodi/grafo10062.39,8,39,44,74,79,40.9999999999999,5,40.9999999999999,4.7761383056640625,2
931,graficon42nodi/grafo6171.42,8,42,59,73,90,95.0,19,95.00000000000001,185.35296511650085,2
932,graficon41nodi/grafo7074.41,8,41,50,72,81,46.99999999999977,1,47.00000000000017,14.658263921737671,2
933,graficon42nodi/grafo6304.42,8,42,55,73,86,98.00000000000078,14,98.00000000000158,141.18427729606628,2
934,graficon43nodi/grafo3801.43,8,43,52,70,79,50.99999999999882,5,50.99999999999942,4.5142292976379395,2
935,graficon40nodi/grafo3538.40,8,40,46,72,78,45.00000000000003,3,45.000000000000156,3.5561060905456543,2
936,graficon38nodi/grafo10567.38,8,38,47,74,83,61.999999999996604,9,62.0000000000014,9.575824499130249,2
937,graficon37nodi/grafo3445.37,8,37,46,73,82,35.999999999999005,7,35.99999999999902,3.370734214782715,2
938,graficon37nodi/grafo11122.37,8,37,44,74,81,40.99999999999991,7,40.999999999999964,13.509649515151978,2
939,graficon35nodi/grafo3499.35,8,35,47,70,82,62.99999950071096,9,63.00000000000033,6.776708602905273,2
940,graficon42nodi/grafo7296.42,8,42,56,73,87,78.0,12,78.0,26.77152371406555,2
941,graficon38nodi/grafo10027.38,8,38,50,74,86,69.00000000000016,9,69.00000000000036,7.229834794998169,2
942,graficon40nodi/grafo6207.40,8,40,52,72,84,57.99998542063584,12,58.00000396069637,124.83415150642395,2
943,graficon35nodi/grafo3006.35,8,35,44,70,79,45.00000000000034,3,45.00000000000049,3.7738521099090576,2
944,graficon56nodi/grafo5979.56,8,56,69,72,85,116.99998605568524,23,116.99999796195583,600.4858152866364,9
945,graficon39nodi/grafo7283.39,8,39,50,74,85,78.00000000000013,12,78.00000000000011,38.76503562927246,2
946,graficon40nodi/grafo3229.40,8,40,48,74,82,47.000000000000284,3,47.00000000000041,3.8754665851593018,2
947,graficon37nodi/grafo2528.37,8,37,50,70,83,65.99999974999994,6,66.00000000000085,8.412737607955933,2
948,graficon40nodi/grafo2963.40,8,40,49,70,79,67.00000000000054,7,67.00000000000063,4.352889060974121,2
949,graficon37nodi/grafo11238.37,8,37,47,70,80,55.99999535714309,5,55.99999814285771,5.221980810165405,2
950,graficon34nodi/grafo5693.34,8,34,46,73,85,54.99999999999943,5,54.99999999999943,4.4298176765441895,2
951,graficon45nodi/grafo5623.45,8,45,55,74,84,76.00000000000038,2,76.00000000000038,13.265503883361816,2
952,graficon38nodi/grafo1157.38,8,38,48,73,83,47.000000000000135,5,47.00000000000034,3.4679973125457764,2
953,graficon36nodi/grafo9862.36,8,36,51,74,89,60.99999999999996,11,61.000000000000014,31.255094051361084,2
954,graficon39nodi/grafo10505.39,8,39,52,70,83,74.00000000000037,13,74.0000000000006,19.120317697525024,2
955,graficon34nodi/grafo9934.34,8,34,40,73,79,23.0,0,23.0,0.08136415481567383,2
956,graficon42nodi/grafo7692.42,8,42,54,74,86,52.0,9,52.000000000000114,4.548356771469116,2
957,graficon41nodi/grafo7635.41,8,41,53,71,83,83.99999999999991,23,83.99999999999991,600.2948062419891,9
958,graficon39nodi/grafo3849.39,8,39,50,71,82,79.00000000000003,9,79.00000000000001,10.741013050079346,2
959,graficon40nodi/grafo3287.40,8,40,52,71,83,63.0000000000005,12,63.000000000000774,42.64765548706055,2
960,graficon56nodi/grafo7164.56,8,56,68,70,82,72.99999999999947,9,72.9999999999996,11.711635112762451,2
961,graficon43nodi/grafo7403.43,8,43,57,70,84,90.0,24,90.0,293.22354912757874,2
962,graficon39nodi/grafo6476.39,8,39,50,73,84,47.00000000000003,15,47.00000000000005,60.37402129173279,2
963,graficon41nodi/grafo5344.41,8,41,52,73,84,53.99999999999998,8,53.999999999999986,1.724973440170288,2
964,graficon35nodi/grafo7560.35,8,35,45,72,82,49.000000000000114,5,49.000000000000234,3.1851003170013428,2
965,graficon39nodi/grafo11552.39,8,39,47,71,79,60.00000000000027,4,60.00000000000034,7.074955940246582,2
966,graficon42nodi/grafo3865.42,8,42,56,73,87,68.00000000000026,16,68.00000000000036,51.874284744262695,2
967,graficon46nodi/grafo1581.46,8,46,52,71,77,41.00000000000037,2,41.00000000000078,3.988307476043701,2
968,graficon38nodi/grafo7187.38,8,38,52,74,88,103.99999903595608,19,104.00000000000219,289.57131934165955,2
969,graficon57nodi/grafo5041.57,8,57,63,74,80,65.99999524999998,4,65.99999524999998,69.93119812011719,2
970,graficon37nodi/grafo7512.37,8,37,45,71,79,58.99999999999999,2,59.00000000000007,4.131546497344971,2
971,graficon39nodi/grafo7479.39,8,39,53,70,84,92.00000000000016,14,92.00000000000033,134.55329203605652,2
972,graficon46nodi/grafo5905.46,8,46,56,74,84,71.9999999999999,7,72.0000000000001,8.000985622406006,2
973,graficon40nodi/grafo3387.40,8,40,53,74,87,72.99999999999955,16,72.99999999999983,314.9155123233795,2
974,graficon38nodi/grafo3915.38,8,38,44,71,77,45.99999999999999,2,46.0,10.857924699783325,2
975,graficon37nodi/grafo11479.37,8,37,44,73,80,39.0,6,39.00000000000126,4.041645765304565,2
976,graficon36nodi/grafo2504.36,8,36,49,76,89,69.99999999999348,9,69.9999999999958,4.979934930801392,2
977,graficon30nodi/grafo3011.30,8,30,41,76,87,60.0000000000005,4,60.00000000000077,4.497830390930176,2
978,graficon39nodi/grafo2310.39,8,39,59,77,97,114.0000000000002,23,114.0000000000004,167.38288593292236,2
979,graficon40nodi/grafo365.40,8,40,47,76,83,43.00000000000013,4,43.00000000000011,5.179546594619751,2
980,graficon41nodi/grafo5534.41,8,41,49,77,85,41.99999999999876,5,41.99999999999982,7.0120508670806885,2
981,graficon36nodi/grafo5632.36,8,36,43,76,83,43.0000000000004,5,43.00000000000066,10.582608461380005,2
982,graficon42nodi/grafo3895.42,8,42,55,79,92,90.0,24,90.0,223.94311118125916,2
983,graficon40nodi/grafo7534.40,8,40,54,76,90,111.9999999999999,16,111.99999999999993,36.19742488861084,2
984,graficon38nodi/grafo11163.38,8,38,50,77,89,77.00000000000006,15,77.00000000000009,29.39503765106201,2
985,graficon36nodi/grafo5700.36,8,36,49,78,91,73.0000000000005,12,73.00000000000055,57.045785903930664,2
986,graficon41nodi/grafo7150.41,8,41,52,75,86,54.0,8,54.0,0.844029426574707,2
987,graficon38nodi/grafo9909.38,8,38,48,77,87,62.0000000000001,8,62.000000000000185,9.85101580619812,2
988,graficon41nodi/grafo6152.41,8,41,56,75,90,75.99999650085603,13,75.99999850000412,42.68623900413513,2
989,graficon44nodi/grafo3924.44,8,44,53,75,84,50.99999999999858,8,50.99999999999872,5.746945142745972,2
990,graficon38nodi/grafo5880.38,8,38,52,76,90,82.0,13,82.0,45.226776123046875,2
991,graficon31nodi/grafo1257.31,8,31,50,76,95,115.99998752729358,24,115.99999305147826,600.2559745311737,9
992,graficon40nodi/grafo9929.40,8,40,56,77,93,81.0,20,81.0,64.54804229736328,2
993,graficon43nodi/grafo7444.43,8,43,55,77,89,75.00000000000021,16,75.00000000000043,62.322166204452515,2
994,graficon33nodi/grafo1975.33,8,33,46,77,90,57.0000000000006,9,57.000000000001094,6.512635946273804,2
995,graficon44nodi/grafo5982.44,8,44,57,79,92,81.00000000000001,13,81.00000000000003,164.32196879386902,2
996,graficon49nodi/grafo1353.49,8,49,54,76,81,47.00000000000004,3,47.00000000000013,69.11154675483704,2
997,graficon36nodi/grafo3379.36,8,36,44,75,83,44.00000000000007,1,44.00000000000024,1.5954616069793701,2
998,graficon37nodi/grafo5904.37,8,37,50,77,90,60.0,11,60.0,94.77498769760132,2
999,graficon37nodi/grafo3837.37,8,37,52,75,90,110.9999962083339,14,110.99999527083415,102.79972839355469,2
1000,graficon42nodi/grafo6032.42,8,42,51,76,85,46.999999999999815,5,46.99999999999987,21.351420164108276,2
1001,graficon40nodi/grafo7544.40,8,40,53,75,88,90.00000000000023,4,90.0000000000004,9.202100038528442,2
1002,graficon38nodi/grafo7305.38,8,38,53,76,91,85.00000000000033,18,85.00000000000072,117.57755494117737,2
1003,graficon48nodi/grafo7046.48,8,48,54,76,82,55.00000000000033,2,55.00000000000042,5.501500606536865,2
1004,graficon47nodi/grafo3232.47,8,47,55,77,85,45.00000000000013,4,45.00000000000021,3.762847900390625,2
1005,graficon40nodi/grafo3885.40,8,40,51,75,86,63.99999999999931,6,64.0000000000001,8.508485317230225,2
1006,graficon43nodi/grafo6858.43,8,43,61,77,95,114.00000000000007,20,114.00000000000037,66.17508935928345,2
1007,graficon43nodi/grafo5298.43,8,43,56,76,89,73.0,12,73.0,26.01717710494995,2
1008,graficon37nodi/grafo11609.37,8,37,44,77,84,40.99999999999899,6,41.00000000000131,4.823040723800659,2
1009,graficon43nodi/grafo7047.43,8,43,55,76,88,58.99999999999944,9,59.00000000000072,20.291541576385498,2
1010,graficon46nodi/grafo1484.46,8,46,57,78,89,91.00000000000014,12,91.00000000000028,265.511620759964,2
1011,graficon37nodi/grafo5641.37,8,37,44,79,86,58.999999999999716,1,58.999999999999716,10.413787841796875,2
1012,graficon47nodi/grafo7547.47,8,47,59,77,89,66.0,11,66.0,136.49346709251404,2
1013,graficon40nodi/grafo10494.40,8,40,50,78,88,56.00000000000026,6,56.0000000000008,6.053235292434692,2
1014,graficon37nodi/grafo2713.37,8,37,48,76,87,66.99999145000504,15,66.99999240001989,126.20346283912659,2
1015,graficon39nodi/grafo6248.39,8,39,50,79,90,72.00000000000017,6,72.00000000000026,19.8027765750885,2
1016,graficon38nodi/grafo5903.38,8,38,48,77,87,62.0,8,62.0,0.9170534610748291,2
1017,graficon43nodi/grafo6296.43,8,43,59,79,95,123.00000000000104,27,123.00000000000124,600.2915439605713,9
1018,graficon41nodi/grafo6951.41,8,41,54,76,89,87.99999999999993,14,87.99999999999996,181.1532425880432,2
1019,graficon39nodi/grafo10733.39,8,39,53,79,93,80.99999999999984,8,81.0000000000001,8.305725812911987,2
1020,graficon41nodi/grafo7056.41,8,41,51,76,86,56.00000000000138,3,56.00000000000138,6.861202239990234,2
1021,graficon46nodi/grafo3380.46,8,46,56,75,85,59.000000000000064,7,59.00000000000008,4.474032640457153,2
1022,graficon41nodi/grafo3534.41,8,41,49,77,85,61.00000000000004,6,61.00000000000098,20.85305690765381,2
1023,graficon39nodi/grafo3617.39,8,39,48,77,86,47.00000000000014,2,47.0000000000002,4.797515630722046,2
1024,graficon38nodi/grafo11024.38,8,38,45,75,82,38.9999999999994,4,39.0,3.9401745796203613,2
1025,graficon49nodi/grafo1408.49,8,49,59,77,87,63.000000000000014,0,63.0,3.2462499141693115,2
1026,graficon46nodi/grafo7234.46,8,46,63,78,95,115.9999888688055,28,116.0000018671426,500.08508706092834,2
1027,graficon45nodi/grafo3840.45,8,45,59,79,93,113.00000000000038,20,113.00000000000104,600.3678233623505,9
1028,graficon43nodi/grafo5371.43,8,43,57,79,93,60.99999999999997,11,60.999999999999986,59.2302827835083,2
1029,graficon38nodi/grafo3671.38,8,38,47,75,84,35.000000000000014,5,35.0000000000003,4.872576713562012,2
1030,graficon38nodi/grafo9893.38,8,38,49,76,87,51.00000000000056,6,51.00000000000096,4.144423723220825,2
1031,graficon35nodi/grafo4037.35,8,35,40,78,83,31.000000000000114,3,31.000000000000142,11.93542766571045,2
1032,graficon36nodi/grafo5155.36,8,36,47,79,90,76.0000000000004,7,76.00000000000048,11.393527746200562,2
1033,graficon42nodi/grafo7486.42,8,42,57,79,94,88.0,17,88.0,44.270325660705566,2
1034,graficon49nodi/grafo3418.49,8,49,63,79,93,70.00000000000026,14,70.00000000000041,276.2041084766388,2
1035,graficon38nodi/grafo9981.38,8,38,45,78,85,29.0,1,29.0,0.36162805557250977,2
1036,graficon27nodi/grafo2050.27,8,27,36,76,85,35.0,1,35.0,0.09022688865661621,2
1037,graficon29nodi/grafo2072.29,8,29,43,78,92,66.0,6,66.0,2.4565036296844482,2
1038,graficon45nodi/grafo1836.45,8,45,58,77,90,92.99999999999935,16,93.00000000000063,328.63359928131104,2
1039,graficon34nodi/grafo3921.34,8,34,46,77,89,62.000000000000114,7,62.000000000000256,7.271291971206665,2
1040,graficon55nodi/grafo6415.55,8,55,59,76,80,33.00000000000002,2,33.00000000000003,8.922419786453247,2
1041,graficon41nodi/grafo6191.41,8,41,52,78,89,78.99998765325401,11,79.00000190119911,141.47820401191711,2
1042,graficon46nodi/grafo1406.46,8,46,56,79,89,69.0,4,69.0,8.3885018825531,2
1043,graficon45nodi/grafo5925.45,8,45,56,79,90,83.99999883928498,15,83.99999930357221,137.45372772216797,2
1044,graficon35nodi/grafo3996.35,8,35,47,78,90,63.00000000000001,14,63.0,29.679996490478516,2
1045,graficon46nodi/grafo6678.46,8,46,55,77,86,55.99999999999999,2,56.000000000000085,4.737406253814697,2
1046,graficon43nodi/grafo3573.43,8,43,58,79,94,93.0,16,93.0,89.69260692596436,2
1047,graficon40nodi/grafo6972.40,8,40,51,77,88,55.000000000000234,6,55.000000000000384,8.192940711975098,2
1048,graficon51nodi/grafo3958.51,8,51,62,77,88,83.00000000000011,17,83.00000000000024,257.6098713874817,2
1049,graficon39nodi/grafo10192.39,8,39,48,78,87,40.000000000000284,7,40.00000000000035,3.630279541015625,2
1050,graficon45nodi/grafo6007.45,8,45,58,79,92,85.0,14,85.00000000000027,146.15034103393555,2
1051,graficon37nodi/grafo11553.37,8,37,49,83,95,39.99999999999996,4,39.999999999999986,2.752981662750244,2
1052,graficon44nodi/grafo7454.44,8,44,56,84,96,83.00000000000004,12,83.00000000000078,525.6158893108368,2
1053,graficon40nodi/grafo5453.40,8,40,57,83,100,89.99999991666655,19,89.99999991666655,305.1303586959839,2
1054,graficon43nodi/grafo6144.43,8,43,56,80,93,96.99999999999973,9,97.00000000000004,8.06623888015747,2
1055,graficon38nodi/grafo5499.38,8,38,48,81,91,46.99999999999989,3,47.00000000000024,3.941300868988037,2
1056,graficon41nodi/grafo6973.41,8,41,58,84,101,106.00000000000023,17,106.00000000000037,62.65184950828552,2
1057,graficon39nodi/grafo10037.39,8,39,50,80,91,61.0,9,61.00000000000017,6.396881103515625,2
1058,graficon36nodi/grafo11554.36,8,36,50,82,96,95.0,24,95.00000000000006,600.2334299087524,9
1059,graficon60nodi/grafo5751.60,8,60,75,84,99,176.99998600079988,23,176.99999402832213,600.3239521980286,9
1060,graficon42nodi/grafo5241.42,8,42,55,83,96,76.00000000000017,12,76.00000000000026,368.3303189277649,2
1061,graficon46nodi/grafo6628.46,8,46,63,83,100,128.99999999999955,28,128.9999999999997,600.5219886302948,9
1062,graficon39nodi/grafo9924.39,8,39,52,84,97,73.0,13,73.0,248.877854347229,2
1063,graficon46nodi/grafo3661.46,8,46,56,83,93,66.00000000000003,6,66.00000000000006,9.996199607849121,2
1064,graficon38nodi/grafo7549.38,8,38,50,82,94,60.000000000000114,13,60.00000000000047,403.44629287719727,2
1065,graficon39nodi/grafo11532.39,8,39,51,81,93,54.0000000000006,4,54.00000000000108,7.907949924468994,2
1066,graficon47nodi/grafo1536.47,8,47,52,80,85,38.99999999999997,0,38.999999999999986,1.5436627864837646,2
1067,graficon38nodi/grafo4110.38,8,38,52,84,98,92.9999994306722,15,93.00000004851753,218.0222611427307,2
1068,graficon41nodi/grafo6857.41,8,41,54,83,96,62.00000000000075,6,62.00000000000226,0.6481595039367676,2
1069,graficon34nodi/grafo6118.34,8,34,42,82,90,54.99999999999993,1,54.99999999999993,0.5065836906433105,2
1070,graficon39nodi/grafo10014.39,8,39,52,83,96,69.0,11,69.0000000000003,44.99540686607361,2
1071,graficon43nodi/grafo7598.43,8,43,57,82,96,88.00000000000043,13,88.00000000000071,57.626158475875854,2
1072,graficon39nodi/grafo3329.39,8,39,50,80,91,58.999999999999815,8,59.00000000000048,7.711505889892578,2
1073,graficon43nodi/grafo1506.43,8,43,50,82,89,47.99999999999967,4,48.00000000000413,42.07359981536865,2
1074,graficon42nodi/grafo5595.42,8,42,56,80,94,79.0,13,79.0,35.14031720161438,2
1075,graficon41nodi/grafo2235.41,8,41,58,83,100,90.00000000000003,16,90.00000000000006,211.9706835746765,2
1076,graficon37nodi/grafo5408.37,8,37,57,84,104,117.00000000000028,31,117.00000000000043,600.0920052528381,9
1077,graficon56nodi/grafo7757.56,8,56,64,80,88,64.99999949999987,11,64.99999999999996,181.57651209831238,2
1078,graficon43nodi/grafo7465.43,8,43,60,80,97,105.0,19,105.0,207.6105146408081,2
1079,graficon42nodi/grafo5984.42,8,42,53,80,91,63.0,6,63.0,6.010971784591675,2
1080,graficon49nodi/grafo2124.49,8,49,64,82,97,86.0,11,86.0,461.74185252189636,2
1081,graficon39nodi/grafo3939.39,8,39,50,83,94,62.0,11,62.0,69.92244911193848,2
1082,graficon41nodi/grafo6441.41,8,41,54,82,95,80.00000000000007,12,80.00000000000009,32.01552176475525,2
1083,graficon56nodi/grafo4306.56,8,56,63,84,91,52.000000000000185,2,52.00000000000041,45.44680333137512,2
1084,graficon43nodi/grafo5339.43,8,43,54,81,92,54.000000000000206,9,54.00000000000031,15.674565315246582,2
1085,graficon36nodi/grafo3413.36,8,36,53,83,100,127.00000000000074,17,127.00000000000084,329.0263683795929,2
1086,graficon40nodi/grafo7766.40,8,40,50,80,90,48.0,12,48.0,31.639394521713257,2
1087,graficon41nodi/grafo3444.41,8,41,53,82,94,67.99999002170325,14,68.00000666667005,96.13086175918579,2
1088,graficon55nodi/grafo6789.55,8,55,60,81,86,57.00000000000008,4,56.99999999999975,7.6946282386779785,2
1089,graficon32nodi/grafo1421.32,8,32,45,80,93,67.0,6,67.0,6.159259080886841,2
1090,graficon36nodi/grafo5865.36,8,36,44,83,91,36.000000000000014,2,36.000000000000014,3.394343614578247,2
1091,graficon42nodi/grafo3326.42,8,42,60,82,100,106.99999903751454,33,107.00000000000065,600.3379473686218,9
1092,graficon43nodi/grafo3360.43,8,43,56,83,96,85.00000000000014,12,85.00000000000024,228.73888897895813,2
1093,graficon44nodi/grafo5765.44,8,44,59,84,99,99.00000000000001,14,99.00000000000003,85.39913392066956,2
1094,graficon38nodi/grafo10031.38,8,38,49,84,95,57.00000000000037,5,57.000000000000455,4.048218488693237,2
1095,graficon46nodi/grafo5873.46,8,46,57,83,94,61.99999999999998,6,62.00000000000003,20.524080514907837,2
1096,graficon43nodi/grafo5486.43,8,43,54,81,92,77.00000000000009,15,77.00000000000011,81.05884504318237,2
1097,graficon40nodi/grafo6472.40,8,40,57,84,101,125.99999999999976,23,125.99999999999994,600.182914018631,9
1098,graficon47nodi/grafo6781.47,8,47,66,82,101,94.99999999999721,19,95.00000000000352,107.39298462867737,2
1099,graficon36nodi/grafo3953.36,8,36,48,83,95,61.000000000000085,3,61.000000000000156,5.686965227127075,2
1100,graficon43nodi/grafo5760.43,8,43,55,84,96,76.99999999999979,8,77.00000000000009,13.151346683502197,2
1101,graficon26nodi/grafo914.26,8,26,42,83,99,98.00000000000028,25,98.00000000000047,480.64559602737427,2
1102,graficon38nodi/grafo7227.38,8,38,54,80,96,107.00000000000038,16,107.0000000000004,174.74723649024963,2
1103,graficon40nodi/grafo7652.40,8,40,55,80,95,64.00000000000004,15,64.00000000000003,36.10368752479553,2
1104,graficon37nodi/grafo11359.37,8,37,47,83,93,61.999999999999986,6,62.0,6.855340003967285,2
1105,graficon42nodi/grafo1092.42,8,42,53,81,92,65.0000000000008,8,65.0000000000033,20.76835608482361,2
1106,graficon39nodi/grafo10835.39,8,39,45,82,88,30.000000000000114,3,30.000000000000206,7.748098373413086,2
1107,graficon40nodi/grafo7432.40,8,40,47,80,87,40.000000000000284,4,40.000000000000455,4.534937143325806,2
1108,graficon45nodi/grafo7099.45,8,45,56,84,95,67.99999541482589,13,68.00000034889023,99.46632790565491,2
1109,graficon44nodi/grafo7381.44,8,44,65,81,102,157.00000000000045,41,157.00000000000145,600.3901619911194,9
1110,graficon42nodi/grafo7049.42,8,42,54,81,93,80.99999999999996,13,81.0000000000001,66.95249462127686,2
1111,graficon40nodi/grafo7542.40,8,40,51,81,92,50.0,9,50.0,3.3190720081329346,2
1112,graficon42nodi/grafo6058.42,8,42,54,81,93,60.999999999999986,9,60.99999999999998,0.9501597881317139,2
1113,graficon40nodi/grafo3753.40,8,40,53,81,94,73.99999999999886,17,74.00000000000016,82.65659999847412,2
1114,graficon48nodi/grafo6376.48,8,48,61,81,94,76.99999999999982,15,77.0000000000002,127.24245047569275,2
1115,graficon42nodi/grafo7146.42,8,42,54,82,94,80.00000000000051,4,80.00000000000128,24.43074083328247,2
1116,graficon39nodi/grafo3944.39,8,39,54,84,99,83.00000000000014,9,83.0000000000006,7.2896201610565186,2
1117,graficon41nodi/grafo7373.41,8,41,58,80,97,139.0000000000001,36,139.00000000000028,600.2443425655365,9
1118,graficon19nodi/grafo2375.19,8,19,35,80,96,92.99999999999974,15,92.99999999999979,11.049192190170288,2
1119,graficon41nodi/grafo5234.41,8,41,51,83,93,47.00000000000024,4,47.00000000000044,5.8592917919158936,2
1120,graficon55nodi/grafo3570.55,8,55,66,83,94,70.00000000000054,11,70.00000000000125,84.75609135627747,2
1121,graficon49nodi/grafo3626.49,8,49,61,81,93,93.99998256054903,19,94.00000656323598,427.9425687789917,2
1122,graficon47nodi/grafo6600.47,8,47,68,84,105,134.00000000000037,33,134.00000000000034,600.4401330947876,9
1123,graficon39nodi/grafo3793.39,8,39,53,81,95,80.00000000000047,13,80.00000000000165,202.62472367286682,2
1124,graficon41nodi/grafo7007.41,8,41,55,84,98,83.00000000000001,20,83.00000000000006,378.12180948257446,2
1125,graficon39nodi/grafo5742.39,8,39,56,83,100,124.99999999999997,16,125.00000000000006,40.31321954727173,2
1126,graficon40nodi/grafo7541.40,8,40,53,89,102,79.99999999999912,13,80.00000000000152,230.77135467529297,2
1127,graficon54nodi/grafo4016.54,8,54,65,88,99,77.99999966666658,6,77.9999996666667,11.814947843551636,2
1128,graficon45nodi/grafo7241.45,8,45,62,86,103,93.00000000000003,11,93.00000000000003,292.9616901874542,2
1129,graficon43nodi/grafo6406.43,8,43,57,86,100,101.0,11,101.00000000000001,92.71987628936768,2
1130,graficon42nodi/grafo7246.42,8,42,53,89,100,67.99999912500016,9,67.99999912500026,6.721086263656616,2
1131,graficon44nodi/grafo7720.44,8,44,61,88,105,92.99999105059536,18,93.00000297932023,334.9621412754059,2
1132,graficon46nodi/grafo7742.46,8,46,58,85,97,108.99999999999754,15,108.9999999999991,292.22483944892883,2
1133,graficon44nodi/grafo7169.44,8,44,56,85,97,59.999999055555705,13,60.000000000000526,526.3332920074463,2
1134,graficon52nodi/grafo1591.52,8,52,62,85,95,61.99999999999999,5,61.999999999999986,9.78684687614441,2
1135,graficon48nodi/grafo5501.48,8,48,65,88,105,116.00000000000082,30,116.00000000000203,600.4993641376495,9
1136,graficon44nodi/grafo5554.44,8,44,61,89,106,127.9999767318009,14,127.99999726818102,402.5694224834442,2
1137,graficon39nodi/grafo7716.39,8,39,49,85,95,67.99999908333339,7,67.99999908333342,25.6584312915802,2
1138,graficon37nodi/grafo11653.37,8,37,51,87,101,56.999999999999844,2,56.999999999999886,0.43698644638061523,2
1139,graficon58nodi/grafo4792.58,8,58,69,88,99,54.00000000000004,4,54.000000000000256,14.614817142486572,2
1140,graficon49nodi/grafo7578.49,8,49,57,89,97,49.00000000000001,6,49.00000000000001,16.90538454055786,2
1141,graficon61nodi/grafo5831.61,8,61,72,88,99,104.99998847222292,25,104.9999884722233,600.2835357189178,9
1142,graficon46nodi/grafo5331.46,8,46,58,88,100,98.00000000000045,22,98.00000000000075,600.7051351070404,9
1143,graficon51nodi/grafo4600.51,8,51,62,89,100,73.9999995004703,7,74.00000000001255,13.26516342163086,2
1144,graficon40nodi/grafo3335.40,8,40,53,89,102,76.00000000000004,9,76.00000000000009,6.985089063644409,2
1145,graficon42nodi/grafo6257.42,8,42,60,85,103,128.99999999999903,17,128.99999999999972,116.38072395324707,2
1146,graficon36nodi/grafo5546.36,8,36,51,88,103,95.00000000000006,17,95.00000000000016,91.10486912727356,2
1147,graficon41nodi/grafo9946.41,8,41,48,85,92,44.999999999999865,5,44.99999999999992,12.580503463745117,2
1148,graficon60nodi/grafo4886.60,8,60,73,85,98,78.99999999999993,22,78.99999999999997,600.365683555603,9
1149,graficon40nodi/grafo7050.40,8,40,51,88,99,86.999999999995,5,86.99999999999665,6.512395620346069,2
1150,graficon49nodi/grafo4380.49,8,49,64,87,102,67.0000000000002,6,67.00000000000031,4.67176628112793,2
1151,graficon55nodi/grafo3625.55,8,55,68,88,101,119.00000000000027,22,119.0000000000006,600.5360014438629,9
1152,graficon53nodi/grafo7688.53,8,53,65,88,100,69.00000000000006,14,69.00000000000011,255.7805531024933,2
1153,graficon39nodi/grafo5407.39,8,39,53,89,103,70.0000000000004,18,70.0000000000025,87.50818419456482,2
1154,graficon41nodi/grafo2781.41,8,41,61,87,107,129.00000000000006,30,129.00000000000003,600.6698632240295,9
1155,graficon37nodi/grafo5598.37,8,37,48,88,99,65.0,3,65.0,4.389311075210571,2
1156,graficon40nodi/grafo3997.40,8,40,56,88,104,110.99999999999889,23,110.9999999999993,600.3874850273132,9
1157,graficon43nodi/grafo7470.43,8,43,52,88,97,51.99999899999571,7,51.99999699999469,7.981389760971069,2
1158,graficon45nodi/grafo7442.45,8,45,53,86,94,56.00000000000042,2,56.00000000000051,6.478062868118286,2
1159,graficon54nodi/grafo7723.54,8,54,73,86,105,97.99999999999999,31,98.00000000000004,600.2837057113647,9
1160,graficon42nodi/grafo7352.42,8,42,51,85,94,54.99999999999995,3,55.00000000000006,4.297489166259766,2
1161,graficon40nodi/grafo7670.40,8,40,56,88,104,80.0,5,80.0,3.8981516361236572,2
1162,graficon43nodi/grafo5245.43,8,43,59,88,104,86.00000000000067,14,86.00000000000128,222.85676455497742,2
1163,graficon51nodi/grafo1486.51,8,51,60,87,96,63.0,5,63.0,0.8524417877197266,2
1164,graficon36nodi/grafo6049.36,8,36,45,87,96,45.00000000000033,4,45.00000000000058,13.053032875061035,2
1165,graficon39nodi/grafo7415.39,8,39,53,88,102,79.00000000000001,12,79.00000000000003,86.83253741264343,2
1166,graficon40nodi/grafo5373.40,8,40,58,87,105,114.99999999999991,18,115.00000000000003,309.0992772579193,2
1167,graficon38nodi/grafo9979.38,8,38,50,86,98,51.00000000000004,11,51.00000000000005,19.66133213043213,2
1168,graficon48nodi/grafo5194.48,8,48,65,89,106,93.0,18,93.00000000000018,78.73082947731018,2
1169,graficon48nodi/grafo5357.48,8,48,64,85,101,109.00000000000209,27,109.00000000000267,600.5337975025177,9
1170,graficon36nodi/grafo11662.36,8,36,48,87,99,37.0,1,37.0,0.12200164794921875,2
1171,graficon42nodi/grafo7614.42,8,42,57,87,102,146.00000000000077,17,146.00000000000225,74.80532383918762,2
1172,graficon48nodi/grafo7272.48,8,48,57,86,95,59.99999999999977,3,59.999999999999886,8.72369933128357,2
1173,graficon44nodi/grafo5878.44,8,44,56,87,99,59.00000000000003,9,59.00000000000003,3.828191041946411,2
1174,graficon42nodi/grafo5958.42,8,42,56,86,100,87.99999989508217,12,88.00000010714297,133.27888894081116,2
1175,graficon58nodi/grafo1588.58,8,58,66,88,96,84.99999850191077,7,84.99999975000051,19.4778950214386,2
1176,graficon52nodi/grafo3455.52,8,52,65,87,100,79.9999881762732,15,80.0000009224257,562.0922837257385,2
1177,graficon42nodi/grafo7583.42,8,42,56,86,100,71.99999999999989,16,72.00000000000023,333.10258388519287,2
1178,graficon49nodi/grafo7370.49,8,49,64,87,102,101.00000000000028,6,101.0000000000011,14.993733406066895,2
1179,graficon39nodi/grafo5157.39,8,39,54,88,103,82.00000000000054,10,82.00000000000065,228.9900176525116,2
1180,graficon47nodi/grafo6822.47,8,47,56,88,97,54.999998111111765,5,55.0000018888899,24.987937211990356,2
1181,graficon43nodi/grafo6928.43,8,43,56,88,101,74.99999999999989,14,75.00000000000043,593.3598780632019,2
1182,graficon38nodi/grafo3421.38,8,38,52,89,103,72.00000000000026,23,72.0000000000003,600.241792678833,9
1183,graficon39nodi/grafo3727.39,8,39,53,86,100,70.9999999999999,9,71.00000000000001,15.707071781158447,2
1184,graficon44nodi/grafo6870.44,8,44,64,85,105,97.00000000000045,37,97.00000000000078,600.3919925689697,9
1185,graficon36nodi/grafo9853.36,8,36,48,87,99,37.0,1,37.0,0.10799884796142578,2
1186,graficon50nodi/grafo4518.50,8,50,66,87,103,90.99999999999943,15,91.00000000000057,160.33050537109375,2
1187,graficon42nodi/grafo7709.42,8,42,58,86,102,83.99999999999935,16,84.00000000000006,88.43075108528137,2
1188,graficon60nodi/grafo7155.60,8,60,70,86,96,90.99999900000017,5,90.99999950000102,19.28159499168396,2
1189,graficon64nodi/grafo4420.64,8,64,81,88,105,103.99999674665506,19,103.99999860713984,189.68824768066406,2
1190,graficon47nodi/grafo6437.47,8,47,70,88,111,161.0000000000005,60,161.00000000000074,600.41157746315,9
1191,graficon45nodi/grafo3151.45,8,45,58,86,99,83.0,13,83.00000000000014,589.7210214138031,2
1192,graficon51nodi/grafo4369.51,8,51,67,87,103,105.9999999999996,16,106.00000000000051,111.23561644554138,2
1193,graficon38nodi/grafo3887.38,8,38,52,87,101,76.99999142856967,11,77.00000000000071,159.20746111869812,2
1194,graficon44nodi/grafo6329.44,8,44,58,88,102,62.0,8,62.0,5.056765794754028,2
1195,graficon50nodi/grafo1418.50,8,50,57,88,95,50.00000000000023,6,50.00000000000027,4.82668662071228,2
1196,graficon43nodi/grafo6886.43,8,43,62,85,104,105.99999798844834,27,105.99999901000098,600.3413698673248,9
1197,graficon42nodi/grafo7012.42,8,42,59,88,105,101.99999066979909,16,102.0000018666675,408.99013805389404,2
1198,graficon34nodi/grafo5990.34,8,34,45,89,100,70.0,1,70.0,0.1280837059020996,2
1199,graficon56nodi/grafo4391.56,8,56,70,86,100,111.99999999999888,20,112.0000000000002,408.90148162841797,2
1200,graficon48nodi/grafo6689.48,8,48,57,86,95,66.0,6,66.0,4.702358245849609,2
1201,graficon36nodi/grafo10457.36,8,36,45,93,102,46.000000000000256,4,46.00000000000032,10.541935682296753,2
1202,graficon46nodi/grafo5338.46,8,46,62,94,110,94.99999999999997,17,94.99999999999999,88.53605508804321,2
1203,graficon72nodi/grafo9639.72,8,72,80,94,102,104.99999908522358,14,104.99999999999994,428.63689064979553,2
1204,graficon44nodi/grafo3644.44,8,44,54,93,103,56.00000000000002,7,56.000000000000014,0.7502121925354004,2
1205,graficon54nodi/grafo3511.54,8,54,73,93,112,101.00000000000044,14,101.00000000000077,218.20371508598328,2
1206,graficon42nodi/grafo6946.42,8,42,58,94,110,95.00000000000009,18,95.0000000000002,284.32009649276733,2
1207,graficon57nodi/grafo5626.57,8,57,78,94,115,109.00000000000043,26,109.00000000000077,600.7742636203766,9
1208,graficon37nodi/grafo6217.37,8,37,53,94,110,85.00000000000007,18,85.0000000000001,102.72683787345886,2
1209,graficon60nodi/grafo4512.60,8,60,73,93,106,91.0,12,91.0,164.16225409507751,2
1210,graficon47nodi/grafo5432.47,8,47,68,92,113,138.99999616827694,24,138.99999905046005,438.4289391040802,2
1211,graficon55nodi/grafo4502.55,8,55,76,92,113,inf,309,530,600.4649415016174,9
1212,graficon58nodi/grafo1247.58,8,58,68,94,104,69.00000000000003,13,69.00000000000003,175.92340111732483,2
1213,graficon43nodi/grafo6346.43,8,43,62,91,110,113.99999999999982,26,114.00000000000014,600.5190696716309,9
1214,graficon37nodi/grafo11625.37,8,37,51,92,106,54.999999999997804,6,54.999999999997804,3.2967867851257324,2
1215,graficon51nodi/grafo1470.51,8,51,69,90,108,125.00000000000037,30,125.00000000000058,600.4014844894409,9
1216,graficon64nodi/grafo8416.64,8,64,79,94,109,137.99999999999562,29,137.99999999999665,600.6056184768677,9
1217,graficon43nodi/grafo7441.43,8,43,60,92,109,112.99999891201895,29,113.00000049153326,600.7484483718872,9
1218,graficon40nodi/grafo5211.40,8,40,54,93,107,81.00000000000047,8,81.00000000000074,8.419785737991333,2
1219,graficon35nodi/grafo11326.35,8,35,42,91,98,49.99999999999998,3,49.999999999999986,4.883586406707764,2
1220,graficon43nodi/grafo7157.43,8,43,53,90,100,65.99999999999937,7,66.0,4.2998082637786865,2
1221,graficon39nodi/grafo3330.39,8,39,60,93,114,136.00000000000006,33,136.0000000000007,601.0449607372284,9
1222,graficon40nodi/grafo3519.40,8,40,56,93,109,75.99999999999966,6,75.99999999999966,2.605154514312744,2
1223,graficon57nodi/grafo4041.57,8,57,66,92,101,77.99999999999835,12,78.00000000000166,600.3031358718872,9
1224,graficon41nodi/grafo7124.41,8,41,59,94,112,74.99999988713385,13,75.00000035000032,61.02619671821594,2
1225,graficon61nodi/grafo4482.61,8,61,75,91,105,88.00000000000009,6,88.0000000000001,7.018890857696533,2
1226,graficon49nodi/grafo5721.49,8,49,64,92,107,81.00000000000016,7,81.00000000000027,10.675166368484497,2
1227,graficon42nodi/grafo5468.42,8,42,58,94,110,101.99999900662087,17,102.00000000000071,600.3630471229553,9
1228,graficon37nodi/grafo1758.37,8,37,45,93,101,46.00000000000013,4,46.000000000000185,14.389224767684937,2
1229,graficon36nodi/grafo11444.36,8,36,46,94,104,56.00000000000031,4,56.000000000000384,10.046494007110596,2
1230,graficon37nodi/grafo11540.37,8,37,48,91,102,56.0,3,56.0,9.004775047302246,2
1231,graficon37nodi/grafo7028.37,8,37,48,90,101,57.99999999999999,12,58.00000000000002,118.71255540847778,2
1232,graficon37nodi/grafo11417.37,8,37,49,90,102,66.0,3,66.0,0.5462243556976318,2
1233,graficon39nodi/grafo3187.39,8,39,53,91,105,80.99999816666801,14,80.99999816666868,567.514445066452,2
1234,graficon39nodi/grafo9897.39,8,39,55,90,106,92.00000000000077,17,92.00000000000128,147.06199288368225,2
1235,graficon57nodi/grafo5748.57,8,57,76,94,113,133.99999999999838,22,133.99999999999844,600.4302184581757,9
1236,graficon38nodi/grafo10032.38,8,38,47,91,100,46.99999999999992,6,46.99999999999986,12.831466436386108,2
1237,graficon58nodi/grafo4796.58,8,58,73,90,105,96.99999810045085,20,96.99999906873117,272.4181990623474,2
1238,graficon40nodi/grafo10282.40,8,40,59,92,111,129.9999916328505,15,129.9999990614281,207.1573212146759,2
1239,graficon54nodi/grafo5002.54,8,54,64,91,101,82.99999999999889,8,83.00000000000134,25.193049907684326,2
1240,graficon44nodi/grafo2199.44,8,44,50,90,96,44.000000000000625,3,44.00000000000126,6.00322151184082,2
1241,graficon38nodi/grafo10659.38,8,38,57,91,110,94.00000000000003,17,94.00000000000004,35.12376642227173,2
1242,graficon56nodi/grafo4409.56,8,56,67,93,104,53.99999999999977,6,54.00000000000042,18.36298179626465,2
1243,graficon47nodi/grafo6408.47,8,47,57,90,100,53.999999999999844,7,54.00000000000024,7.059373140335083,2
1244,graficon54nodi/grafo3858.54,8,54,68,92,106,90.0,22,90.00000000000003,600.4405033588409,9
1245,graficon43nodi/grafo5723.43,8,43,59,92,108,91.99999330328671,23,91.99999755500191,600.4229972362518,9
1246,graficon40nodi/grafo4010.40,8,40,52,92,104,65.9999999414052,8,65.99999994140602,17.54574704170227,2
1247,graficon62nodi/grafo6173.62,8,62,73,92,103,93.99999999999872,8,94.00000000000105,44.13450527191162,2
1248,graficon45nodi/grafo5138.45,8,45,61,90,106,143.99999039527182,26,143.9999990384722,600.7949197292328,9
1249,graficon41nodi/grafo6164.41,8,41,55,91,105,77.99999999999906,14,78.00000000000014,73.17322206497192,2
1250,graficon41nodi/grafo3527.41,8,41,54,93,106,71.0,14,71.0,600.4258713722229,9
1251,graficon42nodi/grafo7642.42,8,42,62,90,110,125.99999913775355,20,125.99999946938894,130.65584135055542,2
1252,graficon46nodi/grafo3424.46,8,46,56,94,104,66.00000000000031,13,66.00000000000044,163.76763820648193,2
1253,graficon53nodi/grafo271.53,8,53,67,91,105,117.9999914285716,11,117.99999714285929,248.84619307518005,2
1254,graficon45nodi/grafo3660.45,8,45,60,90,105,102.00000000000003,20,102.00000000000011,600.9202752113342,9
1255,graficon40nodi/grafo5980.40,8,40,54,92,106,61.99999999999992,9,62.00000000000001,4.568318843841553,2
1256,graficon44nodi/grafo6945.44,8,44,60,93,109,120.00000000000021,19,120.0000000000004,600.4737606048584,9
1257,graficon35nodi/grafo5299.35,8,35,44,91,100,45.00000000000008,6,45.000000000000625,5.090467929840088,2
1258,graficon66nodi/grafo9143.66,8,66,84,94,112,128.99999858802713,33,128.99999899619232,600.3030321598053,9
1259,graficon55nodi/grafo4195.55,8,55,69,91,105,77.00000000000004,8,77.0000000000001,5.650481939315796,2
1260,graficon58nodi/grafo6193.58,8,58,77,91,110,140.0000000000009,27,140.0000000000012,600.6930196285248,9
1261,graficon45nodi/grafo6524.45,8,45,59,94,108,103.99998282379167,14,104.00000002070733,600.3127338886261,9
1262,graficon54nodi/grafo4006.54,8,54,64,91,101,48.0,2,48.0,7.106043338775635,2
1263,graficon38nodi/grafo11322.38,8,38,50,94,106,45.99999999999958,3,45.99999999999966,5.476150989532471,2
1264,graficon46nodi/grafo6723.46,8,46,64,93,111,131.99999974740012,31,131.9999998870513,600.405693769455,9
1265,graficon35nodi/grafo6517.35,8,35,49,93,107,67.00000000000108,13,67.0000000000016,68.07429099082947,2
1266,graficon49nodi/grafo3415.49,8,49,65,90,106,78.99999947790153,13,79.00000010333389,366.73865151405334,2
1267,graficon39nodi/grafo4005.39,8,39,52,91,104,95.0,17,95.0,167.25844979286194,2
1268,graficon52nodi/grafo4030.52,8,52,65,92,105,78.0000000000002,13,78.00000000000037,175.13632607460022,2
1269,graficon41nodi/grafo7098.41,8,41,59,92,110,124.00000000000006,36,124.00000000000013,600.4411718845367,9
1270,graficon43nodi/grafo5926.43,8,43,62,93,112,102.00000000000009,15,102.00000000000017,502.51743817329407,2
1271,graficon47nodi/grafo7625.47,8,47,67,94,114,124.00000000000084,29,124.00000000000112,284.4682981967926,2
1272,graficon41nodi/grafo5717.41,8,41,51,93,103,52.99999999999998,5,53.000000000000085,5.479916572570801,2
1273,graficon66nodi/grafo9641.66,8,66,79,90,103,121.99998571000746,12,122.00000761575575,501.5668878555298,2
1274,graficon38nodi/grafo6578.38,8,38,53,93,108,59.00000000000002,7,59.00000000000046,9.8530912399292,2
1275,graficon42nodi/grafo3508.42,8,42,59,94,111,94.0,19,94.0,410.7526807785034,2
