Index,Data,combo_idx,Nodes,Edges,TotalNodes,TotalEdges,ObjVal,Crossings,EdgeLength,Runtime,Status
1,graficon13nodi/grafo2567.13,9,13,13,13,13,4.0,0,4.0,0.02541494369506836,2
2,graficon11nodi/grafo685.11,9,11,11,13,13,5.0,0,5.0,0.02447199821472168,2
3,graficon10nodi/grafo2511.10,9,10,10,12,12,5.0,0,5.0,0.022995471954345703,2
4,graficon12nodi/grafo957.12,9,12,11,13,12,4.0,0,4.0,0.02626776695251465,2
5,graficon14nodi/grafo769.14,9,14,13,14,13,4.0,0,4.0,0.024868488311767578,2
6,graficon10nodi/grafo1070.10,9,10,10,12,12,4.0,0,4.0,0.022966861724853516,2
7,graficon10nodi/grafo473.10,9,10,10,12,12,4.0,0,4.0,0.022977828979492188,2
8,graficon14nodi/grafo371.14,9,14,13,14,13,5.0,0,5.0,0.04067492485046387,2
9,graficon12nodi/grafo906.12,9,12,11,12,11,3.0,0,3.0,0.03052687644958496,2
10,graficon11nodi/grafo927.11,9,11,10,11,10,3.0,0,3.0,0.027054786682128906,2
11,graficon10nodi/grafo758.10,9,10,10,12,12,4.0,0,4.0,0.025027751922607422,2
12,graficon12nodi/grafo122.12,9,12,11,12,11,3.0,0,3.0,0.02209615707397461,2
13,graficon12nodi/grafo1843.12,9,12,15,14,17,10.0,2,10.0,0.032033443450927734,2
14,graficon10nodi/grafo898.10,9,10,9,10,9,2.0,0,2.0,0.0224764347076416,2
15,graficon11nodi/grafo2433.11,9,11,11,13,13,3.0,0,3.0,0.008339405059814453,2
16,graficon11nodi/grafo749.11,9,11,10,13,12,3.0,0,3.0,0.02587294578552246,2
17,graficon10nodi/grafo961.10,9,10,10,12,12,4.0,0,4.0,0.02372455596923828,2
18,graficon10nodi/grafo1857.10,9,10,12,12,14,6.0,0,6.0,0.026311159133911133,2
19,graficon11nodi/grafo1004.11,9,11,12,12,13,6.0,0,6.0,0.027112483978271484,2
20,graficon11nodi/grafo675.11,9,11,11,13,13,4.0,0,4.0,0.025123119354248047,2
21,graficon10nodi/grafo633.10,9,10,9,10,9,2.0,0,2.0,0.023685455322265625,2
22,graficon13nodi/grafo2908.13,9,13,12,13,12,3.0,0,3.0,0.02544260025024414,2
23,graficon11nodi/grafo441.11,9,11,11,13,13,6.0,0,6.0,0.009052515029907227,2
24,graficon11nodi/grafo2812.11,9,11,11,13,13,3.0,0,3.0,0.00811910629272461,2
25,graficon10nodi/grafo881.10,9,10,9,10,9,1.0,0,1.0,0.007345676422119141,2
26,graficon10nodi/grafo455.10,9,10,10,13,13,3.0,0,3.0,0.027573108673095703,2
27,graficon12nodi/grafo933.12,9,12,11,12,11,3.0,0,3.0,0.024772167205810547,2
28,graficon12nodi/grafo256.12,9,12,11,12,11,2.0,0,2.0,0.02400517463684082,2
29,graficon10nodi/grafo1098.10,9,10,9,10,9,2.0,0,2.0,0.025027036666870117,2
30,graficon11nodi/grafo246.11,9,11,10,11,10,2.0,0,2.0,0.02515554428100586,2
31,graficon12nodi/grafo2668.12,9,12,13,14,15,5.0,1,5.0,0.024968624114990234,2
32,graficon12nodi/grafo667.12,9,12,12,13,13,5.0,0,5.0,0.02635502815246582,2
33,graficon12nodi/grafo986.12,9,12,11,12,11,3.0,0,3.0,0.012794733047485352,2
34,graficon10nodi/grafo782.10,9,10,9,10,9,2.0,0,2.0,0.022168874740600586,2
35,graficon12nodi/grafo756.12,9,12,11,12,11,3.0,0,3.0,0.02708125114440918,2
36,graficon11nodi/grafo1629.11,9,11,11,14,14,4.999999999999998,0,4.999999999999998,0.03679800033569336,2
37,graficon12nodi/grafo888.12,9,12,13,14,15,11.0,0,11.0,0.03305625915527344,2
38,graficon11nodi/grafo1162.11,9,11,11,12,12,4.0,0,4.0,0.025112152099609375,2
39,graficon11nodi/grafo3101.11,9,11,11,13,13,3.0,0,3.0,0.0075550079345703125,2
40,graficon10nodi/grafo910.10,9,10,9,10,9,2.0,0,2.0,0.020888328552246094,2
41,graficon13nodi/grafo514.13,9,13,12,13,12,3.0,0,3.0,0.026290178298950195,2
42,graficon10nodi/grafo718.10,9,10,10,12,12,4.0,0,4.0,0.02562117576599121,2
43,graficon10nodi/grafo1123.10,9,10,10,12,12,4.0,0,4.0,0.02321910858154297,2
44,graficon10nodi/grafo474.10,9,10,10,12,12,4.0,0,4.0,0.02309703826904297,2
45,graficon14nodi/grafo272.14,9,14,13,14,13,3.999999999999993,0,3.9999999999999964,0.029845714569091797,2
46,graficon11nodi/grafo1084.11,9,11,10,11,10,1.0,0,1.0,0.007953643798828125,2
47,graficon11nodi/grafo2971.11,9,11,11,13,13,3.0,0,3.0,0.008711099624633789,2
48,graficon11nodi/grafo313.11,9,11,10,13,12,4.0,0,4.0,0.029093503952026367,2
49,graficon11nodi/grafo532.11,9,11,11,13,13,4.0,0,4.0,0.03662991523742676,2
50,graficon11nodi/grafo857.11,9,11,11,12,12,5.0,0,5.0,0.010746479034423828,2
51,graficon10nodi/grafo978.10,9,10,10,12,12,4.0,0,4.0,0.025225400924682617,2
52,graficon13nodi/grafo1067.13,9,13,13,13,13,4.0,0,4.0,0.026159048080444336,2
53,graficon12nodi/grafo2949.12,9,12,11,12,11,3.0,0,3.0,0.029218435287475586,2
54,graficon10nodi/grafo962.10,9,10,10,12,12,4.0,0,4.0,0.02328324317932129,2
55,graficon10nodi/grafo460.10,9,10,9,10,9,2.0,0,2.0,0.02392864227294922,2
56,graficon11nodi/grafo3073.11,9,11,11,13,13,3.0,0,3.0,0.00904536247253418,2
57,graficon11nodi/grafo316.11,9,11,13,14,16,9.0,0,9.0,0.027806997299194336,2
58,graficon13nodi/grafo2415.13,9,13,13,14,14,4.0,0,4.0,0.02704644203186035,2
59,graficon12nodi/grafo861.12,9,12,12,14,14,9.0,0,9.0,0.05246734619140625,2
60,graficon11nodi/grafo612.11,9,11,11,13,13,4.0,0,4.0,0.025905847549438477,2
61,graficon10nodi/grafo513.10,9,10,10,12,12,4.0,0,4.0,0.024634361267089844,2
62,graficon12nodi/grafo352.12,9,12,12,14,14,4.0,1,4.0,0.027351856231689453,2
63,graficon11nodi/grafo3113.11,9,11,11,13,13,3.0,0,3.0,0.02013707160949707,2
64,graficon12nodi/grafo2651.12,9,12,13,12,13,6.999999999999993,2,6.999999999999993,0.03535604476928711,2
65,graficon13nodi/grafo2595.13,9,13,12,13,12,3.0,0,3.0,0.029859066009521484,2
66,graficon14nodi/grafo345.14,9,14,13,14,13,3.999999999999993,0,3.9999999999999964,0.03244376182556152,2
67,graficon10nodi/grafo209.10,9,10,10,12,12,4.0,0,4.0,0.022733211517333984,2
68,graficon11nodi/grafo1005.11,9,11,11,12,12,5.0,0,5.0,0.028003692626953125,2
69,graficon10nodi/grafo1032.10,9,10,9,10,9,2.0,0,2.0,0.021557331085205078,2
70,graficon10nodi/grafo210.10,9,10,10,12,12,4.0,0,4.0,0.022792577743530273,2
71,graficon11nodi/grafo759.11,9,11,12,12,13,6.0,1,6.0,0.030069589614868164,2
72,graficon10nodi/grafo265.10,9,10,12,12,14,8.0,1,8.0,0.0320439338684082,2
73,graficon12nodi/grafo2439.12,9,12,12,13,13,5.0,0,5.0,0.025434494018554688,2
74,graficon11nodi/grafo748.11,9,11,11,13,13,4.0,0,4.0,0.02431774139404297,2
75,graficon11nodi/grafo2714.11,9,11,11,13,13,3.0,0,3.0,0.008371353149414062,2
76,graficon15nodi/grafo886.15,9,15,15,18,18,6.0,0,6.0,0.027353525161743164,2
77,graficon12nodi/grafo2359.12,9,12,17,16,21,23.99999999999999,3,23.99999999999999,1.403669834136963,2
78,graficon17nodi/grafo565.17,9,17,17,19,19,5.0,0,5.0,0.0370945930480957,2
79,graficon14nodi/grafo642.14,9,14,15,16,17,7.999999999999985,1,7.999999999999985,0.029578447341918945,2
80,graficon15nodi/grafo2783.15,9,15,17,19,21,12.999999999999998,1,13.0,0.07911419868469238,2
81,graficon12nodi/grafo2707.12,9,12,14,16,18,8.0,1,8.0,0.030369043350219727,2
82,graficon16nodi/grafo2861.16,9,16,15,18,17,10.0,1,10.0,1.5808427333831787,2
83,graficon16nodi/grafo853.16,9,16,16,16,16,5.0,0,5.0,0.02999138832092285,2
84,graficon17nodi/grafo1122.17,9,17,17,19,19,5.0,0,5.0,0.028667926788330078,2
85,graficon11nodi/grafo2384.11,9,11,12,15,16,6.0,0,6.0,0.031633853912353516,2
86,graficon15nodi/grafo1618.15,9,15,16,19,20,12.0,0,12.0,0.035956621170043945,2
87,graficon13nodi/grafo325.13,9,13,14,15,16,7.0,1,7.0,0.013170003890991211,2
88,graficon17nodi/grafo1161.17,9,17,18,19,20,11.0,0,11.0,0.07276487350463867,2
89,graficon13nodi/grafo510.13,9,13,16,18,21,11.0,1,11.0,0.03253054618835449,2
90,graficon14nodi/grafo367.14,9,14,14,15,15,5.0,0,5.0,0.0233001708984375,2
91,graficon13nodi/grafo477.13,9,13,13,15,15,3.0,0,3.0,0.023852825164794922,2
92,graficon13nodi/grafo951.13,9,13,17,19,23,21.999999999999915,0,21.999999999999915,2.0749824047088623,2
93,graficon11nodi/grafo1734.11,9,11,14,17,20,11.999999999999979,1,11.999999999999979,0.03823256492614746,2
94,graficon15nodi/grafo2797.15,9,15,17,15,17,10.0,1,10.0,0.02724909782409668,2
95,graficon12nodi/grafo2335.12,9,12,14,19,21,9.0,0,9.0,0.009608745574951172,2
96,graficon10nodi/grafo1740.10,9,10,13,17,20,17.0,1,17.0,0.039298057556152344,2
97,graficon13nodi/grafo1853.13,9,13,15,17,19,16.99999999999959,3,16.99999999999959,1.4213852882385254,2
98,graficon16nodi/grafo2142.16,9,16,16,17,17,7.0,0,7.0,0.03586935997009277,2
99,graficon14nodi/grafo956.14,9,14,15,15,16,7.999999999999991,1,7.999999999999991,0.03706502914428711,2
100,graficon15nodi/grafo585.15,9,15,16,19,20,11.000000000000002,0,11.000000000000002,0.030819177627563477,2
101,graficon14nodi/grafo2291.14,9,14,14,16,16,11.999999999999915,1,11.999999999999915,0.04656195640563965,2
102,graficon14nodi/grafo1658.14,9,14,15,19,20,7.0,0,7.0,0.027858972549438477,2
103,graficon13nodi/grafo559.13,9,13,15,19,21,10.0,0,10.0,0.026039600372314453,2
104,graficon15nodi/grafo2377.15,9,15,15,16,16,6.0,0,6.0,0.0334165096282959,2
105,graficon14nodi/grafo2189.14,9,14,16,17,19,12.0,1,12.0,0.03091740608215332,2
106,graficon16nodi/grafo322.16,9,16,15,17,16,5.999999999999991,0,5.999999999999991,0.04324674606323242,2
107,graficon14nodi/grafo2460.14,9,14,14,15,15,5.0,0,5.0,0.012898921966552734,2
108,graficon16nodi/grafo1177.16,9,16,15,17,16,5.999999999999998,0,5.999999999999998,0.03392672538757324,2
109,graficon13nodi/grafo203.13,9,13,14,15,16,8.0,1,8.0,0.04068803787231445,2
110,graficon13nodi/grafo387.13,9,13,15,19,21,12.0,1,12.0,0.033022165298461914,2
111,graficon15nodi/grafo1107.15,9,15,19,19,23,18.99999999999998,0,18.99999999999998,0.03820657730102539,2
112,graficon12nodi/grafo576.12,9,12,14,17,19,6.999999999999997,0,7.0,0.03009629249572754,2
113,graficon12nodi/grafo542.12,9,12,14,17,19,8.0,0,8.0,0.030286788940429688,2
114,graficon10nodi/grafo1898.10,9,10,15,16,21,20.0,1,20.0,0.04019951820373535,2
115,graficon12nodi/grafo543.12,9,12,12,15,15,4.999999999999979,1,4.999999999999979,0.03697991371154785,2
116,graficon14nodi/grafo843.14,9,14,14,15,15,10.999999999999938,0,11.0,1.4243957996368408,2
117,graficon14nodi/grafo1620.14,9,14,15,17,18,7.0,0,7.0,0.02311563491821289,2
118,graficon14nodi/grafo255.14,9,14,16,16,18,14.999999999999892,2,14.999999999999892,1.3550124168395996,2
119,graficon14nodi/grafo899.14,9,14,15,15,16,11.0,1,11.0,1.3755042552947998,2
120,graficon17nodi/grafo422.17,9,17,17,18,18,9.0,0,9.0,0.03621959686279297,2
121,graficon13nodi/grafo440.13,9,13,14,18,19,9.0,0,9.0,0.03054189682006836,2
122,graficon11nodi/grafo280.11,9,11,12,15,16,8.999999999999993,0,8.999999999999993,0.02665424346923828,2
123,graficon15nodi/grafo2331.15,9,15,17,17,19,10.0,0,10.0,0.008867740631103516,2
124,graficon11nodi/grafo1006.11,9,11,12,15,16,5.0,0,5.0,0.025500774383544922,2
125,graficon13nodi/grafo2218.13,9,13,13,16,16,5.999999999999993,1,5.999999999999995,0.03467750549316406,2
126,graficon14nodi/grafo3087.14,9,14,14,16,16,10.0,0,10.0,1.4777414798736572,2
127,graficon16nodi/grafo1069.16,9,16,15,17,16,6.0,0,6.0,0.04160428047180176,2
128,graficon14nodi/grafo524.14,9,14,15,15,16,7.0,0,7.000000000000005,0.02773451805114746,2
129,graficon11nodi/grafo1913.11,9,11,14,15,18,10.0,0,10.0,0.009690523147583008,2
130,graficon14nodi/grafo2919.14,9,14,15,17,18,6.999999999999991,0,6.999999999999991,0.03310561180114746,2
131,graficon16nodi/grafo418.16,9,16,18,19,21,15.0,0,15.0,0.0361781120300293,2
132,graficon13nodi/grafo1935.13,9,13,18,17,22,16.0,1,16.0,0.030042409896850586,2
133,graficon17nodi/grafo774.17,9,17,18,19,20,16.0,2,16.0,1.9238243103027344,2
134,graficon16nodi/grafo1029.16,9,16,16,18,18,5.0,0,5.0,0.03063035011291504,2
135,graficon12nodi/grafo2663.12,9,12,13,15,16,6.0,0,6.0,0.03922104835510254,2
136,graficon14nodi/grafo2634.14,9,14,13,15,14,6.0,0,6.0,0.035744428634643555,2
137,graficon12nodi/grafo2380.12,9,12,12,16,16,8.0,0,8.0,0.037596940994262695,2
138,graficon17nodi/grafo2146.17,9,17,17,19,19,8.0,0,8.0,0.03857016563415527,2
139,graficon14nodi/grafo2900.14,9,14,14,18,18,7.0,0,7.0,0.028408527374267578,2
140,graficon13nodi/grafo430.13,9,13,14,16,17,6.0,0,6.0,0.00879526138305664,2
141,graficon10nodi/grafo938.10,9,10,14,19,23,24.000000000000128,3,24.000000000000128,1.8456902503967285,2
142,graficon14nodi/grafo1063.14,9,14,15,18,19,7.0,0,7.0,0.04201221466064453,2
143,graficon11nodi/grafo2964.11,9,11,12,19,20,6.999999999999989,0,6.999999999999995,0.05344367027282715,2
144,graficon13nodi/grafo989.13,9,13,14,18,19,6.0,0,6.0,0.0334169864654541,2
145,graficon11nodi/grafo822.11,9,11,13,18,20,7.0,1,7.0,0.033209800720214844,2
146,graficon10nodi/grafo1774.10,9,10,15,16,21,20.0,1,20.0,0.031172513961791992,2
147,graficon11nodi/grafo900.11,9,11,13,18,20,7.0,0,7.0,0.03420114517211914,2
148,graficon13nodi/grafo2927.13,9,13,14,19,20,12.999999999999979,1,12.999999999999982,0.10014033317565918,2
149,graficon13nodi/grafo2354.13,9,13,16,19,22,16.0,1,16.0,0.052800893783569336,2
150,graficon13nodi/grafo791.13,9,13,15,19,21,8.999999999999993,1,8.999999999999996,0.04000592231750488,2
151,graficon16nodi/grafo1945.16,9,16,17,23,24,11.99999999999999,2,12.000000000000009,2.8638756275177,2
152,graficon17nodi/grafo2644.17,9,17,19,23,25,11.0,0,11.0,0.029877185821533203,2
153,graficon17nodi/grafo2882.17,9,17,18,24,25,8.0,0,8.0,0.03461909294128418,2
154,graficon19nodi/grafo794.19,9,19,21,22,24,14.999999999999975,1,14.999999999999975,0.057874202728271484,2
155,graficon14nodi/grafo489.14,9,14,15,22,23,9.0,1,9.00000000000016,0.10023069381713867,2
156,graficon18nodi/grafo1865.18,9,18,20,23,25,16.0,0,16.0,0.04992842674255371,2
157,graficon15nodi/grafo1970.15,9,15,17,22,24,9.99999999999999,0,9.999999999999991,0.05913805961608887,2
158,graficon14nodi/grafo2419.14,9,14,17,24,27,14.0,1,14.0,0.07097101211547852,2
159,graficon12nodi/grafo2855.12,9,12,17,24,29,16.99999999999997,1,16.999999999999982,0.028502225875854492,2
160,graficon13nodi/grafo1729.13,9,13,19,22,28,31.0,5,31.0,3.941995620727539,2
161,graficon13nodi/grafo2832.13,9,13,14,23,24,8.999999999999957,0,8.999999999999961,1.3571710586547852,2
162,graficon18nodi/grafo1893.18,9,18,18,21,21,8.999999999999996,0,8.999999999999996,0.048468828201293945,2
163,graficon18nodi/grafo1059.18,9,18,18,22,22,6.0,0,6.0,0.039316415786743164,2
164,graficon12nodi/grafo2890.12,9,12,14,20,22,9.0,0,9.0,0.05450892448425293,2
165,graficon16nodi/grafo2231.16,9,16,20,22,26,22.0,1,22.0,0.04835700988769531,2
166,graficon20nodi/grafo2767.20,9,20,22,24,26,12.999999999999982,1,12.999999999999982,0.07756185531616211,2
167,graficon20nodi/grafo3051.20,9,20,23,24,27,11.0,0,11.0,0.038491249084472656,2
168,graficon12nodi/grafo638.12,9,12,17,22,27,16.0,0,16.0,0.03193259239196777,2
169,graficon15nodi/grafo2233.15,9,15,20,23,28,24.999999999999954,0,24.999999999999964,1.6919732093811035,2
170,graficon16nodi/grafo275.16,9,16,18,24,26,12.0,1,12.000000000000005,0.05554652214050293,2
171,graficon22nodi/grafo2137.22,9,22,21,24,23,6.999999999999971,0,6.999999999999988,0.059934377670288086,2
172,graficon18nodi/grafo314.18,9,18,18,22,22,6.0,0,6.0,0.04660773277282715,2
173,graficon15nodi/grafo2225.15,9,15,18,23,26,11.0,0,11.0,0.027584314346313477,2
174,graficon11nodi/grafo1876.11,9,11,19,24,32,24.99999950086666,6,25.000000500000002,4.15416145324707,2
175,graficon13nodi/grafo891.13,9,13,13,20,20,5.000000000000001,0,5.000000000000001,0.03636813163757324,2
176,graficon12nodi/grafo2675.12,9,12,14,20,22,9.0,0,9.0,0.0540006160736084,2
177,graficon11nodi/grafo1835.11,9,11,15,21,25,15.999999999999986,0,15.999999999999993,0.06232452392578125,2
178,graficon23nodi/grafo2357.23,9,23,22,24,23,13.0,0,13.0,0.05104255676269531,2
179,graficon15nodi/grafo1982.15,9,15,17,24,26,12.999999999999963,1,12.999999999999963,1.4439277648925781,2
180,graficon14nodi/grafo378.14,9,14,17,22,25,19.999999999999744,0,19.999999999999872,2.4050025939941406,2
181,graficon17nodi/grafo2324.17,9,17,21,23,27,14.0,2,14.0,0.04211091995239258,2
182,graficon13nodi/grafo964.13,9,13,16,23,26,14.999999999999902,0,15.000000000000032,0.07076144218444824,2
183,graficon19nodi/grafo423.19,9,19,21,23,25,14.999999999999972,0,14.999999999999972,0.06789922714233398,2
184,graficon13nodi/grafo2204.13,9,13,13,20,20,7.0,0,7.0,0.054938316345214844,2
185,graficon13nodi/grafo443.13,9,13,15,20,22,11.0,2,11.0,0.04109954833984375,2
186,graficon20nodi/grafo215.20,9,20,22,24,26,17.0,1,17.0,0.05143165588378906,2
187,graficon14nodi/grafo1662.14,9,14,20,24,30,20.99999999999963,2,20.999999999999815,1.4778273105621338,2
188,graficon20nodi/grafo495.20,9,20,20,24,24,7.9999999999999964,0,7.999999999999998,0.05158185958862305,2
189,graficon16nodi/grafo2281.16,9,16,21,24,29,22.999999999999996,1,23.0,0.05731678009033203,2
190,graficon11nodi/grafo1054.11,9,11,15,23,27,21.999999999999954,0,21.999999999999954,1.5714647769927979,2
191,graficon16nodi/grafo661.16,9,16,17,21,22,9.999999999999979,1,9.999999999999986,0.0405421257019043,2
192,graficon12nodi/grafo844.12,9,12,18,20,26,25.999999999999925,2,25.99999999999993,0.05877232551574707,2
193,graficon19nodi/grafo1661.19,9,19,21,21,23,12.999999999999998,2,12.999999999999998,1.8299143314361572,2
194,graficon18nodi/grafo2186.18,9,18,23,23,28,16.0,3,16.0,0.04022932052612305,2
195,graficon12nodi/grafo2867.12,9,12,16,22,26,20.0,0,20.0,0.037836551666259766,2
196,graficon15nodi/grafo1136.15,9,15,17,24,26,12.999999999999995,0,13.00000000000001,0.03839254379272461,2
197,graficon20nodi/grafo1651.20,9,20,21,23,24,17.0,1,17.0,1.6499958038330078,2
198,graficon15nodi/grafo2157.15,9,15,15,20,20,7.000000000000001,0,7.000000000000001,0.036820173263549805,2
199,graficon17nodi/grafo1634.17,9,17,18,20,21,16.0,1,16.0,0.05929684638977051,2
200,graficon16nodi/grafo2440.16,9,16,20,22,26,19.0,4,19.0,0.12723708152770996,2
201,graficon18nodi/grafo953.18,9,18,18,22,22,6.0,0,6.0,0.038439035415649414,2
202,graficon23nodi/grafo1485.23,9,23,22,23,22,9.0,0,9.0,0.09318375587463379,2
203,graficon13nodi/grafo2620.13,9,13,16,20,23,15.0,0,15.0,0.037764787673950195,2
204,graficon17nodi/grafo2680.17,9,17,22,22,27,21.999999999999847,2,21.999999999999847,1.538254737854004,2
205,graficon20nodi/grafo1649.20,9,20,22,24,26,24.99999999999995,2,24.99999999999995,0.09382152557373047,2
206,graficon19nodi/grafo1897.19,9,19,20,24,25,12.0,0,12.0,0.0674753189086914,2
207,graficon13nodi/grafo2645.13,9,13,17,23,27,15.0,0,15.0,0.04616236686706543,2
208,graficon18nodi/grafo2480.18,9,18,21,22,25,15.0,0,15.0,0.04937148094177246,2
209,graficon13nodi/grafo2298.13,9,13,14,21,22,7.999999999999998,0,8.000000000000007,0.069122314453125,2
210,graficon15nodi/grafo739.15,9,15,18,23,26,13.999999999999853,0,13.99999999999985,0.08225703239440918,2
211,graficon17nodi/grafo2679.17,9,17,19,21,23,13.999999999999993,1,14.0,0.038719892501831055,2
212,graficon14nodi/grafo2430.14,9,14,15,21,22,9.999999999999995,0,10.000000000000005,0.03340864181518555,2
213,graficon15nodi/grafo582.15,9,15,16,22,23,10.0,0,10.0,0.02819085121154785,2
214,graficon11nodi/grafo1619.11,9,11,15,21,25,15.000000000000002,3,15.000000000000002,2.405717611312866,2
215,graficon15nodi/grafo1124.15,9,15,16,23,24,9.0,0,9.0,0.04374980926513672,2
216,graficon12nodi/grafo1763.12,9,12,21,22,31,36.99999999999966,2,36.99999999999966,1.6614677906036377,2
217,graficon17nodi/grafo1094.17,9,17,19,21,23,10.0,0,10.0,0.04226493835449219,2
218,graficon15nodi/grafo2903.15,9,15,16,20,21,10.99999999999994,1,10.99999999999994,0.057240962982177734,2
219,graficon11nodi/grafo1088.11,9,11,17,22,28,25.99999999999993,0,25.999999999999964,1.401557207107544,2
220,graficon17nodi/grafo645.17,9,17,19,21,23,15.999999999999986,0,15.999999999999986,0.0657804012298584,2
221,graficon16nodi/grafo2537.16,9,16,19,21,24,9.0,0,9.0,0.03392148017883301,2
222,graficon15nodi/grafo1030.15,9,15,16,23,24,9.0,0,9.0,0.04869675636291504,2
223,graficon14nodi/grafo242.14,9,14,16,21,23,10.0,0,10.0,0.031831979751586914,2
224,graficon17nodi/grafo1009.17,9,17,17,24,24,6.999999999999971,0,6.9999999999999805,0.03208422660827637,2
225,graficon13nodi/grafo3112.13,9,13,14,20,21,8.999999999999996,0,9.0,0.03643202781677246,2
226,graficon16nodi/grafo1731.16,9,16,19,25,28,12.0,0,12.0,0.044638872146606445,2
227,graficon16nodi/grafo967.16,9,16,17,26,27,8.000000000000002,0,8.000000000000002,0.04146909713745117,2
228,graficon17nodi/grafo1732.17,9,17,20,27,30,14.999999999999998,0,14.999999999999998,0.07062816619873047,2
229,graficon20nodi/grafo2272.20,9,20,23,27,30,21.999999999999954,0,21.999999999999954,0.049278974533081055,2
230,graficon18nodi/grafo1146.18,9,18,29,29,40,48.0,7,48.0,0.4157984256744385,2
231,graficon18nodi/grafo2289.18,9,18,20,25,27,13.999999999999968,0,13.999999999999968,1.3649036884307861,2
232,graficon16nodi/grafo2420.16,9,16,18,28,30,9.0,1,9.0,0.06837725639343262,2
233,graficon12nodi/grafo574.12,9,12,19,27,34,26.99999999999995,2,26.99999999999995,0.1268768310546875,2
234,graficon21nodi/grafo804.21,9,21,22,28,29,15.999999999999957,0,15.999999999999957,1.5796515941619873,2
235,graficon22nodi/grafo694.22,9,22,23,27,28,12.0,0,12.0,0.030367612838745117,2
236,graficon17nodi/grafo479.17,9,17,23,25,31,36.99999999999999,8,37.00000000000017,8.639846086502075,2
237,graficon18nodi/grafo538.18,9,18,19,25,26,11.0,0,11.000000000000004,0.058458566665649414,2
238,graficon21nodi/grafo2416.21,9,21,24,29,32,12.0,1,12.0,0.06356215476989746,2
239,graficon17nodi/grafo2418.17,9,17,20,26,29,15.999999999999993,2,15.999999999999993,3.1935064792633057,2
240,graficon24nodi/grafo1463.24,9,24,25,25,26,15.0,0,15.000000000000075,2.4589803218841553,2
241,graficon13nodi/grafo1885.13,9,13,16,25,28,15.0,0,15.0,0.06351399421691895,2
242,graficon11nodi/grafo1697.11,9,11,17,28,34,18.99999999999968,2,18.99999999999968,0.12123918533325195,2
243,graficon15nodi/grafo583.15,9,15,19,25,29,19.99999999999994,2,19.99999999999994,3.677704334259033,2
244,graficon19nodi/grafo2951.19,9,19,24,27,32,24.0,1,24.0,0.06594371795654297,2
245,graficon14nodi/grafo520.14,9,14,22,29,37,27.99999999999993,0,27.99999999999993,0.05709218978881836,2
246,graficon17nodi/grafo2594.17,9,17,21,25,29,22.999999999999897,2,22.999999999999897,1.340163230895996,2
247,graficon18nodi/grafo993.18,9,18,23,28,33,25.00000000000002,3,25.00000000000002,2.809208393096924,2
248,graficon21nodi/grafo127.21,9,21,21,26,26,12.0,0,12.0,0.0445401668548584,2
249,graficon16nodi/grafo400.16,9,16,17,26,27,8.000000000000002,0,8.000000000000002,0.03683352470397949,2
250,graficon17nodi/grafo302.17,9,17,19,28,30,10.0,0,10.000000000000005,0.0448760986328125,2
251,graficon21nodi/grafo158.21,9,21,24,29,32,13.999999999999996,1,13.999999999999996,0.04691433906555176,2
252,graficon16nodi/grafo540.16,9,16,17,26,27,8.000000000000002,0,8.000000000000002,0.02751922607421875,2
253,graficon13nodi/grafo2303.13,9,13,19,28,34,28.999999999999858,0,28.99999999999995,1.4896771907806396,2
254,graficon21nodi/grafo1937.21,9,21,24,26,29,16.0,4,16.0,1.4535067081451416,2
255,graficon15nodi/grafo778.15,9,15,17,26,28,11.0,0,11.0,0.03019094467163086,2
256,graficon15nodi/grafo855.15,9,15,17,25,27,10.0,0,10.0,0.040618181228637695,2
257,graficon18nodi/grafo1652.18,9,18,20,25,27,17.99999999999998,0,17.99999999999998,1.5427865982055664,2
258,graficon13nodi/grafo2659.13,9,13,16,25,28,12.0,0,12.0,0.04629373550415039,2
259,graficon17nodi/grafo2682.17,9,17,19,26,28,17.999999999999872,2,17.999999999999872,0.11681652069091797,2
260,graficon16nodi/grafo1119.16,9,16,22,28,34,32.99999999999991,3,32.99999999999991,4.1405041217803955,2
261,graficon14nodi/grafo1870.14,9,14,21,28,35,23.0,3,23.000000000000004,2.10984468460083,2
262,graficon19nodi/grafo1172.19,9,19,23,26,30,19.999999999999993,1,19.999999999999993,0.08999514579772949,2
263,graficon13nodi/grafo511.13,9,13,14,25,26,4.0,0,4.0,0.015271902084350586,2
264,graficon18nodi/grafo1648.18,9,18,24,26,32,25.0,6,25.0,5.502751350402832,2
265,graficon17nodi/grafo893.17,9,17,21,26,30,21.999999999999957,0,21.999999999999957,0.06891584396362305,2
266,graficon17nodi/grafo917.17,9,17,20,28,31,14.999999999999996,0,14.999999999999998,0.04475212097167969,2
267,graficon23nodi/grafo2256.23,9,23,26,29,32,18.0,0,18.0,0.01663970947265625,2
268,graficon18nodi/grafo2556.18,9,18,22,28,32,21.0,0,21.0,0.04141116142272949,2
269,graficon15nodi/grafo2921.15,9,15,17,27,29,9.999999999999988,0,9.999999999999993,0.03553462028503418,2
270,graficon21nodi/grafo1762.21,9,21,25,25,29,24.999999999998884,5,24.999999999998884,2.641160011291504,2
271,graficon21nodi/grafo1064.21,9,21,26,25,30,26.000000000000096,10,26.00000000000042,3.869706630706787,2
272,graficon18nodi/grafo784.18,9,18,23,25,30,33.00000000000002,3,33.00000000000003,2.476977825164795,2
273,graficon16nodi/grafo2236.16,9,16,20,28,32,18.999999999999993,1,18.999999999999993,1.4651157855987549,2
274,graficon17nodi/grafo2345.17,9,17,20,26,29,14.999999999999993,1,15.0,0.03970670700073242,2
275,graficon18nodi/grafo2307.18,9,18,23,26,31,20.999999999999968,3,20.999999999999968,1.4263637065887451,2
276,graficon17nodi/grafo1056.17,9,17,22,29,34,20.0,1,20.0,0.0425112247467041,2
277,graficon18nodi/grafo1152.18,9,18,24,28,34,24.0,1,24.0,0.11242508888244629,2
278,graficon24nodi/grafo3100.24,9,24,28,26,30,17.999999999999947,2,18.000000000000114,2.063156843185425,2
279,graficon16nodi/grafo279.16,9,16,19,27,30,16.0,0,16.0,0.029837846755981445,2
280,graficon17nodi/grafo2401.17,9,17,31,28,42,82.9999986558789,37,82.99999958809988,600.5029392242432,9
281,graficon16nodi/grafo2302.16,9,16,20,25,29,14.0,1,14.0,0.04438018798828125,2
282,graficon16nodi/grafo2525.16,9,16,19,26,29,14.0,1,14.0,0.022393465042114258,2
283,graficon17nodi/grafo2924.17,9,17,22,28,33,24.999999999999982,1,24.999999999999982,0.05922269821166992,2
284,graficon22nodi/grafo167.22,9,22,24,29,31,14.999999999999817,1,14.999999999999817,0.09937620162963867,2
285,graficon16nodi/grafo2542.16,9,16,21,26,31,21.0,1,21.0,0.047844886779785156,2
286,graficon16nodi/grafo2636.16,9,16,22,26,32,19.0,5,19.0,3.583954334259033,2
287,graficon17nodi/grafo2758.17,9,17,20,26,29,14.999999999999966,1,14.999999999999986,0.05288505554199219,2
288,graficon20nodi/grafo2554.20,9,20,22,25,27,15.0,1,15.0,0.04394888877868652,2
289,graficon25nodi/grafo2775.25,9,25,26,25,26,15.999999999999648,2,15.999999999999648,1.445610523223877,2
290,graficon19nodi/grafo409.19,9,19,22,25,28,19.999999999999886,2,19.999999999999886,0.11434412002563477,2
291,graficon16nodi/grafo2326.16,9,16,21,25,30,24.999999999999943,1,24.999999999999943,0.05168795585632324,2
292,graficon14nodi/grafo596.14,9,14,16,27,29,10.0,0,10.0,0.03807497024536133,2
293,graficon20nodi/grafo679.20,9,20,25,29,34,22.99999999999998,2,22.99999999999999,1.7959246635437012,2
294,graficon23nodi/grafo188.23,9,23,24,27,28,12.999999999999996,0,12.999999999999996,0.07351326942443848,2
295,graficon19nodi/grafo2449.19,9,19,24,25,30,21.0,4,21.0,0.16565155982971191,2
296,graficon23nodi/grafo1038.23,9,23,24,27,28,9.999999999999966,1,9.999999999999966,0.0658884048461914,2
297,graficon17nodi/grafo2177.17,9,17,22,26,31,23.0,0,23.0,0.04669904708862305,2
298,graficon20nodi/grafo786.20,9,20,23,26,29,21.0,2,21.0,1.600205898284912,2
299,graficon17nodi/grafo1875.17,9,17,21,28,32,31.999999999999293,1,31.999999999999577,5.828614234924316,2
300,graficon14nodi/grafo796.14,9,14,19,27,32,25.000000000000004,3,25.000000000000004,3.714271306991577,2
301,graficon21nodi/grafo2119.21,9,21,27,32,38,38.9999999999997,8,39.000000000000405,14.890753984451294,2
302,graficon15nodi/grafo1013.15,9,15,23,31,39,41.99999999999983,2,41.99999999999983,2.057748794555664,2
303,graficon17nodi/grafo415.17,9,17,24,33,40,40.00000000000001,6,40.00000000000001,4.0508527755737305,2
304,graficon26nodi/grafo578.26,9,26,27,30,31,18.999999999999996,1,18.999999999999996,1.704207420349121,2
305,graficon25nodi/grafo2077.25,9,25,29,31,35,27.000000000001027,8,27.00000000000219,7.844644784927368,2
306,graficon29nodi/grafo2085.29,9,29,30,33,34,12.0,0,12.0,0.04881429672241211,2
307,graficon19nodi/grafo1834.19,9,19,23,32,36,14.999999999999998,0,15.0,0.06346917152404785,2
308,graficon24nodi/grafo1830.24,9,24,29,34,39,27.999999999999957,1,27.99999999999997,1.3955309391021729,2
309,graficon21nodi/grafo245.21,9,21,22,30,31,11.999999999999991,1,11.999999999999991,0.08506965637207031,2
310,graficon21nodi/grafo1645.21,9,21,23,30,32,17.999999999999975,0,18.000000000000014,0.09212303161621094,2
311,graficon20nodi/grafo1761.20,9,20,26,31,37,21.0,0,21.0,0.06700015068054199,2
312,graficon26nodi/grafo1805.26,9,26,31,33,38,21.999999999999922,6,21.999999999999957,0.3185999393463135,2
313,graficon18nodi/grafo2744.18,9,18,24,34,40,30.99999999999999,3,31.000000000000107,2.3124382495880127,2
314,graficon20nodi/grafo2268.20,9,20,24,32,36,20.0,3,20.0,2.2507033348083496,2
315,graficon25nodi/grafo2837.25,9,25,27,32,34,11.999999999999858,0,11.999999999999858,0.07607889175415039,2
316,graficon21nodi/grafo2833.21,9,21,24,30,33,20.0,1,20.0,0.04628562927246094,2
317,graficon20nodi/grafo3049.20,9,20,24,33,37,23.000000000000018,2,23.000000000000036,1.4752483367919922,2
318,graficon26nodi/grafo1799.26,9,26,30,32,36,25.0,3,25.0,2.419731855392456,2
319,graficon17nodi/grafo1403.17,9,17,23,30,36,30.0,1,30.0,0.09978079795837402,2
320,graficon27nodi/grafo2498.27,9,27,32,34,39,33.0,3,33.0,2.789733409881592,2
321,graficon22nodi/grafo2819.22,9,22,25,33,36,13.999999999999995,0,14.0,0.07318115234375,2
322,graficon16nodi/grafo421.16,9,16,22,33,39,31.999999999999822,1,31.999999999999822,1.8599200248718262,2
323,graficon14nodi/grafo1074.14,9,14,19,32,37,17.0,2,17.0,0.07575106620788574,2
324,graficon24nodi/grafo918.24,9,24,24,32,32,9.999999999999993,0,10.0,0.07662582397460938,2
325,graficon18nodi/grafo1780.18,9,18,24,30,36,25.999999999999982,1,25.999999999999986,1.5214476585388184,2
326,graficon29nodi/grafo1198.29,9,29,29,31,31,13.0,1,13.000000000000004,2.162731647491455,2
327,graficon15nodi/grafo2591.15,9,15,23,31,39,31.00000000000002,2,31.00000000000003,2.156615972518921,2
328,graficon19nodi/grafo924.19,9,19,21,32,34,17.99999999999995,0,17.99999999999995,0.05870962142944336,2
329,graficon23nodi/grafo835.23,9,23,27,31,35,28.000000000000014,7,28.00000000000001,5.481061935424805,2
330,graficon17nodi/grafo829.17,9,17,21,33,37,23.0,0,23.0,0.055994510650634766,2
331,graficon16nodi/grafo1635.16,9,16,25,34,43,32.99999999999967,1,32.99999999999967,2.0528132915496826,2
332,graficon14nodi/grafo649.14,9,14,24,32,42,43.9999999999976,6,44.000000000000426,8.802641153335571,2
333,graficon18nodi/grafo1824.18,9,18,23,32,37,15.0,1,15.0,0.052591562271118164,2
334,graficon26nodi/grafo1629.26,9,26,29,30,33,16.99999999999998,1,16.99999999999998,2.803884744644165,2
335,graficon15nodi/grafo1142.15,9,15,24,32,41,35.99999999999991,1,35.999999999999915,0.18990349769592285,2
336,graficon22nodi/grafo2410.22,9,22,24,30,32,10.999999999999947,1,10.999999999999982,0.059600114822387695,2
337,graficon23nodi/grafo2028.23,9,23,32,32,41,47.0,14,47.000000000000014,22.432207822799683,2
338,graficon25nodi/grafo1040.25,9,25,32,34,41,44.0,12,44.0,16.202011585235596,2
339,graficon17nodi/grafo2494.17,9,17,20,30,33,13.0,1,13.0,0.054617881774902344,2
340,graficon21nodi/grafo381.21,9,21,23,31,33,20.0,1,20.0,1.3748457431793213,2
341,graficon19nodi/grafo2425.19,9,19,23,30,34,22.0,2,22.0,0.1243276596069336,2
342,graficon26nodi/grafo1230.26,9,26,29,30,33,15.999999999999982,2,15.999999999999982,2.3229236602783203,2
343,graficon17nodi/grafo1861.17,9,17,21,34,38,16.999999999999947,2,16.999999999999947,2.3801159858703613,2
344,graficon27nodi/grafo1232.27,9,27,31,33,37,33.999999999999886,8,33.99999999999996,10.951683521270752,2
345,graficon27nodi/grafo2582.27,9,27,27,34,34,13.0,0,13.0,1.4083027839660645,2
346,graficon24nodi/grafo2017.24,9,24,28,32,36,31.00000000000002,2,31.00000000000002,1.779473066329956,2
347,graficon32nodi/grafo11636.32,9,32,32,33,33,13.999999999999993,0,13.999999999999993,2.5846331119537354,2
348,graficon19nodi/grafo621.19,9,19,27,30,38,25.999999999999844,3,25.999999999999844,1.6518704891204834,2
349,graficon16nodi/grafo2023.16,9,16,20,34,38,16.999999999999773,2,17.000000000000075,0.17954063415527344,2
350,graficon23nodi/grafo622.23,9,23,25,33,35,16.99999999999998,1,16.999999999999993,0.07997012138366699,2
351,graficon19nodi/grafo2135.19,9,19,23,33,37,25.999999999999126,2,26.00000000000044,0.13496160507202148,2
352,graficon15nodi/grafo879.15,9,15,20,30,35,23.999999999999922,0,23.999999999999922,1.5067269802093506,2
353,graficon22nodi/grafo1012.22,9,22,24,31,33,16.0,0,16.0,0.10280728340148926,2
354,graficon20nodi/grafo429.20,9,20,28,34,42,32.99999999999978,7,32.99999999999989,3.722762107849121,2
355,graficon26nodi/grafo1269.26,9,26,28,31,33,26.999999999999694,0,26.999999999999694,4.29762077331543,2
356,graficon17nodi/grafo2520.17,9,17,24,32,39,34.9999999999999,8,34.9999999999999,2.9279720783233643,2
357,graficon32nodi/grafo10052.32,9,32,33,34,35,15.999999999999993,0,15.999999999999993,1.7426002025604248,2
358,graficon20nodi/grafo874.20,9,20,25,34,39,20.0,1,20.0,0.06296563148498535,2
359,graficon20nodi/grafo1901.20,9,20,26,33,39,50.999999999999865,2,50.99999999999987,6.139597415924072,2
360,graficon22nodi/grafo2456.22,9,22,26,33,37,24.0,0,24.0,0.04949522018432617,2
361,graficon17nodi/grafo276.17,9,17,20,31,34,15.999999999999902,1,15.999999999999902,0.07437872886657715,2
362,graficon25nodi/grafo575.25,9,25,29,34,38,25.0,2,25.0,0.15765976905822754,2
363,graficon17nodi/grafo517.17,9,17,23,33,39,27.999999999999986,1,27.999999999999986,0.05456805229187012,2
364,graficon19nodi/grafo1900.19,9,19,22,31,34,17.0,0,17.0,0.05390000343322754,2
365,graficon22nodi/grafo1422.22,9,22,22,30,30,16.0,0,16.0,0.09820818901062012,2
366,graficon25nodi/grafo862.25,9,25,28,33,36,22.999999999999957,1,22.999999999999957,0.11896729469299316,2
367,graficon23nodi/grafo545.23,9,23,28,32,37,21.99999999999999,1,21.99999999999999,0.06566929817199707,2
368,graficon24nodi/grafo2341.24,9,24,29,34,39,24.999999999999932,1,24.999999999999943,0.07529759407043457,2
369,graficon26nodi/grafo1512.26,9,26,30,34,38,23.000000000000018,2,23.000000000000018,1.9369573593139648,2
370,graficon18nodi/grafo1626.18,9,18,27,32,41,39.0,8,39.0,8.617552518844604,2
371,graficon21nodi/grafo2378.21,9,21,25,31,35,27.999999999999936,2,27.999999999999936,1.8904974460601807,2
372,graficon25nodi/grafo2051.25,9,25,26,33,34,9.999999999999979,0,9.999999999999986,0.039720773696899414,2
373,graficon32nodi/grafo9919.32,9,32,32,33,33,13.999999999999993,0,13.999999999999993,2.668595314025879,2
374,graficon18nodi/grafo1940.18,9,18,24,31,37,19.0,1,19.0,0.046822547912597656,2
375,graficon25nodi/grafo1338.25,9,25,26,34,35,20.999999999999957,0,20.999999999999957,2.8107128143310547,2
376,graficon33nodi/grafo11170.33,9,33,42,39,48,34.0,2,34.0,1.826880931854248,2
377,graficon23nodi/grafo2966.23,9,23,26,36,39,16.0,0,16.0,0.08604049682617188,2
378,graficon29nodi/grafo1102.29,9,29,29,37,37,16.0,0,16.0,1.6188364028930664,2
379,graficon26nodi/grafo1340.26,9,26,31,38,43,43.000000000000156,4,43.00000000000021,3.3388309478759766,2
380,graficon22nodi/grafo1850.22,9,22,28,38,44,24.999999999999936,1,24.999999999999957,0.11998271942138672,2
381,graficon28nodi/grafo2572.28,9,28,34,38,44,33.0,3,33.0,0.39815497398376465,2
382,graficon17nodi/grafo420.17,9,17,25,37,45,35.99999999999983,3,36.00000000000013,1.5386989116668701,2
383,graficon20nodi/grafo2670.20,9,20,28,36,44,23.999999999999893,3,23.999999999999893,1.4566829204559326,2
384,graficon26nodi/grafo2766.26,9,26,32,38,44,18.999999999999876,2,18.999999999999872,0.07907366752624512,2
385,graficon29nodi/grafo1333.29,9,29,31,38,40,28.0,0,28.0,1.4068307876586914,2
386,graficon21nodi/grafo1863.21,9,21,26,35,40,30.0,4,30.0,5.0393407344818115,2
387,graficon27nodi/grafo1623.27,9,27,30,37,40,16.0,1,16.0,1.4276618957519531,2
388,graficon33nodi/grafo2828.33,9,33,37,38,42,23.999999999999996,3,23.999999999999996,1.837489366531372,2
389,graficon26nodi/grafo2606.26,9,26,32,36,42,45.0,6,45.0,4.55638575553894,2
390,graficon19nodi/grafo2371.19,9,19,24,35,40,25.999999999999996,0,25.999999999999996,0.07849955558776855,2
391,graficon25nodi/grafo2700.25,9,25,28,36,39,19.999999999999975,2,19.999999999999982,2.337015390396118,2
392,graficon24nodi/grafo2587.24,9,24,28,36,40,25.000000000000007,6,25.000000000000014,12.44263768196106,2
393,graficon15nodi/grafo947.15,9,15,24,39,48,38.99999999999941,3,39.000000000000206,3.4360032081604004,2
394,graficon19nodi/grafo2562.19,9,19,28,36,45,35.999999999999886,4,35.999999999999886,8.055130958557129,2
395,graficon32nodi/grafo11456.32,9,32,33,35,36,15.999999999999964,1,15.999999999999964,1.5406763553619385,2
396,graficon27nodi/grafo248.27,9,27,33,38,44,34.99999999999959,4,34.99999999999959,8.352543354034424,2
397,graficon22nodi/grafo2676.22,9,22,26,38,42,17.999999999999957,0,17.999999999999957,0.11011648178100586,2
398,graficon32nodi/grafo11607.32,9,32,38,39,45,29.000000000000036,4,29.000000000000092,2.0454633235931396,2
399,graficon19nodi/grafo2171.19,9,19,23,35,39,16.999999999999904,1,16.999999999999904,0.09831762313842773,2
400,graficon19nodi/grafo1666.19,9,19,28,37,46,43.0,1,43.0,0.10144782066345215,2
401,graficon33nodi/grafo11210.33,9,33,42,39,48,34.0,2,34.0,1.8246567249298096,2
402,graficon26nodi/grafo2123.26,9,26,28,35,37,24.0,1,24.0,0.0790412425994873,2
403,graficon26nodi/grafo3056.26,9,26,36,35,45,58.000000000000014,17,58.000000000000014,211.90830445289612,2
404,graficon30nodi/grafo1582.30,9,30,34,35,39,35.99999925000046,2,35.99999925000047,18.71062445640564,2
405,graficon24nodi/grafo1440.24,9,24,32,37,45,49.99999999999957,7,49.99999999999957,9.112747430801392,2
406,graficon33nodi/grafo9903.33,9,33,42,39,48,34.0,2,34.0,1.8102209568023682,2
407,graficon23nodi/grafo1557.23,9,23,29,37,43,43.99999975074985,2,44.000000743333395,5.955553770065308,2
408,graficon21nodi/grafo1941.21,9,21,26,37,42,28.99999999999995,1,28.99999999999995,0.17124629020690918,2
409,graficon13nodi/grafo317.13,9,13,21,38,46,39.0,2,39.0,1.5282869338989258,2
410,graficon33nodi/grafo154.33,9,33,34,36,37,20.999999999999993,0,20.999999999999993,1.4673900604248047,2
411,graficon31nodi/grafo10007.31,9,31,34,35,38,28.999999999999893,4,29.000000000000213,2.5152230262756348,2
412,graficon20nodi/grafo1764.20,9,20,25,37,42,22.0,2,22.0,1.854853630065918,2
413,graficon31nodi/grafo5484.31,9,31,32,38,39,15.99999999999999,2,16.0,2.5714452266693115,2
414,graficon27nodi/grafo1286.27,9,27,31,36,40,24.0,2,24.0,2.6012587547302246,2
415,graficon23nodi/grafo2200.23,9,23,29,38,44,33.99999999999974,2,33.99999999999999,1.8488783836364746,2
416,graficon24nodi/grafo872.24,9,24,28,37,41,24.999999999999964,2,24.999999999999986,0.08776164054870605,2
417,graficon22nodi/grafo605.22,9,22,26,39,43,24.999999999999964,0,24.999999999999964,0.12001872062683105,2
418,graficon29nodi/grafo1034.29,9,29,32,38,41,41.0,1,41.0,2.5442306995391846,2
419,graficon21nodi/grafo2356.21,9,21,27,35,41,21.00000000000001,2,21.000000000000014,1.9174823760986328,2
420,graficon33nodi/grafo10134.33,9,33,34,37,38,17.0,1,17.0,0.061075448989868164,2
421,graficon32nodi/grafo9867.32,9,32,33,35,36,15.999999999999964,1,15.999999999999964,1.50077223777771,2
422,graficon26nodi/grafo753.26,9,26,28,36,38,11.0,2,11.0,2.4031031131744385,2
423,graficon21nodi/grafo123.21,9,21,25,38,42,22.999999999999908,1,22.999999999999908,0.10410451889038086,2
424,graficon25nodi/grafo1360.25,9,25,30,35,40,34.0,6,34.0,4.7331321239471436,2
425,graficon27nodi/grafo174.27,9,27,28,36,37,19.99999999999993,1,19.99999999999993,1.809436321258545,2
426,graficon20nodi/grafo251.20,9,20,23,36,39,23.0,1,23.0,1.7290887832641602,2
427,graficon18nodi/grafo2768.18,9,18,23,35,40,19.0,2,19.0,0.07045269012451172,2
428,graficon36nodi/grafo2402.36,9,36,38,39,41,25.000000000000092,0,25.00000000000105,2.4354326725006104,2
429,graficon30nodi/grafo1237.30,9,30,35,39,44,21.99999999999998,1,21.99999999999998,0.0735921859741211,2
430,graficon20nodi/grafo2284.20,9,20,30,37,47,40.0,7,40.0,4.565195322036743,2
431,graficon17nodi/grafo1160.17,9,17,23,39,45,27.999999999999964,1,27.999999999999975,1.8198339939117432,2
432,graficon27nodi/grafo2721.27,9,27,27,37,37,13.0,1,13.00000000000001,0.15421009063720703,2
433,graficon23nodi/grafo2691.23,9,23,31,39,47,37.0,5,37.0,10.25848388671875,2
434,graficon22nodi/grafo2875.22,9,22,27,38,43,21.99999999999995,2,21.99999999999995,2.7439212799072266,2
435,graficon33nodi/grafo11130.33,9,33,42,39,48,34.0,2,34.0,1.7569429874420166,2
436,graficon18nodi/grafo2805.18,9,18,25,36,43,34.00000000000009,3,34.0000000000001,3.6946473121643066,2
437,graficon16nodi/grafo2584.16,9,16,22,39,45,18.99999999999999,2,18.99999999999999,0.05865216255187988,2
438,graficon17nodi/grafo597.17,9,17,24,36,43,36.99999999999997,0,36.999999999999986,0.12143230438232422,2
439,graficon24nodi/grafo1950.24,9,24,27,39,42,22.999999999999996,1,23.00000000000001,1.8779258728027344,2
440,graficon25nodi/grafo2067.25,9,25,28,38,41,15.0,1,15.0,0.11659622192382812,2
441,graficon15nodi/grafo2448.15,9,15,23,38,46,28.0,2,28.0,1.6524250507354736,2
442,graficon26nodi/grafo1273.26,9,26,27,36,37,17.999999999999964,0,17.99999999999989,2.1974079608917236,2
443,graficon32nodi/grafo11397.32,9,32,33,37,38,16.99999999999998,0,16.99999999999998,1.9433798789978027,2
444,graficon33nodi/grafo11023.33,9,33,33,36,36,13.999999999999961,0,13.999999999999961,1.511303186416626,2
445,graficon33nodi/grafo11026.33,9,33,36,39,42,21.0,3,21.0,1.5881438255310059,2
446,graficon17nodi/grafo945.17,9,17,22,36,41,28.0,0,28.0,0.08229804039001465,2
447,graficon25nodi/grafo584.25,9,25,29,35,39,45.99999999999996,4,45.99999999999996,7.343310117721558,2
448,graficon12nodi/grafo2426.12,9,12,18,38,44,24.0,0,24.0,0.05681490898132324,2
449,graficon18nodi/grafo2731.18,9,18,23,35,40,18.0,0,18.0,0.07404780387878418,2
450,graficon23nodi/grafo2217.23,9,23,29,35,41,24.9999999999999,10,24.999999999999932,19.139872789382935,2
451,graficon26nodi/grafo2108.26,9,26,35,41,50,45.000000000000384,11,45.00000000000039,9.03535270690918,2
452,graficon31nodi/grafo11581.31,9,31,36,42,47,32.99999999999994,4,33.000000000000114,4.0651445388793945,2
453,graficon25nodi/grafo1271.25,9,25,30,40,45,39.99999999999981,3,40.00000000000028,1.6716527938842773,2
454,graficon31nodi/grafo11454.31,9,31,36,42,47,32.99999999999994,4,33.000000000000114,4.179243564605713,2
455,graficon25nodi/grafo163.25,9,25,37,44,56,84.99999900573349,31,85.00000099999956,600.2722125053406,9
456,graficon19nodi/grafo950.19,9,19,23,43,47,21.99999999999958,0,22.00000000000021,2.798515796661377,2
457,graficon30nodi/grafo1252.30,9,30,34,43,47,24.999999999999964,0,24.999999999999964,1.665867567062378,2
458,graficon27nodi/grafo1217.27,9,27,29,42,44,20.99999850329837,0,20.9999980043981,3.5188231468200684,2
459,graficon34nodi/grafo11331.34,9,34,41,43,50,27.9999999999995,3,28.00000000000009,2.8229644298553467,2
460,graficon20nodi/grafo1873.20,9,20,27,40,47,28.00000000000012,7,28.00000000000015,7.03034520149231,2
461,graficon34nodi/grafo5197.34,9,34,36,43,45,20.0,0,20.0,3.4152426719665527,2
462,graficon28nodi/grafo1615.28,9,28,35,43,50,48.000000000000014,9,48.00000000000002,50.36302089691162,2
463,graficon27nodi/grafo3039.27,9,27,31,44,48,26.000000000000007,1,26.000000000000007,0.06853723526000977,2
464,graficon37nodi/grafo2519.37,9,37,39,44,46,31.00000000000001,0,31.000000000000014,7.778399467468262,2
465,graficon27nodi/grafo2037.27,9,27,31,42,46,34.0,2,34.0,2.8820855617523193,2
466,graficon20nodi/grafo1757.20,9,20,25,41,46,19.0,1,19.0,1.6891233921051025,2
467,graficon23nodi/grafo551.23,9,23,29,43,49,31.999999999999993,0,32.0,2.1314783096313477,2
468,graficon32nodi/grafo10795.32,9,32,35,43,46,30.9999999999999,1,31.00000000000007,3.23047137260437,2
469,graficon33nodi/grafo5994.33,9,33,36,42,45,21.999999999999936,0,22.000000000000014,0.13935518264770508,2
470,graficon23nodi/grafo2712.23,9,23,30,40,47,23.999999999999986,1,24.00000000000002,0.09060907363891602,2
471,graficon22nodi/grafo1894.22,9,22,30,40,48,38.00000000000004,6,38.0000000000001,5.411736965179443,2
472,graficon28nodi/grafo1190.28,9,28,31,43,46,28.999999999999154,3,29.0,8.553410291671753,2
473,graficon32nodi/grafo1455.32,9,32,38,43,49,33.99999999999901,2,33.99999999999901,2.052375316619873,2
474,graficon18nodi/grafo1086.18,9,18,26,41,49,45.999999999999986,1,45.999999999999986,0.09961724281311035,2
475,graficon34nodi/grafo9918.34,9,34,34,43,43,15.0,0,15.0,2.8871185779571533,2
476,graficon32nodi/grafo1226.32,9,32,34,43,45,20.999999999999893,1,21.0,2.5441317558288574,2
477,graficon35nodi/grafo7133.35,9,35,38,43,46,26.000000000000135,3,26.00000000000027,2.150458335876465,2
478,graficon34nodi/grafo11544.34,9,34,34,43,43,15.0,0,15.0,2.7994346618652344,2
479,graficon14nodi/grafo2738.14,9,14,23,40,49,33.99999999999993,1,33.99999999999993,0.10526752471923828,2
480,graficon27nodi/grafo2958.27,9,27,32,42,47,25.999999999999936,0,26.000000000000032,0.15237092971801758,2
481,graficon31nodi/grafo3686.31,9,31,36,42,47,32.99999999999994,4,33.000000000000114,4.00469970703125,2
482,graficon14nodi/grafo701.14,9,14,20,42,48,23.999999999999964,1,23.999999999999964,0.13621163368225098,2
483,graficon33nodi/grafo9921.33,9,33,36,43,46,25.0,1,25.0,0.10175299644470215,2
484,graficon27nodi/grafo2876.27,9,27,32,41,46,35.999999999999886,2,35.999999999999886,2.576798677444458,2
485,graficon25nodi/grafo1234.25,9,25,33,42,50,41.00000000000052,2,41.00000000000059,3.532194137573242,2
486,graficon26nodi/grafo1285.26,9,26,30,42,46,21.99999999999999,2,22.0,4.433514595031738,2
487,graficon30nodi/grafo2365.30,9,30,34,40,44,45.00000000000001,4,45.0,3.7900989055633545,2
488,graficon26nodi/grafo798.26,9,26,32,41,47,33.0,6,33.0,6.7572619915008545,2
489,graficon21nodi/grafo1682.21,9,21,41,43,63,96.99999999999714,39,96.9999999999989,601.0990931987762,9
490,graficon32nodi/grafo5244.32,9,32,38,42,48,22.0,0,22.0,0.052751779556274414,2
491,graficon23nodi/grafo2854.23,9,23,29,44,50,26.999999999999723,2,26.999999999999723,0.18601202964782715,2
492,graficon32nodi/grafo1053.32,9,32,41,43,52,65.99999999999844,7,66.00000000000045,66.91799998283386,2
493,graficon21nodi/grafo2756.21,9,21,26,40,45,19.999999999999826,2,19.999999999999826,4.552474021911621,2
494,graficon22nodi/grafo1503.22,9,22,26,44,48,21.0,0,21.0,0.04495692253112793,2
495,graficon22nodi/grafo2370.22,9,22,28,41,47,20.0,1,20.0,0.05419015884399414,2
496,graficon23nodi/grafo2769.23,9,23,27,44,48,20.999999999999986,2,21.0,4.7464683055877686,2
497,graficon28nodi/grafo124.28,9,28,29,41,42,17.999999999999897,1,17.999999999999986,1.5544426441192627,2
498,graficon31nodi/grafo9916.31,9,31,36,42,47,32.99999999999994,4,33.000000000000114,4.099375486373901,2
499,graficon33nodi/grafo11631.33,9,33,43,41,51,37.99999999999999,3,38.00000000000002,1.709099531173706,2
500,graficon30nodi/grafo1256.30,9,30,33,40,43,23.999999999999993,0,23.999999999999993,4.241368532180786,2
501,graficon32nodi/grafo10231.32,9,32,35,43,46,16.0,0,16.0,1.637096643447876,2
502,graficon34nodi/grafo11277.34,9,34,35,41,42,14.999999999999993,0,14.999999999999993,2.114284038543701,2
503,graficon34nodi/grafo2464.34,9,34,38,44,48,32.000000000000014,6,32.000000000000014,6.360162973403931,2
504,graficon27nodi/grafo1199.27,9,27,30,40,43,15.0,0,15.0,0.06608939170837402,2
505,graficon25nodi/grafo1614.25,9,25,27,41,43,22.0,1,22.000000000000007,4.320152521133423,2
506,graficon29nodi/grafo1376.29,9,29,34,42,47,43.00000000000015,3,43.000000000000206,5.90793251991272,2
507,graficon35nodi/grafo3480.35,9,35,35,44,44,18.000000000000004,0,18.000000000000007,2.0814273357391357,2
508,graficon29nodi/grafo1587.29,9,29,35,42,48,37.99999999999947,1,37.99999999999982,7.37816309928894,2
509,graficon34nodi/grafo6050.34,9,34,41,43,50,26.000000000000007,3,26.000000000000053,1.9327764511108398,2
510,graficon25nodi/grafo2755.25,9,25,32,42,49,30.000000000000085,6,30.000000000000938,4.303651809692383,2
511,graficon23nodi/grafo2853.23,9,23,34,40,51,58.000000000000284,17,58.0000000000003,29.220478773117065,2
512,graficon34nodi/grafo10281.34,9,34,41,42,49,37.99999999999986,1,37.99999999999994,0.13287854194641113,2
513,graficon34nodi/grafo11630.34,9,34,40,44,50,32.999999999999915,1,33.0,0.10059261322021484,2
514,graficon28nodi/grafo2436.28,9,28,37,44,53,57.0,9,57.0,16.237690925598145,2
515,graficon34nodi/grafo9878.34,9,34,39,41,46,28.0,2,28.000000000000007,10.810097455978394,2
516,graficon32nodi/grafo3901.32,9,32,38,42,48,35.99999999999992,3,35.99999999999995,2.1595308780670166,2
517,graficon35nodi/grafo11455.35,9,35,35,42,42,13.9999999999999,0,13.999999999999902,4.810118198394775,2
518,graficon28nodi/grafo296.28,9,28,36,43,51,41.00000000000011,12,41.00000000000014,16.21195387840271,2
519,graficon25nodi/grafo1251.25,9,25,26,40,41,17.0,0,17.0,2.6846225261688232,2
520,graficon34nodi/grafo11319.34,9,34,40,42,48,40.999999999999325,3,40.999999999999325,1.7582530975341797,2
521,graficon34nodi/grafo11660.34,9,34,36,43,45,28.0,1,28.0,0.16825151443481445,2
522,graficon31nodi/grafo2394.31,9,31,36,43,48,42.999999999999645,6,42.99999999999965,14.638326168060303,2
523,graficon26nodi/grafo1218.26,9,26,28,42,44,26.999999498065634,0,26.999999508066974,6.613825798034668,2
524,graficon37nodi/grafo6342.37,9,37,42,44,49,41.0,8,41.00000000000001,20.83200979232788,2
525,graficon28nodi/grafo1311.28,9,28,34,42,48,34.99999999999868,6,34.99999999999868,5.93171501159668,2
526,graficon19nodi/grafo1826.19,9,19,27,46,54,45.0,2,45.000000000000014,2.633317232131958,2
527,graficon14nodi/grafo1951.14,9,14,25,46,57,46.999999999999986,3,47.000000000000014,3.232163190841675,2
528,graficon37nodi/grafo3547.37,9,37,38,49,50,13.999999999999979,0,14.0,0.06726717948913574,2
529,graficon34nodi/grafo11207.34,9,34,38,48,52,28.999999999999993,4,28.999999999999993,4.639020204544067,2
530,graficon31nodi/grafo10887.31,9,31,36,46,51,17.99999999999993,0,18.000000000000014,0.09447193145751953,2
531,graficon32nodi/grafo1255.32,9,32,37,46,51,26.0,1,26.0,0.07249236106872559,2
532,graficon28nodi/grafo1840.28,9,28,34,48,54,32.0,4,32.00000000000003,3.775001049041748,2
533,graficon21nodi/grafo630.21,9,21,28,45,52,29.999999999999993,1,29.999999999999996,0.08920598030090332,2
534,graficon26nodi/grafo3044.26,9,26,34,48,56,42.99999999999977,3,43.00000000000037,4.262140989303589,2
535,graficon23nodi/grafo1806.23,9,23,28,48,53,30.0,0,30.0,0.08200454711914062,2
536,graficon31nodi/grafo10458.31,9,31,36,46,51,17.99999999999993,0,18.000000000000014,0.09384608268737793,2
537,graficon35nodi/grafo10620.35,9,35,41,46,52,39.0000000000002,3,39.00000000000013,4.708919286727905,2
538,graficon22nodi/grafo249.22,9,22,31,46,55,48.00000000000053,4,48.00000000000325,3.294724464416504,2
539,graficon32nodi/grafo745.32,9,32,36,45,49,28.0,0,27.999999999999982,2.0253732204437256,2
540,graficon35nodi/grafo5759.35,9,35,39,45,49,17.0,1,17.0,0.055660247802734375,2
541,graficon33nodi/grafo11516.33,9,33,42,45,54,35.999999999999474,4,35.999999999999474,6.163447380065918,2
542,graficon25nodi/grafo2437.25,9,25,30,48,53,24.0,1,24.000000000000004,0.10929417610168457,2
543,graficon31nodi/grafo1301.31,9,31,40,47,56,59.000000000000355,8,59.00000000000532,9.451369047164917,2
544,graficon38nodi/grafo3332.38,9,38,43,45,50,42.99999999999993,2,42.99999999999994,2.1432042121887207,2
545,graficon22nodi/grafo2748.22,9,22,29,45,52,32.0,0,32.0,1.8539135456085205,2
546,graficon27nodi/grafo1253.27,9,27,32,45,50,47.00000000000001,2,47.0,19.324507474899292,2
547,graficon36nodi/grafo3862.36,9,36,41,46,51,30.999999999999982,4,30.999999999999982,2.0000736713409424,2
548,graficon28nodi/grafo1202.28,9,28,36,45,53,42.999999999999964,4,42.99999999999999,4.5023839473724365,2
549,graficon37nodi/grafo5957.37,9,37,39,48,50,40.999999999999986,0,40.999999999999986,1.5548644065856934,2
550,graficon38nodi/grafo6734.38,9,38,41,45,48,31.999999999999925,1,31.999999999999925,0.1504666805267334,2
551,graficon36nodi/grafo5561.36,9,36,38,47,49,13.0,0,13.0,1.333075761795044,2
552,graficon31nodi/grafo10011.31,9,31,36,46,51,17.99999999999993,0,18.000000000000014,0.09036397933959961,2
553,graficon36nodi/grafo6066.36,9,36,39,48,51,25.0,0,25.000000000000018,1.5832293033599854,2
554,graficon31nodi/grafo1362.31,9,31,37,45,51,44.0,1,44.0,1.788686990737915,2
555,graficon27nodi/grafo1200.27,9,27,36,46,55,50.99999999999845,0,51.00000000000121,2.2855236530303955,2
556,graficon39nodi/grafo6087.39,9,39,46,48,55,34.00000000000004,10,34.00000000000004,10.815515756607056,2
557,graficon33nodi/grafo5247.33,9,33,38,46,51,21.0,0,21.0,1.3760230541229248,2
558,graficon36nodi/grafo6811.36,9,36,44,48,56,32.00000000000027,2,32.000000000000284,2.999117136001587,2
559,graficon23nodi/grafo1798.23,9,23,31,48,56,39.00000000000009,3,39.0000000000001,2.530331611633301,2
560,graficon27nodi/grafo2275.27,9,27,32,46,51,40.0,2,40.0,7.276000022888184,2
561,graficon26nodi/grafo2981.26,9,26,36,45,55,52.00000000000004,12,52.00000000000008,191.8529064655304,2
562,graficon36nodi/grafo3414.36,9,36,39,46,49,25.00000000000005,2,25.00000000000015,3.0844035148620605,2
563,graficon19nodi/grafo2428.19,9,19,23,45,49,15.0,1,15.0,0.0748586654663086,2
564,graficon35nodi/grafo10085.35,9,35,41,46,52,41.00000000000002,9,41.00000000000004,7.4903810024261475,2
565,graficon32nodi/grafo1379.32,9,32,39,48,55,39.99999999999994,3,40.00000000000002,3.8539183139801025,2
566,graficon26nodi/grafo173.26,9,26,31,46,51,31.000000000000004,3,31.000000000000078,2.0394365787506104,2
567,graficon38nodi/grafo5236.38,9,38,43,49,54,23.999999999999993,2,24.0,0.4049415588378906,2
568,graficon26nodi/grafo2399.26,9,26,31,46,51,33.99999999999994,2,33.99999999999994,3.6010169982910156,2
569,graficon31nodi/grafo11421.31,9,31,37,46,52,37.000000000000156,4,37.00000000000135,4.267469167709351,2
570,graficon40nodi/grafo7698.40,9,40,47,49,56,45.99999999999978,1,45.999999999999936,1.8705847263336182,2
571,graficon35nodi/grafo1925.35,9,35,36,48,49,26.0,0,26.00000000000004,0.12574529647827148,2
572,graficon25nodi/grafo1319.25,9,25,31,47,53,42.99999999999989,3,43.0,3.1709272861480713,2
573,graficon26nodi/grafo2999.26,9,26,30,45,49,21.0,2,21.0,6.102720499038696,2
574,graficon21nodi/grafo1632.21,9,21,26,48,53,20.999999999999986,0,20.999999999999986,0.08205986022949219,2
575,graficon32nodi/grafo9975.32,9,32,39,48,55,43.00000000000008,4,43.000000000000526,6.642781972885132,2
576,graficon33nodi/grafo5182.33,9,33,38,49,54,21.99999999999994,0,22.000000000000007,0.062591552734375,2
577,graficon32nodi/grafo11121.32,9,32,40,47,55,36.99999999999986,4,37.0,0.18762946128845215,2
578,graficon35nodi/grafo6642.35,9,35,42,49,56,43.000000000000384,6,43.00000000000284,6.973695278167725,2
579,graficon28nodi/grafo932.28,9,28,35,45,52,48.000000000000085,2,48.00000000000021,6.3502373695373535,2
580,graficon34nodi/grafo2578.34,9,34,36,48,50,25.0,1,25.0,5.352335453033447,2
581,graficon33nodi/grafo11538.33,9,33,38,47,52,31.0000000000003,3,31.000000000000924,5.983346700668335,2
582,graficon33nodi/grafo10562.33,9,33,39,48,54,36.99999999999988,4,37.00000000000005,3.3720247745513916,2
583,graficon35nodi/grafo2815.35,9,35,43,47,55,39.0,10,39.0,24.365554571151733,2
584,graficon18nodi/grafo374.18,9,18,25,46,53,31.0,0,31.0,0.07942557334899902,2
585,graficon34nodi/grafo5148.34,9,34,37,47,50,24.0,1,24.0,1.6112592220306396,2
586,graficon35nodi/grafo11567.35,9,35,43,45,53,35.99999999999996,1,35.999999999999986,1.537130355834961,2
587,graficon31nodi/grafo1115.31,9,31,43,45,57,73.0,14,73.0,226.49983620643616,2
588,graficon34nodi/grafo2363.34,9,34,39,48,53,35.0,3,35.0,2.9665842056274414,2
589,graficon33nodi/grafo11375.33,9,33,39,48,54,34.0,3,34.0,0.15771102905273438,2
590,graficon36nodi/grafo5879.36,9,36,42,46,52,39.00000000000011,4,39.00000000000013,2.630869150161743,2
591,graficon35nodi/grafo5820.35,9,35,38,45,48,16.999999999999936,1,16.999999999999986,0.09872269630432129,2
592,graficon17nodi/grafo678.17,9,17,25,48,56,30.0,1,30.0,1.536264181137085,2
593,graficon32nodi/grafo9954.32,9,32,34,46,48,18.999999999999922,1,18.999999999999922,6.24082088470459,2
594,graficon35nodi/grafo5966.35,9,35,45,47,57,45.99999999999535,12,46.000000000002984,21.769460201263428,2
595,graficon35nodi/grafo5522.35,9,35,40,46,51,33.0,7,33.0,7.453820705413818,2
596,graficon22nodi/grafo2807.22,9,22,27,46,51,18.0,2,18.0,0.10114002227783203,2
597,graficon32nodi/grafo3106.32,9,32,38,48,54,37.99999999999986,3,37.999999999999964,4.7656776905059814,2
598,graficon36nodi/grafo5667.36,9,36,40,46,50,23.999999999999986,0,23.99999999999998,0.0812380313873291,2
599,graficon31nodi/grafo2262.31,9,31,40,47,56,49.99999999999898,3,49.99999999999898,3.6629507541656494,2
600,graficon33nodi/grafo10456.33,9,33,38,48,53,30.000000000000384,4,30.000000000000394,2.9372780323028564,2
601,graficon33nodi/grafo1915.33,9,33,44,54,65,56.00000000000044,2,56.000000000000654,4.355409383773804,2
602,graficon36nodi/grafo3304.36,9,36,47,53,64,74.00000000000001,18,74.00000000000001,181.2357301712036,2
603,graficon36nodi/grafo11296.36,9,36,44,50,58,53.999999999999986,20,54.0,498.62904715538025,2
604,graficon37nodi/grafo3729.37,9,37,45,54,62,45.999999999999034,3,46.000000000000526,4.107555389404297,2
605,graficon36nodi/grafo2212.36,9,36,41,54,59,27.999999999999872,2,27.999999999999993,3.1156764030456543,2
606,graficon31nodi/grafo1989.31,9,31,33,54,56,19.0,0,19.000000000000007,1.828334093093872,2
607,graficon35nodi/grafo10658.35,9,35,41,50,56,45.99999999999991,3,45.9999999999999,3.68835186958313,2
608,graficon39nodi/grafo5309.39,9,39,46,54,61,45.99999999999994,6,45.999999999999986,20.48426055908203,2
609,graficon34nodi/grafo5495.34,9,34,43,53,62,41.000000000000014,8,41.00000000000002,8.155137777328491,2
610,graficon37nodi/grafo3433.37,9,37,42,54,59,36.99999999999979,3,37.0,6.316757678985596,2
611,graficon34nodi/grafo9882.34,9,34,39,50,55,30.999999999999947,0,30.999999999999964,0.08704209327697754,2
612,graficon22nodi/grafo1154.22,9,22,28,50,56,31.000000000000064,3,31.00000000000011,3.2211883068084717,2
613,graficon22nodi/grafo1715.22,9,22,34,54,66,80.00000000000048,3,80.00000000000048,6.547050714492798,2
614,graficon36nodi/grafo3282.36,9,36,40,54,58,21.999999999999996,2,22.0,5.379051208496094,2
615,graficon36nodi/grafo3153.36,9,36,43,53,60,45.0,2,45.00000000000001,3.885462999343872,2
616,graficon34nodi/grafo4029.34,9,34,40,50,56,34.0,7,34.0,5.666011333465576,2
617,graficon32nodi/grafo1784.32,9,32,36,52,56,20.0,3,20.0,4.387286901473999,2
618,graficon33nodi/grafo2397.33,9,33,39,50,56,35.99999955061676,6,36.00000000000024,79.11579942703247,2
619,graficon39nodi/grafo7363.39,9,39,43,51,55,39.0,3,39.0,3.7024950981140137,2
620,graficon34nodi/grafo11241.34,9,34,39,50,55,30.999999999999947,0,30.999999999999964,0.07709288597106934,2
621,graficon31nodi/grafo1689.31,9,31,34,53,56,23.999999999999996,0,24.000000000000007,0.13825178146362305,2
622,graficon39nodi/grafo6808.39,9,39,45,51,57,31.00000000000016,6,31.000000000000195,15.017053842544556,2
623,graficon24nodi/grafo522.24,9,24,30,51,57,37.99999999999998,4,38.00000000000003,3.137439727783203,2
624,graficon25nodi/grafo2016.25,9,25,33,50,58,37.00000000000013,2,37.00000000000015,1.7166647911071777,2
625,graficon24nodi/grafo1667.24,9,24,29,50,55,25.999999999999993,1,26.0,1.621309757232666,2
626,graficon40nodi/grafo5346.40,9,40,44,52,56,35.0,6,35.0000000000017,23.653736352920532,2
627,graficon34nodi/grafo11531.34,9,34,37,50,53,24.999999999999982,1,24.999999999999996,0.18303704261779785,2
628,graficon23nodi/grafo1974.23,9,23,27,54,58,26.99999950139962,1,26.999999002799527,2.202098846435547,2
629,graficon30nodi/grafo1183.30,9,30,39,50,59,42.99999999999766,6,43.00000000000059,17.932639122009277,2
630,graficon35nodi/grafo7366.35,9,35,43,51,59,29.0,1,29.0,2.085714817047119,2
631,graficon33nodi/grafo9869.33,9,33,38,50,55,23.999999999999936,2,24.00000000000047,1.608626365661621,2
632,graficon38nodi/grafo3247.38,9,38,43,50,55,39.00000000000015,3,39.000000000000185,8.391360521316528,2
633,graficon36nodi/grafo5319.36,9,36,44,53,61,36.0,2,36.00000000000181,2.3469972610473633,2
634,graficon30nodi/grafo11384.30,9,30,34,50,54,22.000000000000018,2,22.00000000000007,2.0525095462799072,2
635,graficon38nodi/grafo3966.38,9,38,42,54,58,35.000000000000085,4,35.000000000000135,5.446374177932739,2
636,graficon32nodi/grafo3012.32,9,32,38,54,60,44.000000000000014,3,44.00000000000013,6.214651107788086,2
637,graficon33nodi/grafo1174.33,9,33,41,53,61,41.0,4,41.0,0.36762166023254395,2
638,graficon35nodi/grafo11415.35,9,35,43,52,60,44.999999999999204,6,44.999999999999204,5.298567533493042,2
639,graficon36nodi/grafo10746.36,9,36,42,54,60,39.99999999999994,0,40.0,1.5857470035552979,2
640,graficon38nodi/grafo6579.38,9,38,49,54,65,60.99999999999992,7,61.00000000000003,17.68556046485901,2
641,graficon32nodi/grafo10058.32,9,32,40,51,59,45.0,3,45.0,2.515042543411255,2
642,graficon34nodi/grafo11614.34,9,34,39,50,55,30.999999999999947,0,30.999999999999964,0.07762861251831055,2
643,graficon38nodi/grafo6106.38,9,38,47,53,62,52.00000000000007,12,52.000000000000085,113.28046703338623,2
644,graficon26nodi/grafo309.26,9,26,36,54,64,63.99999999999998,7,63.99999999999999,9.900538206100464,2
645,graficon34nodi/grafo10483.34,9,34,45,50,61,45.0,9,45.0,18.892133951187134,2
646,graficon34nodi/grafo3023.34,9,34,42,54,62,40.99999999999986,2,40.99999999999986,2.142841100692749,2
647,graficon35nodi/grafo11423.35,9,35,42,54,61,34.0,4,34.0,3.381235361099243,2
648,graficon26nodi/grafo1952.26,9,26,31,54,59,24.000000000000004,3,24.00000000000001,2.6563913822174072,2
649,graficon38nodi/grafo5993.38,9,38,44,53,59,36.000000000000156,4,36.00000000000021,3.6697885990142822,2
650,graficon17nodi/grafo2227.17,9,17,25,50,58,33.99999999999929,2,33.99999999999929,2.509359836578369,2
651,graficon34nodi/grafo2082.34,9,34,38,54,58,15.999999999999996,0,16.0,0.12259197235107422,2
652,graficon27nodi/grafo1746.27,9,27,38,52,63,43.0,3,43.0,1.4382238388061523,2
653,graficon33nodi/grafo3214.33,9,33,44,52,63,58.000000000000036,16,58.00000000000003,168.97435188293457,2
654,graficon28nodi/grafo3060.28,9,28,36,51,59,29.999999947712414,4,30.000000000000057,7.138362407684326,2
655,graficon24nodi/grafo1158.24,9,24,34,52,62,58.000000000000284,7,58.00000000000044,94.43779397010803,2
656,graficon33nodi/grafo11638.33,9,33,38,53,58,31.99999999999998,2,31.99999999999998,0.3554496765136719,2
657,graficon35nodi/grafo7548.35,9,35,42,54,61,45.99999999999872,1,45.99999999999872,0.42380356788635254,2
658,graficon34nodi/grafo5827.34,9,34,40,51,57,32.99999999999959,2,32.99999999999959,2.8365426063537598,2
659,graficon34nodi/grafo5485.34,9,34,43,52,61,43.99999995666667,6,44.000000016666675,6.170485973358154,2
660,graficon35nodi/grafo6897.35,9,35,47,52,64,54.000000000000455,12,54.00000000000071,79.52560949325562,2
661,graficon34nodi/grafo5498.34,9,34,41,54,61,40.00000000000008,4,40.00000000000008,3.1906604766845703,2
662,graficon34nodi/grafo5856.34,9,34,41,50,57,28.0,4,28.0,2.7144718170166016,2
663,graficon40nodi/grafo4073.40,9,40,42,51,53,31.999999999999204,2,31.999999999999204,4.446509838104248,2
664,graficon36nodi/grafo10619.36,9,36,41,51,56,37.0,1,37.0,2.822265148162842,2
665,graficon42nodi/grafo7119.42,9,42,46,50,54,31.0,2,30.999999999999986,2.8744168281555176,2
666,graficon36nodi/grafo11525.36,9,36,45,53,62,43.0,7,43.0,11.1742684841156,2
667,graficon35nodi/grafo11234.35,9,35,35,51,51,13.99999999999997,0,14.0,3.2275829315185547,2
668,graficon24nodi/grafo2787.24,9,24,35,51,62,47.99999999999953,7,47.999999999999616,16.06709361076355,2
669,graficon40nodi/grafo3874.40,9,40,46,50,56,47.00000000000023,4,47.0000000000003,11.754790782928467,2
670,graficon28nodi/grafo1569.28,9,28,36,53,61,47.99999999999973,1,48.00000000000112,6.14326810836792,2
671,graficon35nodi/grafo2098.35,9,35,42,50,57,28.999999999999872,3,28.99999999999993,5.469209909439087,2
672,graficon34nodi/grafo2031.34,9,34,42,53,61,34.99999999999991,4,35.0,3.0380043983459473,2
673,graficon30nodi/grafo11667.30,9,30,34,52,56,13.999999999999913,0,13.999999999999961,0.09149456024169922,2
674,graficon30nodi/grafo1345.30,9,30,44,50,64,97.99999999999949,18,97.99999999999972,250.0117039680481,2
675,graficon29nodi/grafo2054.29,9,29,35,50,56,22.00000000000003,2,22.000000000000053,3.063015937805176,2
676,graficon41nodi/grafo4004.41,9,41,48,57,64,39.0,6,39.000000000000014,12.6050705909729,2
677,graficon37nodi/grafo2224.37,9,37,45,58,66,65.00000000000033,13,65.00000000000041,251.7954559326172,2
678,graficon34nodi/grafo6076.34,9,34,44,56,66,60.99999999999993,2,60.99999999999993,3.893890380859375,2
679,graficon40nodi/grafo5714.40,9,40,52,59,71,68.00000000000017,21,68.00000000000037,600.350640296936,9
680,graficon38nodi/grafo9968.38,9,38,44,55,61,32.0,1,32.0,1.589031457901001,2
681,graficon28nodi/grafo1201.28,9,28,38,58,68,51.0,6,51.0,16.242982625961304,2
682,graficon35nodi/grafo10708.35,9,35,46,55,66,72.99999674999961,22,72.99999714500021,600.6411864757538,9
683,graficon21nodi/grafo433.21,9,21,28,55,62,35.0,6,34.99999999999999,31.250643491744995,2
684,graficon34nodi/grafo5143.34,9,34,40,57,63,23.99999999999996,1,24.0,1.4412357807159424,2
685,graficon36nodi/grafo11677.36,9,36,49,56,69,69.0,9,69.0,20.3701274394989,2
686,graficon37nodi/grafo3125.37,9,37,42,58,63,26.0,2,26.0,3.011357069015503,2
687,graficon37nodi/grafo7307.37,9,37,47,55,65,36.0,3,36.0,2.020141124725342,2
688,graficon37nodi/grafo6450.37,9,37,46,57,66,42.99999999999973,4,42.99999999999973,1.748232364654541,2
689,graficon39nodi/grafo3679.39,9,39,43,56,60,33.999996949002636,6,34.00000190250361,73.69260168075562,2
690,graficon38nodi/grafo6656.38,9,38,46,57,65,44.000000000000114,3,44.00000000000017,3.775726556777954,2
691,graficon34nodi/grafo11409.34,9,34,35,56,57,14.999999999999897,1,14.9999999999999,2.1751742362976074,2
692,graficon38nodi/grafo6939.38,9,38,51,57,70,64.99999999999997,13,64.99999999999999,30.905648708343506,2
693,graficon33nodi/grafo2687.33,9,33,46,56,69,82.00000000000084,18,82.0000000000009,601.0309948921204,9
694,graficon38nodi/grafo3351.38,9,38,46,55,63,40.0,8,40.0,8.78153657913208,2
695,graficon37nodi/grafo7087.37,9,37,44,59,66,42.99999999999868,2,43.000000000003865,12.244956731796265,2
696,graficon36nodi/grafo11468.36,9,36,47,58,69,65.00000000000001,24,65.00000000000007,600.3077733516693,9
697,graficon31nodi/grafo1946.31,9,31,38,59,66,36.00000000000032,3,36.00000000000051,4.803073883056641,2
698,graficon32nodi/grafo1908.32,9,32,39,55,62,54.0,3,54.0,2.084822177886963,2
699,graficon40nodi/grafo3255.40,9,40,46,56,62,36.99999999999895,9,37.000000000001926,15.643534421920776,2
700,graficon37nodi/grafo5301.37,9,37,44,58,65,33.99999999999983,3,33.999999999999915,3.4638564586639404,2
701,graficon35nodi/grafo5613.35,9,35,46,57,68,71.0000000000001,13,71.00000000000017,128.64483976364136,2
702,graficon35nodi/grafo2990.35,9,35,48,59,72,59.999999999999304,15,59.999999999999886,41.39821791648865,2
703,graficon43nodi/grafo6878.43,9,43,48,56,61,42.99999999999939,6,42.99999999999992,18.772831916809082,2
704,graficon27nodi/grafo1390.27,9,27,39,57,69,55.999999848052866,12,56.00000000000086,244.16865873336792,2
705,graficon36nodi/grafo6227.36,9,36,46,59,69,62.999999937500085,9,63.00000000000017,27.617641925811768,2
706,graficon39nodi/grafo3830.39,9,39,50,58,69,58.000000000000526,7,58.00000000000084,298.5252707004547,2
707,graficon37nodi/grafo6796.37,9,37,49,57,69,73.0,8,73.0,24.175450086593628,2
708,graficon33nodi/grafo5872.33,9,33,39,57,63,23.0,2,23.000000000000004,4.769116401672363,2
709,graficon36nodi/grafo6071.36,9,36,43,59,66,36.99999999999998,3,36.99999999999999,3.0518031120300293,2
710,graficon36nodi/grafo2465.36,9,36,44,58,66,66.0,6,66.0,11.830569744110107,2
711,graficon38nodi/grafo7362.38,9,38,44,59,65,33.999999539628206,3,34.00000139461565,8.009307861328125,2
712,graficon38nodi/grafo7290.38,9,38,47,58,67,61.0000000000002,9,61.00000000000048,15.607275247573853,2
713,graficon42nodi/grafo3239.42,9,42,48,56,62,58.999999999999815,4,58.999999999999815,3.425426959991455,2
714,graficon44nodi/grafo3040.44,9,44,50,59,65,43.999999999999986,6,43.999999999999986,7.839010715484619,2
715,graficon39nodi/grafo11577.39,9,39,49,55,65,64.0,10,64.0,14.064786672592163,2
716,graficon40nodi/grafo4081.40,9,40,46,56,62,58.00000000000019,14,58.00000000000031,466.19087529182434,2
717,graficon42nodi/grafo6381.42,9,42,50,59,67,46.0,4,46.0,2.150848388671875,2
718,graficon41nodi/grafo10067.41,9,41,47,58,64,37.99999999999959,3,37.99999999999959,2.1572887897491455,2
719,graficon37nodi/grafo11622.37,9,37,49,59,71,42.00000000000007,6,42.000000000000156,26.14710259437561,2
720,graficon32nodi/grafo1992.32,9,32,36,57,61,28.000000000000032,2,28.000000000000032,5.812229156494141,2
721,graficon38nodi/grafo6467.38,9,38,43,59,64,27.99999999999997,2,27.99999999999997,2.500570058822632,2
722,graficon40nodi/grafo6922.40,9,40,47,59,66,48.0,6,48.0,15.431509017944336,2
723,graficon34nodi/grafo5303.34,9,34,44,59,69,38.00000000000006,2,38.0000000000001,6.10411524772644,2
724,graficon34nodi/grafo11396.34,9,34,35,55,56,16.999999001799022,0,16.999999001799097,4.477281332015991,2
725,graficon39nodi/grafo5122.39,9,39,51,59,71,83.99999900849704,18,83.9999990084982,600.7195353507996,9
726,graficon42nodi/grafo6223.42,9,42,45,59,62,34.00000000000007,2,34.00000000000007,3.982680082321167,2
727,graficon40nodi/grafo2627.40,9,40,49,56,65,48.00000000000002,7,48.000000000000085,77.06336307525635,2
728,graficon41nodi/grafo6876.41,9,41,50,58,67,51.000000000000284,6,51.000000000000426,23.795412302017212,2
729,graficon35nodi/grafo11548.35,9,35,46,55,66,72.99999674999961,22,72.99999714500021,600.3248391151428,9
730,graficon31nodi/grafo1637.31,9,31,41,56,66,58.0,12,58.0,25.5477876663208,2
731,graficon38nodi/grafo3437.38,9,38,45,57,64,46.000000000000014,10,46.00000000000029,57.96965575218201,2
732,graficon35nodi/grafo10135.35,9,35,43,55,63,47.00000000000001,8,47.000000000000036,26.97094225883484,2
733,graficon38nodi/grafo2960.38,9,38,48,56,66,52.99999810064105,15,52.99999905833454,103.42579054832458,2
734,graficon35nodi/grafo3720.35,9,35,46,59,70,66.00000000000016,7,66.00000000000045,84.21387195587158,2
735,graficon36nodi/grafo6233.36,9,36,47,56,67,48.0,9,48.0,9.982365608215332,2
736,graficon24nodi/grafo1966.24,9,24,34,58,68,46.0,2,46.0,1.8547637462615967,2
737,graficon38nodi/grafo3681.38,9,38,48,56,66,43.9999995022507,7,44.00000000000122,25.691698789596558,2
738,graficon36nodi/grafo5970.36,9,36,46,57,67,74.99999999999999,12,74.99999999999999,138.87554621696472,2
739,graficon26nodi/grafo1272.26,9,26,34,56,64,52.999999999999545,1,53.0,3.7412686347961426,2
740,graficon32nodi/grafo2968.32,9,32,41,55,64,53.0,9,53.0,10.188782215118408,2
741,graficon34nodi/grafo5917.34,9,34,41,58,65,22.999999999999883,2,23.0,0.09151268005371094,2
742,graficon35nodi/grafo11344.35,9,35,40,55,60,29.0,3,29.0,3.459538459777832,2
743,graficon47nodi/grafo1531.47,9,47,54,58,65,60.00000000000003,2,60.0000000000003,5.60782265663147,2
744,graficon36nodi/grafo5264.36,9,36,41,59,64,27.0,0,27.0,1.4352624416351318,2
745,graficon36nodi/grafo7306.36,9,36,48,55,67,105.00000000000122,36,105.00000000000153,600.2739579677582,9
746,graficon34nodi/grafo3124.34,9,34,43,56,65,66.99999905000091,9,67.00000000000094,28.3788480758667,2
747,graficon35nodi/grafo11633.35,9,35,46,56,67,49.0,8,49.0,37.64108109474182,2
748,graficon40nodi/grafo6115.40,9,40,46,57,63,35.99999999999999,6,36.0,16.35243248939514,2
749,graficon37nodi/grafo3554.37,9,37,41,57,61,26.0,0,26.0,1.6948261260986328,2
750,graficon36nodi/grafo10229.36,9,36,46,58,68,47.0,6,47.0,8.888893604278564,2
751,graficon33nodi/grafo598.33,9,33,49,63,79,103.0000000000006,27,103.0000000000007,600.2506997585297,9
752,graficon44nodi/grafo7435.44,9,44,53,63,72,45.00000000000008,4,45.00000000000008,3.3536882400512695,2
753,graficon40nodi/grafo6485.40,9,40,51,62,73,53.999999439999755,18,54.00000000000014,408.37664675712585,2
754,graficon35nodi/grafo6035.35,9,35,50,61,76,78.99999999999996,10,79.0,72.15139079093933,2
755,graficon38nodi/grafo7531.38,9,38,44,61,67,35.0,3,35.0,1.5376482009887695,2
756,graficon37nodi/grafo11473.37,9,37,42,61,66,31.000000000000014,1,31.00000000000003,6.640614986419678,2
757,graficon33nodi/grafo5821.33,9,33,43,62,72,39.0,4,39.0,11.942161083221436,2
758,graficon39nodi/grafo5308.39,9,39,49,64,74,51.0,8,50.999999999999986,29.66235876083374,2
759,graficon33nodi/grafo10454.33,9,33,41,61,69,40.0,3,40.0,0.30818605422973633,2
760,graficon42nodi/grafo7704.42,9,42,51,63,72,53.999999999999936,12,54.0,130.70277976989746,2
761,graficon33nodi/grafo2654.33,9,33,49,64,80,91.99999999999966,16,92.00000000000576,162.8352711200714,2
762,graficon36nodi/grafo11077.36,9,36,40,63,67,31.999999999999996,1,32.0,0.1292877197265625,2
763,graficon37nodi/grafo5888.37,9,37,50,60,73,42.00000000000001,10,42.00000000000002,11.080332517623901,2
764,graficon33nodi/grafo10732.33,9,33,37,60,64,30.999999999999176,1,30.999999999999176,5.301329851150513,2
765,graficon25nodi/grafo2301.25,9,25,37,61,73,58.00000000000008,1,58.00000000000045,0.16208648681640625,2
766,graficon43nodi/grafo7428.43,9,43,52,60,69,50.0,7,50.0000000000003,21.87049961090088,2
767,graficon32nodi/grafo2991.32,9,32,43,61,72,71.99999999999997,7,72.00000000000003,18.974830150604248,2
768,graficon41nodi/grafo3498.41,9,41,53,63,75,70.00000000000006,15,70.00000000000017,410.4719657897949,2
769,graficon36nodi/grafo11414.36,9,36,47,62,73,49.00000000000023,10,49.00000000000066,9.687057733535767,2
770,graficon35nodi/grafo10841.35,9,35,45,62,72,56.0,10,56.0,26.94278597831726,2
771,graficon38nodi/grafo2959.38,9,38,48,61,71,46.999999999998934,8,47.000000000001926,11.095223903656006,2
772,graficon30nodi/grafo359.30,9,30,37,60,67,30.00000000000018,4,30.000000000000252,3.616161346435547,2
773,graficon37nodi/grafo1555.37,9,37,48,61,72,60.00000000000003,18,60.000000000000064,600.5084056854248,9
774,graficon37nodi/grafo2398.37,9,37,47,64,74,49.99999999999998,12,50.000000000000185,82.51786231994629,2
775,graficon40nodi/grafo2729.40,9,40,46,64,70,45.00000000000017,4,45.000000000000234,4.783588409423828,2
776,graficon42nodi/grafo3325.42,9,42,52,64,74,54.0,6,54.000000000000014,10.11740231513977,2
777,graficon36nodi/grafo10462.36,9,36,40,61,65,23.0,0,23.0,2.162155866622925,2
778,graficon39nodi/grafo7630.39,9,39,46,62,69,43.00000000000001,9,43.0,44.54222393035889,2
779,graficon30nodi/grafo2012.30,9,30,46,64,80,87.99999904761933,19,88.00000000000064,265.20630645751953,2
780,graficon48nodi/grafo1669.48,9,48,59,62,73,95.99999999999895,18,95.99999999999999,600.3076643943787,9
781,graficon40nodi/grafo3116.40,9,40,47,64,71,60.99999905351767,6,61.00000000000041,101.93375563621521,2
782,graficon41nodi/grafo4047.41,9,41,48,63,70,45.0,1,45.0,5.780494689941406,2
783,graficon44nodi/grafo3971.44,9,44,48,64,68,38.99999999999985,2,39.0,5.303964853286743,2
784,graficon36nodi/grafo6093.36,9,36,43,63,70,34.999999999999986,8,35.0,16.00940203666687,2
785,graficon39nodi/grafo6244.39,9,39,52,64,77,72.99999597473979,14,73.00000053036115,272.5923182964325,2
786,graficon34nodi/grafo5991.34,9,34,41,60,67,36.0000000000004,2,36.00000000000336,0.4594883918762207,2
787,graficon38nodi/grafo5998.38,9,38,44,60,66,49.0,1,49.0,2.866605758666992,2
788,graficon32nodi/grafo5807.32,9,32,41,64,73,37.0,2,37.0,0.20326590538024902,2
789,graficon29nodi/grafo2811.29,9,29,40,62,73,52.0,10,52.0,59.17578101158142,2
790,graficon33nodi/grafo11643.33,9,33,37,60,64,30.999999999999176,1,30.999999999999176,5.369486570358276,2
791,graficon45nodi/grafo7711.45,9,45,53,64,72,46.99999999999966,3,46.99999999999978,13.372251033782959,2
792,graficon35nodi/grafo3483.35,9,35,41,61,67,32.00000000000013,4,32.00000000000035,2.2426769733428955,2
793,graficon37nodi/grafo7410.37,9,37,51,61,75,52.00000000000003,16,52.000000000000064,215.21672558784485,2
794,graficon39nodi/grafo3792.39,9,39,49,61,71,50.999996511271604,8,51.000005983228874,114.2146098613739,2
795,graficon46nodi/grafo7281.46,9,46,54,61,69,47.000000000000014,10,47.00000000000002,23.405884504318237,2
796,graficon41nodi/grafo7033.41,9,41,48,60,67,53.000000000000014,9,53.00000000000003,36.548012256622314,2
797,graficon37nodi/grafo6905.37,9,37,48,63,74,60.0,13,60.0,163.06880688667297,2
798,graficon33nodi/grafo1668.33,9,33,41,63,71,39.0,7,39.0,11.830661058425903,2
799,graficon43nodi/grafo4042.43,9,43,47,60,64,36.0,0,36.0,2.5041255950927734,2
800,graficon37nodi/grafo3728.37,9,37,47,63,73,52.0,7,52.0,115.89620971679688,2
801,graficon37nodi/grafo6219.37,9,37,45,62,70,53.00000000000027,4,53.00000000000034,5.496241331100464,2
802,graficon37nodi/grafo2761.37,9,37,45,60,68,42.00000000000001,6,42.0,6.645623207092285,2
803,graficon35nodi/grafo6010.35,9,35,44,60,69,46.0,9,46.000000000000014,17.157633781433105,2
804,graficon41nodi/grafo5637.41,9,41,49,61,69,55.00000000000003,5,55.00000000000003,124.17638087272644,2
805,graficon36nodi/grafo5783.36,9,36,46,62,72,50.0000000000005,7,50.000000000000604,87.06808304786682,2
806,graficon42nodi/grafo5250.42,9,42,51,64,73,57.999999999999986,8,58.0,24.791015148162842,2
807,graficon38nodi/grafo11452.38,9,38,50,62,74,68.0,20,68.0,331.5046589374542,2
808,graficon41nodi/grafo11172.41,9,41,51,62,72,69.0,9,69.0,33.729684352874756,2
809,graficon37nodi/grafo7650.37,9,37,52,63,78,79.00000000000033,10,79.00000000000071,26.16468834877014,2
810,graficon33nodi/grafo11527.33,9,33,40,62,69,38.999999999999986,3,39.0,3.8314712047576904,2
811,graficon40nodi/grafo6142.40,9,40,49,64,73,57.00000000000001,9,57.000000000000014,24.10481548309326,2
812,graficon36nodi/grafo5809.36,9,36,45,63,72,58.999999999999986,9,58.99999999999999,32.557021617889404,2
813,graficon40nodi/grafo5426.40,9,40,50,62,72,89.9999896911367,16,89.99999437500384,600.3239755630493,9
814,graficon34nodi/grafo3076.34,9,34,39,61,66,28.000000000000554,2,28.000000000003546,1.9523615837097168,2
815,graficon39nodi/grafo7374.39,9,39,51,62,74,61.00000000000004,20,61.000000000000064,600.5048868656158,9
816,graficon40nodi/grafo7706.40,9,40,51,60,71,63.99999800325091,16,64.00000050000102,149.07839059829712,2
817,graficon44nodi/grafo3602.44,9,44,53,62,71,83.0000000000003,14,83.00000000000038,126.54835200309753,2
818,graficon43nodi/grafo7484.43,9,43,49,63,69,53.00000000000037,4,53.00000000000055,11.005106687545776,2
819,graficon37nodi/grafo11410.37,9,37,45,64,72,41.000000000000114,4,41.00000000000021,2.334960460662842,2
820,graficon35nodi/grafo6104.35,9,35,40,63,68,33.0,1,33.0,12.891639709472656,2
821,graficon36nodi/grafo5360.36,9,36,44,62,70,38.99999999999996,7,38.999999999999986,23.764240026474,2
822,graficon38nodi/grafo5222.38,9,38,43,62,67,34.999999091268876,3,35.00000000000055,8.434849739074707,2
823,graficon36nodi/grafo11309.36,9,36,46,61,71,57.00000000000039,14,57.000000000000455,245.1517698764801,2
824,graficon36nodi/grafo5457.36,9,36,43,61,68,28.99999999999986,4,28.99999999999998,0.2416706085205078,2
825,graficon37nodi/grafo7092.37,9,37,47,61,71,66.00000000000017,21,66.0000000000002,600.1779506206512,9
826,graficon38nodi/grafo1999.38,9,38,45,68,75,41.000000000000085,2,41.00000000000017,5.600705623626709,2
827,graficon38nodi/grafo7684.38,9,38,54,68,84,89.00000000000068,18,89.00000000000139,453.1558141708374,2
828,graficon43nodi/grafo3669.43,9,43,52,67,76,73.0,7,73.00000000000001,70.49842834472656,2
829,graficon40nodi/grafo11665.40,9,40,48,68,76,41.00000000000007,10,41.000000000000085,76.8123242855072,2
830,graficon39nodi/grafo10234.39,9,39,51,69,81,51.0,15,51.0,41.35383224487305,2
831,graficon40nodi/grafo6382.40,9,40,52,65,77,69.00000000000081,14,69.00000000000274,386.05976915359497,2
832,graficon44nodi/grafo7013.44,9,44,53,69,78,40.99999999999996,1,40.99999999999997,2.630324363708496,2
833,graficon37nodi/grafo3341.37,9,37,50,66,79,79.99999474047263,14,79.99999474047263,199.31717038154602,2
834,graficon40nodi/grafo5504.40,9,40,53,66,79,58.99999999999999,12,59.0,364.37661504745483,2
835,graficon44nodi/grafo1219.44,9,44,48,66,70,29.999999999999993,0,30.0,1.7636520862579346,2
836,graficon29nodi/grafo3034.29,9,29,40,65,76,66.99999999999964,4,67.00000000000018,14.389068126678467,2
837,graficon44nodi/grafo3831.44,9,44,52,67,75,64.99999904545503,9,65.00000000000058,153.6145303249359,2
838,graficon35nodi/grafo3068.35,9,35,50,67,82,83.0,19,83.0,360.29995703697205,2
839,graficon40nodi/grafo9898.40,9,40,50,68,78,46.0,10,46.0,54.30090355873108,2
840,graficon37nodi/grafo6847.37,9,37,47,67,77,56.0,2,56.0,3.3063390254974365,2
841,graficon40nodi/grafo5327.40,9,40,47,68,75,38.000000000000085,4,38.000000000000185,2.8186044692993164,2
842,graficon44nodi/grafo6266.44,9,44,60,68,84,95.99998400363648,27,95.99999435961155,600.2395598888397,9
843,graficon39nodi/grafo6848.39,9,39,52,67,80,66.99999999999939,9,66.99999999999974,17.31803607940674,2
844,graficon30nodi/grafo2030.30,9,30,44,66,80,82.00000000000004,16,82.00000000000004,312.05134749412537,2
845,graficon40nodi/grafo6167.40,9,40,57,66,83,109.0000000000007,26,109.00000000000108,600.2423276901245,9
846,graficon39nodi/grafo2148.39,9,39,45,67,73,38.99999999999993,3,39.000000000001094,7.708940029144287,2
847,graficon36nodi/grafo3734.36,9,36,46,67,77,63.00000000000011,7,63.00000000000022,113.85264420509338,2
848,graficon39nodi/grafo5789.39,9,39,58,69,88,78.00000000000077,26,78.00000000000193,600.3514652252197,9
849,graficon29nodi/grafo1284.29,9,29,40,65,76,70.0,7,70.0,52.805625915527344,2
850,graficon45nodi/grafo7024.45,9,45,50,65,70,34.000000000000014,6,34.00000000000002,19.84267234802246,2
851,graficon33nodi/grafo5203.33,9,33,41,68,76,29.999999999999723,5,29.999999999999865,12.18543529510498,2
852,graficon34nodi/grafo6218.34,9,34,40,65,71,36.0,3,36.0,2.4295380115509033,2
853,graficon43nodi/grafo7073.43,9,43,51,69,77,38.99999999999996,8,38.999999999999986,10.819860219955444,2
854,graficon42nodi/grafo5867.42,9,42,52,69,79,71.0000000000002,14,71.00000000000031,408.3208010196686,2
855,graficon36nodi/grafo7509.36,9,36,45,69,78,46.00000000000022,7,46.000000000000995,138.30963492393494,2
856,graficon37nodi/grafo7743.37,9,37,55,68,86,88.0,25,88.0000000000001,600.4821317195892,9
857,graficon44nodi/grafo6915.44,9,44,58,68,82,72.99999711174146,20,72.99999820992969,600.920627117157,9
858,graficon40nodi/grafo7570.40,9,40,52,68,80,53.0,15,53.0,43.41490364074707,2
859,graficon33nodi/grafo5787.33,9,33,40,66,73,28.999999999999822,2,28.99999999999995,2.3380415439605713,2
860,graficon34nodi/grafo11517.34,9,34,44,69,79,49.00000000000003,6,49.00000000000002,109.31071352958679,2
861,graficon49nodi/grafo1560.49,9,49,59,68,78,70.99999966846674,10,71.00000033333352,123.17743110656738,2
862,graficon47nodi/grafo3121.47,9,47,54,65,72,51.99999949999783,3,51.99999949999921,8.539576768875122,2
863,graficon38nodi/grafo2052.38,9,38,50,67,79,61.999999006297585,16,62.00000000000075,130.64379000663757,2
864,graficon41nodi/grafo3794.41,9,41,52,65,76,58.99999999999999,21,59.00000000000001,574.8588628768921,2
865,graficon38nodi/grafo3964.38,9,38,48,69,79,69.00000000000031,7,69.00000000000045,55.25781202316284,2
866,graficon39nodi/grafo7264.39,9,39,51,67,79,75.00000000000043,23,75.00000000000082,600.6500473022461,9
867,graficon38nodi/grafo3752.38,9,38,46,65,73,53.0,4,53.00000000000035,8.928147554397583,2
868,graficon37nodi/grafo3576.37,9,37,49,69,81,78.00000000000085,15,78.00000000000176,334.7769169807434,2
869,graficon38nodi/grafo5949.38,9,38,50,66,78,74.99999981425802,4,74.99999981425808,12.961172342300415,2
870,graficon29nodi/grafo2639.29,9,29,43,67,81,88.99999995499999,7,89.0000000133333,92.03789567947388,2
871,graficon38nodi/grafo11575.38,9,38,46,66,74,49.000000000000185,13,49.000000000000185,135.320796251297,2
872,graficon38nodi/grafo3321.38,9,38,53,66,81,89.00000000000004,19,89.0000000000001,283.0780644416809,2
873,graficon31nodi/grafo1429.31,9,31,45,65,79,74.99999800479685,16,75.00000298720484,490.46741461753845,2
874,graficon38nodi/grafo4013.38,9,38,49,67,78,53.0,10,53.0,24.708747148513794,2
875,graficon28nodi/grafo1339.28,9,28,41,67,80,82.0,18,82.00000000000003,600.4493618011475,9
876,graficon35nodi/grafo2020.35,9,35,43,68,76,34.0,1,34.0,1.3488144874572754,2
877,graficon40nodi/grafo7409.40,9,40,48,65,73,46.000000000000014,6,46.0,12.09886622428894,2
878,graficon42nodi/grafo6141.42,9,42,53,68,79,63.99999999999989,15,63.99999999999976,113.60726881027222,2
879,graficon38nodi/grafo3932.38,9,38,48,69,79,52.00000000000013,6,52.00000000000019,65.21377849578857,2
880,graficon38nodi/grafo2986.38,9,38,50,67,79,72.00000000000097,20,72.00000000000172,600.4083933830261,9
881,graficon42nodi/grafo5771.42,9,42,51,68,77,49.999999999999986,5,50.0,30.342018842697144,2
882,graficon45nodi/grafo7734.45,9,45,55,68,78,62.000000000000036,14,62.00000000000008,166.9513554573059,2
883,graficon42nodi/grafo3094.42,9,42,49,69,76,48.00000000000011,2,48.00000000000022,12.37883734703064,2
884,graficon38nodi/grafo819.38,9,38,49,68,79,71.99999999999994,15,72.0,165.45050263404846,2
885,graficon39nodi/grafo6923.39,9,39,48,67,76,60.0,12,59.999999999999986,600.4166457653046,9
886,graficon33nodi/grafo10400.33,9,33,38,68,73,27.99999999999993,1,27.999999999999964,0.2686781883239746,2
887,graficon36nodi/grafo11346.36,9,36,49,69,82,60.00000000000003,14,60.00000000000005,143.47167086601257,2
888,graficon39nodi/grafo11565.39,9,39,45,65,71,31.00000000000029,4,31.00000000000059,4.913335800170898,2
889,graficon50nodi/grafo1494.50,9,50,57,68,75,61.99999999999999,10,62.0,46.33349108695984,2
890,graficon38nodi/grafo10455.38,9,38,42,67,71,26.0,1,26.0,1.8872804641723633,2
891,graficon38nodi/grafo9852.38,9,38,48,66,76,54.99999800000043,8,54.99999800000088,30.807150840759277,2
892,graficon45nodi/grafo5975.45,9,45,52,66,73,61.99999999999997,6,61.99999999999997,22.149888277053833,2
893,graficon39nodi/grafo4061.39,9,39,47,69,77,45.0000000000001,6,45.00000000000024,39.797067165374756,2
894,graficon40nodi/grafo6955.40,9,40,52,69,81,64.99999966760764,9,65.00000033333154,83.8397147655487,2
895,graficon41nodi/grafo7624.41,9,41,54,69,82,87.99999807692207,13,87.99999903846563,163.5791997909546,2
896,graficon35nodi/grafo6116.35,9,35,43,69,77,38.0,6,38.0,29.65695357322693,2
897,graficon51nodi/grafo1404.51,9,51,70,69,88,123.9999987225298,45,123.99999949607931,600.5217916965485,9
898,graficon36nodi/grafo7553.36,9,36,52,69,85,80.99999905973476,18,81.0000000000003,299.30273151397705,2
899,graficon40nodi/grafo3711.40,9,40,53,68,81,70.0,3,70.0,2.411698341369629,2
900,graficon37nodi/grafo2099.37,9,37,44,69,76,36.99999999999966,0,37.00000000000046,2.094937801361084,2
901,graficon40nodi/grafo3916.40,9,40,51,71,82,69.99999999999997,7,70.00000000000001,26.716490745544434,2
902,graficon39nodi/grafo227.39,9,39,47,72,80,49.000000000000156,4,49.0000000000002,4.843330383300781,2
903,graficon44nodi/grafo7217.44,9,44,53,70,79,61.000000000000156,8,61.00000000000041,36.89169883728027,2
904,graficon35nodi/grafo10277.35,9,35,45,71,81,65.0,9,65.0,64.59582614898682,2
905,graficon37nodi/grafo2678.37,9,37,45,74,82,39.99999999999997,2,39.99999999999997,2.304075241088867,2
906,graficon44nodi/grafo3432.44,9,44,55,72,83,71.00000000000021,10,71.0000000000002,53.41696786880493,2
907,graficon43nodi/grafo7404.43,9,43,55,73,85,68.00000000000033,10,68.00000000000053,72.33565974235535,2
908,graficon47nodi/grafo6168.47,9,47,50,70,73,32.99999999999999,1,33.0,8.086662769317627,2
909,graficon44nodi/grafo5590.44,9,44,49,72,77,31.0,1,31.0,1.9270884990692139,2
910,graficon37nodi/grafo3954.37,9,37,50,70,83,69.00000000000009,14,69.00000000000027,475.1069989204407,2
911,graficon40nodi/grafo490.40,9,40,45,71,76,28.99999999999993,1,28.999999999999964,1.6300206184387207,2
912,graficon38nodi/grafo3708.38,9,38,53,74,89,92.99999999999837,9,93.00000000000236,39.783422231674194,2
913,graficon34nodi/grafo10511.34,9,34,41,71,78,39.99999999999999,3,40.0,0.31908583641052246,2
914,graficon39nodi/grafo11357.39,9,39,48,71,80,48.0,9,48.0,37.203306913375854,2
915,graficon49nodi/grafo6373.49,9,49,56,73,80,55.999999999999986,12,55.999999999999986,114.43076992034912,2
916,graficon41nodi/grafo7372.41,9,41,55,71,85,117.99999900000003,16,117.99999900000067,600.2371845245361,9
917,graficon47nodi/grafo3806.47,9,47,52,71,76,46.00000000000017,3,46.00000000000016,9.151239395141602,2
918,graficon40nodi/grafo7285.40,9,40,56,70,86,101.99998249314352,24,101.99999630504217,600.5748343467712,9
919,graficon36nodi/grafo5124.36,9,36,43,70,77,54.0,4,54.0,1.0311613082885742,2
920,graficon38nodi/grafo3457.38,9,38,43,70,75,28.0,1,28.0,0.17042136192321777,2
921,graficon40nodi/grafo3539.40,9,40,57,72,89,86.99999999999987,23,87.00000000000013,600.2855989933014,9
922,graficon39nodi/grafo3391.39,9,39,61,71,93,123.0,42,123.0,600.3326499462128,9
923,graficon38nodi/grafo6480.38,9,38,50,70,82,67.0,13,67.0,128.75145196914673,2
924,graficon42nodi/grafo3820.42,9,42,52,70,80,51.0,6,50.99999999999999,21.00404119491577,2
925,graficon40nodi/grafo11283.40,9,40,52,74,86,64.99999995641194,12,65.00000000000063,155.66765928268433,2
926,graficon48nodi/grafo1535.48,9,48,53,72,77,31.000000000000036,1,31.000000000000256,14.917330026626587,2
927,graficon44nodi/grafo11640.44,9,44,59,73,88,79.00000000000011,18,79.00000000000026,266.2185845375061,2
928,graficon30nodi/grafo1810.30,9,30,40,73,83,41.0000000000003,4,41.000000000000945,5.222700834274292,2
929,graficon38nodi/grafo10767.38,9,38,50,72,84,79.00000000000003,8,79.00000000000034,41.055006980895996,2
930,graficon39nodi/grafo10062.39,9,39,44,74,79,33.00000000000001,6,33.00000000000337,5.928380250930786,2
931,graficon42nodi/grafo6171.42,9,42,59,73,90,89.9999999999981,21,90.0000000000001,600.3630528450012,9
932,graficon41nodi/grafo7074.41,9,41,50,72,81,46.99999999999977,1,47.00000000000017,14.299611806869507,2
933,graficon42nodi/grafo6304.42,9,42,55,73,86,97.0,15,97.0,279.56415581703186,2
934,graficon43nodi/grafo3801.43,9,43,52,70,79,50.000000000000036,6,50.00000000000006,27.677424907684326,2
935,graficon40nodi/grafo3538.40,9,40,46,72,78,45.00000000000003,3,45.000000000000156,3.3403615951538086,2
936,graficon38nodi/grafo10567.38,9,38,47,74,83,60.99999999999943,10,61.000000000000625,52.29792404174805,2
937,graficon37nodi/grafo3445.37,9,37,46,73,82,35.0,8,35.0,21.735831260681152,2
938,graficon37nodi/grafo11122.37,9,37,44,74,81,37.99999999999999,8,38.00000000000001,92.72669386863708,2
939,graficon35nodi/grafo3499.35,9,35,47,70,82,61.99999999999804,10,62.00000000000078,23.67311978340149,2
940,graficon42nodi/grafo7296.42,9,42,56,73,87,74.0,13,74.00000000000004,106.35676455497742,2
941,graficon38nodi/grafo10027.38,9,38,50,74,86,68.0,10,68.0,47.79187560081482,2
942,graficon40nodi/grafo6207.40,9,40,52,72,84,57.99999716666678,13,58.00000000000012,461.29869627952576,2
943,graficon35nodi/grafo3006.35,9,35,44,70,79,45.00000000000034,3,45.00000000000049,3.960024356842041,2
944,graficon56nodi/grafo5979.56,9,56,69,72,85,116.00000000000003,25,116.0,601.2318758964539,9
945,graficon39nodi/grafo7283.39,9,39,50,74,85,62.99999543332819,13,63.000000927001715,103.86042737960815,2
946,graficon40nodi/grafo3229.40,9,40,48,74,82,47.000000000000284,3,47.00000000000041,3.863419532775879,2
947,graficon37nodi/grafo2528.37,9,37,50,70,83,64.00000000000011,7,64.00000000000047,162.3025827407837,2
948,graficon40nodi/grafo2963.40,9,40,49,70,79,65.99999999999972,8,65.99999999999982,18.93853187561035,2
949,graficon37nodi/grafo11238.37,9,37,47,70,80,54.9999999999989,6,54.99999999999966,14.202661275863647,2
950,graficon34nodi/grafo5693.34,9,34,46,73,85,52.00000000000013,6,52.00000000000016,28.519644737243652,2
951,graficon45nodi/grafo5623.45,9,45,55,74,84,76.00000000000038,2,76.00000000000038,15.015763521194458,2
952,graficon38nodi/grafo1157.38,9,38,48,73,83,46.000000000000014,6,46.00000000000003,12.364538431167603,2
953,graficon36nodi/grafo9862.36,9,36,51,74,89,61.0,11,61.0,107.34152102470398,2
954,graficon39nodi/grafo10505.39,9,39,52,70,83,74.00000000000011,13,74.00000000000045,96.20790266990662,2
955,graficon34nodi/grafo9934.34,9,34,40,73,79,23.0,0,23.0,0.08376288414001465,2
956,graficon42nodi/grafo7692.42,9,42,54,74,86,50.0,10,50.0,25.200095653533936,2
957,graficon41nodi/grafo7635.41,9,41,53,71,83,83.99999329166666,24,83.99999616666813,600.6419229507446,9
958,graficon39nodi/grafo3849.39,9,39,50,71,82,76.00000000000037,10,76.00000000000033,156.56294012069702,2
959,graficon40nodi/grafo3287.40,9,40,52,71,83,63.00000000000021,12,63.000000000000256,165.0107090473175,2
960,graficon56nodi/grafo7164.56,9,56,68,70,82,70.99999999999999,10,70.99999999999999,61.64910268783569,2
961,graficon43nodi/grafo7403.43,9,43,57,70,84,84.00000000000043,26,84.0000000000006,600.2758519649506,9
962,graficon39nodi/grafo6476.39,9,39,50,73,84,47.0,15,46.99999999999995,145.04710960388184,2
963,graficon41nodi/grafo5344.41,9,41,52,73,84,53.99999999999996,9,53.999999999999986,24.21249771118164,2
964,graficon35nodi/grafo7560.35,9,35,45,72,82,47.0,6,47.0,17.033534288406372,2
965,graficon39nodi/grafo11552.39,9,39,47,71,79,60.00000000000027,4,60.00000000000034,7.317601919174194,2
966,graficon42nodi/grafo3865.42,9,42,56,73,87,62.000000000000234,18,62.00000000000046,507.4483206272125,2
967,graficon46nodi/grafo1581.46,9,46,52,71,77,41.00000000000037,2,41.00000000000078,4.526427984237671,2
968,graficon38nodi/grafo7187.38,9,38,52,74,88,103.00000000000017,21,103.0000000000003,600.313723564148,9
969,graficon57nodi/grafo5041.57,9,57,63,74,80,65.99999524999998,4,65.99999524999998,77.90092658996582,2
970,graficon37nodi/grafo7512.37,9,37,45,71,79,58.99999999999999,2,59.00000000000007,3.734041452407837,2
971,graficon39nodi/grafo7479.39,9,39,53,70,84,90.99999999999987,15,91.0,600.9815037250519,9
972,graficon46nodi/grafo5905.46,9,46,56,74,84,68.99999999999999,8,69.0,62.74504518508911,2
973,graficon40nodi/grafo3387.40,9,40,53,74,87,72.99998774251318,16,73.00000416520132,600.6929421424866,9
974,graficon38nodi/grafo3915.38,9,38,44,71,77,45.99999999999999,2,46.0,12.311151266098022,2
975,graficon37nodi/grafo11479.37,9,37,44,73,80,37.0,7,37.0,21.68437671661377,2
976,graficon36nodi/grafo2504.36,9,36,49,76,89,66.0000000000001,10,66.00000000000014,55.61924338340759,2
977,graficon30nodi/grafo3011.30,9,30,41,76,87,60.0000000000005,4,60.00000000000077,5.142400741577148,2
978,graficon39nodi/grafo2310.39,9,39,59,77,97,113.0000000000004,25,113.000000000001,600.1512453556061,9
979,graficon40nodi/grafo365.40,9,40,47,76,83,43.00000000000013,4,43.00000000000011,5.397317886352539,2
980,graficon41nodi/grafo5534.41,9,41,49,77,85,41.999999999998636,5,41.99999999999953,30.048303604125977,2
981,graficon36nodi/grafo5632.36,9,36,43,76,83,35.99999966851671,6,36.0000013333334,15.130653142929077,2
982,graficon42nodi/grafo3895.42,9,42,55,79,92,84.99999893402111,26,85.00000026649906,600.217059135437,9
983,graficon40nodi/grafo7534.40,9,40,54,76,90,102.99997815143404,18,102.9999914500064,472.6147840023041,2
984,graficon38nodi/grafo11163.38,9,38,50,77,89,76.0,16,76.00000000000047,65.84802007675171,2
985,graficon36nodi/grafo5700.36,9,36,49,78,91,70.99999713663193,13,70.9999980909109,309.3099875450134,2
986,graficon41nodi/grafo7150.41,9,41,52,75,86,50.99999999999979,9,51.000000000000426,15.910297632217407,2
987,graficon38nodi/grafo9909.38,9,38,48,77,87,60.99999974999999,9,60.9999995,79.07249093055725,2
988,graficon41nodi/grafo6152.41,9,41,56,75,90,73.0,14,73.0,98.35106897354126,2
989,graficon44nodi/grafo3924.44,9,44,53,75,84,50.00000000000021,9,50.00000000000028,134.4766743183136,2
990,graficon38nodi/grafo5880.38,9,38,52,76,90,82.00000000000001,12,82.00000000000001,147.8791468143463,2
991,graficon31nodi/grafo1257.31,9,31,50,76,95,114.00000000000188,26,114.00000000000334,600.1067273616791,9
992,graficon40nodi/grafo9929.40,9,40,56,77,93,78.0,22,78.0,600.5381295681,9
993,graficon43nodi/grafo7444.43,9,43,55,77,89,70.00000000000088,18,70.0000000000011,600.5177030563354,9
994,graficon33nodi/grafo1975.33,9,33,46,77,90,56.0,10,56.0,56.828309297561646,2
995,graficon44nodi/grafo5982.44,9,44,57,79,92,77.99999983333277,14,77.99999999999977,499.29175186157227,2
996,graficon49nodi/grafo1353.49,9,49,54,76,81,47.00000000000004,3,47.00000000000013,63.09962201118469,2
997,graficon36nodi/grafo3379.36,9,36,44,75,83,44.00000000000007,1,44.00000000000024,1.6234025955200195,2
998,graficon37nodi/grafo5904.37,9,37,50,77,90,58.0,12,57.99999999999999,188.62341284751892,2
999,graficon37nodi/grafo3837.37,9,37,52,75,90,108.99999999999999,15,108.99999999999999,406.0954692363739,2
1000,graficon42nodi/grafo6032.42,9,42,51,76,85,47.0,5,47.00000000000001,132.55570816993713,2
1001,graficon40nodi/grafo7544.40,9,40,53,75,88,90.00000000000023,4,90.0000000000004,9.50373387336731,2
1002,graficon38nodi/grafo7305.38,9,38,53,76,91,83.99999904761918,20,84.0000000000001,600.4510519504547,9
1003,graficon48nodi/grafo7046.48,9,48,54,76,82,55.00000000000033,2,55.00000000000042,5.563918352127075,2
1004,graficon47nodi/grafo3232.47,9,47,55,77,85,45.00000000000013,4,45.00000000000021,3.5814616680145264,2
1005,graficon40nodi/grafo3885.40,9,40,51,75,86,59.000000000000014,7,59.00000000000003,30.169040203094482,2
1006,graficon43nodi/grafo6858.43,9,43,61,77,95,111.9999999667574,22,112.00000000000078,544.8000185489655,2
1007,graficon43nodi/grafo5298.43,9,43,56,76,89,71.0,13,71.00000000000001,267.0372636318207,2
1008,graficon37nodi/grafo11609.37,9,37,44,77,84,38.0,7,38.0,32.25245451927185,2
1009,graficon43nodi/grafo7047.43,9,43,55,76,88,57.999999006880735,10,58.00000000000023,163.7360644340515,2
1010,graficon46nodi/grafo1484.46,9,46,57,78,89,89.00000000000003,13,89.0000000000002,600.5102474689484,9
1011,graficon37nodi/grafo5641.37,9,37,44,79,86,58.999999999999716,1,58.999999999999716,10.462172508239746,2
1012,graficon47nodi/grafo7547.47,9,47,59,77,89,65.00000000000007,12,65.00000000000017,314.9210283756256,2
1013,graficon40nodi/grafo10494.40,9,40,50,78,88,55.000000000000014,7,55.000000000000036,42.903235912323,2
1014,graficon37nodi/grafo2713.37,9,37,48,76,87,64.00000000000001,16,64.0,363.7092523574829,2
1015,graficon39nodi/grafo6248.39,9,39,50,79,90,70.00000000000047,7,70.00000000000054,165.99847531318665,2
1016,graficon38nodi/grafo5903.38,9,38,48,77,87,60.00000000000001,9,60.0,15.944729089736938,2
1017,graficon43nodi/grafo6296.43,9,43,59,79,95,120.99999904406744,30,121.00000000000111,600.2934737205505,9
1018,graficon41nodi/grafo6951.41,9,41,54,76,89,77.9999883162525,15,78.00000342359277,338.889803647995,2
1019,graficon39nodi/grafo10733.39,9,39,53,79,93,80.00000000000044,9,80.00000000000085,144.32769322395325,2
1020,graficon41nodi/grafo7056.41,9,41,51,76,86,56.00000000000138,3,56.00000000000138,6.827867031097412,2
1021,graficon46nodi/grafo3380.46,9,46,56,75,85,55.99999999999999,8,56.0,28.87233567237854,2
1022,graficon41nodi/grafo3534.41,9,41,49,77,85,60.00000000000022,7,60.00000000000047,274.39819860458374,2
1023,graficon39nodi/grafo3617.39,9,39,48,77,86,47.00000000000014,2,47.0000000000002,4.769233465194702,2
1024,graficon38nodi/grafo11024.38,9,38,45,75,82,38.9999999999994,4,39.0,3.9598653316497803,2
1025,graficon49nodi/grafo1408.49,9,49,59,77,87,63.000000000000014,0,63.0,3.1701953411102295,2
1026,graficon46nodi/grafo7234.46,9,46,63,78,95,116.99999969230741,31,116.99999969230747,600.320743560791,9
1027,graficon45nodi/grafo3840.45,9,45,59,79,93,106.0,22,106.00000000000003,600.3257265090942,9
1028,graficon43nodi/grafo5371.43,9,43,57,79,93,60.00000000000022,12,60.00000000000067,137.42663860321045,2
1029,graficon38nodi/grafo3671.38,9,38,47,75,84,34.99999998546596,6,35.00000142482604,30.42135214805603,2
1030,graficon38nodi/grafo9893.38,9,38,49,76,87,49.0,7,49.000000000000014,15.208748579025269,2
1031,graficon35nodi/grafo4037.35,9,35,40,78,83,31.000000000000114,3,31.000000000000142,11.749297380447388,2
1032,graficon36nodi/grafo5155.36,9,36,47,79,90,72.99999999999997,8,73.0,65.76249122619629,2
1033,graficon42nodi/grafo7486.42,9,42,57,79,94,84.0,19,84.0,600.5985062122345,9
1034,graficon49nodi/grafo3418.49,9,49,63,79,93,69.99999151050628,14,69.9999999966692,600.1155302524567,9
1035,graficon38nodi/grafo9981.38,9,38,45,78,85,29.0,1,29.0,0.42176342010498047,2
1036,graficon27nodi/grafo2050.27,9,27,36,76,85,35.0,1,35.0,0.09864068031311035,2
1037,graficon29nodi/grafo2072.29,9,29,43,78,92,65.0,7,65.0,14.993566751480103,2
1038,graficon45nodi/grafo1836.45,9,45,58,77,90,92.00000000000001,18,92.0,600.3692443370819,9
1039,graficon34nodi/grafo3921.34,9,34,46,77,89,62.0,7,62.0,29.065720796585083,2
1040,graficon55nodi/grafo6415.55,9,55,59,76,80,33.00000000000002,2,33.00000000000003,8.756801843643188,2
1041,graficon41nodi/grafo6191.41,9,41,52,78,89,75.00000000000001,12,75.00000000000013,250.96025776863098,2
1042,graficon46nodi/grafo1406.46,9,46,56,79,89,69.0,4,69.0,7.475830078125,2
1043,graficon45nodi/grafo5925.45,9,45,56,79,90,74.99999925265384,16,74.99999999240174,305.73502230644226,2
1044,graficon35nodi/grafo3996.35,9,35,47,78,90,61.99999999999988,15,62.00000000000015,71.3198630809784,2
1045,graficon46nodi/grafo6678.46,9,46,55,77,86,55.99999999999999,2,56.000000000000085,4.7927985191345215,2
1046,graficon43nodi/grafo3573.43,9,43,58,79,94,83.99997937261293,18,84.0000018728457,403.4823989868164,2
1047,graficon40nodi/grafo6972.40,9,40,51,77,88,54.0,7,54.0,36.90676975250244,2
1048,graficon51nodi/grafo3958.51,9,51,62,77,88,81.00000000000001,19,81.00000000000003,600.6916830539703,9
1049,graficon39nodi/grafo10192.39,9,39,48,78,87,39.999999999999496,7,39.999999999999496,26.004265785217285,2
1050,graficon45nodi/grafo6007.45,9,45,58,79,92,82.99999916666661,15,82.99999933333335,417.7207181453705,2
1051,graficon37nodi/grafo11553.37,9,37,49,83,95,39.99999999999996,4,39.999999999999986,2.778618812561035,2
1052,graficon44nodi/grafo7454.44,9,44,56,84,96,81.99999696874816,13,82.00000512500195,600.2625863552094,9
1053,graficon40nodi/grafo5453.40,9,40,57,83,100,84.99999900859855,22,85.00000099140186,600.8351399898529,9
1054,graficon43nodi/grafo6144.43,9,43,56,80,93,93.99999999999999,10,94.00000000000001,49.96819233894348,2
1055,graficon38nodi/grafo5499.38,9,38,48,81,91,46.99999999999989,3,47.00000000000024,4.4431023597717285,2
1056,graficon41nodi/grafo6973.41,9,41,58,84,101,105.00000000000054,19,105.00000000000068,600.5371651649475,9
1057,graficon39nodi/grafo10037.39,9,39,50,80,91,56.000000000000014,10,56.000000000000036,33.891175270080566,2
1058,graficon36nodi/grafo11554.36,9,36,50,82,96,96.99999999999999,25,97.0,600.2729022502899,9
1059,graficon60nodi/grafo5751.60,9,60,75,84,99,164.00000000000074,25,164.00000000000105,600.3278348445892,9
1060,graficon42nodi/grafo5241.42,9,42,55,83,96,73.0,13,73.0,600.7985234260559,9
1061,graficon46nodi/grafo6628.46,9,46,63,83,100,127.0000000000005,31,127.00000000000065,600.25159907341,9
1062,graficon39nodi/grafo9924.39,9,39,52,84,97,71.0,14,71.00000000000001,600.3705883026123,9
1063,graficon46nodi/grafo3661.46,9,46,56,83,93,58.999999999998394,7,58.999999999999126,73.28064489364624,2
1064,graficon38nodi/grafo7549.38,9,38,50,82,94,59.99999267409538,14,59.99999908333369,600.3934650421143,9
1065,graficon39nodi/grafo11532.39,9,39,51,81,93,54.0000000000006,4,54.00000000000108,8.776152849197388,2
1066,graficon47nodi/grafo1536.47,9,47,52,80,85,38.99999999999997,0,38.999999999999986,1.6899991035461426,2
1067,graficon38nodi/grafo4110.38,9,38,52,84,98,91.0000000000019,16,91.00000000000222,433.3261818885803,2
1068,graficon41nodi/grafo6857.41,9,41,54,83,96,57.0,7,57.0,8.551244974136353,2
1069,graficon34nodi/grafo6118.34,9,34,42,82,90,54.99999999999993,1,54.99999999999993,0.502544641494751,2
1070,graficon39nodi/grafo10014.39,9,39,52,83,96,66.0,12,66.00000000000001,200.76141905784607,2
1071,graficon43nodi/grafo7598.43,9,43,57,82,96,84.0,14,84.0,173.0755853652954,2
1072,graficon39nodi/grafo3329.39,9,39,50,80,91,57.999999999999986,9,58.0,48.55340838432312,2
1073,graficon43nodi/grafo1506.43,9,43,50,82,89,47.99999999999967,4,48.00000000000413,42.751110792160034,2
1074,graficon42nodi/grafo5595.42,9,42,56,80,94,78.00000000000001,14,78.00000000000004,106.52376246452332,2
1075,graficon41nodi/grafo2235.41,9,41,58,83,100,88.00000000000041,18,88.00000000000064,600.4231057167053,9
1076,graficon37nodi/grafo5408.37,9,37,57,84,104,116.99999606249835,34,117.00000087500196,600.2266047000885,9
1077,graficon56nodi/grafo7757.56,9,56,64,80,88,63.99999975325,12,64.00000025,416.9140589237213,2
1078,graficon43nodi/grafo7465.43,9,43,60,80,97,104.0,21,104.00000000000003,600.8717792034149,9
1079,graficon42nodi/grafo5984.42,9,42,53,80,91,61.0,7,61.0,16.473238229751587,2
1080,graficon49nodi/grafo2124.49,9,49,64,82,97,86.0,13,86.0,600.1012418270111,9
1081,graficon39nodi/grafo3939.39,9,39,50,83,94,57.00000000000023,12,57.000000000000284,226.5862467288971,2
1082,graficon41nodi/grafo6441.41,9,41,54,82,95,73.0,13,73.00000000000001,81.23388314247131,2
1083,graficon56nodi/grafo4306.56,9,56,63,84,91,52.000000000000185,2,52.00000000000041,36.946213722229004,2
1084,graficon43nodi/grafo5339.43,9,43,54,81,92,54.00000000000027,9,54.00000000000034,78.58070421218872,2
1085,graficon36nodi/grafo3413.36,9,36,53,83,100,124.00000000000014,19,124.00000000000037,600.2695398330688,9
1086,graficon40nodi/grafo7766.40,9,40,50,80,90,47.0,13,47.0,202.36993503570557,2
1087,graficon41nodi/grafo3444.41,9,41,53,82,94,65.99999999999999,15,66.00000000000013,174.2691090106964,2
1088,graficon55nodi/grafo6789.55,9,55,60,81,86,57.00000000000008,4,56.99999999999975,6.358694076538086,2
1089,graficon32nodi/grafo1421.32,9,32,45,80,93,66.99999778645847,6,67.00000266291892,45.79864192008972,2
1090,graficon36nodi/grafo5865.36,9,36,44,83,91,36.000000000000014,2,36.000000000000014,2.9977619647979736,2
1091,graficon42nodi/grafo3326.42,9,42,60,82,100,102.00000000000023,36,102.00000000000036,600.2940084934235,9
1092,graficon43nodi/grafo3360.43,9,43,56,83,96,85.00000000000041,12,85.0000000000006,600.4248275756836,9
1093,graficon44nodi/grafo5765.44,9,44,59,84,99,98.00000000000078,15,98.00000000000256,557.7197291851044,2
1094,graficon38nodi/grafo10031.38,9,38,49,84,95,54.0,6,54.0,15.829251527786255,2
1095,graficon46nodi/grafo5873.46,9,46,57,83,94,61.00000000000004,7,61.00000000000016,270.7138891220093,2
1096,graficon43nodi/grafo5486.43,9,43,54,81,92,72.99999900039813,16,73.00000000000429,330.25393056869507,2
1097,graficon40nodi/grafo6472.40,9,40,57,84,101,104.00000000000014,26,104.00000000000028,600.3828189373016,9
1098,graficon47nodi/grafo6781.47,9,47,66,82,101,95.00000000000074,21,95.00000000000111,600.3428046703339,9
1099,graficon36nodi/grafo3953.36,9,36,48,83,95,61.000000000000085,3,61.000000000000156,5.545846939086914,2
1100,graficon43nodi/grafo5760.43,9,43,55,84,96,74.00000000000057,9,74.00000000000088,43.37959575653076,2
1101,graficon26nodi/grafo914.26,9,26,42,83,99,95.99999749537491,27,95.99999950333766,600.2763702869415,9
1102,graficon38nodi/grafo7227.38,9,38,54,80,96,104.99999950000046,18,105.00000000000475,600.486799955368,9
1103,graficon40nodi/grafo7652.40,9,40,55,80,95,63.000000000000306,16,63.00000000000054,167.5816650390625,2
1104,graficon37nodi/grafo11359.37,9,37,47,83,93,61.0,7,61.0,20.049761533737183,2
1105,graficon42nodi/grafo1092.42,9,42,53,81,92,62.00000000000118,9,62.00000000000129,199.331063747406,2
1106,graficon39nodi/grafo10835.39,9,39,45,82,88,30.000000000000114,3,30.000000000000206,6.555145502090454,2
1107,graficon40nodi/grafo7432.40,9,40,47,80,87,40.000000000000284,4,40.000000000000455,3.9501829147338867,2
1108,graficon45nodi/grafo7099.45,9,45,56,84,95,67.00000000000031,14,67.00000000000139,600.2479856014252,9
1109,graficon44nodi/grafo7381.44,9,44,65,81,102,152.9999885478938,45,153.0000009612144,600.2745673656464,9
1110,graficon42nodi/grafo7049.42,9,42,54,81,93,80.00000000000003,14,80.00000000000003,199.57878279685974,2
1111,graficon40nodi/grafo7542.40,9,40,51,81,92,47.9999999999982,10,47.99999999999921,17.417959928512573,2
1112,graficon42nodi/grafo6058.42,9,42,54,81,93,59.9999999999999,10,59.9999999999999,18.95233464241028,2
1113,graficon40nodi/grafo3753.40,9,40,53,81,94,72.99999203563891,19,72.99999853638126,600.3372476100922,9
1114,graficon48nodi/grafo6376.48,9,48,61,81,94,76.00000000000004,16,76.00000000000003,315.6282455921173,2
1115,graficon42nodi/grafo7146.42,9,42,54,82,94,80.00000000000051,4,80.00000000000128,21.512253999710083,2
1116,graficon39nodi/grafo3944.39,9,39,54,84,99,82.00000000000001,10,82.00000000000001,52.491329193115234,2
1117,graficon41nodi/grafo7373.41,9,41,58,80,97,134.0000000000003,39,134.00000000000034,600.3347778320312,9
1118,graficon19nodi/grafo2375.19,9,19,35,80,96,92.0,16,92.0,34.145254611968994,2
1119,graficon41nodi/grafo5234.41,9,41,51,83,93,47.00000000000024,4,47.00000000000044,5.622596025466919,2
1120,graficon55nodi/grafo3570.55,9,55,66,83,94,69.0000000000002,13,69.00000000000162,288.2602937221527,2
1121,graficon49nodi/grafo3626.49,9,49,61,81,93,91.99999659754107,21,92.00000000666928,600.2612001895905,9
1122,graficon47nodi/grafo6600.47,9,47,68,84,105,131.00000000000034,36,131.0000000000008,600.370306968689,9
1123,graficon39nodi/grafo3793.39,9,39,53,81,95,77.99999976818113,14,77.99999984454588,600.4760286808014,9
1124,graficon41nodi/grafo7007.41,9,41,55,84,98,82.00000000000065,21,82.00000000000111,600.2936971187592,9
1125,graficon39nodi/grafo5742.39,9,39,56,83,100,122.9999944999927,18,122.9999960000039,530.6854727268219,2
